DatetimeNYC,Temperature,ApparentTemperature,Humidity,WindSpeed,WindBearing,Visibility,LoudCover,Pressure
2016-01-01 00:00:00,-0.6500000000000009,-4.272222222222222,0.96,10.770900000000001,113.0,2.9463000000000004,0.0,1033.81
2016-01-01 01:00:00,-1.416666666666667,-5.544444444444445,0.92,12.203800000000001,129.0,3.1234,0.0,1033.02
2016-01-01 02:00:00,-2.177777777777779,-6.155555555555555,0.93,10.948,150.0,2.4633000000000003,0.0,1032.89
2016-01-01 03:00:00,-2.155555555555555,-6.155555555555555,0.96,11.0607,159.0,2.9302,0.0,1032.56
2016-01-01 04:00:00,-1.4611111111111106,-5.155555555555556,0.92,10.432800000000002,166.0,3.6547,0.0,1031.63
2016-01-01 05:00:00,-1.2055555555555566,-5.622222222222224,0.93,13.7172,150.0,2.9624,0.0,1030.43
2016-01-01 06:00:00,-2.1722222222222225,-6.505555555555556,0.96,12.397,169.0,2.9785000000000004,0.0,1029.65
2016-01-01 07:00:00,0.016666666666667298,-3.7777777777777777,0.92,12.0911,175.0,3.6708,0.0,1029.2
2016-01-01 08:00:00,1.0888888888888895,-3.166666666666666,0.93,15.616999999999999,188.0,4.395300000000001,0.0,1028.32
2016-01-01 09:00:00,2.7611111111111106,-1.1000000000000003,0.89,15.633100000000002,170.0,5.9731000000000005,0.0,1027.6
2016-01-01 10:00:00,4.766666666666666,0.36111111111111033,0.82,23.8119,190.0,6.4078,0.0,1027.02
2016-01-01 11:00:00,5.094444444444445,1.6000000000000014,0.86,16.9694,190.0,8.05,0.0,1025.62
2016-01-01 12:00:00,7.200000000000001,4.405555555555555,0.8,15.504300000000002,190.0,11.125100000000002,0.0,1024.44
2016-01-01 13:00:00,7.688888888888891,4.672222222222221,0.76,18.2252,198.0,10.5938,0.0,1023.35
2016-01-01 14:00:00,7.755555555555556,5.1,0.83,15.456,198.0,11.125100000000002,0.0,1022.53
2016-01-01 15:00:00,7.733333333333334,5.472222222222223,0.76,12.6707,188.0,11.125100000000002,0.0,1022.13
2016-01-01 16:00:00,7.461111111111112,4.61111111111111,0.77,16.4059,198.0,10.8836,0.0,1021.86
2016-01-01 17:00:00,7.172222222222221,3.8444444444444454,0.8,19.8352,198.0,11.0446,0.0,1021.04
2016-01-01 18:00:00,7.127777777777776,4.33888888888889,0.93,15.391600000000002,199.0,11.0446,0.0,1020.35
2016-01-01 19:00:00,6.022222222222224,2.766666666666665,0.93,16.856700000000004,199.0,10.5294,0.0,1020.02
2016-01-01 20:00:00,6.1388888888888875,4.166666666666667,0.93,9.3541,211.0,11.0446,0.0,1019.79
2016-01-01 21:00:00,5.650000000000001,1.9166666666666683,0.96,19.8835,200.0,9.8049,0.0,1019.69
2016-01-01 22:00:00,5.7055555555555575,3.316666666666666,0.96,10.9641,212.0,9.4829,0.0,1019.93
2016-01-01 23:00:00,5.761111111111109,2.9611111111111104,0.99,13.363000000000001,183.0,7.969500000000001,0.0,1019.74
2016-01-02 00:00:00,6.805555555555555,4.583333333333333,0.95,11.3183,276.0,6.1985,0.0,1020.08
2016-01-02 01:00:00,3.1333333333333337,-1.0277777777777786,0.87,18.193,334.0,14.4739,0.0,1017.56
2016-01-02 02:00:00,6.716666666666669,3.5999999999999983,0.82,17.066,280.0,10.0464,0.0,1020.36
2016-01-02 03:00:00,5.627777777777779,3.2166666666666663,0.88,11.012400000000001,239.0,9.982000000000001,0.0,1019.28
2016-01-02 04:00:00,5.083333333333332,2.616666666666667,0.89,10.770900000000001,239.0,9.6278,0.0,1019.75
2016-01-02 05:00:00,2.9888888888888903,0.40555555555555384,0.95,9.450700000000001,233.0,11.2056,0.0,1019.17
2016-01-02 06:00:00,2.983333333333332,2.983333333333332,0.99,3.6708,193.0,11.2056,0.0,1018.58
2016-01-02 07:00:00,2.5722222222222237,1.3499999999999999,0.98,4.9749,238.0,10.4972,0.0,1018.8
2016-01-02 08:00:00,2.383333333333333,2.383333333333333,0.99,3.3649,178.0,8.1305,0.0,1019.2
2016-01-02 09:00:00,2.383333333333333,-0.6777777777777771,0.99,10.980200000000002,239.0,2.3023000000000002,0.0,1018.47
2016-01-02 10:00:00,3.0944444444444446,3.0944444444444446,0.98,2.9463000000000004,289.0,7.550900000000001,0.0,1018.34
2016-01-02 11:00:00,3.9833333333333343,3.9833333333333343,0.99,4.717300000000001,235.0,7.212800000000001,0.0,1018.16
2016-01-02 12:00:00,4.005555555555556,4.005555555555556,0.99,4.524100000000001,8.0,11.2056,0.0,1017.78
2016-01-02 13:00:00,4.066666666666666,4.066666666666666,0.99,4.4758,347.0,10.4972,0.0,1016.4
2016-01-02 14:00:00,3.9333333333333322,2.000000000000001,0.92,7.615300000000001,10.0,11.2056,0.0,1015.74
2016-01-02 15:00:00,2.894444444444445,0.3833333333333321,0.89,9.080400000000001,328.0,9.982000000000001,0.0,1015.65
2016-01-02 16:00:00,2.5277777777777763,0.23333333333333428,0.87,8.033900000000001,343.0,10.143,0.0,1016.05
2016-01-02 17:00:00,1.25,-1.7166666666666666,0.92,9.6439,328.0,11.2056,0.0,1015.29
2016-01-02 18:00:00,2.194444444444446,-1.2388888888888892,0.86,12.5741,330.0,11.2056,0.0,1015.1
2016-01-02 19:00:00,1.3722222222222216,-1.988888888888888,0.91,11.382700000000002,329.0,11.0285,0.0,1015.65
2016-01-02 20:00:00,1.1333333333333329,-3.3333333333333335,0.92,16.9533,320.0,9.982000000000001,0.0,1015.94
2016-01-02 21:00:00,1.1833333333333347,-3.711111111111111,0.92,19.851300000000002,329.0,11.9784,0.0,1016.05
2016-01-02 22:00:00,1.722222222222223,-3.4777777777777787,0.91,23.3289,339.0,14.168000000000003,0.0,1015.83
2016-01-02 23:00:00,1.7333333333333318,-3.8999999999999995,0.95,27.1768,347.0,14.9086,0.0,1016.09
2016-01-03 00:00:00,1.7555555555555538,-2.983333333333334,0.88,19.819100000000002,357.0,15.826300000000002,0.0,1016.27
2016-01-03 01:00:00,0.4500000000000013,0.4500000000000013,0.94,4.4275,295.0,14.9569,0.0,1024.22
2016-01-03 02:00:00,1.7333333333333318,-3.072222222222223,0.85,20.286,328.0,15.826300000000002,0.0,1017.54
2016-01-03 03:00:00,1.1777777777777763,-3.75,0.89,20.076700000000002,328.0,15.826300000000002,0.0,1017.73
2016-01-03 04:00:00,1.7333333333333318,-3.5000000000000004,0.85,23.570400000000003,331.0,14.9569,0.0,1017.88
2016-01-03 05:00:00,2.127777777777777,-2.9499999999999993,0.8,23.200100000000003,338.0,9.982000000000001,0.0,1018.54
2016-01-03 06:00:00,1.1555555555555546,-3.788888888888889,0.85,20.1572,338.0,9.982000000000001,0.0,1019.24
2016-01-03 07:00:00,1.1666666666666674,-3.405555555555555,0.85,17.693900000000003,330.0,9.982000000000001,0.0,1019.76
2016-01-03 08:00:00,1.0833333333333348,-3.872222222222222,0.85,20.125,319.0,9.982000000000001,0.0,1020.62
2016-01-03 09:00:00,1.2277777777777783,-3.7222222222222223,0.85,20.3021,319.0,9.982000000000001,0.0,1021.29
2016-01-03 10:00:00,2.9555555555555557,-1.8611111111111118,0.81,22.974700000000002,320.0,9.982000000000001,0.0,1021.69
2016-01-03 11:00:00,5.050000000000002,0.56111111111111,0.76,25.325300000000002,328.0,9.982000000000001,0.0,1022.08
2016-01-03 12:00:00,6.161111111111113,1.7388888888888903,0.75,28.1267,329.0,11.2056,0.0,1021.68
2016-01-03 13:00:00,7.094444444444446,3.18888888888889,0.65,25.3736,329.0,11.0285,0.0,1021.53
2016-01-03 14:00:00,7.244444444444444,3.5388888888888874,0.7,23.715300000000003,328.0,11.270000000000001,0.0,1021.48
2016-01-03 15:00:00,6.205555555555557,3.0888888888888903,0.69,16.1322,337.0,11.270000000000001,0.0,1021.97
2016-01-03 16:00:00,5.155555555555556,2.005555555555555,0.75,14.651,317.0,11.0285,0.0,1022.81
2016-01-03 17:00:00,4.972222222222224,0.7944444444444443,0.76,22.2341,309.0,11.2056,0.0,1023.38
2016-01-03 18:00:00,2.894444444444445,-0.8111111111111116,0.82,14.8925,309.0,11.2056,0.0,1023.97
2016-01-03 19:00:00,2.4555555555555566,-0.7388888888888879,0.84,11.656400000000001,294.0,9.982000000000001,0.0,1024.53
2016-01-03 20:00:00,2.2888888888888874,-0.16111111111111065,0.91,8.4525,308.0,9.982000000000001,0.0,1025.04
2016-01-03 21:00:00,2.7777777777777777,-0.29444444444444506,0.85,11.414900000000001,299.0,15.826300000000002,0.0,1025.24
2016-01-03 22:00:00,1.9944444444444462,-1.211111111111111,0.9,11.270000000000001,285.0,14.9569,0.0,1025.45
2016-01-03 23:00:00,0.7388888888888879,0.7388888888888879,0.91,3.703,302.0,15.826300000000002,0.0,1025.54
2016-01-04 00:00:00,0.7388888888888879,0.7388888888888879,0.91,3.7674,265.0,15.826300000000002,0.0,1025.82
2016-01-04 01:00:00,2.7722222222222235,0.33333333333333415,0.88,8.7101,200.0,14.168000000000003,0.0,1019.29
2016-01-04 02:00:00,0.20555555555555413,0.20555555555555413,0.91,3.6869,279.0,15.826300000000002,0.0,1026.01
2016-01-04 03:00:00,-0.3277777777777777,-0.3277777777777777,0.95,3.6386,255.0,15.826300000000002,0.0,1025.72
2016-01-04 04:00:00,0.32777777777777967,0.32777777777777967,0.91,4.4275,259.0,14.9569,0.0,1025.34
2016-01-04 05:00:00,0.11666666666666714,0.11666666666666714,0.91,1.9481000000000002,240.0,9.982000000000001,0.0,1024.9
2016-01-04 06:00:00,0.044444444444443496,0.044444444444443496,0.92,3.059,258.0,9.982000000000001,0.0,1024.4
2016-01-04 07:00:00,-0.8111111111111116,-2.605555555555556,0.92,5.2486,250.0,9.982000000000001,0.0,1024.4
2016-01-04 08:00:00,0.11666666666666714,-1.4833333333333343,0.91,5.0876,232.0,9.982000000000001,0.0,1024.31
2016-01-04 09:00:00,1.161111111111113,-1.3499999999999999,0.85,7.969500000000001,221.0,9.982000000000001,0.0,1024.0
2016-01-04 10:00:00,2.1888888888888878,-0.2055555555555561,0.86,8.1788,199.0,9.982000000000001,0.0,1024.08
2016-01-04 11:00:00,2.894444444444445,0.6666666666666683,0.88,8.033900000000001,199.0,9.982000000000001,0.0,1023.95
2016-01-04 12:00:00,4.05,1.6166666666666647,0.81,9.6761,182.0,9.982000000000001,0.0,1023.42
2016-01-04 13:00:00,4.077777777777779,1.161111111111113,0.81,11.9945,203.0,9.982000000000001,0.0,1022.26
2016-01-04 14:00:00,5.1611111111111105,2.3666666666666654,0.8,12.5741,180.0,9.982000000000001,0.0,1021.64
2016-01-04 15:00:00,5.050000000000002,1.9111111111111099,0.76,14.4739,170.0,9.982000000000001,0.0,0.0
2016-01-04 16:00:00,4.066666666666666,0.7888888888888899,0.82,13.9587,171.0,9.982000000000001,0.0,1020.57
2016-01-04 17:00:00,3.9833333333333343,0.9277777777777787,0.88,12.5741,171.0,9.982000000000001,0.0,1019.93
2016-01-04 18:00:00,3.9611111111111126,0.8833333333333352,0.81,12.6868,170.0,11.2056,0.0,1019.65
2016-01-04 19:00:00,2.9611111111111104,0.6166666666666664,0.88,8.5169,198.0,9.982000000000001,0.0,1019.66
2016-01-04 20:00:00,3.9611111111111126,0.17777777777777792,0.82,17.0177,189.0,9.982000000000001,0.0,1018.83
2016-01-04 21:00:00,3.9611111111111126,0.6111111111111119,0.79,14.2163,190.0,14.9086,0.0,1018.28
2016-01-04 22:00:00,3.383333333333335,-0.044444444444443496,0.84,13.9587,183.0,14.168000000000003,0.0,1018.44
2016-01-04 23:00:00,3.3999999999999986,0.5500000000000012,0.82,10.9641,162.0,14.9086,0.0,1018.16
2016-01-05 00:00:00,2.894444444444445,1.0388888888888874,0.88,6.810300000000001,181.0,14.9086,0.0,1017.87
2016-01-05 01:00:00,3.872222222222222,1.2722222222222217,0.85,10.255700000000001,270.0,14.168000000000003,0.0,1022.25
2016-01-05 02:00:00,2.872222222222223,-0.10555555555555626,0.89,11.0285,210.0,8.1305,0.0,1017.85
2016-01-05 03:00:00,2.938888888888888,1.2666666666666673,0.92,6.295100000000001,187.0,6.3434,0.0,1017.87
2016-01-05 04:00:00,2.8777777777777778,-0.12777777777777802,0.92,11.1895,186.0,6.8425,0.0,1017.62
2016-01-05 05:00:00,2.361111111111111,-0.3499999999999994,0.92,9.499,203.0,6.295100000000001,0.0,1017.58
2016-01-05 06:00:00,2.3388888888888895,-0.3722222222222232,0.99,9.466800000000001,213.0,5.216400000000001,0.0,1017.79
2016-01-05 07:00:00,2.4666666666666655,-0.1222222222222216,0.99,9.0965,202.0,5.5384,0.0,1018.42
2016-01-05 08:00:00,2.3166666666666678,-0.3777777777777776,0.99,9.3863,204.0,4.2987,0.0,1018.41
2016-01-05 09:00:00,2.9666666666666686,0.905555555555557,0.99,7.5187,177.0,4.7495,0.0,1019.08
2016-01-05 10:00:00,5.927777777777779,3.522222222222224,0.87,11.3344,243.0,9.6278,0.0,1019.53
2016-01-05 11:00:00,8.77222222222222,6.500000000000002,0.77,14.3612,251.0,9.982000000000001,0.0,1019.41
2016-01-05 12:00:00,9.844444444444443,7.183333333333334,0.67,20.076700000000002,288.0,11.2056,0.0,1019.23
2016-01-05 13:00:00,9.705555555555556,7.316666666666667,0.68,17.114300000000004,277.0,10.0303,0.0,1019.33
2016-01-05 14:00:00,9.97777777777778,6.9555555555555575,0.66,24.6813,299.0,10.0464,0.0,1019.04
2016-01-05 15:00:00,8.88888888888889,5.838888888888888,0.71,21.5257,279.0,10.0464,0.0,1019.84
2016-01-05 16:00:00,7.838888888888889,5.372222222222224,0.76,14.2163,277.0,10.0303,0.0,1020.63
2016-01-05 17:00:00,7.294444444444445,4.522222222222222,0.79,15.520400000000002,279.0,9.982000000000001,0.0,1020.85
2016-01-05 18:00:00,7.733333333333334,4.516666666666668,0.71,20.1411,280.0,9.982000000000001,0.0,1021.35
2016-01-05 19:00:00,7.122222222222222,4.272222222222221,0.74,15.810200000000002,269.0,9.982000000000001,0.0,1022.06
2016-01-05 20:00:00,7.155555555555556,4.361111111111112,0.73,15.456,298.0,9.982000000000001,0.0,1022.15
2016-01-05 21:00:00,7.155555555555556,4.144444444444445,0.73,17.0982,298.0,15.826300000000002,0.0,1022.36
2016-01-05 22:00:00,5.972222222222222,2.4833333333333325,0.77,18.5794,287.0,14.9569,0.0,1022.73
2016-01-05 23:00:00,3.5888888888888895,0.08888888888888699,0.84,14.6349,280.0,15.826300000000002,0.0,1023.22
2016-01-06 00:00:00,3.0388888888888883,1.3000000000000018,0.84,6.5366,235.0,15.826300000000002,0.0,1023.52
2016-01-06 01:00:00,2.2499999999999982,0.5944444444444446,0.9,5.957000000000001,211.0,5.313,0.0,1024.29
2016-01-06 02:00:00,6.050000000000001,2.688888888888891,0.77,17.71,270.0,14.9086,0.0,1023.23
2016-01-06 03:00:00,6.072222222222222,2.833333333333334,0.76,16.7923,270.0,14.9086,0.0,1023.52
2016-01-06 04:00:00,5.305555555555554,2.8111111111111122,0.81,11.109000000000002,264.0,14.168000000000003,0.0,1023.72
2016-01-06 05:00:00,6.050000000000001,3.1333333333333337,0.79,14.49,270.0,9.982000000000001,0.0,1023.84
2016-01-06 06:00:00,5.027777777777776,2.1722222222222203,0.86,12.783400000000002,271.0,9.982000000000001,0.0,1024.12
2016-01-06 07:00:00,5.027777777777776,2.7888888888888905,0.86,9.6439,251.0,11.0285,0.0,1024.31
2016-01-06 08:00:00,5.1,2.5055555555555546,0.86,11.398800000000001,241.0,9.982000000000001,0.0,0.0
2016-01-06 09:00:00,6.188888888888889,3.788888888888889,0.86,11.543700000000001,269.0,9.982000000000001,0.0,1025.1
2016-01-06 10:00:00,7.394444444444446,5.377777777777777,0.84,10.8192,285.0,9.982000000000001,0.0,1025.37
2016-01-06 11:00:00,10.0,7.788888888888891,0.71,16.1644,280.0,9.982000000000001,0.0,1025.1
2016-01-06 12:00:00,9.955555555555556,7.33888888888889,0.71,19.9801,278.0,10.0464,0.0,1024.82
2016-01-06 13:00:00,10.61111111111111,10.61111111111111,0.68,16.2932,275.0,9.982000000000001,0.0,1024.52
2016-01-06 14:00:00,9.949999999999998,8.311111111111112,0.66,11.7047,250.0,10.0464,0.0,1024.4
2016-01-06 15:00:00,10.0,9.788888888888888,0.71,4.9266000000000005,240.0,10.0464,0.0,1024.7
2016-01-06 16:00:00,8.738888888888887,7.405555555555555,0.78,8.629600000000002,241.0,11.4471,0.0,1024.93
2016-01-06 17:00:00,7.8500000000000005,5.655555555555555,0.83,12.4292,238.0,10.0464,0.0,1024.91
2016-01-06 18:00:00,7.288888888888888,4.53888888888889,0.86,15.375500000000002,229.0,10.0464,0.0,1025.19
2016-01-06 19:00:00,7.127777777777776,4.883333333333333,0.87,11.801300000000001,244.0,10.0303,0.0,1025.3
2016-01-06 20:00:00,7.288888888888888,6.644444444444445,0.86,5.152000000000001,202.0,10.0464,0.0,1025.19
2016-01-06 21:00:00,6.761111111111112,4.57222222222222,0.88,11.0446,220.0,8.1949,0.0,1025.17
2016-01-06 22:00:00,6.566666666666666,4.4555555555555575,0.87,10.448900000000002,183.0,8.4686,0.0,1024.71
2016-01-06 23:00:00,5.555555555555555,4.227777777777778,0.93,6.4722,210.0,8.1305,0.0,1024.87
2016-01-07 00:00:00,3.9055555555555563,3.9055555555555563,0.96,3.5259,190.0,6.118,0.0,1024.85
2016-01-07 01:00:00,2.3666666666666654,0.30555555555555397,0.95,7.1967,206.0,2.5277000000000003,0.0,1023.13
2016-01-07 02:00:00,2.2666666666666657,0.5055555555555536,0.96,6.2468,179.0,3.5581,0.0,1024.26
2016-01-07 03:00:00,1.6888888888888884,-1.427777777777778,0.96,10.6099,189.0,3.1073,0.0,1023.98
2016-01-07 04:00:00,1.683333333333334,-1.3444444444444454,0.92,10.239600000000001,165.0,4.3309,0.0,1023.77
2016-01-07 05:00:00,2.2222222222222223,-1.3944444444444453,0.92,13.5562,199.0,4.4919,0.0,1023.07
2016-01-07 06:00:00,2.8277777777777797,-0.9500000000000005,0.89,15.230600000000003,208.0,4.588500000000001,0.0,1022.76
2016-01-07 07:00:00,2.855555555555556,-0.2055555555555561,0.95,11.4471,190.0,4.9105,0.0,1022.78
2016-01-07 08:00:00,2.8500000000000014,-0.12777777777777802,0.96,11.0446,171.0,5.1359,0.0,1022.73
2016-01-07 09:00:00,3.938888888888891,0.6611111111111099,0.89,13.7977,180.0,6.1985,0.0,1022.62
2016-01-07 10:00:00,5.82222222222222,2.9277777777777794,0.8,14.039200000000001,191.0,6.488300000000001,0.0,1022.39
2016-01-07 11:00:00,7.805555555555554,5.127777777777776,0.76,15.713600000000001,210.0,6.295100000000001,0.0,1022.26
2016-01-07 12:00:00,7.9833333333333325,5.1611111111111105,0.75,17.227,201.0,8.1305,0.0,1021.81
2016-01-07 13:00:00,9.005555555555556,6.433333333333333,0.7,17.243100000000002,230.0,8.420300000000001,0.0,1020.96
2016-01-07 14:00:00,10.116666666666667,10.116666666666667,0.71,13.089300000000001,211.0,11.2056,0.0,1020.86
2016-01-07 15:00:00,9.649999999999999,7.616666666666668,0.76,14.023100000000003,202.0,9.982000000000001,0.0,1020.77
2016-01-07 16:00:00,9.027777777777779,7.683333333333333,0.76,8.935500000000001,241.0,11.0285,0.0,1021.36
2016-01-07 17:00:00,7.333333333333335,6.661111111111112,0.85,5.2486,212.0,9.982000000000001,0.0,1021.69
2016-01-07 18:00:00,4.233333333333332,1.877777777777779,0.91,9.4829,183.0,9.982000000000001,0.0,1022.29
2016-01-07 19:00:00,4.583333333333333,3.277777777777777,0.97,5.9409,234.0,5.152000000000001,0.0,1022.83
2016-01-07 20:00:00,4.100000000000001,2.0833333333333335,0.99,8.033900000000001,250.0,6.295100000000001,0.0,1022.89
2016-01-07 21:00:00,4.01111111111111,1.3055555555555562,0.95,10.8836,242.0,8.1305,0.0,1022.81
2016-01-07 22:00:00,3.6777777777777763,1.8666666666666663,0.95,7.0679,219.0,2.9302,0.0,1022.96
2016-01-07 23:00:00,1.3055555555555562,-2.061111111111112,0.95,11.382700000000002,231.0,4.2987,0.0,1023.11
2016-01-08 00:00:00,1.7944444444444427,-0.2499999999999996,0.95,6.8586,223.0,4.2987,0.0,1023.01
2016-01-08 01:00:00,5.872222222222223,3.2722222222222226,0.93,12.316500000000001,194.0,14.7959,0.0,1019.44
2016-01-08 02:00:00,1.288888888888889,-0.7444444444444444,0.95,6.601,252.0,0.7567,0.0,1022.72
2016-01-08 03:00:00,0.5833333333333317,0.5833333333333317,0.96,3.3488,242.0,1.8354,0.0,1022.8
2016-01-08 04:00:00,1.7000000000000013,1.7000000000000013,0.96,3.8962000000000003,207.0,2.3828,0.0,1022.71
2016-01-08 05:00:00,1.1166666666666656,-1.7166666666666666,0.92,9.080400000000001,162.0,0.9177,0.0,1022.48
2016-01-08 06:00:00,-0.4833333333333339,-2.65,0.96,6.2146,179.0,9.982000000000001,0.0,1022.29
2016-01-08 07:00:00,0.21666666666666698,-2.883333333333334,0.93,9.434600000000001,145.0,3.3649,0.0,1022.36
2016-01-08 08:00:00,0.09999999999999984,0.09999999999999984,1.0,3.2683,174.0,2.2057,0.0,0.0
2016-01-08 09:00:00,2.8500000000000014,0.30555555555555397,0.99,9.209200000000001,142.0,2.9141000000000004,0.0,1022.18
2016-01-08 10:00:00,4.9333333333333345,2.8111111111111122,0.92,9.032100000000002,184.0,5.957000000000001,0.0,1022.24
2016-01-08 11:00:00,6.1388888888888875,4.427777777777777,0.93,8.2432,177.0,8.1949,0.0,1021.57
2016-01-08 12:00:00,8.827777777777778,7.088888888888888,0.88,10.8836,197.0,10.0464,0.0,1020.65
2016-01-08 13:00:00,10.705555555555557,10.705555555555557,0.72,12.9283,205.0,10.0303,0.0,1019.71
2016-01-08 14:00:00,10.933333333333334,10.933333333333334,0.72,13.8138,199.0,10.0464,0.0,1018.9
2016-01-08 15:00:00,9.86111111111111,8.333333333333334,0.77,10.9158,188.0,9.982000000000001,0.0,1019.15
2016-01-08 16:00:00,8.711111111111112,6.727777777777778,0.83,12.2843,197.0,11.0285,0.0,1018.79
2016-01-08 17:00:00,8.794444444444444,6.800000000000001,0.83,12.461400000000001,179.0,11.2056,0.0,1018.76
2016-01-08 18:00:00,7.755555555555556,6.105555555555557,0.83,9.305800000000001,178.0,11.2056,0.0,1018.78
2016-01-08 19:00:00,7.6277777777777755,5.7222222222222205,0.89,10.4811,172.0,11.0285,0.0,1018.95
2016-01-08 20:00:00,7.294444444444445,5.5444444444444425,0.92,9.3541,208.0,11.125100000000002,0.0,1018.93
2016-01-08 21:00:00,7.244444444444444,5.211111111111112,0.93,10.770900000000001,178.0,11.801300000000001,0.0,1018.73
2016-01-08 22:00:00,7.144444444444444,4.627777777777776,0.89,13.491800000000001,180.0,14.441700000000003,0.0,1018.48
2016-01-08 23:00:00,7.249999999999998,5.127777777777776,0.93,11.237800000000002,171.0,15.649200000000002,0.0,1018.39
2016-01-09 00:00:00,6.644444444444445,5.499999999999999,0.93,6.44,199.0,15.649200000000002,0.0,1018.47
2016-01-09 01:00:00,6.594444444444443,5.255555555555556,0.93,7.1001,174.0,9.9015,0.0,1024.25
2016-01-09 02:00:00,5.511111111111112,3.0777777777777775,0.89,11.012400000000001,180.0,15.649200000000002,0.0,1018.96
2016-01-09 03:00:00,5.027777777777776,2.5277777777777763,0.93,10.835300000000002,190.0,14.812,0.0,1019.37
2016-01-09 04:00:00,5.1,2.688888888888891,0.93,10.4811,193.0,14.168000000000003,0.0,1019.63
2016-01-09 05:00:00,3.8944444444444435,3.8944444444444435,0.92,3.4615,198.0,9.982000000000001,0.0,1019.86
2016-01-09 06:00:00,3.872222222222222,0.8444444444444462,0.92,12.316500000000001,162.0,8.05,0.0,1019.97
2016-01-09 07:00:00,4.8055555555555545,2.016666666666668,0.88,12.0911,192.0,7.905100000000001,0.0,1020.0
2016-01-09 08:00:00,3.9000000000000017,1.1777777777777763,0.92,10.8192,192.0,9.8049,0.0,1020.4
2016-01-09 09:00:00,7.1333333333333355,5.3666666666666645,0.86,9.2897,202.0,9.9015,0.0,1021.37
2016-01-09 10:00:00,8.783333333333335,7.083333333333333,0.83,10.6099,207.0,9.982000000000001,0.0,1021.77
2016-01-09 11:00:00,11.06111111111111,11.06111111111111,0.71,10.8192,231.0,9.982000000000001,0.0,1021.78
2016-01-09 12:00:00,12.266666666666666,12.266666666666666,0.72,9.6278,230.0,9.982000000000001,0.0,1021.67
2016-01-09 13:00:00,12.205555555555556,12.205555555555556,0.72,3.703,196.0,10.3523,0.0,1021.56
2016-01-09 14:00:00,12.894444444444446,12.894444444444446,0.68,5.2647,174.0,9.982000000000001,0.0,1021.56
2016-01-09 15:00:00,12.33888888888889,12.33888888888889,0.73,8.0983,179.0,9.982000000000001,0.0,1021.65
2016-01-09 16:00:00,9.416666666666668,7.8500000000000005,0.86,10.577700000000002,208.0,9.982000000000001,0.0,1022.23
2016-01-09 17:00:00,7.933333333333334,6.611111111111111,0.88,7.9373000000000005,182.0,9.982000000000001,0.0,1022.75
2016-01-09 18:00:00,7.777777777777778,6.172222222222222,0.89,9.080400000000001,172.0,9.982000000000001,0.0,1023.27
2016-01-09 19:00:00,6.372222222222222,5.683333333333332,0.98,4.9266000000000005,199.0,9.6278,0.0,1023.65
2016-01-09 20:00:00,6.1833333333333345,3.888888888888889,0.93,10.980200000000002,201.0,9.982000000000001,0.0,1023.99
2016-01-09 21:00:00,4.6333333333333355,3.238888888888888,0.95,6.230700000000001,200.0,9.9015,0.0,1024.29
2016-01-09 22:00:00,5.794444444444444,5.794444444444444,0.95,4.2665,195.0,9.5473,0.0,1024.65
2016-01-09 23:00:00,5.6722222222222225,4.4722222222222205,0.96,6.1341,171.0,9.9015,0.0,1025.0
2016-01-10 00:00:00,6.255555555555555,5.183333333333333,0.95,5.9892,162.0,9.9015,0.0,1025.19
2016-01-10 01:00:00,4.061111111111113,1.4166666666666652,0.95,10.626,194.0,8.3076,0.0,1023.6
2016-01-10 02:00:00,7.272222222222224,6.305555555555556,0.93,6.1502,180.0,9.9015,0.0,1025.61
2016-01-10 03:00:00,7.294444444444445,6.311111111111111,0.93,6.2146,180.0,11.8979,0.0,1026.06
2016-01-10 04:00:00,7.705555555555555,5.894444444444444,0.93,10.0303,167.0,11.6081,0.0,1025.78
2016-01-10 05:00:00,7.155555555555556,5.733333333333333,0.93,7.776300000000001,200.0,9.9015,0.0,1025.8
2016-01-10 06:00:00,6.094444444444444,4.533333333333331,0.93,7.5992,200.0,9.8049,0.0,1026.59
2016-01-10 07:00:00,5.216666666666667,5.216666666666667,0.99,4.8139,194.0,6.295100000000001,0.0,1026.94
2016-01-10 08:00:00,5.050000000000002,2.8999999999999995,1.0,9.2736,161.0,4.9910000000000005,0.0,1027.3
2016-01-10 09:00:00,7.805555555555554,6.216666666666665,0.89,9.064300000000001,173.0,9.9015,0.0,1027.57
2016-01-10 10:00:00,10.13888888888889,10.13888888888889,0.82,10.4167,205.0,9.6278,0.0,1027.72
2016-01-10 11:00:00,12.822222222222221,12.822222222222221,0.71,8.033900000000001,231.0,9.982000000000001,0.0,1027.45
2016-01-10 12:00:00,15.0,15.0,0.62,5.055400000000001,227.0,9.982000000000001,0.0,1026.96
2016-01-10 13:00:00,15.738888888888887,15.738888888888887,0.59,12.606300000000001,200.0,9.982000000000001,0.0,1026.45
2016-01-10 14:00:00,15.094444444444447,15.094444444444447,0.66,15.826300000000002,190.0,9.982000000000001,0.0,1025.85
2016-01-10 15:00:00,14.027777777777779,14.027777777777779,0.66,15.536500000000002,179.0,9.982000000000001,0.0,1025.83
2016-01-10 16:00:00,12.36111111111111,12.36111111111111,0.72,11.3183,162.0,9.982000000000001,0.0,1025.84
2016-01-10 17:00:00,10.116666666666667,10.116666666666667,0.82,13.8299,160.0,9.982000000000001,0.0,1026.13
2016-01-10 18:00:00,10.02222222222222,10.02222222222222,0.83,17.001600000000003,150.0,9.9015,0.0,1025.74
2016-01-10 19:00:00,8.922222222222224,6.355555555555554,0.83,17.0177,149.0,9.9015,0.0,1025.48
2016-01-10 20:00:00,8.816666666666666,6.238888888888887,0.83,16.888900000000003,160.0,9.853200000000001,0.0,1024.86
2016-01-10 21:00:00,7.777777777777778,5.322222222222221,0.86,14.023100000000003,160.0,15.697500000000002,0.0,1024.29
2016-01-10 22:00:00,6.661111111111112,4.005555555555556,0.89,13.7172,172.0,14.844200000000003,0.0,1024.15
2016-01-10 23:00:00,5.5777777777777775,3.183333333333332,0.89,10.8997,170.0,15.697500000000002,0.0,1023.89
2016-01-11 00:00:00,4.561111111111112,1.977777777777779,0.92,10.787,170.0,15.697500000000002,0.0,1023.66
2016-01-11 01:00:00,6.005555555555556,2.866666666666665,0.9,15.939000000000002,193.0,11.688600000000001,0.0,1015.73
2016-01-11 02:00:00,4.13888888888889,0.8888888888888897,0.95,13.8782,181.0,8.0017,0.0,1022.66
2016-01-11 03:00:00,3.6500000000000004,0.8333333333333334,0.95,11.0446,191.0,3.2361,0.0,1022.57
2016-01-11 04:00:00,3.9499999999999997,1.0888888888888895,0.95,11.559800000000001,199.0,4.250400000000001,0.0,1022.65
2016-01-11 05:00:00,3.1944444444444446,0.23333333333333428,0.95,11.286100000000001,213.0,4.2987,0.0,1022.77
2016-01-11 06:00:00,3.238888888888888,0.42777777777777953,0.95,10.6582,185.0,4.2987,0.0,1023.19
2016-01-11 07:00:00,7.361111111111111,4.73888888888889,0.91,14.5383,258.0,9.982000000000001,0.0,1023.84
2016-01-11 08:00:00,8.91111111111111,6.516666666666665,0.83,15.520400000000002,259.0,9.982000000000001,0.0,1024.39
2016-01-11 09:00:00,10.0,8.016666666666667,0.83,14.2646,259.0,11.2056,0.0,1024.64
2016-01-11 10:00:00,10.055555555555555,10.055555555555555,0.83,14.860300000000002,243.0,11.0285,0.0,1025.47
2016-01-11 11:00:00,10.13888888888889,10.13888888888889,0.82,15.890699999999999,239.0,11.2056,0.0,1024.91
2016-01-11 12:00:00,10.211111111111112,10.211111111111112,0.82,11.1895,250.0,11.270000000000001,0.0,1024.79
2016-01-11 13:00:00,12.177777777777779,12.177777777777779,0.79,12.6385,237.0,10.4006,0.0,1024.08
2016-01-11 14:00:00,12.894444444444446,12.894444444444446,0.76,9.724400000000001,222.0,11.2056,0.0,1023.15
2016-01-11 15:00:00,11.338888888888887,11.338888888888887,0.78,7.985600000000001,222.0,11.2056,0.0,1022.65
2016-01-11 16:00:00,9.227777777777778,7.527777777777776,0.87,11.125100000000002,204.0,10.3523,0.0,1022.43
2016-01-11 17:00:00,7.527777777777776,5.86111111111111,0.92,9.160900000000002,180.0,9.982000000000001,0.0,1021.77
2016-01-11 18:00:00,6.344444444444445,4.705555555555555,0.99,8.0983,197.0,8.1305,0.0,1021.24
2016-01-11 19:00:00,5.4944444444444445,4.400000000000001,0.98,5.7316,191.0,6.8425,0.0,1020.52
2016-01-11 20:00:00,5.227777777777776,2.166666666666666,0.99,14.2485,189.0,6.295100000000001,0.0,1019.82
2016-01-11 21:00:00,6.322222222222224,3.5277777777777786,0.92,14.1036,190.0,8.1305,0.0,1018.59
2016-01-11 22:00:00,5.488888888888891,2.422222222222222,0.95,14.6671,191.0,9.982000000000001,0.0,1017.25
2016-01-11 23:00:00,5.7222222222222205,2.3499999999999983,0.92,17.146500000000003,209.0,9.982000000000001,0.0,1016.23
2016-01-12 00:00:00,6.2333333333333325,3.4500000000000006,0.89,13.910400000000001,209.0,11.9784,0.0,1015.5
2016-01-12 01:00:00,3.8333333333333326,2.588888888888887,0.82,5.474,218.0,14.9569,0.0,1023.18
2016-01-12 02:00:00,7.322222222222223,4.788888888888888,0.86,13.8621,212.0,11.9784,0.0,1013.87
2016-01-12 03:00:00,6.761111111111112,4.683333333333334,0.89,10.4972,193.0,14.812,0.0,1013.89
2016-01-12 04:00:00,6.81111111111111,5.599999999999999,0.89,6.745900000000001,214.0,14.0875,0.0,1014.14
2016-01-12 05:00:00,7.272222222222224,4.516666666666668,0.86,15.375500000000002,191.0,8.1305,0.0,1013.83
2016-01-12 06:00:00,7.3888888888888875,4.816666666666667,0.93,14.2163,223.0,8.05,0.0,1013.13
2016-01-12 07:00:00,7.472222222222224,4.172222222222221,0.98,20.2699,293.0,4.025,0.0,1014.43
2016-01-12 08:00:00,7.872222222222224,4.9833333333333325,0.95,17.516800000000003,270.0,11.270000000000001,0.0,1015.13
2016-01-12 09:00:00,8.88888888888889,5.2888888888888905,0.72,27.9979,300.0,10.0464,0.0,1015.66
2016-01-12 10:00:00,9.994444444444447,6.527777777777778,0.71,30.815400000000004,298.0,10.0303,0.0,1016.56
2016-01-12 11:00:00,11.133333333333333,11.133333333333333,0.61,34.6794,299.0,11.270000000000001,0.0,1017.14
2016-01-12 12:00:00,12.17222222222222,12.17222222222222,0.52,38.4146,309.0,11.270000000000001,0.0,1017.16
2016-01-12 13:00:00,11.25,11.25,0.52,43.4378,310.0,11.4471,0.0,1017.71
2016-01-12 14:00:00,9.027777777777779,4.7,0.65,39.7509,299.0,11.4954,0.0,1019.3
2016-01-12 15:00:00,9.049999999999999,4.4722222222222205,0.61,44.629200000000004,309.0,11.4954,0.0,1019.96
2016-01-12 16:00:00,9.011111111111111,5.150000000000002,0.52,32.1034,319.0,11.398800000000001,0.0,1020.39
2016-01-12 17:00:00,7.894444444444446,3.977777777777776,0.53,28.2072,319.0,9.982000000000001,0.0,1021.66
2016-01-12 18:00:00,7.266666666666666,3.9111111111111105,0.6,20.286,329.0,9.982000000000001,0.0,1022.52
2016-01-12 19:00:00,5.450000000000001,2.9888888888888903,0.63,11.109000000000002,310.0,9.982000000000001,0.0,1023.26
2016-01-12 20:00:00,3.1444444444444426,-0.43333333333333396,0.75,14.49,281.0,9.982000000000001,0.0,1023.69
2016-01-12 21:00:00,4.166666666666667,1.0999999999999983,0.75,12.88,298.0,9.982000000000001,0.0,1024.4
2016-01-12 22:00:00,2.833333333333334,-1.0055555555555549,0.8,15.633100000000002,275.0,14.9569,0.0,1024.72
2016-01-12 23:00:00,2.6055555555555543,-1.033333333333333,0.81,14.1358,270.0,15.826300000000002,0.0,1025.18
2016-01-13 00:00:00,3.1666666666666683,0.22222222222222143,0.8,11.157300000000001,242.0,15.826300000000002,0.0,1025.47
2016-01-13 01:00:00,3.611111111111111,1.7388888888888903,0.88,7.228900000000001,245.0,14.168000000000003,0.0,1025.06
2016-01-13 02:00:00,3.6555555555555546,2.127777777777777,0.8,6.1985,198.0,15.826300000000002,0.0,1025.11
2016-01-13 03:00:00,4.144444444444445,2.5555555555555562,0.81,6.601,234.0,14.9569,0.0,1025.32
2016-01-13 04:00:00,5.061111111111111,2.5555555555555562,0.76,10.9158,258.0,14.9569,0.0,1025.63
2016-01-13 05:00:00,6.1833333333333345,3.6166666666666654,0.69,12.525800000000002,228.0,9.982000000000001,0.0,1024.76
2016-01-13 06:00:00,7.138888888888889,3.7722222222222217,0.65,20.076700000000002,221.0,9.982000000000001,0.0,1024.54
2016-01-13 07:00:00,6.0555555555555545,2.5444444444444434,0.71,18.901400000000002,220.0,9.982000000000001,0.0,1024.13
2016-01-13 08:00:00,6.227777777777778,3.138888888888888,0.69,15.987300000000001,211.0,9.982000000000001,0.0,1023.95
2016-01-13 09:00:00,7.222222222222222,4.361111111111112,0.65,16.067800000000002,221.0,9.982000000000001,0.0,1024.27
2016-01-13 10:00:00,7.816666666666666,4.5055555555555555,0.63,21.252,230.0,9.982000000000001,0.0,1024.8
2016-01-13 11:00:00,10.13888888888889,10.13888888888889,0.57,20.4148,222.0,9.982000000000001,0.0,1024.03
2016-01-13 12:00:00,10.233333333333334,10.233333333333334,0.6,12.88,225.0,9.982000000000001,0.0,1023.25
2016-01-13 13:00:00,13.411111111111111,13.411111111111111,0.55,12.5419,256.0,9.982000000000001,0.0,1022.77
2016-01-13 14:00:00,12.916666666666666,12.916666666666666,0.54,20.9139,270.0,9.982000000000001,0.0,1022.47
2016-01-13 15:00:00,12.383333333333333,12.383333333333333,0.56,11.4793,261.0,9.982000000000001,0.0,1022.87
2016-01-13 16:00:00,8.461111111111109,6.516666666666665,0.72,11.672500000000001,212.0,9.982000000000001,0.0,1023.46
2016-01-13 17:00:00,7.550000000000002,5.0666666666666655,0.77,13.894300000000003,213.0,9.982000000000001,0.0,1023.76
2016-01-13 18:00:00,7.9944444444444445,5.355555555555556,0.75,15.729700000000001,224.0,9.982000000000001,0.0,1023.79
2016-01-13 19:00:00,7.294444444444445,4.705555555555555,0.74,14.2002,230.0,9.982000000000001,0.0,1024.28
2016-01-13 20:00:00,7.411111111111113,4.655555555555557,0.72,15.633100000000002,240.0,9.982000000000001,0.0,1024.22
2016-01-13 21:00:00,5.1944444444444455,2.8888888888888906,0.85,10.0786,142.0,15.826300000000002,0.0,1024.71
2016-01-13 22:00:00,5.738888888888888,2.8500000000000014,0.82,13.8782,233.0,14.9569,0.0,1024.92
2016-01-13 23:00:00,5.1,2.055555555555557,0.82,13.9426,229.0,15.826300000000002,0.0,1024.81
2016-01-14 00:00:00,2.4833333333333325,-0.5444444444444447,0.91,10.9158,219.0,14.9086,0.0,1025.11
2016-01-14 01:00:00,4.9,2.0388888888888896,0.75,12.606300000000001,301.0,14.9569,0.0,1029.95
2016-01-14 02:00:00,4.966666666666665,1.8055555555555556,0.79,14.4739,250.0,15.826300000000002,0.0,1024.81
2016-01-14 03:00:00,3.877777777777776,2.283333333333333,0.85,6.4722,221.0,15.826300000000002,0.0,1024.6
2016-01-14 04:00:00,2.5444444444444434,0.6555555555555554,0.85,6.7298,210.0,14.9569,0.0,1024.34
2016-01-14 05:00:00,2.2277777777777765,2.2277777777777765,0.85,4.588500000000001,220.0,9.982000000000001,0.0,1024.38
2016-01-14 06:00:00,1.3055555555555562,-1.083333333333333,0.91,7.6636,173.0,9.982000000000001,0.0,1024.18
2016-01-14 07:00:00,1.3555555555555543,1.3555555555555543,0.91,4.379200000000001,186.0,8.3398,0.0,1024.29
2016-01-14 08:00:00,2.766666666666665,2.766666666666665,0.89,4.83,165.0,8.1305,0.0,1024.01
2016-01-14 09:00:00,5.083333333333332,3.299999999999999,0.82,7.792400000000001,173.0,9.982000000000001,0.0,1024.46
2016-01-14 10:00:00,6.91111111111111,4.4722222222222205,0.74,12.6707,156.0,11.3183,0.0,1024.37
2016-01-14 11:00:00,10.16111111111111,10.16111111111111,0.7,9.6922,213.0,9.982000000000001,0.0,1024.5
2016-01-14 12:00:00,13.866666666666667,13.866666666666667,0.58,15.794100000000002,242.0,9.982000000000001,0.0,1024.79
2016-01-14 13:00:00,13.755555555555553,13.755555555555553,0.47,17.2109,255.0,10.0303,0.0,1024.58
2016-01-14 14:00:00,14.97777777777778,14.97777777777778,0.51,24.117800000000003,309.0,10.0464,0.0,1024.04
2016-01-14 15:00:00,13.91111111111111,13.91111111111111,0.55,24.037300000000002,308.0,10.0464,0.0,1024.62
2016-01-14 16:00:00,10.583333333333332,10.583333333333332,0.67,12.960500000000001,291.0,9.982000000000001,0.0,1025.3
2016-01-14 17:00:00,10.13888888888889,10.13888888888889,0.7,13.089300000000001,308.0,9.982000000000001,0.0,1026.25
2016-01-14 18:00:00,9.072222222222221,7.816666666666666,0.7,8.5491,306.0,9.982000000000001,0.0,1027.35
2016-01-14 19:00:00,9.155555555555553,6.688888888888888,0.7,16.6313,289.0,9.982000000000001,0.0,1028.4
2016-01-14 20:00:00,7.361111111111111,4.388888888888888,0.78,17.1626,289.0,9.982000000000001,0.0,1029.03
2016-01-14 21:00:00,5.716666666666666,2.7611111111111106,0.81,14.2807,279.0,15.826300000000002,0.0,1029.55
2016-01-14 22:00:00,6.061111111111109,3.18888888888889,0.83,14.2485,273.0,14.9569,0.0,1030.07
2016-01-14 23:00:00,5.205555555555554,2.116666666666668,0.84,14.3612,271.0,15.826300000000002,0.0,1030.36
2016-01-15 00:00:00,6.644444444444445,3.127777777777779,0.7,20.2699,289.0,15.826300000000002,0.0,1030.47
2016-01-15 01:00:00,1.5111111111111104,1.5111111111111104,0.93,4.3631,191.0,3.4454000000000002,0.0,1031.23
2016-01-15 02:00:00,5.094444444444445,1.6000000000000014,0.75,16.9211,301.0,15.826300000000002,0.0,1031.66
2016-01-15 03:00:00,4.605555555555555,1.377777777777776,0.75,14.3934,300.0,15.826300000000002,0.0,1032.22
2016-01-15 04:00:00,3.06111111111111,0.022222222222221748,0.81,11.527600000000001,297.0,14.9569,0.0,1032.27
2016-01-15 05:00:00,2.333333333333335,-1.416666666666667,0.81,14.4095,289.0,15.826300000000002,0.0,1032.32
2016-01-15 06:00:00,1.2277777777777783,1.2277777777777783,0.84,3.7191000000000005,312.0,9.982000000000001,0.0,1032.55
2016-01-15 07:00:00,1.1999999999999982,-0.36666666666666675,0.85,5.361300000000001,286.0,9.982000000000001,0.0,1033.59
2016-01-15 08:00:00,-0.8944444444444442,-3.783333333333333,0.87,8.05,225.0,9.982000000000001,0.0,1033.52
2016-01-15 09:00:00,2.872222222222223,0.2777777777777778,0.81,9.434600000000001,236.0,9.982000000000001,0.0,1033.72
2016-01-15 10:00:00,6.022222222222224,3.838888888888887,0.7,10.255700000000001,248.0,9.982000000000001,0.0,1034.24
2016-01-15 11:00:00,7.872222222222224,6.083333333333335,0.62,10.0947,262.0,9.982000000000001,0.0,1034.1
2016-01-15 12:00:00,10.02222222222222,10.02222222222222,0.53,16.1644,298.0,9.982000000000001,0.0,1033.7
2016-01-15 13:00:00,10.144444444444442,10.144444444444442,0.52,19.5454,290.0,10.3523,0.0,1033.27
2016-01-15 14:00:00,11.155555555555555,11.155555555555555,0.46,12.6385,307.0,9.982000000000001,0.0,1032.49
2016-01-15 15:00:00,10.116666666666667,10.116666666666667,0.57,9.4829,287.0,9.982000000000001,0.0,1032.3
2016-01-15 16:00:00,8.072222222222223,6.188888888888889,0.62,10.835300000000002,268.0,10.3523,0.0,1032.39
2016-01-15 17:00:00,6.227777777777778,3.711111111111111,0.69,12.2682,249.0,9.982000000000001,0.0,1032.49
2016-01-15 18:00:00,3.888888888888889,1.5777777777777797,0.76,9.032100000000002,248.0,9.982000000000001,0.0,1032.71
2016-01-15 19:00:00,2.933333333333334,2.933333333333334,0.83,1.1109,209.0,9.982000000000001,0.0,1033.03
2016-01-15 20:00:00,2.155555555555557,-0.5555555555555556,0.85,9.338000000000001,179.0,9.982000000000001,0.0,1032.8
2016-01-15 21:00:00,1.5777777777777797,-1.6277777777777775,0.89,10.8997,170.0,15.826300000000002,0.0,1032.59
2016-01-15 22:00:00,1.4444444444444453,-0.5111111111111121,0.93,6.44,161.0,8.05,0.0,1032.46
2016-01-15 23:00:00,1.0611111111111091,-1.0000000000000004,0.95,6.552700000000001,186.0,5.216400000000001,0.0,1031.97
2016-01-16 00:00:00,1.594444444444443,-0.344444444444445,0.92,6.4561,169.0,4.7495,0.0,1031.68
2016-01-16 01:00:00,0.23888888888888873,0.23888888888888873,0.95,3.7674,171.0,1.9159,0.0,1027.49
2016-01-16 02:00:00,-1.0444444444444438,-3.4777777777777787,0.92,6.681500000000001,132.0,4.7495,0.0,1031.16
2016-01-16 03:00:00,-1.1388888888888893,-4.955555555555557,0.92,11.141200000000001,140.0,7.212800000000001,0.0,1030.55
2016-01-16 04:00:00,-0.9388888888888896,-4.777777777777779,0.92,11.398800000000001,136.0,7.550900000000001,0.0,1029.92
2016-01-16 05:00:00,-2.1500000000000004,-6.183333333333333,0.96,11.1734,140.0,7.969500000000001,0.0,1029.39
2016-01-16 06:00:00,-2.2000000000000006,-6.561111111111111,0.96,12.4936,140.0,6.0697,0.0,1029.36
2016-01-16 07:00:00,-2.511111111111111,-6.116666666666668,0.92,9.3863,148.0,6.5849,0.0,1029.28
2016-01-16 08:00:00,-1.0666666666666675,-5.238888888888889,0.88,12.719000000000001,140.0,7.824600000000001,0.0,1028.98
2016-01-16 09:00:00,1.1555555555555546,-2.805555555555556,0.79,14.0714,148.0,9.8049,0.0,1028.77
2016-01-16 10:00:00,2.794444444444445,0.9722222222222222,0.77,6.6654,169.0,10.2718,0.0,1027.84
2016-01-16 11:00:00,4.005555555555556,1.9722222222222205,0.76,8.033900000000001,166.0,9.982000000000001,0.0,1028.35
2016-01-16 12:00:00,6.205555555555557,4.477777777777779,0.65,8.3398,169.0,9.982000000000001,0.0,1027.64
2016-01-16 13:00:00,7.488888888888886,5.766666666666668,0.65,9.4185,178.0,10.3523,0.0,1026.7
2016-01-16 14:00:00,8.050000000000002,5.66111111111111,0.62,14.023100000000003,171.0,9.982000000000001,0.0,1025.96
2016-01-16 15:00:00,8.072222222222223,6.1833333333333345,0.66,10.867500000000001,180.0,9.982000000000001,0.0,1025.37
2016-01-16 16:00:00,6.455555555555554,4.744444444444444,0.75,8.4847,175.0,10.2718,0.0,1025.74
2016-01-16 17:00:00,3.0444444444444425,0.4555555555555557,0.87,9.5151,190.0,8.1305,0.0,1025.8
2016-01-16 18:00:00,2.9777777777777774,-0.4555555555555557,0.94,13.4274,201.0,8.05,0.0,1026.0
2016-01-16 19:00:00,2.766666666666665,-0.14999999999999977,0.9,10.6904,213.0,8.3398,0.0,1026.28
2016-01-16 20:00:00,2.2666666666666657,0.18333333333333238,0.91,7.212800000000001,194.0,8.05,0.0,1026.3
2016-01-16 21:00:00,-0.027777777777778172,-2.033333333333333,0.92,5.9892,205.0,6.118,0.0,1026.69
2016-01-16 22:00:00,1.8388888888888901,-0.1388888888888889,0.88,6.6654,213.0,8.9677,0.0,1026.73
2016-01-16 23:00:00,-0.6277777777777772,-3.533333333333333,0.96,8.227100000000002,170.0,6.021400000000001,0.0,1026.9
2016-01-17 00:00:00,-1.0944444444444439,-1.0944444444444439,0.92,1.8515,179.0,6.021400000000001,0.0,1026.92
2016-01-17 01:00:00,1.2944444444444434,-1.7999999999999992,0.88,10.2074,177.0,6.5366,0.0,1024.91
2016-01-17 02:00:00,-0.09444444444444539,-3.622222222222222,0.92,10.835300000000002,170.0,0.7567,0.0,1026.71
2016-01-17 03:00:00,-0.6500000000000009,-2.783333333333334,0.96,6.0697,152.0,1.3685,0.0,1026.78
2016-01-17 04:00:00,0.1222222222222216,-3.049999999999999,0.92,9.6439,165.0,4.0894,0.0,1026.58
2016-01-17 05:00:00,-0.1222222222222216,-3.7055555555555566,0.92,11.0607,160.0,3.9767000000000006,0.0,1026.41
2016-01-17 06:00:00,0.022222222222221748,-3.0166666666666666,0.86,9.080400000000001,179.0,3.9767000000000006,0.0,1026.5
2016-01-17 07:00:00,1.2833333333333345,-1.5999999999999994,0.91,9.3541,181.0,4.8783,0.0,1027.02
2016-01-17 08:00:00,1.25,-1.7388888888888883,0.91,9.7405,170.0,4.8461,0.0,1026.98
2016-01-17 09:00:00,2.7999999999999994,0.18888888888889077,0.89,9.434600000000001,181.0,6.021400000000001,0.0,1026.89
2016-01-17 10:00:00,4.100000000000001,0.8777777777777769,0.81,13.6689,195.0,7.084000000000001,0.0,1027.26
2016-01-17 11:00:00,5.138888888888889,1.9555555555555573,0.81,14.876400000000002,202.0,7.969500000000001,0.0,1026.8
2016-01-17 12:00:00,7.288888888888888,4.777777777777779,0.71,13.685,221.0,11.0446,0.0,1026.48
2016-01-17 13:00:00,7.794444444444445,6.011111111111111,0.71,10.0303,222.0,10.5294,0.0,1025.88
2016-01-17 14:00:00,8.933333333333332,7.88888888888889,0.71,7.4543,181.0,11.125100000000002,0.0,1025.46
2016-01-17 15:00:00,9.000000000000002,9.000000000000002,0.71,4.5563,173.0,9.982000000000001,0.0,1025.18
2016-01-17 16:00:00,6.477777777777776,5.116666666666667,0.78,7.1001,170.0,7.985600000000001,0.0,1025.36
2016-01-17 17:00:00,4.044444444444445,2.105555555555555,0.88,7.728,166.0,6.118,0.0,1025.49
2016-01-17 18:00:00,3.955555555555554,2.005555555555555,0.88,7.711900000000001,175.0,7.969500000000001,0.0,1025.69
2016-01-17 19:00:00,4.044444444444445,1.5499999999999996,0.83,9.9498,173.0,7.824600000000001,0.0,1025.82
2016-01-17 20:00:00,2.7777777777777777,-0.18333333333333238,0.96,10.8997,159.0,7.8729,0.0,1025.6
2016-01-17 21:00:00,2.244444444444444,-1.4388888888888889,0.89,13.9426,170.0,7.824600000000001,0.0,1025.22
2016-01-17 22:00:00,2.4055555555555546,2.4055555555555546,0.89,3.6386,175.0,6.230700000000001,0.0,1025.2
2016-01-17 23:00:00,2.127777777777777,-0.9555555555555549,0.89,10.851400000000002,160.0,5.9248,0.0,1025.08
2016-01-18 00:00:00,1.0888888888888895,-0.9666666666666658,0.92,6.552700000000001,179.0,5.9248,0.0,1024.77
2016-01-18 01:00:00,9.961111111111112,6.255555555555555,0.7,34.4701,220.0,14.586600000000002,0.0,1007.89
2016-01-18 02:00:00,0.5999999999999991,-2.8499999999999996,0.96,11.0768,161.0,5.9248,0.0,1024.27
2016-01-18 03:00:00,1.594444444444443,-1.5499999999999996,0.92,10.642100000000001,172.0,5.9248,0.0,1023.8
2016-01-18 04:00:00,2.2222222222222223,-1.2444444444444436,0.92,12.7512,204.0,7.7440999999999995,0.0,1023.48
2016-01-18 05:00:00,2.2000000000000006,-1.2277777777777783,0.86,12.5419,190.0,5.9248,0.0,1023.05
2016-01-18 06:00:00,1.2277777777777783,-1.7055555555555557,0.92,9.5151,189.0,5.9248,0.0,1022.65
2016-01-18 07:00:00,2.7333333333333343,-0.22777777777777786,0.92,10.835300000000002,194.0,4.8783,0.0,1022.64
2016-01-18 08:00:00,2.3499999999999983,-0.8055555555555551,0.92,11.382700000000002,181.0,4.025,0.0,0.0
2016-01-18 09:00:00,5.127777777777776,2.4777777777777783,0.93,11.7047,210.0,5.0393,0.0,0.0
2016-01-18 10:00:00,8.983333333333334,5.955555555555555,0.83,21.5257,211.0,8.05,0.0,1021.8
2016-01-18 11:00:00,12.17222222222222,12.17222222222222,0.72,25.8888,211.0,9.982000000000001,0.0,1019.6
2016-01-18 12:00:00,12.777777777777779,12.777777777777779,0.72,27.5954,220.0,9.982000000000001,0.0,0.0
2016-01-18 13:00:00,13.805555555555555,13.805555555555555,0.63,32.8601,210.0,9.982000000000001,0.0,1017.97
2016-01-18 14:00:00,13.88888888888889,13.88888888888889,0.59,30.670500000000004,220.0,11.2056,0.0,1014.7
2016-01-18 15:00:00,12.916666666666666,12.916666666666666,0.63,27.015800000000002,219.0,10.0464,0.0,1015.46
2016-01-18 16:00:00,11.41111111111111,11.41111111111111,0.69,20.9139,209.0,9.982000000000001,0.0,1015.41
2016-01-18 17:00:00,10.211111111111112,10.211111111111112,0.76,20.7207,200.0,9.982000000000001,0.0,1014.11
2016-01-18 18:00:00,9.122222222222224,6.099999999999998,0.81,21.896,191.0,9.982000000000001,0.0,1013.5
2016-01-18 19:00:00,9.066666666666666,5.738888888888888,0.77,25.2287,201.0,9.982000000000001,0.0,1012.9
2016-01-18 20:00:00,8.083333333333332,5.216666666666667,0.81,17.7583,202.0,9.982000000000001,0.0,1011.98
2016-01-18 21:00:00,7.977777777777778,5.211111111111112,0.82,16.744000000000003,202.0,9.982000000000001,0.0,0.0
2016-01-18 22:00:00,9.716666666666669,7.116666666666668,0.73,19.191200000000002,200.0,14.9569,0.0,1009.64
2016-01-18 23:00:00,10.672222222222224,10.672222222222224,0.68,31.652600000000003,210.0,15.826300000000002,0.0,1007.76
2016-01-19 00:00:00,10.716666666666665,10.716666666666665,0.68,34.727700000000006,210.0,15.826300000000002,0.0,1005.88
2016-01-19 01:00:00,9.688888888888888,6.3166666666666655,0.64,28.078400000000002,301.0,14.9569,0.0,1014.88
2016-01-19 02:00:00,11.661111111111113,11.661111111111113,0.66,42.53620000000001,220.0,15.826300000000002,0.0,1002.33
2016-01-19 03:00:00,11.827777777777776,11.827777777777776,0.69,39.557700000000004,230.0,15.826300000000002,0.0,1000.76
2016-01-19 04:00:00,12.727777777777776,12.727777777777776,0.66,38.913700000000006,239.0,15.005200000000002,0.0,1000.5
2016-01-19 05:00:00,13.699999999999998,13.699999999999998,0.65,46.834900000000005,260.0,11.0446,0.0,999.56
2016-01-19 06:00:00,11.172222222222222,11.172222222222222,0.85,23.184,305.0,11.0446,0.0,1003.81
2016-01-19 07:00:00,10.372222222222224,10.372222222222224,0.84,15.1984,320.0,8.4686,0.0,1005.51
2016-01-19 08:00:00,10.027777777777777,10.027777777777777,0.83,26.5167,269.0,11.270000000000001,0.0,1005.82
2016-01-19 09:00:00,10.027777777777777,10.027777777777777,0.83,38.382400000000004,280.0,11.270000000000001,0.0,1005.26
2016-01-19 10:00:00,10.966666666666669,10.966666666666669,0.8,33.6168,279.0,10.4006,0.0,1006.23
2016-01-19 11:00:00,10.050000000000002,10.050000000000002,0.76,40.1212,299.0,11.270000000000001,0.0,1007.36
2016-01-19 12:00:00,10.027777777777777,10.027777777777777,0.82,28.5131,280.0,11.270000000000001,0.0,1007.37
2016-01-19 13:00:00,9.016666666666664,5.0666666666666655,0.77,33.5524,289.0,11.4471,0.0,1007.5
2016-01-19 14:00:00,7.872222222222224,3.5166666666666657,0.82,34.1803,280.0,11.270000000000001,0.0,1008.12
2016-01-19 15:00:00,7.805555555555554,3.427777777777779,0.83,34.132,280.0,10.0464,0.0,1009.18
2016-01-19 16:00:00,7.76111111111111,4.188888888888888,0.84,23.747500000000002,287.0,10.4006,0.0,1009.34
2016-01-19 17:00:00,7.755555555555556,3.788888888888889,0.83,28.4004,289.0,15.874600000000001,0.0,1010.8
2016-01-19 18:00:00,6.733333333333332,3.199999999999999,0.86,20.624100000000002,298.0,15.874600000000001,0.0,1011.85
2016-01-19 19:00:00,7.377777777777778,3.416666666666666,0.8,26.9192,299.0,9.982000000000001,0.0,1013.21
2016-01-19 20:00:00,6.822222222222223,3.299999999999999,0.82,20.8012,289.0,15.826300000000002,0.0,1014.05
2016-01-19 21:00:00,6.822222222222223,3.2833333333333314,0.86,20.93,289.0,15.826300000000002,0.0,1015.04
2016-01-19 22:00:00,8.25,4.8055555555555545,0.77,23.9246,299.0,14.9569,0.0,1015.48
2016-01-19 23:00:00,8.311111111111112,4.288888888888888,0.74,31.395000000000003,309.0,15.826300000000002,0.0,1015.53
2016-01-20 00:00:00,8.383333333333335,4.53888888888889,0.71,29.2376,299.0,15.826300000000002,0.0,1016.47
2016-01-20 01:00:00,3.5777777777777766,1.9833333333333334,0.94,6.359500000000001,217.0,2.0608,0.0,1017.24
2016-01-20 02:00:00,9.4,5.738888888888888,0.62,31.008600000000005,309.0,15.826300000000002,0.0,1018.05
2016-01-20 03:00:00,8.383333333333335,5.26111111111111,0.65,20.865600000000004,308.0,15.826300000000002,0.0,1018.54
2016-01-20 04:00:00,5.455555555555556,1.9833333333333334,0.85,17.388,244.0,14.9569,0.0,1019.58
2016-01-20 05:00:00,6.300000000000002,3.266666666666668,0.78,15.681400000000002,261.0,9.982000000000001,0.0,1020.59
2016-01-20 06:00:00,6.25,2.155555555555557,0.78,24.777900000000002,259.0,15.826300000000002,0.0,1020.73
2016-01-20 07:00:00,7.472222222222224,4.57222222222222,0.77,16.8245,260.0,14.9569,0.0,1021.81
2016-01-20 08:00:00,7.844444444444444,4.966666666666665,0.71,17.388,268.0,9.982000000000001,0.0,1022.09
2016-01-20 09:00:00,8.933333333333332,6.038888888888888,0.71,20.0445,269.0,9.982000000000001,0.0,1022.22
2016-01-20 10:00:00,8.927777777777777,6.572222222222221,0.72,15.262800000000002,269.0,10.3523,0.0,1022.3
2016-01-20 11:00:00,9.044444444444444,6.855555555555558,0.76,14.2163,278.0,9.982000000000001,0.0,1022.11
2016-01-20 12:00:00,10.016666666666667,10.016666666666667,0.66,12.654600000000002,259.0,9.9015,0.0,1021.22
2016-01-20 13:00:00,10.005555555555553,10.005555555555553,0.72,6.1824,224.0,10.2718,0.0,1021.45
2016-01-20 14:00:00,10.066666666666666,10.066666666666666,0.77,8.162700000000001,170.0,9.982000000000001,0.0,1020.55
2016-01-20 15:00:00,10.044444444444444,10.044444444444444,0.77,11.125100000000002,168.0,9.982000000000001,0.0,1019.84
2016-01-20 16:00:00,9.122222222222224,7.194444444444446,0.77,12.4936,178.0,9.982000000000001,0.0,1018.98
2016-01-20 17:00:00,8.933333333333332,6.722222222222223,0.77,14.1519,159.0,9.982000000000001,0.0,1018.54
2016-01-20 18:00:00,8.883333333333335,6.505555555555556,0.72,15.375500000000002,159.0,9.982000000000001,0.0,1017.76
2016-01-20 19:00:00,7.822222222222221,5.433333333333334,0.78,13.6689,179.0,9.982000000000001,0.0,1017.58
2016-01-20 20:00:00,7.077777777777779,4.761111111111111,0.87,12.1555,168.0,9.982000000000001,0.0,1017.44
2016-01-20 21:00:00,5.0166666666666675,2.488888888888887,0.93,11.012400000000001,198.0,8.1305,0.0,1017.23
2016-01-20 22:00:00,5.188888888888891,5.188888888888891,0.95,2.5277000000000003,50.0,6.7781,0.0,1017.84
2016-01-20 23:00:00,1.8444444444444446,1.8444444444444446,0.93,2.9141000000000004,92.0,3.7513000000000005,0.0,1017.96
2016-01-21 00:00:00,2.2666666666666657,0.5444444444444427,0.96,6.1502,130.0,3.2844,0.0,1017.51
2016-01-21 01:00:00,6.588888888888889,5.894444444444444,0.77,5.0232,285.0,14.168000000000003,0.0,1019.74
2016-01-21 02:00:00,2.994444444444445,1.3444444444444454,0.96,6.2468,202.0,8.05,0.0,1017.11
2016-01-21 03:00:00,3.544444444444446,1.9444444444444444,0.96,6.359500000000001,172.0,0.6762,0.0,1017.08
2016-01-21 04:00:00,4.172222222222221,2.8888888888888906,0.95,5.7155000000000005,172.0,2.0608,0.0,1016.79
2016-01-21 05:00:00,4.01111111111111,2.0722222222222206,0.92,7.695800000000001,172.0,0.6762,0.0,1016.79
2016-01-21 06:00:00,3.0888888888888903,1.8611111111111118,0.99,5.1681,175.0,1.7549000000000001,0.0,1016.56
2016-01-21 07:00:00,4.17777777777778,1.9166666666666683,0.93,9.032100000000002,179.0,3.059,0.0,1016.38
2016-01-21 08:00:00,5.033333333333335,2.855555555555556,0.93,9.3702,190.0,4.2987,0.0,1016.19
2016-01-21 09:00:00,6.188888888888889,4.216666666666669,0.93,9.434600000000001,172.0,6.295100000000001,0.0,1016.17
2016-01-21 10:00:00,7.73888888888889,6.6499999999999995,0.91,6.8264000000000005,167.0,6.488300000000001,0.0,1015.97
2016-01-21 11:00:00,10.177777777777777,10.177777777777777,0.85,3.5742000000000007,180.0,8.1305,0.0,1015.77
2016-01-21 12:00:00,12.238888888888889,12.238888888888889,0.79,4.588500000000001,149.0,9.982000000000001,0.0,1014.58
2016-01-21 13:00:00,12.616666666666667,12.616666666666667,0.77,2.8336,174.0,11.0285,0.0,1014.22
2016-01-21 14:00:00,13.794444444444444,13.794444444444444,0.77,1.5778,152.0,9.982000000000001,0.0,1013.3
2016-01-21 15:00:00,12.777777777777779,12.777777777777779,0.82,4.1055,108.0,8.1305,0.0,1013.0
2016-01-21 16:00:00,11.561111111111112,11.561111111111112,0.83,2.3023000000000002,5.0,8.3398,0.0,1013.16
2016-01-21 17:00:00,11.083333333333336,11.083333333333336,0.86,32.2,320.0,8.05,0.0,1013.82
2016-01-21 18:00:00,9.972222222222223,9.972222222222223,0.92,3.2522,271.0,8.1949,0.0,1014.7
2016-01-21 19:00:00,8.311111111111112,5.827777777777779,0.94,15.134000000000002,351.0,10.6743,0.0,1016.7
2016-01-21 20:00:00,7.894444444444446,5.78888888888889,0.87,11.930100000000001,335.0,11.2056,0.0,1017.87
2016-01-21 21:00:00,8.399999999999999,6.433333333333333,0.75,11.753,317.0,9.982000000000001,0.0,1017.65
2016-01-21 22:00:00,8.466666666666669,6.188888888888889,0.66,13.910400000000001,310.0,14.168000000000003,0.0,1018.69
2016-01-21 23:00:00,8.399999999999999,6.0555555555555545,0.63,14.296800000000003,300.0,14.9086,0.0,1019.1
2016-01-22 00:00:00,7.8500000000000005,5.877777777777776,0.67,11.0607,289.0,14.9086,0.0,1019.72
2016-01-22 01:00:00,5.105555555555554,2.422222222222222,0.79,11.8818,32.0,15.005200000000002,0.0,1016.71
2016-01-22 02:00:00,7.288888888888888,5.211111111111112,0.72,11.0607,289.0,14.9086,0.0,1020.79
2016-01-22 03:00:00,6.761111111111112,5.599999999999999,0.69,6.552700000000001,307.0,14.9086,0.0,1021.2
2016-01-22 04:00:00,6.188888888888889,5.027777777777776,0.77,6.262900000000001,251.0,14.168000000000003,0.0,1021.35
2016-01-22 05:00:00,6.0888888888888895,6.0888888888888895,0.76,3.0751,253.0,9.982000000000001,0.0,1021.32
2016-01-22 06:00:00,5.022222222222222,4.188888888888888,0.82,4.83,247.0,9.982000000000001,0.0,1021.7
2016-01-22 07:00:00,5.222222222222221,5.222222222222221,0.77,3.4937,197.0,10.3523,0.0,1021.82
2016-01-22 08:00:00,5.094444444444445,2.8999999999999995,0.82,9.5151,230.0,9.982000000000001,0.0,1021.81
2016-01-22 09:00:00,6.1388888888888875,6.1388888888888875,0.76,3.3166,239.0,9.982000000000001,0.0,1022.18
2016-01-22 10:00:00,6.238888888888887,6.238888888888887,0.85,2.7531000000000003,176.0,9.982000000000001,0.0,1021.61
2016-01-22 11:00:00,7.272222222222224,7.272222222222224,0.73,2.5599000000000003,142.0,10.0464,0.0,1022.16
2016-01-22 12:00:00,7.733333333333334,7.733333333333334,0.71,0.805,320.0,10.0464,0.0,1021.23
2016-01-22 13:00:00,7.894444444444446,6.6499999999999995,0.69,7.567000000000001,6.0,10.4006,0.0,1020.9
2016-01-22 14:00:00,8.81111111111111,6.783333333333334,0.55,12.6868,69.0,10.0464,0.0,0.0
2016-01-22 15:00:00,7.777777777777778,5.58888888888889,0.68,12.2682,77.0,10.0464,0.0,1019.53
2016-01-22 16:00:00,7.277777777777778,4.944444444444444,0.72,12.525800000000002,60.0,11.0285,0.0,1019.14
2016-01-22 17:00:00,7.172222222222221,5.077777777777778,0.71,11.012400000000001,58.0,9.982000000000001,0.0,1018.83
2016-01-22 18:00:00,7.127777777777776,5.011111111111113,0.73,11.0929,68.0,9.982000000000001,0.0,1018.33
2016-01-22 19:00:00,6.072222222222222,3.5166666666666657,0.77,12.332600000000001,59.0,10.5294,0.0,1018.04
2016-01-22 20:00:00,6.016666666666666,3.427777777777779,0.79,12.445300000000001,59.0,10.0464,0.0,1017.37
2016-01-22 21:00:00,5.511111111111112,3.066666666666668,0.82,11.0446,30.0,15.874600000000001,0.0,1017.32
2016-01-22 22:00:00,5.033333333333335,2.550000000000002,0.82,10.8031,49.0,15.005200000000002,0.0,1016.59
2016-01-22 23:00:00,4.949999999999998,2.4000000000000004,0.79,11.0285,40.0,15.874600000000001,0.0,1016.44
2016-01-23 00:00:00,4.400000000000001,1.7333333333333318,0.82,11.0446,21.0,15.874600000000001,0.0,1016.34
2016-01-23 01:00:00,8.633333333333333,5.483333333333332,0.84,21.847700000000003,147.0,8.0983,0.0,1001.48
2016-01-23 02:00:00,3.866666666666667,0.5388888888888883,0.85,13.9909,49.0,15.874600000000001,0.0,1015.46
2016-01-23 03:00:00,3.866666666666667,0.5388888888888883,0.85,13.9909,49.0,15.826300000000002,0.0,1015.81
2016-01-23 04:00:00,3.711111111111111,1.0666666666666675,0.87,10.304000000000002,59.0,14.9569,0.0,1015.17
2016-01-23 05:00:00,2.8500000000000014,-0.19444444444444522,0.96,11.3344,32.0,11.2056,0.0,1014.8
2016-01-23 06:00:00,3.866666666666667,1.072222222222222,0.89,11.157300000000001,58.0,9.982000000000001,0.0,1014.46
2016-01-23 07:00:00,3.8055555555555562,1.3722222222222216,0.9,9.4829,31.0,10.6743,0.0,1013.87
2016-01-23 08:00:00,3.888888888888889,1.8166666666666684,0.92,8.1144,46.0,11.125100000000002,0.0,1013.56
2016-01-23 09:00:00,4.927777777777776,2.077777777777779,0.87,12.590200000000001,39.0,9.9015,0.0,1013.25
2016-01-23 10:00:00,5.094444444444445,2.1499999999999986,0.86,13.363000000000001,44.0,9.9015,0.0,1012.88
2016-01-23 11:00:00,6.038888888888888,3.122222222222221,0.86,14.5061,40.0,10.0464,0.0,1012.15
2016-01-23 12:00:00,6.733333333333332,3.8611111111111125,0.86,15.246700000000002,46.0,9.982000000000001,0.0,1010.94
2016-01-23 13:00:00,7.283333333333333,4.427777777777777,0.86,16.0839,54.0,9.9015,0.0,1009.71
2016-01-23 14:00:00,7.105555555555555,4.194444444444443,0.93,16.2127,59.0,9.9015,0.0,1008.83
2016-01-23 15:00:00,7.6111111111111125,5.277777777777778,0.89,13.0088,60.0,11.0446,0.0,1007.74
2016-01-23 16:00:00,7.361111111111111,5.338888888888889,0.92,10.8031,66.0,8.629600000000002,0.0,1006.79
2016-01-23 17:00:00,7.061111111111112,6.333333333333332,0.93,5.2969,59.0,7.969500000000001,0.0,1005.97
2016-01-23 18:00:00,7.03888888888889,5.411111111111112,0.93,8.5652,49.0,7.0357,0.0,1005.07
2016-01-23 19:00:00,6.905555555555555,6.083333333333335,0.93,5.506200000000001,68.0,6.923,0.0,1004.34
2016-01-23 20:00:00,6.966666666666666,6.966666666666666,0.93,4.7012,128.0,7.0357,0.0,1003.56
2016-01-23 21:00:00,8.472222222222221,6.338888888888887,0.87,12.8961,156.0,7.905100000000001,0.0,1002.35
2016-01-23 22:00:00,8.922222222222224,6.572222222222221,0.85,15.1823,156.0,9.7566,0.0,1001.27
2016-01-23 23:00:00,9.000000000000002,6.25,0.84,18.8209,158.0,9.6761,0.0,1000.12
2016-01-24 00:00:00,10.044444444444444,10.044444444444444,0.82,23.232300000000002,168.0,9.6439,0.0,999.4
2016-01-24 01:00:00,2.0444444444444443,-1.0944444444444439,0.89,11.012400000000001,334.0,11.4954,0.0,1003.06
2016-01-24 02:00:00,8.605555555555558,5.305555555555554,0.93,23.4094,199.0,6.8586,0.0,998.58
2016-01-24 03:00:00,8.633333333333333,5.083333333333332,0.93,26.404,159.0,7.7440999999999995,0.0,996.72
2016-01-24 04:00:00,9.244444444444445,5.633333333333334,0.94,29.5596,150.0,11.3505,0.0,994.82
2016-01-24 05:00:00,9.261111111111113,5.605555555555558,0.93,30.300200000000004,161.0,11.672500000000001,0.0,994.25
2016-01-24 06:00:00,8.800000000000002,5.450000000000001,0.89,24.5686,169.0,11.125100000000002,0.0,993.82
2016-01-24 07:00:00,8.91111111111111,5.361111111111111,0.93,27.4988,191.0,8.3398,0.0,994.84
2016-01-24 08:00:00,7.755555555555556,5.305555555555554,0.96,13.9748,216.0,11.125100000000002,0.0,994.62
2016-01-24 09:00:00,7.755555555555556,4.377777777777779,0.89,21.7833,199.0,11.2056,0.0,995.31
2016-01-24 10:00:00,7.811111111111113,4.155555555555554,0.89,24.8584,208.0,10.3523,0.0,996.02
2016-01-24 11:00:00,8.983333333333334,5.905555555555557,0.83,22.073100000000004,209.0,11.270000000000001,0.0,996.23
2016-01-24 12:00:00,10.050000000000002,10.050000000000002,0.71,23.5543,219.0,11.270000000000001,0.0,996.41
2016-01-24 13:00:00,11.022222222222224,11.022222222222224,0.61,24.0695,209.0,11.4471,0.0,996.3
2016-01-24 14:00:00,10.072222222222223,10.072222222222223,0.7,14.5544,193.0,11.270000000000001,0.0,996.7
2016-01-24 15:00:00,9.833333333333336,7.6277777777777755,0.77,15.794100000000002,182.0,11.0446,0.0,997.06
2016-01-24 16:00:00,8.75,7.344444444444444,0.72,8.9838,171.0,11.157300000000001,0.0,997.42
2016-01-24 17:00:00,7.449999999999998,4.100000000000001,0.83,20.6563,205.0,11.0768,0.0,997.48
2016-01-24 18:00:00,3.7222222222222237,-0.9277777777777787,0.89,23.3611,330.0,9.853200000000001,0.0,998.22
2016-01-24 19:00:00,2.972222222222223,0.7444444444444464,0.82,8.0983,16.0,10.2718,0.0,999.55
2016-01-24 20:00:00,2.1499999999999986,-0.29999999999999954,0.85,8.372000000000002,328.0,9.853200000000001,0.0,1000.16
2016-01-24 21:00:00,1.6000000000000014,-1.7277777777777774,0.92,11.4471,328.0,11.8496,0.0,1001.25
2016-01-24 22:00:00,1.7111111111111101,-2.0833333333333335,0.92,13.846,331.0,11.414900000000001,0.0,1002.24
2016-01-24 23:00:00,0.994444444444444,-2.4444444444444438,0.93,11.398800000000001,336.0,11.672500000000001,0.0,1002.79
2016-01-25 00:00:00,0.4888888888888903,-3.6500000000000004,0.93,14.2324,338.0,9.708300000000001,0.0,1003.55
2016-01-25 01:00:00,-1.7055555555555557,-4.955555555555557,0.83,8.7262,248.0,14.168000000000003,0.0,1018.36
2016-01-25 02:00:00,0.46666666666666856,-4.622222222222223,0.89,19.8996,318.0,11.8979,0.0,1004.87
2016-01-25 03:00:00,-0.09444444444444539,-5.322222222222221,0.89,19.8996,328.0,11.9784,0.0,1005.65
2016-01-25 04:00:00,-0.5222222222222229,-5.800000000000001,0.92,19.481,329.0,9.982000000000001,0.0,1005.85
2016-01-25 05:00:00,-0.09444444444444539,-4.144444444444445,0.85,13.1537,326.0,11.2056,0.0,1006.8
2016-01-25 06:00:00,-0.09444444444444539,-4.283333333333334,0.82,13.8138,326.0,11.2056,0.0,1007.51
2016-01-25 07:00:00,-0.055555555555556344,-4.194444444444445,0.82,13.620600000000001,302.0,10.5455,0.0,1008.63
2016-01-25 08:00:00,-0.11666666666666714,-4.955555555555557,0.82,17.388,299.0,11.2056,0.0,1009.86
2016-01-25 09:00:00,-1.1111111111111112,-7.327777777777778,0.81,25.0999,319.0,11.2056,0.0,0.0
2016-01-25 10:00:00,-0.04999999999999992,-5.561111111111113,0.77,21.944300000000002,319.0,9.499,0.0,1011.91
2016-01-25 11:00:00,-0.022222222222221748,-5.288888888888888,0.82,20.253800000000002,299.0,11.2056,0.0,1013.13
2016-01-25 12:00:00,0.027777777777776198,-5.288888888888888,0.75,20.6885,289.0,11.270000000000001,0.0,1013.81
2016-01-25 13:00:00,0.9333333333333331,-3.6500000000000004,0.79,17.3719,273.0,11.0768,0.0,1014.41
2016-01-25 14:00:00,1.0888888888888895,-4.361111111111112,0.75,23.9246,270.0,11.270000000000001,0.0,1015.0
2016-01-25 15:00:00,1.0611111111111091,-3.922222222222222,0.69,20.3182,289.0,11.270000000000001,0.0,1015.62
2016-01-25 16:00:00,0.0500000000000019,-4.705555555555555,0.74,17.0982,281.0,10.722600000000002,0.0,1016.4
2016-01-25 17:00:00,-1.083333333333333,-4.938888888888889,0.8,11.3344,279.0,10.0464,0.0,1017.6
2016-01-25 18:00:00,-2.127777777777777,-5.761111111111112,0.81,9.7405,280.0,10.0464,0.0,1018.5
2016-01-25 19:00:00,-2.0388888888888896,-5.694444444444445,0.81,9.8693,273.0,9.6761,0.0,1018.67
2016-01-25 20:00:00,-2.1722222222222225,-5.361111111111111,0.81,8.2754,271.0,9.982000000000001,0.0,1019.44
2016-01-25 21:00:00,-2.2222222222222223,-4.888888888888889,0.81,6.7942,270.0,14.9086,0.0,1019.92
2016-01-25 22:00:00,-2.061111111111112,-4.727777777777779,0.8,6.8586,288.0,13.8138,0.0,1020.39
2016-01-25 23:00:00,-2.2222222222222223,-4.8055555555555545,0.81,6.5849,243.0,14.9086,0.0,1020.71
2016-01-26 00:00:00,-2.244444444444444,-4.777777777777779,0.81,6.4561,234.0,14.9086,0.0,1021.04
2016-01-26 01:00:00,-4.944444444444444,-4.944444444444444,0.9,4.250400000000001,246.0,6.488300000000001,0.0,1021.04
2016-01-26 02:00:00,-2.872222222222223,-5.433333333333334,0.81,6.295100000000001,270.0,14.9086,0.0,1021.73
2016-01-26 03:00:00,-3.938888888888889,-6.66111111111111,0.88,6.295100000000001,289.0,11.9784,0.0,1021.63
2016-01-26 04:00:00,-4.227777777777778,-4.227777777777778,0.87,4.1055,289.0,11.688600000000001,0.0,1021.68
2016-01-26 05:00:00,-3.9833333333333343,-3.9833333333333343,0.84,4.6207,298.0,9.982000000000001,0.0,1022.03
2016-01-26 06:00:00,-4.055555555555555,-7.283333333333333,0.85,7.4704,319.0,9.9015,0.0,1022.25
2016-01-26 07:00:00,-3.633333333333333,-6.344444444444445,0.85,6.359500000000001,327.0,9.821,0.0,1022.52
2016-01-26 08:00:00,-3.099999999999999,-3.099999999999999,0.86,4.7656,340.0,9.7566,0.0,1022.84
2016-01-26 09:00:00,-2.333333333333333,-2.333333333333333,0.82,3.1395,5.0,9.8049,0.0,1023.43
2016-01-26 10:00:00,-1.161111111111111,-1.161111111111111,0.75,4.3631,123.0,10.948,0.0,1023.56
2016-01-26 11:00:00,-0.044444444444443496,-0.044444444444443496,0.69,4.652900000000001,252.0,11.270000000000001,0.0,1023.63
2016-01-26 12:00:00,0.9999999999999984,0.9999999999999984,0.69,3.22,206.0,11.270000000000001,0.0,1023.43
2016-01-26 13:00:00,0.00555555555555445,0.00555555555555445,0.69,3.4776000000000002,232.0,11.0768,0.0,1023.1
2016-01-26 14:00:00,1.1388888888888873,1.1388888888888873,0.64,3.8479000000000005,308.0,11.270000000000001,0.0,1022.6
2016-01-26 15:00:00,1.0666666666666675,1.0666666666666675,0.59,1.4812,214.0,11.270000000000001,0.0,1022.32
2016-01-26 16:00:00,-0.011111111111110874,-0.011111111111110874,0.69,4.1216,225.0,10.0303,0.0,1022.48
2016-01-26 17:00:00,-1.1333333333333329,-1.1333333333333329,0.75,0.4025,174.0,10.0464,0.0,1022.23
2016-01-26 18:00:00,-2.216666666666666,-2.216666666666666,0.81,4.6690000000000005,248.0,10.0464,0.0,1022.32
2016-01-26 19:00:00,-2.6555555555555563,-5.583333333333333,0.8,7.293300000000001,261.0,10.0303,0.0,1022.42
2016-01-26 20:00:00,-3.855555555555556,-3.855555555555556,0.84,4.7978000000000005,251.0,11.270000000000001,0.0,1022.31
2016-01-26 21:00:00,-3.9499999999999997,-6.572222222222221,0.82,6.0536,269.0,11.9784,0.0,1022.23
2016-01-26 22:00:00,-4.183333333333334,-4.183333333333334,0.84,3.2039,281.0,9.982000000000001,0.0,1022.16
2016-01-26 23:00:00,-5.133333333333332,-5.133333333333332,0.88,3.3649,240.0,8.1305,0.0,1021.83
2016-01-27 00:00:00,-5.616666666666666,-8.81111111111111,0.88,6.7620000000000005,258.0,8.1305,0.0,1021.52
2016-01-27 01:00:00,-1.8055555555555556,-8.88888888888889,0.72,30.783200000000004,299.0,14.586600000000002,0.0,1022.36
2016-01-27 02:00:00,-5.127777777777778,-5.127777777777778,0.88,3.5742000000000007,239.0,6.295100000000001,0.0,1020.62
2016-01-27 03:00:00,-5.683333333333334,-8.91111111111111,0.92,6.810300000000001,240.0,6.295100000000001,0.0,1020.01
2016-01-27 04:00:00,-5.977777777777779,-5.977777777777779,0.93,3.4937,246.0,6.4078,0.0,1019.57
2016-01-27 05:00:00,-4.605555555555555,-7.655555555555556,0.92,6.810300000000001,220.0,6.1985,0.0,1018.81
2016-01-27 06:00:00,-4.05,-4.05,0.92,0.6601,209.0,6.1985,0.0,1018.2
2016-01-27 07:00:00,-3.744444444444443,-7.372222222222222,0.92,8.7262,229.0,4.9910000000000005,0.0,1017.96
2016-01-27 08:00:00,-2.9166666666666665,-6.538888888888888,0.85,9.209200000000001,239.0,6.0697,0.0,1017.8
2016-01-27 09:00:00,-2.3111111111111113,-5.972222222222222,0.82,9.708300000000001,239.0,6.118,0.0,1017.8
2016-01-27 10:00:00,-1.161111111111111,-5.900000000000001,0.83,15.375500000000002,265.0,7.824600000000001,0.0,1017.95
2016-01-27 11:00:00,-1.1388888888888893,-5.95,0.82,15.794100000000002,258.0,7.8084999999999996,0.0,1017.99
2016-01-27 12:00:00,-0.022222222222221748,-4.666666666666666,0.76,16.3576,268.0,9.9015,0.0,1017.32
2016-01-27 13:00:00,0.9888888888888895,-3.3833333333333333,0.75,16.180500000000002,267.0,8.3398,0.0,1016.95
2016-01-27 14:00:00,1.0888888888888895,-4.166666666666667,0.69,22.379,279.0,9.9015,0.0,1016.71
2016-01-27 15:00:00,1.1333333333333329,-3.9111111111111105,0.75,20.8334,279.0,10.0464,0.0,1017.11
2016-01-27 16:00:00,1.122222222222224,-4.666666666666666,0.74,26.9192,278.0,11.0768,0.0,1017.16
2016-01-27 17:00:00,0.07222222222222364,-4.561111111111112,0.74,16.3898,260.0,11.270000000000001,0.0,1017.14
2016-01-27 18:00:00,0.022222222222221748,-4.638888888888889,0.82,16.5186,251.0,9.982000000000001,0.0,1017.62
2016-01-27 19:00:00,-0.03888888888888905,-5.372222222222224,0.83,20.7046,270.0,9.982000000000001,0.0,1017.92
2016-01-27 20:00:00,-0.04999999999999992,-6.166666666666668,0.7,26.838700000000003,298.0,9.982000000000001,0.0,1018.67
2016-01-27 21:00:00,-0.5777777777777773,-7.03888888888889,0.69,28.4648,289.0,15.826300000000002,0.0,1019.07
2016-01-27 22:00:00,-0.6222222222222228,-6.988888888888888,0.73,27.4988,289.0,14.9569,0.0,1019.98
2016-01-27 23:00:00,-1.161111111111111,-8.161111111111111,0.72,31.878000000000004,290.0,15.826300000000002,0.0,1020.53
2016-01-28 00:00:00,-1.161111111111111,-8.116666666666667,0.69,31.443300000000004,309.0,15.826300000000002,0.0,1021.56
2016-01-28 01:00:00,1.5666666666666669,-2.5222222222222217,0.75,15.3433,263.0,14.9569,0.0,1015.83
2016-01-28 02:00:00,-1.6888888888888884,-8.133333333333333,0.7,25.582900000000002,309.0,15.826300000000002,0.0,1024.07
2016-01-28 03:00:00,-1.6944444444444449,-8.033333333333335,0.69,24.777900000000002,318.0,15.826300000000002,0.0,1024.38
2016-01-28 04:00:00,-2.205555555555555,-8.872222222222222,0.72,26.130300000000002,318.0,14.9569,0.0,1024.28
2016-01-28 05:00:00,-2.2222222222222223,-9.049999999999999,0.69,27.4344,319.0,9.982000000000001,0.0,1024.64
2016-01-28 06:00:00,-2.6888888888888887,-8.211111111111112,0.78,17.6295,269.0,9.982000000000001,0.0,1025.96
2016-01-28 07:00:00,-2.166666666666666,-7.6000000000000005,0.76,17.8227,266.0,10.0303,0.0,1027.0
2016-01-28 08:00:00,-1.1111111111111112,-6.866666666666666,0.81,21.6545,269.0,10.0464,0.0,1027.53
2016-01-28 09:00:00,-1.0888888888888895,-7.211111111111112,0.88,24.4237,258.0,3.2844,0.0,1028.0
2016-01-28 10:00:00,-0.9611111111111114,-6.477777777777778,0.92,20.3182,249.0,8.8711,0.0,1028.28
2016-01-28 11:00:00,1.2277777777777783,-3.9833333333333343,0.78,22.2663,249.0,10.0464,0.0,1027.49
2016-01-28 12:00:00,1.288888888888889,-3.283333333333333,0.84,17.8871,239.0,10.0464,0.0,1026.55
2016-01-28 13:00:00,4.511111111111109,0.16666666666666508,0.67,22.572200000000002,257.0,10.0303,0.0,1025.35
2016-01-28 14:00:00,4.905555555555555,0.8944444444444442,0.6,20.5919,248.0,10.0464,0.0,1023.72
2016-01-28 15:00:00,4.444444444444445,-0.1722222222222215,0.62,24.890600000000003,249.0,15.874600000000001,0.0,1023.18
2016-01-28 16:00:00,4.055555555555554,-0.21111111111111056,0.62,20.8334,249.0,10.4006,0.0,1022.9
2016-01-28 17:00:00,2.8277777777777797,-0.5222222222222229,0.7,12.8317,230.0,10.0464,0.0,1022.08
2016-01-28 18:00:00,2.7333333333333343,-1.8055555555555556,0.7,20.2377,229.0,10.0464,0.0,1021.38
2016-01-28 19:00:00,2.727777777777776,-1.3555555555555563,0.71,16.985500000000002,235.0,10.0303,0.0,1020.9
2016-01-28 20:00:00,2.666666666666665,-2.438888888888889,0.7,24.810100000000002,239.0,11.270000000000001,0.0,1019.29
2016-01-28 21:00:00,1.6277777777777775,-3.200000000000001,0.78,20.221600000000002,221.0,15.874600000000001,0.0,1017.88
2016-01-28 22:00:00,1.6777777777777796,-3.1277777777777773,0.76,20.1572,219.0,14.9569,0.0,1016.89
2016-01-28 23:00:00,2.272222222222224,-2.372222222222222,0.75,20.108900000000002,230.0,15.826300000000002,0.0,1015.7
2016-01-29 00:00:00,2.7777777777777777,-1.7555555555555555,0.71,20.286,240.0,15.826300000000002,0.0,1015.02
2016-01-29 01:00:00,1.4388888888888909,-0.8500000000000006,0.73,7.406,140.0,14.9569,0.0,1018.22
2016-01-29 02:00:00,2.7777777777777777,-1.2999999999999998,0.76,17.0499,259.0,15.826300000000002,0.0,1013.38
2016-01-29 03:00:00,3.3333333333333335,-0.6555555555555554,0.76,17.388,249.0,9.982000000000001,0.0,1012.41
2016-01-29 04:00:00,3.2944444444444443,-0.777777777777777,0.77,17.8549,247.0,9.982000000000001,0.0,1011.87
2016-01-29 05:00:00,2.9611111111111104,-1.1833333333333327,0.75,17.8227,240.0,9.982000000000001,0.0,1011.45
2016-01-29 06:00:00,3.888888888888889,-0.027777777777778172,0.7,17.806600000000003,240.0,15.826300000000002,0.0,1010.39
2016-01-29 07:00:00,4.744444444444444,0.43333333333333396,0.62,22.862000000000002,257.0,10.3523,0.0,1009.71
2016-01-29 08:00:00,6.044444444444446,1.5666666666666669,0.6,28.3843,260.0,11.2056,0.0,1009.52
2016-01-29 09:00:00,7.161111111111111,2.4444444444444438,0.56,36.047900000000006,270.0,11.270000000000001,0.0,1009.32
2016-01-29 10:00:00,8.28888888888889,3.2166666666666663,0.52,49.0567,287.0,11.4471,0.0,1009.41
2016-01-29 11:00:00,8.816666666666666,3.7444444444444454,0.54,53.242700000000006,299.0,11.270000000000001,0.0,1008.79
2016-01-29 12:00:00,8.861111111111112,3.8055555555555562,0.54,53.1944,299.0,11.270000000000001,0.0,1008.71
2016-01-29 13:00:00,8.944444444444445,3.483333333333335,0.49,63.852599999999995,307.0,11.4471,0.0,1009.05
2016-01-29 14:00:00,8.838888888888887,3.761111111111113,0.54,53.596900000000005,299.0,11.2056,0.0,1009.43
2016-01-29 15:00:00,7.777777777777778,2.333333333333335,0.58,52.936800000000005,290.0,11.2056,0.0,1010.51
2016-01-29 16:00:00,7.300000000000001,2.105555555555555,0.54,44.7419,298.0,11.398800000000001,0.0,1011.56
2016-01-29 17:00:00,6.083333333333335,0.9611111111111094,0.65,36.981700000000004,299.0,11.2056,0.0,1012.6
2016-01-29 18:00:00,4.994444444444445,0.56111111111111,0.7,24.697400000000002,299.0,9.982000000000001,0.0,1013.8
2016-01-29 19:00:00,5.044444444444443,0.6722222222222227,0.69,24.1983,299.0,10.3523,0.0,1015.52
2016-01-29 20:00:00,4.972222222222224,0.5444444444444427,0.76,24.5847,300.0,9.982000000000001,0.0,1016.19
2016-01-29 21:00:00,4.905555555555555,0.9388888888888877,0.74,20.1894,308.0,15.826300000000002,0.0,1017.0
2016-01-29 22:00:00,4.283333333333334,0.6055555555555574,0.8,16.840600000000002,309.0,14.9569,0.0,1018.13
2016-01-29 23:00:00,3.2833333333333314,-0.6833333333333336,0.82,17.146500000000003,308.0,15.826300000000002,0.0,1018.47
2016-01-30 00:00:00,2.2888888888888874,2.2888888888888874,0.79,2.6082000000000005,166.0,15.826300000000002,0.0,1018.85
2016-01-30 01:00:00,3.6555555555555546,0.055555555555556344,0.8,15.3272,307.0,14.9569,0.0,1020.52
2016-01-30 02:00:00,0.7611111111111097,0.7611111111111097,0.73,3.0429,199.0,15.826300000000002,0.0,1019.34
2016-01-30 03:00:00,0.7611111111111097,0.7611111111111097,0.79,3.7352,231.0,15.826300000000002,0.0,1019.42
2016-01-30 04:00:00,0.944444444444446,-1.4555555555555562,0.91,7.502600000000001,258.0,14.9569,0.0,1019.3
2016-01-30 05:00:00,2.244444444444444,-1.9722222222222225,0.85,17.1304,288.0,15.826300000000002,0.0,1019.41
2016-01-30 06:00:00,2.2222222222222223,-1.9722222222222225,0.85,16.9372,288.0,9.982000000000001,0.0,1019.33
2016-01-30 07:00:00,2.6500000000000017,-0.9166666666666659,0.83,13.781600000000001,293.0,9.982000000000001,0.0,1019.34
2016-01-30 08:00:00,3.8222222222222237,-0.5888888888888881,0.76,21.5257,298.0,9.982000000000001,0.0,1019.18
2016-01-30 09:00:00,3.9611111111111126,0.33333333333333415,0.76,15.955100000000002,269.0,9.982000000000001,0.0,1019.73
2016-01-30 10:00:00,4.01111111111111,-0.3388888888888886,0.81,21.429100000000002,253.0,11.0285,0.0,1019.71
2016-01-30 11:00:00,5.094444444444445,1.8277777777777773,0.75,15.359399999999999,263.0,11.270000000000001,0.0,1019.88
2016-01-30 12:00:00,5.155555555555556,1.8055555555555556,0.75,16.0517,278.0,11.270000000000001,0.0,1019.39
2016-01-30 13:00:00,6.222222222222224,3.122222222222221,0.69,16.1,277.0,11.0768,0.0,1018.55
2016-01-30 14:00:00,7.266666666666666,4.188888888888888,0.65,17.8549,278.0,11.270000000000001,0.0,1017.6
2016-01-30 15:00:00,7.311111111111109,3.7277777777777783,0.7,22.5883,269.0,11.270000000000001,0.0,1017.42
2016-01-30 16:00:00,7.344444444444444,3.299999999999999,0.65,27.820800000000002,286.0,11.0768,0.0,1017.62
2016-01-30 17:00:00,7.266666666666666,3.0388888888888883,0.65,29.833300000000005,289.0,10.0464,0.0,1017.56
2016-01-30 18:00:00,6.205555555555557,2.000000000000001,0.7,25.872700000000002,289.0,10.0464,0.0,1017.77
2016-01-30 19:00:00,6.188888888888889,1.3944444444444433,0.7,32.8923,297.0,9.982000000000001,0.0,1018.21
2016-01-30 20:00:00,6.161111111111113,1.8444444444444446,0.7,26.903100000000002,299.0,9.982000000000001,0.0,1018.7
2016-01-30 21:00:00,6.111111111111111,1.6611111111111123,0.7,28.3038,299.0,15.826300000000002,0.0,1019.35
2016-01-30 22:00:00,5.488888888888891,0.9166666666666659,0.73,27.5793,298.0,14.9569,0.0,1019.96
2016-01-30 23:00:00,5.0,-0.016666666666667298,0.73,31.008600000000005,308.0,15.826300000000002,0.0,1019.88
2016-01-31 00:00:00,4.466666666666666,-0.1388888888888889,0.76,24.922800000000002,309.0,15.826300000000002,0.0,1020.56
2016-01-31 01:00:00,0.2722222222222233,-3.511111111111111,0.89,12.2843,204.0,14.9569,0.0,1016.28
2016-01-31 02:00:00,3.405555555555557,-0.5833333333333337,0.82,17.5007,299.0,15.826300000000002,0.0,1021.35
2016-01-31 03:00:00,3.3333333333333335,-0.1555555555555562,0.79,14.2324,318.0,15.826300000000002,0.0,1021.45
2016-01-31 04:00:00,2.244444444444444,0.3388888888888886,0.85,6.6654,302.0,14.9569,0.0,1022.13
2016-01-31 05:00:00,-0.8888888888888897,-3.6055555555555543,0.91,7.5348,213.0,9.982000000000001,0.0,1022.89
2016-01-31 06:00:00,-0.9333333333333331,-4.288888888888888,0.91,9.579500000000001,209.0,9.982000000000001,0.0,1023.12
2016-01-31 07:00:00,-1.655555555555556,-5.438888888888888,0.95,10.6099,227.0,9.9015,0.0,1023.64
2016-01-31 08:00:00,0.07222222222222364,-1.4611111111111106,0.92,4.9427,169.0,9.982000000000001,0.0,1023.93
2016-01-31 09:00:00,3.916666666666665,1.8277777777777773,0.76,8.1788,257.0,9.982000000000001,0.0,1024.1
2016-01-31 10:00:00,6.027777777777779,3.5777777777777766,0.7,11.656400000000001,262.0,9.982000000000001,0.0,1023.82
2016-01-31 11:00:00,7.8500000000000005,5.327777777777779,0.62,14.6349,261.0,11.270000000000001,0.0,1023.29
2016-01-31 12:00:00,8.91111111111111,5.838888888888888,0.54,21.7994,270.0,11.270000000000001,0.0,1022.19
2016-01-31 13:00:00,8.977777777777776,6.1388888888888875,0.53,19.6903,267.0,11.398800000000001,0.0,1021.73
2016-01-31 14:00:00,8.977777777777776,7.0055555555555555,0.57,12.558,286.0,11.270000000000001,0.0,1021.37
2016-01-31 15:00:00,8.955555555555556,6.5388888888888905,0.58,15.810200000000002,249.0,11.2056,0.0,1020.84
2016-01-31 16:00:00,7.8500000000000005,5.083333333333332,0.62,16.5025,219.0,10.3523,0.0,1019.92
2016-01-31 17:00:00,4.13888888888889,3.0555555555555554,0.75,5.1681,191.0,9.982000000000001,0.0,1019.76
2016-01-31 18:00:00,2.872222222222223,0.29444444444444506,0.82,9.338000000000001,181.0,9.9015,0.0,1019.88
2016-01-31 19:00:00,1.466666666666667,-1.8611111111111118,0.85,11.3505,189.0,9.982000000000001,0.0,1019.82
2016-01-31 20:00:00,0.23333333333333428,-3.227777777777777,0.84,10.835300000000002,200.0,9.982000000000001,0.0,1019.18
2016-01-31 21:00:00,0.6055555555555574,-1.6055555555555558,0.89,6.7942,209.0,15.826300000000002,0.0,1018.86
2016-01-31 22:00:00,-0.08333333333333254,-4.133333333333334,0.91,13.1537,200.0,14.9569,0.0,1017.99
2016-01-31 23:00:00,1.0888888888888895,-3.4000000000000004,0.85,17.0338,199.0,15.826300000000002,0.0,1016.82
2016-02-01 00:00:00,0.5555555555555556,-3.5500000000000003,0.89,14.1519,200.0,15.826300000000002,0.0,1016.37
2016-02-01 01:00:00,2.5222222222222217,-1.6722222222222232,0.76,17.404100000000003,322.0,14.9569,0.0,1021.96
2016-02-01 02:00:00,0.7888888888888899,-3.2722222222222226,0.89,14.1841,221.0,15.826300000000002,0.0,1014.38
2016-02-01 03:00:00,0.7388888888888879,-2.605555555555556,0.92,10.787,214.0,15.826300000000002,0.0,1013.47
2016-02-01 04:00:00,1.4777777777777759,-1.8388888888888881,0.92,11.286100000000001,218.0,14.023100000000003,0.0,1013.14
2016-02-01 05:00:00,3.866666666666667,0.21666666666666698,0.82,15.987300000000001,288.0,11.0446,0.0,1013.83
2016-02-01 06:00:00,4.927777777777776,-0.21111111111111056,0.86,32.2483,289.0,11.125100000000002,0.0,1013.73
2016-02-01 07:00:00,4.911111111111113,0.09999999999999984,0.87,28.3521,281.0,10.5938,0.0,1014.16
2016-02-01 08:00:00,6.1388888888888875,1.3277777777777782,0.79,32.8279,289.0,9.9015,0.0,1014.06
2016-02-01 09:00:00,7.733333333333334,2.938888888888888,0.71,40.298300000000005,298.0,11.270000000000001,0.0,1014.19
2016-02-01 10:00:00,8.833333333333334,4.033333333333332,0.65,47.5272,299.0,11.4471,0.0,1014.4
2016-02-01 11:00:00,8.933333333333332,4.3277777777777775,0.63,44.3877,299.0,11.270000000000001,0.0,1014.83
2016-02-01 12:00:00,10.02222222222222,10.02222222222222,0.58,44.21060000000001,318.0,11.270000000000001,0.0,1015.09
2016-02-01 13:00:00,10.050000000000002,10.050000000000002,0.53,47.285700000000006,308.0,11.0768,0.0,1015.3
2016-02-01 14:00:00,10.044444444444444,10.044444444444444,0.5,43.5988,317.0,11.270000000000001,0.0,1015.78
2016-02-01 15:00:00,8.933333333333332,4.261111111111112,0.54,45.6113,319.0,11.270000000000001,0.0,1016.33
2016-02-01 16:00:00,8.044444444444443,3.561111111111109,0.61,36.933400000000006,310.0,11.398800000000001,0.0,1017.26
2016-02-01 17:00:00,7.266666666666666,2.283333333333333,0.6,40.8457,309.0,9.982000000000001,0.0,1017.44
2016-02-01 18:00:00,7.194444444444446,2.6055555555555543,0.6,34.437900000000006,318.0,9.982000000000001,0.0,1018.35
2016-02-01 19:00:00,6.194444444444444,1.4888888888888887,0.68,31.684800000000003,319.0,10.3523,0.0,1019.11
2016-02-01 20:00:00,6.083333333333335,1.4888888888888887,0.65,29.9138,318.0,9.982000000000001,0.0,1019.94
2016-02-01 21:00:00,5.555555555555555,0.9555555555555549,0.67,28.0945,318.0,15.826300000000002,0.0,1020.99
2016-02-01 22:00:00,4.427777777777777,-0.3111111111111104,0.73,26.098100000000002,318.0,14.9569,0.0,1021.61
2016-02-01 23:00:00,3.8833333333333346,-0.905555555555555,0.73,25.051600000000004,308.0,15.826300000000002,0.0,1022.14
2016-02-02 00:00:00,3.355555555555555,-0.6111111111111119,0.76,17.227,317.0,9.982000000000001,0.0,1022.91
2016-02-02 01:00:00,2.361111111111111,-1.0055555555555549,0.77,12.4131,319.0,9.982000000000001,0.0,1024.31
2016-02-02 02:00:00,2.727777777777776,-1.7999999999999992,0.76,20.1411,328.0,15.826300000000002,0.0,1024.09
2016-02-02 03:00:00,1.6888888888888884,-2.638888888888889,0.78,16.9211,328.0,15.826300000000002,0.0,1024.48
2016-02-02 04:00:00,0.7555555555555552,-3.355555555555555,0.84,14.4095,334.0,14.9569,0.0,1025.41
2016-02-02 05:00:00,-0.9111111111111114,-4.694444444444445,0.91,11.2217,317.0,9.982000000000001,0.0,1026.18
2016-02-02 06:00:00,-0.905555555555555,-3.9055555555555563,0.87,8.372000000000002,290.0,9.982000000000001,0.0,1026.67
2016-02-02 07:00:00,-1.7666666666666666,-3.9055555555555563,0.94,5.699400000000001,303.0,9.982000000000001,0.0,1027.42
2016-02-02 08:00:00,1.1111111111111112,-1.761111111111112,0.78,9.209200000000001,326.0,9.982000000000001,0.0,1028.53
2016-02-02 09:00:00,2.7999999999999994,2.7999999999999994,0.82,3.4615,321.0,9.982000000000001,0.0,1029.11
2016-02-02 10:00:00,4.927777777777776,4.927777777777776,0.66,3.3971,355.0,9.982000000000001,0.0,1029.59
2016-02-02 11:00:00,6.1833333333333345,6.1833333333333345,0.55,4.2987,151.0,9.982000000000001,0.0,1029.52
2016-02-02 12:00:00,7.294444444444445,5.894444444444444,0.55,7.792400000000001,232.0,10.0464,0.0,1029.12
2016-02-02 13:00:00,7.294444444444445,5.0666666666666655,0.54,11.930100000000001,260.0,10.4006,0.0,1028.73
2016-02-02 14:00:00,7.799999999999999,5.777777777777777,0.53,11.3183,261.0,9.982000000000001,0.0,1027.82
2016-02-02 15:00:00,7.822222222222221,5.78888888888889,0.53,11.398800000000001,270.0,9.982000000000001,0.0,1027.61
2016-02-02 16:00:00,6.427777777777778,4.133333333333332,0.58,11.270000000000001,280.0,10.5455,0.0,1027.5
2016-02-02 17:00:00,2.9277777777777794,0.044444444444443496,0.69,10.6904,290.0,9.982000000000001,0.0,1027.81
2016-02-02 18:00:00,2.311111111111109,2.311111111111109,0.69,3.1717,289.0,9.982000000000001,0.0,1028.11
2016-02-02 19:00:00,0.344444444444443,-2.027777777777777,0.81,7.1162,207.0,9.982000000000001,0.0,1027.97
2016-02-02 20:00:00,-0.022222222222221748,-2.5166666666666675,0.82,7.3094,182.0,9.982000000000001,0.0,1027.74
2016-02-02 21:00:00,-0.6500000000000009,-2.716666666666667,0.82,5.9087000000000005,91.0,15.826300000000002,0.0,1028.02
2016-02-02 22:00:00,-1.466666666666667,-3.6555555555555546,0.89,5.9087000000000005,195.0,14.9569,0.0,1027.86
2016-02-02 23:00:00,-2.244444444444444,-2.244444444444444,0.88,3.2039,179.0,15.826300000000002,0.0,1027.34
2016-02-03 00:00:00,-3.2222222222222228,-5.711111111111112,0.92,6.0053,211.0,15.826300000000002,0.0,1027.31
2016-02-03 01:00:00,-2.2000000000000006,-2.2000000000000006,0.92,3.8962000000000003,251.0,13.8138,0.0,1026.75
2016-02-03 02:00:00,-2.383333333333333,-2.383333333333333,0.92,2.7853000000000003,212.0,14.9086,0.0,1026.2
2016-02-03 03:00:00,-1.3222222222222217,-3.7055555555555566,0.92,6.44,194.0,12.042800000000002,0.0,1025.21
2016-02-03 04:00:00,0.8833333333333352,-1.4333333333333325,0.92,7.228900000000001,233.0,9.4829,0.0,1024.65
2016-02-03 05:00:00,1.3222222222222237,-1.2444444444444436,1.0,8.2432,220.0,9.8049,0.0,1023.5
2016-02-03 06:00:00,2.3888888888888875,-0.7222222222222227,0.99,11.2056,221.0,7.824600000000001,0.0,1022.5
2016-02-03 07:00:00,2.8999999999999995,0.07222222222222364,0.95,10.4006,239.0,4.4919,0.0,1022.09
2016-02-03 08:00:00,2.9666666666666686,-0.9666666666666658,0.99,16.3898,233.0,4.4919,0.0,1021.41
2016-02-03 09:00:00,5.116666666666667,0.7999999999999987,0.86,23.860200000000003,261.0,4.6690000000000005,0.0,1020.56
2016-02-03 10:00:00,6.022222222222224,1.722222222222223,0.85,26.3396,288.0,7.3255,0.0,1020.24
2016-02-03 11:00:00,7.799999999999999,3.072222222222223,0.7,39.5738,309.0,11.270000000000001,0.0,1019.56
2016-02-03 12:00:00,7.872222222222224,2.7611111111111106,0.62,46.834900000000005,319.0,11.270000000000001,0.0,1019.73
2016-02-03 13:00:00,7.872222222222224,3.4222222222222203,0.61,35.5649,319.0,11.0768,0.0,1019.41
2016-02-03 14:00:00,8.866666666666667,4.688888888888887,0.54,36.321600000000004,319.0,11.270000000000001,0.0,1019.33
2016-02-03 15:00:00,7.799999999999999,3.444444444444446,0.53,33.777800000000006,318.0,11.270000000000001,0.0,1019.51
2016-02-03 16:00:00,7.355555555555558,2.866666666666665,0.54,33.649,319.0,11.0768,0.0,1020.25
2016-02-03 17:00:00,6.1833333333333345,1.1555555555555546,0.6,36.0157,319.0,10.0464,0.0,1019.66
2016-02-03 18:00:00,5.094444444444445,0.7111111111111117,0.65,24.3915,309.0,9.982000000000001,0.0,1020.42
2016-02-03 19:00:00,5.0166666666666675,0.8277777777777788,0.7,22.379,309.0,9.982000000000001,0.0,1020.87
2016-02-03 20:00:00,4.905555555555555,0.39999999999999936,0.7,25.164300000000004,318.0,9.982000000000001,0.0,1020.99
2016-02-03 21:00:00,4.4222222222222225,0.2722222222222233,0.73,20.6402,319.0,15.826300000000002,0.0,1021.59
2016-02-03 22:00:00,3.927777777777778,-0.344444444444445,0.76,20.608000000000004,320.0,14.9569,0.0,1022.21
2016-02-03 23:00:00,3.3333333333333335,-0.6777777777777771,0.76,17.5007,319.0,15.826300000000002,0.0,1022.88
2016-02-04 00:00:00,2.2888888888888874,-0.9611111111111114,0.81,11.753,326.0,15.826300000000002,0.0,1023.2
2016-02-04 01:00:00,-1.8333333333333337,-4.888888888888889,0.87,8.0661,307.0,14.9569,0.0,1024.23
2016-02-04 02:00:00,1.6888888888888884,-2.7222222222222214,0.82,17.4685,318.0,14.9086,0.0,1023.71
2016-02-04 03:00:00,0.6666666666666683,-3.4777777777777787,0.84,14.49,318.0,14.9086,0.0,1023.71
2016-02-04 04:00:00,0.7611111111111097,-3.927777777777778,0.85,17.7583,318.0,14.168000000000003,0.0,1023.79
2016-02-04 05:00:00,0.11666666666666714,-4.688888888888889,0.85,17.4846,309.0,9.982000000000001,0.0,1023.79
2016-02-04 06:00:00,-0.9333333333333331,-5.133333333333332,0.91,13.0088,318.0,9.982000000000001,0.0,1023.69
2016-02-04 07:00:00,-0.7000000000000008,-4.872222222222222,0.87,13.0732,327.0,9.982000000000001,0.0,1023.89
2016-02-04 08:00:00,1.1333333333333329,-3.099999999999999,0.85,15.584800000000001,319.0,11.2056,0.0,1024.37
2016-02-04 09:00:00,2.3166666666666678,-1.9444444444444444,0.79,17.516800000000003,329.0,9.982000000000001,0.0,1024.38
2016-02-04 10:00:00,3.0555555555555554,-1.5722222222222213,0.75,21.6062,339.0,10.3523,0.0,1024.77
2016-02-04 11:00:00,4.144444444444445,-0.23888888888888873,0.74,22.0087,357.0,11.2056,0.0,1025.14
2016-02-04 12:00:00,7.244444444444444,3.872222222222222,0.55,20.4148,358.0,11.2056,0.0,1024.75
2016-02-04 13:00:00,6.355555555555554,2.4833333333333325,0.53,22.878100000000003,6.0,11.398800000000001,0.0,1024.47
2016-02-04 14:00:00,6.338888888888887,3.2944444444444443,0.54,15.874600000000001,7.0,11.2056,0.0,1024.15
2016-02-04 15:00:00,6.25,2.694444444444445,0.52,19.706400000000002,27.0,9.982000000000001,0.0,1024.33
2016-02-04 16:00:00,5.277777777777778,3.9111111111111105,0.58,6.4561,351.0,10.3523,0.0,1024.31
2016-02-04 17:00:00,4.094444444444443,2.9777777777777774,0.63,5.2325,274.0,9.982000000000001,0.0,1024.35
2016-02-04 18:00:00,1.3611111111111127,-1.6222222222222231,0.74,9.821,264.0,9.982000000000001,0.0,1024.56
2016-02-04 19:00:00,2.4277777777777763,2.4277777777777763,0.68,2.6404,284.0,9.982000000000001,0.0,1024.91
2016-02-04 20:00:00,1.1555555555555546,-2.5166666666666675,0.75,12.6385,329.0,9.982000000000001,0.0,1025.16
2016-02-04 21:00:00,1.0666666666666675,-0.9611111111111114,0.75,6.488300000000001,326.0,15.826300000000002,0.0,1025.15
2016-02-04 22:00:00,-1.2555555555555564,-3.827777777777778,0.81,6.9552000000000005,315.0,14.9569,0.0,1025.37
2016-02-04 23:00:00,-1.1388888888888893,-1.1388888888888893,0.85,3.1234,343.0,15.826300000000002,0.0,1025.05
2016-02-05 00:00:00,-2.244444444444444,-4.711111111111112,0.85,6.295100000000001,289.0,15.826300000000002,0.0,1024.95
2016-02-05 01:00:00,-1.5444444444444452,-1.5444444444444452,0.91,4.6368,189.0,14.9569,0.0,1012.71
2016-02-05 02:00:00,-3.377777777777777,-6.033333333333333,0.88,6.3434,288.0,15.826300000000002,0.0,1024.05
2016-02-05 03:00:00,-3.3500000000000005,-6.094444444444444,0.92,6.552700000000001,277.0,15.826300000000002,0.0,1023.82
2016-02-05 04:00:00,-3.083333333333334,-3.083333333333334,0.88,4.3631,284.0,14.9569,0.0,1022.91
2016-02-05 05:00:00,-3.3055555555555554,-3.3055555555555554,0.88,3.5098000000000003,214.0,15.826300000000002,0.0,1022.42
2016-02-05 06:00:00,-4.183333333333334,-4.183333333333334,0.92,3.5259,266.0,8.05,0.0,1022.18
2016-02-05 07:00:00,-3.4611111111111112,-5.777777777777777,0.86,5.554500000000001,226.0,9.9015,0.0,1021.71
2016-02-05 08:00:00,-1.1000000000000003,-2.905555555555556,0.91,5.1681,222.0,9.9015,0.0,1021.69
2016-02-05 09:00:00,1.1833333333333347,-2.1722222222222225,0.85,11.2056,230.0,9.982000000000001,0.0,1021.19
2016-02-05 10:00:00,4.6333333333333355,1.8277777777777773,0.77,11.9945,249.0,9.982000000000001,0.0,1020.57
2016-02-05 11:00:00,7.266666666666666,4.894444444444446,0.64,12.735100000000001,258.0,9.982000000000001,0.0,1019.79
2016-02-05 12:00:00,7.822222222222221,5.533333333333334,0.62,12.976600000000001,264.0,11.2056,0.0,1018.97
2016-02-05 13:00:00,7.827777777777779,4.644444444444444,0.57,20.076700000000002,239.0,11.0285,0.0,1018.26
2016-02-05 14:00:00,8.91111111111111,5.811111111111112,0.49,22.105300000000003,228.0,9.982000000000001,0.0,1016.74
2016-02-05 15:00:00,8.983333333333334,5.911111111111111,0.53,22.0087,209.0,9.982000000000001,0.0,1015.53
2016-02-05 16:00:00,7.488888888888886,4.61111111111111,0.59,16.6957,200.0,10.3523,0.0,1014.8
2016-02-05 17:00:00,4.183333333333334,1.1666666666666674,0.69,12.6224,198.0,9.982000000000001,0.0,1014.54
2016-02-05 18:00:00,4.066666666666666,0.7277777777777791,0.7,14.312900000000003,161.0,9.982000000000001,0.0,1014.09
2016-02-05 19:00:00,2.972222222222223,-0.8333333333333334,0.75,15.633100000000002,168.0,9.982000000000001,0.0,1013.65
2016-02-05 20:00:00,2.7833333333333323,-1.2833333333333325,0.76,16.9533,170.0,9.982000000000001,0.0,1012.64
2016-02-05 21:00:00,2.2666666666666657,-1.4444444444444453,0.75,14.1036,160.0,15.826300000000002,0.0,1011.75
2016-02-05 22:00:00,1.6444444444444448,-2.2222222222222223,0.79,14.168000000000003,179.0,14.9569,0.0,1011.49
2016-02-05 23:00:00,1.2055555555555566,-2.7499999999999996,0.82,14.1197,161.0,15.826300000000002,0.0,1010.97
2016-02-06 00:00:00,0.6722222222222227,-3.355555555555555,0.82,13.8782,151.0,15.826300000000002,0.0,1010.45
2016-02-06 01:00:00,4.405555555555555,1.6944444444444429,0.86,11.3022,191.0,13.9426,0.0,1006.94
2016-02-06 02:00:00,-0.39444444444444493,-4.7,0.87,14.0553,171.0,14.9086,0.0,1009.28
2016-02-06 03:00:00,0.1388888888888889,-3.3500000000000005,0.88,10.8836,182.0,14.9086,0.0,1008.79
2016-02-06 04:00:00,0.15000000000000174,-2.3555555555555547,0.88,7.422100000000001,191.0,14.9569,0.0,1008.71
2016-02-06 05:00:00,0.10555555555555429,-3.327777777777777,0.84,10.6099,173.0,9.982000000000001,0.0,1008.4
2016-02-06 06:00:00,0.10555555555555429,-3.0055555555555555,0.84,9.4024,195.0,9.982000000000001,0.0,1008.3
2016-02-06 07:00:00,-0.777777777777777,-3.444444444444444,0.87,7.438200000000001,184.0,9.982000000000001,0.0,1008.43
2016-02-06 08:00:00,0.1555555555555562,0.1555555555555562,0.85,4.5402000000000005,187.0,9.982000000000001,0.0,1008.5
2016-02-06 09:00:00,2.8777777777777778,0.6222222222222208,0.76,8.1305,214.0,9.9015,0.0,1008.48
2016-02-06 10:00:00,7.049999999999999,5.0666666666666655,0.61,10.2879,244.0,9.982000000000001,0.0,1008.39
2016-02-06 11:00:00,9.883333333333333,8.583333333333336,0.55,9.5312,271.0,9.9015,0.0,1008.58
2016-02-06 12:00:00,10.972222222222221,10.972222222222221,0.54,7.905100000000001,239.0,11.270000000000001,0.0,1008.1
2016-02-06 13:00:00,10.82222222222222,10.82222222222222,0.54,8.629600000000002,225.0,11.0768,0.0,1007.62
2016-02-06 14:00:00,11.083333333333336,11.083333333333336,0.5,11.8657,229.0,10.0464,0.0,1006.68
2016-02-06 15:00:00,9.949999999999998,7.877777777777778,0.55,14.8925,209.0,11.270000000000001,0.0,0.0
2016-02-06 16:00:00,9.005555555555556,7.522222222222221,0.58,9.6278,177.0,11.0285,0.0,1006.65
2016-02-06 17:00:00,7.911111111111113,6.038888888888888,0.63,10.577700000000002,139.0,11.2056,0.0,1006.18
2016-02-06 18:00:00,7.861111111111111,5.305555555555554,0.59,14.9247,158.0,9.982000000000001,0.0,1006.08
2016-02-06 19:00:00,7.127777777777776,4.8888888888888875,0.67,11.785200000000001,160.0,11.0285,0.0,1006.01
2016-02-06 20:00:00,6.199999999999998,4.027777777777778,0.76,10.384500000000001,146.0,11.2056,0.0,1005.97
2016-02-06 21:00:00,6.15,5.150000000000002,0.74,5.7155000000000005,164.0,14.731500000000002,0.0,1005.81
2016-02-06 22:00:00,5.8500000000000005,4.283333333333334,0.78,7.486500000000001,193.0,14.023100000000003,0.0,1006.03
2016-02-06 23:00:00,5.555555555555555,5.555555555555555,0.82,1.3685,49.0,14.731500000000002,0.0,1006.28
2016-02-07 00:00:00,5.094444444444445,3.661111111111113,0.86,6.5849,186.0,14.6349,0.0,1006.37
2016-02-07 01:00:00,5.233333333333334,3.072222222222223,0.92,9.450700000000001,132.0,9.6761,0.0,1006.57
2016-02-07 02:00:00,5.116666666666667,3.688888888888889,0.79,6.5849,172.0,14.7637,0.0,1006.05
2016-02-07 03:00:00,5.072222222222224,3.7277777777777783,0.79,6.295100000000001,156.0,14.7637,0.0,1005.46
2016-02-07 04:00:00,3.494444444444444,0.6277777777777792,0.82,11.141200000000001,147.0,14.0553,0.0,1005.44
2016-02-07 05:00:00,2.411111111111113,-0.6611111111111119,0.85,11.0607,150.0,11.0768,0.0,1005.15
2016-02-07 06:00:00,2.944444444444443,0.4166666666666667,0.77,9.209200000000001,160.0,11.0768,0.0,1004.97
2016-02-07 07:00:00,3.1333333333333337,0.5888888888888901,0.82,9.4185,166.0,10.8836,0.0,1004.91
2016-02-07 08:00:00,3.916666666666665,1.6444444444444448,0.77,8.8872,162.0,11.0446,0.0,1005.21
2016-02-07 09:00:00,7.066666666666666,4.405555555555555,0.73,14.312900000000003,259.0,9.708300000000001,0.0,1005.32
2016-02-07 10:00:00,7.283333333333333,7.283333333333333,0.71,4.7656,294.0,11.2056,0.0,1005.76
2016-02-07 11:00:00,7.733333333333334,6.35,0.72,8.033900000000001,306.0,9.8049,0.0,1006.0
2016-02-07 12:00:00,8.77222222222222,7.538888888888888,0.65,8.1788,287.0,9.9015,0.0,1005.7
2016-02-07 13:00:00,9.244444444444445,7.605555555555554,0.65,10.770900000000001,317.0,11.3183,0.0,1005.66
2016-02-07 14:00:00,8.794444444444444,6.816666666666668,0.77,12.348700000000001,327.0,9.9015,0.0,1005.53
2016-02-07 15:00:00,8.77222222222222,7.416666666666667,0.77,8.790600000000001,336.0,9.9015,0.0,1005.93
2016-02-07 16:00:00,8.077777777777776,6.0555555555555545,0.8,11.672500000000001,346.0,11.3183,0.0,1006.24
2016-02-07 17:00:00,7.177777777777779,7.177777777777779,0.86,4.314800000000001,10.0,7.969500000000001,0.0,1006.71
2016-02-07 18:00:00,6.1388888888888875,4.638888888888889,0.93,7.406,10.0,11.0446,0.0,1007.01
2016-02-07 19:00:00,6.066666666666667,6.066666666666667,0.93,1.4007,48.0,8.629600000000002,0.0,1007.44
2016-02-07 20:00:00,6.066666666666667,4.41111111111111,0.93,7.953400000000001,90.0,7.905100000000001,0.0,1007.21
2016-02-07 21:00:00,6.066666666666667,3.7444444444444454,0.93,11.0285,121.0,6.9874,0.0,1007.57
2016-02-07 22:00:00,6.027777777777779,3.7944444444444434,0.95,10.513300000000001,98.0,13.894300000000003,0.0,1006.9
2016-02-07 23:00:00,6.066666666666667,4.744444444444444,0.93,6.7298,93.0,15.456,0.0,1006.64
2016-02-08 00:00:00,5.027777777777776,5.027777777777776,0.96,3.3005,143.0,9.6117,0.0,1006.82
2016-02-08 01:00:00,8.044444444444443,5.683333333333332,0.78,13.7977,206.0,14.9569,0.0,1006.89
2016-02-08 02:00:00,2.9666666666666686,2.9666666666666686,0.96,2.3184,336.0,3.9284000000000003,0.0,1006.69
2016-02-08 03:00:00,3.383333333333335,1.0777777777777766,0.96,8.645700000000001,132.0,0.8533000000000001,0.0,1006.36
2016-02-08 04:00:00,3.0166666666666666,1.1777777777777763,0.95,6.8264000000000005,168.0,1.7066000000000001,0.0,1006.24
2016-02-08 05:00:00,2.805555555555554,-0.1722222222222215,1.0,10.980200000000002,169.0,3.9284000000000003,0.0,1005.87
2016-02-08 06:00:00,3.3611111111111094,0.46111111111111014,0.92,11.157300000000001,150.0,7.776300000000001,0.0,1005.85
2016-02-08 07:00:00,2.922222222222221,-0.08888888888888896,0.95,11.253900000000002,152.0,6.5849,0.0,1006.44
2016-02-08 08:00:00,4.9833333333333325,2.422222222222222,0.87,11.125100000000002,160.0,9.708300000000001,0.0,1005.94
2016-02-08 09:00:00,7.083333333333333,4.966666666666665,0.8,11.0446,170.0,10.980200000000002,0.0,1005.87
2016-02-08 10:00:00,10.52222222222222,10.52222222222222,0.78,15.488199999999999,172.0,9.9015,0.0,1005.98
2016-02-08 11:00:00,10.911111111111111,10.911111111111111,0.72,20.286,200.0,11.2056,0.0,1005.97
2016-02-08 12:00:00,12.68888888888889,12.68888888888889,0.69,23.6187,199.0,11.270000000000001,0.0,1005.55
2016-02-08 13:00:00,13.866666666666667,13.866666666666667,0.57,35.613200000000006,229.0,11.0768,0.0,1004.97
2016-02-08 14:00:00,14.972222222222221,14.972222222222221,0.52,29.688400000000005,220.0,11.270000000000001,0.0,1004.44
2016-02-08 15:00:00,13.883333333333335,13.883333333333335,0.55,21.896,220.0,11.270000000000001,0.0,1004.55
2016-02-08 16:00:00,12.894444444444446,12.894444444444446,0.54,17.3397,221.0,11.398800000000001,0.0,1004.89
2016-02-08 17:00:00,10.227777777777776,10.227777777777776,0.65,12.8317,199.0,11.2056,0.0,1005.33
2016-02-08 18:00:00,8.1,5.7055555555555575,0.75,14.1358,179.0,11.2056,0.0,1005.73
2016-02-08 19:00:00,9.166666666666666,6.705555555555556,0.7,16.599100000000004,198.0,9.982000000000001,0.0,1006.11
2016-02-08 20:00:00,8.005555555555553,5.511111111111112,0.75,14.6832,208.0,9.982000000000001,0.0,1006.24
2016-02-08 21:00:00,8.477777777777776,5.7555555555555555,0.73,17.388,210.0,15.826300000000002,0.0,1006.35
2016-02-08 22:00:00,8.455555555555556,5.699999999999999,0.73,17.6295,212.0,14.9569,0.0,1006.77
2016-02-08 23:00:00,8.983333333333334,6.7444444444444445,0.7,14.441700000000003,209.0,15.826300000000002,0.0,1006.92
2016-02-09 00:00:00,7.894444444444446,5.46111111111111,0.76,14.039200000000001,209.0,15.826300000000002,0.0,1006.92
2016-02-09 01:00:00,2.5444444444444434,2.5444444444444434,0.91,4.7978000000000005,168.0,2.0286,0.0,1012.09
2016-02-09 02:00:00,8.450000000000001,6.594444444444443,0.75,11.141200000000001,199.0,9.982000000000001,0.0,1007.04
2016-02-09 03:00:00,8.405555555555557,6.51111111111111,0.76,11.3183,209.0,15.826300000000002,0.0,1006.87
2016-02-09 04:00:00,7.8500000000000005,6.5388888888888905,0.79,7.8084999999999996,200.0,15.005200000000002,0.0,1006.82
2016-02-09 05:00:00,7.733333333333334,7.233333333333336,0.84,4.8944,227.0,11.0446,0.0,1007.15
2016-02-09 06:00:00,7.222222222222222,5.711111111111112,0.86,8.227100000000002,171.0,11.0446,0.0,1007.45
2016-02-09 07:00:00,7.300000000000001,5.98888888888889,0.91,7.438200000000001,146.0,10.8836,0.0,1007.44
2016-02-09 08:00:00,7.244444444444444,4.694444444444446,0.93,13.8621,132.0,11.0446,0.0,1007.74
2016-02-09 09:00:00,7.799999999999999,5.611111111111112,0.89,12.332600000000001,133.0,11.0446,0.0,1007.92
2016-02-09 10:00:00,8.877777777777775,8.877777777777775,0.84,1.4168,150.0,10.8836,0.0,1007.76
2016-02-09 11:00:00,8.91111111111111,7.094444444444446,0.89,11.4632,209.0,11.0446,0.0,1008.0
2016-02-09 12:00:00,9.905555555555555,8.800000000000002,0.84,8.5491,205.0,11.125100000000002,0.0,1008.56
2016-02-09 13:00:00,10.111111111111112,10.111111111111112,0.84,5.4096,253.0,11.3183,0.0,1008.91
2016-02-09 14:00:00,9.97777777777778,8.666666666666666,0.86,9.708300000000001,261.0,10.0464,0.0,1009.08
2016-02-09 15:00:00,9.955555555555556,8.18888888888889,0.77,12.590200000000001,288.0,10.0464,0.0,1009.3
2016-02-09 16:00:00,9.11111111111111,7.6111111111111125,0.81,9.8693,302.0,10.0303,0.0,1009.75
2016-02-09 17:00:00,7.799999999999999,7.799999999999999,0.89,3.4615,304.0,9.982000000000001,0.0,1010.21
2016-02-09 18:00:00,7.705555555555555,7.705555555555555,0.89,3.4454000000000002,184.0,9.982000000000001,0.0,1010.91
2016-02-09 19:00:00,7.188888888888887,7.188888888888887,0.92,3.5420000000000007,231.0,9.982000000000001,0.0,1011.82
2016-02-09 20:00:00,4.927777777777776,4.927777777777776,1.0,2.8658,242.0,9.982000000000001,0.0,1012.23
2016-02-09 21:00:00,4.305555555555555,4.305555555555555,0.99,3.22,30.0,6.1985,0.0,1012.51
2016-02-09 22:00:00,2.6555555555555563,0.9166666666666659,0.96,6.3434,348.0,2.6243,0.0,1012.81
2016-02-09 23:00:00,1.0388888888888874,1.0388888888888874,0.96,3.22,50.0,0.5313000000000001,0.0,1013.11
2016-02-10 00:00:00,0.0611111111111108,0.0611111111111108,0.96,3.0429,312.0,0.32200000000000006,0.0,1013.39
2016-02-10 01:00:00,6.177777777777776,5.244444444444444,0.99,5.5384,129.0,2.5599000000000003,0.0,1011.0
2016-02-10 02:00:00,0.6611111111111099,0.6611111111111099,1.0,3.22,100.0,3.3971,0.0,1013.3
2016-02-10 03:00:00,1.2166666666666655,1.2166666666666655,0.96,2.8336,14.0,0.32200000000000006,0.0,1013.08
2016-02-10 04:00:00,1.2555555555555544,1.2555555555555544,0.99,3.9123000000000006,60.0,1.7871000000000004,0.0,1012.54
2016-02-10 05:00:00,1.1666666666666674,1.1666666666666674,0.92,0.3864,46.0,3.8801000000000005,0.0,1012.19
2016-02-10 06:00:00,1.2166666666666655,1.2166666666666655,0.99,3.4615,32.0,3.8801000000000005,0.0,1011.73
2016-02-10 07:00:00,2.638888888888889,1.2222222222222239,0.93,5.474,50.0,3.864,0.0,1011.82
2016-02-10 08:00:00,2.8888888888888906,2.8888888888888906,1.0,3.5581,61.0,4.8139,0.0,1012.1
2016-02-10 09:00:00,5.061111111111111,3.266666666666668,0.99,7.840700000000001,44.0,5.9731000000000005,0.0,1011.7
2016-02-10 10:00:00,7.438888888888889,5.844444444444446,0.92,8.7262,87.0,9.209200000000001,0.0,1011.14
2016-02-10 11:00:00,8.883333333333335,7.3999999999999995,0.89,9.5312,81.0,9.8049,0.0,1010.93
2016-02-10 12:00:00,10.038888888888888,10.038888888888888,0.86,8.05,23.0,9.982000000000001,0.0,1010.51
2016-02-10 13:00:00,11.338888888888887,11.338888888888887,0.83,8.5974,53.0,11.398800000000001,0.0,1009.92
2016-02-10 14:00:00,12.07777777777778,12.07777777777778,0.86,9.6922,32.0,11.2056,0.0,1009.32
2016-02-10 15:00:00,12.611111111111112,12.611111111111112,0.73,12.2199,127.0,11.2056,0.0,1008.94
2016-02-10 16:00:00,12.022222222222222,12.022222222222222,0.74,12.236,137.0,11.0285,0.0,1008.72
2016-02-10 17:00:00,11.016666666666666,11.016666666666666,0.78,7.3738,156.0,9.982000000000001,0.0,1008.94
2016-02-10 18:00:00,9.972222222222223,8.81111111111111,0.86,8.919400000000001,156.0,9.9015,0.0,1009.71
2016-02-10 19:00:00,9.972222222222223,8.822222222222223,0.86,8.8228,141.0,9.9015,0.0,1010.06
2016-02-10 20:00:00,9.86111111111111,8.68888888888889,0.87,8.8389,155.0,9.9015,0.0,1010.01
2016-02-10 21:00:00,8.838888888888887,8.116666666666667,0.93,6.1341,154.0,11.8979,0.0,1010.1
2016-02-10 22:00:00,8.372222222222222,7.577777777777778,0.95,6.1341,156.0,7.985600000000001,0.0,1010.16
2016-02-10 23:00:00,8.18888888888889,7.394444444444446,0.96,6.021400000000001,160.0,6.7942,0.0,1010.39
2016-02-11 00:00:00,7.6111111111111125,6.611111111111111,0.96,6.44,140.0,4.314800000000001,0.0,1010.42
2016-02-11 01:00:00,7.127777777777776,6.0555555555555545,0.97,6.44,110.0,5.4579,0.0,1010.48
2016-02-11 02:00:00,6.555555555555554,6.555555555555554,0.96,3.22,150.0,0.2898,0.0,1011.22
2016-02-11 03:00:00,6.527777777777778,6.527777777777778,0.96,2.7853000000000003,149.0,0.3381,0.0,1011.33
2016-02-11 04:00:00,6.583333333333334,6.583333333333334,0.97,1.8354,179.0,0.4508000000000001,0.0,1011.46
2016-02-11 05:00:00,6.061111111111109,6.061111111111109,0.96,3.1556,232.0,0.16100000000000003,0.0,1011.54
2016-02-11 06:00:00,6.083333333333335,6.083333333333335,1.0,0.8211,200.0,0.16100000000000003,0.0,1011.65
2016-02-11 07:00:00,6.222222222222224,6.222222222222224,0.93,2.4794,192.0,0.3381,0.0,1012.13
2016-02-11 08:00:00,6.111111111111111,6.111111111111111,1.0,2.6887,239.0,0.6279,0.0,1012.64
2016-02-11 09:00:00,7.200000000000001,5.999999999999998,1.0,6.9391,19.0,0.9338,0.0,1012.71
2016-02-11 10:00:00,7.3999999999999995,7.3999999999999995,0.99,3.2683,320.0,0.9499,0.0,1012.48
2016-02-11 11:00:00,7.777777777777778,7.777777777777778,1.0,0.43470000000000003,65.0,1.3846,0.0,1012.33
2016-02-11 12:00:00,8.88888888888889,8.88888888888889,0.93,4.524100000000001,289.0,1.8837,0.0,1012.03
2016-02-11 13:00:00,9.083333333333334,9.083333333333334,0.93,1.3363,230.0,2.9302,0.0,1011.46
2016-02-11 14:00:00,8.838888888888887,8.838888888888887,0.93,4.459700000000001,315.0,2.9302,0.0,1010.91
2016-02-11 15:00:00,8.88888888888889,8.88888888888889,0.93,0.1288,260.0,2.9302,0.0,1010.52
2016-02-11 16:00:00,8.983333333333334,8.983333333333334,0.93,3.6708,273.0,3.0912,0.0,1010.31
2016-02-11 17:00:00,8.866666666666667,8.866666666666667,0.93,3.1073,94.0,1.8676,0.0,1010.08
2016-02-11 18:00:00,7.8500000000000005,7.8500000000000005,0.99,0.5152,200.0,1.8676,0.0,1010.12
2016-02-11 19:00:00,8.355555555555554,8.355555555555554,0.96,3.9928000000000003,209.0,2.1896000000000004,0.0,1010.25
2016-02-11 20:00:00,7.777777777777778,7.777777777777778,1.0,0.2898,260.0,0.32200000000000006,0.0,1010.01
2016-02-11 21:00:00,7.755555555555556,7.755555555555556,1.0,1.9964000000000002,255.0,0.32200000000000006,0.0,1009.41
2016-02-11 22:00:00,8.28888888888889,8.28888888888889,0.96,3.059,172.0,0.7889,0.0,1009.0
2016-02-11 23:00:00,7.733333333333334,6.83888888888889,1.0,6.1341,268.0,0.483,0.0,1008.81
2016-02-12 00:00:00,7.755555555555556,6.844444444444445,1.0,6.1985,249.0,0.6279,0.0,1008.92
2016-02-12 01:00:00,7.788888888888891,6.977777777777779,0.96,5.892600000000001,276.0,1.127,0.0,1008.45
2016-02-12 02:00:00,7.200000000000001,7.200000000000001,1.0,2.2862,238.0,1.0948000000000002,0.0,1008.91
2016-02-12 03:00:00,7.177777777777779,6.050000000000001,1.0,6.6654,276.0,1.8515,0.0,1008.91
2016-02-12 04:00:00,6.694444444444443,4.083333333333334,0.99,13.507900000000001,278.0,4.5402000000000005,0.0,1008.8
2016-02-12 05:00:00,5.42777777777778,4.233333333333332,1.0,5.9731000000000005,211.0,0.16100000000000003,0.0,1008.76
2016-02-12 06:00:00,5.355555555555556,3.0055555555555538,0.96,10.465,231.0,1.8515,0.0,1009.68
2016-02-12 07:00:00,5.7222222222222205,3.572222222222222,1.0,9.837100000000001,241.0,0.6601,0.0,1009.73
2016-02-12 08:00:00,5.866666666666668,4.283333333333334,1.0,7.550900000000001,229.0,0.4669,0.0,1010.3
2016-02-12 09:00:00,5.888888888888889,4.200000000000001,1.0,7.969500000000001,191.0,0.16100000000000003,0.0,1010.19
2016-02-12 10:00:00,6.033333333333333,4.444444444444445,0.94,7.6796999999999995,172.0,0.2415,0.0,1009.78
2016-02-12 11:00:00,6.277777777777776,3.8055555555555562,0.99,12.1072,190.0,0.7889,0.0,1009.47
2016-02-12 12:00:00,7.550000000000002,5.038888888888889,0.98,14.0875,189.0,2.9624,0.0,1008.84
2016-02-12 13:00:00,9.000000000000002,6.805555555555555,0.88,14.1841,180.0,6.0053,0.0,1008.72
2016-02-12 14:00:00,9.233333333333333,6.855555555555558,0.87,16.067800000000002,151.0,8.1949,0.0,1007.7
2016-02-12 15:00:00,9.166666666666666,6.81111111111111,0.87,15.713600000000001,142.0,8.1949,0.0,1007.41
2016-02-12 16:00:00,9.31666666666667,6.861111111111112,0.85,16.888900000000003,142.0,8.1144,0.0,1006.35
2016-02-12 17:00:00,7.977777777777778,5.150000000000002,0.95,17.243100000000002,130.0,6.118,0.0,1006.33
2016-02-12 18:00:00,7.88888888888889,5.199999999999999,0.95,15.955100000000002,139.0,6.118,0.0,1006.44
2016-02-12 19:00:00,8.027777777777779,5.42777777777778,0.95,15.520400000000002,139.0,7.905100000000001,0.0,1006.19
2016-02-12 20:00:00,7.333333333333335,4.516666666666668,0.99,15.939000000000002,140.0,7.905100000000001,0.0,1005.24
2016-02-12 21:00:00,7.311111111111109,4.7111111111111095,0.93,14.329,140.0,7.905100000000001,0.0,1004.65
2016-02-12 22:00:00,7.799999999999999,4.988888888888887,0.93,16.7762,147.0,9.7888,0.0,1003.97
2016-02-12 23:00:00,7.8500000000000005,5.383333333333332,0.89,14.2324,140.0,9.7566,0.0,1003.16
2016-02-13 00:00:00,7.33888888888889,4.383333333333334,0.89,17.0177,150.0,9.7566,0.0,1002.38
2016-02-13 01:00:00,5.966666666666668,3.7166666666666655,0.89,10.577700000000002,308.0,14.9569,0.0,1007.01
2016-02-13 02:00:00,7.777777777777778,5.938888888888887,0.87,10.2879,141.0,14.6349,0.0,1001.39
2016-02-13 03:00:00,7.266666666666666,5.338888888888889,0.87,10.2235,141.0,14.6349,0.0,1000.65
2016-02-13 04:00:00,6.761111111111112,6.761111111111112,0.9,2.6565,169.0,11.3666,0.0,1000.83
2016-02-13 05:00:00,6.25,4.866666666666665,0.93,7.0518,88.0,10.851400000000002,0.0,1000.28
2016-02-13 06:00:00,6.227777777777778,6.227777777777778,0.93,2.8819000000000004,72.0,7.728,0.0,999.61
2016-02-13 07:00:00,6.255555555555555,4.677777777777779,0.99,7.792400000000001,40.0,8.05,0.0,999.31
2016-02-13 08:00:00,6.227777777777778,4.322222222222223,0.93,9.1448,37.0,10.787,0.0,999.07
2016-02-13 09:00:00,6.25,4.866666666666665,1.0,7.0518,55.0,7.728,0.0,999.26
2016-02-13 10:00:00,7.211111111111109,6.605555555555556,0.94,5.0071,52.0,7.1967,0.0,999.49
2016-02-13 11:00:00,7.266666666666666,5.5277777777777795,0.93,9.2897,49.0,7.8729,0.0,999.57
2016-02-13 12:00:00,7.266666666666666,5.761111111111109,0.93,8.227100000000002,3.0,4.9427,0.0,999.68
2016-02-13 13:00:00,7.26111111111111,4.905555555555555,0.99,12.6385,350.0,4.8139,0.0,999.82
2016-02-13 14:00:00,7.288888888888888,4.4555555555555575,1.0,15.971200000000001,348.0,4.9427,0.0,1000.27
2016-02-13 15:00:00,7.288888888888888,4.705555555555555,0.99,14.2002,346.0,4.9910000000000005,0.0,1000.81
2016-02-13 16:00:00,7.327777777777777,4.477777777777779,0.99,16.1644,342.0,5.763800000000001,0.0,1001.73
2016-02-13 17:00:00,7.288888888888888,3.9611111111111126,0.93,20.108900000000002,349.0,10.948,0.0,1002.3
2016-02-13 18:00:00,7.288888888888888,3.955555555555554,0.93,20.1733,339.0,7.969500000000001,0.0,1003.18
2016-02-13 19:00:00,7.305555555555555,4.066666666666666,0.93,19.336100000000002,340.0,7.4543,0.0,1003.93
2016-02-13 20:00:00,7.266666666666666,3.9333333333333322,0.92,20.108900000000002,329.0,11.270000000000001,0.0,1004.6
2016-02-13 21:00:00,6.733333333333332,3.2888888888888896,0.92,19.8352,338.0,11.9784,0.0,1005.51
2016-02-13 22:00:00,6.705555555555556,4.055555555555554,0.93,13.7494,327.0,13.620600000000001,0.0,1006.54
2016-02-13 23:00:00,6.644444444444445,3.505555555555557,0.92,17.0821,308.0,15.826300000000002,0.0,1007.1
2016-02-14 00:00:00,6.133333333333333,3.7166666666666655,0.92,11.6081,290.0,15.826300000000002,0.0,1007.78
2016-02-14 01:00:00,2.5333333333333345,2.5333333333333345,0.94,3.4937,156.0,14.876400000000002,0.0,1013.37
2016-02-14 02:00:00,6.133333333333333,2.449999999999998,0.82,20.5436,308.0,15.826300000000002,0.0,1008.79
2016-02-14 03:00:00,6.133333333333333,2.4055555555555546,0.82,20.9461,308.0,15.826300000000002,0.0,1009.12
2016-02-14 04:00:00,5.644444444444442,1.8944444444444426,0.82,20.0123,310.0,14.9569,0.0,1010.04
2016-02-14 05:00:00,5.094444444444445,1.1555555555555546,0.85,20.3826,309.0,9.982000000000001,0.0,1010.59
2016-02-14 06:00:00,5.072222222222224,1.4944444444444431,0.85,17.4685,309.0,9.982000000000001,0.0,1011.19
2016-02-14 07:00:00,5.0166666666666675,1.505555555555556,0.85,16.9533,310.0,9.982000000000001,0.0,1012.04
2016-02-14 08:00:00,6.161111111111113,3.0944444444444446,0.85,15.697500000000002,318.0,9.982000000000001,0.0,1012.84
2016-02-14 09:00:00,7.777777777777778,4.355555555555558,0.83,22.2985,309.0,9.982000000000001,0.0,1013.24
2016-02-14 10:00:00,9.916666666666666,6.888888888888888,0.75,24.5364,319.0,11.0285,0.0,1013.78
2016-02-14 11:00:00,10.072222222222223,10.072222222222223,0.7,25.4058,318.0,11.270000000000001,0.0,1013.84
2016-02-14 12:00:00,11.183333333333334,11.183333333333334,0.65,20.8012,327.0,11.270000000000001,0.0,1013.82
2016-02-14 13:00:00,12.111111111111109,12.111111111111109,0.64,16.5186,319.0,11.4471,0.0,1013.8
2016-02-14 14:00:00,12.266666666666666,12.266666666666666,0.57,12.2521,344.0,11.270000000000001,0.0,1013.52
2016-02-14 15:00:00,12.222222222222221,12.222222222222221,0.6,10.7387,346.0,11.270000000000001,0.0,1013.22
2016-02-14 16:00:00,12.188888888888888,12.188888888888888,0.55,8.227100000000002,319.0,11.398800000000001,0.0,1013.22
2016-02-14 17:00:00,8.977777777777776,8.977777777777776,0.7,3.1878,278.0,11.2056,0.0,1013.5
2016-02-14 18:00:00,7.266666666666666,7.266666666666666,0.73,4.588500000000001,259.0,9.982000000000001,0.0,1014.22
2016-02-14 19:00:00,5.238888888888889,5.238888888888889,0.85,3.703,243.0,9.6278,0.0,1014.66
2016-02-14 20:00:00,3.9611111111111126,3.9611111111111126,0.92,3.3649,199.0,9.982000000000001,0.0,1014.77
2016-02-14 21:00:00,4.4222222222222225,4.4222222222222225,0.89,3.4132000000000002,189.0,15.826300000000002,0.0,1014.88
2016-02-14 22:00:00,3.505555555555557,0.9833333333333351,0.92,9.595600000000001,154.0,14.586600000000002,0.0,1014.83
2016-02-14 23:00:00,2.7999999999999994,1.0666666666666675,0.92,6.391700000000001,175.0,15.826300000000002,0.0,1014.86
2016-02-15 00:00:00,2.2888888888888874,0.4111111111111122,0.92,6.5849,140.0,15.729700000000001,0.0,1014.57
2016-02-15 01:00:00,5.633333333333334,3.250000000000001,0.9,10.8836,293.0,9.6278,0.0,1018.25
2016-02-15 02:00:00,1.7333333333333318,-0.1555555555555562,0.96,6.391700000000001,130.0,15.649200000000002,0.0,1014.29
2016-02-15 03:00:00,1.1833333333333347,-0.7944444444444443,0.96,6.3756,128.0,15.504300000000002,0.0,1014.36
2016-02-15 04:00:00,1.8555555555555574,-1.2833333333333325,0.96,10.851400000000002,126.0,14.329,0.0,1013.85
2016-02-15 05:00:00,2.2888888888888874,-0.5111111111111121,0.92,9.7888,139.0,9.708300000000001,0.0,1014.06
2016-02-15 06:00:00,1.2722222222222217,-1.6666666666666667,0.92,9.563400000000001,141.0,9.6761,0.0,1014.08
2016-02-15 07:00:00,2.2111111111111095,-1.1000000000000003,0.93,11.9784,140.0,4.9105,0.0,1014.6
2016-02-15 08:00:00,2.872222222222223,0.5944444444444446,0.96,8.1949,148.0,4.9105,0.0,1015.15
2016-02-15 09:00:00,6.038888888888888,3.711111111111111,0.86,11.0446,159.0,6.9874,0.0,1015.44
2016-02-15 10:00:00,7.6111111111111125,5.466666666666669,0.83,11.801300000000001,154.0,9.9015,0.0,1015.35
2016-02-15 11:00:00,8.850000000000001,6.611111111111111,0.77,14.2163,159.0,9.982000000000001,0.0,1015.78
2016-02-15 12:00:00,9.961111111111112,8.399999999999999,0.76,11.2056,150.0,10.0464,0.0,1015.8
2016-02-15 13:00:00,10.78888888888889,10.78888888888889,0.68,11.0607,182.0,9.9015,0.0,1015.6
2016-02-15 14:00:00,10.955555555555556,10.955555555555556,0.67,9.434600000000001,182.0,9.9015,0.0,1015.72
2016-02-15 15:00:00,9.86111111111111,8.616666666666665,0.78,9.2414,232.0,11.125100000000002,0.0,1015.93
2016-02-15 16:00:00,8.905555555555557,8.905555555555557,0.82,4.7012,282.0,10.2718,0.0,1016.3
2016-02-15 17:00:00,7.755555555555556,7.755555555555556,0.89,4.524100000000001,327.0,7.905100000000001,0.0,1016.55
2016-02-15 18:00:00,7.711111111111112,7.116666666666668,0.9,5.152000000000001,279.0,10.948,0.0,1016.95
2016-02-15 19:00:00,7.844444444444444,5.105555555555554,0.91,16.261,270.0,10.8031,0.0,1017.33
2016-02-15 20:00:00,7.200000000000001,4.53888888888889,0.93,14.5544,291.0,10.948,0.0,1017.46
2016-02-15 21:00:00,6.688888888888888,3.9499999999999997,0.95,14.312900000000003,291.0,7.8729,0.0,1018.05
2016-02-15 22:00:00,6.188888888888889,3.433333333333333,0.96,13.7011,300.0,7.953400000000001,0.0,1018.53
2016-02-15 23:00:00,6.0888888888888895,3.2611111111111097,0.93,13.9909,317.0,8.0017,0.0,1018.75
2016-02-16 00:00:00,6.066666666666667,3.1944444444444446,0.93,14.2485,289.0,8.1305,0.0,1018.96
2016-02-16 01:00:00,5.061111111111111,2.0944444444444463,0.87,13.4113,22.0,14.586600000000002,0.0,1025.43
2016-02-16 02:00:00,5.533333333333334,2.0888888888888877,0.89,17.3397,289.0,9.982000000000001,0.0,1018.96
2016-02-16 03:00:00,4.949999999999998,1.3833333333333344,0.86,17.227,288.0,9.982000000000001,0.0,1019.23
2016-02-16 04:00:00,3.994444444444443,0.7055555555555573,0.89,13.894300000000003,286.0,9.982000000000001,0.0,1019.35
2016-02-16 05:00:00,2.311111111111109,-1.416666666666667,0.92,14.2646,271.0,9.982000000000001,0.0,1019.42
2016-02-16 06:00:00,1.338888888888887,-1.6999999999999993,0.92,10.0142,271.0,9.982000000000001,0.0,1019.72
2016-02-16 07:00:00,2.333333333333335,-0.4555555555555557,0.92,9.7888,262.0,11.0285,0.0,1020.52
2016-02-16 08:00:00,2.872222222222223,0.23333333333333428,0.95,9.563400000000001,262.0,11.270000000000001,0.0,1020.99
2016-02-16 09:00:00,4.955555555555557,2.1111111111111094,0.86,12.590200000000001,290.0,11.270000000000001,0.0,1021.24
2016-02-16 10:00:00,5.488888888888891,3.9333333333333322,0.83,7.212800000000001,305.0,14.876400000000002,0.0,1021.59
2016-02-16 11:00:00,7.105555555555555,7.105555555555555,0.74,0.5957,325.0,11.0446,0.0,1022.04
2016-02-16 12:00:00,7.688888888888891,7.688888888888891,0.72,2.5599000000000003,203.0,11.0446,0.0,1022.63
2016-02-16 13:00:00,7.572222222222223,7.572222222222223,0.76,3.3649,233.0,10.8836,0.0,1022.6
2016-02-16 14:00:00,7.711111111111112,7.711111111111112,0.72,2.5599000000000003,232.0,11.0446,0.0,1022.75
2016-02-16 15:00:00,7.733333333333334,7.733333333333334,0.72,0.7567,20.0,11.125100000000002,0.0,1022.99
2016-02-16 16:00:00,7.622222222222222,7.622222222222222,0.76,1.5778,239.0,10.8031,0.0,1023.26
2016-02-16 17:00:00,7.200000000000001,7.200000000000001,0.74,0.1449,90.0,10.948,0.0,1023.6
2016-02-16 18:00:00,6.0888888888888895,6.0888888888888895,0.8,1.0787000000000002,210.0,10.948,0.0,1024.39
2016-02-16 19:00:00,4.305555555555555,4.305555555555555,0.91,2.5438,202.0,10.8031,0.0,1024.84
2016-02-16 20:00:00,3.0833333333333317,3.0833333333333317,0.95,0.6923,32.0,10.948,0.0,1025.18
2016-02-16 21:00:00,2.5,-1.7444444444444447,0.96,17.71,50.0,15.649200000000002,0.0,1025.7
2016-02-16 22:00:00,3.066666666666668,3.066666666666668,0.95,4.1699,346.0,15.005200000000002,0.0,1025.92
2016-02-16 23:00:00,5.488888888888891,2.9277777777777794,0.89,11.656400000000001,22.0,15.874600000000001,0.0,1025.73
2016-02-17 00:00:00,5.46111111111111,2.4555555555555566,0.83,14.2002,30.0,15.826300000000002,0.0,1026.03
2016-02-17 01:00:00,2.311111111111109,-0.08888888888888896,0.86,8.2754,166.0,8.3398,0.0,1030.35
2016-02-17 02:00:00,3.838888888888887,-0.011111111111110874,0.92,17.291400000000003,20.0,15.874600000000001,0.0,1026.13
2016-02-17 03:00:00,3.3333333333333335,-0.6222222222222228,0.89,17.146500000000003,21.0,15.874600000000001,0.0,1026.02
2016-02-17 04:00:00,2.938888888888888,-1.0888888888888895,0.89,16.985500000000002,20.0,14.6349,0.0,1025.81
2016-02-17 05:00:00,2.194444444444446,-2.0500000000000007,0.92,17.227,20.0,11.2056,0.0,1026.21
2016-02-17 06:00:00,1.1055555555555567,-3.4000000000000004,0.92,17.1626,20.0,15.826300000000002,0.0,1026.03
2016-02-17 07:00:00,1.1500000000000001,-2.3666666666666676,0.92,11.8818,18.0,7.3899,0.0,1026.29
2016-02-17 08:00:00,1.0888888888888895,-2.577777777777778,0.92,12.5419,21.0,6.3434,0.0,1026.62
2016-02-17 09:00:00,2.1499999999999986,-1.338888888888889,0.91,12.799500000000002,30.0,8.1949,0.0,1026.9
2016-02-17 10:00:00,2.1722222222222203,-1.3055555555555562,0.92,12.7673,31.0,7.567000000000001,0.0,1027.38
2016-02-17 11:00:00,2.7333333333333343,-0.30555555555555597,0.88,11.2056,40.0,11.270000000000001,0.0,1027.6
2016-02-17 12:00:00,2.755555555555556,0.0611111111111108,0.88,9.708300000000001,40.0,11.270000000000001,0.0,1027.8
2016-02-17 13:00:00,2.9666666666666686,0.8222222222222205,0.89,7.792400000000001,35.0,11.0768,0.0,1027.76
2016-02-17 14:00:00,3.916666666666665,1.8166666666666684,0.88,8.227100000000002,50.0,11.270000000000001,0.0,1027.95
2016-02-17 15:00:00,3.938888888888891,2.8777777777777778,0.88,5.0393,44.0,11.270000000000001,0.0,1027.87
2016-02-17 16:00:00,4.061111111111113,1.8166666666666684,0.91,8.8711,91.0,11.0768,0.0,1028.33
2016-02-17 17:00:00,3.916666666666665,3.916666666666665,0.91,4.8139,93.0,6.3434,0.0,1028.94
2016-02-17 18:00:00,3.916666666666665,3.916666666666665,0.92,4.7656,159.0,6.3434,0.0,1029.27
2016-02-17 19:00:00,2.5944444444444454,2.5944444444444454,0.98,3.22,151.0,3.4937,0.0,1029.3
2016-02-17 20:00:00,1.3222222222222237,-1.072222222222222,0.99,7.6796999999999995,129.0,2.3506,0.0,1029.73
2016-02-17 21:00:00,2.7833333333333323,-0.14999999999999977,0.92,10.7548,131.0,4.8139,0.0,1030.53
2016-02-17 22:00:00,2.6611111111111105,0.8277777777777788,0.89,6.6493,170.0,6.8908000000000005,0.0,1030.81
2016-02-17 23:00:00,2.738888888888889,1.0888888888888895,0.85,6.1341,148.0,8.05,0.0,1031.12
2016-02-18 00:00:00,2.1611111111111114,-1.9722222222222225,0.83,16.4059,169.0,8.05,0.0,1031.22
2016-02-18 01:00:00,0.1222222222222216,-4.061111111111111,0.89,14.007,159.0,14.023100000000003,0.0,1022.14
2016-02-18 02:00:00,1.6499999999999995,-2.2222222222222223,0.82,14.2002,169.0,9.9015,0.0,1030.93
2016-02-18 03:00:00,1.6444444444444448,-2.1888888888888896,0.78,14.039200000000001,169.0,9.9015,0.0,1030.44
2016-02-18 04:00:00,1.033333333333333,-2.422222222222222,0.83,11.511500000000002,157.0,9.9015,0.0,1030.37
2016-02-18 05:00:00,0.5833333333333317,-3.444444444444444,0.82,13.781600000000001,168.0,9.9015,0.0,1030.33
2016-02-18 06:00:00,1.072222222222222,-2.8666666666666667,0.78,13.8621,159.0,11.125100000000002,0.0,1030.23
2016-02-18 07:00:00,0.8666666666666679,-2.91111111111111,0.8,12.847800000000001,141.0,10.8836,0.0,1030.07
2016-02-18 08:00:00,1.0944444444444439,-3.8166666666666678,0.78,19.819100000000002,149.0,9.9015,0.0,1029.72
2016-02-18 09:00:00,2.7111111111111126,-1.8333333333333337,0.76,20.2377,149.0,10.0464,0.0,1029.41
2016-02-18 10:00:00,3.761111111111113,-0.11111111111111072,0.76,17.3397,139.0,11.0768,0.0,1029.17
2016-02-18 11:00:00,5.005555555555555,1.0444444444444458,0.75,20.3826,121.0,11.270000000000001,0.0,1028.53
2016-02-18 12:00:00,5.027777777777776,0.7166666666666662,0.75,23.6187,139.0,11.270000000000001,0.0,1027.44
2016-02-18 13:00:00,5.872222222222223,1.594444444444443,0.66,25.599000000000004,139.0,11.0768,0.0,1026.43
2016-02-18 14:00:00,5.999999999999998,1.6888888888888884,0.66,26.3718,159.0,11.270000000000001,0.0,1025.46
2016-02-18 15:00:00,7.044444444444444,3.2055555555555575,0.61,24.472,160.0,11.270000000000001,0.0,1024.76
2016-02-18 16:00:00,5.088888888888887,1.0944444444444439,0.7,20.8173,167.0,11.0768,0.0,1024.18
2016-02-18 17:00:00,3.9611111111111126,0.6777777777777771,0.76,13.8299,150.0,10.0464,0.0,1023.43
2016-02-18 18:00:00,2.822222222222221,-0.7000000000000008,0.77,13.7494,160.0,9.982000000000001,0.0,1023.22
2016-02-18 19:00:00,2.2222222222222223,-1.6277777777777775,0.8,14.828100000000003,155.0,10.0303,0.0,1022.77
2016-02-18 20:00:00,1.1833333333333347,-2.4777777777777783,0.85,12.590200000000001,159.0,10.0464,0.0,1022.25
2016-02-18 21:00:00,0.6055555555555574,-3.4388888888888896,0.89,13.8782,160.0,14.9569,0.0,1022.14
2016-02-18 22:00:00,0.5277777777777793,-3.555555555555555,0.85,14.007,158.0,14.2163,0.0,1021.84
2016-02-18 23:00:00,-0.016666666666667298,-4.133333333333334,0.89,13.5562,160.0,14.812,0.0,1021.33
2016-02-19 00:00:00,-0.5999999999999991,-4.222222222222223,0.88,10.8192,159.0,14.812,0.0,1020.84
2016-02-19 01:00:00,-0.6277777777777772,-0.6277777777777772,0.92,1.0626000000000002,272.0,4.83,0.0,1018.11
2016-02-19 02:00:00,-0.6666666666666663,-4.233333333333334,0.88,10.5455,139.0,11.672500000000001,0.0,1019.46
2016-02-19 03:00:00,-1.6888888888888884,-4.077777777777778,0.96,6.3112,140.0,9.6761,0.0,1018.84
2016-02-19 04:00:00,-1.0444444444444438,-3.483333333333333,0.93,6.6976,143.0,9.708300000000001,0.0,1018.16
2016-02-19 05:00:00,-0.16111111111111065,-3.75,0.92,11.0285,159.0,10.8997,0.0,1017.47
2016-02-19 06:00:00,-0.16111111111111065,-3.355555555555555,0.93,9.499,151.0,10.8836,0.0,1017.35
2016-02-19 07:00:00,-0.03888888888888905,-2.6999999999999997,0.92,7.776300000000001,159.0,6.5366,0.0,1017.18
2016-02-19 08:00:00,-0.022222222222221748,-2.6611111111111105,0.92,7.728,159.0,5.957000000000001,0.0,1016.93
2016-02-19 09:00:00,1.1333333333333329,-1.2555555555555564,0.92,7.583100000000001,161.0,6.021400000000001,0.0,1016.65
2016-02-19 10:00:00,2.7611111111111106,1.4333333333333325,0.89,5.2969,208.0,7.486500000000001,0.0,1017.05
2016-02-19 11:00:00,4.027777777777778,4.027777777777778,0.81,3.2683,209.0,7.969500000000001,0.0,1016.94
2016-02-19 12:00:00,5.205555555555554,4.283333333333334,0.81,5.1359,223.0,8.05,0.0,1016.62
2016-02-19 13:00:00,6.25,5.505555555555554,0.78,5.0393,256.0,11.0768,0.0,1015.99
2016-02-19 14:00:00,7.822222222222221,7.161111111111111,0.75,5.4096,264.0,10.0464,0.0,1015.24
2016-02-19 15:00:00,8.81111111111111,7.650000000000002,0.71,7.889000000000001,236.0,10.0464,0.0,1014.95
2016-02-19 16:00:00,7.905555555555553,6.861111111111112,0.75,6.7620000000000005,199.0,10.5938,0.0,1014.65
2016-02-19 17:00:00,7.172222222222221,5.677777777777777,0.73,8.0822,284.0,8.05,0.0,1014.97
2016-02-19 18:00:00,5.0166666666666675,2.261111111111111,0.82,12.187700000000001,329.0,7.969500000000001,0.0,1015.58
2016-02-19 19:00:00,3.127777777777779,3.127777777777779,0.89,3.4132000000000002,315.0,7.776300000000001,0.0,1016.33
2016-02-19 20:00:00,2.311111111111109,-0.055555555555556344,0.85,8.1788,281.0,7.905100000000001,0.0,1016.84
2016-02-19 21:00:00,0.7166666666666662,-1.4055555555555561,0.91,6.5849,293.0,6.021400000000001,0.0,1017.24
2016-02-19 22:00:00,1.772222222222221,0.03888888888888905,0.91,5.9892,332.0,6.1341,0.0,1017.33
2016-02-19 23:00:00,0.0611111111111108,-1.8944444444444446,0.92,5.892600000000001,234.0,6.021400000000001,0.0,1017.65
2016-02-20 00:00:00,0.0611111111111108,0.0611111111111108,0.95,3.1556,290.0,3.9767000000000006,0.0,1017.64
2016-02-20 01:00:00,1.0388888888888874,1.0388888888888874,0.95,2.8336,148.0,3.6708,0.0,1017.84
2016-02-20 02:00:00,-0.9777777777777786,-3.311111111111112,0.96,6.44,270.0,3.9284000000000003,0.0,1017.55
2016-02-20 03:00:00,-1.0277777777777786,-3.2611111111111115,0.96,6.1824,191.0,1.932,0.0,1017.62
2016-02-20 04:00:00,-0.994444444444444,-0.994444444444444,0.96,3.3488,311.0,3.8801000000000005,0.0,1017.64
2016-02-20 05:00:00,-2.000000000000001,-2.000000000000001,0.96,1.6583,307.0,3.4454000000000002,0.0,1017.35
2016-02-20 06:00:00,-2.000000000000001,-2.000000000000001,0.99,4.4758,190.0,1.9159,0.0,1017.41
2016-02-20 07:00:00,-2.0500000000000007,-2.0500000000000007,0.96,3.1717,12.0,0.3059,0.0,1017.39
2016-02-20 08:00:00,0.09444444444444539,0.09444444444444539,0.92,1.8515,139.0,1.2719,0.0,1017.84
2016-02-20 09:00:00,3.9111111111111105,3.9111111111111105,0.88,3.6064000000000007,158.0,3.0107000000000004,0.0,1017.54
2016-02-20 10:00:00,5.7222222222222205,4.227777777777778,0.8,7.1162,157.0,5.119800000000001,0.0,1017.51
2016-02-20 11:00:00,7.777777777777778,6.422222222222223,0.71,7.953400000000001,142.0,6.0697,0.0,1017.42
2016-02-20 12:00:00,8.88888888888889,7.650000000000002,0.63,8.3076,172.0,7.0357,0.0,0.0
2016-02-20 13:00:00,9.911111111111113,8.861111111111112,0.6,8.2754,175.0,10.8836,0.0,1016.85
2016-02-20 14:00:00,10.116666666666667,10.116666666666667,0.58,8.3076,140.0,11.125100000000002,0.0,1016.23
2016-02-20 15:00:00,11.08888888888889,11.08888888888889,0.56,5.1359,174.0,11.125100000000002,0.0,1015.83
2016-02-20 16:00:00,10.072222222222223,10.072222222222223,0.64,7.647500000000001,187.0,9.9015,0.0,1015.79
2016-02-20 17:00:00,7.916666666666667,7.916666666666667,0.71,3.2844,182.0,9.8049,0.0,1016.0
2016-02-20 18:00:00,7.288888888888888,7.288888888888888,0.71,3.5259,132.0,9.8049,0.0,1016.41
2016-02-20 19:00:00,7.1499999999999995,5.694444444444445,0.73,7.921200000000001,160.0,9.4829,0.0,1016.58
2016-02-20 20:00:00,5.038888888888889,5.038888888888889,0.82,3.0912,192.0,9.8049,0.0,1016.25
2016-02-20 21:00:00,3.583333333333335,3.583333333333335,0.88,3.3488,193.0,7.969500000000001,0.0,1016.73
2016-02-20 22:00:00,2.7999999999999994,2.7999999999999994,0.91,3.703,157.0,7.776300000000001,0.0,1017.01
2016-02-20 23:00:00,1.2944444444444434,1.2944444444444434,0.89,4.8139,218.0,6.118,0.0,1017.34
2016-02-21 00:00:00,1.8055555555555556,1.8055555555555556,0.92,2.6243,64.0,4.1216,0.0,1017.53
2016-02-21 01:00:00,7.494444444444446,6.588888888888889,0.85,6.0375000000000005,103.0,13.5401,0.0,1016.57
2016-02-21 02:00:00,1.1999999999999982,1.1999999999999982,0.96,3.4293,157.0,3.1395,0.0,1017.73
2016-02-21 03:00:00,0.1555555555555562,-1.416666666666667,0.96,5.0393,167.0,1.8676,0.0,1017.72
2016-02-21 04:00:00,0.9611111111111094,0.9611111111111094,0.96,2.254,130.0,2.254,0.0,1017.57
2016-02-21 05:00:00,0.6388888888888881,-1.4499999999999997,1.0,6.4722,150.0,1.7710000000000004,0.0,1017.63
2016-02-21 06:00:00,-0.9333333333333331,-0.9333333333333331,0.92,3.1395,131.0,2.1896000000000004,0.0,1018.04
2016-02-21 07:00:00,-0.36111111111111033,-0.36111111111111033,0.99,3.6386,140.0,3.1073,0.0,1018.59
2016-02-21 08:00:00,2.283333333333333,2.283333333333333,0.99,4.6046000000000005,112.0,3.864,0.0,1019.04
2016-02-21 09:00:00,6.111111111111111,4.527777777777777,0.86,7.695800000000001,129.0,4.8461,0.0,1019.23
2016-02-21 10:00:00,8.599999999999998,7.233333333333336,0.74,8.6618,152.0,7.148400000000001,0.0,1019.2
2016-02-21 11:00:00,10.950000000000001,10.950000000000001,0.67,12.525800000000002,139.0,9.8049,0.0,1019.14
2016-02-21 12:00:00,10.02222222222222,10.02222222222222,0.71,11.4632,149.0,11.125100000000002,0.0,1019.04
2016-02-21 13:00:00,12.03888888888889,12.03888888888889,0.62,11.2217,141.0,10.4167,0.0,1018.6
2016-02-21 14:00:00,12.105555555555554,12.105555555555554,0.66,9.724400000000001,138.0,10.0464,0.0,1018.25
2016-02-21 15:00:00,12.07777777777778,12.07777777777778,0.72,8.1305,157.0,11.125100000000002,0.0,1017.96
2016-02-21 16:00:00,12.111111111111109,12.111111111111109,0.72,7.486500000000001,145.0,9.9015,0.0,1017.9
2016-02-21 17:00:00,10.988888888888889,10.988888888888889,0.78,3.4615,104.0,9.8049,0.0,1017.47
2016-02-21 18:00:00,9.905555555555555,8.91111111111111,0.78,7.985600000000001,90.0,9.8049,0.0,1017.64
2016-02-21 19:00:00,9.933333333333334,8.95,0.8,7.953400000000001,73.0,9.4829,0.0,1017.51
2016-02-21 20:00:00,8.861111111111112,8.472222222222221,0.83,5.0232,72.0,9.8049,0.0,1017.26
2016-02-21 21:00:00,8.305555555555557,7.394444444444446,0.87,6.5205,70.0,14.731500000000002,0.0,1017.45
2016-02-21 22:00:00,7.955555555555555,7.955555555555555,0.87,3.7835000000000005,54.0,13.620600000000001,0.0,1017.31
2016-02-21 23:00:00,7.266666666666666,7.266666666666666,0.89,3.2522,65.0,14.6832,0.0,1017.04
2016-02-22 00:00:00,7.755555555555556,7.755555555555556,0.87,3.4293,93.0,14.586600000000002,0.0,1016.65
2016-02-22 01:00:00,4.566666666666666,2.194444444444446,0.92,9.853200000000001,311.0,6.1502,0.0,1014.91
2016-02-22 02:00:00,6.71111111111111,6.71111111111111,0.89,3.4293,83.0,14.586600000000002,0.0,1016.26
2016-02-22 03:00:00,6.177777777777776,6.177777777777776,0.93,1.9481000000000002,87.0,9.6761,0.0,1015.1
2016-02-22 04:00:00,6.727777777777778,5.805555555555557,0.9,5.7316,137.0,13.8621,0.0,1014.92
2016-02-22 05:00:00,6.133333333333333,6.133333333333333,0.87,4.6046000000000005,15.0,10.851400000000002,0.0,1014.79
2016-02-22 06:00:00,5.050000000000002,5.050000000000002,0.93,3.2683,44.0,4.8461,0.0,1014.48
2016-02-22 07:00:00,5.344444444444443,5.344444444444443,0.99,4.0572,104.0,3.5903,0.0,1014.6
2016-02-22 08:00:00,7.683333333333333,5.78888888888889,0.96,10.4811,139.0,6.7942,0.0,1014.54
2016-02-22 09:00:00,9.83888888888889,8.144444444444442,0.87,11.8979,189.0,7.776300000000001,0.0,1014.14
2016-02-22 10:00:00,11.86111111111111,11.86111111111111,0.76,9.579500000000001,192.0,9.160900000000002,0.0,1013.85
2016-02-22 11:00:00,12.211111111111109,12.211111111111109,0.8,10.513300000000001,203.0,7.8084999999999996,0.0,1013.39
2016-02-22 12:00:00,12.722222222222221,12.722222222222221,0.83,10.5616,223.0,7.776300000000001,0.0,1013.54
2016-02-22 13:00:00,13.805555555555555,13.805555555555555,0.71,12.799500000000002,285.0,10.1591,0.0,1012.72
2016-02-22 14:00:00,14.733333333333336,14.733333333333336,0.68,16.261,290.0,10.851400000000002,0.0,1011.81
2016-02-22 15:00:00,13.694444444444445,13.694444444444445,0.72,20.608000000000004,300.0,10.8836,0.0,1011.62
2016-02-22 16:00:00,11.344444444444445,11.344444444444445,0.8,20.608000000000004,315.0,7.776300000000001,0.0,1012.16
2016-02-22 17:00:00,8.861111111111112,5.933333333333334,0.89,20.2377,319.0,5.9731000000000005,0.0,1012.61
2016-02-22 18:00:00,8.816666666666666,6.438888888888891,0.83,15.262800000000002,328.0,5.9731000000000005,0.0,1012.9
2016-02-22 19:00:00,7.883333333333332,5.46111111111111,0.84,13.9909,322.0,9.708300000000001,0.0,1013.35
2016-02-22 20:00:00,6.161111111111113,5.3666666666666645,0.87,5.119800000000001,317.0,9.6761,0.0,1013.72
2016-02-22 21:00:00,5.094444444444445,5.094444444444445,0.93,3.703,308.0,9.6761,0.0,1014.12
2016-02-22 22:00:00,5.1944444444444455,2.6333333333333346,0.96,11.3183,308.0,7.792400000000001,0.0,1014.29
2016-02-22 23:00:00,6.061111111111109,3.177777777777777,0.89,14.312900000000003,319.0,7.8084999999999996,0.0,1014.27
2016-02-23 00:00:00,4.444444444444445,1.7888888888888883,0.92,11.0446,319.0,7.776300000000001,0.0,1014.33
2016-02-23 01:00:00,1.5888888888888886,0.25000000000000155,0.92,4.9588,88.0,8.05,0.0,1019.35
2016-02-23 02:00:00,3.661111111111113,1.2277777777777783,0.93,9.3541,330.0,5.8765,0.0,1015.3
2016-02-23 03:00:00,2.0833333333333335,0.2777777777777778,0.96,6.295100000000001,318.0,1.8837,0.0,1014.69
2016-02-23 04:00:00,1.2666666666666673,-0.777777777777777,0.96,6.617100000000001,294.0,2.4794,0.0,1014.92
2016-02-23 05:00:00,-0.1388888888888889,-0.1388888888888889,0.93,3.5259,296.0,0.1771,0.0,1015.07
2016-02-23 06:00:00,-1.161111111111111,-2.9166666666666665,0.93,5.055400000000001,337.0,0.0,0.0,1015.58
2016-02-23 07:00:00,-0.5833333333333337,-0.5833333333333337,1.0,3.3327,323.0,0.0966,0.0,1016.18
2016-02-23 08:00:00,0.11666666666666714,-2.577777777777778,1.0,7.969500000000001,56.0,0.0161,0.0,1016.75
2016-02-23 09:00:00,1.2833333333333345,-2.016666666666666,0.99,11.0607,60.0,0.0,0.0,1017.05
2016-02-23 10:00:00,3.238888888888888,0.4166666666666667,0.98,10.6743,74.0,0.6440000000000001,0.0,1017.15
2016-02-23 11:00:00,5.122222222222222,3.3500000000000005,0.98,7.776300000000001,100.0,3.4132000000000002,0.0,1017.15
2016-02-23 12:00:00,7.783333333333331,5.872222222222223,0.76,10.706500000000002,90.0,6.8264000000000005,0.0,1016.95
2016-02-23 13:00:00,8.805555555555555,7.677777777777777,0.72,7.7440999999999995,128.0,7.3255,0.0,1016.44
2016-02-23 14:00:00,8.900000000000002,7.216666666666669,0.71,10.6582,42.0,11.0446,0.0,1015.2
2016-02-23 15:00:00,8.81111111111111,6.766666666666667,0.67,12.799500000000002,42.0,11.125100000000002,0.0,1016.3
2016-02-23 16:00:00,8.133333333333333,6.288888888888889,0.72,10.6743,44.0,11.0285,0.0,1016.38
2016-02-23 17:00:00,6.122222222222224,3.8333333333333326,0.77,10.9158,41.0,9.982000000000001,0.0,1016.66
2016-02-23 18:00:00,4.922222222222222,3.0444444444444425,0.77,8.05,42.0,8.1305,0.0,1017.16
2016-02-23 19:00:00,4.016666666666665,1.0111111111111113,0.82,12.3648,39.0,8.420300000000001,0.0,1017.85
2016-02-23 20:00:00,3.672222222222222,0.26666666666666494,0.83,14.168000000000003,50.0,8.1305,0.0,1017.98
2016-02-23 21:00:00,3.1666666666666683,-0.3277777777777777,0.8,14.023100000000003,50.0,9.982000000000001,0.0,1018.38
2016-02-23 22:00:00,2.1611111111111114,-0.9444444444444441,0.86,10.9641,50.0,9.982000000000001,0.0,1019.0
2016-02-23 23:00:00,1.0388888888888874,-1.0888888888888895,0.89,6.7298,43.0,8.1305,0.0,1019.45
2016-02-24 00:00:00,0.5055555555555536,-1.7166666666666666,0.92,6.7620000000000005,50.0,8.1305,0.0,1019.56
2016-02-24 01:00:00,-1.0111111111111113,-6.705555555555556,0.6,21.413000000000004,148.0,15.005200000000002,0.0,1019.34
2016-02-24 02:00:00,1.4333333333333325,-0.5666666666666664,0.89,6.5688,85.0,8.1305,0.0,1020.03
2016-02-24 03:00:00,1.5277777777777777,-0.3888888888888885,0.89,6.3756,124.0,8.1949,0.0,1019.95
2016-02-24 04:00:00,1.3222222222222237,-2.4444444444444438,0.81,13.2664,144.0,14.168000000000003,0.0,1020.22
2016-02-24 05:00:00,0.9722222222222222,-2.2777777777777786,0.79,10.5938,156.0,10.0464,0.0,1020.6
2016-02-24 06:00:00,-0.044444444444443496,-4.688888888888889,0.83,16.325400000000002,157.0,11.270000000000001,0.0,1020.83
2016-02-24 07:00:00,-0.16666666666666707,-4.516666666666666,0.78,14.5544,160.0,10.948,0.0,1021.14
2016-02-24 08:00:00,0.00555555555555445,-5.638888888888888,0.76,23.0713,159.0,9.9015,0.0,1021.49
2016-02-24 09:00:00,1.0444444444444458,-4.666666666666666,0.7,26.0176,159.0,9.9015,0.0,1021.67
2016-02-24 10:00:00,2.0722222222222206,-3.327777777777777,0.65,25.953200000000002,149.0,10.3523,0.0,1021.54
2016-02-24 11:00:00,3.866666666666667,-1.338888888888889,0.58,29.2054,159.0,9.982000000000001,0.0,1021.48
2016-02-24 12:00:00,5.027777777777776,-0.10555555555555626,0.54,32.505900000000004,140.0,9.982000000000001,0.0,1021.09
2016-02-24 13:00:00,4.961111111111111,-0.5555555555555556,0.53,37.2715,148.0,10.3523,0.0,1020.16
2016-02-24 14:00:00,5.116666666666667,-0.09999999999999984,0.48,33.9549,150.0,9.982000000000001,0.0,1019.51
2016-02-24 15:00:00,5.116666666666667,0.022222222222221748,0.48,32.4415,149.0,9.982000000000001,0.0,1019.58
2016-02-24 16:00:00,4.022222222222223,-0.9222222222222223,0.48,26.983600000000003,148.0,10.3523,0.0,1019.45
2016-02-24 17:00:00,2.805555555555554,-1.8777777777777773,0.53,21.4935,149.0,9.982000000000001,0.0,1019.48
2016-02-24 18:00:00,2.155555555555557,-2.461111111111111,0.6,19.6903,159.0,9.982000000000001,0.0,1019.41
2016-02-24 19:00:00,1.0166666666666657,-4.383333333333334,0.58,23.3611,156.0,9.982000000000001,0.0,1019.55
2016-02-24 20:00:00,1.072222222222222,-4.777777777777779,0.52,27.3217,168.0,9.982000000000001,0.0,1019.89
2016-02-24 21:00:00,0.5388888888888883,-6.0555555555555545,0.5,33.1177,159.0,15.826300000000002,0.0,1019.72
2016-02-24 22:00:00,-0.21111111111111056,-6.394444444444446,0.5,26.9675,148.0,15.005200000000002,0.0,1019.72
2016-02-24 23:00:00,-1.0611111111111111,-7.227777777777779,0.5,24.8262,150.0,15.874600000000001,0.0,1019.9
2016-02-25 00:00:00,-1.6388888888888884,-6.8277777777777775,0.54,17.1948,149.0,15.874600000000001,0.0,1019.58
2016-02-25 01:00:00,0.5277777777777793,-5.927777777777779,0.67,31.684800000000003,148.0,15.005200000000002,0.0,1013.34
2016-02-25 02:00:00,-1.6888888888888884,-7.366666666666668,0.56,20.108900000000002,149.0,15.874600000000001,0.0,1019.01
2016-02-25 03:00:00,-2.1722222222222225,-7.472222222222222,0.58,17.0821,139.0,15.874600000000001,0.0,1018.73
2016-02-25 04:00:00,-2.616666666666667,-7.588888888888889,0.62,14.828100000000003,140.0,14.9569,0.0,1018.81
2016-02-25 05:00:00,-2.1722222222222225,-6.927777777777777,0.6,14.2646,140.0,9.982000000000001,0.0,1018.61
2016-02-25 06:00:00,-2.1722222222222225,-7.48888888888889,0.6,17.1787,140.0,9.982000000000001,0.0,1018.59
2016-02-25 07:00:00,-2.166666666666666,-8.022222222222222,0.6,20.447,140.0,11.0285,0.0,1018.23
2016-02-25 08:00:00,-1.1333333333333329,-6.211111111111111,0.6,17.291400000000003,149.0,9.982000000000001,0.0,1018.2
2016-02-25 09:00:00,-0.022222222222221748,-6.0555555555555545,0.58,26.1464,149.0,9.982000000000001,0.0,1018.2
2016-02-25 10:00:00,0.9388888888888877,-5.349999999999999,0.54,31.266200000000005,160.0,10.3523,0.0,1017.65
2016-02-25 11:00:00,2.6833333333333322,-2.8666666666666667,0.57,29.1088,159.0,9.982000000000001,0.0,1017.3
2016-02-25 12:00:00,3.7944444444444434,-1.2944444444444434,0.57,27.788600000000006,160.0,10.0464,0.0,1016.71
2016-02-25 13:00:00,4.772222222222224,0.1388888888888889,0.53,25.985400000000002,141.0,10.4006,0.0,1015.78
2016-02-25 14:00:00,4.927777777777776,0.35555555555555585,0.53,25.921000000000003,159.0,10.0464,0.0,1015.13
2016-02-25 15:00:00,4.977777777777778,0.7388888888888879,0.54,22.7815,168.0,11.270000000000001,0.0,1015.11
2016-02-25 16:00:00,3.9111111111111105,-0.6055555555555555,0.61,22.652700000000003,148.0,10.4006,0.0,1014.87
2016-02-25 17:00:00,2.9166666666666665,-2.0833333333333335,0.61,24.4237,149.0,10.0464,0.0,1014.46
2016-02-25 18:00:00,2.2888888888888874,-3.2111111111111117,0.64,27.4827,159.0,10.0464,0.0,1014.36
2016-02-25 19:00:00,2.2277777777777765,-3.188888888888888,0.63,26.4845,146.0,10.0303,0.0,1014.44
2016-02-25 20:00:00,1.1833333333333347,-4.827777777777778,0.69,29.173200000000005,150.0,10.0464,0.0,1014.16
2016-02-25 21:00:00,1.6666666666666667,-4.038888888888888,0.67,27.692,150.0,15.826300000000002,0.0,1013.9
2016-02-25 22:00:00,1.0222222222222241,-5.088888888888889,0.67,29.688400000000005,157.0,15.005200000000002,0.0,1014.05
2016-02-25 23:00:00,1.0888888888888895,-4.772222222222222,0.67,27.531000000000002,149.0,15.826300000000002,0.0,1013.16
2016-02-26 00:00:00,1.0888888888888895,-5.072222222222221,0.69,30.429,150.0,15.826300000000002,0.0,1012.49
2016-02-26 01:00:00,1.4777777777777759,-0.21111111111111056,0.92,5.7477,314.0,5.618900000000001,0.0,1012.2
2016-02-26 02:00:00,1.0888888888888895,-5.072222222222221,0.7,30.412900000000004,149.0,15.826300000000002,0.0,1011.59
2016-02-26 03:00:00,0.6277777777777792,-5.661111111111111,0.72,30.2841,150.0,15.826300000000002,0.0,1010.75
2016-02-26 04:00:00,0.6500000000000009,-5.616666666666666,0.72,30.1392,148.0,14.9569,0.0,1010.5
2016-02-26 05:00:00,1.0888888888888895,-5.21111111111111,0.75,31.845800000000004,150.0,9.982000000000001,0.0,1010.03
2016-02-26 06:00:00,1.0888888888888895,-4.73888888888889,0.76,27.2251,148.0,9.982000000000001,0.0,1009.72
2016-02-26 07:00:00,1.9611111111111117,-3.677777777777779,0.71,27.8691,148.0,9.982000000000001,0.0,1009.67
2016-02-26 08:00:00,2.155555555555557,-3.8166666666666678,0.7,31.910200000000003,149.0,9.9015,0.0,1009.78
2016-02-26 09:00:00,2.7111111111111126,-3.255555555555555,0.71,33.7456,149.0,9.8049,0.0,1009.76
2016-02-26 10:00:00,2.6611111111111105,-3.277777777777777,0.83,33.27870000000001,150.0,10.5938,0.0,1009.19
2016-02-26 11:00:00,3.8222222222222237,-1.3499999999999999,0.82,28.770700000000005,150.0,11.125100000000002,0.0,1008.79
2016-02-26 12:00:00,4.816666666666667,0.28888888888889064,0.78,25.0999,161.0,10.948,0.0,1008.72
2016-02-26 13:00:00,3.7777777777777763,-0.8222222222222224,0.83,23.0713,194.0,8.1466,0.0,1009.14
2016-02-26 14:00:00,2.844444444444443,-2.1611111111111114,0.89,24.3271,180.0,5.9731000000000005,0.0,1009.16
2016-02-26 15:00:00,2.894444444444445,-1.7166666666666666,0.89,21.091,172.0,7.824600000000001,0.0,1008.55
2016-02-26 16:00:00,2.9111111111111123,-0.777777777777777,0.9,14.812,175.0,7.728,0.0,1008.91
2016-02-26 17:00:00,2.822222222222221,-0.5333333333333338,0.96,12.863900000000001,184.0,3.4454000000000002,0.0,1008.95
2016-02-26 18:00:00,2.7999999999999994,0.7222222222222207,0.95,7.4704,217.0,2.5277000000000003,0.0,1009.56
2016-02-26 19:00:00,2.855555555555556,2.855555555555556,0.95,2.0930000000000004,268.0,2.7692,0.0,1010.06
2016-02-26 20:00:00,2.755555555555556,0.472222222222223,0.96,8.1305,328.0,3.5259,0.0,1010.29
2016-02-26 21:00:00,2.7333333333333343,0.8611111111111095,0.96,6.7781,301.0,3.9767000000000006,0.0,1010.95
2016-02-26 22:00:00,2.705555555555554,1.0944444444444439,0.92,6.021400000000001,312.0,5.2647,0.0,1011.7
2016-02-26 23:00:00,2.1722222222222203,-0.9888888888888895,0.92,11.237800000000002,329.0,4.4436,0.0,1011.65
2016-02-27 00:00:00,2.1722222222222203,2.1722222222222203,0.92,3.4293,325.0,4.395300000000001,0.0,1011.77
2016-02-27 01:00:00,0.9333333333333331,-0.9833333333333331,0.92,6.1341,228.0,7.9373000000000005,0.0,1014.2
2016-02-27 02:00:00,1.7111111111111101,-0.06666666666666722,0.92,6.0858,305.0,4.8461,0.0,1012.32
2016-02-27 03:00:00,1.6888888888888884,-0.027777777777778172,0.92,5.892600000000001,277.0,4.83,0.0,1012.13
2016-02-27 04:00:00,1.6888888888888884,1.6888888888888884,0.93,3.1556,279.0,5.0393,0.0,1012.12
2016-02-27 05:00:00,2.2000000000000006,0.03888888888888905,0.92,7.406,198.0,4.83,0.0,1012.16
2016-02-27 06:00:00,2.177777777777779,0.9333333333333331,0.93,4.9105,202.0,3.8801000000000005,0.0,1012.93
2016-02-27 07:00:00,2.155555555555557,-0.5222222222222229,0.93,9.193100000000001,225.0,2.9141000000000004,0.0,1013.21
2016-02-27 08:00:00,2.7833333333333323,0.5500000000000012,0.96,7.985600000000001,231.0,3.0107000000000004,0.0,1013.81
2016-02-27 09:00:00,2.9166666666666665,-0.044444444444443496,0.96,11.0446,221.0,3.5259,0.0,1013.82
2016-02-27 10:00:00,4.9,2.7333333333333343,0.93,9.193100000000001,218.0,3.4132000000000002,0.0,1013.95
2016-02-27 11:00:00,7.355555555555558,5.483333333333332,0.79,10.0142,281.0,8.05,0.0,1013.73
2016-02-27 12:00:00,8.933333333333332,7.03888888888889,0.76,11.9784,319.0,11.270000000000001,0.0,1013.64
2016-02-27 13:00:00,9.844444444444443,6.988888888888888,0.66,22.218000000000004,317.0,10.722600000000002,0.0,1013.27
2016-02-27 14:00:00,10.02222222222222,10.02222222222222,0.66,16.2449,337.0,11.270000000000001,0.0,1012.77
2016-02-27 15:00:00,10.02222222222222,10.02222222222222,0.66,14.731500000000002,327.0,11.2056,0.0,1012.78
2016-02-27 16:00:00,8.972222222222221,6.672222222222221,0.66,14.9247,320.0,10.6743,0.0,1013.04
2016-02-27 17:00:00,7.733333333333334,5.144444444444443,0.71,14.9247,310.0,11.2056,0.0,1013.17
2016-02-27 18:00:00,5.072222222222224,2.833333333333334,0.76,9.6439,308.0,11.2056,0.0,1013.77
2016-02-27 19:00:00,4.394444444444442,1.5277777777777777,0.8,12.058900000000001,290.0,9.6278,0.0,1014.39
2016-02-27 20:00:00,2.449999999999998,-1.5444444444444452,0.91,15.987300000000001,282.0,9.982000000000001,0.0,1014.36
2016-02-27 21:00:00,3.427777777777779,-0.022222222222221748,0.82,14.1197,300.0,15.826300000000002,0.0,1014.56
2016-02-27 22:00:00,2.9777777777777774,2.9777777777777774,0.82,4.5563,272.0,14.9569,0.0,1014.73
2016-02-27 23:00:00,1.7388888888888903,1.7388888888888903,0.88,3.7191000000000005,254.0,11.9784,0.0,1014.53
2016-02-28 00:00:00,0.7888888888888899,0.7888888888888899,0.88,3.1395,318.0,11.9784,0.0,1014.26
2016-02-28 01:00:00,8.11111111111111,5.744444444444446,0.77,13.9426,248.0,14.9569,0.0,1009.23
2016-02-28 02:00:00,0.7222222222222207,-2.605555555555556,0.89,10.6904,260.0,8.1305,0.0,1014.31
2016-02-28 03:00:00,0.16666666666666508,-3.2722222222222226,0.89,10.6743,249.0,8.1305,0.0,1013.51
2016-02-28 04:00:00,0.8999999999999986,-1.2388888888888892,0.89,6.7137,247.0,11.688600000000001,0.0,1013.26
2016-02-28 05:00:00,1.2277777777777783,-1.1722222222222218,0.85,7.6636,173.0,9.982000000000001,0.0,1012.8
2016-02-28 06:00:00,1.25,-0.12777777777777802,0.92,4.9427,192.0,9.9015,0.0,1012.59
2016-02-28 07:00:00,2.3888888888888875,0.3111111111111124,0.92,7.245,177.0,10.8836,0.0,1012.58
2016-02-28 08:00:00,2.894444444444445,1.6666666666666667,0.96,5.1037,171.0,11.125100000000002,0.0,1012.26
2016-02-28 09:00:00,5.072222222222224,1.7277777777777774,0.82,15.826300000000002,160.0,11.270000000000001,0.0,1011.46
2016-02-28 10:00:00,6.072222222222222,2.433333333333335,0.77,20.0445,168.0,10.0303,0.0,1010.75
2016-02-28 11:00:00,7.799999999999999,4.122222222222224,0.68,25.067700000000002,170.0,10.0464,0.0,1010.26
2016-02-28 12:00:00,8.933333333333332,5.0166666666666675,0.63,32.5703,170.0,10.0464,0.0,1009.45
2016-02-28 13:00:00,8.88888888888889,5.3666666666666645,0.63,27.015800000000002,171.0,10.0464,0.0,0.0
2016-02-28 14:00:00,9.144444444444446,5.98888888888889,0.64,23.489900000000002,174.0,9.9981,0.0,1007.79
2016-02-28 15:00:00,9.527777777777779,6.888888888888888,0.64,19.1107,180.0,9.9337,0.0,1007.79
2016-02-28 16:00:00,9.883333333333333,7.76111111111111,0.65,15.1823,190.0,9.9015,0.0,1007.79
2016-02-28 17:00:00,10.038888888888888,10.038888888888888,0.66,12.735100000000001,200.0,9.982000000000001,0.0,1007.79
2016-02-28 18:00:00,8.955555555555556,7.161111111111111,0.71,11.3666,210.0,11.2056,0.0,1007.45
2016-02-28 19:00:00,9.766666666666666,6.783333333333334,0.68,23.4738,220.0,11.0285,0.0,1007.86
2016-02-28 20:00:00,8.88888888888889,7.161111111111111,0.77,10.8997,222.0,11.125100000000002,0.0,1007.4
2016-02-28 21:00:00,9.35,7.750000000000002,0.72,10.706500000000002,265.0,15.874600000000001,0.0,1008.28
2016-02-28 22:00:00,8.527777777777779,8.527777777777779,0.79,4.7495,267.0,14.9569,0.0,1008.78
2016-02-28 23:00:00,7.288888888888888,5.26111111111111,0.83,10.787,205.0,15.826300000000002,0.0,1008.52
2016-03-01 00:00:00,8.266666666666667,6.427777777777778,0.77,10.787,248.0,15.826300000000002,0.0,1008.33
2016-03-01 01:00:00,9.733333333333336,8.08888888888889,0.8,11.431000000000001,213.0,14.9569,0.0,1004.93
2016-03-01 02:00:00,8.77222222222222,6.527777777777778,0.78,14.1841,240.0,15.826300000000002,0.0,1008.34
2016-03-01 03:00:00,8.866666666666667,6.244444444444445,0.75,17.388,219.0,15.826300000000002,0.0,1008.1
2016-03-01 04:00:00,8.294444444444444,6.238888888888887,0.77,12.1716,222.0,14.9569,0.0,1008.06
2016-03-01 05:00:00,6.25,4.605555555555555,0.86,8.05,211.0,9.982000000000001,0.0,1008.31
2016-03-01 06:00:00,5.183333333333333,3.316666666666666,0.93,8.1949,182.0,11.2056,0.0,1008.8
2016-03-01 07:00:00,6.35,3.827777777777778,0.87,12.461400000000001,198.0,11.0285,0.0,1009.38
2016-03-01 08:00:00,7.827777777777779,4.649999999999999,0.89,19.964000000000002,200.0,9.982000000000001,0.0,1009.58
2016-03-01 09:00:00,9.972222222222223,7.844444444444444,0.83,15.456,219.0,9.982000000000001,0.0,1009.2
2016-03-01 10:00:00,12.43888888888889,12.43888888888889,0.74,17.3075,213.0,10.3523,0.0,1009.05
2016-03-01 11:00:00,13.88888888888889,13.88888888888889,0.72,23.312800000000003,211.0,9.982000000000001,0.0,1008.6
2016-03-01 12:00:00,14.955555555555557,14.955555555555557,0.62,22.024800000000003,219.0,11.270000000000001,0.0,1008.19
2016-03-01 13:00:00,14.788888888888888,14.788888888888888,0.63,23.200100000000003,210.0,11.4471,0.0,1007.52
2016-03-01 14:00:00,16.016666666666666,16.016666666666666,0.58,21.847700000000003,220.0,11.2056,0.0,1006.67
2016-03-01 15:00:00,15.02222222222222,15.02222222222222,0.62,20.221600000000002,200.0,9.982000000000001,0.0,1006.26
2016-03-01 16:00:00,13.838888888888887,13.838888888888887,0.66,15.6009,190.0,11.398800000000001,0.0,1005.82
2016-03-01 17:00:00,13.838888888888887,13.838888888888887,0.67,11.511500000000002,171.0,11.2056,0.0,0.0
2016-03-01 18:00:00,12.266666666666666,12.266666666666666,0.74,12.6707,161.0,11.2056,0.0,1005.08
2016-03-01 19:00:00,12.666666666666664,12.666666666666664,0.73,15.778000000000002,162.0,11.0285,0.0,1005.38
2016-03-01 20:00:00,12.127777777777776,12.127777777777776,0.74,16.7762,171.0,11.2056,0.0,1005.07
2016-03-01 21:00:00,11.600000000000001,11.600000000000001,0.74,16.905,170.0,15.826300000000002,0.0,1004.39
2016-03-01 22:00:00,10.899999999999999,10.899999999999999,0.78,11.1734,173.0,14.9569,0.0,1004.54
2016-03-01 23:00:00,8.761111111111113,7.6000000000000005,0.8,7.8729,198.0,14.715400000000002,0.0,1007.07
2016-03-02 00:00:00,6.005555555555556,4.31111111111111,0.83,8.0822,245.0,14.5222,0.0,1010.42
2016-03-02 01:00:00,4.6000000000000005,2.1499999999999986,0.84,10.1913,262.0,14.5222,0.0,1012.02
2016-03-02 02:00:00,10.450000000000001,10.450000000000001,0.77,11.1895,193.0,15.826300000000002,0.0,1003.79
2016-03-02 03:00:00,8.93888888888889,7.200000000000001,0.83,11.0607,202.0,15.826300000000002,0.0,1003.79
2016-03-02 04:00:00,9.07777777777778,7.105555555555555,0.82,12.7029,204.0,9.982000000000001,0.0,1004.36
2016-03-02 05:00:00,8.983333333333334,7.272222222222224,0.82,10.8997,192.0,11.2056,0.0,1003.7
2016-03-02 06:00:00,9.027777777777779,7.666666666666665,0.82,9.016,184.0,11.2056,0.0,1003.1
2016-03-02 07:00:00,9.122222222222224,7.511111111111114,0.81,10.4972,193.0,11.125100000000002,0.0,1003.63
2016-03-02 08:00:00,8.983333333333334,8.983333333333334,0.82,1.8354,210.0,11.270000000000001,0.0,1003.81
2016-03-02 09:00:00,8.91111111111111,8.91111111111111,0.89,2.6404,3.0,11.125100000000002,0.0,1004.12
2016-03-02 10:00:00,9.927777777777777,9.927777777777777,0.87,3.6225,222.0,10.948,0.0,1004.4
2016-03-02 11:00:00,10.994444444444444,10.994444444444444,0.86,4.4758,243.0,11.125100000000002,0.0,1004.37
2016-03-02 12:00:00,8.933333333333332,6.427777777777778,0.89,16.5025,359.0,11.0446,0.0,1004.67
2016-03-02 13:00:00,8.122222222222222,5.094444444444445,0.89,19.32,5.0,10.948,0.0,1005.07
2016-03-02 14:00:00,7.805555555555554,4.649999999999999,0.96,19.706400000000002,347.0,11.270000000000001,0.0,1005.32
2016-03-02 15:00:00,7.244444444444444,4.9333333333333345,0.93,12.3648,326.0,11.270000000000001,0.0,1005.7
2016-03-02 16:00:00,7.244444444444444,6.327777777777778,0.94,5.957000000000001,300.0,10.5455,0.0,1006.5
2016-03-02 17:00:00,7.222222222222222,5.727777777777779,0.93,8.1466,242.0,11.2056,0.0,1006.67
2016-03-02 18:00:00,7.200000000000001,5.1,0.93,11.0929,270.0,11.2056,0.0,1007.48
2016-03-02 19:00:00,6.277777777777776,3.9722222222222214,0.93,11.141200000000001,259.0,9.982000000000001,0.0,1009.05
2016-03-02 20:00:00,7.155555555555556,4.3277777777777775,0.86,15.697500000000002,279.0,9.982000000000001,0.0,1010.18
2016-03-02 21:00:00,6.644444444444445,3.1333333333333337,0.85,20.2377,279.0,14.9086,0.0,1011.29
2016-03-02 22:00:00,5.58888888888889,1.9111111111111099,0.87,19.2878,278.0,14.168000000000003,0.0,1012.68
2016-03-02 23:00:00,5.027777777777776,1.4444444444444453,0.86,17.436300000000003,279.0,14.9086,0.0,1013.06
2016-03-03 00:00:00,4.516666666666668,1.3222222222222237,0.82,14.0714,270.0,14.9086,0.0,1013.45
2016-03-03 01:00:00,6.605555555555556,3.838888888888887,0.95,14.329,268.0,5.152000000000001,0.0,1012.22
2016-03-03 02:00:00,2.7611111111111106,-0.8777777777777769,0.89,14.312900000000003,241.0,14.9086,0.0,1014.04
2016-03-03 03:00:00,3.2722222222222226,0.3722222222222232,0.85,11.0607,249.0,14.9086,0.0,1014.32
2016-03-03 04:00:00,2.744444444444443,-0.7833333333333334,0.92,13.685,252.0,10.8192,0.0,1014.39
2016-03-03 05:00:00,1.161111111111113,-1.2666666666666673,0.92,7.695800000000001,209.0,9.982000000000001,0.0,1014.32
2016-03-03 06:00:00,0.1222222222222216,-2.4833333333333325,0.92,7.695800000000001,192.0,8.1949,0.0,1014.58
2016-03-03 07:00:00,1.338888888888887,-0.8833333333333333,0.93,7.1645,184.0,8.3398,0.0,1014.69
2016-03-03 08:00:00,3.8555555555555543,1.877777777777779,0.92,7.7440999999999995,162.0,11.2056,0.0,1014.19
2016-03-03 09:00:00,8.711111111111112,6.688888888888888,0.78,12.525800000000002,181.0,9.982000000000001,0.0,1013.31
2016-03-03 10:00:00,9.844444444444443,7.188888888888887,0.66,20.0606,171.0,10.0303,0.0,1012.9
2016-03-03 11:00:00,12.177777777777779,12.177777777777779,0.52,26.7904,160.0,9.982000000000001,0.0,1011.96
2016-03-03 12:00:00,12.200000000000001,12.200000000000001,0.52,32.6669,179.0,9.982000000000001,0.0,1010.68
2016-03-03 13:00:00,12.111111111111109,12.111111111111109,0.5,31.250100000000003,169.0,10.3523,0.0,1009.71
2016-03-03 14:00:00,11.016666666666666,11.016666666666666,0.62,24.633000000000003,170.0,11.125100000000002,0.0,1009.0
2016-03-03 15:00:00,9.972222222222223,7.666666666666665,0.77,16.985500000000002,170.0,11.270000000000001,0.0,1008.51
2016-03-03 16:00:00,9.022222222222224,6.561111111111113,0.83,16.2771,169.0,8.3398,0.0,1008.45
2016-03-03 17:00:00,7.822222222222221,5.344444444444443,0.96,14.2646,200.0,6.1985,0.0,1007.79
2016-03-03 18:00:00,7.799999999999999,5.82222222222222,0.96,11.0607,182.0,6.1985,0.0,1007.8
2016-03-03 19:00:00,7.827777777777779,5.677777777777777,0.96,12.1394,199.0,5.8765,0.0,1008.15
2016-03-03 20:00:00,7.822222222222221,6.25,0.96,8.9677,313.0,6.118,0.0,1009.07
2016-03-03 21:00:00,8.283333333333331,6.005555555555556,0.96,13.636700000000001,163.0,6.118,0.0,1007.88
2016-03-03 22:00:00,7.88888888888889,5.8500000000000005,0.96,11.543700000000001,221.0,6.295100000000001,0.0,1009.56
2016-03-03 23:00:00,7.733333333333334,5.205555555555554,0.96,14.49,250.0,6.1985,0.0,1010.15
2016-03-04 00:00:00,7.266666666666666,5.155555555555556,0.96,11.2217,250.0,9.982000000000001,0.0,1011.05
2016-03-04 01:00:00,1.7888888888888883,1.7888888888888883,0.93,2.737,321.0,14.168000000000003,0.0,1023.62
2016-03-04 02:00:00,7.827777777777779,5.2888888888888905,0.92,14.699300000000003,273.0,4.7495,0.0,1012.42
2016-03-04 03:00:00,8.311111111111112,5.899999999999999,0.86,14.6349,263.0,7.212800000000001,0.0,1012.65
2016-03-04 04:00:00,8.305555555555557,4.666666666666666,0.82,26.323500000000003,280.0,7.2772,0.0,1013.18
2016-03-04 05:00:00,7.755555555555556,3.927777777777778,0.72,26.6616,291.0,10.0464,0.0,1013.49
2016-03-04 06:00:00,7.755555555555556,3.227777777777779,0.72,36.176700000000004,290.0,10.0464,0.0,1014.1
2016-03-04 07:00:00,7.727777777777776,3.5388888888888874,0.71,31.137400000000003,300.0,10.4006,0.0,1015.17
2016-03-04 08:00:00,7.777777777777778,2.7777777777777777,0.76,44.1623,309.0,11.270000000000001,0.0,1015.8
2016-03-04 09:00:00,8.816666666666666,4.194444444444443,0.71,43.985200000000006,309.0,11.270000000000001,0.0,1016.43
2016-03-04 10:00:00,9.883333333333333,5.8500000000000005,0.65,39.6865,311.0,11.4471,0.0,1017.4
2016-03-04 11:00:00,9.927777777777777,5.82222222222222,0.66,41.393100000000004,310.0,11.270000000000001,0.0,1018.21
2016-03-04 12:00:00,8.983333333333334,4.9333333333333345,0.65,34.8565,310.0,11.270000000000001,0.0,1019.19
2016-03-04 13:00:00,9.833333333333336,6.177777777777776,0.66,32.9889,318.0,11.4471,0.0,1019.58
2016-03-04 14:00:00,10.072222222222223,10.072222222222223,0.65,27.1446,320.0,11.270000000000001,0.0,1020.03
2016-03-04 15:00:00,10.0,6.788888888888888,0.65,27.2251,310.0,11.270000000000001,0.0,1020.61
2016-03-04 16:00:00,9.855555555555558,6.766666666666667,0.61,25.0033,311.0,11.398800000000001,0.0,1021.16
2016-03-04 17:00:00,8.91111111111111,5.66111111111111,0.62,23.7636,310.0,11.2056,0.0,1021.75
2016-03-04 18:00:00,7.266666666666666,4.21111111111111,0.65,17.6778,301.0,11.2056,0.0,1023.02
2016-03-04 19:00:00,6.255555555555555,3.277777777777777,0.69,15.230600000000003,306.0,11.398800000000001,0.0,1024.14
2016-03-04 20:00:00,3.9333333333333322,1.311111111111111,0.81,10.4006,311.0,9.982000000000001,0.0,1024.82
2016-03-04 21:00:00,3.7722222222222217,1.0222222222222241,0.79,10.851400000000002,311.0,15.826300000000002,0.0,1025.18
2016-03-04 22:00:00,1.9666666666666661,-1.0444444444444438,0.84,10.4006,292.0,14.9569,0.0,1025.5
2016-03-04 23:00:00,1.6222222222222231,-0.2777777777777778,0.85,6.3756,322.0,15.826300000000002,0.0,1025.76
2016-03-05 00:00:00,0.9722222222222222,0.9722222222222222,0.89,2.7853000000000003,268.0,15.826300000000002,0.0,1025.95
2016-03-05 01:00:00,1.4944444444444431,0.016666666666667298,0.78,5.2325,73.0,14.9569,0.0,1027.48
2016-03-05 02:00:00,-0.21111111111111056,-2.422222222222222,0.92,6.44,20.0,11.8979,0.0,1026.38
2016-03-05 03:00:00,-1.7333333333333338,-3.927777777777778,0.96,5.828200000000001,292.0,9.9015,0.0,1026.55
2016-03-05 04:00:00,-1.0166666666666657,-2.7722222222222213,0.96,5.1037,325.0,9.837100000000001,0.0,1026.64
2016-03-05 05:00:00,-1.655555555555556,-1.655555555555556,0.98,2.1896000000000004,303.0,5.0071,0.0,1026.77
2016-03-05 06:00:00,-2.244444444444444,-2.244444444444444,0.99,2.1735,209.0,0.483,0.0,1026.94
2016-03-05 07:00:00,-1.0944444444444439,-1.0944444444444439,0.93,1.2880000000000003,236.0,2.8819000000000004,0.0,1027.33
2016-03-05 08:00:00,1.1111111111111112,-0.8944444444444442,0.96,6.44,140.0,4.524100000000001,0.0,1027.55
2016-03-05 09:00:00,7.083333333333333,4.705555555555555,0.72,12.5741,130.0,9.9015,0.0,1027.36
2016-03-05 10:00:00,7.727777777777776,4.811111111111109,0.63,17.4524,148.0,15.262800000000002,0.0,1027.1
2016-03-05 11:00:00,9.97777777777778,8.194444444444445,0.51,12.735100000000001,158.0,11.2056,0.0,1027.11
2016-03-05 12:00:00,11.08888888888889,11.08888888888889,0.44,12.5741,157.0,11.270000000000001,0.0,1026.9
2016-03-05 13:00:00,11.05,11.05,0.49,12.6707,164.0,11.0285,0.0,1026.48
2016-03-05 14:00:00,11.205555555555556,11.205555555555556,0.5,14.2807,139.0,9.982000000000001,0.0,1025.98
2016-03-05 15:00:00,11.205555555555556,11.205555555555556,0.53,14.425600000000003,140.0,9.982000000000001,0.0,1025.58
2016-03-05 16:00:00,11.05,11.05,0.49,14.6027,140.0,9.982000000000001,0.0,1025.27
2016-03-05 17:00:00,8.93888888888889,6.900000000000001,0.58,12.9444,141.0,9.982000000000001,0.0,0.0
2016-03-05 18:00:00,6.1833333333333345,3.9055555555555563,0.7,10.8997,129.0,9.982000000000001,0.0,1025.81
2016-03-05 19:00:00,6.15,4.4222222222222225,0.7,8.3237,108.0,9.982000000000001,0.0,1026.1
2016-03-05 20:00:00,5.488888888888891,3.0777777777777775,0.71,10.8836,100.0,15.826300000000002,0.0,1026.43
2016-03-05 21:00:00,5.3,3.9611111111111126,0.67,6.391700000000001,101.0,15.826300000000002,0.0,1026.45
2016-03-05 22:00:00,4.200000000000001,2.6333333333333346,0.7,6.5688,75.0,14.9569,0.0,1026.77
2016-03-05 23:00:00,4.716666666666668,3.0277777777777795,0.72,7.228900000000001,108.0,14.844200000000003,0.0,1024.92
2016-03-06 00:00:00,5.5277777777777795,3.111111111111112,0.74,10.948,137.0,14.844200000000003,0.0,1022.42
2016-03-06 01:00:00,5.761111111111109,2.922222222222221,0.75,13.5884,145.0,14.9569,0.0,1021.22
2016-03-06 02:00:00,2.127777777777777,0.2722222222222233,0.73,6.4561,98.0,15.826300000000002,0.0,1027.38
2016-03-06 03:00:00,1.2833333333333345,-0.43888888888888844,0.76,5.7799000000000005,82.0,14.168000000000003,0.0,1027.66
2016-03-06 04:00:00,0.6222222222222208,-0.9833333333333331,0.81,5.2647,70.0,11.753,0.0,1027.2
2016-03-06 05:00:00,0.0777777777777781,0.0777777777777781,0.85,4.6851,58.0,9.982000000000001,0.0,1026.9
2016-03-06 06:00:00,-0.9000000000000006,-0.9000000000000006,0.91,3.1717,359.0,9.9015,0.0,1027.87
2016-03-06 07:00:00,1.2333333333333327,1.2333333333333327,0.79,4.0733,41.0,9.9015,0.0,1028.6
2016-03-06 08:00:00,7.6000000000000005,5.888888888888889,0.64,9.450700000000001,129.0,9.982000000000001,0.0,1028.05
2016-03-06 09:00:00,9.899999999999999,7.88888888888889,0.54,14.329,120.0,9.982000000000001,0.0,0.0
2016-03-06 10:00:00,10.944444444444446,10.944444444444446,0.51,10.4972,122.0,10.3523,0.0,1027.54
2016-03-06 11:00:00,12.777777777777779,12.777777777777779,0.49,11.656400000000001,132.0,9.982000000000001,0.0,0.0
2016-03-06 12:00:00,12.82777777777778,12.82777777777778,0.45,11.6081,131.0,9.982000000000001,0.0,1026.73
2016-03-06 13:00:00,13.88888888888889,13.88888888888889,0.44,13.9265,137.0,10.3523,0.0,1025.75
2016-03-06 14:00:00,14.97777777777778,14.97777777777778,0.42,15.697500000000002,121.0,9.982000000000001,0.0,1024.77
2016-03-06 15:00:00,15.02222222222222,15.02222222222222,0.42,11.157300000000001,156.0,9.982000000000001,0.0,1024.21
2016-03-06 16:00:00,14.133333333333333,14.133333333333333,0.44,13.121500000000001,140.0,10.3523,0.0,1023.75
2016-03-06 17:00:00,12.249999999999998,12.249999999999998,0.57,9.7405,140.0,9.982000000000001,0.0,0.0
2016-03-06 18:00:00,11.066666666666668,11.066666666666668,0.61,8.0661,120.0,9.982000000000001,0.0,1023.22
2016-03-06 19:00:00,9.166666666666666,7.427777777777777,0.7,11.3022,110.0,9.982000000000001,0.0,1023.17
2016-03-06 20:00:00,8.800000000000002,6.377777777777776,0.71,15.552600000000002,131.0,9.982000000000001,0.0,1022.2
2016-03-06 21:00:00,8.311111111111112,5.977777777777777,0.71,14.007,131.0,15.826300000000002,0.0,1021.79
2016-03-06 22:00:00,8.18888888888889,5.888888888888889,0.7,13.6045,140.0,14.9569,0.0,1021.29
2016-03-06 23:00:00,7.172222222222221,4.605555555555555,0.73,13.910400000000001,140.0,15.826300000000002,0.0,1020.79
2016-03-07 00:00:00,7.66111111111111,4.8055555555555545,0.72,16.856700000000004,150.0,15.826300000000002,0.0,1020.22
2016-03-07 01:00:00,8.838888888888887,6.661111111111112,0.7,13.7977,148.0,14.9569,0.0,1014.13
2016-03-07 02:00:00,6.061111111111109,2.738888888888889,0.76,17.4202,150.0,15.826300000000002,0.0,1019.34
2016-03-07 03:00:00,5.444444444444443,1.9499999999999988,0.8,17.5651,150.0,15.826300000000002,0.0,1018.71
2016-03-07 04:00:00,4.4722222222222205,1.3222222222222237,0.83,13.7172,146.0,14.9569,0.0,1018.28
2016-03-07 05:00:00,3.8944444444444435,0.5777777777777773,0.89,13.9426,150.0,9.982000000000001,0.0,1017.91
2016-03-07 06:00:00,3.866666666666667,0.055555555555556344,0.89,17.066,139.0,9.982000000000001,0.0,1017.49
2016-03-07 07:00:00,4.988888888888887,0.9777777777777766,0.82,20.752900000000004,149.0,9.982000000000001,0.0,1017.38
2016-03-07 08:00:00,7.777777777777778,4.366666666666666,0.71,22.169700000000002,150.0,9.982000000000001,0.0,0.0
2016-03-07 09:00:00,11.11111111111111,11.11111111111111,0.61,22.4595,160.0,9.982000000000001,0.0,1017.02
2016-03-07 10:00:00,12.744444444444444,12.744444444444444,0.55,27.6598,158.0,10.3523,0.0,1016.49
2016-03-07 11:00:00,13.983333333333334,13.983333333333334,0.55,28.883400000000005,150.0,9.982000000000001,0.0,1015.6
2016-03-07 12:00:00,16.133333333333333,16.133333333333333,0.52,24.633000000000003,160.0,9.982000000000001,0.0,1014.81
2016-03-07 13:00:00,16.255555555555553,16.255555555555553,0.47,26.0015,168.0,10.3523,0.0,1014.26
2016-03-07 14:00:00,17.77777777777778,17.77777777777778,0.43,17.71,170.0,9.982000000000001,0.0,0.0
2016-03-07 15:00:00,16.95555555555556,16.95555555555556,0.5,10.706500000000002,154.0,9.982000000000001,0.0,1011.9
2016-03-07 16:00:00,17.22222222222222,17.22222222222222,0.5,9.1287,160.0,9.982000000000001,0.0,1011.1
2016-03-07 17:00:00,13.977777777777776,13.977777777777776,0.51,16.9372,150.0,11.2056,0.0,1012.18
2016-03-07 18:00:00,12.822222222222221,12.822222222222221,0.52,20.0445,149.0,9.982000000000001,0.0,1012.27
2016-03-07 19:00:00,11.205555555555556,11.205555555555556,0.58,18.6921,148.0,9.982000000000001,0.0,1012.42
2016-03-07 20:00:00,11.08888888888889,11.08888888888889,0.57,21.413000000000004,159.0,9.982000000000001,0.0,1012.29
2016-03-07 21:00:00,10.072222222222223,10.072222222222223,0.61,16.9533,169.0,15.826300000000002,0.0,1012.67
2016-03-07 22:00:00,9.594444444444447,7.572222222222223,0.63,13.8621,166.0,14.9569,0.0,1012.72
2016-03-07 23:00:00,10.050000000000002,10.050000000000002,0.61,16.905,169.0,15.826300000000002,0.0,1012.58
2016-03-08 00:00:00,10.555555555555555,10.555555555555555,0.61,17.227,159.0,15.826300000000002,0.0,1012.48
2016-03-08 01:00:00,7.311111111111109,6.1388888888888875,0.76,6.9069,183.0,14.0875,0.0,1020.13
2016-03-08 02:00:00,9.927777777777777,7.605555555555554,0.64,17.0338,149.0,15.826300000000002,0.0,1012.61
2016-03-08 03:00:00,9.444444444444445,7.016666666666668,0.63,16.9372,160.0,15.826300000000002,0.0,1012.61
2016-03-08 04:00:00,8.805555555555555,5.922222222222221,0.69,19.642,156.0,9.982000000000001,0.0,1012.81
2016-03-08 05:00:00,7.827777777777779,5.627777777777779,0.76,12.4292,140.0,9.982000000000001,0.0,1013.1
2016-03-08 06:00:00,6.227777777777778,3.661111111111113,0.79,12.558,129.0,9.9015,0.0,1013.3
2016-03-08 07:00:00,7.288888888888888,4.783333333333333,0.79,13.620600000000001,120.0,8.420300000000001,0.0,1014.07
2016-03-08 08:00:00,8.916666666666664,5.866666666666668,0.71,21.6062,140.0,9.982000000000001,0.0,1014.6
2016-03-08 09:00:00,10.027777777777777,10.027777777777777,0.66,26.3718,140.0,9.982000000000001,0.0,1014.91
2016-03-08 10:00:00,11.222222222222223,11.222222222222223,0.65,24.8423,141.0,9.982000000000001,0.0,1015.24
2016-03-08 11:00:00,12.805555555555554,12.805555555555554,0.55,27.7403,159.0,9.982000000000001,0.0,1015.51
2016-03-08 12:00:00,13.961111111111112,13.961111111111112,0.55,23.119600000000002,149.0,9.982000000000001,0.0,1015.6
2016-03-08 13:00:00,13.91111111111111,13.91111111111111,0.55,21.429100000000002,158.0,9.982000000000001,0.0,1015.42
2016-03-08 14:00:00,15.994444444444444,15.994444444444444,0.49,20.0445,159.0,9.982000000000001,0.0,1015.54
2016-03-08 15:00:00,15.044444444444443,15.044444444444443,0.47,15.101800000000003,159.0,9.982000000000001,0.0,1015.73
2016-03-08 16:00:00,14.916666666666666,14.916666666666666,0.49,17.4202,177.0,15.262800000000002,0.0,1016.12
2016-03-08 17:00:00,12.82777777777778,12.82777777777778,0.55,9.3702,170.0,9.982000000000001,0.0,0.0
2016-03-08 18:00:00,11.133333333333333,11.133333333333333,0.61,7.3899,168.0,9.982000000000001,0.0,1017.24
2016-03-08 19:00:00,10.105555555555554,10.105555555555554,0.65,2.7692,158.0,9.982000000000001,0.0,1018.04
2016-03-08 20:00:00,8.883333333333335,8.883333333333335,0.72,4.1377,224.0,9.982000000000001,0.0,1018.64
2016-03-08 21:00:00,8.305555555555557,8.305555555555557,0.74,2.7853000000000003,220.0,14.812,0.0,1019.54
2016-03-08 22:00:00,7.505555555555554,6.344444444444445,0.75,6.9874,190.0,14.0875,0.0,1020.46
2016-03-08 23:00:00,7.294444444444445,4.733333333333335,0.79,14.023100000000003,192.0,14.812,0.0,1020.83
2016-03-09 00:00:00,7.783333333333331,6.916666666666668,0.73,6.0536,166.0,14.812,0.0,1021.33
2016-03-09 01:00:00,7.950000000000001,5.7555555555555555,0.81,12.558,20.0,11.5759,0.0,1022.8
2016-03-09 02:00:00,5.744444444444446,5.744444444444446,0.81,2.7209,359.0,14.812,0.0,1022.34
2016-03-09 03:00:00,5.255555555555556,5.255555555555556,0.85,3.2683,318.0,14.812,0.0,1022.33
2016-03-09 04:00:00,5.855555555555555,4.661111111111111,0.82,6.1824,178.0,14.023100000000003,0.0,1022.65
2016-03-09 05:00:00,4.21111111111111,2.1611111111111114,0.89,8.2432,275.0,9.8049,0.0,1022.84
2016-03-09 06:00:00,4.188888888888888,1.9555555555555573,0.92,8.935500000000001,303.0,7.695800000000001,0.0,1023.34
2016-03-09 07:00:00,4.549999999999999,2.983333333333332,0.91,6.7298,241.0,6.488300000000001,0.0,1024.03
2016-03-09 08:00:00,7.266666666666666,4.872222222222224,0.8,12.9122,316.0,7.7440999999999995,0.0,1024.43
2016-03-09 09:00:00,7.872222222222224,7.872222222222224,0.77,4.2987,223.0,9.6761,0.0,1024.74
2016-03-09 10:00:00,9.93888888888889,9.93888888888889,0.71,4.4436,206.0,9.7727,0.0,1024.83
2016-03-09 11:00:00,11.022222222222224,11.022222222222224,0.67,3.9928000000000003,222.0,9.8049,0.0,1024.76
2016-03-09 12:00:00,12.572222222222223,12.572222222222223,0.61,2.8819000000000004,234.0,9.9015,0.0,1024.46
2016-03-09 13:00:00,12.650000000000002,12.650000000000002,0.68,7.985600000000001,333.0,11.3183,0.0,1023.67
2016-03-09 14:00:00,12.750000000000002,12.750000000000002,0.64,4.652900000000001,2.0,11.125100000000002,0.0,0.0
2016-03-09 15:00:00,12.527777777777777,12.527777777777777,0.66,7.985600000000001,345.0,11.125100000000002,0.0,1023.01
2016-03-09 16:00:00,12.122222222222222,12.122222222222222,0.67,9.064300000000001,336.0,9.4185,0.0,1022.88
2016-03-09 17:00:00,10.955555555555556,10.955555555555556,0.81,11.125100000000002,318.0,6.9069,0.0,1022.89
2016-03-09 18:00:00,9.933333333333334,8.638888888888888,0.86,9.595600000000001,300.0,6.8586,0.0,1023.08
2016-03-09 19:00:00,9.027777777777779,7.511111111111114,0.89,9.8693,315.0,8.0983,0.0,1023.24
2016-03-09 20:00:00,8.866666666666667,7.422222222222222,0.89,9.305800000000001,313.0,9.6761,0.0,1023.39
2016-03-09 21:00:00,8.844444444444445,8.027777777777779,0.93,6.4722,314.0,7.8729,0.0,1023.68
2016-03-09 22:00:00,8.850000000000001,7.172222222222221,0.93,10.5616,325.0,8.1788,0.0,1023.49
2016-03-09 23:00:00,8.266666666666667,6.449999999999999,0.95,10.6743,333.0,7.969500000000001,0.0,1023.1
2016-03-10 00:00:00,8.77222222222222,7.03888888888889,0.89,10.8031,0.0,8.0017,0.0,1023.0
2016-03-10 01:00:00,7.383333333333332,5.0,0.82,12.992700000000001,355.0,14.2163,0.0,1028.85
2016-03-10 02:00:00,8.216666666666665,6.366666666666667,0.81,10.8192,29.0,14.812,0.0,1023.2
2016-03-10 03:00:00,7.711111111111112,5.772222222222222,0.84,10.722600000000002,27.0,14.812,0.0,1023.29
2016-03-10 04:00:00,7.733333333333334,6.061111111111109,0.84,9.3863,19.0,13.7333,0.0,1023.35
2016-03-10 05:00:00,7.200000000000001,6.188888888888889,0.84,6.262900000000001,36.0,14.812,0.0,1023.5
2016-03-10 06:00:00,7.1499999999999995,5.68888888888889,0.87,7.9373000000000005,27.0,9.9015,0.0,1023.89
2016-03-10 07:00:00,7.249999999999998,6.211111111111111,0.86,6.391700000000001,33.0,9.5473,0.0,1024.59
2016-03-10 08:00:00,7.711111111111112,7.172222222222221,0.84,4.9910000000000005,45.0,11.125100000000002,0.0,1025.17
2016-03-10 09:00:00,7.711111111111112,7.172222222222221,0.89,5.0071,352.0,8.05,0.0,1025.69
2016-03-10 10:00:00,7.805555555555554,6.755555555555554,0.88,6.7298,347.0,7.8084999999999996,0.0,1026.2
2016-03-10 11:00:00,7.777777777777778,7.777777777777778,0.89,3.3649,359.0,6.295100000000001,0.0,1026.68
2016-03-10 12:00:00,7.805555555555554,7.249999999999998,0.89,5.0876,347.0,6.295100000000001,0.0,1027.07
2016-03-10 13:00:00,8.850000000000001,8.850000000000001,0.83,1.5295,7.0,10.3362,0.0,1027.01
2016-03-10 14:00:00,9.844444444444443,9.844444444444443,0.78,4.4758,33.0,11.0446,0.0,1026.89
2016-03-10 15:00:00,9.844444444444443,8.072222222222223,0.73,12.4292,16.0,11.0446,0.0,1027.19
2016-03-10 16:00:00,9.866666666666665,8.372222222222222,0.71,10.6743,0.0,10.8836,0.0,1027.3
2016-03-10 17:00:00,8.822222222222223,6.822222222222223,0.84,12.5097,340.0,7.969500000000001,0.0,1027.51
2016-03-10 18:00:00,8.822222222222223,6.816666666666668,0.84,12.558,340.0,7.969500000000001,0.0,1028.1
2016-03-10 19:00:00,8.777777777777777,6.81111111111111,0.88,12.2199,348.0,8.2593,0.0,1028.52
2016-03-10 20:00:00,7.755555555555556,6.094444444444444,0.96,9.3541,342.0,7.969500000000001,0.0,1028.72
2016-03-10 21:00:00,8.266666666666667,5.955555555555555,0.89,13.8138,343.0,8.1949,0.0,1029.1
2016-03-10 22:00:00,8.28888888888889,6.449999999999999,0.86,10.8031,7.0,8.4686,0.0,1029.4
2016-03-10 23:00:00,7.733333333333334,5.750000000000001,0.86,11.012400000000001,19.0,10.0464,0.0,1029.72
2016-03-11 00:00:00,7.733333333333334,5.744444444444446,0.8,11.0607,9.0,10.0464,0.0,1030.11
2016-03-11 01:00:00,3.966666666666667,2.0111111111111097,0.85,7.7440999999999995,340.0,8.420300000000001,0.0,1031.62
2016-03-11 02:00:00,6.622222222222224,3.9333333333333322,0.8,13.8299,357.0,14.812,0.0,1030.04
2016-03-11 03:00:00,6.622222222222224,3.9499999999999997,0.77,13.7494,7.0,14.812,0.0,1030.14
2016-03-11 04:00:00,6.51111111111111,3.394444444444444,0.75,16.7279,358.0,14.0875,0.0,1030.17
2016-03-11 05:00:00,5.922222222222221,3.022222222222221,0.8,14.2002,358.0,14.812,0.0,1030.25
2016-03-11 06:00:00,5.899999999999999,2.233333333333335,0.8,19.8835,9.0,9.9015,0.0,1030.84
2016-03-11 07:00:00,6.93888888888889,3.816666666666665,0.72,17.581200000000003,359.0,9.9015,0.0,1031.42
2016-03-11 08:00:00,7.161111111111111,4.333333333333332,0.74,15.681400000000002,8.0,11.125100000000002,0.0,1031.84
2016-03-11 09:00:00,7.76111111111111,4.8388888888888895,0.71,17.581200000000003,19.0,9.982000000000001,0.0,1032.0
2016-03-11 10:00:00,8.88888888888889,5.994444444444444,0.7,19.9479,18.0,9.982000000000001,0.0,1031.91
2016-03-11 11:00:00,10.027777777777777,10.027777777777777,0.66,22.073100000000004,9.0,9.982000000000001,0.0,1032.01
2016-03-11 12:00:00,12.177777777777779,12.177777777777779,0.61,20.447,19.0,11.2056,0.0,1031.81
2016-03-11 13:00:00,12.094444444444447,12.094444444444447,0.6,17.516800000000003,0.0,11.0285,0.0,1031.35
2016-03-11 14:00:00,12.783333333333331,12.783333333333331,0.58,20.334300000000002,359.0,11.2056,0.0,1030.91
2016-03-11 15:00:00,12.783333333333331,12.783333333333331,0.58,14.296800000000003,359.0,9.982000000000001,0.0,1030.49
2016-03-11 16:00:00,12.705555555555556,12.705555555555556,0.58,13.5723,12.0,9.982000000000001,0.0,1030.34
2016-03-11 17:00:00,12.149999999999999,12.149999999999999,0.57,12.397,7.0,9.982000000000001,0.0,1030.51
2016-03-11 18:00:00,10.02222222222222,10.02222222222222,0.65,9.5473,336.0,9.982000000000001,0.0,1030.79
2016-03-11 19:00:00,7.9833333333333325,7.9833333333333325,0.7,3.1234,352.0,9.6278,0.0,1031.03
2016-03-11 20:00:00,7.244444444444444,5.466666666666669,0.71,9.450700000000001,337.0,9.982000000000001,0.0,1031.39
2016-03-11 21:00:00,6.1833333333333345,4.922222222222222,0.73,6.5688,327.0,15.826300000000002,0.0,1031.86
2016-03-11 22:00:00,5.472222222222223,4.200000000000001,0.77,6.2468,336.0,13.8138,0.0,1032.17
2016-03-11 23:00:00,4.772222222222224,3.4777777777777765,0.8,6.0053,340.0,14.9086,0.0,1032.2
2016-03-12 00:00:00,3.1944444444444446,1.5722222222222213,0.85,6.279,319.0,8.1305,0.0,1032.09
2016-03-12 01:00:00,4.288888888888888,2.077777777777779,0.8,8.919400000000001,336.0,8.0983,0.0,1031.21
2016-03-12 02:00:00,2.550000000000002,0.8277777777777788,0.86,6.262900000000001,341.0,6.295100000000001,0.0,1031.79
2016-03-12 03:00:00,2.4777777777777783,0.6833333333333316,0.89,6.44,352.0,6.1985,0.0,1031.48
2016-03-12 04:00:00,0.7944444444444443,0.7944444444444443,0.92,4.524100000000001,340.0,6.4078,0.0,1031.54
2016-03-12 05:00:00,0.044444444444443496,0.044444444444443496,0.92,4.5724,321.0,6.0697,0.0,1031.37
2016-03-12 06:00:00,-1.0500000000000003,-1.0500000000000003,0.99,3.1556,327.0,3.9123000000000006,0.0,1031.36
2016-03-12 07:00:00,1.3055555555555562,1.3055555555555562,0.91,1.5617,329.0,4.4758,0.0,1031.45
2016-03-12 08:00:00,6.094444444444444,6.094444444444444,0.86,1.8676,292.0,6.0697,0.0,1031.09
2016-03-12 09:00:00,10.999999999999998,10.999999999999998,0.61,0.5313000000000001,214.0,9.982000000000001,0.0,1030.97
2016-03-12 10:00:00,12.52222222222222,12.52222222222222,0.52,4.9910000000000005,52.0,9.982000000000001,0.0,1030.82
2016-03-12 11:00:00,13.866666666666667,13.866666666666667,0.45,8.774500000000002,336.0,11.2056,0.0,1030.77
2016-03-12 12:00:00,13.983333333333334,13.983333333333334,0.45,10.3362,16.0,11.2056,0.0,1030.26
2016-03-12 13:00:00,14.922222222222224,14.922222222222224,0.44,9.2575,334.0,10.3523,0.0,1029.51
2016-03-12 14:00:00,15.094444444444447,15.094444444444447,0.42,10.996300000000002,329.0,9.982000000000001,0.0,1028.67
2016-03-12 15:00:00,16.11111111111111,16.11111111111111,0.39,10.642100000000001,5.0,9.982000000000001,0.0,1028.06
2016-03-12 16:00:00,15.177777777777777,15.177777777777777,0.4,11.0607,2.0,10.3523,0.0,1027.71
2016-03-12 17:00:00,12.96111111111111,12.96111111111111,0.5,9.016,356.0,9.982000000000001,0.0,1027.55
2016-03-12 18:00:00,11.25,11.25,0.55,7.6796999999999995,336.0,9.982000000000001,0.0,1027.75
2016-03-12 19:00:00,10.127777777777775,10.127777777777775,0.56,8.3237,328.0,9.982000000000001,0.0,1028.05
2016-03-12 20:00:00,6.133333333333333,4.433333333333332,0.76,8.1949,300.0,9.982000000000001,0.0,1028.07
2016-03-12 21:00:00,5.533333333333334,4.105555555555556,0.73,6.810300000000001,310.0,14.9086,0.0,1027.99
2016-03-12 22:00:00,6.916666666666668,6.916666666666668,0.68,3.864,315.0,14.168000000000003,0.0,1027.8
2016-03-12 23:00:00,7.505555555555554,6.449999999999999,0.72,6.5849,6.0,14.9086,0.0,1027.41
2016-03-13 00:00:00,8.044444444444443,8.044444444444443,0.69,3.6064000000000007,333.0,14.9086,0.0,1027.21
2016-03-13 01:00:00,8.194444444444445,8.194444444444445,0.72,2.6082000000000005,272.0,14.168000000000003,0.0,1027.39
2016-03-13 02:00:00,8.133333333333333,7.216666666666669,0.74,6.44,357.0,14.9086,0.0,1027.09
2016-03-13 03:00:00,7.73888888888889,6.755555555555554,0.76,6.4561,358.0,14.9086,0.0,1026.79
2016-03-13 04:00:00,7.927777777777781,6.822222222222223,0.74,7.0357,346.0,14.168000000000003,0.0,1026.7
2016-03-13 05:00:00,6.227777777777778,5.466666666666669,0.78,5.055400000000001,351.0,9.982000000000001,0.0,1026.49
2016-03-13 06:00:00,5.155555555555556,3.022222222222221,0.82,9.2736,351.0,9.9015,0.0,1026.49
2016-03-13 07:00:00,7.955555555555555,6.516666666666665,0.74,8.4525,5.0,9.982000000000001,0.0,1026.85
2016-03-13 08:00:00,10.005555555555553,10.005555555555553,0.7,12.5419,29.0,9.982000000000001,0.0,1026.89
2016-03-13 09:00:00,12.733333333333334,12.733333333333334,0.68,12.5097,21.0,9.982000000000001,0.0,1026.89
2016-03-13 10:00:00,14.849999999999998,14.849999999999998,0.6,14.039200000000001,39.0,9.982000000000001,0.0,1026.69
2016-03-13 11:00:00,16.11111111111111,16.11111111111111,0.56,16.583000000000002,51.0,11.270000000000001,0.0,1026.58
2016-03-13 12:00:00,16.16111111111111,16.16111111111111,0.55,16.744000000000003,41.0,11.270000000000001,0.0,1026.3
2016-03-13 13:00:00,16.20555555555556,16.20555555555556,0.47,16.438100000000002,31.0,11.398800000000001,0.0,1025.91
2016-03-13 14:00:00,16.227777777777778,16.227777777777778,0.51,15.778000000000002,20.0,11.2056,0.0,1025.54
2016-03-13 15:00:00,16.227777777777778,16.227777777777778,0.51,15.649200000000002,30.0,11.2056,0.0,1025.33
2016-03-13 16:00:00,15.316666666666666,15.316666666666666,0.52,12.477500000000001,6.0,11.398800000000001,0.0,1025.07
2016-03-13 17:00:00,14.044444444444444,14.044444444444444,0.63,9.2414,24.0,9.982000000000001,0.0,1025.04
2016-03-13 18:00:00,12.31111111111111,12.31111111111111,0.61,4.4275,355.0,9.982000000000001,0.0,1025.26
2016-03-13 19:00:00,9.466666666666665,9.466666666666665,0.74,3.3327,345.0,9.982000000000001,0.0,1025.64
2016-03-13 20:00:00,7.799999999999999,7.799999999999999,0.83,1.6583,337.0,9.982000000000001,0.0,1025.87
2016-03-13 21:00:00,7.1499999999999995,7.1499999999999995,0.83,3.5903,320.0,15.826300000000002,0.0,1026.18
2016-03-13 22:00:00,6.272222222222222,6.272222222222222,0.86,3.7352,332.0,14.9569,0.0,1026.37
2016-03-13 23:00:00,5.438888888888888,5.438888888888888,0.93,3.5903,350.0,15.826300000000002,0.0,1026.48
2016-03-14 00:00:00,4.861111111111111,4.861111111111111,0.93,3.703,320.0,15.826300000000002,0.0,1026.67
2016-03-14 01:00:00,5.899999999999999,3.966666666666667,0.85,8.9999,357.0,14.023100000000003,0.0,1026.35
2016-03-14 02:00:00,3.433333333333333,3.433333333333333,0.92,3.3488,341.0,15.826300000000002,0.0,1026.86
2016-03-14 03:00:00,2.872222222222223,2.872222222222223,0.96,3.0268,1.0,9.982000000000001,0.0,1026.67
2016-03-14 04:00:00,1.8833333333333337,1.8833333333333337,0.92,0.27370000000000005,120.0,2.8497000000000003,0.0,1026.86
2016-03-14 05:00:00,2.3388888888888895,0.8500000000000006,0.92,5.554500000000001,35.0,1.5939,0.0,1027.04
2016-03-14 06:00:00,1.25,1.25,0.92,2.6082000000000005,272.0,0.3864,0.0,1027.15
2016-03-14 07:00:00,3.0555555555555554,3.0555555555555554,0.98,0.3542,123.0,2.7209,0.0,1027.45
2016-03-14 08:00:00,7.805555555555554,7.805555555555554,0.89,1.6744,343.0,3.2844,0.0,1027.38
2016-03-14 09:00:00,12.13888888888889,12.13888888888889,0.72,0.2898,120.0,6.295100000000001,0.0,1027.45
2016-03-14 10:00:00,13.861111111111112,13.861111111111112,0.63,6.423900000000001,309.0,9.982000000000001,0.0,1027.37
2016-03-14 11:00:00,16.183333333333334,16.183333333333334,0.48,7.084000000000001,19.0,9.982000000000001,0.0,1026.94
2016-03-14 12:00:00,17.266666666666666,17.266666666666666,0.41,7.4543,14.0,9.982000000000001,0.0,1026.54
2016-03-14 13:00:00,17.372222222222224,17.372222222222224,0.47,8.355900000000002,37.0,10.3523,0.0,1025.96
2016-03-14 14:00:00,17.872222222222224,17.872222222222224,0.4,4.6690000000000005,17.0,9.982000000000001,0.0,1025.33
2016-03-14 15:00:00,17.89444444444444,17.89444444444444,0.43,7.0357,43.0,9.982000000000001,0.0,1025.03
2016-03-14 16:00:00,17.972222222222218,17.972222222222218,0.43,6.1341,39.0,10.3523,0.0,1024.64
2016-03-14 17:00:00,17.288888888888888,17.288888888888888,0.41,4.459700000000001,33.0,9.982000000000001,0.0,1024.36
2016-03-14 18:00:00,14.022222222222224,14.022222222222224,0.51,0.4508000000000001,280.0,9.982000000000001,0.0,1024.75
2016-03-14 19:00:00,11.538888888888891,11.538888888888891,0.6,3.9123000000000006,307.0,10.3523,0.0,1025.02
2016-03-14 20:00:00,8.283333333333331,8.283333333333331,0.74,0.8694000000000001,284.0,9.982000000000001,0.0,1025.37
2016-03-14 21:00:00,8.18888888888889,8.18888888888889,0.78,3.5420000000000007,264.0,14.812,0.0,1025.28
2016-03-14 22:00:00,8.355555555555554,8.355555555555554,0.77,4.250400000000001,292.0,14.0875,0.0,1025.59
2016-03-14 23:00:00,7.472222222222224,7.472222222222224,0.78,3.5903,331.0,14.812,0.0,1025.7
2016-03-15 00:00:00,7.305555555555555,5.183333333333333,0.82,11.3022,319.0,14.812,0.0,1025.69
2016-03-15 01:00:00,4.183333333333334,2.3388888888888895,0.78,7.4543,335.0,14.9569,0.0,1025.91
2016-03-15 02:00:00,6.172222222222222,5.044444444444443,0.85,6.1341,19.0,11.8979,0.0,1026.38
2016-03-15 03:00:00,7.777777777777778,5.855555555555555,0.75,10.722600000000002,39.0,11.801300000000001,0.0,1026.31
2016-03-15 04:00:00,7.638888888888889,4.822222222222222,0.72,16.5025,28.0,14.023100000000003,0.0,1026.47
2016-03-15 05:00:00,7.200000000000001,4.43888888888889,0.71,15.278900000000002,17.0,9.9015,0.0,1026.56
2016-03-15 06:00:00,7.200000000000001,4.672222222222221,0.71,13.6689,18.0,9.9015,0.0,1026.95
2016-03-15 07:00:00,7.577777777777778,4.927777777777776,0.69,15.101800000000003,8.0,9.9015,0.0,1027.58
2016-03-15 08:00:00,8.93888888888889,5.666666666666668,0.63,24.1017,29.0,9.982000000000001,0.0,1027.74
2016-03-15 09:00:00,11.066666666666668,11.066666666666668,0.56,24.2144,30.0,9.982000000000001,0.0,1028.03
2016-03-15 10:00:00,12.083333333333334,12.083333333333334,0.52,22.540000000000003,19.0,9.982000000000001,0.0,1027.98
2016-03-15 11:00:00,12.82777777777778,12.82777777777778,0.42,23.892400000000002,20.0,10.0464,0.0,1028.11
2016-03-15 12:00:00,13.93888888888889,13.93888888888889,0.42,20.6563,29.0,9.982000000000001,0.0,1027.62
2016-03-15 13:00:00,14.038888888888891,14.038888888888891,0.34,16.4703,15.0,9.982000000000001,0.0,1027.01
2016-03-15 14:00:00,14.994444444444447,14.994444444444447,0.39,11.7047,357.0,9.982000000000001,0.0,1026.35
2016-03-15 15:00:00,14.027777777777779,14.027777777777779,0.46,12.654600000000002,309.0,9.982000000000001,0.0,1025.65
2016-03-15 16:00:00,14.122222222222224,14.122222222222224,0.44,13.234200000000001,324.0,9.982000000000001,0.0,1025.28
2016-03-15 17:00:00,12.333333333333336,12.333333333333336,0.51,10.2074,35.0,9.982000000000001,0.0,1024.94
2016-03-15 18:00:00,9.161111111111113,9.161111111111113,0.61,4.4436,25.0,9.982000000000001,0.0,1025.12
2016-03-15 19:00:00,7.683333333333333,7.683333333333333,0.67,2.2379,33.0,9.982000000000001,0.0,1025.44
2016-03-15 20:00:00,5.138888888888889,2.5833333333333326,0.75,11.270000000000001,190.0,9.982000000000001,0.0,1025.54
2016-03-15 21:00:00,5.005555555555555,3.688888888888889,0.78,6.166300000000001,85.0,15.826300000000002,0.0,1025.55
2016-03-15 22:00:00,4.716666666666668,3.444444444444446,0.8,5.9087000000000005,80.0,14.9569,0.0,1025.59
2016-03-15 23:00:00,2.8277777777777797,1.594444444444443,0.82,5.0876,82.0,9.982000000000001,0.0,0.0
2016-03-16 00:00:00,6.2333333333333325,5.183333333333333,0.67,5.9248,90.0,15.826300000000002,0.0,1025.67
2016-03-16 01:00:00,2.488888888888887,2.488888888888887,0.85,2.2862,268.0,9.982000000000001,0.0,1023.31
2016-03-16 02:00:00,2.016666666666668,2.016666666666668,0.85,3.1556,22.0,15.826300000000002,0.0,1025.67
2016-03-16 03:00:00,2.0444444444444443,2.0444444444444443,0.83,0.0,0.0,15.826300000000002,0.0,1025.27
2016-03-16 04:00:00,0.7611111111111097,0.7611111111111097,0.91,3.0751,355.0,14.9569,0.0,1025.33
2016-03-16 05:00:00,-0.11666666666666714,-0.11666666666666714,0.92,4.83,340.0,9.982000000000001,0.0,1025.37
2016-03-16 06:00:00,-0.08888888888888896,-0.08888888888888896,0.92,2.9946,3.0,9.8049,0.0,1025.37
2016-03-16 07:00:00,1.9499999999999988,1.9499999999999988,0.87,3.2844,349.0,9.5473,0.0,1025.5
2016-03-16 08:00:00,7.022222222222222,7.022222222222222,0.72,3.5259,34.0,9.9015,0.0,1025.55
2016-03-16 09:00:00,10.955555555555556,10.955555555555556,0.51,3.3649,102.0,9.982000000000001,0.0,1025.55
2016-03-16 10:00:00,11.91111111111111,11.91111111111111,0.48,2.0608,14.0,9.982000000000001,0.0,1025.48
2016-03-16 11:00:00,12.272222222222224,12.272222222222224,0.47,4.9749,201.0,9.982000000000001,0.0,1025.34
2016-03-16 12:00:00,12.777777777777779,12.777777777777779,0.45,6.9874,337.0,9.982000000000001,0.0,1024.86
2016-03-16 13:00:00,13.88888888888889,13.88888888888889,0.41,4.0894,327.0,10.3523,0.0,1024.19
2016-03-16 14:00:00,14.905555555555553,14.905555555555553,0.39,2.415,61.0,9.982000000000001,0.0,1023.55
2016-03-16 15:00:00,14.97777777777778,14.97777777777778,0.36,3.4776000000000002,249.0,9.982000000000001,0.0,1022.95
2016-03-16 16:00:00,14.044444444444444,14.044444444444444,0.41,4.459700000000001,253.0,10.3523,0.0,1022.5
2016-03-16 17:00:00,12.850000000000001,12.850000000000001,0.45,1.6261,2.0,9.982000000000001,0.0,1022.16
2016-03-16 18:00:00,10.16111111111111,10.16111111111111,0.5,2.7692,38.0,9.982000000000001,0.0,1022.25
2016-03-16 19:00:00,8.18333333333333,8.18333333333333,0.65,1.3363,143.0,9.982000000000001,0.0,1022.58
2016-03-16 20:00:00,5.050000000000002,2.872222222222223,0.76,9.3541,310.0,9.982000000000001,0.0,1022.67
2016-03-16 21:00:00,5.444444444444443,4.1166666666666645,0.73,6.423900000000001,291.0,11.9784,0.0,1022.86
2016-03-16 22:00:00,5.983333333333335,5.983333333333335,0.69,4.0894,337.0,11.688600000000001,0.0,1022.89
2016-03-16 23:00:00,3.250000000000001,3.250000000000001,0.79,3.22,280.0,9.982000000000001,0.0,1022.84
2016-03-17 00:00:00,3.3222222222222206,3.3222222222222206,0.79,3.3327,271.0,9.982000000000001,0.0,1022.85
2016-03-17 01:00:00,4.216666666666669,4.216666666666669,0.84,2.9946,286.0,9.982000000000001,0.0,1023.11
2016-03-17 02:00:00,1.6777777777777796,1.6777777777777796,0.89,3.3488,262.0,6.295100000000001,0.0,1022.64
2016-03-17 03:00:00,2.233333333333335,2.233333333333335,0.85,3.0751,252.0,6.295100000000001,0.0,1022.04
2016-03-17 04:00:00,1.9722222222222205,0.3777777777777776,0.89,5.6833,209.0,6.8425,0.0,1021.74
2016-03-17 05:00:00,1.1666666666666674,1.1666666666666674,0.89,3.3810000000000002,206.0,6.1985,0.0,1021.34
2016-03-17 06:00:00,1.1444444444444457,1.1444444444444457,0.85,4.7656,203.0,4.588500000000001,0.0,1021.12
2016-03-17 07:00:00,2.6111111111111125,1.2333333333333327,0.85,5.3774,211.0,4.6368,0.0,1021.02
2016-03-17 08:00:00,7.694444444444445,6.333333333333332,0.76,7.905100000000001,222.0,6.1985,0.0,1020.61
2016-03-17 09:00:00,12.68888888888889,12.68888888888889,0.59,12.5097,232.0,6.1985,0.0,1020.21
2016-03-17 10:00:00,14.761111111111111,14.761111111111111,0.45,18.9497,255.0,9.9015,0.0,1019.58
2016-03-17 11:00:00,16.20555555555556,16.20555555555556,0.43,22.0409,269.0,9.982000000000001,0.0,1018.9
2016-03-17 12:00:00,17.266666666666666,17.266666666666666,0.38,17.549000000000003,251.0,9.982000000000001,0.0,1017.81
2016-03-17 13:00:00,17.733333333333334,17.733333333333334,0.41,14.441700000000003,259.0,9.982000000000001,0.0,1016.95
2016-03-17 14:00:00,17.82222222222222,17.82222222222222,0.37,20.511400000000002,240.0,9.982000000000001,0.0,1015.8
2016-03-17 15:00:00,17.333333333333332,17.333333333333332,0.4,22.250200000000003,251.0,9.982000000000001,0.0,1015.02
2016-03-17 16:00:00,17.22222222222222,17.22222222222222,0.37,21.445200000000003,252.0,10.2718,0.0,1014.65
2016-03-17 17:00:00,16.083333333333332,16.083333333333332,0.39,14.6027,248.0,9.9015,0.0,1014.17
2016-03-17 18:00:00,14.972222222222221,14.972222222222221,0.42,25.76,319.0,11.2056,0.0,1014.3
2016-03-17 19:00:00,12.977777777777778,12.977777777777778,0.39,22.829800000000002,320.0,11.0285,0.0,1015.3
2016-03-17 20:00:00,12.194444444444446,12.194444444444446,0.47,22.3468,328.0,11.2056,0.0,1015.95
2016-03-17 21:00:00,11.644444444444446,11.644444444444446,0.5,18.064200000000003,319.0,11.9784,0.0,1016.45
2016-03-17 22:00:00,11.138888888888888,11.138888888888888,0.51,20.108900000000002,319.0,11.688600000000001,0.0,1016.63
2016-03-17 23:00:00,10.555555555555555,10.555555555555555,0.56,21.445200000000003,319.0,14.9086,0.0,1017.12
2016-03-18 00:00:00,9.511111111111111,6.966666666666666,0.61,18.128600000000002,318.0,14.9086,0.0,1017.03
2016-03-18 01:00:00,9.244444444444445,6.500000000000002,0.62,19.3683,319.0,14.9086,0.0,1016.71
2016-03-18 02:00:00,8.961111111111112,6.061111111111109,0.63,20.1894,318.0,14.9086,0.0,1016.4
2016-03-18 03:00:00,7.805555555555554,5.344444444444443,0.71,14.1036,299.0,14.9086,0.0,1016.47
2016-03-18 04:00:00,7.588888888888887,5.094444444444445,0.72,14.023100000000003,294.0,14.168000000000003,0.0,1016.4
2016-03-18 05:00:00,3.066666666666668,1.0166666666666657,0.88,7.5187,206.0,9.982000000000001,0.0,1016.34
2016-03-18 06:00:00,6.216666666666665,4.222222222222223,0.78,9.5312,254.0,9.982000000000001,0.0,1016.22
2016-03-18 07:00:00,8.744444444444447,6.244444444444445,0.69,16.0517,260.0,9.982000000000001,0.0,1016.05
2016-03-18 08:00:00,11.022222222222224,11.022222222222224,0.61,21.429100000000002,260.0,9.982000000000001,0.0,1015.83
2016-03-18 09:00:00,12.177777777777779,12.177777777777779,0.57,16.985500000000002,250.0,10.0464,0.0,1015.32
2016-03-18 10:00:00,13.716666666666665,13.716666666666665,0.55,17.146500000000003,231.0,10.0303,0.0,1014.57
2016-03-18 11:00:00,15.0,15.0,0.54,22.0087,220.0,9.982000000000001,0.0,1013.58
2016-03-18 12:00:00,16.133333333333333,16.133333333333333,0.43,23.6187,211.0,10.0464,0.0,1012.28
2016-03-18 13:00:00,16.12777777777778,16.12777777777778,0.46,26.033700000000003,201.0,10.3523,0.0,1010.97
2016-03-18 14:00:00,17.288888888888888,17.288888888888888,0.38,26.645500000000002,210.0,10.0464,0.0,1009.33
2016-03-18 15:00:00,17.288888888888888,17.288888888888888,0.38,29.430800000000005,191.0,10.0464,0.0,1007.85
2016-03-18 16:00:00,17.17777777777778,17.17777777777778,0.38,26.355700000000002,199.0,10.4006,0.0,1006.76
2016-03-18 17:00:00,15.177777777777777,15.177777777777777,0.44,20.3826,189.0,9.982000000000001,0.0,1005.64
2016-03-18 18:00:00,13.005555555555553,13.005555555555553,0.5,14.1841,161.0,9.982000000000001,0.0,1004.83
2016-03-18 19:00:00,12.52222222222222,12.52222222222222,0.51,17.8227,158.0,9.6117,0.0,1003.92
2016-03-18 20:00:00,12.177777777777779,12.177777777777779,0.52,21.3808,159.0,9.982000000000001,0.0,1003.04
2016-03-18 21:00:00,11.155555555555555,11.155555555555555,0.59,17.243100000000002,160.0,15.826300000000002,0.0,1002.46
2016-03-18 22:00:00,10.550000000000002,10.550000000000002,0.59,18.1125,164.0,14.9569,0.0,1002.05
2016-03-18 23:00:00,10.016666666666667,10.016666666666667,0.63,17.114300000000004,180.0,15.826300000000002,0.0,1001.48
2016-03-19 00:00:00,8.461111111111109,6.127777777777778,0.7,14.296800000000003,199.0,9.982000000000001,0.0,1001.25
2016-03-19 01:00:00,8.394444444444444,6.1388888888888875,0.65,13.636700000000001,152.0,15.439900000000002,0.0,991.67
2016-03-19 02:00:00,8.105555555555558,5.316666666666666,0.72,17.1787,201.0,15.826300000000002,0.0,1000.04
2016-03-19 03:00:00,8.58888888888889,6.7444444444444445,0.72,11.2217,201.0,15.826300000000002,0.0,999.25
2016-03-19 04:00:00,8.622222222222225,6.449999999999999,0.7,13.3952,209.0,14.9569,0.0,999.05
2016-03-19 05:00:00,7.944444444444443,5.516666666666667,0.7,14.1358,189.0,9.982000000000001,0.0,998.45
2016-03-19 06:00:00,8.916666666666664,7.194444444444446,0.7,10.9319,181.0,9.982000000000001,0.0,997.96
2016-03-19 07:00:00,7.716666666666667,5.933333333333334,0.71,9.9337,155.0,9.982000000000001,0.0,998.17
2016-03-19 08:00:00,10.555555555555555,10.555555555555555,0.63,3.22,110.0,0.0,0.0,996.6
2016-03-19 09:00:00,15.91111111111111,15.91111111111111,0.52,20.4148,191.0,9.982000000000001,0.0,996.75
2016-03-19 10:00:00,16.95,16.95,0.45,23.489900000000002,188.0,9.982000000000001,0.0,996.21
2016-03-19 11:00:00,15.0,15.0,0.46,11.270000000000001,150.0,0.0,0.0,994.7
2016-03-19 12:00:00,17.538888888888888,17.538888888888888,0.4,22.4434,211.0,10.0464,0.0,994.06
2016-03-19 13:00:00,18.49444444444445,18.49444444444445,0.36,24.0212,210.0,10.4006,0.0,993.36
2016-03-19 14:00:00,18.227777777777778,18.227777777777778,0.36,20.8173,224.0,10.0464,0.0,992.5
2016-03-19 15:00:00,17.08888888888889,17.08888888888889,0.42,18.8531,204.0,10.0464,0.0,992.03
2016-03-19 16:00:00,17.288888888888888,17.288888888888888,0.44,13.507900000000001,260.0,10.3523,0.0,991.96
2016-03-19 17:00:00,12.411111111111113,12.411111111111113,0.65,9.595600000000001,321.0,9.982000000000001,0.0,992.0
2016-03-19 18:00:00,9.772222222222224,8.461111111111109,0.72,9.466800000000001,342.0,9.982000000000001,0.0,991.97
2016-03-19 19:00:00,9.222222222222221,9.222222222222221,0.75,3.3971,27.0,10.3523,0.0,992.37
2016-03-19 20:00:00,7.127777777777776,7.127777777777776,0.79,3.1878,29.0,9.982000000000001,0.0,992.18
2016-03-19 21:00:00,7.083333333333333,7.083333333333333,0.77,2.1735,71.0,15.826300000000002,0.0,991.97
2016-03-19 22:00:00,6.038888888888888,6.038888888888888,0.85,4.5724,0.0,14.9569,0.0,992.24
2016-03-19 23:00:00,5.416666666666667,5.416666666666667,0.86,3.4454000000000002,85.0,9.982000000000001,0.0,991.51
2016-03-20 00:00:00,7.433333333333334,6.6499999999999995,0.8,5.618900000000001,182.0,9.982000000000001,0.0,991.06
2016-03-20 01:00:00,4.661111111111111,2.588888888888887,0.86,8.6618,57.0,8.4686,0.0,992.78
2016-03-20 02:00:00,7.755555555555556,4.877777777777778,0.66,17.1787,139.0,15.826300000000002,0.0,989.82
2016-03-20 03:00:00,7.772222222222224,4.561111111111112,0.64,20.1894,139.0,15.826300000000002,0.0,988.83
2016-03-20 04:00:00,8.533333333333333,5.5277777777777795,0.63,20.0928,140.0,14.9569,0.0,988.12
2016-03-20 05:00:00,10.92222222222222,10.92222222222222,0.55,29.1088,149.0,9.982000000000001,0.0,987.74
2016-03-20 06:00:00,10.994444444444444,10.994444444444444,0.55,29.318100000000005,149.0,11.2056,0.0,987.17
2016-03-20 07:00:00,11.033333333333333,11.033333333333333,0.67,26.1142,147.0,11.0768,0.0,987.4
2016-03-20 08:00:00,12.03888888888889,12.03888888888889,0.62,33.6168,139.0,11.125100000000002,0.0,987.08
2016-03-20 09:00:00,12.711111111111112,12.711111111111112,0.56,35.4361,149.0,9.9015,0.0,987.18
2016-03-20 10:00:00,13.944444444444445,13.944444444444445,0.48,36.402100000000004,149.0,10.2718,0.0,987.59
2016-03-20 11:00:00,14.955555555555557,14.955555555555557,0.47,28.9639,159.0,11.125100000000002,0.0,987.82
2016-03-20 12:00:00,12.344444444444443,12.344444444444443,0.71,25.711700000000004,198.0,11.125100000000002,0.0,989.22
2016-03-20 13:00:00,12.305555555555555,12.305555555555555,0.71,24.922800000000002,173.0,11.398800000000001,0.0,989.21
2016-03-20 14:00:00,8.961111111111112,6.527777777777778,0.88,16.0034,210.0,11.125100000000002,0.0,989.98
2016-03-20 15:00:00,8.916666666666664,5.977777777777777,0.83,20.463100000000004,219.0,11.125100000000002,0.0,990.77
2016-03-20 16:00:00,8.872222222222222,7.8666666666666645,0.78,7.2772,169.0,11.3183,0.0,991.37
2016-03-20 17:00:00,7.783333333333331,5.650000000000001,0.82,11.946200000000001,153.0,11.270000000000001,0.0,991.6
2016-03-20 18:00:00,7.666666666666665,6.327777777777778,0.83,7.8084999999999996,225.0,11.270000000000001,0.0,992.24
2016-03-20 19:00:00,7.4833333333333325,6.177777777777776,0.85,7.5348,79.0,10.722600000000002,0.0,991.96
2016-03-20 20:00:00,6.994444444444446,6.994444444444446,0.86,3.5903,97.0,11.2056,0.0,992.29
2016-03-20 21:00:00,6.483333333333334,5.499999999999999,0.89,5.8121,39.0,9.982000000000001,0.0,992.66
2016-03-20 22:00:00,5.855555555555555,4.400000000000001,0.9,7.084000000000001,354.0,9.6761,0.0,992.8
2016-03-20 23:00:00,4.883333333333333,2.5055555555555546,0.89,10.143,45.0,8.1949,0.0,992.95
2016-03-21 00:00:00,3.888888888888889,1.2277777777777783,0.89,10.5455,28.0,8.1949,0.0,993.13
2016-03-21 01:00:00,0.3722222222222232,-1.2222222222222219,0.95,5.152000000000001,263.0,13.8138,0.0,1004.39
2016-03-21 02:00:00,3.355555555555555,0.68888888888889,0.95,10.0947,69.0,8.1949,0.0,992.76
2016-03-21 03:00:00,3.355555555555555,1.6444444444444448,0.95,6.617100000000001,288.0,14.9569,0.0,993.53
2016-03-21 04:00:00,3.2611111111111097,0.5388888888888883,0.96,10.2718,295.0,13.8621,0.0,993.73
2016-03-21 05:00:00,2.7777777777777777,0.09444444444444539,0.99,9.708300000000001,271.0,11.270000000000001,0.0,993.95
2016-03-21 06:00:00,2.7777777777777777,-0.8500000000000006,0.95,14.296800000000003,280.0,11.125100000000002,0.0,994.65
2016-03-21 07:00:00,2.9111111111111123,-0.6444444444444445,0.95,14.023100000000003,270.0,11.0768,0.0,995.53
2016-03-21 08:00:00,3.888888888888889,0.7333333333333335,0.88,13.0249,280.0,11.2056,0.0,995.76
2016-03-21 09:00:00,4.949999999999998,1.7944444444444427,0.85,14.441700000000003,289.0,11.270000000000001,0.0,996.92
2016-03-21 10:00:00,6.072222222222222,3.7722222222222217,0.78,10.9158,299.0,11.0768,0.0,997.64
2016-03-21 11:00:00,7.683333333333333,5.327777777777779,0.71,13.250300000000001,278.0,11.270000000000001,0.0,998.51
2016-03-21 12:00:00,7.733333333333334,5.644444444444442,0.67,11.640300000000002,298.0,11.270000000000001,0.0,999.43
2016-03-21 13:00:00,7.73888888888889,5.383333333333332,0.63,13.3308,286.0,11.0768,0.0,999.66
2016-03-21 14:00:00,7.755555555555556,5.977777777777777,0.63,9.9337,247.0,11.270000000000001,0.0,999.49
2016-03-21 15:00:00,7.733333333333334,6.277777777777776,0.63,8.355900000000002,297.0,11.270000000000001,0.0,1000.99
2016-03-21 16:00:00,7.333333333333335,4.688888888888887,0.63,14.6832,298.0,11.0768,0.0,1001.49
2016-03-21 17:00:00,7.1499999999999995,4.516666666666668,0.65,14.312900000000003,317.0,11.270000000000001,0.0,1002.05
2016-03-21 18:00:00,6.061111111111109,3.977777777777776,0.76,9.821,308.0,10.0464,0.0,1003.07
2016-03-21 19:00:00,5.133333333333335,2.9277777777777794,0.74,9.579500000000001,299.0,9.982000000000001,0.0,1003.53
2016-03-21 20:00:00,3.9333333333333322,1.1833333333333347,0.81,11.012400000000001,298.0,9.982000000000001,0.0,1003.85
2016-03-21 21:00:00,2.7999999999999994,1.0166666666666657,0.85,6.552700000000001,297.0,15.826300000000002,0.0,1004.43
2016-03-21 22:00:00,1.8833333333333337,1.8833333333333337,0.88,3.6708,288.0,14.9569,0.0,1005.26
2016-03-21 23:00:00,0.09999999999999984,0.09999999999999984,0.89,3.1717,209.0,14.9086,0.0,1006.21
2016-03-22 00:00:00,-0.47777777777777747,-2.7999999999999994,0.92,6.617100000000001,252.0,14.9086,0.0,1006.53
2016-03-22 01:00:00,4.7111111111111095,1.3833333333333344,0.87,15.134000000000002,4.0,14.168000000000003,0.0,1004.52
2016-03-22 02:00:00,-0.08333333333333254,-0.08333333333333254,0.96,3.7191000000000005,278.0,14.9086,0.0,1006.84
2016-03-22 03:00:00,-0.6166666666666664,-4.266666666666667,0.92,10.9319,307.0,14.9086,0.0,1006.77
2016-03-22 04:00:00,-0.8222222222222224,-0.8222222222222224,0.92,3.7674,283.0,14.876400000000002,0.0,1007.43
2016-03-22 05:00:00,-2.144444444444444,-3.994444444444445,0.95,4.9910000000000005,307.0,9.8049,0.0,1007.73
2016-03-22 06:00:00,-1.1444444444444437,-1.1444444444444437,0.92,1.449,41.0,7.969500000000001,0.0,1007.74
2016-03-22 07:00:00,0.09444444444444539,-2.622222222222222,0.86,8.05,304.0,8.2593,0.0,1008.3
2016-03-22 08:00:00,2.7611111111111106,-0.2666666666666669,0.83,11.1734,357.0,8.05,0.0,1008.73
2016-03-22 09:00:00,5.050000000000002,2.8388888888888886,0.76,9.499,19.0,9.982000000000001,0.0,1008.76
2016-03-22 10:00:00,7.105555555555555,4.938888888888889,0.7,11.3505,354.0,10.0303,0.0,1008.96
2016-03-22 11:00:00,7.805555555555554,6.161111111111113,0.63,9.305800000000001,349.0,10.0464,0.0,1008.96
2016-03-22 12:00:00,8.866666666666667,7.422222222222222,0.65,9.305800000000001,3.0,10.0464,0.0,1009.04
2016-03-22 13:00:00,9.927777777777777,8.016666666666667,0.58,13.6045,10.0,10.0303,0.0,1008.46
2016-03-22 14:00:00,10.999999999999998,10.999999999999998,0.6,12.590200000000001,28.0,11.2056,0.0,1007.99
2016-03-22 15:00:00,10.955555555555556,10.955555555555556,0.6,15.552600000000002,38.0,11.2056,0.0,1007.77
2016-03-22 16:00:00,8.06111111111111,6.0888888888888895,0.73,11.3183,120.0,11.0285,0.0,1007.61
2016-03-22 17:00:00,7.411111111111113,4.9,0.9,13.8621,21.0,11.2056,0.0,1007.94
2016-03-22 18:00:00,7.266666666666666,5.238888888888889,0.84,10.7548,2.0,11.2056,0.0,1007.66
2016-03-22 19:00:00,6.238888888888887,4.222222222222223,0.97,9.66,0.0,11.0285,0.0,1007.45
2016-03-22 20:00:00,6.205555555555557,3.6666666666666674,0.92,12.397,1.0,9.982000000000001,0.0,1007.31
2016-03-22 21:00:00,6.133333333333333,3.811111111111111,0.88,11.0929,0.0,14.9086,0.0,1006.43
2016-03-22 22:00:00,4.661111111111111,1.5444444444444452,0.91,13.8138,341.0,14.168000000000003,0.0,1005.89
2016-03-22 23:00:00,5.044444444444443,2.488888888888887,0.91,11.141200000000001,350.0,14.9086,0.0,1005.63
2016-03-23 00:00:00,5.533333333333334,2.511111111111113,0.85,14.4095,349.0,14.9086,0.0,1004.85
2016-03-23 01:00:00,4.161111111111112,0.25555555555555604,0.91,18.2574,136.0,6.7781,0.0,1000.12
2016-03-23 02:00:00,5.050000000000002,1.5222222222222233,0.85,17.0982,359.0,14.9086,0.0,1002.94
2016-03-23 03:00:00,5.072222222222224,1.5111111111111104,0.81,17.3558,358.0,14.9086,0.0,1000.98
2016-03-23 04:00:00,4.527777777777777,0.9166666666666659,0.84,16.7762,347.0,14.168000000000003,0.0,1000.26
2016-03-23 05:00:00,5.050000000000002,0.7722222222222226,0.85,23.2645,359.0,9.982000000000001,0.0,999.78
2016-03-23 06:00:00,6.066666666666667,2.755555555555556,0.78,17.3558,358.0,11.2056,0.0,998.5
2016-03-23 07:00:00,5.150000000000002,1.6277777777777775,0.91,17.227,330.0,7.6796999999999995,0.0,998.71
2016-03-23 08:00:00,5.116666666666667,0.6666666666666683,0.92,25.180400000000002,339.0,6.118,0.0,997.57
2016-03-23 09:00:00,6.1388888888888875,1.8388888888888901,0.92,26.6938,340.0,6.0697,0.0,996.08
2016-03-23 10:00:00,6.083333333333335,1.988888888888888,0.93,24.375400000000003,347.0,6.6493,0.0,995.56
2016-03-23 11:00:00,7.177777777777779,4.144444444444445,0.93,17.3075,339.0,6.021400000000001,0.0,994.69
2016-03-23 12:00:00,7.161111111111111,4.255555555555554,1.0,16.2449,335.0,6.021400000000001,0.0,994.56
2016-03-23 13:00:00,7.638888888888889,4.9,1.0,15.858500000000001,336.0,6.0858,0.0,993.86
2016-03-23 14:00:00,8.805555555555555,6.199999999999998,0.93,17.066,319.0,6.021400000000001,0.0,993.2
2016-03-23 15:00:00,8.805555555555555,6.188888888888889,0.99,17.1948,320.0,6.118,0.0,992.89
2016-03-23 16:00:00,8.655555555555555,5.611111111111112,0.94,20.865600000000004,304.0,5.8121,0.0,993.23
2016-03-23 17:00:00,7.811111111111113,4.661111111111111,1.0,19.7386,301.0,6.118,0.0,992.56
2016-03-23 18:00:00,7.833333333333333,5.022222222222222,0.99,16.840600000000002,323.0,4.1216,0.0,991.99
2016-03-23 19:00:00,9.47777777777778,7.772222222222224,0.93,11.543700000000001,64.0,4.1377,0.0,992.0
2016-03-23 20:00:00,7.227777777777776,3.2611111111111097,0.87,26.5328,119.0,3.7513000000000005,0.0,992.95
2016-03-23 21:00:00,6.211111111111111,1.6722222222222212,0.89,29.7045,109.0,3.7513000000000005,0.0,993.65
2016-03-23 22:00:00,5.7222222222222205,1.1333333333333329,0.93,28.593600000000006,117.0,4.6851,0.0,995.08
2016-03-23 23:00:00,6.111111111111111,2.0444444444444443,0.93,24.1339,118.0,3.7513000000000005,0.0,996.28
2016-03-24 00:00:00,5.044444444444443,0.3833333333333321,0.96,27.1124,127.0,6.1985,0.0,997.75
2016-03-24 01:00:00,5.516666666666667,2.377777777777778,0.85,15.150100000000002,87.0,14.0553,0.0,1013.54
2016-03-24 02:00:00,3.383333333333335,-0.9444444444444441,0.92,19.8996,138.0,6.1985,0.0,1000.07
2016-03-24 03:00:00,3.311111111111112,-1.0222222222222221,0.92,19.851300000000002,137.0,6.1985,0.0,1000.68
2016-03-24 04:00:00,3.316666666666666,-0.22222222222222143,0.93,14.49,125.0,6.7781,0.0,1001.23
2016-03-24 05:00:00,2.805555555555554,-0.8111111111111116,0.96,14.2485,109.0,6.1985,0.0,1001.8
2016-03-24 06:00:00,3.8444444444444454,0.7222222222222207,0.89,12.799500000000002,109.0,7.0357,0.0,1002.4
2016-03-24 07:00:00,3.8222222222222237,0.3722222222222232,0.93,14.6349,105.0,7.905100000000001,0.0,1003.11
2016-03-24 08:00:00,4.927777777777776,1.5833333333333341,0.86,15.649200000000002,118.0,11.125100000000002,0.0,1003.42
2016-03-24 09:00:00,4.977777777777778,1.877777777777779,0.86,14.1197,109.0,11.125100000000002,0.0,1004.12
2016-03-24 10:00:00,5.955555555555555,3.0277777777777795,0.87,14.457800000000002,118.0,11.0768,0.0,1004.74
2016-03-24 11:00:00,6.066666666666667,2.3666666666666654,0.86,20.5758,157.0,11.270000000000001,0.0,1005.22
2016-03-24 12:00:00,6.111111111111111,3.0166666666666666,0.93,15.810200000000002,146.0,11.270000000000001,0.0,1005.3
2016-03-24 13:00:00,7.094444444444446,4.172222222222221,0.92,16.2932,138.0,11.0768,0.0,1007.49
2016-03-24 14:00:00,7.644444444444442,5.122222222222222,0.83,14.2807,155.0,11.270000000000001,0.0,1008.27
2016-03-24 15:00:00,8.683333333333334,6.63888888888889,0.84,12.6224,174.0,11.270000000000001,0.0,1008.79
2016-03-24 16:00:00,9.788888888888888,8.18888888888889,0.67,11.237800000000002,154.0,11.4471,0.0,1009.71
2016-03-24 17:00:00,8.77222222222222,7.461111111111112,0.72,8.5652,121.0,11.270000000000001,0.0,1010.13
2016-03-24 18:00:00,7.66111111111111,5.644444444444442,0.77,11.125100000000002,81.0,11.2056,0.0,1011.43
2016-03-24 19:00:00,7.055555555555557,5.211111111111112,0.76,9.6117,68.0,9.9015,0.0,1012.58
2016-03-24 20:00:00,6.9222222222222225,3.877777777777776,0.8,16.905,89.0,9.853200000000001,0.0,1013.58
2016-03-24 21:00:00,6.966666666666666,3.8555555555555543,0.78,17.549000000000003,80.0,14.7637,0.0,1014.4
2016-03-24 22:00:00,6.905555555555555,3.9833333333333343,0.81,15.939000000000002,78.0,14.0553,0.0,1015.17
2016-03-24 23:00:00,7.011111111111109,4.355555555555558,0.8,14.2485,77.0,14.812,0.0,1015.85
2016-03-25 00:00:00,7.472222222222224,4.53888888888889,0.78,17.0821,78.0,14.7637,0.0,1016.25
2016-03-25 01:00:00,4.066666666666666,4.066666666666666,0.86,4.7012,67.0,14.9569,0.0,1020.71
2016-03-25 03:00:00,4.861111111111111,1.7111111111111101,0.87,14.2646,67.0,14.812,0.0,1016.97
2016-03-25 04:00:00,3.305555555555557,1.5388888888888905,0.86,6.745900000000001,58.0,14.812,0.0,1017.65
2016-03-25 05:00:00,1.5444444444444452,-0.8000000000000007,0.92,7.631400000000001,41.0,9.982000000000001,0.0,1018.03
2016-03-25 06:00:00,1.2666666666666673,-0.8888888888888897,0.92,6.9391,22.0,9.982000000000001,0.0,1018.36
2016-03-25 07:00:00,1.1999999999999982,-1.7944444444444447,1.0,9.724400000000001,30.0,8.1305,0.0,1018.86
2016-03-25 08:00:00,4.005555555555556,1.7055555555555557,0.92,9.048200000000001,49.0,9.982000000000001,0.0,1019.6
2016-03-25 09:00:00,5.6722222222222225,2.694444444444445,0.82,14.329,49.0,9.982000000000001,0.0,1020.03
2016-03-25 10:00:00,9.86111111111111,7.672222222222223,0.78,15.665300000000002,87.0,9.982000000000001,0.0,1019.78
2016-03-25 11:00:00,11.983333333333333,11.983333333333333,0.66,16.599100000000004,81.0,10.3523,0.0,1020.11
2016-03-25 12:00:00,12.777777777777779,12.777777777777779,0.64,17.4846,69.0,11.270000000000001,0.0,1020.17
2016-03-25 13:00:00,13.91111111111111,13.91111111111111,0.59,17.581200000000003,78.0,11.270000000000001,0.0,1020.27
2016-03-25 14:00:00,13.994444444444444,13.994444444444444,0.61,17.4524,68.0,11.4471,0.0,1020.0
2016-03-25 15:00:00,15.016666666666667,15.016666666666667,0.47,21.960400000000003,60.0,11.270000000000001,0.0,1019.85
2016-03-25 16:00:00,14.994444444444447,14.994444444444447,0.51,17.5973,60.0,11.270000000000001,0.0,1019.57
2016-03-25 17:00:00,15.016666666666667,15.016666666666667,0.46,16.180500000000002,63.0,11.398800000000001,0.0,1019.45
2016-03-25 18:00:00,12.894444444444446,12.894444444444446,0.58,15.456,41.0,11.2056,0.0,1019.56
2016-03-25 19:00:00,11.105555555555558,11.105555555555558,0.61,9.7566,40.0,9.982000000000001,0.0,1019.76
2016-03-25 20:00:00,9.927777777777777,8.91111111111111,0.66,8.0983,37.0,9.982000000000001,0.0,1020.06
2016-03-25 21:00:00,7.844444444444444,6.127777777777778,0.71,9.6922,30.0,9.982000000000001,0.0,1020.65
2016-03-25 22:00:00,7.266666666666666,5.166666666666665,0.73,11.157300000000001,40.0,15.826300000000002,0.0,1020.67
2016-03-25 23:00:00,6.388888888888889,4.233333333333332,0.78,10.4811,36.0,14.9569,0.0,1020.76
2016-03-26 00:00:00,8.261111111111111,6.394444444444443,0.68,10.980200000000002,77.0,15.826300000000002,0.0,1020.95
2016-03-26 01:00:00,6.0888888888888895,5.0166666666666675,0.73,5.9248,153.0,15.826300000000002,0.0,1021.27
2016-03-26 02:00:00,3.511111111111111,3.511111111111111,0.91,2.1574000000000004,135.0,9.982000000000001,0.0,1024.41
2016-03-26 03:00:00,2.8500000000000014,-0.13333333333333247,0.89,11.0607,21.0,15.826300000000002,0.0,1022.03
2016-03-26 04:00:00,1.25,1.25,0.92,3.703,13.0,15.826300000000002,0.0,1021.48
2016-03-26 05:00:00,2.049999999999999,-0.03888888888888905,0.95,7.1162,31.0,14.9569,0.0,1021.49
2016-03-26 06:00:00,1.761111111111112,-1.466666666666667,0.91,11.157300000000001,59.0,15.826300000000002,0.0,1021.86
2016-03-26 07:00:00,2.766666666666665,-0.7833333333333334,0.89,13.8299,40.0,9.9015,0.0,1022.26
2016-03-26 08:00:00,4.977777777777778,2.166666666666666,0.82,12.445300000000001,44.0,9.982000000000001,0.0,1022.53
2016-03-26 09:00:00,8.77222222222222,6.488888888888889,0.64,14.441700000000003,77.0,9.982000000000001,0.0,1022.58
2016-03-26 10:00:00,11.011111111111111,11.011111111111111,0.56,17.7422,88.0,9.982000000000001,0.0,0.0
2016-03-26 11:00:00,12.011111111111111,12.011111111111111,0.57,17.0177,106.0,9.982000000000001,0.0,1023.07
2016-03-26 12:00:00,12.799999999999999,12.799999999999999,0.59,12.7512,104.0,11.2056,0.0,1023.25
2016-03-26 13:00:00,12.894444444444446,12.894444444444446,0.58,14.168000000000003,134.0,11.2056,0.0,1023.28
2016-03-26 14:00:00,12.833333333333334,12.833333333333334,0.51,13.507900000000001,111.0,11.398800000000001,0.0,1023.09
2016-03-26 15:00:00,12.738888888888889,12.738888888888889,0.68,1.7388000000000001,143.0,11.2056,0.0,1023.24
2016-03-26 16:00:00,8.155555555555557,4.483333333333333,0.86,26.243000000000002,51.0,11.2056,0.0,1022.87
2016-03-26 17:00:00,10.705555555555557,10.705555555555557,0.76,1.4329,44.0,11.398800000000001,0.0,1023.26
2016-03-26 18:00:00,11.25,11.25,0.75,0.9821000000000001,90.0,11.2056,0.0,1023.02
2016-03-26 19:00:00,10.044444444444444,10.044444444444444,0.77,2.0769,81.0,11.2056,0.0,1023.23
2016-03-26 20:00:00,7.98888888888889,7.98888888888889,0.92,1.8837,79.0,11.0285,0.0,1023.68
2016-03-26 21:00:00,7.688888888888891,6.605555555555556,0.94,6.7942,59.0,11.2056,0.0,1024.14
2016-03-26 22:00:00,8.011111111111113,7.566666666666666,0.88,4.8461,34.0,14.9086,0.0,1024.25
2016-03-26 23:00:00,6.455555555555554,6.455555555555554,0.91,3.3810000000000002,74.0,14.168000000000003,0.0,1024.44
2016-03-27 00:00:00,5.827777777777779,4.349999999999999,0.95,7.1323,62.0,11.9784,0.0,1024.53
2016-03-27 01:00:00,4.2777777777777795,4.2777777777777795,0.95,2.5921000000000003,176.0,9.982000000000001,0.0,1024.63
2016-03-27 02:00:00,5.088888888888887,3.688888888888889,0.69,6.4722,153.0,14.168000000000003,0.0,1022.68
2016-03-27 03:00:00,4.305555555555555,3.022222222222221,0.82,5.763800000000001,165.0,11.9784,0.0,1024.95
2016-03-27 04:00:00,4.21111111111111,1.6888888888888884,0.74,10.2074,159.0,14.9086,0.0,1024.92
2016-03-27 05:00:00,2.261111111111111,0.766666666666668,0.85,5.5384,72.0,9.982000000000001,0.0,1025.03
2016-03-27 06:00:00,1.0833333333333348,-1.3722222222222216,0.92,7.760200000000001,49.0,9.982000000000001,0.0,1025.32
2016-03-27 07:00:00,1.0611111111111091,-0.344444444444445,0.92,4.9427,39.0,5.1359,0.0,1025.33
2016-03-27 08:00:00,4.672222222222221,2.7222222222222214,0.81,8.162700000000001,92.0,9.982000000000001,0.0,1025.4
2016-03-27 09:00:00,7.6111111111111125,5.650000000000001,0.69,10.770900000000001,116.0,9.982000000000001,0.0,1025.24
2016-03-27 10:00:00,8.91111111111111,6.9722222222222205,0.58,12.2521,115.0,9.982000000000001,0.0,1025.14
2016-03-27 11:00:00,10.050000000000002,10.050000000000002,0.53,9.8693,127.0,10.3523,0.0,1024.85
2016-03-27 12:00:00,11.177777777777777,11.177777777777777,0.46,10.8997,106.0,11.270000000000001,0.0,1024.25
2016-03-27 13:00:00,12.288888888888888,12.288888888888888,0.5,14.296800000000003,69.0,11.2056,0.0,1023.85
2016-03-27 14:00:00,12.316666666666668,12.316666666666668,0.43,19.3683,57.0,11.398800000000001,0.0,1023.47
2016-03-27 15:00:00,12.844444444444443,12.844444444444443,0.41,17.259200000000003,69.0,9.982000000000001,0.0,1022.83
2016-03-27 16:00:00,12.894444444444446,12.894444444444446,0.38,12.719000000000001,79.0,9.982000000000001,0.0,1022.05
2016-03-27 17:00:00,12.855555555555556,12.855555555555556,0.4,13.8138,77.0,10.3523,0.0,1021.7
2016-03-27 18:00:00,11.25,11.25,0.5,12.4936,71.0,9.982000000000001,0.0,1021.63
2016-03-27 19:00:00,10.0,10.0,0.5,4.5402000000000005,42.0,9.982000000000001,0.0,1021.84
2016-03-27 20:00:00,7.550000000000002,7.550000000000002,0.63,3.0107000000000004,44.0,9.982000000000001,0.0,1022.0
2016-03-27 21:00:00,5.994444444444444,4.57222222222222,0.76,7.0518,204.0,9.982000000000001,0.0,1022.27
2016-03-27 22:00:00,6.9722222222222205,6.005555555555556,0.69,5.9892,215.0,15.826300000000002,0.0,1022.36
2016-03-27 23:00:00,5.488888888888891,5.488888888888891,0.76,3.1717,222.0,14.168000000000003,0.0,1022.48
2016-03-28 00:00:00,5.372222222222224,5.372222222222224,0.79,2.4633000000000003,190.0,14.9086,0.0,1022.23
2016-03-28 01:00:00,4.333333333333332,4.333333333333332,0.82,2.6887,141.0,14.9086,0.0,1022.22
2016-03-28 02:00:00,7.3999999999999995,3.8333333333333326,0.57,22.684900000000003,149.0,14.9569,0.0,1022.67
2016-03-28 03:00:00,1.8333333333333317,1.8333333333333317,0.81,4.588500000000001,237.0,14.9086,0.0,1021.92
2016-03-28 04:00:00,2.2499999999999982,2.2499999999999982,0.82,2.9463000000000004,121.0,14.812,0.0,1021.71
2016-03-28 05:00:00,2.0111111111111097,2.0111111111111097,0.77,3.9928000000000003,109.0,11.688600000000001,0.0,1021.75
2016-03-28 06:00:00,1.3000000000000018,-1.1333333333333329,0.78,7.824600000000001,50.0,9.982000000000001,0.0,1021.8
2016-03-28 07:00:00,1.3222222222222237,-1.0888888888888895,0.78,7.728,70.0,9.982000000000001,0.0,1022.17
2016-03-28 08:00:00,5.783333333333331,3.9611111111111126,0.7,8.4364,85.0,9.982000000000001,0.0,1022.39
2016-03-28 09:00:00,8.866666666666667,6.644444444444445,0.54,14.1519,108.0,9.982000000000001,0.0,1022.4
2016-03-28 10:00:00,10.044444444444444,10.044444444444444,0.5,15.697500000000002,100.0,9.982000000000001,0.0,1022.71
2016-03-28 11:00:00,12.116666666666667,12.116666666666667,0.48,18.1125,112.0,10.3523,0.0,1022.48
2016-03-28 12:00:00,12.799999999999999,12.799999999999999,0.41,22.1214,118.0,9.982000000000001,0.0,1022.31
2016-03-28 13:00:00,13.91111111111111,13.91111111111111,0.39,14.6027,118.0,9.982000000000001,0.0,1021.9
2016-03-28 14:00:00,12.977777777777778,12.977777777777778,0.39,23.2967,113.0,10.3523,0.0,1021.72
2016-03-28 15:00:00,12.783333333333331,12.783333333333331,0.38,20.881700000000002,119.0,9.982000000000001,0.0,1021.62
2016-03-28 16:00:00,11.194444444444445,11.194444444444445,0.5,27.8047,158.0,9.982000000000001,0.0,1021.55
2016-03-28 17:00:00,10.977777777777776,10.977777777777776,0.54,18.8531,150.0,9.982000000000001,0.0,1021.74
2016-03-28 18:00:00,11.05,11.05,0.51,24.085600000000003,150.0,9.982000000000001,0.0,1021.51
2016-03-28 19:00:00,10.999999999999998,10.999999999999998,0.47,31.765300000000003,150.0,9.982000000000001,0.0,1021.55
2016-03-28 20:00:00,10.75,10.75,0.5,21.7189,143.0,9.982000000000001,0.0,1021.95
2016-03-28 21:00:00,9.866666666666665,7.177777777777779,0.52,20.479200000000002,169.0,11.2056,0.0,1022.22
2016-03-28 22:00:00,9.844444444444443,6.627777777777777,0.57,26.6294,139.0,15.826300000000002,0.0,1022.49
2016-03-28 23:00:00,8.833333333333334,6.288888888888889,0.61,16.6152,108.0,14.9569,0.0,1022.53
2016-03-29 00:00:00,8.77222222222222,6.572222222222221,0.62,13.8299,127.0,15.826300000000002,0.0,1022.61
2016-03-29 01:00:00,8.311111111111112,7.416666666666667,0.63,6.4722,153.0,15.826300000000002,0.0,1022.79
2016-03-29 02:00:00,6.849999999999999,4.4722222222222205,0.67,12.236,147.0,14.9569,0.0,1019.97
2016-03-29 03:00:00,7.177777777777779,3.383333333333335,0.55,24.4559,149.0,15.826300000000002,0.0,1022.71
2016-03-29 04:00:00,7.161111111111111,3.8333333333333326,0.56,19.7386,168.0,15.826300000000002,0.0,1022.82
2016-03-29 05:00:00,5.56111111111111,2.7222222222222214,0.79,13.3469,132.0,11.688600000000001,0.0,1023.18
2016-03-29 06:00:00,6.044444444444446,4.094444444444443,0.76,9.209200000000001,92.0,11.2056,0.0,1023.02
2016-03-29 07:00:00,5.027777777777776,4.077777777777779,0.82,5.119800000000001,119.0,11.270000000000001,0.0,1023.12
2016-03-29 08:00:00,6.066666666666667,3.6555555555555546,0.78,11.4954,115.0,10.0303,0.0,1023.22
2016-03-29 09:00:00,7.249999999999998,4.227777777777778,0.72,17.3719,129.0,9.982000000000001,0.0,1023.01
2016-03-29 10:00:00,8.916666666666664,6.283333333333335,0.58,17.581200000000003,119.0,10.0464,0.0,1022.91
2016-03-29 11:00:00,9.888888888888888,7.07222222222222,0.53,21.992600000000003,129.0,11.4471,0.0,1022.97
2016-03-29 12:00:00,11.038888888888888,11.038888888888888,0.56,17.5007,129.0,11.270000000000001,0.0,1022.42
2016-03-29 13:00:00,12.105555555555554,12.105555555555554,0.5,20.3021,139.0,11.270000000000001,0.0,1021.93
2016-03-29 14:00:00,12.650000000000002,12.650000000000002,0.42,17.919300000000003,123.0,11.398800000000001,0.0,1021.34
2016-03-29 15:00:00,12.222222222222221,12.222222222222221,0.5,17.3558,120.0,11.2056,0.0,1020.83
2016-03-29 16:00:00,12.200000000000001,12.200000000000001,0.5,16.035600000000002,111.0,11.2056,0.0,1020.26
2016-03-29 17:00:00,12.233333333333336,12.233333333333336,0.43,14.0714,114.0,11.398800000000001,0.0,1019.95
2016-03-29 18:00:00,12.127777777777776,12.127777777777776,0.47,11.1734,110.0,9.982000000000001,0.0,1019.64
2016-03-29 19:00:00,9.972222222222223,9.044444444444444,0.59,7.7440999999999995,145.0,9.982000000000001,0.0,1019.72
2016-03-29 20:00:00,9.966666666666665,8.472222222222221,0.57,10.8192,138.0,9.982000000000001,0.0,1019.84
2016-03-29 21:00:00,8.794444444444444,7.405555555555555,0.59,8.9677,156.0,9.982000000000001,0.0,1020.11
2016-03-29 22:00:00,8.838888888888887,7.161111111111111,0.59,10.577700000000002,157.0,15.826300000000002,0.0,1020.19
2016-03-29 23:00:00,7.805555555555554,5.855555555555555,0.62,10.9158,156.0,14.9569,0.0,1020.21
2016-03-30 00:00:00,7.294444444444445,6.199999999999998,0.65,6.617100000000001,139.0,15.826300000000002,0.0,1020.0
2016-03-30 01:00:00,6.716666666666669,4.549999999999999,0.65,10.8836,140.0,15.826300000000002,0.0,1019.5
2016-03-30 02:00:00,5.927777777777779,5.927777777777779,0.73,4.5402000000000005,139.0,14.9569,0.0,1016.79
2016-03-30 03:00:00,6.205555555555557,4.905555555555555,0.7,6.7298,139.0,15.826300000000002,0.0,1019.21
2016-03-30 04:00:00,6.666666666666667,5.488888888888891,0.73,6.5688,131.0,15.826300000000002,0.0,1019.11
2016-03-30 05:00:00,6.655555555555554,4.111111111111111,0.77,12.992700000000001,134.0,14.9569,0.0,1018.82
2016-03-30 06:00:00,6.161111111111113,3.8555555555555543,0.79,11.012400000000001,98.0,11.2056,0.0,1018.52
2016-03-30 07:00:00,7.155555555555556,5.038888888888889,0.71,11.125100000000002,90.0,11.2056,0.0,1018.43
2016-03-30 08:00:00,7.105555555555555,4.511111111111109,0.73,13.9587,98.0,11.0768,0.0,1018.54
2016-03-30 09:00:00,7.777777777777778,5.1111111111111125,0.68,15.568700000000002,97.0,11.270000000000001,0.0,1018.62
2016-03-30 10:00:00,8.838888888888887,6.577777777777779,0.66,14.3773,88.0,11.270000000000001,0.0,1018.52
2016-03-30 11:00:00,9.161111111111113,6.749999999999999,0.62,16.180500000000002,106.0,11.0768,0.0,1018.25
2016-03-30 12:00:00,10.183333333333332,10.183333333333332,0.61,17.5329,100.0,11.2056,0.0,1018.01
2016-03-30 13:00:00,12.244444444444444,12.244444444444444,0.52,17.5973,98.0,11.2056,0.0,1017.5
2016-03-30 14:00:00,12.261111111111111,12.261111111111111,0.56,16.5025,90.0,10.3523,0.0,1016.78
2016-03-30 15:00:00,12.844444444444443,12.844444444444443,0.55,15.971200000000001,108.0,9.982000000000001,0.0,1016.11
2016-03-30 16:00:00,12.844444444444443,12.844444444444443,0.55,15.906800000000002,88.0,9.982000000000001,0.0,1015.52
2016-03-30 17:00:00,12.977777777777778,12.977777777777778,0.51,16.0034,100.0,10.3523,0.0,1015.03
2016-03-30 18:00:00,12.822222222222221,12.822222222222221,0.55,12.783400000000002,71.0,9.982000000000001,0.0,1014.84
2016-03-30 19:00:00,10.088888888888887,10.088888888888887,0.66,12.2843,51.0,9.982000000000001,0.0,1014.93
2016-03-30 20:00:00,9.183333333333334,7.927777777777781,0.65,8.6135,59.0,9.982000000000001,0.0,1014.96
2016-03-30 21:00:00,7.827777777777779,6.494444444444444,0.71,7.889000000000001,39.0,9.982000000000001,0.0,1015.45
2016-03-30 22:00:00,8.28888888888889,7.355555555555558,0.68,6.5849,47.0,15.826300000000002,0.0,1015.64
2016-03-30 23:00:00,8.222222222222221,7.3666666666666645,0.68,6.279,141.0,14.9569,0.0,1016.25
2016-03-31 00:00:00,7.616666666666668,5.805555555555557,0.72,9.965900000000001,179.0,15.826300000000002,0.0,1016.32
2016-03-31 01:00:00,7.666666666666665,5.816666666666666,0.66,10.2074,147.0,15.826300000000002,0.0,1016.22
2016-03-31 02:00:00,5.238888888888889,3.111111111111112,0.83,9.338000000000001,190.0,9.982000000000001,0.0,1022.13
2016-03-31 03:00:00,4.005555555555556,4.005555555555556,0.79,2.9946,337.0,15.826300000000002,0.0,1016.04
2016-03-31 04:00:00,3.405555555555557,3.405555555555557,0.82,4.347,338.0,15.826300000000002,0.0,1016.14
2016-03-31 05:00:00,3.099999999999999,3.099999999999999,0.87,2.7531000000000003,40.0,14.876400000000002,0.0,1016.32
2016-03-31 06:00:00,2.872222222222223,2.872222222222223,0.89,4.5724,43.0,9.8049,0.0,1016.35
2016-03-31 07:00:00,2.3888888888888875,2.3888888888888875,0.91,4.652900000000001,27.0,9.8049,0.0,1016.82
2016-03-31 08:00:00,6.7777777777777795,6.7777777777777795,0.75,3.7191000000000005,39.0,9.9015,0.0,1017.23
2016-03-31 09:00:00,8.93888888888889,8.61111111111111,0.66,4.8461,46.0,9.982000000000001,0.0,1017.52
2016-03-31 10:00:00,12.177777777777779,12.177777777777779,0.57,2.5599000000000003,202.0,9.982000000000001,0.0,1017.73
2016-03-31 11:00:00,12.683333333333332,12.683333333333332,0.51,1.0304,298.0,10.3523,0.0,1017.9
2016-03-31 12:00:00,13.961111111111112,13.961111111111112,0.47,2.3828,309.0,9.982000000000001,0.0,1017.99
2016-03-31 13:00:00,15.050000000000002,15.050000000000002,0.46,6.745900000000001,308.0,11.2056,0.0,1017.82
2016-03-31 14:00:00,16.022222222222226,16.022222222222226,0.46,2.7853000000000003,309.0,10.3523,0.0,1017.69
2016-03-31 15:00:00,16.16111111111111,16.16111111111111,0.44,8.162700000000001,63.0,11.2056,0.0,1017.54
2016-03-31 16:00:00,16.20555555555556,16.20555555555556,0.51,4.9266000000000005,49.0,11.2056,0.0,1017.53
2016-03-31 17:00:00,16.083333333333332,16.083333333333332,0.39,5.361300000000001,116.0,11.398800000000001,0.0,1017.93
2016-03-31 18:00:00,15.044444444444443,15.044444444444443,0.42,3.4615,85.0,9.982000000000001,0.0,1018.23
2016-03-31 19:00:00,12.866666666666665,12.866666666666665,0.54,4.3631,175.0,9.982000000000001,0.0,1019.03
2016-03-31 20:00:00,11.488888888888889,11.488888888888889,0.59,4.9749,203.0,10.3523,0.0,1019.98
2016-03-31 21:00:00,8.972222222222221,7.877777777777778,0.7,7.711900000000001,199.0,9.982000000000001,0.0,1020.63
2016-03-31 22:00:00,7.911111111111113,7.911111111111113,0.72,3.1556,225.0,15.826300000000002,0.0,1021.34
2016-03-31 23:00:00,7.933333333333334,7.933333333333334,0.73,4.5402000000000005,235.0,14.168000000000003,0.0,1021.84
2016-04-01 00:00:00,6.55,4.394444444444442,0.82,10.6582,201.0,14.9086,0.0,1022.41
2016-04-01 01:00:00,5.605555555555558,3.238888888888888,0.85,10.770900000000001,202.0,9.982000000000001,0.0,1022.92
2016-04-01 02:00:00,4.927777777777776,3.4222222222222203,0.81,6.7298,1.0,9.982000000000001,0.0,1029.02
2016-04-01 03:00:00,3.7722222222222217,1.0833333333333348,0.88,10.5455,198.0,9.982000000000001,0.0,1023.83
2016-04-01 04:00:00,3.8444444444444454,2.627777777777776,0.85,5.4096,206.0,9.982000000000001,0.0,1024.41
2016-04-01 05:00:00,4.094444444444443,2.727777777777776,0.88,5.9248,181.0,9.982000000000001,0.0,1024.7
2016-04-01 06:00:00,3.75,1.4388888888888909,0.89,8.919400000000001,128.0,6.1985,0.0,1025.02
2016-04-01 07:00:00,3.800000000000002,1.9111111111111099,0.91,7.406,137.0,6.295100000000001,0.0,1025.62
2016-04-01 08:00:00,6.888888888888888,5.255555555555556,0.81,8.4686,157.0,6.8425,0.0,1026.36
2016-04-01 09:00:00,9.83888888888889,7.9944444444444445,0.71,12.9444,177.0,9.982000000000001,0.0,1026.65
2016-04-01 10:00:00,12.105555555555554,12.105555555555554,0.66,8.8389,154.0,9.982000000000001,0.0,1027.05
2016-04-01 11:00:00,12.755555555555556,12.755555555555556,0.63,7.502600000000001,195.0,11.398800000000001,0.0,1027.74
2016-04-01 12:00:00,14.905555555555553,14.905555555555553,0.52,3.4776000000000002,104.0,11.2056,0.0,1027.84
2016-04-01 13:00:00,16.133333333333333,16.133333333333333,0.45,2.8658,350.0,10.0464,0.0,1027.64
2016-04-01 14:00:00,17.016666666666666,17.016666666666666,0.47,3.22,66.0,11.4471,0.0,1027.55
2016-04-01 15:00:00,17.17777777777778,17.17777777777778,0.44,5.3774,37.0,11.270000000000001,0.0,1027.37
2016-04-01 16:00:00,17.155555555555555,17.155555555555555,0.38,3.703,78.0,11.2056,0.0,1027.28
2016-04-01 17:00:00,15.33888888888889,15.33888888888889,0.48,9.6439,32.0,11.398800000000001,0.0,1027.36
2016-04-01 18:00:00,15.066666666666666,15.066666666666666,0.5,10.8031,14.0,11.2056,0.0,1027.37
2016-04-01 19:00:00,12.283333333333333,12.283333333333333,0.56,10.787,22.0,9.982000000000001,0.0,1027.87
2016-04-01 20:00:00,11.327777777777778,11.327777777777778,0.59,9.064300000000001,43.0,9.982000000000001,0.0,1028.56
2016-04-01 21:00:00,8.883333333333335,7.794444444444445,0.7,7.631400000000001,19.0,9.982000000000001,0.0,1029.37
2016-04-01 22:00:00,8.283333333333331,7.427777777777777,0.7,6.3112,19.0,14.9086,0.0,1029.77
2016-04-01 23:00:00,7.3666666666666645,6.283333333333335,0.75,6.617100000000001,17.0,14.168000000000003,0.0,1029.77
2016-04-02 00:00:00,6.477777777777776,5.355555555555556,0.82,6.279,19.0,14.9086,0.0,1029.89
2016-04-02 01:00:00,4.444444444444445,2.894444444444445,0.84,6.6332,358.0,9.982000000000001,0.0,1030.18
2016-04-02 02:00:00,4.183333333333334,4.183333333333334,0.76,3.4776000000000002,349.0,14.168000000000003,0.0,1021.7
2016-04-02 03:00:00,2.3166666666666678,2.3166666666666678,0.88,3.1395,18.0,8.1305,0.0,1030.09
2016-04-02 04:00:00,2.7111111111111126,1.0611111111111091,0.85,6.1341,359.0,8.1305,0.0,1029.89
2016-04-02 05:00:00,2.8777777777777778,1.1055555555555567,0.79,6.552700000000001,6.0,8.420300000000001,0.0,1030.04
2016-04-02 06:00:00,2.1111111111111094,-0.09444444444444539,0.79,7.5187,28.0,9.982000000000001,0.0,1029.59
2016-04-02 07:00:00,3.688888888888889,1.761111111111112,0.71,7.4543,29.0,9.982000000000001,0.0,1029.86
2016-04-02 08:00:00,6.783333333333334,6.783333333333334,0.71,1.7227000000000001,31.0,9.982000000000001,0.0,1029.98
2016-04-02 09:00:00,9.844444444444443,8.861111111111112,0.61,7.889000000000001,21.0,9.982000000000001,0.0,1029.76
2016-04-02 10:00:00,12.733333333333334,12.733333333333334,0.55,4.7978000000000005,40.0,9.982000000000001,0.0,1029.47
2016-04-02 11:00:00,14.97777777777778,14.97777777777778,0.44,5.618900000000001,75.0,10.3523,0.0,1029.19
2016-04-02 12:00:00,16.227777777777778,16.227777777777778,0.33,3.5742000000000007,86.0,9.982000000000001,0.0,1028.53
2016-04-02 13:00:00,17.244444444444444,17.244444444444444,0.26,10.787,80.0,9.982000000000001,0.0,1027.64
2016-04-02 14:00:00,17.16111111111111,17.16111111111111,0.3,8.3881,92.0,10.3523,0.0,1026.58
2016-04-02 15:00:00,17.288888888888888,17.288888888888888,0.33,8.1305,33.0,9.982000000000001,0.0,1025.45
2016-04-02 16:00:00,17.244444444444444,17.244444444444444,0.25,7.9373000000000005,42.0,9.982000000000001,0.0,1024.64
2016-04-02 17:00:00,17.194444444444443,17.194444444444443,0.28,2.4633000000000003,4.0,10.3523,0.0,1023.77
2016-04-02 18:00:00,16.15555555555555,16.15555555555555,0.27,3.2361,61.0,9.982000000000001,0.0,1023.05
2016-04-02 19:00:00,13.905555555555557,13.905555555555557,0.31,4.314800000000001,25.0,9.982000000000001,0.0,1022.65
2016-04-02 20:00:00,10.411111111111113,10.411111111111113,0.51,1.8032000000000004,0.0,9.982000000000001,0.0,1022.61
2016-04-02 21:00:00,8.816666666666666,8.816666666666666,0.58,0.1449,230.0,9.982000000000001,0.0,1022.56
2016-04-02 22:00:00,6.161111111111113,6.161111111111113,0.69,3.5259,284.0,15.826300000000002,0.0,1022.25
2016-04-02 23:00:00,5.86111111111111,4.622222222222223,0.75,6.3434,291.0,14.9569,0.0,1021.79
2016-04-03 00:00:00,4.883333333333333,4.883333333333333,0.79,3.22,290.0,14.9086,0.0,1021.06
2016-04-03 01:00:00,4.283333333333334,4.283333333333334,0.76,3.2844,287.0,14.9086,0.0,1020.47
2016-04-03 02:00:00,6.933333333333332,6.050000000000001,0.61,5.7316,163.0,15.681400000000002,0.0,1008.76
2016-04-03 03:00:00,3.199999999999999,0.2444444444444432,0.79,11.270000000000001,310.0,14.9086,0.0,1019.15
2016-04-03 04:00:00,2.1611111111111114,2.1611111111111114,0.82,3.1395,225.0,14.9086,0.0,1018.35
2016-04-03 05:00:00,1.9222222222222227,1.9222222222222227,0.9,4.2021,288.0,9.982000000000001,0.0,1017.8
2016-04-03 06:00:00,1.0944444444444439,-0.9166666666666659,0.91,6.44,230.0,6.1985,0.0,1017.04
2016-04-03 07:00:00,2.0888888888888877,2.0888888888888877,0.85,3.3166,210.0,6.1985,0.0,1016.55
2016-04-03 08:00:00,5.872222222222223,5.872222222222223,0.77,3.4776000000000002,210.0,9.9015,0.0,1016.22
2016-04-03 09:00:00,10.027777777777777,10.027777777777777,0.65,0.5152,280.0,9.9015,0.0,1015.63
2016-04-03 10:00:00,13.93888888888889,13.93888888888889,0.54,14.989100000000002,259.0,9.9015,0.0,1015.21
2016-04-03 11:00:00,15.966666666666669,15.966666666666669,0.38,7.1806,252.0,9.982000000000001,0.0,1014.58
2016-04-03 12:00:00,16.20555555555556,16.20555555555556,0.27,9.6922,278.0,9.982000000000001,0.0,1013.52
2016-04-03 13:00:00,17.288888888888888,17.288888888888888,0.25,0.3703,34.0,9.982000000000001,0.0,1012.5
2016-04-03 14:00:00,16.355555555555554,16.355555555555554,0.3,7.502600000000001,226.0,10.3523,0.0,1011.62
2016-04-03 15:00:00,17.33888888888889,17.33888888888889,0.3,2.6243,324.0,9.982000000000001,0.0,1010.61
2016-04-03 16:00:00,17.288888888888888,17.288888888888888,0.36,10.835300000000002,229.0,9.982000000000001,0.0,1009.42
2016-04-03 17:00:00,17.27777777777778,17.27777777777778,0.33,5.152000000000001,201.0,10.3523,0.0,1008.73
2016-04-03 18:00:00,15.205555555555556,15.205555555555556,0.38,7.357700000000001,181.0,9.982000000000001,0.0,1008.29
2016-04-03 19:00:00,12.933333333333334,12.933333333333334,0.4,4.6690000000000005,179.0,9.982000000000001,0.0,1007.81
2016-04-03 20:00:00,11.400000000000002,11.400000000000002,0.46,3.1234,176.0,9.982000000000001,0.0,1007.97
2016-04-03 21:00:00,9.972222222222223,9.972222222222223,0.5,4.4919,149.0,9.982000000000001,0.0,1008.11
2016-04-03 22:00:00,8.788888888888888,7.966666666666669,0.54,6.4722,131.0,15.826300000000002,0.0,1008.11
2016-04-03 23:00:00,7.655555555555556,5.666666666666668,0.62,10.9641,132.0,14.9569,0.0,1008.06
2016-04-04 00:00:00,7.705555555555555,5.783333333333331,0.56,10.642100000000001,149.0,15.826300000000002,0.0,1007.61
2016-04-04 01:00:00,5.616666666666666,4.300000000000001,0.65,6.488300000000001,158.0,15.826300000000002,0.0,1007.61
2016-04-04 02:00:00,5.966666666666668,2.4277777777777763,0.61,18.9175,24.0,14.9569,0.0,1012.56
2016-04-04 03:00:00,6.55,6.55,0.6,2.737,163.0,15.826300000000002,0.0,1007.04
2016-04-04 04:00:00,4.466666666666666,3.0777777777777775,0.73,6.1502,130.0,15.826300000000002,0.0,1006.95
2016-04-04 05:00:00,3.5999999999999983,2.255555555555557,0.75,5.6672,113.0,14.9569,0.0,1007.25
2016-04-04 06:00:00,3.816666666666665,3.816666666666665,0.76,4.025,109.0,9.9015,0.0,1007.23
2016-04-04 07:00:00,2.9166666666666665,2.9166666666666665,0.82,0.3703,24.0,9.9015,0.0,1007.43
2016-04-04 08:00:00,6.161111111111113,6.161111111111113,0.78,1.4973,82.0,9.9015,0.0,1007.95
2016-04-04 09:00:00,10.166666666666664,10.166666666666664,0.6,2.8658,347.0,9.982000000000001,0.0,1008.3
2016-04-04 10:00:00,12.344444444444443,12.344444444444443,0.56,8.017800000000001,23.0,9.982000000000001,0.0,1008.89
2016-04-04 11:00:00,13.055555555555555,13.055555555555555,0.6,9.2575,39.0,9.982000000000001,0.0,1009.21
2016-04-04 12:00:00,15.116666666666667,15.116666666666667,0.46,9.724400000000001,39.0,9.982000000000001,0.0,1009.23
2016-04-04 13:00:00,16.227777777777778,16.227777777777778,0.38,10.448900000000002,62.0,9.982000000000001,0.0,1009.04
2016-04-04 14:00:00,17.17777777777778,17.17777777777778,0.39,11.559800000000001,62.0,9.982000000000001,0.0,1008.93
2016-04-04 15:00:00,17.333333333333332,17.333333333333332,0.37,12.5419,22.0,9.982000000000001,0.0,1008.56
2016-04-04 16:00:00,17.22222222222222,17.22222222222222,0.27,11.2056,28.0,9.982000000000001,0.0,1008.19
2016-04-04 17:00:00,17.21111111111111,17.21111111111111,0.32,15.021300000000002,12.0,9.982000000000001,0.0,1008.15
2016-04-04 18:00:00,16.016666666666666,16.016666666666666,0.39,16.325400000000002,19.0,9.982000000000001,0.0,1008.41
2016-04-04 19:00:00,13.838888888888887,13.838888888888887,0.47,14.6671,11.0,9.982000000000001,0.0,1008.94
2016-04-04 20:00:00,12.244444444444444,12.244444444444444,0.52,23.8441,26.0,9.982000000000001,0.0,1009.95
2016-04-04 21:00:00,8.972222222222221,5.405555555555554,0.58,27.9174,39.0,9.982000000000001,0.0,1011.4
2016-04-04 22:00:00,8.372222222222222,4.6000000000000005,0.58,28.223300000000002,30.0,15.826300000000002,0.0,1012.7
2016-04-04 23:00:00,7.405555555555555,3.250000000000001,0.56,29.463000000000005,27.0,14.9569,0.0,1013.23
2016-04-05 00:00:00,6.71111111111111,2.7611111111111106,0.58,24.665200000000002,29.0,15.826300000000002,0.0,1013.62
2016-04-05 01:00:00,6.133333333333333,2.0333333333333314,0.56,24.5686,30.0,15.826300000000002,0.0,1013.84
2016-04-05 02:00:00,5.255555555555556,3.4500000000000006,0.61,8.0017,260.0,14.9569,0.0,1015.94
2016-04-05 03:00:00,5.466666666666669,1.161111111111113,0.58,24.697400000000002,20.0,15.826300000000002,0.0,1014.23
2016-04-05 04:00:00,4.905555555555555,0.472222222222223,0.6,24.4398,29.0,15.826300000000002,0.0,1014.74
2016-04-05 05:00:00,4.349999999999999,-0.23333333333333428,0.62,24.3915,29.0,15.826300000000002,0.0,1014.86
2016-04-05 06:00:00,2.677777777777778,-1.811111111111112,0.67,19.7708,19.0,9.982000000000001,0.0,1015.25
2016-04-05 07:00:00,3.7722222222222217,-0.033333333333332625,0.58,16.888900000000003,19.0,9.982000000000001,0.0,1015.66
2016-04-05 08:00:00,4.533333333333331,0.8555555555555551,0.57,17.2753,10.0,14.9569,0.0,1016.33
2016-04-05 09:00:00,7.161111111111111,3.455555555555555,0.45,23.3933,21.0,9.982000000000001,0.0,1016.83
2016-04-05 10:00:00,7.827777777777779,4.088888888888889,0.37,25.8888,11.0,9.982000000000001,0.0,1017.13
2016-04-05 11:00:00,9.866666666666665,6.916666666666668,0.35,23.4094,359.0,10.3523,0.0,1017.32
2016-04-05 12:00:00,10.094444444444445,10.094444444444445,0.34,22.6044,7.0,9.982000000000001,0.0,1017.18
2016-04-05 13:00:00,12.200000000000001,12.200000000000001,0.35,19.561500000000002,347.0,9.982000000000001,0.0,1016.85
2016-04-05 14:00:00,12.244444444444444,12.244444444444444,0.37,14.7637,354.0,10.3523,0.0,1016.59
2016-04-05 15:00:00,12.799999999999999,12.799999999999999,0.34,15.665300000000002,288.0,9.982000000000001,0.0,1015.94
2016-04-05 16:00:00,12.894444444444446,12.894444444444446,0.4,15.794100000000002,297.0,9.982000000000001,0.0,1015.24
2016-04-05 17:00:00,12.92222222222222,12.92222222222222,0.4,13.1376,283.0,10.3523,0.0,1015.12
2016-04-05 18:00:00,12.31111111111111,12.31111111111111,0.46,14.2807,289.0,9.982000000000001,0.0,1014.73
2016-04-05 19:00:00,9.188888888888888,7.477777777777779,0.52,11.157300000000001,299.0,9.982000000000001,0.0,1014.71
2016-04-05 20:00:00,9.166666666666666,8.72777777777778,0.47,5.2969,269.0,10.3523,0.0,1015.21
2016-04-05 21:00:00,5.238888888888889,4.355555555555558,0.63,5.0393,244.0,9.982000000000001,0.0,1015.63
2016-04-05 22:00:00,5.66111111111111,4.355555555555558,0.59,6.4561,234.0,15.826300000000002,0.0,1015.84
2016-04-05 23:00:00,4.872222222222224,2.305555555555555,0.61,11.0446,249.0,14.9569,0.0,1016.1
2016-04-06 00:00:00,3.9499999999999997,1.0833333333333348,0.64,11.559800000000001,250.0,15.826300000000002,0.0,1016.22
2016-04-06 01:00:00,5.499999999999999,3.0444444444444425,0.6,11.109000000000002,231.0,15.826300000000002,0.0,1016.13
2016-04-06 02:00:00,6.305555555555556,5.477777777777778,0.75,5.2647,327.0,14.9569,0.0,1018.66
2016-04-06 03:00:00,4.527777777777777,2.9888888888888903,0.63,6.6332,224.0,15.826300000000002,0.0,1016.21
2016-04-06 04:00:00,3.9499999999999997,2.305555555555555,0.69,6.681500000000001,214.0,15.826300000000002,0.0,1016.2
2016-04-06 05:00:00,4.566666666666666,2.705555555555554,0.68,7.776300000000001,236.0,14.9569,0.0,1016.15
2016-04-06 06:00:00,4.033333333333332,1.6166666666666647,0.63,9.595600000000001,232.0,9.982000000000001,0.0,1015.93
2016-04-06 07:00:00,6.027777777777779,3.583333333333335,0.6,11.656400000000001,252.0,9.982000000000001,0.0,1016.14
2016-04-06 08:00:00,8.56111111111111,6.522222222222223,0.56,12.397,259.0,9.982000000000001,0.0,1016.67
2016-04-06 09:00:00,12.200000000000001,12.200000000000001,0.47,20.334300000000002,289.0,9.982000000000001,0.0,1016.74
2016-04-06 10:00:00,11.300000000000002,11.300000000000002,0.53,17.951500000000003,290.0,9.982000000000001,0.0,1016.84
2016-04-06 11:00:00,13.816666666666666,13.816666666666666,0.5,17.4685,289.0,10.3523,0.0,1017.08
2016-04-06 12:00:00,16.13888888888889,16.13888888888889,0.44,16.1483,290.0,9.982000000000001,0.0,1016.94
2016-04-06 13:00:00,17.244444444444444,17.244444444444444,0.51,16.035600000000002,299.0,9.982000000000001,0.0,1016.74
2016-04-06 14:00:00,17.644444444444442,17.644444444444442,0.45,16.744000000000003,295.0,10.3523,0.0,1016.37
2016-04-06 15:00:00,17.89444444444444,17.89444444444444,0.42,16.3898,290.0,9.982000000000001,0.0,1015.84
2016-04-06 16:00:00,17.89444444444444,17.89444444444444,0.33,22.5883,300.0,9.982000000000001,0.0,1015.64
2016-04-06 17:00:00,17.96111111111111,17.96111111111111,0.36,21.4935,300.0,10.3523,0.0,1015.63
2016-04-06 18:00:00,17.82222222222222,17.82222222222222,0.4,21.0588,300.0,15.826300000000002,0.0,1015.65
2016-04-06 19:00:00,15.155555555555557,15.155555555555557,0.46,16.5669,309.0,9.982000000000001,0.0,1015.96
2016-04-06 20:00:00,12.755555555555556,12.755555555555556,0.54,9.821,275.0,9.982000000000001,0.0,1016.68
2016-04-06 21:00:00,10.277777777777779,10.277777777777779,0.64,12.654600000000002,271.0,9.982000000000001,0.0,1017.15
2016-04-06 22:00:00,8.683333333333334,6.422222222222223,0.69,14.1358,271.0,15.826300000000002,0.0,1017.37
2016-04-06 23:00:00,8.372222222222222,6.188888888888889,0.71,13.105400000000001,289.0,14.9569,0.0,1017.77
2016-04-07 00:00:00,7.249999999999998,5.227777777777776,0.73,10.706500000000002,291.0,15.826300000000002,0.0,1018.12
2016-04-07 01:00:00,7.1333333333333355,4.9833333333333325,0.73,11.270000000000001,330.0,15.826300000000002,0.0,1018.88
2016-04-07 02:00:00,8.822222222222223,7.33888888888889,0.71,9.450700000000001,299.0,14.9569,0.0,1019.25
2016-04-07 03:00:00,3.916666666666665,1.211111111111111,0.85,10.770900000000001,278.0,15.826300000000002,0.0,1019.18
2016-04-07 04:00:00,3.3500000000000005,0.5999999999999991,0.85,10.448900000000002,269.0,15.826300000000002,0.0,1019.57
2016-04-07 05:00:00,3.355555555555555,1.872222222222221,0.87,5.9409,296.0,14.9569,0.0,1019.79
2016-04-07 06:00:00,3.022222222222221,3.022222222222221,0.88,4.7978000000000005,271.0,9.982000000000001,0.0,1019.86
2016-04-07 07:00:00,4.21111111111111,4.21111111111111,0.88,0.6601,290.0,9.982000000000001,0.0,1020.43
2016-04-07 08:00:00,8.850000000000001,8.850000000000001,0.77,4.0733,283.0,9.982000000000001,0.0,1020.68
2016-04-07 09:00:00,12.266666666666666,12.266666666666666,0.65,12.2521,338.0,9.982000000000001,0.0,1020.66
2016-04-07 10:00:00,12.872222222222224,12.872222222222224,0.54,7.406,327.0,9.982000000000001,0.0,1020.76
2016-04-07 11:00:00,14.038888888888891,14.038888888888891,0.5,11.801300000000001,335.0,10.3523,0.0,1020.69
2016-04-07 12:00:00,15.072222222222223,15.072222222222223,0.44,15.3433,316.0,9.982000000000001,0.0,1020.26
2016-04-07 13:00:00,17.17777777777778,17.17777777777778,0.43,16.3737,309.0,11.2056,0.0,1019.87
2016-04-07 14:00:00,17.16111111111111,17.16111111111111,0.37,22.620500000000003,335.0,10.3523,0.0,1019.41
2016-04-07 15:00:00,17.22222222222222,17.22222222222222,0.34,24.761800000000004,348.0,9.982000000000001,0.0,1018.87
2016-04-07 16:00:00,16.25,16.25,0.36,17.661700000000003,327.0,9.982000000000001,0.0,1018.36
2016-04-07 17:00:00,17.31111111111111,17.31111111111111,0.39,13.202,348.0,10.3523,0.0,1018.14
2016-04-07 18:00:00,16.177777777777777,16.177777777777777,0.39,20.4953,300.0,9.982000000000001,0.0,1018.05
2016-04-07 19:00:00,13.027777777777779,13.027777777777779,0.48,11.0446,309.0,9.982000000000001,0.0,1018.23
2016-04-07 20:00:00,10.627777777777778,10.627777777777778,0.58,7.792400000000001,292.0,10.3523,0.0,1018.68
2016-04-07 21:00:00,10.094444444444445,10.094444444444445,0.61,5.2647,301.0,9.982000000000001,0.0,1019.13
2016-04-07 22:00:00,9.5,8.722222222222223,0.63,6.7298,283.0,15.826300000000002,0.0,1019.36
2016-04-07 23:00:00,9.016666666666664,8.255555555555555,0.68,6.359500000000001,303.0,14.9569,0.0,1019.51
2016-04-08 00:00:00,8.827777777777778,7.9833333333333325,0.71,6.5688,293.0,15.826300000000002,0.0,1019.55
2016-04-08 01:00:00,9.383333333333333,9.383333333333333,0.64,3.5420000000000007,278.0,15.826300000000002,0.0,1019.26
2016-04-08 02:00:00,5.316666666666666,2.9888888888888903,0.7,10.2879,274.0,14.9569,0.0,1020.74
2016-04-08 03:00:00,8.272222222222222,7.416666666666667,0.76,6.295100000000001,266.0,15.826300000000002,0.0,1019.26
2016-04-08 04:00:00,8.22777777777778,7.244444444444444,0.8,6.745900000000001,312.0,15.826300000000002,0.0,1019.18
2016-04-08 05:00:00,8.483333333333336,8.483333333333336,0.75,4.1055,284.0,14.9569,0.0,1019.49
2016-04-08 06:00:00,7.705555555555555,6.038888888888888,0.76,9.338000000000001,321.0,11.2056,0.0,1019.69
2016-04-08 07:00:00,8.788888888888888,6.6499999999999995,0.71,13.4274,342.0,11.2056,0.0,1019.99
2016-04-08 08:00:00,8.18888888888889,5.344444444444443,0.68,17.806600000000003,16.0,9.982000000000001,0.0,1020.53
2016-04-08 09:00:00,8.983333333333334,6.500000000000002,0.63,16.4059,30.0,11.2056,0.0,1021.28
2016-04-08 10:00:00,11.133333333333333,11.133333333333333,0.54,12.348700000000001,21.0,9.982000000000001,0.0,1021.68
2016-04-08 11:00:00,12.7,12.7,0.52,13.9587,347.0,9.982000000000001,0.0,1021.99
2016-04-08 12:00:00,13.961111111111112,13.961111111111112,0.44,12.8317,357.0,9.982000000000001,0.0,1021.84
2016-04-08 13:00:00,14.072222222222221,14.072222222222221,0.38,14.6188,320.0,9.982000000000001,0.0,1021.53
2016-04-08 14:00:00,15.227777777777776,15.227777777777776,0.41,9.1448,315.0,9.982000000000001,0.0,1021.23
2016-04-08 15:00:00,16.177777777777777,16.177777777777777,0.35,12.8317,346.0,9.982000000000001,0.0,1020.53
2016-04-08 16:00:00,17.15,17.15,0.26,20.8495,291.0,9.982000000000001,0.0,1019.89
2016-04-08 17:00:00,16.211111111111112,16.211111111111112,0.28,16.8084,336.0,9.982000000000001,0.0,1019.82
2016-04-08 18:00:00,15.066666666666666,15.066666666666666,0.3,20.6402,320.0,9.982000000000001,0.0,1019.21
2016-04-08 19:00:00,12.933333333333334,12.933333333333334,0.37,12.9444,309.0,9.982000000000001,0.0,1020.03
2016-04-08 20:00:00,8.861111111111112,7.438888888888889,0.57,9.160900000000002,305.0,9.982000000000001,0.0,1020.54
2016-04-08 21:00:00,7.505555555555554,5.694444444444445,0.59,9.8693,271.0,9.982000000000001,0.0,1021.13
2016-04-08 22:00:00,6.816666666666668,4.583333333333333,0.61,11.382700000000002,271.0,15.826300000000002,0.0,1021.25
2016-04-08 23:00:00,6.116666666666665,4.716666666666668,0.62,7.0357,276.0,14.9569,0.0,1021.29
2016-04-09 00:00:00,4.549999999999999,1.8944444444444426,0.69,11.157300000000001,262.0,15.826300000000002,0.0,1021.24
2016-04-09 01:00:00,4.4555555555555575,4.4555555555555575,0.67,3.6386,270.0,15.826300000000002,0.0,1021.15
2016-04-09 02:00:00,7.022222222222222,5.738888888888888,0.7,7.148400000000001,249.0,14.9569,0.0,1017.92
2016-04-09 03:00:00,4.172222222222221,2.6722222222222234,0.74,6.3434,286.0,15.826300000000002,0.0,1020.78
2016-04-09 04:00:00,4.222222222222223,4.222222222222223,0.71,3.703,303.0,15.826300000000002,0.0,1020.68
2016-04-09 05:00:00,4.33888888888889,2.6055555555555543,0.71,7.1806,298.0,14.9569,0.0,1020.78
2016-04-09 06:00:00,1.9944444444444462,1.9944444444444462,0.85,3.1395,242.0,9.982000000000001,0.0,1020.75
2016-04-09 07:00:00,3.6666666666666674,3.6666666666666674,0.82,3.0268,230.0,9.982000000000001,0.0,1020.75
2016-04-09 08:00:00,7.5166666666666675,6.705555555555556,0.72,5.7477,276.0,9.982000000000001,0.0,1021.0
2016-04-09 09:00:00,11.11111111111111,11.11111111111111,0.6,4.9427,281.0,9.982000000000001,0.0,1020.73
2016-04-09 10:00:00,13.91111111111111,13.91111111111111,0.54,3.6386,248.0,9.982000000000001,0.0,1020.72
2016-04-09 11:00:00,15.955555555555556,15.955555555555556,0.41,12.8156,277.0,10.3523,0.0,1020.53
2016-04-09 12:00:00,17.77777777777778,17.77777777777778,0.33,11.0929,316.0,9.982000000000001,0.0,1019.91
2016-04-09 13:00:00,17.82222222222222,17.82222222222222,0.28,7.8729,304.0,9.982000000000001,0.0,1019.11
2016-04-09 14:00:00,18.87777777777778,18.87777777777778,0.36,11.640300000000002,243.0,9.982000000000001,0.0,1018.4
2016-04-09 15:00:00,18.95555555555556,18.95555555555556,0.3,12.9283,232.0,9.982000000000001,0.0,1017.6
2016-04-09 16:00:00,19.488888888888887,19.488888888888887,0.31,11.3183,247.0,16.1,0.0,1016.73
2016-04-09 17:00:00,18.011111111111113,18.011111111111113,0.34,13.685,239.0,10.3523,0.0,1017.2
2016-04-09 18:00:00,17.383333333333333,17.383333333333333,0.37,12.6385,242.0,9.982000000000001,0.0,1016.08
2016-04-09 19:00:00,14.21111111111111,14.21111111111111,0.46,9.499,231.0,9.982000000000001,0.0,1015.98
2016-04-09 20:00:00,13.261111111111111,13.261111111111111,0.51,7.889000000000001,232.0,10.3523,0.0,1016.33
2016-04-09 21:00:00,12.266666666666666,12.266666666666666,0.52,7.792400000000001,191.0,9.982000000000001,0.0,1016.51
2016-04-09 22:00:00,11.555555555555554,11.555555555555554,0.57,6.118,203.0,15.826300000000002,0.0,1016.54
2016-04-09 23:00:00,10.399999999999999,10.399999999999999,0.62,7.0196000000000005,221.0,14.9569,0.0,1016.88
2016-04-10 00:00:00,9.844444444444443,9.844444444444443,0.62,3.2039,241.0,15.826300000000002,0.0,1016.93
2016-04-10 01:00:00,7.711111111111112,7.711111111111112,0.71,3.1878,232.0,15.826300000000002,0.0,1017.13
2016-04-10 02:00:00,11.38888888888889,11.38888888888889,0.6,12.445300000000001,307.0,14.9569,0.0,1018.53
2016-04-10 03:00:00,7.883333333333332,7.000000000000001,0.7,6.1824,245.0,15.826300000000002,0.0,1016.93
2016-04-10 04:00:00,6.816666666666668,4.6000000000000005,0.72,11.270000000000001,290.0,15.826300000000002,0.0,1017.04
2016-04-10 05:00:00,6.705555555555556,5.361111111111111,0.73,7.1645,273.0,14.9569,0.0,1017.25
2016-04-10 06:00:00,6.144444444444446,6.144444444444446,0.76,2.1574000000000004,286.0,9.982000000000001,0.0,1017.24
2016-04-10 07:00:00,8.694444444444445,8.694444444444445,0.71,2.1574000000000004,296.0,9.982000000000001,0.0,1017.56
2016-04-10 08:00:00,12.43888888888889,12.43888888888889,0.64,9.9015,297.0,9.982000000000001,0.0,1017.64
2016-04-10 09:00:00,16.016666666666666,16.016666666666666,0.55,12.960500000000001,309.0,9.982000000000001,0.0,1017.84
2016-04-10 10:00:00,17.755555555555556,17.755555555555556,0.45,13.105400000000001,308.0,9.982000000000001,0.0,1018.04
2016-04-10 11:00:00,18.95555555555556,18.95555555555556,0.37,22.4917,301.0,10.3523,0.0,1018.24
2016-04-10 12:00:00,19.00555555555555,19.00555555555555,0.34,26.9514,300.0,9.982000000000001,0.0,1017.94
2016-04-10 13:00:00,20.04444444444444,20.04444444444444,0.31,28.7224,301.0,9.982000000000001,0.0,1017.26
2016-04-10 14:00:00,20.166666666666668,20.166666666666668,0.31,29.302,310.0,10.3523,0.0,1017.12
2016-04-10 15:00:00,19.97222222222222,19.97222222222222,0.32,27.643700000000006,300.0,9.982000000000001,0.0,1016.73
2016-04-10 16:00:00,20.08888888888889,20.08888888888889,0.32,28.5614,319.0,9.982000000000001,0.0,1016.22
2016-04-10 17:00:00,19.21111111111111,19.21111111111111,0.32,23.5865,311.0,10.3523,0.0,1016.0
2016-04-10 18:00:00,17.977777777777778,17.977777777777778,0.37,16.3576,327.0,9.982000000000001,0.0,1016.21
2016-04-10 19:00:00,16.333333333333332,16.333333333333332,0.47,5.0393,335.0,9.982000000000001,0.0,1016.2
2016-04-10 20:00:00,14.472222222222221,14.472222222222221,0.52,3.6386,355.0,9.982000000000001,0.0,1016.56
2016-04-10 21:00:00,12.449999999999998,12.449999999999998,0.7,9.1126,320.0,9.982000000000001,0.0,1017.24
2016-04-10 22:00:00,11.394444444444442,11.394444444444442,0.67,3.5259,265.0,15.826300000000002,0.0,1017.55
2016-04-10 23:00:00,10.266666666666664,10.266666666666664,0.73,6.5044,277.0,14.9569,0.0,1017.98
2016-04-11 00:00:00,9.788888888888888,8.199999999999998,0.75,11.1734,283.0,15.826300000000002,0.0,1018.48
2016-04-11 01:00:00,11.761111111111113,11.761111111111113,0.6,14.2646,301.0,15.826300000000002,0.0,1018.61
2016-04-11 02:00:00,7.322222222222223,7.322222222222223,0.81,3.1556,239.0,14.9569,0.0,1023.13
2016-04-11 03:00:00,12.055555555555557,12.055555555555557,0.59,13.781600000000001,331.0,15.826300000000002,0.0,1019.21
2016-04-11 04:00:00,9.394444444444442,7.872222222222224,0.71,10.2879,39.0,15.826300000000002,0.0,1019.98
2016-04-11 05:00:00,6.916666666666668,6.916666666666668,0.82,4.1216,317.0,14.9569,0.0,1020.51
2016-04-11 06:00:00,5.683333333333332,4.449999999999999,0.85,6.2468,345.0,15.826300000000002,0.0,1021.55
2016-04-11 07:00:00,7.333333333333335,6.011111111111111,0.85,7.486500000000001,320.0,9.982000000000001,0.0,1022.16
2016-04-11 08:00:00,11.005555555555556,11.005555555555556,0.72,8.4364,3.0,9.982000000000001,0.0,1022.67
2016-04-11 09:00:00,12.850000000000001,12.850000000000001,0.68,7.0196000000000005,15.0,10.0464,0.0,1022.96
2016-04-11 10:00:00,13.961111111111112,13.961111111111112,0.55,12.88,30.0,2.3506,0.0,1023.34
2016-04-11 11:00:00,15.038888888888888,15.038888888888888,0.48,5.4579,28.0,11.4471,0.0,1023.58
2016-04-11 12:00:00,15.18333333333333,15.18333333333333,0.5,5.3774,354.0,15.826300000000002,0.0,1023.5
2016-04-11 13:00:00,16.25,16.25,0.51,5.055400000000001,270.0,11.2056,0.0,1023.01
2016-04-11 14:00:00,16.405555555555555,16.405555555555555,0.47,2.254,36.0,10.3523,0.0,1022.75
2016-04-11 15:00:00,17.383333333333333,17.383333333333333,0.5,6.7298,49.0,9.982000000000001,0.0,1022.32
2016-04-11 16:00:00,17.84444444444445,17.84444444444445,0.4,7.406,348.0,9.982000000000001,0.0,1021.81
2016-04-11 17:00:00,17.84444444444445,17.84444444444445,0.44,4.588500000000001,25.0,10.3523,0.0,1021.69
2016-04-11 18:00:00,17.89444444444444,17.89444444444444,0.44,2.737,33.0,15.826300000000002,0.0,1021.61
2016-04-11 19:00:00,15.205555555555556,15.205555555555556,0.5,2.6726,57.0,9.982000000000001,0.0,1021.82
2016-04-11 20:00:00,14.511111111111111,14.511111111111111,0.5,3.1878,102.0,15.3111,0.0,1022.06
2016-04-11 21:00:00,11.183333333333334,11.183333333333334,0.65,2.8014,143.0,9.982000000000001,0.0,1022.43
2016-04-11 22:00:00,10.972222222222221,10.972222222222221,0.63,6.44,160.0,15.826300000000002,0.0,1023.03
2016-04-11 23:00:00,9.055555555555554,9.055555555555554,0.71,3.3810000000000002,187.0,14.9569,0.0,1023.32
2016-04-12 00:00:00,6.2333333333333325,6.2333333333333325,0.82,3.3649,220.0,15.826300000000002,0.0,1023.61
2016-04-12 01:00:00,5.650000000000001,5.650000000000001,0.85,3.059,198.0,15.826300000000002,0.0,1023.93
2016-04-12 02:00:00,7.777777777777778,7.044444444444444,0.83,5.618900000000001,258.0,14.9569,0.0,1023.66
2016-04-12 03:00:00,6.483333333333334,5.488888888888891,0.89,5.8604,150.0,15.826300000000002,0.0,1024.03
2016-04-12 04:00:00,5.4944444444444445,5.4944444444444445,0.89,3.5259,174.0,15.826300000000002,0.0,1024.22
2016-04-12 05:00:00,4.677777777777779,4.677777777777779,0.91,2.9946,176.0,9.982000000000001,0.0,1024.32
2016-04-12 06:00:00,4.333333333333332,4.333333333333332,0.92,3.0912,158.0,14.9086,0.0,1024.53
2016-04-12 07:00:00,6.949999999999999,6.949999999999999,0.86,3.1234,163.0,9.982000000000001,0.0,1024.93
2016-04-12 08:00:00,11.727777777777778,11.727777777777778,0.75,4.6207,194.0,9.982000000000001,0.0,1025.01
2016-04-12 09:00:00,14.955555555555557,14.955555555555557,0.6,10.4167,202.0,9.982000000000001,0.0,1024.93
2016-04-12 10:00:00,17.31666666666667,17.31666666666667,0.48,9.1126,212.0,9.982000000000001,0.0,1025.21
2016-04-12 11:00:00,18.83888888888889,18.83888888888889,0.43,8.4847,195.0,9.982000000000001,0.0,1025.37
2016-04-12 12:00:00,20.07222222222222,20.07222222222222,0.43,5.0232,206.0,9.982000000000001,0.0,1025.22
2016-04-12 13:00:00,21.11111111111111,21.11111111111111,0.38,2.3828,73.0,9.982000000000001,0.0,1024.8
2016-04-12 14:00:00,21.2,21.2,0.35,3.4776000000000002,187.0,10.3523,0.0,1024.32
2016-04-12 15:00:00,22.24444444444445,22.24444444444445,0.35,7.8729,276.0,9.982000000000001,0.0,1023.43
2016-04-12 16:00:00,22.28888888888889,22.28888888888889,0.35,9.8049,299.0,9.982000000000001,0.0,1022.83
2016-04-12 17:00:00,22.199999999999996,22.199999999999996,0.37,5.474,245.0,10.3523,0.0,1022.43
2016-04-12 18:00:00,22.24444444444445,22.24444444444445,0.37,0.5152,335.0,9.982000000000001,0.0,1022.14
2016-04-12 19:00:00,19.994444444444444,19.994444444444444,0.4,0.3864,330.0,9.982000000000001,0.0,1022.23
2016-04-12 20:00:00,16.400000000000002,16.400000000000002,0.54,2.2218,140.0,9.982000000000001,0.0,1022.68
2016-04-12 21:00:00,12.33888888888889,12.33888888888889,0.66,1.3685,19.0,9.982000000000001,0.0,1023.43
2016-04-12 22:00:00,10.672222222222224,10.672222222222224,0.76,6.44,290.0,15.826300000000002,0.0,1023.63
2016-04-12 23:00:00,10.816666666666666,10.816666666666666,0.74,5.8121,266.0,14.9569,0.0,1023.69
2016-04-13 00:00:00,9.933333333333334,9.405555555555557,0.77,6.0053,280.0,15.826300000000002,0.0,1023.56
2016-04-13 01:00:00,8.77222222222222,8.77222222222222,0.83,3.22,180.0,15.826300000000002,0.0,1023.66
2016-04-13 02:00:00,9.116666666666665,7.827777777777779,0.58,8.758400000000002,13.0,14.9569,0.0,1023.97
2016-04-13 03:00:00,7.249999999999998,7.249999999999998,0.86,2.7853000000000003,221.0,15.826300000000002,0.0,1023.47
2016-04-13 04:00:00,6.672222222222221,6.672222222222221,0.92,3.2522,353.0,15.826300000000002,0.0,1023.66
2016-04-13 05:00:00,7.333333333333335,5.311111111111113,0.87,10.770900000000001,22.0,14.9569,0.0,1023.99
2016-04-13 06:00:00,7.11111111111111,5.0166666666666675,0.86,10.9319,40.0,9.982000000000001,0.0,1024.19
2016-04-13 07:00:00,9.733333333333336,8.372222222222222,0.78,9.7405,40.0,9.982000000000001,0.0,1024.59
2016-04-13 08:00:00,12.572222222222223,12.572222222222223,0.7,8.4847,53.0,9.982000000000001,0.0,1024.89
2016-04-13 09:00:00,16.11111111111111,16.11111111111111,0.58,9.579500000000001,51.0,9.982000000000001,0.0,1024.86
2016-04-13 10:00:00,18.86666666666666,18.86666666666666,0.43,12.783400000000002,71.0,9.982000000000001,0.0,1024.96
2016-04-13 11:00:00,20.100000000000005,20.100000000000005,0.4,11.0929,59.0,10.3523,0.0,1025.17
2016-04-13 12:00:00,20.644444444444442,20.644444444444442,0.43,11.0285,88.0,15.826300000000002,0.0,1024.94
2016-04-13 13:00:00,22.266666666666666,22.266666666666666,0.35,4.5563,28.0,9.982000000000001,0.0,1024.62
2016-04-13 14:00:00,22.327777777777776,22.327777777777776,0.38,10.513300000000001,18.0,10.3523,0.0,1024.35
2016-04-13 15:00:00,22.40555555555555,22.40555555555555,0.35,13.491800000000001,33.0,9.982000000000001,0.0,1023.83
2016-04-13 16:00:00,22.333333333333332,22.333333333333332,0.35,13.8782,23.0,9.982000000000001,0.0,1023.52
2016-04-13 17:00:00,21.494444444444444,21.494444444444444,0.39,11.4471,40.0,10.3523,0.0,1023.35
2016-04-13 18:00:00,20.25,20.25,0.39,12.590200000000001,42.0,9.982000000000001,0.0,1023.31
2016-04-13 19:00:00,17.977777777777778,17.977777777777778,0.45,9.305800000000001,32.0,9.982000000000001,0.0,1023.22
2016-04-13 20:00:00,16.37222222222222,16.37222222222222,0.47,8.8389,38.0,10.3523,0.0,1023.44
2016-04-13 21:00:00,13.91111111111111,13.91111111111111,0.52,5.0071,44.0,9.982000000000001,0.0,1023.84
2016-04-13 22:00:00,13.244444444444447,13.244444444444447,0.5,6.295100000000001,34.0,15.826300000000002,0.0,1023.94
2016-04-13 23:00:00,10.88888888888889,10.88888888888889,0.61,6.488300000000001,30.0,14.9569,0.0,1024.04
2016-04-14 00:00:00,8.472222222222221,7.577777777777778,0.65,6.5366,23.0,15.826300000000002,0.0,1024.06
2016-04-14 01:00:00,8.477777777777776,7.572222222222223,0.58,6.5849,24.0,15.826300000000002,0.0,1024.17
2016-04-14 02:00:00,10.388888888888891,10.388888888888891,0.52,10.3201,28.0,14.9569,0.0,1023.24
2016-04-14 03:00:00,8.77222222222222,7.033333333333331,0.53,10.835300000000002,30.0,15.826300000000002,0.0,1023.79
2016-04-14 04:00:00,8.1,6.244444444444445,0.57,10.722600000000002,21.0,15.826300000000002,0.0,1024.01
2016-04-14 05:00:00,7.683333333333333,5.350000000000001,0.56,13.089300000000001,18.0,14.9569,0.0,1024.18
2016-04-14 06:00:00,7.011111111111109,4.916666666666668,0.56,10.835300000000002,20.0,9.982000000000001,0.0,1024.7
2016-04-14 07:00:00,8.783333333333335,7.594444444444445,0.55,8.0017,21.0,9.982000000000001,0.0,1025.09
2016-04-14 08:00:00,12.066666666666666,12.066666666666666,0.41,11.688600000000001,37.0,10.3523,0.0,1025.14
2016-04-14 09:00:00,14.072222222222221,14.072222222222221,0.38,15.842400000000001,41.0,9.982000000000001,0.0,1024.96
2016-04-14 10:00:00,17.333333333333332,17.333333333333332,0.36,15.971200000000001,32.0,9.982000000000001,0.0,1024.87
2016-04-14 11:00:00,18.033333333333328,18.033333333333328,0.34,17.6134,22.0,10.3523,0.0,1024.85
2016-04-14 12:00:00,20.13888888888889,20.13888888888889,0.3,17.0338,21.0,9.982000000000001,0.0,1024.45
2016-04-14 13:00:00,21.25,21.25,0.29,17.0499,30.0,9.982000000000001,0.0,1023.85
2016-04-14 14:00:00,21.37777777777778,21.37777777777778,0.29,17.3558,36.0,10.3523,0.0,1023.19
2016-04-14 15:00:00,22.31111111111111,22.31111111111111,0.28,17.259200000000003,38.0,9.982000000000001,0.0,1022.56
2016-04-14 16:00:00,22.31111111111111,22.31111111111111,0.27,17.0982,19.0,9.982000000000001,0.0,1021.87
2016-04-14 17:00:00,21.411111111111115,21.411111111111115,0.28,15.955100000000002,18.0,10.3523,0.0,1021.59
2016-04-14 18:00:00,21.272222222222226,21.272222222222226,0.26,13.8299,31.0,10.255700000000001,0.0,1021.36
2016-04-14 19:00:00,18.02777777777778,18.02777777777778,0.34,8.9516,8.0,9.982000000000001,0.0,1021.24
2016-04-14 20:00:00,15.42777777777778,15.42777777777778,0.4,5.2647,342.0,10.3523,0.0,1021.57
2016-04-14 21:00:00,11.316666666666666,11.316666666666666,0.64,3.22,260.0,9.982000000000001,0.0,1021.95
2016-04-14 22:00:00,9.561111111111112,9.561111111111112,0.65,2.9463000000000004,319.0,15.826300000000002,0.0,1022.25
2016-04-14 23:00:00,8.972222222222221,8.972222222222221,0.7,3.5742000000000007,340.0,14.9569,0.0,1022.46
2016-04-15 00:00:00,10.42222222222222,10.42222222222222,0.66,14.2807,31.0,15.826300000000002,0.0,1022.96
2016-04-15 01:00:00,9.36111111111111,8.638888888888888,0.61,6.4078,6.0,15.826300000000002,0.0,1023.08
2016-04-15 02:00:00,9.544444444444444,7.96111111111111,0.51,10.8192,42.0,14.9569,0.0,1023.18
2016-04-15 03:00:00,10.394444444444446,10.394444444444446,0.51,6.4078,13.0,15.826300000000002,0.0,1023.09
2016-04-15 04:00:00,9.377777777777778,7.744444444444444,0.56,10.9158,21.0,15.826300000000002,0.0,1023.36
2016-04-15 05:00:00,6.1388888888888875,4.749999999999998,0.73,7.0035,349.0,14.9569,0.0,1023.44
2016-04-15 06:00:00,5.155555555555556,2.6500000000000017,0.75,11.0285,331.0,9.982000000000001,0.0,1023.67
2016-04-15 07:00:00,7.8500000000000005,7.8500000000000005,0.75,0.5796,220.0,9.982000000000001,0.0,1023.69
2016-04-15 08:00:00,12.583333333333334,12.583333333333334,0.54,15.134000000000002,20.0,9.982000000000001,0.0,1023.69
2016-04-15 09:00:00,15.116666666666667,15.116666666666667,0.5,16.0517,31.0,9.982000000000001,0.0,1023.57
2016-04-15 10:00:00,16.288888888888888,16.288888888888888,0.47,17.549000000000003,21.0,9.982000000000001,0.0,1023.76
2016-04-15 11:00:00,17.87777777777778,17.87777777777778,0.39,17.4846,15.0,10.3523,0.0,1023.67
2016-04-15 12:00:00,19.00555555555555,19.00555555555555,0.36,17.291400000000003,31.0,9.982000000000001,0.0,1023.45
2016-04-15 13:00:00,19.116666666666664,19.116666666666664,0.33,21.992600000000003,20.0,9.982000000000001,0.0,1022.67
2016-04-15 14:00:00,20.11111111111111,20.11111111111111,0.35,18.7726,23.0,10.3523,0.0,1022.21
2016-04-15 15:00:00,20.155555555555555,20.155555555555555,0.32,22.105300000000003,10.0,9.982000000000001,0.0,1021.66
2016-04-15 16:00:00,20.13888888888889,20.13888888888889,0.31,24.810100000000002,30.0,9.982000000000001,0.0,1021.04
2016-04-15 17:00:00,20.216666666666665,20.216666666666665,0.28,24.6008,18.0,10.3523,0.0,1020.97
2016-04-15 18:00:00,19.066666666666663,19.066666666666663,0.33,17.388,30.0,9.982000000000001,0.0,1020.95
2016-04-15 19:00:00,17.866666666666664,17.866666666666664,0.35,15.681400000000002,31.0,9.982000000000001,0.0,1021.05
2016-04-15 20:00:00,15.261111111111111,15.261111111111111,0.43,12.236,33.0,10.3523,0.0,1021.45
2016-04-15 21:00:00,13.844444444444445,13.844444444444445,0.45,12.863900000000001,21.0,9.982000000000001,0.0,1021.98
2016-04-15 22:00:00,13.244444444444447,13.244444444444447,0.43,13.9587,21.0,15.826300000000002,0.0,1022.39
2016-04-15 23:00:00,12.244444444444444,12.244444444444444,0.43,11.125100000000002,30.0,14.9569,0.0,1022.59
2016-04-16 00:00:00,11.733333333333333,11.733333333333333,0.43,14.1519,40.0,15.826300000000002,0.0,1022.88
2016-04-16 01:00:00,10.577777777777776,10.577777777777776,0.46,11.125100000000002,50.0,15.826300000000002,0.0,1023.09
2016-04-16 02:00:00,3.494444444444444,3.494444444444444,0.76,4.4919,18.0,14.9569,0.0,1022.31
2016-04-16 03:00:00,7.861111111111111,5.466666666666669,0.59,13.765500000000001,39.0,15.826300000000002,0.0,1023.28
2016-04-16 04:00:00,7.172222222222221,5.122222222222222,0.63,10.7387,59.0,15.826300000000002,0.0,1023.48
2016-04-16 05:00:00,5.666666666666668,3.316666666666666,0.69,10.7548,45.0,14.9569,0.0,1023.58
2016-04-16 06:00:00,5.0166666666666675,1.93888888888889,0.7,14.039200000000001,48.0,9.982000000000001,0.0,1023.88
2016-04-16 07:00:00,6.083333333333335,3.761111111111113,0.7,11.0446,49.0,9.982000000000001,0.0,1024.16
2016-04-16 08:00:00,8.005555555555553,6.061111111111109,0.67,11.125100000000002,33.0,10.3523,0.0,1024.37
2016-04-16 09:00:00,11.316666666666666,11.316666666666666,0.55,8.1466,14.0,9.982000000000001,0.0,1024.53
2016-04-16 10:00:00,14.072222222222221,14.072222222222221,0.5,11.3022,33.0,9.982000000000001,0.0,1024.27
2016-04-16 11:00:00,16.077777777777776,16.077777777777776,0.37,13.894300000000003,82.0,10.3523,0.0,1024.17
2016-04-16 12:00:00,17.266666666666666,17.266666666666666,0.26,15.906800000000002,77.0,9.982000000000001,0.0,1023.88
2016-04-16 13:00:00,17.333333333333332,17.333333333333332,0.31,17.1304,32.0,9.982000000000001,0.0,1023.57
2016-04-16 14:00:00,17.383333333333333,17.383333333333333,0.29,16.2449,42.0,10.3523,0.0,1023.26
2016-04-16 15:00:00,17.355555555555558,17.355555555555558,0.26,20.736800000000002,41.0,9.982000000000001,0.0,1022.75
2016-04-16 16:00:00,17.37777777777778,17.37777777777778,0.26,17.3397,59.0,9.982000000000001,0.0,1022.16
2016-04-16 17:00:00,17.4,17.4,0.27,16.8245,48.0,10.3523,0.0,1022.09
2016-04-16 18:00:00,16.266666666666666,16.266666666666666,0.28,15.4721,51.0,9.982000000000001,0.0,1021.95
2016-04-16 19:00:00,14.066666666666666,14.066666666666666,0.33,9.5151,41.0,9.982000000000001,0.0,1021.95
2016-04-16 20:00:00,12.427777777777777,12.427777777777777,0.37,7.3899,42.0,9.982000000000001,0.0,1022.16
2016-04-16 21:00:00,7.355555555555558,7.355555555555558,0.59,4.7495,20.0,9.982000000000001,0.0,1022.65
2016-04-16 22:00:00,6.666666666666667,5.566666666666668,0.62,6.279,29.0,15.826300000000002,0.0,1022.66
2016-04-16 23:00:00,6.15,4.872222222222224,0.62,6.617100000000001,24.0,14.9569,0.0,1022.75
2016-04-17 00:00:00,3.9611111111111126,3.9611111111111126,0.78,3.0429,356.0,15.826300000000002,0.0,1022.47
2016-04-17 01:00:00,4.377777777777779,4.377777777777779,0.76,3.2361,16.0,15.826300000000002,0.0,1022.47
2016-04-17 02:00:00,7.522222222222221,7.522222222222221,0.64,4.459700000000001,196.0,14.9569,0.0,1016.04
2016-04-17 03:00:00,2.7333333333333343,2.7333333333333343,0.79,3.1395,355.0,15.826300000000002,0.0,1021.86
2016-04-17 04:00:00,2.272222222222224,2.272222222222224,0.81,3.3166,347.0,15.826300000000002,0.0,1021.29
2016-04-17 05:00:00,1.7499999999999991,0.055555555555556344,0.85,5.8765,43.0,14.9569,0.0,1021.18
2016-04-17 06:00:00,2.2277777777777765,2.2277777777777765,0.84,1.6583,37.0,11.2056,0.0,1021.06
2016-04-17 07:00:00,3.944444444444445,3.944444444444445,0.88,1.6905000000000001,19.0,9.982000000000001,0.0,1021.34
2016-04-17 08:00:00,8.927777777777777,8.927777777777777,0.65,0.4508000000000001,175.0,9.982000000000001,0.0,1021.09
2016-04-17 09:00:00,12.899999999999999,12.899999999999999,0.5,6.44,350.0,9.982000000000001,0.0,1020.74
2016-04-17 10:00:00,16.16111111111111,16.16111111111111,0.33,3.864,97.0,9.982000000000001,0.0,1020.62
2016-04-17 11:00:00,17.21111111111111,17.21111111111111,0.31,7.6796999999999995,50.0,10.3523,0.0,1020.45
2016-04-17 12:00:00,17.849999999999998,17.849999999999998,0.32,3.7674,84.0,9.982000000000001,0.0,1019.82
2016-04-17 13:00:00,17.938888888888894,17.938888888888894,0.34,8.3076,310.0,9.982000000000001,0.0,1019.4
2016-04-17 14:00:00,19.02777777777778,19.02777777777778,0.26,8.4686,335.0,10.3523,0.0,1018.69
2016-04-17 15:00:00,19.050000000000004,19.050000000000004,0.26,2.5277000000000003,356.0,9.982000000000001,0.0,1017.91
2016-04-17 16:00:00,19.07222222222222,19.07222222222222,0.36,2.415,33.0,9.982000000000001,0.0,1017.19
2016-04-17 17:00:00,19.977777777777774,19.977777777777774,0.24,1.3041000000000003,55.0,10.3523,0.0,1016.67
2016-04-17 18:00:00,19.00555555555555,19.00555555555555,0.29,0.9016000000000002,300.0,9.982000000000001,0.0,1016.3
2016-04-17 19:00:00,16.36111111111111,16.36111111111111,0.35,9.305800000000001,161.0,9.982000000000001,0.0,1016.1
2016-04-17 20:00:00,14.305555555555555,14.305555555555555,0.43,8.7423,170.0,10.3523,0.0,1016.45
2016-04-17 21:00:00,11.255555555555553,11.255555555555553,0.53,7.760200000000001,163.0,9.982000000000001,0.0,1016.7
2016-04-17 22:00:00,10.122222222222222,10.122222222222222,0.58,6.279,183.0,15.826300000000002,0.0,1016.4
2016-04-17 23:00:00,10.550000000000002,10.550000000000002,0.59,7.0196000000000005,209.0,14.9569,0.0,1016.3
2016-04-18 00:00:00,8.994444444444444,8.177777777777777,0.65,6.552700000000001,212.0,15.826300000000002,0.0,1016.2
2016-04-18 01:00:00,8.461111111111109,7.566666666666666,0.6,6.552700000000001,202.0,15.826300000000002,0.0,1015.9
2016-04-18 02:00:00,8.56111111111111,6.661111111111112,0.55,11.527600000000001,323.0,14.9569,0.0,1018.2
2016-04-18 03:00:00,5.777777777777777,4.555555555555557,0.72,6.2468,186.0,15.826300000000002,0.0,1014.98
2016-04-18 04:00:00,5.222222222222221,3.8833333333333346,0.75,6.3434,203.0,15.826300000000002,0.0,1014.59
2016-04-18 05:00:00,5.783333333333331,4.400000000000001,0.74,6.7781,200.0,14.9569,0.0,1014.32
2016-04-18 06:00:00,4.155555555555554,2.194444444444446,0.81,7.856800000000001,183.0,9.982000000000001,0.0,1014.08
2016-04-18 07:00:00,7.816666666666666,6.472222222222221,0.75,7.9373000000000005,193.0,9.982000000000001,0.0,1013.79
2016-04-18 08:00:00,13.622222222222225,13.622222222222225,0.55,11.592,231.0,10.3523,0.0,1013.63
2016-04-18 09:00:00,17.68888888888889,17.68888888888889,0.4,15.7458,230.0,9.982000000000001,0.0,1012.99
2016-04-18 10:00:00,19.90555555555555,19.90555555555555,0.35,22.073100000000004,232.0,9.982000000000001,0.0,1012.67
2016-04-18 11:00:00,20.04444444444444,20.04444444444444,0.35,22.974700000000002,213.0,10.3523,0.0,1012.26
2016-04-18 12:00:00,22.194444444444443,22.194444444444443,0.33,25.4863,243.0,9.982000000000001,0.0,1011.47
2016-04-18 13:00:00,22.266666666666666,22.266666666666666,0.3,25.4058,302.0,9.982000000000001,0.0,1010.8
2016-04-18 14:00:00,21.255555555555556,21.255555555555556,0.35,26.9997,322.0,10.4006,0.0,1015.74
2016-04-18 15:00:00,20.99444444444445,20.99444444444445,0.39,28.9317,329.0,10.0464,0.0,1019.77
2016-04-18 16:00:00,18.905555555555555,18.905555555555555,0.43,29.3664,302.0,11.270000000000001,0.0,1019.59
2016-04-18 17:00:00,17.933333333333334,17.933333333333334,0.49,34.0998,320.0,11.398800000000001,0.0,1003.5
2016-04-18 18:00:00,13.955555555555556,13.955555555555556,0.45,33.6168,311.0,9.982000000000001,0.0,1003.67
2016-04-18 19:00:00,12.822222222222221,12.822222222222221,0.38,28.7063,311.0,9.982000000000001,0.0,1013.8
2016-04-18 20:00:00,12.966666666666669,12.966666666666669,0.39,25.8566,321.0,10.3523,0.0,1014.6
2016-04-18 21:00:00,12.200000000000001,12.200000000000001,0.41,22.024800000000003,329.0,9.982000000000001,0.0,1015.5
2016-04-18 22:00:00,11.105555555555558,11.105555555555558,0.43,20.5275,330.0,15.826300000000002,0.0,1016.21
2016-04-18 23:00:00,10.58888888888889,10.58888888888889,0.49,14.312900000000003,1.0,15.3111,0.0,1017.24
2016-04-19 00:00:00,9.005555555555556,6.383333333333335,0.6,17.6456,348.0,15.826300000000002,0.0,1017.59
2016-04-19 01:00:00,8.955555555555556,7.083333333333333,0.51,11.8657,339.0,15.826300000000002,0.0,1018.12
2016-04-19 02:00:00,5.744444444444446,5.744444444444446,0.59,4.459700000000001,206.0,15.3111,0.0,1018.23
2016-04-19 03:00:00,6.25,3.888888888888889,0.59,11.414900000000001,328.0,9.982000000000001,0.0,1019.35
2016-04-19 04:00:00,5.188888888888891,3.8222222222222237,0.64,6.4078,317.0,15.826300000000002,0.0,1020.08
2016-04-19 05:00:00,3.1555555555555554,0.36666666666666475,0.71,10.448900000000002,275.0,15.3111,0.0,1020.74
2016-04-19 06:00:00,3.0388888888888883,0.7833333333333314,0.75,8.227100000000002,292.0,9.982000000000001,0.0,1020.86
2016-04-19 07:00:00,5.011111111111113,3.988888888888889,0.75,5.313,284.0,9.982000000000001,0.0,1021.27
2016-04-19 08:00:00,7.711111111111112,5.56111111111111,0.6,11.9623,319.0,10.3523,0.0,1021.64
2016-04-19 09:00:00,11.161111111111113,11.161111111111113,0.43,12.960500000000001,330.0,9.982000000000001,0.0,1021.38
2016-04-19 10:00:00,12.266666666666666,12.266666666666666,0.37,11.4471,322.0,9.982000000000001,0.0,1021.36
2016-04-19 11:00:00,12.883333333333333,12.883333333333333,0.38,9.8049,4.0,10.3523,0.0,1021.53
2016-04-19 12:00:00,13.961111111111112,13.961111111111112,0.31,12.2682,337.0,9.982000000000001,0.0,1020.86
2016-04-19 13:00:00,15.072222222222223,15.072222222222223,0.25,11.3666,316.0,9.982000000000001,0.0,1020.37
2016-04-19 14:00:00,15.18333333333333,15.18333333333333,0.27,8.8389,332.0,10.3523,0.0,1020.11
2016-04-19 15:00:00,16.16111111111111,16.16111111111111,0.28,8.8711,354.0,9.982000000000001,0.0,1019.46
2016-04-19 16:00:00,16.11111111111111,16.11111111111111,0.27,11.4471,292.0,9.982000000000001,0.0,1018.85
2016-04-19 17:00:00,16.12777777777778,16.12777777777778,0.28,11.6081,310.0,10.3523,0.0,1018.66
2016-04-19 18:00:00,14.044444444444444,14.044444444444444,0.29,14.1036,300.0,9.982000000000001,0.0,1018.53
2016-04-19 19:00:00,12.427777777777777,12.427777777777777,0.36,8.0983,298.0,9.982000000000001,0.0,1018.42
2016-04-19 20:00:00,9.583333333333334,9.583333333333334,0.43,2.3989000000000003,273.0,10.3523,0.0,1018.77
2016-04-19 21:00:00,6.300000000000002,6.300000000000002,0.55,3.1878,268.0,9.982000000000001,0.0,1019.13
2016-04-19 22:00:00,6.1388888888888875,6.1388888888888875,0.62,3.3166,174.0,15.826300000000002,0.0,1018.94
2016-04-19 23:00:00,4.105555555555556,4.105555555555556,0.69,3.3810000000000002,224.0,14.9569,0.0,1019.13
2016-04-20 00:00:00,4.944444444444444,3.5277777777777786,0.62,6.44,211.0,15.826300000000002,0.0,1018.83
2016-04-20 01:00:00,4.938888888888889,3.5666666666666678,0.62,6.3112,201.0,15.826300000000002,0.0,1018.53
2016-04-20 02:00:00,6.294444444444443,6.294444444444443,0.65,2.8658,297.0,14.9569,0.0,1017.49
2016-04-20 03:00:00,3.8055555555555562,2.244444444444444,0.64,6.3434,173.0,15.826300000000002,0.0,1017.73
2016-04-20 04:00:00,3.711111111111111,2.1722222222222203,0.63,6.262900000000001,173.0,15.826300000000002,0.0,1017.73
2016-04-20 05:00:00,3.505555555555557,1.988888888888888,0.7,6.1019000000000005,185.0,14.9569,0.0,1017.65
2016-04-20 06:00:00,2.716666666666667,0.5388888888888883,0.7,7.760200000000001,163.0,9.982000000000001,0.0,1017.33
2016-04-20 07:00:00,5.938888888888887,4.305555555555555,0.65,7.776300000000001,172.0,9.982000000000001,0.0,1017.78
2016-04-20 08:00:00,10.716666666666665,10.716666666666665,0.53,9.66,190.0,9.982000000000001,0.0,1017.37
2016-04-20 09:00:00,13.894444444444442,13.894444444444442,0.42,16.0034,222.0,9.982000000000001,0.0,1016.91
2016-04-20 10:00:00,16.16111111111111,16.16111111111111,0.36,16.325400000000002,240.0,9.982000000000001,0.0,1016.82
2016-04-20 11:00:00,17.255555555555556,17.255555555555556,0.37,17.0821,238.0,10.3523,0.0,1016.78
2016-04-20 12:00:00,18.96111111111111,18.96111111111111,0.3,15.955100000000002,243.0,9.982000000000001,0.0,1016.31
2016-04-20 13:00:00,19.050000000000004,19.050000000000004,0.33,17.581200000000003,291.0,9.982000000000001,0.0,1015.82
2016-04-20 14:00:00,20.966666666666665,20.966666666666665,0.31,9.66,280.0,10.3523,0.0,1015.59
2016-04-20 15:00:00,21.15555555555555,21.15555555555555,0.3,14.651,263.0,9.982000000000001,0.0,1014.83
2016-04-20 16:00:00,21.15555555555555,21.15555555555555,0.29,20.769000000000002,282.0,9.982000000000001,0.0,1014.43
2016-04-20 17:00:00,21.233333333333334,21.233333333333334,0.3,11.7047,307.0,10.3523,0.0,1014.28
2016-04-20 18:00:00,20.08888888888889,20.08888888888889,0.24,18.2252,310.0,9.982000000000001,0.0,1014.15
2016-04-20 19:00:00,17.4,17.4,0.34,13.0571,330.0,9.982000000000001,0.0,1014.44
2016-04-20 20:00:00,14.494444444444447,14.494444444444447,0.41,8.9999,346.0,10.3523,0.0,1015.0
2016-04-20 21:00:00,12.894444444444446,12.894444444444446,0.45,8.05,349.0,9.982000000000001,0.0,1015.55
2016-04-20 22:00:00,12.783333333333331,12.783333333333331,0.43,6.359500000000001,347.0,15.826300000000002,0.0,1015.96
2016-04-20 23:00:00,11.666666666666666,11.666666666666666,0.48,6.423900000000001,347.0,14.9569,0.0,1016.33
2016-04-21 00:00:00,8.61111111111111,8.61111111111111,0.62,3.6386,328.0,15.826300000000002,0.0,1016.74
2016-04-21 01:00:00,7.455555555555557,6.394444444444443,0.66,6.5849,347.0,15.826300000000002,0.0,1017.06
2016-04-21 02:00:00,5.5777777777777775,4.749999999999998,0.63,5.0071,321.0,14.9569,0.0,1021.71
2016-04-21 03:00:00,7.277777777777778,5.1944444444444455,0.58,11.0446,330.0,15.826300000000002,0.0,1017.86
2016-04-21 04:00:00,6.761111111111112,4.555555555555557,0.57,11.1734,329.0,15.826300000000002,0.0,1018.0
2016-04-21 05:00:00,6.7444444444444445,4.1166666666666645,0.5,13.620600000000001,347.0,14.9569,0.0,1018.53
2016-04-21 06:00:00,8.866666666666667,6.883333333333334,0.4,12.461400000000001,7.0,9.982000000000001,0.0,1018.99
2016-04-21 07:00:00,7.827777777777779,5.411111111111112,0.43,13.846,31.0,9.982000000000001,0.0,1019.99
2016-04-21 08:00:00,10.016666666666667,10.016666666666667,0.38,14.296800000000003,29.0,10.3523,0.0,1020.76
2016-04-21 09:00:00,11.133333333333333,11.133333333333333,0.38,12.445300000000001,50.0,9.982000000000001,0.0,1021.18
2016-04-21 10:00:00,12.777777777777779,12.777777777777779,0.35,5.1037,15.0,9.982000000000001,0.0,1021.59
2016-04-21 11:00:00,14.049999999999999,14.049999999999999,0.34,3.3971,30.0,15.3111,0.0,1021.78
2016-04-21 12:00:00,14.561111111111112,14.561111111111112,0.29,6.5205,7.0,15.826300000000002,0.0,1021.76
2016-04-21 13:00:00,16.227777777777778,16.227777777777778,0.31,3.8479000000000005,287.0,15.826300000000002,0.0,1021.44
2016-04-21 14:00:00,16.87222222222222,16.87222222222222,0.31,5.618900000000001,340.0,15.3111,0.0,1021.25
2016-04-21 15:00:00,17.31666666666667,17.31666666666667,0.31,11.3505,328.0,15.826300000000002,0.0,1020.36
2016-04-21 16:00:00,17.800000000000004,17.800000000000004,0.3,17.3397,319.0,15.826300000000002,0.0,1019.76
2016-04-21 17:00:00,17.87777777777778,17.87777777777778,0.3,13.9587,311.0,15.3111,0.0,1020.04
2016-04-21 18:00:00,17.266666666666666,17.266666666666666,0.3,11.237800000000002,318.0,15.826300000000002,0.0,1019.66
2016-04-21 19:00:00,15.550000000000002,15.550000000000002,0.36,14.1519,321.0,15.826300000000002,0.0,1019.84
2016-04-21 20:00:00,13.155555555555557,13.155555555555557,0.44,6.488300000000001,318.0,15.3111,0.0,1020.23
2016-04-21 21:00:00,11.116666666666665,11.116666666666665,0.46,6.6493,319.0,15.826300000000002,0.0,1020.85
2016-04-21 22:00:00,7.755555555555556,7.755555555555556,0.6,3.7352,340.0,15.826300000000002,0.0,1021.35
2016-04-21 23:00:00,7.688888888888891,6.0888888888888895,0.59,8.9838,333.0,14.9569,0.0,1021.62
2016-04-22 00:00:00,5.555555555555555,4.322222222222223,0.65,6.1824,338.0,15.826300000000002,0.0,1022.16
2016-04-22 01:00:00,5.927777777777779,4.7111111111111095,0.56,6.295100000000001,338.0,15.826300000000002,0.0,1022.48
2016-04-22 02:00:00,2.627777777777776,2.627777777777776,0.66,4.5724,108.0,14.9569,0.0,1026.4
2016-04-22 03:00:00,2.8277777777777797,1.0944444444444439,0.73,6.423900000000001,274.0,15.826300000000002,0.0,1022.76
2016-04-22 04:00:00,3.311111111111112,3.311111111111112,0.76,3.3488,278.0,15.826300000000002,0.0,1022.69
2016-04-22 05:00:00,4.022222222222223,2.566666666666665,0.7,6.1341,290.0,14.9569,0.0,1022.82
2016-04-22 06:00:00,3.177777777777777,1.8000000000000012,0.68,5.570600000000001,296.0,15.826300000000002,0.0,1023.42
2016-04-22 07:00:00,3.544444444444446,1.8944444444444426,0.69,6.488300000000001,316.0,15.826300000000002,0.0,1023.89
2016-04-22 08:00:00,8.15,6.177777777777776,0.52,11.431000000000001,343.0,14.9569,0.0,1024.24
2016-04-22 09:00:00,10.65,10.65,0.47,11.559800000000001,14.0,15.826300000000002,0.0,1024.4
2016-04-22 10:00:00,12.316666666666668,12.316666666666668,0.4,14.4739,32.0,15.826300000000002,0.0,1025.0
2016-04-22 11:00:00,14.594444444444447,14.594444444444447,0.37,14.1519,33.0,15.3111,0.0,1025.43
2016-04-22 12:00:00,15.622222222222222,15.622222222222222,0.28,11.253900000000002,12.0,15.826300000000002,0.0,1025.31
2016-04-22 13:00:00,16.755555555555553,16.755555555555553,0.3,10.706500000000002,13.0,15.826300000000002,0.0,1025.37
2016-04-22 14:00:00,17.45555555555556,17.45555555555556,0.25,14.812,9.0,15.3111,0.0,1025.2
2016-04-22 15:00:00,17.84444444444445,17.84444444444445,0.24,13.781600000000001,12.0,15.826300000000002,0.0,1025.05
2016-04-22 16:00:00,17.866666666666664,17.866666666666664,0.26,14.1358,12.0,15.826300000000002,0.0,1024.85
2016-04-22 17:00:00,17.933333333333334,17.933333333333334,0.24,11.286100000000001,26.0,15.3111,0.0,1024.72
2016-04-22 18:00:00,16.822222222222223,16.822222222222223,0.23,14.0875,31.0,15.826300000000002,0.0,1024.85
2016-04-22 19:00:00,15.66111111111111,15.66111111111111,0.25,10.7548,32.0,15.826300000000002,0.0,1025.04
2016-04-22 20:00:00,12.555555555555555,12.555555555555555,0.34,10.5455,39.0,15.3111,0.0,1025.77
2016-04-22 21:00:00,10.511111111111113,10.511111111111113,0.35,10.5616,53.0,15.826300000000002,0.0,1026.24
2016-04-22 22:00:00,8.794444444444444,8.11111111111111,0.38,5.9731000000000005,75.0,15.826300000000002,0.0,1026.63
2016-04-22 23:00:00,5.966666666666668,4.877777777777778,0.49,5.9087000000000005,75.0,14.9569,0.0,1026.88
2016-04-23 00:00:00,3.0055555555555538,3.0055555555555538,0.63,3.1395,123.0,15.826300000000002,0.0,1027.13
2016-04-23 01:00:00,4.000000000000002,4.000000000000002,0.66,3.3488,138.0,15.826300000000002,0.0,1027.15
2016-04-23 02:00:00,5.7055555555555575,5.7055555555555575,0.69,2.1574000000000004,185.0,14.9569,0.0,1022.01
2016-04-23 03:00:00,0.7111111111111117,0.7111111111111117,0.74,2.8014,270.0,15.826300000000002,0.0,1027.25
2016-04-23 04:00:00,0.1388888888888889,0.1388888888888889,0.74,2.8658,322.0,15.826300000000002,0.0,1027.17
2016-04-23 05:00:00,1.4000000000000017,1.4000000000000017,0.69,2.9141000000000004,343.0,14.9569,0.0,1026.98
2016-04-23 06:00:00,0.5333333333333338,0.5333333333333338,0.75,1.9964000000000002,335.0,15.826300000000002,0.0,1027.17
2016-04-23 07:00:00,4.800000000000001,4.800000000000001,0.65,4.524100000000001,51.0,9.982000000000001,0.0,1027.36
2016-04-23 08:00:00,11.67222222222222,11.67222222222222,0.3,10.867500000000001,100.0,9.982000000000001,0.0,1026.96
2016-04-23 09:00:00,13.961111111111112,13.961111111111112,0.29,9.3702,130.0,9.982000000000001,0.0,1026.45
2016-04-23 10:00:00,16.16111111111111,16.16111111111111,0.27,12.558,132.0,9.982000000000001,0.0,1026.35
2016-04-23 11:00:00,17.666666666666668,17.666666666666668,0.27,12.88,137.0,10.3523,0.0,1026.27
2016-04-23 12:00:00,18.96111111111111,18.96111111111111,0.19,12.88,120.0,9.982000000000001,0.0,1025.73
2016-04-23 13:00:00,20.07222222222222,20.07222222222222,0.17,2.8014,310.0,9.982000000000001,0.0,1025.13
2016-04-23 14:00:00,20.12222222222222,20.12222222222222,0.2,8.0661,125.0,10.3523,0.0,1024.52
2016-04-23 15:00:00,21.227777777777774,21.227777777777774,0.23,4.4436,87.0,9.982000000000001,0.0,1023.61
2016-04-23 16:00:00,21.20555555555556,21.20555555555556,0.15,5.2969,128.0,9.982000000000001,0.0,1022.73
2016-04-23 17:00:00,21.244444444444444,21.244444444444444,0.15,2.5921000000000003,198.0,10.3523,0.0,1022.38
2016-04-23 18:00:00,20.161111111111115,20.161111111111115,0.18,3.6708,172.0,9.982000000000001,0.0,1021.7
2016-04-23 19:00:00,17.983333333333334,17.983333333333334,0.25,3.0912,161.0,9.982000000000001,0.0,1021.49
2016-04-23 20:00:00,15.38888888888889,15.38888888888889,0.27,2.9946,116.0,10.3523,0.0,1021.5
2016-04-23 21:00:00,9.166666666666666,9.166666666666666,0.48,0.5152,160.0,9.982000000000001,0.0,1021.9
2016-04-23 22:00:00,9.472222222222221,8.75,0.62,6.488300000000001,123.0,15.826300000000002,0.0,1021.25
2016-04-23 23:00:00,6.961111111111112,6.961111111111112,0.64,2.8497000000000003,181.0,15.3111,0.0,1021.43
2016-04-24 00:00:00,7.205555555555555,7.205555555555555,0.63,3.1556,153.0,15.826300000000002,0.0,1020.95
2016-04-24 01:00:00,4.588888888888888,4.588888888888888,0.69,3.2039,211.0,15.826300000000002,0.0,1021.24
2016-04-24 02:00:00,10.033333333333335,10.033333333333335,0.77,5.5867,329.0,15.3111,0.0,1017.52
2016-04-24 03:00:00,4.083333333333334,4.083333333333334,0.71,2.9141000000000004,203.0,15.826300000000002,0.0,1020.63
2016-04-24 04:00:00,3.0166666666666666,3.0166666666666666,0.77,3.1878,200.0,15.826300000000002,0.0,1020.34
2016-04-24 05:00:00,4.8388888888888895,3.5999999999999983,0.77,5.8765,172.0,15.3111,0.0,1019.98
2016-04-24 06:00:00,5.072222222222224,5.072222222222224,0.65,4.6690000000000005,181.0,9.982000000000001,0.0,1019.55
2016-04-24 07:00:00,9.899999999999999,9.899999999999999,0.6,4.6368,188.0,9.982000000000001,0.0,1019.72
2016-04-24 08:00:00,14.377777777777778,14.377777777777778,0.4,9.177000000000001,183.0,11.398800000000001,0.0,1019.62
2016-04-24 09:00:00,14.144444444444446,14.144444444444446,0.46,8.0822,258.0,8.1305,0.0,1019.29
2016-04-24 10:00:00,13.261111111111111,13.261111111111111,0.61,3.5259,252.0,11.2056,0.0,1018.91
2016-04-24 11:00:00,14.188888888888888,14.188888888888888,0.62,8.372000000000002,211.0,11.398800000000001,0.0,1019.03
2016-04-24 12:00:00,16.57222222222222,16.57222222222222,0.56,7.615300000000001,52.0,11.2056,0.0,1018.38
2016-04-24 13:00:00,21.32222222222222,21.32222222222222,0.32,12.7673,213.0,9.982000000000001,0.0,1017.53
2016-04-24 14:00:00,22.11111111111111,22.11111111111111,0.29,16.1322,217.0,10.3523,0.0,1017.5
2016-04-24 15:00:00,22.82222222222222,22.82222222222222,0.27,13.620600000000001,232.0,9.982000000000001,0.0,1016.92
2016-04-24 16:00:00,22.194444444444443,22.194444444444443,0.33,13.8299,250.0,9.982000000000001,0.0,1016.36
2016-04-24 17:00:00,22.36111111111111,22.36111111111111,0.37,10.948,255.0,11.398800000000001,0.0,1015.82
2016-04-24 18:00:00,19.022222222222222,19.022222222222222,0.43,12.2682,220.0,9.9015,0.0,1015.64
2016-04-24 19:00:00,17.15,17.15,0.59,2.1574000000000004,118.0,9.982000000000001,0.0,1015.64
2016-04-24 20:00:00,17.294444444444444,17.294444444444444,0.49,20.93,353.0,11.4471,0.0,1016.07
2016-04-24 21:00:00,15.961111111111109,15.961111111111109,0.58,12.558,18.0,11.2056,0.0,1017.04
2016-04-24 22:00:00,14.833333333333334,14.833333333333334,0.63,16.4059,37.0,11.2056,0.0,1017.8
2016-04-24 23:00:00,13.916666666666664,13.916666666666664,0.74,7.1645,334.0,14.9569,0.0,1017.42
2016-04-25 00:00:00,12.655555555555557,12.655555555555557,0.75,3.3005,337.0,15.826300000000002,0.0,1017.36
2016-04-25 01:00:00,11.477777777777776,11.477777777777776,0.81,3.3649,329.0,15.826300000000002,0.0,1017.12
2016-04-25 02:00:00,9.97777777777778,8.472222222222221,0.83,10.9158,0.0,14.9569,0.0,1020.72
2016-04-25 03:00:00,7.827777777777779,7.827777777777779,0.86,3.7191000000000005,308.0,14.812,0.0,1016.48
2016-04-25 04:00:00,7.755555555555556,5.799999999999999,0.89,10.8997,350.0,14.812,0.0,1016.89
2016-04-25 05:00:00,8.261111111111111,7.438888888888889,0.87,6.166300000000001,355.0,11.6081,0.0,1016.85
2016-04-25 06:00:00,6.25,4.627777777777776,0.87,7.9373000000000005,352.0,5.1359,0.0,1016.9
2016-04-25 07:00:00,9.933333333333334,9.677777777777779,0.93,5.0393,20.0,9.9015,0.0,1017.19
2016-04-25 08:00:00,12.149999999999999,12.149999999999999,0.76,12.4131,31.0,9.982000000000001,0.0,1017.27
2016-04-25 09:00:00,12.933333333333334,12.933333333333334,0.72,11.270000000000001,42.0,11.2056,0.0,1017.6
2016-04-25 10:00:00,13.988888888888889,13.988888888888889,0.67,22.4595,50.0,11.270000000000001,0.0,0.0
2016-04-25 11:00:00,13.633333333333333,13.633333333333333,0.67,17.549000000000003,67.0,11.0768,0.0,1018.44
2016-04-25 12:00:00,12.977777777777778,12.977777777777778,0.76,11.592,22.0,11.270000000000001,0.0,1018.66
2016-04-25 13:00:00,16.288888888888888,16.288888888888888,0.57,14.7798,40.0,11.270000000000001,0.0,1018.59
2016-04-25 14:00:00,17.344444444444445,17.344444444444445,0.53,22.314600000000002,59.0,11.398800000000001,0.0,1018.35
2016-04-25 15:00:00,17.866666666666664,17.866666666666664,0.5,20.736800000000002,68.0,11.2056,0.0,1018.06
2016-04-25 16:00:00,17.866666666666664,17.866666666666664,0.51,16.4059,60.0,11.2056,0.0,1017.98
2016-04-25 17:00:00,16.58888888888889,16.58888888888889,0.59,16.5508,59.0,11.398800000000001,0.0,1018.34
2016-04-25 18:00:00,15.127777777777775,15.127777777777775,0.66,10.110800000000001,42.0,9.982000000000001,0.0,1018.27
2016-04-25 19:00:00,14.161111111111113,14.161111111111113,0.7,11.125100000000002,22.0,9.982000000000001,0.0,1018.75
2016-04-25 20:00:00,14.155555555555553,14.155555555555553,0.69,7.985600000000001,48.0,10.3523,0.0,1019.22
2016-04-25 21:00:00,12.750000000000002,12.750000000000002,0.76,5.0071,38.0,9.982000000000001,0.0,1020.15
2016-04-25 22:00:00,11.638888888888891,11.638888888888891,0.8,6.6332,32.0,15.826300000000002,0.0,1020.48
2016-04-25 23:00:00,10.861111111111109,10.861111111111109,0.85,7.438200000000001,58.0,14.9569,0.0,1020.98
2016-04-26 00:00:00,12.47777777777778,12.47777777777778,0.78,10.770900000000001,118.0,11.2056,0.0,1021.04
2016-04-26 01:00:00,12.122222222222222,12.122222222222222,0.75,10.8997,80.0,15.826300000000002,0.0,1021.0
2016-04-26 02:00:00,8.694444444444445,8.694444444444445,0.84,2.5116,118.0,14.0875,0.0,1024.14
2016-04-26 03:00:00,7.76111111111111,7.76111111111111,0.89,3.3005,27.0,9.982000000000001,0.0,1021.5
2016-04-26 04:00:00,6.688888888888888,5.5277777777777795,0.89,6.5205,30.0,14.9086,0.0,1022.1
2016-04-26 05:00:00,7.883333333333332,7.883333333333332,0.9,4.4275,64.0,14.168000000000003,0.0,1022.47
2016-04-26 06:00:00,5.122222222222222,3.7666666666666675,0.87,6.3434,36.0,4.2021,0.0,1022.95
2016-04-26 07:00:00,7.8500000000000005,7.8500000000000005,0.89,4.508,85.0,5.216400000000001,0.0,1023.25
2016-04-26 08:00:00,13.627777777777778,13.627777777777778,0.69,8.1144,142.0,9.982000000000001,0.0,1023.52
2016-04-26 09:00:00,16.11111111111111,16.11111111111111,0.56,10.8031,158.0,9.982000000000001,0.0,1023.83
2016-04-26 10:00:00,17.33888888888889,17.33888888888889,0.47,11.109000000000002,179.0,9.982000000000001,0.0,1023.25
2016-04-26 11:00:00,19.055555555555557,19.055555555555557,0.38,10.0947,146.0,9.982000000000001,0.0,1024.29
2016-04-26 12:00:00,19.050000000000004,19.050000000000004,0.39,7.969500000000001,171.0,9.982000000000001,0.0,1024.12
2016-04-26 13:00:00,21.18333333333333,21.18333333333333,0.32,8.8067,120.0,9.982000000000001,0.0,1023.97
2016-04-26 14:00:00,22.08888888888889,22.08888888888889,0.34,13.1537,119.0,10.3523,0.0,1023.53
2016-04-26 15:00:00,22.338888888888885,22.338888888888885,0.33,8.9516,55.0,9.982000000000001,0.0,1023.03
2016-04-26 16:00:00,22.333333333333332,22.333333333333332,0.33,5.2969,105.0,9.982000000000001,0.0,1022.78
2016-04-26 17:00:00,22.16111111111111,22.16111111111111,0.3,6.295100000000001,103.0,11.398800000000001,0.0,1022.55
2016-04-26 18:00:00,19.038888888888884,19.038888888888884,0.43,21.9121,109.0,11.2056,0.0,1022.25
2016-04-26 19:00:00,14.344444444444443,14.344444444444443,0.7,20.6724,54.0,8.1305,0.0,1023.0
2016-04-26 20:00:00,13.622222222222225,13.622222222222225,0.72,10.8192,276.0,11.0768,0.0,1023.57
2016-04-26 21:00:00,12.349999999999998,12.349999999999998,0.74,1.6744,269.0,10.0464,0.0,1023.7
2016-04-26 22:00:00,11.288888888888888,11.288888888888888,0.79,2.9141000000000004,347.0,9.982000000000001,0.0,1022.97
2016-04-26 23:00:00,10.655555555555557,10.655555555555557,0.79,5.6833,121.0,14.168000000000003,0.0,1024.08
2016-04-27 00:00:00,9.594444444444447,8.95,0.85,6.262900000000001,141.0,14.9086,0.0,1024.15
2016-04-27 01:00:00,9.488888888888887,9.488888888888887,0.83,3.0429,128.0,14.9086,0.0,1024.62
2016-04-27 02:00:00,7.705555555555555,7.222222222222222,0.76,4.8461,340.0,14.9569,0.0,1022.77
2016-04-27 03:00:00,6.822222222222223,5.605555555555558,0.86,6.7942,169.0,14.812,0.0,1024.74
2016-04-27 04:00:00,7.249999999999998,6.238888888888887,0.89,6.279,160.0,8.05,0.0,1024.66
2016-04-27 05:00:00,6.144444444444446,6.144444444444446,0.89,3.0268,142.0,5.7799000000000005,0.0,1024.86
2016-04-27 06:00:00,6.227777777777778,6.227777777777778,0.93,4.6851,122.0,7.905100000000001,0.0,1025.04
2016-04-27 07:00:00,8.916666666666664,8.916666666666664,0.92,3.1717,148.0,9.8049,0.0,1025.47
2016-04-27 08:00:00,12.488888888888887,12.488888888888887,0.73,3.9284000000000003,133.0,9.982000000000001,0.0,1025.67
2016-04-27 09:00:00,15.127777777777775,15.127777777777775,0.55,9.7405,182.0,9.982000000000001,0.0,1025.85
2016-04-27 10:00:00,19.00555555555555,19.00555555555555,0.42,7.921200000000001,182.0,9.982000000000001,0.0,1024.63
2016-04-27 11:00:00,20.04444444444444,20.04444444444444,0.34,10.7387,212.0,10.3523,0.0,1025.54
2016-04-27 12:00:00,21.188888888888886,21.188888888888886,0.32,3.0912,25.0,9.982000000000001,0.0,1025.32
2016-04-27 13:00:00,22.31666666666667,22.31666666666667,0.28,6.923,176.0,9.982000000000001,0.0,1024.98
2016-04-27 14:00:00,22.17777777777778,22.17777777777778,0.27,4.8461,104.0,10.3523,0.0,1024.46
2016-04-27 15:00:00,22.82777777777778,22.82777777777778,0.29,9.1448,133.0,9.982000000000001,0.0,1022.6
2016-04-27 16:00:00,22.82777777777778,22.82777777777778,0.26,4.4758,73.0,9.982000000000001,0.0,1023.23
2016-04-27 17:00:00,22.37777777777778,22.37777777777778,0.27,8.8228,143.0,10.3523,0.0,1022.97
2016-04-27 18:00:00,22.299999999999997,22.299999999999997,0.37,0.5152,130.0,9.982000000000001,0.0,1020.9
2016-04-27 19:00:00,21.11111111111111,21.11111111111111,0.26,1.9964000000000002,202.0,9.982000000000001,0.0,1021.93
2016-04-27 20:00:00,14.927777777777777,14.927777777777777,0.5,3.1073,258.0,10.3523,0.0,1022.32
2016-04-27 21:00:00,12.916666666666666,12.916666666666666,0.55,4.781700000000001,277.0,9.982000000000001,0.0,1021.76
2016-04-27 22:00:00,11.81666666666667,11.81666666666667,0.65,6.262900000000001,270.0,15.826300000000002,0.0,1022.64
2016-04-27 23:00:00,10.394444444444446,10.394444444444446,0.66,3.7191000000000005,282.0,14.9569,0.0,1022.6
2016-04-28 00:00:00,9.088888888888889,9.088888888888889,0.7,3.0268,239.0,9.982000000000001,0.0,1022.05
2016-04-28 01:00:00,7.977777777777778,7.977777777777778,0.75,3.5742000000000007,251.0,15.826300000000002,0.0,1022.48
2016-04-28 02:00:00,11.644444444444446,11.644444444444446,0.57,7.1323,287.0,14.9569,0.0,1016.81
2016-04-28 03:00:00,7.933333333333334,7.405555555555555,0.67,5.055400000000001,297.0,9.982000000000001,0.0,1022.7
2016-04-28 04:00:00,7.355555555555558,7.355555555555558,0.7,3.3327,297.0,9.982000000000001,0.0,1021.5
2016-04-28 05:00:00,9.566666666666666,8.844444444444445,0.59,6.5366,310.0,14.9569,0.0,1021.88
2016-04-28 06:00:00,8.055555555555555,7.522222222222221,0.63,5.119800000000001,310.0,9.982000000000001,0.0,0.0
2016-04-28 07:00:00,11.288888888888888,11.288888888888888,0.61,8.3076,302.0,9.982000000000001,0.0,0.0
2016-04-28 08:00:00,16.094444444444445,16.094444444444445,0.5,9.6117,300.0,9.982000000000001,0.0,1021.9
2016-04-28 09:00:00,19.95,19.95,0.37,17.549000000000003,300.0,9.982000000000001,0.0,0.0
2016-04-28 10:00:00,22.12222222222222,22.12222222222222,0.33,16.1644,310.0,9.982000000000001,0.0,0.0
2016-04-28 11:00:00,23.555555555555557,23.555555555555557,0.29,12.992700000000001,317.0,10.3523,0.0,1021.22
2016-04-28 12:00:00,23.761111111111106,23.761111111111106,0.27,15.987300000000001,328.0,9.982000000000001,0.0,0.0
2016-04-28 13:00:00,23.93888888888889,23.93888888888889,0.24,14.6027,317.0,9.982000000000001,0.0,0.0
2016-04-28 14:00:00,24.105555555555554,24.105555555555554,0.25,11.511500000000002,337.0,10.3523,0.0,1019.69
2016-04-28 15:00:00,23.511111111111106,23.511111111111106,0.28,17.5329,341.0,15.826300000000002,0.0,1018.84
2016-04-28 16:00:00,23.005555555555553,23.005555555555553,0.27,14.570500000000003,309.0,9.982000000000001,0.0,1018.14
2016-04-28 17:00:00,22.68888888888889,22.68888888888889,0.29,12.6385,308.0,10.577700000000002,0.0,1017.72
2016-04-28 18:00:00,21.405555555555555,21.405555555555555,0.37,8.1949,272.0,9.982000000000001,0.0,1017.12
2016-04-28 19:00:00,19.27777777777778,19.27777777777778,0.42,9.2575,270.0,9.982000000000001,0.0,1016.83
2016-04-28 20:00:00,16.22222222222222,16.22222222222222,0.47,10.5455,273.0,10.3523,0.0,1016.86
2016-04-28 21:00:00,14.288888888888888,14.288888888888888,0.54,9.7405,270.0,9.982000000000001,0.0,1017.04
2016-04-28 22:00:00,14.038888888888891,14.038888888888891,0.51,6.810300000000001,270.0,15.826300000000002,0.0,1016.87
2016-04-28 23:00:00,12.505555555555553,12.505555555555553,0.56,10.7387,271.0,15.3111,0.0,1016.81
2016-04-29 00:00:00,11.31111111111111,11.31111111111111,0.58,3.6547,245.0,15.826300000000002,0.0,1016.47
2016-04-29 01:00:00,11.244444444444447,11.244444444444447,0.56,6.7298,263.0,15.826300000000002,0.0,1016.37
2016-04-29 02:00:00,10.577777777777776,10.577777777777776,0.63,9.2575,10.0,14.9569,0.0,1014.29
2016-04-29 03:00:00,12.149999999999999,12.149999999999999,0.57,6.810300000000001,290.0,15.826300000000002,0.0,1015.17
2016-04-29 04:00:00,12.07777777777778,12.07777777777778,0.55,11.398800000000001,299.0,15.826300000000002,0.0,1014.67
2016-04-29 05:00:00,11.300000000000002,11.300000000000002,0.58,7.631400000000001,272.0,15.262800000000002,0.0,1014.21
2016-04-29 06:00:00,10.966666666666669,10.966666666666669,0.61,9.837100000000001,271.0,9.982000000000001,0.0,1013.98
2016-04-29 07:00:00,12.588888888888887,12.588888888888887,0.59,10.0142,281.0,9.982000000000001,0.0,1013.77
2016-04-29 08:00:00,16.916666666666668,16.916666666666668,0.49,13.234200000000001,288.0,9.982000000000001,0.0,1013.6
2016-04-29 09:00:00,20.97222222222222,20.97222222222222,0.38,20.2055,290.0,9.982000000000001,0.0,1013.05
2016-04-29 10:00:00,22.733333333333334,22.733333333333334,0.3,20.2055,280.0,9.982000000000001,0.0,1012.75
2016-04-29 11:00:00,23.905555555555555,23.905555555555555,0.29,19.9479,282.0,10.3523,0.0,1012.39
2016-04-29 12:00:00,25.09444444444445,25.09444444444445,0.26,15.794100000000002,271.0,9.982000000000001,0.0,1011.55
2016-04-29 13:00:00,24.95,24.95,0.28,13.0088,284.0,9.982000000000001,0.0,1011.16
2016-04-29 14:00:00,24.97222222222222,24.97222222222222,0.22,13.524000000000001,295.0,10.3523,0.0,1010.63
2016-04-29 15:00:00,24.0,24.0,0.29,14.2807,58.0,9.982000000000001,0.0,1009.89
2016-04-29 16:00:00,22.283333333333335,22.283333333333335,0.38,22.282400000000003,32.0,10.0464,0.0,1009.99
2016-04-29 17:00:00,21.383333333333333,21.383333333333333,0.44,20.93,48.0,10.4006,0.0,1009.95
2016-04-29 18:00:00,18.922222222222224,18.922222222222224,0.47,26.758200000000002,30.0,10.0464,0.0,1010.51
2016-04-29 19:00:00,17.27777777777778,17.27777777777778,0.54,21.429100000000002,30.0,11.2056,0.0,1010.8
2016-04-29 20:00:00,14.43888888888889,14.43888888888889,0.66,14.5222,42.0,10.3523,0.0,1011.94
2016-04-29 21:00:00,12.86111111111111,12.86111111111111,0.69,12.5419,31.0,9.982000000000001,0.0,1012.51
2016-04-29 22:00:00,13.261111111111111,13.261111111111111,0.65,10.9158,11.0,15.826300000000002,0.0,1013.29
2016-04-29 23:00:00,12.249999999999998,12.249999999999998,0.66,11.398800000000001,16.0,9.982000000000001,0.0,1013.15
2016-04-30 00:00:00,11.016666666666666,11.016666666666666,0.67,10.948,20.0,15.826300000000002,0.0,1013.31
2016-04-30 01:00:00,9.933333333333334,8.394444444444444,0.67,11.0607,30.0,15.826300000000002,0.0,1013.5
2016-04-30 02:00:00,6.383333333333335,6.383333333333335,0.7,4.314800000000001,333.0,14.9569,0.0,1012.76
2016-04-30 03:00:00,8.816666666666666,7.066666666666666,0.72,10.9641,29.0,15.826300000000002,0.0,1014.09
2016-04-30 04:00:00,7.805555555555554,5.811111111111112,0.71,11.1734,20.0,15.826300000000002,0.0,1014.0
2016-04-30 05:00:00,7.277777777777778,6.061111111111109,0.73,7.0518,12.0,14.9569,0.0,1014.11
2016-04-30 06:00:00,7.716666666666667,6.011111111111111,0.71,9.5312,12.0,9.982000000000001,0.0,1014.19
2016-04-30 07:00:00,9.844444444444443,8.294444444444444,0.62,11.012400000000001,20.0,9.982000000000001,0.0,1014.48
2016-04-30 08:00:00,11.133333333333333,11.133333333333333,0.56,12.9444,30.0,10.3523,0.0,1014.72
2016-04-30 09:00:00,12.822222222222221,12.822222222222221,0.55,14.0875,41.0,9.982000000000001,0.0,1014.67
2016-04-30 10:00:00,15.044444444444443,15.044444444444443,0.5,9.305800000000001,53.0,9.982000000000001,0.0,1014.57
2016-04-30 11:00:00,17.016666666666666,17.016666666666666,0.39,8.2432,34.0,10.3523,0.0,1014.45
2016-04-30 12:00:00,17.77777777777778,17.77777777777778,0.37,7.6636,256.0,9.982000000000001,0.0,1013.86
2016-04-30 13:00:00,18.81666666666667,18.81666666666667,0.33,9.5151,308.0,9.982000000000001,0.0,1013.18
2016-04-30 14:00:00,19.07222222222222,19.07222222222222,0.33,9.0965,295.0,10.3523,0.0,1012.96
2016-04-30 15:00:00,18.983333333333334,18.983333333333334,0.33,12.6385,329.0,9.982000000000001,0.0,1012.14
2016-04-30 16:00:00,17.938888888888894,17.938888888888894,0.36,14.2324,6.0,9.982000000000001,0.0,1011.46
2016-04-30 17:00:00,18.116666666666667,18.116666666666667,0.34,11.0929,0.0,10.3523,0.0,1011.34
2016-04-30 18:00:00,18.93333333333333,18.93333333333333,0.3,7.824600000000001,328.0,9.982000000000001,0.0,1010.84
2016-04-30 19:00:00,16.316666666666666,16.316666666666666,0.36,9.499,356.0,9.982000000000001,0.0,1010.75
2016-04-30 20:00:00,13.58888888888889,13.58888888888889,0.43,3.6064000000000007,355.0,10.3523,0.0,1011.63
2016-04-30 21:00:00,10.394444444444446,10.394444444444446,0.53,3.2683,350.0,9.982000000000001,0.0,1011.95
2016-04-30 22:00:00,8.616666666666665,7.161111111111111,0.62,9.0965,302.0,15.826300000000002,0.0,1012.46
2016-04-30 23:00:00,7.655555555555556,7.655555555555556,0.64,2.8497000000000003,276.0,14.9569,0.0,1012.55
2016-05-01 00:00:00,7.405555555555555,7.405555555555555,0.63,2.3345000000000002,230.0,15.826300000000002,0.0,1012.58
2016-05-01 01:00:00,6.761111111111112,6.761111111111112,0.64,3.0268,341.0,15.826300000000002,0.0,1012.49
2016-05-01 02:00:00,5.86111111111111,3.266666666666668,0.4,12.3004,44.0,14.9569,0.0,1016.87
2016-05-01 03:00:00,6.4111111111111105,4.200000000000001,0.6,10.8031,49.0,15.826300000000002,0.0,1012.31
2016-05-01 04:00:00,5.327777777777779,2.9666666666666686,0.61,10.465,48.0,15.826300000000002,0.0,1012.21
2016-05-01 05:00:00,4.816666666666667,3.4777777777777765,0.62,6.166300000000001,32.0,14.9569,0.0,1012.07
2016-05-01 06:00:00,3.800000000000002,1.3555555555555543,0.65,9.5151,28.0,9.982000000000001,0.0,1012.42
2016-05-01 07:00:00,8.68888888888889,6.849999999999999,0.54,11.3344,10.0,9.982000000000001,0.0,1012.44
2016-05-01 08:00:00,9.549999999999999,7.472222222222224,0.52,14.2002,10.0,15.3111,0.0,1013.01
2016-05-01 09:00:00,12.755555555555556,12.755555555555556,0.45,20.334300000000002,40.0,9.982000000000001,0.0,1012.93
2016-05-01 10:00:00,14.949999999999998,14.949999999999998,0.42,17.243100000000002,40.0,9.982000000000001,0.0,1013.3
2016-05-01 11:00:00,16.11111111111111,16.11111111111111,0.34,15.246700000000002,32.0,10.3523,0.0,1013.42
2016-05-01 12:00:00,16.227777777777778,16.227777777777778,0.33,12.0267,41.0,9.982000000000001,0.0,1013.27
2016-05-01 13:00:00,17.15,17.15,0.31,15.3433,11.0,9.982000000000001,0.0,1012.88
2016-05-01 14:00:00,17.416666666666668,17.416666666666668,0.29,12.4292,7.0,10.3523,0.0,1012.8
2016-05-01 15:00:00,17.288888888888888,17.288888888888888,0.31,12.847800000000001,31.0,9.982000000000001,0.0,1012.84
2016-05-01 16:00:00,17.21111111111111,17.21111111111111,0.31,14.5383,41.0,9.982000000000001,0.0,1012.37
2016-05-01 17:00:00,16.37222222222222,16.37222222222222,0.28,14.3934,42.0,10.3523,0.0,1012.34
2016-05-01 18:00:00,14.066666666666666,14.066666666666666,0.29,20.076700000000002,50.0,9.982000000000001,0.0,1012.48
2016-05-01 19:00:00,12.422222222222222,12.422222222222222,0.27,15.697500000000002,50.0,9.982000000000001,0.0,1013.14
2016-05-01 20:00:00,11.344444444444445,11.344444444444445,0.28,13.9748,49.0,9.982000000000001,0.0,1014.04
2016-05-01 21:00:00,9.394444444444442,7.805555555555554,0.31,10.6743,52.0,15.826300000000002,0.0,1015.05
2016-05-01 22:00:00,7.755555555555556,5.744444444444446,0.35,11.1734,52.0,15.826300000000002,0.0,1015.67
2016-05-01 23:00:00,6.727777777777778,4.533333333333331,0.37,11.0768,48.0,14.9569,0.0,1016.23
2016-05-02 00:00:00,7.083333333333333,4.055555555555554,0.32,17.0821,51.0,15.826300000000002,0.0,1016.89
2016-05-02 01:00:00,6.038888888888888,3.1611111111111097,0.36,14.2646,51.0,15.826300000000002,0.0,1017.28
2016-05-02 02:00:00,6.633333333333332,4.788888888888888,0.39,9.2253,107.0,14.9569,0.0,1017.86
2016-05-02 03:00:00,3.7722222222222217,0.9722222222222222,0.43,11.0768,41.0,15.826300000000002,0.0,1018.09
2016-05-02 04:00:00,1.6666666666666667,-1.4833333333333343,0.52,10.7387,30.0,15.826300000000002,0.0,1018.4
2016-05-02 05:00:00,1.3611111111111127,-2.4777777777777783,0.54,13.7172,27.0,14.9569,0.0,1018.53
2016-05-02 06:00:00,2.061111111111112,-1.0444444444444438,0.51,10.8997,30.0,9.982000000000001,0.0,1019.0
2016-05-02 07:00:00,3.800000000000002,0.47777777777777747,0.45,13.8621,40.0,9.982000000000001,0.0,1019.29
2016-05-02 08:00:00,7.172222222222221,4.372222222222221,0.37,15.504300000000002,38.0,9.982000000000001,0.0,1019.52
2016-05-02 09:00:00,8.955555555555556,6.061111111111109,0.31,20.0928,41.0,9.982000000000001,0.0,1019.78
2016-05-02 10:00:00,11.127777777777778,11.127777777777778,0.27,15.713600000000001,51.0,9.982000000000001,0.0,1020.27
2016-05-02 11:00:00,12.86111111111111,12.86111111111111,0.26,12.5741,66.0,10.3523,0.0,1020.5
2016-05-02 12:00:00,12.838888888888889,12.838888888888889,0.26,11.5759,71.0,9.982000000000001,0.0,1020.27
2016-05-02 13:00:00,14.972222222222221,14.972222222222221,0.2,7.615300000000001,25.0,9.982000000000001,0.0,1020.14
2016-05-02 14:00:00,15.13888888888889,15.13888888888889,0.26,8.903300000000002,336.0,10.3523,0.0,1019.82
2016-05-02 15:00:00,16.15555555555555,16.15555555555555,0.25,8.8228,358.0,9.982000000000001,0.0,1019.52
2016-05-02 16:00:00,16.177777777777777,16.177777777777777,0.19,8.5974,81.0,9.982000000000001,0.0,1019.01
2016-05-02 17:00:00,16.266666666666666,16.266666666666666,0.23,7.357700000000001,51.0,10.3523,0.0,1018.6
2016-05-02 18:00:00,15.155555555555557,15.155555555555557,0.23,4.9266000000000005,54.0,9.982000000000001,0.0,1018.19
2016-05-02 19:00:00,13.027777777777779,13.027777777777779,0.31,5.0876,104.0,9.982000000000001,0.0,1017.9
2016-05-02 20:00:00,11.41111111111111,11.41111111111111,0.3,12.058900000000001,81.0,10.3523,0.0,1018.26
2016-05-02 21:00:00,9.949999999999998,8.68888888888889,0.33,9.434600000000001,101.0,9.982000000000001,0.0,1018.71
2016-05-02 22:00:00,9.333333333333332,7.705555555555555,0.32,10.835300000000002,92.0,15.826300000000002,0.0,1019.12
2016-05-02 23:00:00,9.161111111111113,7.455555555555557,0.34,11.109000000000002,95.0,14.9569,0.0,1018.91
2016-05-03 00:00:00,8.638888888888888,6.883333333333334,0.34,10.7387,120.0,15.826300000000002,0.0,1018.63
2016-05-03 01:00:00,8.077777777777776,6.244444444444445,0.35,10.5616,110.0,15.826300000000002,0.0,1018.15
2016-05-03 02:00:00,10.78888888888889,10.78888888888889,0.74,3.5420000000000007,300.0,11.688600000000001,0.0,1014.51
2016-05-03 03:00:00,7.083333333333333,4.555555555555557,0.36,13.524000000000001,120.0,15.826300000000002,0.0,1017.44
2016-05-03 04:00:00,4.005555555555556,2.5055555555555546,0.5,6.279,111.0,15.826300000000002,0.0,1017.42
2016-05-03 05:00:00,5.894444444444444,2.7111111111111126,0.43,16.067800000000002,116.0,14.9569,0.0,1016.93
2016-05-03 06:00:00,7.127777777777776,4.794444444444446,0.39,12.332600000000001,119.0,9.982000000000001,0.0,1016.44
2016-05-03 07:00:00,8.866666666666667,7.1499999999999995,0.4,10.8031,139.0,9.982000000000001,0.0,1016.23
2016-05-03 08:00:00,10.116666666666667,10.116666666666667,0.42,8.919400000000001,115.0,10.3523,0.0,1016.18
2016-05-03 09:00:00,12.333333333333336,12.333333333333336,0.42,9.7405,100.0,11.2056,0.0,1015.92
2016-05-03 10:00:00,14.972222222222221,14.972222222222221,0.39,12.7512,92.0,9.982000000000001,0.0,1015.62
2016-05-03 11:00:00,17.711111111111112,17.711111111111112,0.31,13.5723,100.0,10.3523,0.0,1015.34
2016-05-03 12:00:00,17.933333333333334,17.933333333333334,0.28,12.960500000000001,110.0,9.982000000000001,0.0,1014.84
2016-05-03 13:00:00,18.977777777777774,18.977777777777774,0.3,12.6385,73.0,9.982000000000001,0.0,1014.33
2016-05-03 14:00:00,20.08888888888889,20.08888888888889,0.28,12.9122,91.0,10.3523,0.0,1013.81
2016-05-03 15:00:00,21.033333333333335,21.033333333333335,0.29,13.524000000000001,53.0,9.982000000000001,0.0,1013.44
2016-05-03 16:00:00,20.061111111111114,20.061111111111114,0.32,12.4131,62.0,9.982000000000001,0.0,1013.04
2016-05-03 17:00:00,20.144444444444446,20.144444444444446,0.31,12.075000000000001,77.0,10.3523,0.0,1012.86
2016-05-03 18:00:00,18.977777777777774,18.977777777777774,0.3,12.558,70.0,9.982000000000001,0.0,1012.63
2016-05-03 19:00:00,17.82222222222222,17.82222222222222,0.33,10.8836,62.0,9.982000000000001,0.0,1012.53
2016-05-03 20:00:00,17.816666666666663,17.816666666666663,0.31,10.867500000000001,76.0,11.398800000000001,0.0,1012.89
2016-05-03 21:00:00,17.17222222222222,17.17222222222222,0.35,4.8783,112.0,11.2056,0.0,1013.26
2016-05-03 22:00:00,15.533333333333335,15.533333333333335,0.4,3.1395,122.0,15.826300000000002,0.0,1013.64
2016-05-03 23:00:00,14.616666666666667,14.616666666666667,0.56,9.9337,95.0,15.3111,0.0,1013.91
2016-05-04 00:00:00,13.866666666666667,13.866666666666667,0.64,3.22,100.0,15.826300000000002,0.0,1014.15
2016-05-04 01:00:00,12.850000000000001,12.850000000000001,0.72,6.1502,350.0,15.826300000000002,0.0,1013.96
2016-05-04 02:00:00,13.383333333333335,13.383333333333335,0.83,11.527600000000001,129.0,15.005200000000002,0.0,1009.58
2016-05-04 03:00:00,11.733333333333333,11.733333333333333,0.77,2.9463000000000004,330.0,14.9569,0.0,1013.55
2016-05-04 04:00:00,11.644444444444446,11.644444444444446,0.78,6.3434,334.0,12.042800000000002,0.0,1013.55
2016-05-04 05:00:00,11.372222222222222,11.372222222222222,0.76,6.3112,15.0,11.688600000000001,0.0,1013.25
2016-05-04 06:00:00,11.183333333333334,11.183333333333334,0.74,6.118,49.0,15.826300000000002,0.0,1013.06
2016-05-04 07:00:00,11.205555555555556,11.205555555555556,0.67,9.434600000000001,31.0,11.2056,0.0,1013.44
2016-05-04 08:00:00,12.855555555555556,12.855555555555556,0.61,9.5312,50.0,11.0285,0.0,1013.39
2016-05-04 09:00:00,12.888888888888891,12.888888888888891,0.59,8.211,69.0,11.2056,0.0,1013.55
2016-05-04 10:00:00,17.07222222222222,17.07222222222222,0.54,8.227100000000002,69.0,9.982000000000001,0.0,1013.15
2016-05-04 11:00:00,18.011111111111113,18.011111111111113,0.54,11.1734,122.0,11.398800000000001,0.0,1013.09
2016-05-04 12:00:00,19.944444444444446,19.944444444444446,0.44,10.4811,174.0,11.2056,0.0,1012.47
2016-05-04 13:00:00,20.016666666666666,20.016666666666666,0.48,14.168000000000003,156.0,11.2056,0.0,1012.26
2016-05-04 14:00:00,20.166666666666668,20.166666666666668,0.52,14.2485,128.0,11.398800000000001,0.0,1012.14
2016-05-04 15:00:00,20.09444444444445,20.09444444444445,0.56,17.3236,109.0,11.2056,0.0,1011.23
2016-05-04 16:00:00,20.09444444444445,20.09444444444445,0.57,14.2485,139.0,11.2056,0.0,1010.72
2016-05-04 17:00:00,19.200000000000003,19.200000000000003,0.59,22.6044,133.0,11.4471,0.0,1010.36
2016-05-04 18:00:00,15.366666666666665,15.366666666666665,0.85,17.1304,119.0,11.2056,0.0,1010.58
2016-05-04 19:00:00,16.25,16.25,0.72,14.570500000000003,141.0,8.1949,0.0,1010.27
2016-05-04 20:00:00,14.372222222222222,14.372222222222222,0.89,9.177000000000001,109.0,5.554500000000001,0.0,1010.32
2016-05-04 21:00:00,14.005555555555556,14.005555555555556,0.83,11.1734,131.0,6.166300000000001,0.0,1010.29
2016-05-04 22:00:00,13.983333333333334,13.983333333333334,0.84,14.1036,130.0,9.8049,0.0,1010.28
2016-05-04 23:00:00,14.116666666666665,14.116666666666665,0.81,14.651,131.0,9.837100000000001,0.0,1009.99
2016-05-05 00:00:00,13.91111111111111,13.91111111111111,0.76,17.0821,129.0,14.812,0.0,1009.58
2016-05-05 01:00:00,13.399999999999999,13.399999999999999,0.83,17.114300000000004,138.0,15.874600000000001,0.0,1009.37
2016-05-05 02:00:00,14.761111111111111,14.761111111111111,0.9,11.3505,110.0,14.6671,0.0,1007.2
2016-05-05 03:00:00,13.377777777777776,13.377777777777776,0.81,17.259200000000003,130.0,15.874600000000001,0.0,1008.01
2016-05-05 04:00:00,13.311111111111112,13.311111111111112,0.81,16.985500000000002,120.0,15.874600000000001,0.0,1007.74
2016-05-05 05:00:00,13.427777777777779,13.427777777777779,0.82,13.1698,130.0,14.876400000000002,0.0,1007.74
2016-05-05 06:00:00,13.311111111111112,13.311111111111112,0.84,6.327300000000001,164.0,4.1216,0.0,1008.1
2016-05-05 07:00:00,13.816666666666666,13.816666666666666,0.84,8.0017,137.0,11.0446,0.0,1008.03
2016-05-05 08:00:00,16.0,16.0,0.79,8.6135,134.0,11.4471,0.0,1008.02
2016-05-05 09:00:00,17.68333333333333,17.68333333333333,0.74,9.708300000000001,168.0,11.270000000000001,0.0,1008.22
2016-05-05 10:00:00,19.87777777777778,19.87777777777778,0.64,5.152000000000001,167.0,11.270000000000001,0.0,1008.12
2016-05-05 11:00:00,21.999999999999996,21.999999999999996,0.6,7.905100000000001,173.0,11.4471,0.0,1008.18
2016-05-05 12:00:00,22.77777777777778,22.77777777777778,0.51,10.432800000000002,206.0,11.270000000000001,0.0,1008.13
2016-05-05 13:00:00,24.88333333333334,24.88333333333334,0.45,7.792400000000001,206.0,11.270000000000001,0.0,1007.65
2016-05-05 14:00:00,24.916666666666664,24.916666666666664,0.42,5.570600000000001,193.0,11.4471,0.0,1007.68
2016-05-05 15:00:00,25.85,25.85,0.4,10.5616,157.0,11.270000000000001,0.0,1006.85
2016-05-05 16:00:00,25.87222222222222,25.87222222222222,0.37,7.5348,165.0,11.270000000000001,0.0,1006.18
2016-05-05 17:00:00,25.605555555555558,25.605555555555558,0.38,2.898,116.0,11.0446,0.0,1006.36
2016-05-05 18:00:00,23.466666666666665,23.466666666666665,0.48,10.1752,46.0,11.0446,0.0,1005.55
2016-05-05 19:00:00,22.333333333333332,22.333333333333332,0.47,11.8335,66.0,10.948,0.0,1005.73
2016-05-05 20:00:00,19.400000000000002,19.400000000000002,0.65,20.221600000000002,35.0,11.237800000000002,0.0,1005.63
2016-05-05 21:00:00,19.772222222222226,19.772222222222226,0.62,15.0696,68.0,11.125100000000002,0.0,1005.15
2016-05-05 22:00:00,17.12222222222222,17.12222222222222,0.82,13.846,27.0,0.7406,0.0,1004.67
2016-05-05 23:00:00,15.838888888888887,15.838888888888887,0.87,15.987300000000001,207.0,2.5116,0.0,1006.79
2016-05-06 00:00:00,15.527777777777779,15.527777777777779,0.87,11.9945,52.0,14.812,0.0,1006.56
2016-05-06 01:00:00,15.47777777777778,15.47777777777778,0.9,14.7798,80.0,14.812,0.0,1006.83
2016-05-06 02:00:00,13.32222222222222,13.32222222222222,0.93,6.2468,181.0,5.3452,0.0,1011.8
2016-05-06 03:00:00,14.416666666666666,14.416666666666666,0.9,10.787,231.0,14.5383,0.0,1007.55
2016-05-06 04:00:00,14.949999999999998,14.949999999999998,0.9,6.1502,230.0,14.4739,0.0,1007.92
2016-05-06 05:00:00,15.055555555555555,15.055555555555555,0.9,7.5187,225.0,10.8031,0.0,1008.32
2016-05-06 06:00:00,14.949999999999998,14.949999999999998,0.93,12.590200000000001,200.0,1.2880000000000003,0.0,1008.71
2016-05-06 07:00:00,15.0,15.0,0.93,11.414900000000001,220.0,0.9821000000000001,0.0,1009.61
2016-05-06 08:00:00,16.06111111111111,16.06111111111111,0.93,10.2074,231.0,3.1556,0.0,1010.12
2016-05-06 09:00:00,17.17222222222222,17.17222222222222,0.81,8.2593,222.0,7.969500000000001,0.0,1009.85
2016-05-06 10:00:00,17.75,17.75,0.78,11.382700000000002,241.0,11.270000000000001,0.0,1010.33
2016-05-06 11:00:00,17.988888888888887,17.988888888888887,0.73,13.234200000000001,223.0,11.4471,0.0,1011.22
2016-05-06 12:00:00,17.82777777777778,17.82777777777778,0.7,9.8854,230.0,11.270000000000001,0.0,1011.13
2016-05-06 13:00:00,16.288888888888888,16.288888888888888,0.8,12.799500000000002,278.0,11.270000000000001,0.0,1011.12
2016-05-06 14:00:00,16.450000000000003,16.450000000000003,0.81,8.0661,295.0,11.4471,0.0,1011.51
2016-05-06 15:00:00,15.633333333333333,15.633333333333333,0.84,10.1591,297.0,11.270000000000001,0.0,1011.5
2016-05-06 16:00:00,13.93888888888889,13.93888888888889,0.83,15.520400000000002,239.0,1.8998,0.0,1010.85
2016-05-06 17:00:00,13.361111111111109,13.361111111111109,0.95,12.5097,257.0,5.0232,0.0,1010.88
2016-05-06 18:00:00,13.93888888888889,13.93888888888889,0.9,9.321900000000001,181.0,6.3434,0.0,1010.55
2016-05-06 19:00:00,12.92777777777778,12.92777777777778,0.96,7.7440999999999995,142.0,6.3434,0.0,1010.41
2016-05-06 20:00:00,13.11111111111111,13.11111111111111,0.95,4.1216,341.0,3.8801000000000005,0.0,1010.98
2016-05-06 21:00:00,12.82777777777778,12.82777777777778,0.96,9.450700000000001,121.0,3.4293,0.0,1011.35
2016-05-06 22:00:00,13.361111111111109,13.361111111111109,0.93,11.012400000000001,249.0,2.9141000000000004,0.0,1011.35
2016-05-06 23:00:00,13.344444444444447,13.344444444444447,0.91,2.0125,97.0,4.7978000000000005,0.0,1011.82
2016-05-07 00:00:00,13.361111111111109,13.361111111111109,0.93,10.996300000000002,133.0,3.6547,0.0,1011.43
2016-05-07 01:00:00,12.82777777777778,12.82777777777778,0.93,3.5903,180.0,3.6547,0.0,1011.84
2016-05-07 02:00:00,11.594444444444443,11.594444444444443,0.82,8.9516,301.0,14.9569,0.0,1012.09
2016-05-07 03:00:00,12.349999999999998,12.349999999999998,0.93,6.0375000000000005,329.0,4.9910000000000005,0.0,1010.8
2016-05-07 04:00:00,11.766666666666667,11.766666666666667,0.93,3.5259,268.0,6.021400000000001,0.0,1010.87
2016-05-07 05:00:00,12.872222222222224,12.872222222222224,0.91,6.5849,189.0,8.758400000000002,0.0,1012.53
2016-05-07 06:00:00,12.777777777777779,12.777777777777779,0.9,7.953400000000001,233.0,3.0429,0.0,1012.43
2016-05-07 07:00:00,12.777777777777779,12.777777777777779,0.96,9.66,253.0,3.0107000000000004,0.0,1012.53
2016-05-07 08:00:00,12.977777777777778,12.977777777777778,0.96,13.7172,261.0,4.379200000000001,0.0,1012.65
2016-05-07 09:00:00,14.038888888888891,14.038888888888891,0.89,11.511500000000002,281.0,4.2021,0.0,1012.53
2016-05-07 10:00:00,16.188888888888886,16.188888888888886,0.81,11.559800000000001,310.0,5.1359,0.0,1012.81
2016-05-07 11:00:00,17.144444444444446,17.144444444444446,0.76,15.375500000000002,292.0,8.8228,0.0,1012.9
2016-05-07 12:00:00,17.87777777777778,17.87777777777778,0.7,14.6188,289.0,11.270000000000001,0.0,1012.72
2016-05-07 13:00:00,20.05,20.05,0.61,13.105400000000001,310.0,11.270000000000001,0.0,1012.41
2016-05-07 14:00:00,19.944444444444446,19.944444444444446,0.62,5.2486,305.0,11.0768,0.0,1012.25
2016-05-07 15:00:00,21.16111111111111,21.16111111111111,0.57,4.0572,275.0,11.2056,0.0,1011.72
2016-05-07 16:00:00,22.25,22.25,0.49,2.898,275.0,11.2056,0.0,1011.11
2016-05-07 17:00:00,21.11111111111111,21.11111111111111,0.53,10.835300000000002,283.0,11.0285,0.0,1010.77
2016-05-07 18:00:00,21.16111111111111,21.16111111111111,0.53,9.3541,300.0,11.2056,0.0,1010.34
2016-05-07 19:00:00,17.87777777777778,17.87777777777778,0.7,8.7262,293.0,11.2056,0.0,1010.33
2016-05-07 20:00:00,16.555555555555557,16.555555555555557,0.7,4.83,321.0,11.398800000000001,0.0,1010.84
2016-05-07 21:00:00,15.0,15.0,0.78,8.935500000000001,110.0,11.2056,0.0,1011.34
2016-05-07 22:00:00,14.949999999999998,14.949999999999998,0.76,6.0536,171.0,15.826300000000002,0.0,1011.65
2016-05-07 23:00:00,12.272222222222224,12.272222222222224,0.85,6.3112,251.0,14.876400000000002,0.0,1011.95
2016-05-08 00:00:00,12.399999999999999,12.399999999999999,0.85,6.5044,255.0,15.826300000000002,0.0,1011.64
2016-05-08 01:00:00,11.288888888888888,11.288888888888888,0.88,3.6547,275.0,15.826300000000002,0.0,1011.74
2016-05-08 02:00:00,12.805555555555554,12.805555555555554,0.86,10.0947,330.0,14.876400000000002,0.0,1013.74
2016-05-08 03:00:00,11.766666666666667,11.766666666666667,0.8,11.559800000000001,300.0,15.826300000000002,0.0,1011.94
2016-05-08 04:00:00,12.36111111111111,12.36111111111111,0.79,11.1734,299.0,15.826300000000002,0.0,1012.05
2016-05-08 05:00:00,11.605555555555556,11.605555555555556,0.78,11.382700000000002,290.0,14.9569,0.0,1012.41
2016-05-08 06:00:00,12.249999999999998,12.249999999999998,0.8,12.5419,299.0,9.982000000000001,0.0,1012.25
2016-05-08 07:00:00,14.88888888888889,14.88888888888889,0.73,3.3649,289.0,9.982000000000001,0.0,1012.34
2016-05-08 08:00:00,17.577777777777776,17.577777777777776,0.61,2.3023000000000002,268.0,10.3523,0.0,1012.4
2016-05-08 09:00:00,18.86111111111111,18.86111111111111,0.61,11.0607,267.0,9.982000000000001,0.0,1012.42
2016-05-08 10:00:00,21.06111111111111,21.06111111111111,0.53,8.420300000000001,212.0,9.982000000000001,0.0,1012.5
2016-05-08 11:00:00,21.088888888888885,21.088888888888885,0.53,20.221600000000002,223.0,10.3523,0.0,1012.32
2016-05-08 12:00:00,22.28888888888889,22.28888888888889,0.48,20.2055,241.0,11.270000000000001,0.0,1012.3
2016-05-08 13:00:00,22.355555555555554,22.355555555555554,0.48,21.9121,232.0,11.270000000000001,0.0,1011.91
2016-05-08 14:00:00,22.261111111111106,22.261111111111106,0.54,16.6313,229.0,11.4471,0.0,1012.15
2016-05-08 15:00:00,21.216666666666665,21.216666666666665,0.56,12.5097,238.0,11.270000000000001,0.0,1011.63
2016-05-08 16:00:00,20.244444444444444,20.244444444444444,0.61,9.209200000000001,318.0,11.270000000000001,0.0,1010.87
2016-05-08 17:00:00,22.1,22.1,0.5,4.1216,302.0,11.4471,0.0,1011.0
2016-05-08 18:00:00,20.06666666666667,20.06666666666667,0.56,15.761899999999999,338.0,11.270000000000001,0.0,1011.46
2016-05-08 19:00:00,18.95555555555556,18.95555555555556,0.55,5.4579,327.0,11.270000000000001,0.0,1012.0
2016-05-08 20:00:00,15.650000000000002,15.650000000000002,0.61,8.6135,295.0,11.4471,0.0,1011.86
2016-05-08 21:00:00,14.100000000000001,14.100000000000001,0.63,3.6064000000000007,293.0,10.0464,0.0,1011.9
2016-05-08 22:00:00,13.455555555555556,13.455555555555556,0.66,8.5974,349.0,15.874600000000001,0.0,1011.59
2016-05-08 23:00:00,12.772222222222224,12.772222222222224,0.77,6.0375000000000005,229.0,15.359399999999999,0.0,1011.75
2016-05-09 00:00:00,13.355555555555554,13.355555555555554,0.78,20.5275,301.0,15.649200000000002,0.0,1013.66
2016-05-09 01:00:00,12.777777777777779,12.777777777777779,0.86,14.0714,300.0,15.729700000000001,0.0,1014.19
2016-05-09 02:00:00,11.533333333333331,11.533333333333331,0.86,5.490100000000001,278.0,14.586600000000002,0.0,1016.76
2016-05-09 03:00:00,12.266666666666666,12.266666666666666,0.86,13.846,337.0,15.874600000000001,0.0,1014.6
2016-05-09 04:00:00,12.222222222222221,12.222222222222221,0.84,11.0768,316.0,15.874600000000001,0.0,1014.5
2016-05-09 05:00:00,11.833333333333332,11.833333333333332,0.87,6.7781,279.0,15.3111,0.0,1014.36
2016-05-09 06:00:00,12.222222222222221,12.222222222222221,0.8,9.5312,242.0,11.2056,0.0,1013.92
2016-05-09 07:00:00,12.777777777777779,12.777777777777779,0.83,12.735100000000001,262.0,11.2056,0.0,1014.5
2016-05-09 08:00:00,13.916666666666664,13.916666666666664,0.74,11.7691,252.0,11.398800000000001,0.0,1015.13
2016-05-09 09:00:00,16.16111111111111,16.16111111111111,0.62,13.379100000000001,293.0,10.0464,0.0,1014.8
2016-05-09 10:00:00,16.20555555555556,16.20555555555556,0.61,14.860300000000002,292.0,11.270000000000001,0.0,1014.89
2016-05-09 11:00:00,17.36111111111111,17.36111111111111,0.54,17.3236,300.0,11.4471,0.0,1014.98
2016-05-09 12:00:00,17.84444444444445,17.84444444444445,0.52,20.9622,301.0,11.270000000000001,0.0,1015.11
2016-05-09 13:00:00,16.25,16.25,0.58,21.155400000000004,310.0,11.270000000000001,0.0,1015.14
2016-05-09 14:00:00,14.63888888888889,14.63888888888889,0.77,11.1895,280.0,11.4471,0.0,1015.85
2016-05-09 15:00:00,15.088888888888887,15.088888888888887,0.77,14.9086,303.0,11.270000000000001,0.0,1015.26
2016-05-09 16:00:00,16.11111111111111,16.11111111111111,0.72,11.6242,301.0,11.270000000000001,0.0,1015.44
2016-05-09 17:00:00,16.261111111111113,16.261111111111113,0.71,11.511500000000002,306.0,11.4471,0.0,1015.15
2016-05-09 18:00:00,16.11111111111111,16.11111111111111,0.72,13.1537,300.0,11.270000000000001,0.0,1015.14
2016-05-09 19:00:00,16.06111111111111,16.06111111111111,0.72,8.5491,298.0,11.270000000000001,0.0,1015.41
2016-05-09 20:00:00,13.305555555555557,13.305555555555557,0.82,10.9158,301.0,11.4471,0.0,1015.8
2016-05-09 21:00:00,11.322222222222223,11.322222222222223,0.85,9.8854,280.0,9.982000000000001,0.0,1016.42
2016-05-09 22:00:00,10.694444444444445,10.694444444444445,0.86,10.835300000000002,271.0,15.826300000000002,0.0,1016.83
2016-05-09 23:00:00,11.43888888888889,11.43888888888889,0.86,10.368400000000001,254.0,14.9569,0.0,1017.24
2016-05-10 00:00:00,10.605555555555558,10.605555555555558,0.86,11.270000000000001,290.0,14.9086,0.0,1017.22
2016-05-10 01:00:00,11.138888888888888,11.138888888888888,0.89,6.6654,244.0,14.9086,0.0,1017.05
2016-05-10 02:00:00,12.33888888888889,12.33888888888889,0.84,5.618900000000001,168.0,14.168000000000003,0.0,1016.66
2016-05-10 03:00:00,10.627777777777778,10.627777777777778,0.89,6.6332,262.0,11.9784,0.0,1017.32
2016-05-10 04:00:00,11.138888888888888,11.138888888888888,0.89,6.3434,247.0,11.9784,0.0,1017.12
2016-05-10 05:00:00,11.372222222222222,11.372222222222222,0.9,4.025,220.0,14.876400000000002,0.0,1017.22
2016-05-10 06:00:00,12.177777777777779,12.177777777777779,0.86,0.6118,258.0,11.270000000000001,0.0,1017.15
2016-05-10 07:00:00,12.249999999999998,12.249999999999998,0.86,5.055400000000001,287.0,8.1949,0.0,1016.2
2016-05-10 08:00:00,12.983333333333333,12.983333333333333,0.9,5.796,258.0,11.0768,0.0,1018.87
2016-05-10 09:00:00,14.983333333333333,14.983333333333333,0.83,8.3076,254.0,11.270000000000001,0.0,1018.06
2016-05-10 10:00:00,17.17777777777778,17.17777777777778,0.75,12.5741,262.0,11.270000000000001,0.0,1019.02
2016-05-10 11:00:00,17.938888888888894,17.938888888888894,0.66,20.5275,296.0,11.4471,0.0,1019.16
2016-05-10 12:00:00,19.994444444444444,19.994444444444444,0.63,14.1036,298.0,11.270000000000001,0.0,1019.09
2016-05-10 13:00:00,21.105555555555554,21.105555555555554,0.56,14.7798,299.0,11.270000000000001,0.0,1018.43
2016-05-10 14:00:00,21.2,21.2,0.52,13.894300000000003,313.0,11.398800000000001,0.0,1018.17
2016-05-10 15:00:00,22.266666666666666,22.266666666666666,0.46,11.4954,306.0,11.2056,0.0,1017.71
2016-05-10 16:00:00,22.31111111111111,22.31111111111111,0.52,8.758400000000002,267.0,11.2056,0.0,1017.41
2016-05-10 17:00:00,22.322222222222226,22.322222222222226,0.48,9.0965,187.0,11.398800000000001,0.0,1017.23
2016-05-10 18:00:00,21.311111111111114,21.311111111111114,0.56,8.9677,166.0,11.2056,0.0,1016.7
2016-05-10 19:00:00,19.21111111111111,19.21111111111111,0.66,4.8944,206.0,11.2056,0.0,1016.68
2016-05-10 20:00:00,17.794444444444444,17.794444444444444,0.72,7.0679,187.0,10.3523,0.0,1016.81
2016-05-10 21:00:00,16.183333333333334,16.183333333333334,0.78,7.969500000000001,171.0,9.982000000000001,0.0,1017.0
2016-05-10 22:00:00,14.511111111111111,14.511111111111111,0.8,6.488300000000001,171.0,15.826300000000002,0.0,1017.3
2016-05-10 23:00:00,13.966666666666667,13.966666666666667,0.82,6.7620000000000005,150.0,14.9569,0.0,1017.21
2016-05-11 00:00:00,12.894444444444446,12.894444444444446,0.83,6.5366,183.0,14.9086,0.0,1016.91
2016-05-11 01:00:00,12.894444444444446,12.894444444444446,0.8,10.787,163.0,14.9086,0.0,1016.7
2016-05-11 02:00:00,15.411111111111113,15.411111111111113,0.72,9.595600000000001,251.0,14.9569,0.0,1010.67
2016-05-11 03:00:00,11.738888888888889,11.738888888888889,0.83,6.4561,142.0,14.9086,0.0,1016.0
2016-05-11 04:00:00,10.694444444444445,10.694444444444445,0.86,10.9641,142.0,14.9086,0.0,1015.79
2016-05-11 05:00:00,10.88888888888889,10.88888888888889,0.86,7.0035,144.0,14.023100000000003,0.0,1015.58
2016-05-11 06:00:00,12.200000000000001,12.200000000000001,0.8,9.3702,161.0,9.708300000000001,0.0,1015.0
2016-05-11 07:00:00,13.844444444444445,13.844444444444445,0.77,11.0768,160.0,9.8049,0.0,1015.01
2016-05-11 08:00:00,17.305555555555557,17.305555555555557,0.68,15.778000000000002,159.0,9.982000000000001,0.0,1015.1
2016-05-11 09:00:00,17.988888888888887,17.988888888888887,0.66,14.457800000000002,161.0,15.826300000000002,0.0,1014.87
2016-05-11 10:00:00,22.31666666666667,22.31666666666667,0.49,22.073100000000004,161.0,9.982000000000001,0.0,1014.38
2016-05-11 11:00:00,23.86666666666666,23.86666666666666,0.41,22.5561,163.0,10.3523,0.0,1014.01
2016-05-11 12:00:00,24.561111111111106,24.561111111111106,0.4,25.3575,171.0,15.826300000000002,0.0,1013.17
2016-05-11 13:00:00,26.20555555555556,26.20555555555556,0.39,23.9568,190.0,9.982000000000001,0.0,1012.46
2016-05-11 14:00:00,27.16666666666667,27.12222222222222,0.43,22.314600000000002,207.0,10.3523,0.0,1011.61
2016-05-11 15:00:00,27.40555555555555,27.061111111111106,0.38,20.511400000000002,221.0,9.982000000000001,0.0,1010.49
2016-05-11 16:00:00,27.333333333333332,27.016666666666666,0.38,17.9032,231.0,9.982000000000001,0.0,1009.78
2016-05-11 17:00:00,26.399999999999995,26.399999999999995,0.34,17.1787,223.0,10.3523,0.0,1009.24
2016-05-11 18:00:00,25.25,25.25,0.44,13.041,212.0,9.982000000000001,0.0,1008.76
2016-05-11 19:00:00,24.16111111111111,24.16111111111111,0.48,9.2897,176.0,9.982000000000001,0.0,1008.16
2016-05-11 20:00:00,22.127777777777776,22.127777777777776,0.55,10.6099,182.0,15.3111,0.0,1008.4
2016-05-11 21:00:00,19.116666666666664,19.116666666666664,0.6,8.0661,182.0,9.982000000000001,0.0,1008.68
2016-05-11 22:00:00,18.072222222222223,18.072222222222223,0.64,6.391700000000001,177.0,15.826300000000002,0.0,1009.0
2016-05-11 23:00:00,18.022222222222222,18.022222222222222,0.65,6.5688,194.0,14.9569,0.0,1009.18
2016-05-12 00:00:00,17.433333333333334,17.433333333333334,0.69,11.0607,211.0,15.826300000000002,0.0,1009.34
2016-05-12 01:00:00,16.416666666666668,16.416666666666668,0.68,11.4632,250.0,15.826300000000002,0.0,1009.53
2016-05-12 02:00:00,12.177777777777779,12.177777777777779,0.83,11.785200000000001,248.0,14.876400000000002,0.0,1015.51
2016-05-12 03:00:00,15.205555555555556,15.205555555555556,0.64,10.851400000000002,264.0,15.826300000000002,0.0,1009.58
2016-05-12 04:00:00,15.18333333333333,15.18333333333333,0.66,14.0875,273.0,15.826300000000002,0.0,1010.1
2016-05-12 05:00:00,13.972222222222221,13.972222222222221,0.73,11.253900000000002,305.0,14.9569,0.0,1010.88
2016-05-12 06:00:00,15.16111111111111,15.16111111111111,0.71,12.525800000000002,319.0,11.2056,0.0,1011.78
2016-05-12 07:00:00,15.672222222222224,15.672222222222224,0.69,11.141200000000001,318.0,15.826300000000002,0.0,1012.39
2016-05-12 08:00:00,17.349999999999998,17.349999999999998,0.66,12.847800000000001,311.0,11.4471,0.0,1013.32
2016-05-12 09:00:00,18.766666666666666,18.766666666666666,0.53,16.985500000000002,330.0,10.0464,0.0,1014.19
2016-05-12 10:00:00,19.766666666666666,19.766666666666666,0.46,14.0875,329.0,10.0464,0.0,1014.4
2016-05-12 11:00:00,19.02777777777778,19.02777777777778,0.47,15.649200000000002,341.0,10.4006,0.0,1015.25
2016-05-12 12:00:00,19.81111111111111,19.81111111111111,0.45,10.770900000000001,8.0,10.0464,0.0,1015.48
2016-05-12 13:00:00,19.78888888888889,19.78888888888889,0.51,7.1967,5.0,11.270000000000001,0.0,1015.32
2016-05-12 14:00:00,19.172222222222224,19.172222222222224,0.51,9.048200000000001,357.0,10.4006,0.0,1015.54
2016-05-12 15:00:00,20.11666666666666,20.11666666666666,0.49,2.9141000000000004,327.0,11.2056,0.0,1015.24
2016-05-12 16:00:00,21.16111111111111,21.16111111111111,0.43,5.152000000000001,227.0,10.0464,0.0,1014.65
2016-05-12 17:00:00,22.10555555555556,22.10555555555556,0.4,3.5742000000000007,200.0,10.3523,0.0,1014.28
2016-05-12 18:00:00,22.17777777777778,22.17777777777778,0.43,1.8837,226.0,9.982000000000001,0.0,1013.98
2016-05-12 19:00:00,21.11111111111111,21.11111111111111,0.43,5.2969,235.0,9.982000000000001,0.0,1014.07
2016-05-12 20:00:00,17.733333333333334,17.733333333333334,0.64,3.9606000000000003,178.0,10.4006,0.0,1014.68
2016-05-12 21:00:00,13.977777777777776,13.977777777777776,0.77,2.9624,150.0,9.982000000000001,0.0,1015.43
2016-05-12 22:00:00,13.933333333333332,13.933333333333332,0.8,3.0429,200.0,15.826300000000002,0.0,1015.97
2016-05-12 23:00:00,13.594444444444443,13.594444444444443,0.85,2.3828,169.0,15.3111,0.0,1016.13
2016-05-13 00:00:00,11.71111111111111,11.71111111111111,0.86,2.9785000000000004,142.0,15.826300000000002,0.0,1016.27
2016-05-13 01:00:00,10.6,10.6,0.86,3.2361,326.0,15.826300000000002,0.0,1016.46
2016-05-13 02:00:00,14.533333333333331,14.533333333333331,0.71,2.0447,136.0,15.3111,0.0,1015.23
2016-05-13 03:00:00,10.533333333333335,10.533333333333335,0.89,2.5599000000000003,90.0,15.729700000000001,0.0,1016.98
2016-05-13 04:00:00,10.533333333333335,10.533333333333335,0.86,3.2039,149.0,15.649200000000002,0.0,1017.38
2016-05-13 05:00:00,9.905555555555555,9.905555555555555,0.89,1.5778,336.0,10.1591,0.0,1017.72
2016-05-13 06:00:00,11.072222222222223,11.072222222222223,0.86,0.2576,121.0,9.7566,0.0,1018.09
2016-05-13 07:00:00,14.894444444444446,14.894444444444446,0.83,3.1878,173.0,9.9015,0.0,1018.47
2016-05-13 08:00:00,19.683333333333337,19.683333333333337,0.58,3.7191000000000005,110.0,10.3523,0.0,1018.65
2016-05-13 09:00:00,21.13888888888889,21.13888888888889,0.49,5.1037,152.0,9.982000000000001,0.0,1018.75
2016-05-13 10:00:00,22.800000000000004,22.800000000000004,0.48,7.856800000000001,154.0,9.982000000000001,0.0,1018.75
2016-05-13 11:00:00,24.01666666666667,24.01666666666667,0.4,9.724400000000001,155.0,10.3523,0.0,1018.7
2016-05-13 12:00:00,25.11666666666666,25.11666666666666,0.42,8.0661,122.0,9.982000000000001,0.0,1018.43
2016-05-13 13:00:00,26.20555555555556,26.20555555555556,0.42,9.853200000000001,131.0,9.982000000000001,0.0,1018.03
2016-05-13 14:00:00,26.32222222222222,26.32222222222222,0.4,12.8156,130.0,10.3523,0.0,1017.38
2016-05-13 15:00:00,26.3,26.3,0.39,12.960500000000001,123.0,9.982000000000001,0.0,1016.63
2016-05-13 16:00:00,27.28888888888889,26.916666666666668,0.37,9.9498,123.0,9.982000000000001,0.0,1016.03
2016-05-13 17:00:00,27.37777777777778,26.922222222222217,0.36,13.0732,124.0,10.3523,0.0,1015.62
2016-05-13 18:00:00,26.25,26.25,0.34,14.023100000000003,122.0,9.982000000000001,0.0,1015.04
2016-05-13 19:00:00,24.066666666666663,24.066666666666663,0.41,11.109000000000002,112.0,9.982000000000001,0.0,1014.74
2016-05-13 20:00:00,21.65,21.65,0.51,11.141200000000001,108.0,11.398800000000001,0.0,1014.87
2016-05-13 21:00:00,20.022222222222226,20.022222222222226,0.53,11.0446,110.0,9.982000000000001,0.0,1015.24
2016-05-13 22:00:00,20.34444444444445,20.34444444444445,0.49,13.8782,101.0,15.826300000000002,0.0,1015.37
2016-05-13 23:00:00,19.799999999999997,19.799999999999997,0.51,13.234200000000001,107.0,14.9569,0.0,1015.42
2016-05-14 00:00:00,19.21666666666667,19.21666666666667,0.52,14.0875,111.0,15.826300000000002,0.0,1015.19
2016-05-14 01:00:00,16.038888888888888,16.038888888888888,0.66,3.22,150.0,15.826300000000002,0.0,1015.28
2016-05-14 02:00:00,15.711111111111112,15.711111111111112,0.68,9.4829,156.0,14.9569,0.0,1011.8
2016-05-14 03:00:00,14.327777777777776,14.327777777777776,0.7,6.118,158.0,15.826300000000002,0.0,1014.48
2016-05-14 04:00:00,14.283333333333335,14.283333333333335,0.7,11.0446,150.0,15.826300000000002,0.0,1014.37
2016-05-14 05:00:00,14.449999999999998,14.449999999999998,0.71,9.837100000000001,143.0,15.3111,0.0,1014.45
2016-05-14 06:00:00,14.449999999999998,14.449999999999998,0.7,10.9158,141.0,15.826300000000002,0.0,1014.46
2016-05-14 07:00:00,17.133333333333336,17.133333333333336,0.64,9.2253,151.0,9.982000000000001,0.0,1014.75
2016-05-14 08:00:00,20.0,20.0,0.55,5.6511,151.0,10.3523,0.0,1014.8
2016-05-14 09:00:00,21.33888888888889,21.33888888888889,0.53,10.835300000000002,152.0,15.826300000000002,0.0,1014.63
2016-05-14 10:00:00,24.14444444444444,24.14444444444444,0.49,9.1448,143.0,9.982000000000001,0.0,1014.63
2016-05-14 11:00:00,26.25,26.25,0.42,11.109000000000002,172.0,10.3523,0.0,1014.43
2016-05-14 12:00:00,27.40555555555555,27.216666666666665,0.41,8.1788,163.0,9.982000000000001,0.0,1013.82
2016-05-14 13:00:00,28.005555555555553,28.02777777777778,0.45,11.286100000000001,197.0,9.982000000000001,0.0,1013.21
2016-05-14 14:00:00,28.183333333333337,28.28888888888889,0.46,15.906800000000002,189.0,10.3523,0.0,1012.84
2016-05-14 15:00:00,28.055555555555557,27.82222222222222,0.42,20.8334,200.0,9.982000000000001,0.0,1012.37
2016-05-14 16:00:00,28.055555555555557,27.805555555555557,0.41,14.7476,201.0,9.982000000000001,0.0,1011.87
2016-05-14 17:00:00,28.255555555555556,27.75555555555555,0.38,20.3987,200.0,10.3523,0.0,1011.54
2016-05-14 18:00:00,27.47222222222222,27.11111111111111,0.38,14.7637,201.0,9.982000000000001,0.0,1010.91
2016-05-14 19:00:00,25.294444444444444,25.294444444444444,0.49,12.88,200.0,9.982000000000001,0.0,1011.09
2016-05-14 20:00:00,23.011111111111113,23.011111111111113,0.5,9.7888,174.0,10.3523,0.0,1011.48
2016-05-14 21:00:00,20.366666666666664,20.366666666666664,0.59,8.4525,179.0,9.982000000000001,0.0,1011.5
2016-05-14 22:00:00,19.188888888888894,19.188888888888894,0.62,6.617100000000001,178.0,15.826300000000002,0.0,1011.6
2016-05-14 23:00:00,19.90555555555555,19.90555555555555,0.51,10.9319,154.0,14.9569,0.0,1011.45
2016-05-15 00:00:00,18.311111111111106,18.311111111111106,0.55,11.2056,161.0,15.826300000000002,0.0,1011.42
2016-05-15 01:00:00,16.694444444444443,16.694444444444443,0.62,10.770900000000001,142.0,15.826300000000002,0.0,1011.34
2016-05-15 02:00:00,15.25,15.25,0.84,11.286100000000001,282.0,11.7369,0.0,1011.8
2016-05-15 03:00:00,17.62222222222222,17.62222222222222,0.65,10.770900000000001,151.0,15.826300000000002,0.0,1010.87
2016-05-15 04:00:00,17.577777777777776,17.577777777777776,0.67,10.9641,170.0,15.826300000000002,0.0,1010.67
2016-05-15 05:00:00,14.761111111111111,14.761111111111111,0.74,2.4794,208.0,14.9569,0.0,1011.1
2016-05-15 06:00:00,17.533333333333335,17.533333333333335,0.7,10.706500000000002,140.0,9.982000000000001,0.0,1011.43
2016-05-15 07:00:00,19.799999999999997,19.799999999999997,0.62,12.397,151.0,9.982000000000001,0.0,1011.34
2016-05-15 08:00:00,21.305555555555554,21.305555555555554,0.54,15.021300000000002,160.0,9.982000000000001,0.0,1011.35
2016-05-15 09:00:00,24.02777777777778,24.02777777777778,0.49,13.7333,172.0,9.982000000000001,0.0,1011.42
2016-05-15 10:00:00,26.227777777777774,26.227777777777774,0.43,10.2074,183.0,9.982000000000001,0.0,1011.23
2016-05-15 11:00:00,27.299999999999997,27.011111111111113,0.39,3.3971,202.0,10.3523,0.0,1011.21
2016-05-15 12:00:00,28.93333333333333,27.88888888888889,0.31,2.0930000000000004,211.0,9.982000000000001,0.0,1010.63
2016-05-15 13:00:00,28.96111111111111,28.216666666666672,0.36,4.8461,172.0,9.982000000000001,0.0,1010.03
2016-05-15 14:00:00,29.07222222222222,28.533333333333335,0.38,8.211,99.0,10.3523,0.0,1009.39
2016-05-15 15:00:00,29.07222222222222,28.377777777777776,0.36,9.3541,169.0,9.982000000000001,0.0,1008.4
2016-05-15 16:00:00,29.07222222222222,28.105555555555558,0.33,12.863900000000001,178.0,9.982000000000001,0.0,1007.03
2016-05-15 17:00:00,29.14444444444444,28.127777777777776,0.32,20.608000000000004,162.0,10.3523,0.0,1006.65
2016-05-15 18:00:00,26.994444444444447,26.744444444444444,0.38,11.3022,183.0,9.6117,0.0,1006.38
2016-05-15 19:00:00,17.733333333333334,17.733333333333334,0.66,45.38590000000001,320.0,6.9874,0.0,1008.66
2016-05-15 20:00:00,17.422222222222224,17.422222222222224,0.65,21.4774,348.0,10.948,0.0,1009.92
2016-05-15 21:00:00,16.044444444444444,16.044444444444444,0.79,20.0123,290.0,8.05,0.0,1009.1
2016-05-15 22:00:00,15.027777777777779,15.027777777777779,0.84,10.2235,299.0,5.1359,0.0,1010.58
2016-05-15 23:00:00,15.227777777777776,15.227777777777776,0.87,6.9069,279.0,14.0875,0.0,1010.97
2016-05-16 00:00:00,14.444444444444445,14.444444444444445,0.9,3.7674,257.0,14.9569,0.0,1010.71
2016-05-16 01:00:00,14.97777777777778,14.97777777777778,0.9,7.0196000000000005,262.0,14.9569,0.0,1011.26
2016-05-16 02:00:00,11.405555555555557,11.405555555555557,0.81,6.5205,314.0,14.9569,0.0,1012.3
2016-05-16 03:00:00,14.305555555555555,14.305555555555555,0.9,14.023100000000003,308.0,12.042800000000002,0.0,1012.23
2016-05-16 04:00:00,13.75,13.75,0.86,14.023100000000003,309.0,11.9784,0.0,1012.51
2016-05-16 05:00:00,12.850000000000001,12.850000000000001,0.86,11.4793,308.0,8.420300000000001,0.0,1012.66
2016-05-16 06:00:00,12.200000000000001,12.200000000000001,0.86,13.8621,318.0,11.2056,0.0,1013.19
2016-05-16 07:00:00,12.755555555555556,12.755555555555556,0.83,15.6009,337.0,11.2056,0.0,1013.97
2016-05-16 08:00:00,14.688888888888888,14.688888888888888,0.73,14.731500000000002,329.0,11.0768,0.0,1014.16
2016-05-16 09:00:00,14.983333333333333,14.983333333333333,0.72,14.570500000000003,329.0,11.270000000000001,0.0,1014.4
2016-05-16 10:00:00,15.116666666666667,15.116666666666667,0.67,12.960500000000001,320.0,11.270000000000001,0.0,1014.48
2016-05-16 11:00:00,17.372222222222224,17.372222222222224,0.58,11.914000000000001,321.0,11.4471,0.0,1014.43
2016-05-16 12:00:00,17.849999999999998,17.849999999999998,0.6,11.286100000000001,327.0,11.270000000000001,0.0,1014.19
2016-05-16 13:00:00,19.86111111111111,19.86111111111111,0.57,5.4096,327.0,11.270000000000001,0.0,1013.99
2016-05-16 14:00:00,19.894444444444446,19.894444444444446,0.56,12.6868,347.0,11.4471,0.0,1013.48
2016-05-16 15:00:00,19.86111111111111,19.86111111111111,0.53,10.948,357.0,11.270000000000001,0.0,1013.15
2016-05-16 16:00:00,19.88333333333334,19.88333333333334,0.53,12.799500000000002,312.0,11.270000000000001,0.0,1012.72
2016-05-16 17:00:00,19.111111111111114,19.111111111111114,0.54,14.007,333.0,11.4471,0.0,1012.24
2016-05-16 18:00:00,17.849999999999998,17.849999999999998,0.59,13.652800000000001,320.0,9.982000000000001,0.0,1012.04
2016-05-16 19:00:00,17.288888888888888,17.288888888888888,0.58,12.4131,328.0,11.2056,0.0,1012.39
2016-05-16 20:00:00,16.455555555555556,16.455555555555556,0.61,14.731500000000002,303.0,11.398800000000001,0.0,1012.46
2016-05-16 21:00:00,15.994444444444444,15.994444444444444,0.62,10.980200000000002,329.0,11.2056,0.0,1012.52
2016-05-16 22:00:00,15.350000000000001,15.350000000000001,0.66,13.636700000000001,320.0,15.826300000000002,0.0,1012.73
2016-05-16 23:00:00,14.449999999999998,14.449999999999998,0.69,10.867500000000001,330.0,15.3111,0.0,1012.6
2016-05-17 00:00:00,13.15,13.15,0.73,10.6743,339.0,15.826300000000002,0.0,1012.44
2016-05-17 01:00:00,11.044444444444444,11.044444444444444,0.8,6.2146,348.0,15.826300000000002,0.0,1012.61
2016-05-17 02:00:00,12.63888888888889,12.63888888888889,0.71,13.7333,350.0,15.3111,0.0,1008.47
2016-05-17 03:00:00,9.383333333333333,8.683333333333334,0.83,6.3434,338.0,15.826300000000002,0.0,1011.89
2016-05-17 04:00:00,9.288888888888888,8.605555555555558,0.83,6.230700000000001,319.0,15.826300000000002,0.0,1011.59
2016-05-17 05:00:00,9.11111111111111,9.11111111111111,0.83,3.5420000000000007,345.0,15.3111,0.0,1011.2
2016-05-17 06:00:00,9.8,9.8,0.86,1.61,310.0,9.982000000000001,0.0,1010.98
2016-05-17 07:00:00,12.094444444444447,12.094444444444447,0.75,7.5348,318.0,9.982000000000001,0.0,1010.73
2016-05-17 08:00:00,14.827777777777776,14.827777777777776,0.63,4.025,351.0,10.3523,0.0,1010.9
2016-05-17 09:00:00,17.105555555555554,17.105555555555554,0.52,4.395300000000001,30.0,9.982000000000001,0.0,1010.57
2016-05-17 10:00:00,17.77777777777778,17.77777777777778,0.46,7.5992,329.0,11.2056,0.0,1010.29
2016-05-17 11:00:00,18.850000000000005,18.850000000000005,0.47,4.0411,43.0,11.398800000000001,0.0,1010.26
2016-05-17 12:00:00,18.95555555555556,18.95555555555556,0.47,5.1681,328.0,11.2056,0.0,1009.67
2016-05-17 13:00:00,20.022222222222226,20.022222222222226,0.4,5.152000000000001,282.0,11.2056,0.0,1009.2
2016-05-17 14:00:00,19.038888888888884,19.038888888888884,0.51,1.0143,7.0,11.398800000000001,0.0,1008.81
2016-05-17 15:00:00,18.055555555555557,18.055555555555557,0.55,2.6726,18.0,11.2056,0.0,1008.12
2016-05-17 16:00:00,19.07222222222222,19.07222222222222,0.51,7.293300000000001,54.0,11.2056,0.0,1007.05
2016-05-17 17:00:00,19.07777777777778,19.07777777777778,0.48,8.1466,57.0,11.398800000000001,0.0,1006.62
2016-05-17 18:00:00,18.049999999999997,18.049999999999997,0.55,3.9928000000000003,113.0,11.2056,0.0,1006.24
2016-05-17 19:00:00,17.88888888888889,17.88888888888889,0.55,3.2039,70.0,9.982000000000001,0.0,1006.35
2016-05-17 20:00:00,16.43888888888889,16.43888888888889,0.65,3.1717,5.0,10.3523,0.0,1006.55
2016-05-17 21:00:00,13.95,13.95,0.76,7.824600000000001,342.0,9.982000000000001,0.0,1006.51
2016-05-17 22:00:00,13.838888888888887,13.838888888888887,0.8,3.5259,338.0,15.826300000000002,0.0,1007.02
2016-05-17 23:00:00,13.127777777777778,13.127777777777778,0.81,6.8908000000000005,316.0,14.9569,0.0,1007.25
2016-05-18 00:00:00,13.283333333333331,13.283333333333331,0.77,11.0446,339.0,15.826300000000002,0.0,1007.35
2016-05-18 01:00:00,12.777777777777779,12.777777777777779,0.74,11.2217,340.0,15.826300000000002,0.0,1007.45
2016-05-18 02:00:00,11.199999999999998,11.199999999999998,0.83,14.1841,332.0,11.6081,0.0,1011.52
2016-05-18 03:00:00,11.688888888888888,11.688888888888888,0.66,14.3934,349.0,15.826300000000002,0.0,1007.98
2016-05-18 04:00:00,11.594444444444443,11.594444444444443,0.65,17.3236,348.0,15.826300000000002,0.0,1008.58
2016-05-18 05:00:00,11.244444444444447,11.244444444444447,0.67,17.3236,331.0,15.3111,0.0,1008.93
2016-05-18 06:00:00,11.06111111111111,11.06111111111111,0.72,17.436300000000003,340.0,9.982000000000001,0.0,1009.5
2016-05-18 07:00:00,12.149999999999999,12.149999999999999,0.67,23.3289,349.0,9.982000000000001,0.0,1009.81
2016-05-18 08:00:00,12.272222222222224,12.272222222222224,0.67,18.498900000000003,355.0,10.3523,0.0,1010.21
2016-05-18 09:00:00,12.894444444444446,12.894444444444446,0.59,22.024800000000003,358.0,11.2056,0.0,1010.82
2016-05-18 10:00:00,13.083333333333332,13.083333333333332,0.55,25.0194,359.0,11.2056,0.0,1011.57
2016-05-18 11:00:00,14.194444444444443,14.194444444444443,0.53,24.005100000000002,3.0,11.4471,0.0,1011.95
2016-05-18 12:00:00,14.233333333333333,14.233333333333333,0.51,23.602600000000002,8.0,11.270000000000001,0.0,1012.22
2016-05-18 13:00:00,15.344444444444443,15.344444444444443,0.5,22.427300000000002,8.0,11.270000000000001,0.0,1012.12
2016-05-18 14:00:00,15.455555555555556,15.455555555555556,0.47,24.117800000000003,19.0,11.398800000000001,0.0,1011.88
2016-05-18 15:00:00,15.372222222222225,15.372222222222225,0.5,16.3898,30.0,11.2056,0.0,1011.88
2016-05-18 16:00:00,13.283333333333331,13.283333333333331,0.7,22.057,21.0,11.2056,0.0,1011.78
2016-05-18 17:00:00,12.894444444444446,12.894444444444446,0.75,11.4793,27.0,6.8425,0.0,1012.39
2016-05-18 18:00:00,11.633333333333333,11.633333333333333,0.83,23.2162,20.0,11.2056,0.0,1011.99
2016-05-18 19:00:00,11.494444444444444,11.494444444444444,0.83,17.3719,11.0,10.0464,0.0,1011.82
2016-05-18 20:00:00,11.461111111111112,11.461111111111112,0.8,17.516800000000003,1.0,11.0768,0.0,1011.72
2016-05-18 21:00:00,11.383333333333335,11.383333333333335,0.78,17.4846,20.0,11.270000000000001,0.0,1012.21
2016-05-18 22:00:00,11.777777777777779,11.777777777777779,0.76,17.1948,11.0,8.1305,0.0,1012.25
2016-05-18 23:00:00,11.194444444444445,11.194444444444445,0.82,14.1036,19.0,6.8425,0.0,1012.62
2016-05-19 00:00:00,10.761111111111111,10.761111111111111,0.85,16.4703,0.0,5.2808,0.0,1012.28
2016-05-19 01:00:00,10.666666666666668,10.666666666666668,0.86,13.7333,337.0,5.1359,0.0,1012.47
2016-05-19 02:00:00,12.92777777777778,12.92777777777778,0.91,1.932,221.0,8.3398,0.0,1014.57
2016-05-19 03:00:00,10.65,10.65,0.83,11.0768,347.0,12.042800000000002,0.0,1012.62
2016-05-19 04:00:00,10.627777777777778,10.627777777777778,0.83,14.4739,340.0,11.9784,0.0,1012.46
2016-05-19 05:00:00,10.666666666666668,10.666666666666668,0.85,10.5938,347.0,9.982000000000001,0.0,1012.8
2016-05-19 06:00:00,11.138888888888888,11.138888888888888,0.8,9.3541,17.0,9.982000000000001,0.0,1013.02
2016-05-19 07:00:00,12.227777777777776,12.227777777777776,0.74,11.0929,19.0,9.982000000000001,0.0,1013.32
2016-05-19 08:00:00,12.322222222222223,12.322222222222223,0.76,9.4829,27.0,9.6278,0.0,1013.98
2016-05-19 09:00:00,13.93888888888889,13.93888888888889,0.72,5.2486,46.0,11.2056,0.0,1014.11
2016-05-19 10:00:00,14.055555555555554,14.055555555555554,0.72,0.6601,20.0,11.2056,0.0,1014.39
2016-05-19 11:00:00,15.044444444444443,15.044444444444443,0.78,4.2987,178.0,9.982000000000001,0.0,1014.96
2016-05-19 12:00:00,15.355555555555554,15.355555555555554,0.77,1.0626000000000002,216.0,11.270000000000001,0.0,1015.05
2016-05-19 13:00:00,16.394444444444442,16.394444444444442,0.71,5.1037,5.0,11.270000000000001,0.0,1014.95
2016-05-19 14:00:00,17.349999999999998,17.349999999999998,0.72,0.8694000000000001,132.0,11.0768,0.0,1015.14
2016-05-19 15:00:00,18.061111111111114,18.061111111111114,0.69,2.7531000000000003,226.0,11.270000000000001,0.0,1015.13
2016-05-19 16:00:00,18.044444444444448,18.044444444444448,0.72,4.588500000000001,198.0,11.270000000000001,0.0,1014.95
2016-05-19 17:00:00,17.461111111111112,17.461111111111112,0.74,7.5187,209.0,10.0303,0.0,1014.87
2016-05-19 18:00:00,16.51111111111111,16.51111111111111,0.79,10.5455,191.0,11.2056,0.0,1014.62
2016-05-19 19:00:00,15.488888888888889,15.488888888888889,0.85,8.8389,201.0,11.2056,0.0,1014.63
2016-05-19 20:00:00,15.461111111111109,15.461111111111109,0.86,9.305800000000001,199.0,10.722600000000002,0.0,1015.1
2016-05-19 21:00:00,15.233333333333336,15.233333333333336,0.86,4.8944,247.0,11.270000000000001,0.0,1015.13
2016-05-19 22:00:00,14.683333333333334,14.683333333333334,0.89,6.1341,293.0,10.0464,0.0,1015.36
2016-05-19 23:00:00,14.616666666666667,14.616666666666667,0.91,4.2182,233.0,9.9015,0.0,1015.76
2016-05-20 00:00:00,14.538888888888891,14.538888888888891,0.9,3.4132000000000002,237.0,9.9015,0.0,1015.37
2016-05-20 01:00:00,14.027777777777779,14.027777777777779,0.9,3.3649,228.0,9.9015,0.0,1015.07
2016-05-20 02:00:00,15.455555555555556,15.455555555555556,0.88,5.2003,329.0,14.9569,0.0,1016.83
2016-05-20 03:00:00,12.938888888888888,12.938888888888888,0.9,3.2039,190.0,3.2844,0.0,1014.77
2016-05-20 04:00:00,12.894444444444446,12.894444444444446,0.9,3.1878,165.0,2.1252000000000004,0.0,1014.94
2016-05-20 05:00:00,12.449999999999998,12.449999999999998,0.91,2.8497000000000003,131.0,0.4186,0.0,1014.97
2016-05-20 06:00:00,12.850000000000001,12.850000000000001,0.9,4.6046000000000005,160.0,0.1932,0.0,1015.55
2016-05-20 07:00:00,12.916666666666666,12.916666666666666,0.96,1.7066000000000001,158.0,0.3703,0.0,1015.96
2016-05-20 08:00:00,14.21111111111111,14.21111111111111,0.93,3.6386,211.0,0.5474000000000001,0.0,1015.96
2016-05-20 09:00:00,15.166666666666666,15.166666666666666,0.93,4.8461,148.0,3.9606000000000003,0.0,1016.54
2016-05-20 10:00:00,18.894444444444446,18.894444444444446,0.74,0.5474000000000001,157.0,7.889000000000001,0.0,1016.85
2016-05-20 11:00:00,19.944444444444446,19.944444444444446,0.7,3.9767000000000006,229.0,10.3362,0.0,1016.85
2016-05-20 12:00:00,21.16111111111111,21.16111111111111,0.68,9.1287,152.0,11.125100000000002,0.0,1017.16
2016-05-20 13:00:00,22.22222222222222,22.22222222222222,0.6,7.6796999999999995,171.0,11.270000000000001,0.0,1017.54
2016-05-20 14:00:00,22.183333333333337,22.183333333333337,0.6,2.737,185.0,11.0768,0.0,1017.52
2016-05-20 15:00:00,22.366666666666667,22.366666666666667,0.59,2.1252000000000004,136.0,11.270000000000001,0.0,1017.54
2016-05-20 16:00:00,22.38888888888889,22.38888888888889,0.58,4.6207,229.0,11.270000000000001,0.0,1017.54
2016-05-20 17:00:00,22.861111111111114,22.861111111111114,0.57,2.0930000000000004,184.0,11.0768,0.0,1017.68
2016-05-20 18:00:00,22.38888888888889,22.38888888888889,0.59,1.3524,54.0,11.2056,0.0,1017.25
2016-05-20 19:00:00,21.3,21.3,0.72,3.864,350.0,9.982000000000001,0.0,1017.24
2016-05-20 20:00:00,20.227777777777774,20.227777777777774,0.72,2.8497000000000003,4.0,9.982000000000001,0.0,1017.5
2016-05-20 21:00:00,17.433333333333334,17.433333333333334,0.86,2.898,326.0,9.982000000000001,0.0,1017.77
2016-05-20 22:00:00,17.244444444444444,17.244444444444444,0.87,3.0107000000000004,308.0,15.826300000000002,0.0,1017.91
2016-05-20 23:00:00,17.31111111111111,17.31111111111111,0.87,1.4973,280.0,14.9569,0.0,1017.85
2016-05-21 00:00:00,17.16111111111111,17.16111111111111,0.84,6.021400000000001,339.0,15.826300000000002,0.0,1017.81
2016-05-21 01:00:00,16.072222222222223,16.072222222222223,0.87,6.3756,328.0,15.826300000000002,0.0,1017.42
2016-05-21 02:00:00,17.233333333333334,17.233333333333334,0.73,9.048200000000001,230.0,14.9569,0.0,1014.54
2016-05-21 03:00:00,14.961111111111112,14.961111111111112,0.87,3.5098000000000003,351.0,14.812,0.0,1017.13
2016-05-21 04:00:00,13.916666666666664,13.916666666666664,0.9,3.4293,339.0,14.812,0.0,1017.31
2016-05-21 05:00:00,13.855555555555554,13.855555555555554,0.9,6.8747,329.0,8.2593,0.0,1017.33
2016-05-21 06:00:00,15.027777777777779,15.027777777777779,0.87,5.055400000000001,337.0,6.118,0.0,1017.43
2016-05-21 07:00:00,17.716666666666665,17.716666666666665,0.84,11.012400000000001,348.0,6.118,0.0,1017.05
2016-05-21 08:00:00,20.761111111111113,20.761111111111113,0.7,12.8317,340.0,9.982000000000001,0.0,1016.75
2016-05-21 09:00:00,22.738888888888894,22.738888888888894,0.66,15.633100000000002,350.0,9.982000000000001,0.0,1016.74
2016-05-21 10:00:00,23.93888888888889,23.93888888888889,0.62,12.558,8.0,9.982000000000001,0.0,1016.7
2016-05-21 11:00:00,25.061111111111114,25.061111111111114,0.54,16.1483,344.0,9.982000000000001,0.0,1016.49
2016-05-21 12:00:00,26.18333333333333,26.18333333333333,0.5,17.0982,349.0,9.982000000000001,0.0,1016.13
2016-05-21 13:00:00,27.31666666666667,27.483333333333334,0.46,17.0338,349.0,9.982000000000001,0.0,1015.43
2016-05-21 14:00:00,27.394444444444446,27.722222222222225,0.49,14.812,5.0,10.3523,0.0,1014.86
2016-05-21 15:00:00,27.89444444444444,27.950000000000003,0.45,15.697500000000002,350.0,9.982000000000001,0.0,1014.29
2016-05-21 16:00:00,27.916666666666668,27.76111111111111,0.42,14.1036,9.0,9.982000000000001,0.0,1013.52
2016-05-21 17:00:00,27.188888888888886,27.194444444444443,0.44,15.0374,7.0,10.3523,0.0,1012.96
2016-05-21 18:00:00,27.28888888888889,27.283333333333335,0.44,11.125100000000002,8.0,9.982000000000001,0.0,1012.33
2016-05-21 19:00:00,25.18333333333333,25.18333333333333,0.57,8.1466,7.0,9.982000000000001,0.0,1012.65
2016-05-21 20:00:00,23.37222222222222,23.37222222222222,0.66,8.1305,329.0,10.3523,0.0,1012.58
2016-05-21 21:00:00,21.32222222222222,21.32222222222222,0.67,9.7405,311.0,9.982000000000001,0.0,1013.09
2016-05-21 22:00:00,20.622222222222224,20.622222222222224,0.66,6.5849,313.0,15.826300000000002,0.0,1013.22
2016-05-21 23:00:00,21.144444444444446,21.144444444444446,0.6,15.1823,134.0,14.9569,0.0,1014.08
2016-05-22 00:00:00,19.561111111111106,19.561111111111106,0.61,15.778000000000002,192.0,15.826300000000002,0.0,1014.21
2016-05-22 01:00:00,17.988888888888887,17.988888888888887,0.7,13.636700000000001,219.0,15.826300000000002,0.0,1014.03
2016-05-22 02:00:00,15.222222222222221,15.222222222222221,0.82,2.254,148.0,14.168000000000003,0.0,1013.53
2016-05-22 03:00:00,17.805555555555557,17.805555555555557,0.7,15.842400000000001,142.0,15.826300000000002,0.0,1014.38
2016-05-22 04:00:00,17.22222222222222,17.22222222222222,0.73,11.1895,207.0,9.982000000000001,0.0,1013.66
2016-05-22 05:00:00,16.77777777777778,16.77777777777778,0.8,14.7637,256.0,14.876400000000002,0.0,1012.35
2016-05-22 06:00:00,17.183333333333334,17.183333333333334,0.76,14.4095,271.0,9.9015,0.0,1012.22
2016-05-22 07:00:00,18.899999999999995,18.899999999999995,0.73,11.382700000000002,293.0,11.125100000000002,0.0,1011.75
2016-05-22 08:00:00,21.116666666666667,21.116666666666667,0.68,10.0947,341.0,11.398800000000001,0.0,1012.35
2016-05-22 09:00:00,22.96666666666667,22.96666666666667,0.65,12.6707,1.0,9.982000000000001,0.0,1012.2
2016-05-22 10:00:00,24.099999999999998,24.099999999999998,0.61,11.398800000000001,37.0,9.982000000000001,0.0,1012.28
2016-05-22 11:00:00,25.33333333333333,25.33333333333333,0.59,10.867500000000001,38.0,10.3523,0.0,1012.45
2016-05-22 12:00:00,26.36666666666666,26.36666666666666,0.59,8.05,82.0,9.982000000000001,0.0,1012.17
2016-05-22 13:00:00,27.477777777777774,28.116666666666667,0.53,5.2969,26.0,11.2056,0.0,1011.77
2016-05-22 14:00:00,27.96666666666667,28.649999999999995,0.53,4.5724,47.0,11.4471,0.0,1011.46
2016-05-22 15:00:00,28.711111111111116,29.25555555555555,0.5,2.4633000000000003,219.0,10.980200000000002,0.0,1010.66
2016-05-22 16:00:00,28.600000000000005,28.872222222222224,0.47,2.5116,145.0,11.270000000000001,0.0,1009.9
2016-05-22 17:00:00,26.466666666666665,26.466666666666665,0.52,2.6887,153.0,11.4471,0.0,1010.15
2016-05-22 18:00:00,22.366666666666667,22.366666666666667,0.63,8.4525,327.0,11.270000000000001,0.0,1010.46
2016-05-22 19:00:00,21.233333333333334,21.233333333333334,0.67,3.0107000000000004,74.0,11.270000000000001,0.0,1010.77
2016-05-22 20:00:00,21.266666666666666,21.266666666666666,0.62,23.312800000000003,158.0,11.0768,0.0,1011.19
2016-05-22 21:00:00,17.40555555555555,17.40555555555555,0.74,20.0284,220.0,11.270000000000001,0.0,1012.97
2016-05-22 22:00:00,18.033333333333328,18.033333333333328,0.72,19.6259,220.0,14.9086,0.0,1013.59
2016-05-22 23:00:00,17.055555555555557,17.055555555555557,0.81,13.8782,203.0,14.168000000000003,0.0,1013.52
2016-05-23 00:00:00,16.34444444444445,16.34444444444445,0.8,11.1895,286.0,14.9086,0.0,1013.2
2016-05-23 01:00:00,15.794444444444444,15.794444444444444,0.83,6.6654,306.0,14.9086,0.0,1012.89
2016-05-23 02:00:00,15.705555555555557,15.705555555555557,0.88,9.66,297.0,15.005200000000002,0.0,1012.23
2016-05-23 03:00:00,15.533333333333335,15.533333333333335,0.87,13.218100000000002,77.0,14.9086,0.0,1014.0
2016-05-23 04:00:00,14.516666666666667,14.516666666666667,0.87,3.3005,338.0,11.9784,0.0,1014.38
2016-05-23 05:00:00,14.105555555555556,14.105555555555556,0.87,9.7566,265.0,13.8138,0.0,1013.38
2016-05-23 06:00:00,16.072222222222223,16.072222222222223,0.87,3.0268,178.0,9.982000000000001,0.0,1013.58
2016-05-23 07:00:00,17.716666666666665,17.716666666666665,0.84,8.903300000000002,213.0,9.982000000000001,0.0,1013.86
2016-05-23 08:00:00,19.772222222222226,19.772222222222226,0.74,10.6904,250.0,9.982000000000001,0.0,1014.08
2016-05-23 09:00:00,21.166666666666664,21.166666666666664,0.68,8.9677,268.0,9.982000000000001,0.0,1014.17
2016-05-23 10:00:00,22.855555555555554,22.855555555555554,0.62,4.0894,277.0,9.982000000000001,0.0,1014.08
2016-05-23 11:00:00,23.966666666666665,23.966666666666665,0.62,4.7656,251.0,10.4006,0.0,1014.14
2016-05-23 12:00:00,25.144444444444446,25.144444444444446,0.54,7.5992,299.0,10.0464,0.0,1013.97
2016-05-23 13:00:00,27.272222222222226,27.17222222222222,0.42,3.1395,302.0,9.982000000000001,0.0,1013.86
2016-05-23 14:00:00,27.394444444444446,27.52777777777778,0.46,9.6761,319.0,10.3523,0.0,1013.56
2016-05-23 15:00:00,27.938888888888894,28.01666666666667,0.46,8.9677,352.0,9.982000000000001,0.0,1012.86
2016-05-23 16:00:00,28.011111111111113,28.044444444444448,0.45,8.1788,11.0,9.982000000000001,0.0,1012.25
2016-05-23 17:00:00,28.549999999999997,28.488888888888887,0.44,7.3255,16.0,15.520400000000002,0.0,1011.86
2016-05-23 18:00:00,27.82777777777778,28.133333333333333,0.48,4.7656,358.0,9.982000000000001,0.0,0.0
2016-05-23 19:00:00,27.31111111111111,27.5,0.47,4.9266000000000005,46.0,9.982000000000001,0.0,1010.69
2016-05-23 20:00:00,23.438888888888886,23.438888888888886,0.68,3.6708,279.0,10.3523,0.0,1011.59
2016-05-23 21:00:00,21.25,21.25,0.77,2.6887,221.0,9.982000000000001,0.0,1011.8
2016-05-23 22:00:00,21.13888888888889,21.13888888888889,0.8,5.699400000000001,259.0,15.826300000000002,0.0,1012.1
2016-05-23 23:00:00,20.227777777777774,20.227777777777774,0.79,4.8783,307.0,15.005200000000002,0.0,1012.12
2016-05-24 00:00:00,18.594444444444445,18.594444444444445,0.73,27.305600000000002,119.0,15.874600000000001,0.0,1013.62
2016-05-24 01:00:00,17.40555555555555,17.40555555555555,0.78,19.4649,121.0,15.874600000000001,0.0,1013.97
2016-05-24 02:00:00,16.93888888888889,16.93888888888889,0.84,5.506200000000001,159.0,14.168000000000003,0.0,1013.33
2016-05-24 03:00:00,15.622222222222222,15.622222222222222,0.84,6.4078,341.0,15.826300000000002,0.0,1012.11
2016-05-24 04:00:00,16.183333333333334,16.183333333333334,0.84,13.5884,77.0,15.826300000000002,0.0,1013.78
2016-05-24 05:00:00,14.844444444444443,14.844444444444443,0.87,7.5187,40.0,14.9569,0.0,1013.69
2016-05-24 06:00:00,16.16111111111111,16.16111111111111,0.87,9.5312,12.0,9.982000000000001,0.0,1013.47
2016-05-24 07:00:00,17.805555555555557,17.805555555555557,0.73,12.5097,13.0,9.982000000000001,0.0,1012.96
2016-05-24 08:00:00,18.255555555555556,18.255555555555556,0.76,13.2664,22.0,10.3523,0.0,1013.22
2016-05-24 09:00:00,21.20555555555556,21.20555555555556,0.63,10.239600000000001,31.0,9.982000000000001,0.0,1013.53
2016-05-24 10:00:00,22.849999999999998,22.849999999999998,0.65,14.3934,31.0,9.982000000000001,0.0,1013.37
2016-05-24 11:00:00,24.850000000000005,24.850000000000005,0.54,16.2127,46.0,10.3523,0.0,1013.6
2016-05-24 12:00:00,26.16111111111111,26.16111111111111,0.47,17.806600000000003,49.0,11.2056,0.0,1013.43
2016-05-24 13:00:00,27.338888888888885,27.76666666666667,0.5,16.067800000000002,51.0,11.270000000000001,0.0,1013.32
2016-05-24 14:00:00,27.399999999999995,27.538888888888884,0.46,15.359399999999999,56.0,10.4006,0.0,1013.06
2016-05-24 15:00:00,27.96111111111111,28.244444444444447,0.48,11.237800000000002,51.0,10.0464,0.0,1012.52
2016-05-24 16:00:00,27.87777777777778,27.96666666666667,0.46,12.4292,147.0,9.982000000000001,0.0,0.0
2016-05-24 17:00:00,28.066666666666663,28.038888888888888,0.44,6.7781,144.0,10.3523,0.0,1012.01
2016-05-24 18:00:00,27.45,28.049999999999997,0.53,3.4132000000000002,80.0,9.982000000000001,0.0,1011.97
2016-05-24 19:00:00,24.233333333333334,24.233333333333334,0.57,7.5348,116.0,10.0464,0.0,1012.44
2016-05-24 20:00:00,23.08888888888889,23.08888888888889,0.64,0.6440000000000001,60.0,11.4471,0.0,1012.43
2016-05-24 21:00:00,21.32222222222222,21.32222222222222,0.68,4.6046000000000005,140.0,11.2056,0.0,1013.05
2016-05-24 22:00:00,19.099999999999998,19.099999999999998,0.77,2.737,194.0,15.826300000000002,0.0,1013.36
2016-05-24 23:00:00,19.355555555555558,19.355555555555558,0.75,5.6672,167.0,15.3111,0.0,1013.43
2016-05-25 00:00:00,17.82777777777778,17.82777777777778,0.81,3.0751,180.0,15.826300000000002,0.0,1013.55
2016-05-25 01:00:00,15.672222222222224,15.672222222222224,0.87,2.9302,287.0,14.9086,0.0,1013.21
2016-05-25 02:00:00,16.355555555555554,16.355555555555554,0.88,3.6547,201.0,12.042800000000002,0.0,1010.53
2016-05-25 03:00:00,15.577777777777776,15.577777777777776,0.87,6.1985,281.0,11.9784,0.0,1013.3
2016-05-25 04:00:00,16.06666666666667,16.06666666666667,0.85,3.4776000000000002,15.0,11.9784,0.0,1013.0
2016-05-25 05:00:00,18.022222222222222,18.022222222222222,0.8,13.041,87.0,14.5222,0.0,1013.57
2016-05-25 06:00:00,19.73333333333333,19.73333333333333,0.79,3.1556,138.0,9.982000000000001,0.0,1013.55
2016-05-25 07:00:00,20.98333333333333,20.98333333333333,0.69,7.4704,159.0,9.982000000000001,0.0,1013.37
2016-05-25 08:00:00,23.594444444444445,23.594444444444445,0.65,4.186000000000001,177.0,10.3523,0.0,1013.27
2016-05-25 09:00:00,26.06666666666667,26.06666666666667,0.54,3.4454000000000002,223.0,9.982000000000001,0.0,1012.97
2016-05-25 10:00:00,27.75555555555555,28.127777777777776,0.49,1.4973,4.0,9.982000000000001,0.0,1012.85
2016-05-25 11:00:00,27.76111111111111,28.35,0.52,7.1001,132.0,11.398800000000001,0.0,1012.87
2016-05-25 12:00:00,21.849999999999998,21.849999999999998,0.7,27.7081,79.0,6.295100000000001,0.0,1012.55
2016-05-25 13:00:00,20.561111111111114,20.561111111111114,0.76,11.946200000000001,75.0,11.270000000000001,0.0,1013.15
2016-05-25 14:00:00,21.17777777777778,21.17777777777778,0.74,3.2683,131.0,11.4471,0.0,1012.34
2016-05-25 15:00:00,21.255555555555556,21.255555555555556,0.78,4.717300000000001,227.0,11.2056,0.0,1011.97
2016-05-25 16:00:00,21.194444444444446,21.194444444444446,0.73,13.765500000000001,228.0,11.2056,0.0,1012.41
2016-05-25 17:00:00,20.0,20.0,0.79,21.413000000000004,209.0,9.982000000000001,0.0,1013.09
2016-05-25 18:00:00,21.072222222222226,21.072222222222226,0.64,15.0535,237.0,9.982000000000001,0.0,1011.61
2016-05-25 19:00:00,20.05,20.05,0.73,10.577700000000002,349.0,9.982000000000001,0.0,1009.93
2016-05-25 20:00:00,18.188888888888886,18.188888888888886,0.85,5.635000000000001,114.0,10.3523,0.0,1009.87
2016-05-25 21:00:00,17.33888888888889,17.33888888888889,0.87,9.193100000000001,111.0,9.982000000000001,0.0,1010.06
2016-05-25 22:00:00,18.311111111111106,18.311111111111106,0.81,11.157300000000001,132.0,15.826300000000002,0.0,1010.57
2016-05-25 23:00:00,17.333333333333332,17.333333333333332,0.88,5.8604,142.0,14.9569,0.0,1010.77
2016-05-26 00:00:00,16.183333333333334,16.183333333333334,0.9,3.22,190.0,15.826300000000002,0.0,1010.96
2016-05-26 01:00:00,16.11111111111111,16.11111111111111,0.9,1.5295,130.0,15.826300000000002,0.0,1010.3
2016-05-26 02:00:00,17.84444444444445,17.84444444444445,0.91,5.361300000000001,185.0,8.0983,0.0,1009.32
2016-05-26 03:00:00,14.100000000000001,14.100000000000001,0.9,2.6082000000000005,351.0,4.2987,0.0,1010.05
2016-05-26 04:00:00,15.116666666666667,15.116666666666667,0.9,2.7853000000000003,46.0,6.295100000000001,0.0,1009.86
2016-05-26 05:00:00,15.68333333333333,15.68333333333333,0.93,2.7209,66.0,6.4078,0.0,1010.11
2016-05-26 06:00:00,17.299999999999997,17.299999999999997,0.92,7.8729,102.0,6.118,0.0,1009.96
2016-05-26 07:00:00,18.916666666666668,18.916666666666668,0.84,4.717300000000001,132.0,9.9015,0.0,1009.55
2016-05-26 08:00:00,20.83888888888889,20.83888888888889,0.76,9.6278,124.0,9.6278,0.0,1009.99
2016-05-26 09:00:00,22.75555555555555,22.75555555555555,0.73,15.504300000000002,140.0,9.982000000000001,0.0,1009.57
2016-05-26 10:00:00,24.983333333333334,24.983333333333334,0.64,9.9176,169.0,9.982000000000001,0.0,1009.36
2016-05-26 11:00:00,26.016666666666666,26.016666666666666,0.61,11.511500000000002,169.0,11.0285,0.0,1009.18
2016-05-26 12:00:00,27.22222222222222,28.033333333333328,0.56,9.499,179.0,11.270000000000001,0.0,1008.65
2016-05-26 13:00:00,27.872222222222224,28.200000000000003,0.49,10.9158,187.0,11.2056,0.0,1008.15
2016-05-26 14:00:00,27.90555555555556,28.022222222222222,0.46,11.0285,158.0,11.398800000000001,0.0,1007.7
2016-05-26 15:00:00,29.050000000000004,29.238888888888887,0.46,11.1895,168.0,9.982000000000001,0.0,1007.04
2016-05-26 16:00:00,28.894444444444446,29.033333333333335,0.46,11.012400000000001,187.0,9.982000000000001,0.0,1005.95
2016-05-26 17:00:00,28.922222222222224,28.77777777777778,0.43,9.965900000000001,155.0,10.3523,0.0,1005.48
2016-05-26 18:00:00,27.344444444444445,28.000000000000004,0.53,7.985600000000001,197.0,11.2056,0.0,1005.05
2016-05-26 19:00:00,26.116666666666667,26.116666666666667,0.58,5.0393,170.0,11.2056,0.0,1005.23
2016-05-26 20:00:00,25.216666666666665,25.216666666666665,0.57,12.3004,129.0,11.0768,0.0,1005.76
2016-05-26 21:00:00,22.872222222222224,22.872222222222224,0.66,12.397,131.0,9.982000000000001,0.0,1005.62
2016-05-26 22:00:00,22.199999999999996,22.199999999999996,0.67,14.007,131.0,15.826300000000002,0.0,1005.45
2016-05-26 23:00:00,21.738888888888887,21.738888888888887,0.68,13.7011,140.0,14.9569,0.0,1005.84
2016-05-27 00:00:00,19.566666666666666,19.566666666666666,0.76,6.488300000000001,169.0,15.826300000000002,0.0,1005.74
2016-05-27 01:00:00,18.42777777777778,18.42777777777778,0.81,3.5259,144.0,15.826300000000002,0.0,1005.46
2016-05-27 02:00:00,19.099999999999998,19.099999999999998,0.8,6.5205,158.0,14.7959,0.0,1005.45
2016-05-27 03:00:00,17.800000000000004,17.800000000000004,0.82,6.6332,158.0,15.826300000000002,0.0,1004.95
2016-05-27 04:00:00,17.82222222222222,17.82222222222222,0.87,10.851400000000002,163.0,15.874600000000001,0.0,1004.74
2016-05-27 05:00:00,17.444444444444443,17.444444444444443,0.88,6.4561,188.0,14.0875,0.0,1005.01
2016-05-27 06:00:00,17.77777777777778,17.77777777777778,0.87,9.9337,169.0,9.8049,0.0,1005.22
2016-05-27 07:00:00,20.005555555555556,20.005555555555556,0.78,7.293300000000001,160.0,9.9015,0.0,1005.14
2016-05-27 08:00:00,22.194444444444443,22.194444444444443,0.69,12.477500000000001,175.0,9.982000000000001,0.0,1005.54
2016-05-27 09:00:00,23.93888888888889,23.93888888888889,0.62,15.150100000000002,162.0,9.982000000000001,0.0,1005.69
2016-05-27 10:00:00,24.00555555555555,24.00555555555555,0.61,13.0571,212.0,9.982000000000001,0.0,1005.89
2016-05-27 11:00:00,25.777777777777782,25.777777777777782,0.55,12.397,230.0,10.0303,0.0,1005.79
2016-05-27 12:00:00,27.199999999999996,27.41111111111111,0.47,8.3398,205.0,10.0464,0.0,1005.52
2016-05-27 13:00:00,27.77777777777778,27.872222222222224,0.46,8.5813,209.0,10.0464,0.0,1005.12
2016-05-27 14:00:00,27.272222222222226,27.83333333333333,0.52,14.039200000000001,205.0,10.4006,0.0,1004.77
2016-05-27 15:00:00,27.849999999999998,27.505555555555556,0.4,11.270000000000001,194.0,9.982000000000001,0.0,1003.73
2016-05-27 16:00:00,27.916666666666668,27.744444444444444,0.42,9.6922,183.0,9.982000000000001,0.0,1002.83
2016-05-27 17:00:00,27.87777777777778,28.105555555555558,0.47,10.143,198.0,10.3523,0.0,1002.62
2016-05-27 18:00:00,27.36111111111111,27.733333333333334,0.5,8.2432,184.0,9.982000000000001,0.0,1002.03
2016-05-27 19:00:00,24.066666666666663,24.066666666666663,0.61,2.3023000000000002,142.0,11.270000000000001,0.0,1002.1
2016-05-27 20:00:00,22.811111111111114,22.811111111111114,0.7,4.7978000000000005,122.0,11.4471,0.0,1001.71
2016-05-27 21:00:00,22.205555555555556,22.205555555555556,0.68,7.4543,123.0,10.0464,0.0,1001.8
2016-05-27 22:00:00,22.08888888888889,22.08888888888889,0.66,13.3469,112.0,15.729700000000001,0.0,1002.12
2016-05-27 23:00:00,20.933333333333337,20.933333333333337,0.66,11.753,114.0,14.7959,0.0,1001.92
2016-05-28 00:00:00,19.21111111111111,19.21111111111111,0.77,5.763800000000001,206.0,15.456,0.0,1002.21
2016-05-28 01:00:00,18.727777777777774,18.727777777777774,0.84,6.5366,37.0,15.649200000000002,0.0,1000.62
2016-05-28 02:00:00,17.38888888888889,17.38888888888889,0.82,13.0732,169.0,14.2163,0.0,996.78
2016-05-28 03:00:00,17.755555555555556,17.755555555555556,0.84,10.8997,53.0,15.729700000000001,0.0,999.87
2016-05-28 04:00:00,16.688888888888886,16.688888888888886,0.84,6.166300000000001,15.0,15.729700000000001,0.0,1000.11
2016-05-28 05:00:00,15.677777777777777,15.677777777777777,0.88,5.7316,94.0,14.876400000000002,0.0,1000.47
2016-05-28 06:00:00,17.644444444444442,17.644444444444442,0.9,4.9910000000000005,107.0,9.982000000000001,0.0,1000.07
2016-05-28 07:00:00,18.75,18.75,0.79,13.636700000000001,127.0,9.982000000000001,0.0,999.41
2016-05-28 08:00:00,20.97222222222222,20.97222222222222,0.71,14.1036,156.0,9.982000000000001,0.0,999.89
2016-05-28 09:00:00,22.75555555555555,22.75555555555555,0.66,14.2163,148.0,9.982000000000001,0.0,999.59
2016-05-28 10:00:00,23.88888888888889,23.88888888888889,0.62,11.4471,148.0,10.0464,0.0,998.98
2016-05-28 11:00:00,25.87222222222222,25.87222222222222,0.55,10.304000000000002,161.0,11.4471,0.0,998.59
2016-05-28 12:00:00,27.17222222222222,27.644444444444446,0.51,15.520400000000002,158.0,11.270000000000001,0.0,997.78
2016-05-28 13:00:00,27.22222222222222,27.24444444444445,0.44,17.5973,158.0,11.270000000000001,0.0,997.24
2016-05-28 14:00:00,27.23333333333333,27.055555555555557,0.4,17.388,146.0,10.3523,0.0,996.79
2016-05-28 15:00:00,27.800000000000004,27.68888888888889,0.43,20.608000000000004,159.0,10.0464,0.0,995.76
2016-05-28 16:00:00,27.77777777777778,27.666666666666668,0.43,17.919300000000003,139.0,10.0464,0.0,995.26
2016-05-28 17:00:00,26.916666666666668,27.183333333333337,0.47,16.3737,151.0,11.4471,0.0,995.15
2016-05-28 18:00:00,21.027777777777775,21.027777777777775,0.58,27.37,250.0,11.270000000000001,0.0,994.7
2016-05-28 19:00:00,17.849999999999998,17.849999999999998,0.83,15.423800000000002,220.0,11.270000000000001,0.0,995.61
2016-05-28 20:00:00,18.044444444444448,18.044444444444448,0.84,11.511500000000002,159.0,10.5938,0.0,995.36
2016-05-28 21:00:00,17.755555555555556,17.755555555555556,0.79,16.599100000000004,157.0,11.125100000000002,0.0,995.73
2016-05-28 22:00:00,17.22222222222222,17.22222222222222,0.84,10.706500000000002,142.0,14.9569,0.0,995.12
2016-05-28 23:00:00,17.33888888888889,17.33888888888889,0.85,13.894300000000003,132.0,14.2163,0.0,995.3
2016-05-29 00:00:00,16.688888888888886,16.688888888888886,0.81,14.2485,121.0,14.9086,0.0,995.35
2016-05-29 01:00:00,16.20555555555556,16.20555555555556,0.84,17.243100000000002,140.0,14.9569,0.0,995.54
2016-05-29 02:00:00,14.455555555555557,14.455555555555557,0.86,8.3398,288.0,11.688600000000001,0.0,1004.56
2016-05-29 03:00:00,16.605555555555554,16.605555555555554,0.84,20.221600000000002,239.0,10.0464,0.0,997.31
2016-05-29 04:00:00,15.050000000000002,15.050000000000002,0.83,6.5849,193.0,14.9086,0.0,997.73
2016-05-29 05:00:00,14.66111111111111,14.66111111111111,0.83,11.4632,223.0,15.005200000000002,0.0,998.55
2016-05-29 06:00:00,14.86111111111111,14.86111111111111,0.83,9.5312,229.0,11.270000000000001,0.0,999.58
2016-05-29 07:00:00,15.955555555555556,15.955555555555556,0.73,9.338000000000001,238.0,10.0464,0.0,1000.75
2016-05-29 08:00:00,17.03888888888889,17.03888888888889,0.65,5.828200000000001,238.0,10.3523,0.0,1001.21
2016-05-29 09:00:00,17.288888888888888,17.288888888888888,0.58,8.500800000000002,247.0,10.0464,0.0,1001.66
2016-05-29 10:00:00,19.95,19.95,0.45,12.5741,246.0,11.270000000000001,0.0,1001.96
2016-05-29 11:00:00,21.016666666666666,21.016666666666666,0.42,4.8783,177.0,10.4006,0.0,1002.44
2016-05-29 12:00:00,22.22222222222222,22.22222222222222,0.38,7.921200000000001,173.0,10.0464,0.0,1002.46
2016-05-29 13:00:00,22.266666666666666,22.266666666666666,0.35,9.4185,196.0,10.0464,0.0,1002.26
2016-05-29 14:00:00,22.83333333333333,22.83333333333333,0.38,10.9641,184.0,10.3523,0.0,1002.3
2016-05-29 15:00:00,22.800000000000004,22.800000000000004,0.38,4.7012,218.0,9.982000000000001,0.0,1002.14
2016-05-29 16:00:00,22.89444444444444,22.89444444444444,0.34,5.152000000000001,174.0,9.982000000000001,0.0,1001.65
2016-05-29 17:00:00,22.561111111111114,22.561111111111114,0.39,7.889000000000001,115.0,11.398800000000001,0.0,1001.4
2016-05-29 18:00:00,20.92222222222222,20.92222222222222,0.43,10.9641,140.0,11.270000000000001,0.0,1001.39
2016-05-29 19:00:00,13.983333333333334,13.983333333333334,0.82,17.146500000000003,288.0,8.1949,0.0,1003.39
2016-05-29 20:00:00,14.061111111111112,14.061111111111112,0.83,12.2682,285.0,10.8997,0.0,1004.47
2016-05-29 21:00:00,13.916666666666664,13.916666666666664,0.89,7.5992,335.0,11.270000000000001,0.0,1005.44
2016-05-29 22:00:00,13.894444444444442,13.894444444444442,0.86,2.8819000000000004,303.0,14.9569,0.0,1005.23
2016-05-29 23:00:00,14.41111111111111,14.41111111111111,0.88,6.0858,163.0,14.2163,0.0,1005.59
2016-05-30 00:00:00,13.800000000000002,13.800000000000002,0.9,3.1395,212.0,14.9569,0.0,1005.54
2016-05-30 01:00:00,13.822222222222223,13.822222222222223,0.9,6.2468,207.0,14.9569,0.0,1005.75
2016-05-30 02:00:00,10.305555555555554,10.305555555555554,0.87,6.810300000000001,265.0,11.3183,0.0,1012.31
2016-05-30 03:00:00,13.28888888888889,13.28888888888889,0.9,6.0697,353.0,11.9784,0.0,1006.42
2016-05-30 04:00:00,12.66111111111111,12.66111111111111,0.9,3.3810000000000002,338.0,11.9784,0.0,1006.65
2016-05-30 05:00:00,11.722222222222221,11.722222222222221,0.87,3.7352,317.0,4.008900000000001,0.0,1007.32
2016-05-30 06:00:00,12.083333333333334,12.083333333333334,0.92,9.321900000000001,337.0,8.1305,0.0,1007.92
2016-05-30 07:00:00,12.177777777777779,12.177777777777779,0.8,11.0768,318.0,11.2056,0.0,1008.72
2016-05-30 08:00:00,13.800000000000002,13.800000000000002,0.78,11.270000000000001,326.0,11.0285,0.0,1009.11
2016-05-30 09:00:00,14.961111111111112,14.961111111111112,0.77,14.2163,281.0,9.982000000000001,0.0,1009.45
2016-05-30 10:00:00,16.116666666666664,16.116666666666664,0.67,12.783400000000002,292.0,11.270000000000001,0.0,1009.83
2016-05-30 11:00:00,16.083333333333332,16.083333333333332,0.68,12.735100000000001,299.0,11.0768,0.0,1010.5
2016-05-30 12:00:00,17.805555555555557,17.805555555555557,0.6,12.654600000000002,290.0,11.270000000000001,0.0,1010.52
2016-05-30 13:00:00,17.855555555555554,17.855555555555554,0.6,14.1358,289.0,11.270000000000001,0.0,1010.73
2016-05-30 14:00:00,18.733333333333334,18.733333333333334,0.61,15.536500000000002,287.0,11.0768,0.0,1010.94
2016-05-30 15:00:00,19.91111111111111,19.91111111111111,0.53,17.3558,298.0,11.270000000000001,0.0,1010.82
2016-05-30 16:00:00,19.983333333333334,19.983333333333334,0.53,17.5329,288.0,11.270000000000001,0.0,1011.01
2016-05-30 17:00:00,19.822222222222226,19.822222222222226,0.5,15.616999999999999,307.0,11.398800000000001,0.0,1011.46
2016-05-30 18:00:00,18.75,18.75,0.53,13.363000000000001,307.0,11.2056,0.0,1011.03
2016-05-30 19:00:00,17.68888888888889,17.68888888888889,0.57,15.987300000000001,298.0,11.2056,0.0,1011.34
2016-05-30 20:00:00,16.122222222222224,16.122222222222224,0.62,13.7172,297.0,11.0285,0.0,1012.1
2016-05-30 21:00:00,13.866666666666667,13.866666666666667,0.72,12.9122,299.0,11.2056,0.0,1012.55
2016-05-30 22:00:00,13.77222222222222,13.77222222222222,0.7,14.0875,308.0,15.826300000000002,0.0,1013.23
2016-05-30 23:00:00,12.716666666666667,12.716666666666667,0.76,13.7333,298.0,14.9569,0.0,1013.52
2016-05-31 00:00:00,11.138888888888888,11.138888888888888,0.83,11.0768,290.0,15.826300000000002,0.0,1013.7
2016-05-31 01:00:00,10.583333333333332,10.583333333333332,0.83,6.681500000000001,296.0,14.9086,0.0,1013.79
2016-05-31 02:00:00,10.177777777777777,10.177777777777777,0.87,7.1967,293.0,14.168000000000003,0.0,1014.12
2016-05-31 03:00:00,9.472222222222221,7.833333333333333,0.86,11.0768,279.0,9.982000000000001,0.0,1013.68
2016-05-31 04:00:00,8.894444444444442,8.072222222222223,0.86,6.5205,270.0,9.9015,0.0,1013.8
2016-05-31 05:00:00,8.627777777777778,6.772222222222221,0.9,11.3666,269.0,7.438200000000001,0.0,1013.96
2016-05-31 06:00:00,9.961111111111112,8.972222222222221,0.86,8.0017,288.0,7.905100000000001,0.0,1014.29
2016-05-31 07:00:00,12.133333333333335,12.133333333333335,0.81,10.9319,280.0,9.7566,0.0,1014.29
2016-05-31 08:00:00,13.672222222222222,13.672222222222222,0.74,11.4632,269.0,10.8836,0.0,1014.64
2016-05-31 09:00:00,14.955555555555557,14.955555555555557,0.72,12.477500000000001,269.0,11.125100000000002,0.0,1014.41
2016-05-31 10:00:00,16.116666666666664,16.116666666666664,0.67,10.722600000000002,262.0,11.2056,0.0,1014.59
2016-05-31 11:00:00,18.366666666666667,18.366666666666667,0.58,5.425700000000001,231.0,11.0285,0.0,1014.96
2016-05-31 12:00:00,17.733333333333334,17.733333333333334,0.57,4.2987,178.0,11.270000000000001,0.0,1014.8
2016-05-31 13:00:00,18.916666666666668,18.916666666666668,0.53,4.379200000000001,320.0,11.270000000000001,0.0,1014.88
2016-05-31 14:00:00,18.922222222222224,18.922222222222224,0.57,9.064300000000001,226.0,11.398800000000001,0.0,1014.88
2016-05-31 15:00:00,20.09444444444445,20.09444444444445,0.53,7.3094,208.0,11.2056,0.0,1014.36
2016-05-31 16:00:00,20.21111111111111,20.21111111111111,0.49,3.0751,193.0,11.2056,0.0,1013.94
2016-05-31 17:00:00,20.98888888888889,20.98888888888889,0.49,4.7495,208.0,11.398800000000001,0.0,1013.87
2016-05-31 18:00:00,20.72222222222222,20.72222222222222,0.47,5.9731000000000005,230.0,15.826300000000002,0.0,1013.56
2016-05-31 19:00:00,18.977777777777774,18.977777777777774,0.56,3.3488,192.0,11.270000000000001,0.0,1013.75
2016-05-31 20:00:00,16.766666666666666,16.766666666666666,0.64,7.5348,228.0,10.4006,0.0,1013.95
2016-05-31 21:00:00,15.13888888888889,15.13888888888889,0.72,4.6207,204.0,9.982000000000001,0.0,1014.0
2016-05-31 22:00:00,14.422222222222224,14.422222222222224,0.73,3.0268,193.0,15.826300000000002,0.0,1014.29
2016-05-31 23:00:00,13.511111111111111,13.511111111111111,0.81,3.3166,226.0,14.9569,0.0,1014.2
2016-06-01 00:00:00,12.155555555555557,12.155555555555557,0.83,3.1878,295.0,15.826300000000002,0.0,1014.39
2016-06-01 01:00:00,12.161111111111111,12.161111111111111,0.84,5.9409,223.0,15.826300000000002,0.0,1014.32
2016-06-01 02:00:00,14.694444444444445,14.694444444444445,0.86,2.7048,352.0,14.9569,0.0,1014.07
2016-06-01 03:00:00,10.494444444444445,10.494444444444445,0.89,3.3488,328.0,11.9784,0.0,1014.01
2016-06-01 04:00:00,10.42222222222222,10.42222222222222,0.87,6.262900000000001,319.0,11.8979,0.0,1013.62
2016-06-01 05:00:00,10.744444444444447,10.744444444444447,0.9,6.5205,317.0,4.1699,0.0,1013.59
2016-06-01 06:00:00,12.049999999999999,12.049999999999999,0.93,7.776300000000001,339.0,4.0733,0.0,1013.62
2016-06-01 07:00:00,14.849999999999998,14.849999999999998,0.83,4.5563,302.0,7.969500000000001,0.0,1013.71
2016-06-01 08:00:00,17.516666666666666,17.516666666666666,0.72,7.6636,330.0,9.5473,0.0,1013.76
2016-06-01 09:00:00,19.95555555555556,19.95555555555556,0.61,9.048200000000001,339.0,11.270000000000001,0.0,1013.7
2016-06-01 10:00:00,20.07222222222222,20.07222222222222,0.57,9.193100000000001,319.0,11.270000000000001,0.0,1013.69
2016-06-01 11:00:00,22.022222222222222,22.022222222222222,0.53,5.474,306.0,11.4471,0.0,1013.86
2016-06-01 12:00:00,22.849999999999998,22.849999999999998,0.44,8.227100000000002,298.0,11.270000000000001,0.0,1013.78
2016-06-01 13:00:00,23.333333333333332,23.333333333333332,0.46,6.295100000000001,290.0,15.874600000000001,0.0,1013.38
2016-06-01 14:00:00,22.344444444444445,22.344444444444445,0.48,10.0947,321.0,11.4471,0.0,1013.09
2016-06-01 15:00:00,22.84444444444445,22.84444444444445,0.44,9.434600000000001,291.0,11.270000000000001,0.0,1012.76
2016-06-01 16:00:00,22.933333333333334,22.933333333333334,0.48,7.728,269.0,11.270000000000001,0.0,1012.65
2016-06-01 17:00:00,23.672222222222224,23.672222222222224,0.47,2.1574000000000004,12.0,11.4471,0.0,1012.67
2016-06-01 18:00:00,20.294444444444444,20.294444444444444,0.62,22.701,109.0,11.2056,0.0,1012.35
2016-06-01 19:00:00,19.205555555555552,19.205555555555552,0.67,13.652800000000001,138.0,9.982000000000001,0.0,1012.83
2016-06-01 20:00:00,17.666666666666668,17.666666666666668,0.74,9.4829,156.0,10.3523,0.0,1012.93
2016-06-01 21:00:00,17.288888888888888,17.288888888888888,0.75,9.837100000000001,159.0,9.982000000000001,0.0,1013.14
2016-06-01 22:00:00,16.13888888888889,16.13888888888889,0.81,6.6493,131.0,15.826300000000002,0.0,1013.66
2016-06-01 23:00:00,16.516666666666666,16.516666666666666,0.8,6.8747,121.0,15.3111,0.0,1014.03
2016-06-02 00:00:00,15.583333333333334,15.583333333333334,0.87,3.1395,115.0,15.826300000000002,0.0,1014.62
2016-06-02 01:00:00,15.027777777777779,15.027777777777779,0.87,13.4757,190.0,14.9086,0.0,1013.9
2016-06-02 02:00:00,12.68888888888889,12.68888888888889,0.9,2.737,184.0,9.9015,0.0,1016.17
2016-06-02 03:00:00,14.938888888888888,14.938888888888888,0.87,6.44,110.0,15.826300000000002,0.0,1013.6
2016-06-02 04:00:00,14.36111111111111,14.36111111111111,0.9,6.295100000000001,70.0,15.649200000000002,0.0,1013.58
2016-06-02 05:00:00,14.327777777777776,14.327777777777776,0.91,3.6064000000000007,76.0,14.7637,0.0,1014.11
2016-06-02 06:00:00,14.872222222222225,14.872222222222225,0.87,8.05,100.0,9.6761,0.0,1014.48
2016-06-02 07:00:00,15.027777777777779,15.027777777777779,0.87,7.953400000000001,137.0,9.6761,0.0,1014.58
2016-06-02 08:00:00,17.25,17.25,0.82,1.2558,93.0,10.948,0.0,1014.72
2016-06-02 09:00:00,19.00555555555555,19.00555555555555,0.68,4.4275,189.0,11.2056,0.0,1014.94
2016-06-02 10:00:00,22.199999999999996,22.199999999999996,0.59,4.8622000000000005,123.0,11.270000000000001,0.0,1014.77
2016-06-02 11:00:00,22.083333333333332,22.083333333333332,0.55,3.3166,215.0,11.4471,0.0,1014.95
2016-06-02 12:00:00,22.938888888888894,22.938888888888894,0.51,7.631400000000001,211.0,11.270000000000001,0.0,1014.86
2016-06-02 13:00:00,23.744444444444444,23.744444444444444,0.49,10.2235,232.0,11.125100000000002,0.0,1014.67
2016-06-02 14:00:00,24.838888888888885,24.838888888888885,0.45,8.3076,269.0,11.4471,0.0,1014.34
2016-06-02 15:00:00,24.899999999999995,24.899999999999995,0.43,11.4471,291.0,11.270000000000001,0.0,1014.01
2016-06-02 16:00:00,19.227777777777778,19.227777777777778,0.67,21.9121,47.0,11.270000000000001,0.0,1014.86
2016-06-02 17:00:00,22.305555555555557,22.305555555555557,0.53,11.4954,55.0,11.4471,0.0,1014.81
2016-06-02 18:00:00,22.266666666666666,22.266666666666666,0.53,9.3541,359.0,11.270000000000001,0.0,1014.4
2016-06-02 19:00:00,22.194444444444443,22.194444444444443,0.56,3.0268,343.0,11.270000000000001,0.0,1014.67
2016-06-02 20:00:00,18.188888888888886,18.188888888888886,0.76,7.824600000000001,218.0,9.982000000000001,0.0,1015.33
2016-06-02 21:00:00,16.288888888888888,16.288888888888888,0.8,3.22,130.0,10.0464,0.0,1015.57
2016-06-02 22:00:00,15.622222222222222,15.622222222222222,0.84,3.1556,158.0,15.874600000000001,0.0,1016.36
2016-06-02 23:00:00,14.83888888888889,14.83888888888889,0.87,5.2808,224.0,14.9569,0.0,1016.64
2016-06-03 00:00:00,14.494444444444447,14.494444444444447,0.9,3.3005,227.0,14.9086,0.0,1016.79
2016-06-03 01:00:00,14.422222222222224,14.422222222222224,0.9,6.166300000000001,179.0,9.9015,0.0,1016.46
2016-06-03 02:00:00,16.244444444444447,16.244444444444447,0.88,8.3237,25.0,14.9569,0.0,1017.56
2016-06-03 03:00:00,13.800000000000002,13.800000000000002,0.9,6.2468,161.0,9.9015,0.0,1016.36
2016-06-03 04:00:00,12.805555555555554,12.805555555555554,0.9,3.059,173.0,9.8049,0.0,1016.37
2016-06-03 05:00:00,13.32222222222222,13.32222222222222,0.91,4.652900000000001,156.0,6.3434,0.0,1016.47
2016-06-03 06:00:00,13.855555555555554,13.855555555555554,0.93,4.588500000000001,172.0,6.021400000000001,0.0,1017.16
2016-06-03 07:00:00,17.09444444444445,17.09444444444445,0.81,3.5259,286.0,9.708300000000001,0.0,1017.18
2016-06-03 08:00:00,18.96111111111111,18.96111111111111,0.74,3.9284000000000003,280.0,9.9015,0.0,1017.46
2016-06-03 09:00:00,22.10555555555556,22.10555555555556,0.65,4.6046000000000005,209.0,9.982000000000001,0.0,1017.48
2016-06-03 10:00:00,22.733333333333334,22.733333333333334,0.54,7.824600000000001,224.0,9.982000000000001,0.0,1017.38
2016-06-03 11:00:00,24.772222222222226,24.772222222222226,0.48,9.434600000000001,241.0,11.4471,0.0,1017.54
2016-06-03 12:00:00,24.95,24.95,0.46,8.227100000000002,243.0,11.270000000000001,0.0,1017.47
2016-06-03 13:00:00,26.088888888888885,26.088888888888885,0.42,2.3828,198.0,11.270000000000001,0.0,1017.26
2016-06-03 14:00:00,26.533333333333335,26.533333333333335,0.44,6.423900000000001,243.0,15.359399999999999,0.0,1016.97
2016-06-03 15:00:00,27.061111111111106,26.894444444444442,0.4,10.980200000000002,232.0,11.270000000000001,0.0,1016.68
2016-06-03 16:00:00,27.127777777777776,26.944444444444443,0.4,4.7495,216.0,10.0464,0.0,1016.47
2016-06-03 17:00:00,27.23888888888889,26.977777777777778,0.39,4.3309,355.0,10.4006,0.0,1016.44
2016-06-03 18:00:00,26.20555555555556,26.20555555555556,0.42,1.1914,42.0,10.0464,0.0,1015.89
2016-06-03 19:00:00,25.06666666666667,25.06666666666667,0.45,0.8533000000000001,329.0,10.0464,0.0,1015.98
2016-06-03 20:00:00,22.644444444444446,22.644444444444446,0.57,1.5617,76.0,9.982000000000001,0.0,1016.47
2016-06-03 21:00:00,19.0,19.0,0.78,8.0017,0.0,9.982000000000001,0.0,1016.9
2016-06-03 22:00:00,18.83888888888889,18.83888888888889,0.75,6.327300000000001,36.0,15.826300000000002,0.0,1017.79
2016-06-03 23:00:00,18.62222222222222,18.62222222222222,0.73,10.0625,18.0,14.9569,0.0,1017.76
2016-06-04 00:00:00,17.77777777777778,17.77777777777778,0.75,10.770900000000001,18.0,15.826300000000002,0.0,1017.73
2016-06-04 01:00:00,16.733333333333334,16.733333333333334,0.81,10.6743,29.0,15.826300000000002,0.0,1017.91
2016-06-04 02:00:00,16.866666666666667,16.866666666666667,0.87,12.9283,349.0,14.2163,0.0,1015.87
2016-06-04 03:00:00,15.533333333333335,15.533333333333335,0.84,3.1556,17.0,14.9086,0.0,1017.91
2016-06-04 04:00:00,14.949999999999998,14.949999999999998,0.87,5.9731000000000005,339.0,14.9086,0.0,1017.72
2016-06-04 05:00:00,15.18333333333333,15.18333333333333,0.88,5.554500000000001,350.0,9.9015,0.0,1017.71
2016-06-04 06:00:00,16.06666666666667,16.06666666666667,0.87,0.6118,342.0,9.9015,0.0,1017.72
2016-06-04 07:00:00,18.8,18.8,0.84,7.776300000000001,0.0,9.982000000000001,0.0,1017.82
2016-06-04 08:00:00,21.84444444444444,21.84444444444444,0.7,9.6439,27.0,9.982000000000001,0.0,1018.11
2016-06-04 09:00:00,22.75555555555555,22.75555555555555,0.66,12.1072,39.0,10.0464,0.0,1018.4
2016-06-04 10:00:00,24.977777777777774,24.977777777777774,0.58,10.5938,48.0,10.0464,0.0,1018.3
2016-06-04 11:00:00,26.083333333333332,26.083333333333332,0.5,9.9337,42.0,11.4471,0.0,1018.16
2016-06-04 12:00:00,27.266666666666666,27.466666666666665,0.47,9.3863,70.0,11.270000000000001,0.0,1017.88
2016-06-04 13:00:00,26.13333333333334,26.13333333333334,0.44,10.9641,51.0,10.0464,0.0,1017.38
2016-06-04 14:00:00,26.799999999999997,26.900000000000002,0.44,5.2486,72.0,11.4471,0.0,1016.68
2016-06-04 15:00:00,25.738888888888887,25.738888888888887,0.55,19.0302,262.0,11.270000000000001,0.0,1016.59
2016-06-04 16:00:00,23.727777777777774,23.727777777777774,0.55,17.066,291.0,11.270000000000001,0.0,1016.44
2016-06-04 17:00:00,21.950000000000003,21.950000000000003,0.6,19.6259,310.0,11.3183,0.0,1016.79
2016-06-04 18:00:00,20.02777777777778,20.02777777777778,0.73,2.4794,67.0,11.270000000000001,0.0,1016.58
2016-06-04 19:00:00,19.07777777777778,19.07777777777778,0.83,11.012400000000001,7.0,11.270000000000001,0.0,1016.06
2016-06-04 20:00:00,20.08888888888889,20.08888888888889,0.78,7.760200000000001,8.0,11.0285,0.0,1015.98
2016-06-04 21:00:00,17.800000000000004,17.800000000000004,0.74,25.8888,201.0,11.2056,0.0,1016.47
2016-06-04 22:00:00,16.761111111111113,16.761111111111113,0.81,13.3952,201.0,15.826300000000002,0.0,1018.48
2016-06-04 23:00:00,16.900000000000002,16.900000000000002,0.81,5.9248,225.0,15.005200000000002,0.0,1017.95
2016-06-05 00:00:00,16.188888888888886,16.188888888888886,0.86,5.7477,345.0,15.874600000000001,0.0,1016.72
2016-06-05 01:00:00,16.16111111111111,16.16111111111111,0.84,10.6582,39.0,15.826300000000002,0.0,1016.41
2016-06-05 02:00:00,16.583333333333332,16.583333333333332,0.88,2.9946,44.0,14.876400000000002,0.0,1014.09
2016-06-05 03:00:00,16.044444444444444,16.044444444444444,0.87,9.7566,108.0,14.9569,0.0,1016.21
2016-06-05 04:00:00,14.005555555555556,14.005555555555556,0.86,7.728,281.0,10.0464,0.0,1015.76
2016-06-05 05:00:00,13.744444444444447,13.744444444444447,0.9,3.4293,51.0,4.7978000000000005,0.0,1015.72
2016-06-05 06:00:00,16.049999999999997,16.049999999999997,0.87,10.465,72.0,4.9910000000000005,0.0,1016.16
2016-06-05 07:00:00,17.25,17.25,0.87,12.187700000000001,62.0,7.212800000000001,0.0,1015.63
2016-06-05 08:00:00,17.977777777777778,17.977777777777778,0.84,12.187700000000001,54.0,11.0285,0.0,1015.43
2016-06-05 09:00:00,20.949999999999996,20.949999999999996,0.74,4.6851,52.0,10.0464,0.0,1015.87
2016-06-05 10:00:00,22.600000000000005,22.600000000000005,0.67,13.5884,38.0,9.982000000000001,0.0,1015.49
2016-06-05 11:00:00,24.361111111111107,24.361111111111107,0.61,11.7208,50.0,9.982000000000001,0.0,1015.19
2016-06-05 12:00:00,24.86111111111111,24.86111111111111,0.52,9.724400000000001,39.0,9.982000000000001,0.0,1014.83
2016-06-05 13:00:00,27.066666666666666,27.37777777777778,0.48,12.316500000000001,48.0,11.270000000000001,0.0,1014.23
2016-06-05 14:00:00,27.144444444444446,27.41111111111111,0.48,11.3505,36.0,10.4006,0.0,1014.06
2016-06-05 15:00:00,27.24444444444445,27.70555555555556,0.51,12.558,20.0,11.2056,0.0,1013.12
2016-06-05 16:00:00,22.583333333333336,22.583333333333336,0.55,13.4274,31.0,11.270000000000001,0.0,1012.31
2016-06-05 17:00:00,20.716666666666672,20.716666666666672,0.69,4.025,206.0,11.4471,0.0,1013.03
2016-06-05 18:00:00,22.283333333333335,22.283333333333335,0.75,4.6368,6.0,10.0464,0.0,1012.21
2016-06-05 19:00:00,21.049999999999997,21.049999999999997,0.79,7.889000000000001,10.0,11.270000000000001,0.0,1012.02
2016-06-05 20:00:00,20.077777777777776,20.077777777777776,0.72,18.1447,181.0,11.0285,0.0,1012.62
2016-06-05 21:00:00,17.82777777777778,17.82777777777778,0.84,10.835300000000002,58.0,11.2056,0.0,1013.87
2016-06-05 22:00:00,17.9,17.9,0.86,9.6922,350.0,12.042800000000002,0.0,1014.03
2016-06-05 23:00:00,17.955555555555552,17.955555555555552,0.87,6.166300000000001,40.0,14.2163,0.0,1014.25
2016-06-06 00:00:00,17.755555555555556,17.755555555555556,0.9,10.2879,101.0,15.729700000000001,0.0,1014.45
2016-06-06 01:00:00,17.244444444444444,17.244444444444444,0.87,3.5259,52.0,15.729700000000001,0.0,1013.97
2016-06-06 02:00:00,14.755555555555556,14.755555555555556,0.9,3.6064000000000007,342.0,14.0875,0.0,1015.27
2016-06-06 03:00:00,17.200000000000003,17.200000000000003,0.84,6.4078,77.0,15.729700000000001,0.0,1013.31
2016-06-06 04:00:00,16.688888888888886,16.688888888888886,0.9,10.8836,49.0,15.729700000000001,0.0,1013.57
2016-06-06 05:00:00,16.849999999999998,16.849999999999998,0.87,10.9319,68.0,11.527600000000001,0.0,1013.9
2016-06-06 06:00:00,17.244444444444444,17.244444444444444,0.87,0.4025,56.0,10.980200000000002,0.0,1014.04
2016-06-06 07:00:00,17.82777777777778,17.82777777777778,0.9,7.631400000000001,70.0,11.0446,0.0,1014.26
2016-06-06 08:00:00,19.81666666666667,19.81666666666667,0.85,11.286100000000001,31.0,10.948,0.0,1014.12
2016-06-06 09:00:00,21.094444444444445,21.094444444444445,0.79,7.8084999999999996,28.0,11.2056,0.0,1014.1
2016-06-06 10:00:00,22.733333333333334,22.733333333333334,0.63,9.209200000000001,78.0,11.2056,0.0,1014.09
2016-06-06 11:00:00,24.527777777777782,24.527777777777782,0.6,7.0035,47.0,10.835300000000002,0.0,1014.37
2016-06-06 12:00:00,24.983333333333334,24.983333333333334,0.51,11.1895,20.0,11.270000000000001,0.0,1014.09
2016-06-06 13:00:00,25.05,25.05,0.51,4.9266000000000005,66.0,11.270000000000001,0.0,1013.59
2016-06-06 14:00:00,23.79444444444444,23.79444444444444,0.67,10.706500000000002,209.0,11.3183,0.0,1013.89
2016-06-06 15:00:00,24.555555555555557,24.555555555555557,0.6,8.6135,211.0,10.980200000000002,0.0,1013.09
2016-06-06 16:00:00,24.694444444444443,24.694444444444443,0.52,8.017800000000001,183.0,11.270000000000001,0.0,1012.94
2016-06-06 17:00:00,24.855555555555554,24.855555555555554,0.51,4.2021,210.0,11.4471,0.0,1013.05
2016-06-06 18:00:00,22.194444444444443,22.194444444444443,0.68,12.1716,340.0,11.270000000000001,0.0,1013.2
2016-06-06 19:00:00,21.088888888888885,21.088888888888885,0.69,12.397,339.0,11.270000000000001,0.0,1013.2
2016-06-06 20:00:00,19.294444444444448,19.294444444444448,0.81,6.9552000000000005,327.0,10.4006,0.0,1014.34
2016-06-06 21:00:00,17.82777777777778,17.82777777777778,0.84,8.1305,328.0,10.0464,0.0,1014.91
2016-06-06 22:00:00,17.22222222222222,17.22222222222222,0.87,6.2146,348.0,15.874600000000001,0.0,1015.68
2016-06-06 23:00:00,17.811111111111114,17.811111111111114,0.86,17.9032,30.0,11.7369,0.0,1015.99
2016-06-07 00:00:00,16.71666666666667,16.71666666666667,0.82,5.8604,10.0,14.812,0.0,1015.9
2016-06-07 01:00:00,15.694444444444445,15.694444444444445,0.87,3.3005,349.0,14.812,0.0,1015.51
2016-06-07 02:00:00,15.36111111111111,15.36111111111111,0.88,6.488300000000001,27.0,9.982000000000001,0.0,1015.2
2016-06-07 03:00:00,14.588888888888887,14.588888888888887,0.87,5.9892,29.0,9.9015,0.0,1015.39
2016-06-07 04:00:00,13.499999999999998,13.499999999999998,0.9,2.9463000000000004,5.0,9.8049,0.0,1015.58
2016-06-07 05:00:00,13.716666666666665,13.716666666666665,0.9,8.017800000000001,32.0,9.7888,0.0,1015.73
2016-06-07 06:00:00,17.066666666666666,17.066666666666666,0.87,9.064300000000001,46.0,7.905100000000001,0.0,1015.7
2016-06-07 07:00:00,18.783333333333335,18.783333333333335,0.84,10.948,39.0,9.9015,0.0,1015.78
2016-06-07 08:00:00,20.888888888888886,20.888888888888886,0.75,9.8049,54.0,9.982000000000001,0.0,1015.74
2016-06-07 09:00:00,22.75555555555555,22.75555555555555,0.66,4.7012,67.0,9.982000000000001,0.0,1015.6
2016-06-07 10:00:00,24.95555555555556,24.95555555555556,0.55,4.9749,12.0,9.982000000000001,0.0,1015.49
2016-06-07 11:00:00,25.933333333333337,25.933333333333337,0.51,7.969500000000001,31.0,10.0303,0.0,1015.55
2016-06-07 12:00:00,27.22222222222222,27.277777777777775,0.44,9.1287,49.0,11.270000000000001,0.0,1015.6
2016-06-07 13:00:00,27.28888888888889,27.150000000000002,0.41,10.996300000000002,19.0,10.0464,0.0,1015.38
2016-06-07 14:00:00,27.277777777777775,27.10555555555556,0.41,7.9373000000000005,97.0,11.4471,0.0,1015.09
2016-06-07 15:00:00,27.75555555555555,27.194444444444443,0.36,8.0983,67.0,10.0464,0.0,1014.75
2016-06-07 16:00:00,26.3,26.3,0.42,8.1144,126.0,11.2056,0.0,1014.06
2016-06-07 17:00:00,25.605555555555558,25.605555555555558,0.48,10.2879,203.0,10.3523,0.0,1014.34
2016-06-07 18:00:00,27.03333333333333,27.12222222222222,0.44,8.9999,186.0,9.982000000000001,0.0,1013.61
2016-06-07 19:00:00,23.927777777777774,23.927777777777774,0.54,2.737,228.0,9.982000000000001,0.0,1013.9
2016-06-07 20:00:00,21.63888888888889,21.63888888888889,0.69,7.293300000000001,305.0,10.3523,0.0,1014.62
2016-06-07 21:00:00,18.038888888888888,18.038888888888888,0.83,7.824600000000001,337.0,9.982000000000001,0.0,1014.88
2016-06-07 22:00:00,17.82777777777778,17.82777777777778,0.81,6.295100000000001,346.0,15.826300000000002,0.0,1015.38
2016-06-07 23:00:00,17.916666666666668,17.916666666666668,0.79,6.1019000000000005,14.0,14.9569,0.0,1015.43
2016-06-08 00:00:00,16.11111111111111,16.11111111111111,0.85,3.0751,341.0,14.9086,0.0,1015.49
2016-06-08 01:00:00,14.633333333333335,14.633333333333335,0.87,6.3112,350.0,9.982000000000001,0.0,1015.47
2016-06-08 02:00:00,17.494444444444447,17.494444444444447,0.78,4.1538,349.0,14.9569,0.0,1016.18
2016-06-08 03:00:00,14.027777777777779,14.027777777777779,0.9,3.5420000000000007,320.0,9.982000000000001,0.0,1015.1
2016-06-08 04:00:00,13.472222222222221,13.472222222222221,0.86,3.3166,313.0,9.982000000000001,0.0,1015.09
2016-06-08 05:00:00,14.22777777777778,14.22777777777778,0.87,1.7871000000000004,279.0,6.8425,0.0,1015.37
2016-06-08 06:00:00,15.072222222222223,15.072222222222223,0.87,0.5152,20.0,6.295100000000001,0.0,1015.59
2016-06-08 07:00:00,17.711111111111112,17.711111111111112,0.9,0.7406,15.0,6.295100000000001,0.0,1015.51
2016-06-08 08:00:00,19.92777777777778,19.92777777777778,0.75,4.1699,126.0,9.982000000000001,0.0,1015.98
2016-06-08 09:00:00,22.77777777777778,22.77777777777778,0.58,2.5760000000000005,147.0,9.982000000000001,0.0,1016.27
2016-06-08 10:00:00,24.922222222222224,24.922222222222224,0.55,2.5760000000000005,160.0,9.982000000000001,0.0,1016.19
2016-06-08 11:00:00,26.2,26.2,0.44,3.4776000000000002,134.0,15.3111,0.0,1016.33
2016-06-08 12:00:00,27.77777777777778,27.227777777777778,0.36,4.2182,208.0,9.982000000000001,0.0,1016.36
2016-06-08 13:00:00,27.84444444444445,27.255555555555556,0.35,3.6869,167.0,9.982000000000001,0.0,1015.98
2016-06-08 14:00:00,27.47222222222222,27.15555555555555,0.39,5.1037,47.0,10.3523,0.0,1016.01
2016-06-08 15:00:00,28.911111111111115,28.227777777777778,0.36,4.0411,23.0,11.2056,0.0,1015.48
2016-06-08 16:00:00,27.29444444444444,27.027777777777782,0.39,8.211,65.0,9.982000000000001,0.0,1014.9
2016-06-08 17:00:00,27.733333333333334,27.31111111111111,0.38,9.9981,43.0,10.3523,0.0,1015.05
2016-06-08 18:00:00,27.77777777777778,27.36111111111111,0.38,9.9981,31.0,10.0464,0.0,1014.78
2016-06-08 19:00:00,26.13333333333334,26.13333333333334,0.47,8.0822,50.0,11.2056,0.0,1014.8
2016-06-08 20:00:00,23.183333333333337,23.183333333333337,0.59,2.3828,71.0,11.0285,0.0,1015.48
2016-06-08 21:00:00,20.161111111111115,20.161111111111115,0.67,10.642100000000001,201.0,11.2056,0.0,1015.87
2016-06-08 22:00:00,19.466666666666672,19.466666666666672,0.68,5.361300000000001,187.0,15.826300000000002,0.0,1016.58
2016-06-08 23:00:00,18.694444444444446,18.694444444444446,0.69,4.0411,263.0,14.9569,0.0,1016.85
2016-06-09 00:00:00,18.311111111111106,18.311111111111106,0.75,10.867500000000001,290.0,15.826300000000002,0.0,1016.7
2016-06-09 01:00:00,18.244444444444447,18.244444444444447,0.75,10.7548,300.0,15.826300000000002,0.0,1016.32
2016-06-09 02:00:00,17.049999999999997,17.049999999999997,0.83,4.8622000000000005,154.0,14.9569,0.0,1015.89
2016-06-09 03:00:00,16.016666666666666,16.016666666666666,0.84,4.508,335.0,15.826300000000002,0.0,1016.87
2016-06-09 04:00:00,15.438888888888888,15.438888888888888,0.84,3.0429,270.0,15.826300000000002,0.0,1016.88
2016-06-09 05:00:00,15.299999999999999,15.299999999999999,0.83,2.9141000000000004,259.0,14.9569,0.0,1017.05
2016-06-09 06:00:00,15.583333333333334,15.583333333333334,0.86,5.313,177.0,15.826300000000002,0.0,1017.0
2016-06-09 07:00:00,18.827777777777776,18.827777777777776,0.78,2.6404,206.0,9.982000000000001,0.0,1016.9
2016-06-09 08:00:00,22.516666666666666,22.516666666666666,0.64,2.415,210.0,11.0285,0.0,1016.9
2016-06-09 09:00:00,23.84444444444445,23.84444444444445,0.54,7.0357,147.0,11.2056,0.0,1017.08
2016-06-09 10:00:00,26.088888888888885,26.088888888888885,0.47,8.5491,209.0,11.2056,0.0,1016.98
2016-06-09 11:00:00,27.044444444444448,26.944444444444443,0.41,7.647500000000001,208.0,11.398800000000001,0.0,1016.98
2016-06-09 12:00:00,27.849999999999998,28.16111111111111,0.48,7.3738,140.0,9.982000000000001,0.0,1016.77
2016-06-09 13:00:00,27.96666666666667,28.005555555555553,0.45,10.851400000000002,140.0,9.982000000000001,0.0,1016.47
2016-06-09 14:00:00,27.322222222222226,27.10555555555556,0.4,4.3309,209.0,11.0768,0.0,1016.08
2016-06-09 15:00:00,27.41111111111111,27.38333333333334,0.43,3.864,186.0,11.270000000000001,0.0,1015.57
2016-06-09 16:00:00,26.43333333333333,26.43333333333333,0.49,9.5312,230.0,11.2056,0.0,1015.52
2016-06-09 17:00:00,26.13333333333334,26.13333333333334,0.48,11.270000000000001,232.0,11.398800000000001,0.0,1015.16
2016-06-09 18:00:00,26.255555555555556,26.255555555555556,0.46,8.5652,217.0,11.270000000000001,0.0,1014.84
2016-06-09 19:00:00,24.172222222222224,24.172222222222224,0.53,12.316500000000001,159.0,11.270000000000001,0.0,1015.14
2016-06-09 20:00:00,22.533333333333335,22.533333333333335,0.64,3.0268,149.0,11.4471,0.0,1015.47
2016-06-09 21:00:00,20.166666666666668,20.166666666666668,0.73,8.1305,132.0,11.2056,0.0,1015.17
2016-06-09 22:00:00,18.983333333333334,18.983333333333334,0.75,3.0268,74.0,15.826300000000002,0.0,1015.94
2016-06-09 23:00:00,18.7,18.7,0.81,6.0536,220.0,15.3111,0.0,1015.97
2016-06-10 00:00:00,16.183333333333334,16.183333333333334,0.87,1.5295,230.0,15.826300000000002,0.0,1015.85
2016-06-10 01:00:00,17.68888888888889,17.68888888888889,0.82,6.262900000000001,149.0,15.826300000000002,0.0,1015.87
2016-06-10 02:00:00,18.455555555555556,18.455555555555556,0.69,13.363000000000001,70.0,15.359399999999999,0.0,1013.29
2016-06-10 03:00:00,16.094444444444445,16.094444444444445,0.84,6.1502,150.0,15.729700000000001,0.0,1015.49
2016-06-10 04:00:00,15.533333333333335,15.533333333333335,0.87,10.9319,140.0,15.729700000000001,0.0,1015.39
2016-06-10 05:00:00,15.25,15.25,0.88,5.9248,166.0,8.2593,0.0,1015.42
2016-06-10 06:00:00,17.08888888888889,17.08888888888889,0.82,9.0965,139.0,6.118,0.0,1015.49
2016-06-10 07:00:00,18.8,18.8,0.79,7.8729,188.0,9.8049,0.0,1015.55
2016-06-10 08:00:00,21.927777777777777,21.927777777777777,0.67,7.889000000000001,188.0,9.9015,0.0,1015.65
2016-06-10 09:00:00,22.988888888888887,22.988888888888887,0.62,4.9749,190.0,9.982000000000001,0.0,1015.83
2016-06-10 10:00:00,26.16111111111111,26.16111111111111,0.5,3.3488,178.0,11.2056,0.0,1015.54
2016-06-10 11:00:00,27.15555555555555,27.227777777777778,0.44,4.7656,153.0,10.3523,0.0,1015.33
2016-06-10 12:00:00,27.944444444444443,27.59444444444445,0.4,4.6368,172.0,9.982000000000001,0.0,1015.22
2016-06-10 13:00:00,28.577777777777776,28.316666666666666,0.41,4.250400000000001,176.0,10.948,0.0,1014.34
2016-06-10 14:00:00,28.63888888888889,28.044444444444448,0.37,12.042800000000002,210.0,11.2056,0.0,1013.87
2016-06-10 15:00:00,29.805555555555557,28.5,0.29,8.05,199.0,9.9015,0.0,1013.16
2016-06-10 16:00:00,28.833333333333332,28.188888888888886,0.37,7.969500000000001,209.0,10.0464,0.0,1012.67
2016-06-10 17:00:00,28.827777777777776,27.866666666666664,0.32,4.1538,207.0,10.4006,0.0,1012.55
2016-06-10 18:00:00,28.744444444444444,27.811111111111114,0.33,2.3345000000000002,287.0,11.270000000000001,0.0,1012.27
2016-06-10 19:00:00,26.172222222222224,26.172222222222224,0.57,3.1234,221.0,11.270000000000001,0.0,1012.45
2016-06-10 20:00:00,22.88888888888889,22.88888888888889,0.68,2.5760000000000005,129.0,11.4471,0.0,1012.8
2016-06-10 21:00:00,20.155555555555555,20.155555555555555,0.72,4.7656,358.0,10.0464,0.0,1013.06
2016-06-10 22:00:00,19.511111111111113,19.511111111111113,0.7,6.7942,44.0,15.874600000000001,0.0,1013.53
2016-06-10 23:00:00,20.12777777777778,20.12777777777778,0.66,12.783400000000002,68.0,15.005200000000002,0.0,1013.57
2016-06-11 00:00:00,18.377777777777776,18.377777777777776,0.71,14.0553,32.0,15.874600000000001,0.0,1013.86
2016-06-11 01:00:00,18.83888888888889,18.83888888888889,0.66,16.711800000000004,31.0,15.826300000000002,0.0,1013.54
2016-06-11 02:00:00,15.644444444444442,15.644444444444442,0.88,8.017800000000001,30.0,14.9569,0.0,1010.58
2016-06-11 03:00:00,17.733333333333334,17.733333333333334,0.68,5.618900000000001,98.0,15.826300000000002,0.0,1012.39
2016-06-11 04:00:00,15.622222222222222,15.622222222222222,0.79,2.6565,216.0,15.874600000000001,0.0,1012.43
2016-06-11 05:00:00,15.833333333333334,15.833333333333334,0.82,4.9910000000000005,106.0,14.876400000000002,0.0,1012.0
2016-06-11 06:00:00,16.183333333333334,16.183333333333334,0.87,15.6009,352.0,11.125100000000002,0.0,1012.92
2016-06-11 07:00:00,17.31666666666667,17.31666666666667,0.87,1.8032000000000004,154.0,11.2056,0.0,1012.54
2016-06-11 08:00:00,18.927777777777774,18.927777777777774,0.79,8.533,139.0,11.0768,0.0,1012.32
2016-06-11 09:00:00,22.266666666666666,22.266666666666666,0.59,7.631400000000001,182.0,11.270000000000001,0.0,1012.58
2016-06-11 10:00:00,22.89444444444444,22.89444444444444,0.57,4.7656,242.0,10.0464,0.0,1012.38
2016-06-11 11:00:00,24.644444444444446,24.644444444444446,0.52,4.9266000000000005,199.0,11.0768,0.0,1012.67
2016-06-11 12:00:00,25.533333333333328,25.533333333333328,0.5,6.4561,224.0,15.874600000000001,0.0,1012.28
2016-06-11 13:00:00,27.150000000000002,27.24444444444445,0.45,3.8479000000000005,58.0,11.270000000000001,0.0,1011.87
2016-06-11 14:00:00,27.03888888888889,27.344444444444445,0.48,7.550900000000001,168.0,11.0285,0.0,1011.22
2016-06-11 15:00:00,27.800000000000004,27.922222222222224,0.46,6.923,44.0,11.2056,0.0,1010.64
2016-06-11 16:00:00,26.32222222222222,26.32222222222222,0.49,7.985600000000001,109.0,11.2056,0.0,1009.67
2016-06-11 17:00:00,23.966666666666665,23.966666666666665,0.56,12.1394,193.0,11.0285,0.0,1010.49
2016-06-11 18:00:00,23.144444444444442,23.144444444444442,0.64,13.2664,201.0,11.270000000000001,0.0,1009.97
2016-06-11 19:00:00,22.866666666666664,22.866666666666664,0.66,19.7386,229.0,11.270000000000001,0.0,1009.82
2016-06-11 20:00:00,21.311111111111114,21.311111111111114,0.74,8.629600000000002,228.0,11.0768,0.0,1009.4
2016-06-11 21:00:00,21.16111111111111,21.16111111111111,0.73,8.903300000000002,133.0,11.2056,0.0,1010.22
2016-06-11 22:00:00,19.53888888888889,19.53888888888889,0.78,10.465,131.0,15.826300000000002,0.0,1011.02
2016-06-11 23:00:00,18.150000000000002,18.150000000000002,0.87,6.3756,150.0,15.005200000000002,0.0,1010.97
2016-06-12 00:00:00,16.805555555555557,16.805555555555557,0.87,5.570600000000001,199.0,15.826300000000002,0.0,1010.58
2016-06-12 01:00:00,16.81111111111111,16.81111111111111,0.87,3.1073,207.0,15.826300000000002,0.0,1010.38
2016-06-12 02:00:00,15.583333333333334,15.583333333333334,0.9,2.6726,171.0,8.05,0.0,1009.39
2016-06-12 03:00:00,14.027777777777779,14.027777777777779,0.9,3.1073,22.0,15.826300000000002,0.0,1009.96
2016-06-12 04:00:00,14.005555555555556,14.005555555555556,0.9,0.0,0.0,15.826300000000002,0.0,1009.68
2016-06-12 05:00:00,14.222222222222221,14.222222222222221,0.91,3.2844,84.0,5.2969,0.0,1009.59
2016-06-12 06:00:00,16.072222222222223,16.072222222222223,0.93,4.6046000000000005,140.0,5.0393,0.0,1009.57
2016-06-12 07:00:00,18.8,18.8,0.84,4.4275,136.0,9.9015,0.0,1009.57
2016-06-12 08:00:00,20.97222222222222,20.97222222222222,0.71,4.6207,121.0,9.6278,0.0,1009.88
2016-06-12 09:00:00,22.82777777777778,22.82777777777778,0.66,9.595600000000001,109.0,9.982000000000001,0.0,1010.06
2016-06-12 10:00:00,23.93888888888889,23.93888888888889,0.62,9.450700000000001,120.0,11.2056,0.0,1010.26
2016-06-12 11:00:00,25.061111111111114,25.061111111111114,0.58,9.064300000000001,135.0,11.0768,0.0,1010.34
2016-06-12 12:00:00,26.25,26.25,0.45,10.7387,131.0,11.270000000000001,0.0,1010.06
2016-06-12 13:00:00,27.31666666666667,27.055555555555557,0.39,4.9427,104.0,10.0464,0.0,1009.45
2016-06-12 14:00:00,27.722222222222225,27.25,0.37,10.0303,113.0,10.4006,0.0,1009.04
2016-06-12 15:00:00,27.733333333333334,27.188888888888886,0.36,8.017800000000001,123.0,10.0464,0.0,1008.65
2016-06-12 16:00:00,27.666666666666668,27.29444444444444,0.39,9.4185,124.0,10.0464,0.0,1008.29
2016-06-12 17:00:00,26.533333333333335,26.533333333333335,0.4,8.9999,193.0,10.4006,0.0,1008.09
2016-06-12 18:00:00,25.055555555555554,25.055555555555554,0.54,15.3433,250.0,10.0464,0.0,1007.98
2016-06-12 19:00:00,24.038888888888884,24.038888888888884,0.57,10.626,269.0,9.982000000000001,0.0,1007.98
2016-06-12 20:00:00,22.272222222222226,22.272222222222226,0.64,9.5473,278.0,10.3523,0.0,1008.41
2016-06-12 21:00:00,20.166666666666668,20.166666666666668,0.68,4.8622000000000005,235.0,9.982000000000001,0.0,1008.84
2016-06-12 22:00:00,18.5,18.5,0.75,3.4776000000000002,237.0,15.826300000000002,0.0,1009.16
2016-06-12 23:00:00,17.711111111111112,17.711111111111112,0.82,3.9606000000000003,209.0,14.9569,0.0,1009.63
2016-06-13 00:00:00,16.255555555555553,16.255555555555553,0.87,3.059,159.0,14.9086,0.0,1009.47
2016-06-13 01:00:00,15.122222222222222,15.122222222222222,0.87,3.2039,219.0,9.982000000000001,0.0,1009.27
2016-06-13 02:00:00,16.772222222222222,16.772222222222222,0.88,4.2182,194.0,9.982000000000001,0.0,1010.31
2016-06-13 03:00:00,15.583333333333334,15.583333333333334,0.9,6.295100000000001,189.0,6.295100000000001,0.0,1009.37
2016-06-13 04:00:00,15.027777777777779,15.027777777777779,0.87,5.9087000000000005,189.0,6.1985,0.0,1009.27
2016-06-13 05:00:00,14.799999999999999,14.799999999999999,0.91,6.3756,200.0,6.7781,0.0,1009.56
2016-06-13 06:00:00,16.144444444444446,16.144444444444446,0.93,1.6744,159.0,7.1323,0.0,1009.56
2016-06-13 07:00:00,18.96111111111111,18.96111111111111,0.84,3.059,247.0,9.9015,0.0,1009.36
2016-06-13 08:00:00,22.59444444444445,22.59444444444445,0.68,4.6690000000000005,215.0,9.982000000000001,0.0,1009.46
2016-06-13 09:00:00,25.05,25.05,0.58,12.525800000000002,191.0,9.982000000000001,0.0,1009.65
2016-06-13 10:00:00,26.16111111111111,26.16111111111111,0.54,10.996300000000002,182.0,9.982000000000001,0.0,1009.94
2016-06-13 11:00:00,26.999999999999996,27.31666666666667,0.48,9.8693,198.0,11.4471,0.0,1010.13
2016-06-13 12:00:00,27.77777777777778,27.883333333333333,0.46,12.4936,181.0,11.270000000000001,0.0,1009.95
2016-06-13 13:00:00,28.86666666666666,28.205555555555552,0.37,11.0929,191.0,11.270000000000001,0.0,1009.54
2016-06-13 14:00:00,28.388888888888886,27.972222222222218,0.39,9.8693,219.0,10.110800000000001,0.0,1009.23
2016-06-13 15:00:00,28.761111111111106,28.133333333333333,0.37,11.012400000000001,181.0,10.0464,0.0,0.0
2016-06-13 16:00:00,28.788888888888884,28.15555555555556,0.37,7.7440999999999995,145.0,10.0464,0.0,1007.99
2016-06-13 17:00:00,28.994444444444444,28.305555555555557,0.36,4.6368,207.0,10.4006,0.0,1008.08
2016-06-13 18:00:00,29.90555555555555,29.022222222222222,0.34,4.4758,247.0,11.270000000000001,0.0,1007.68
2016-06-13 19:00:00,23.238888888888887,23.238888888888887,0.56,24.005100000000002,130.0,11.270000000000001,0.0,1007.87
2016-06-13 20:00:00,21.733333333333334,21.733333333333334,0.58,13.8299,132.0,11.4471,0.0,1009.35
2016-06-13 21:00:00,19.188888888888894,19.188888888888894,0.77,9.965900000000001,220.0,10.0464,0.0,1009.54
2016-06-13 22:00:00,19.561111111111106,19.561111111111106,0.73,6.230700000000001,205.0,15.826300000000002,0.0,1010.16
2016-06-13 23:00:00,18.23333333333333,18.23333333333333,0.79,3.4615,148.0,14.9569,0.0,1010.07
2016-06-14 00:00:00,18.28888888888889,18.28888888888889,0.84,6.44,130.0,14.9086,0.0,1010.16
2016-06-14 01:00:00,17.733333333333334,17.733333333333334,0.84,6.166300000000001,155.0,14.9086,0.0,1010.35
2016-06-14 02:00:00,18.87222222222222,18.87222222222222,0.83,3.5903,161.0,14.9569,0.0,1010.12
2016-06-14 03:00:00,16.666666666666668,16.666666666666668,0.9,6.1502,149.0,8.1305,0.0,1010.35
2016-06-14 04:00:00,16.622222222222224,16.622222222222224,0.9,6.0858,147.0,8.05,0.0,1010.28
2016-06-14 05:00:00,15.872222222222222,15.872222222222222,0.91,5.9892,135.0,6.3434,0.0,1010.53
2016-06-14 06:00:00,17.68888888888889,17.68888888888889,0.9,7.9373000000000005,149.0,6.021400000000001,0.0,1010.77
2016-06-14 07:00:00,19.983333333333334,19.983333333333334,0.79,9.466800000000001,150.0,7.8729,0.0,1010.87
2016-06-14 08:00:00,22.58888888888889,22.58888888888889,0.73,8.2593,160.0,9.837100000000001,0.0,1011.02
2016-06-14 09:00:00,25.02777777777778,25.02777777777778,0.62,7.856800000000001,198.0,9.9015,0.0,1011.25
2016-06-14 10:00:00,26.20555555555556,26.20555555555556,0.54,9.4829,188.0,11.2056,0.0,1011.34
2016-06-14 11:00:00,27.205555555555556,27.505555555555556,0.48,8.017800000000001,175.0,11.0768,0.0,1011.35
2016-06-14 12:00:00,27.872222222222224,28.516666666666666,0.52,10.770900000000001,178.0,9.982000000000001,0.0,1011.34
2016-06-14 13:00:00,27.916666666666668,27.994444444444444,0.46,9.579500000000001,170.0,10.0464,0.0,1010.77
2016-06-14 14:00:00,28.86111111111111,28.75,0.43,9.4829,159.0,10.3523,0.0,1010.5
2016-06-14 15:00:00,30.050000000000004,29.422222222222217,0.37,12.960500000000001,170.0,9.982000000000001,0.0,0.0
2016-06-14 16:00:00,30.0,29.36111111111111,0.37,12.6385,188.0,9.982000000000001,0.0,0.0
2016-06-14 17:00:00,28.944444444444443,28.588888888888885,0.4,10.9319,178.0,11.4471,0.0,1008.85
2016-06-14 18:00:00,28.811111111111114,28.761111111111106,0.44,7.1967,173.0,10.0464,0.0,1008.56
2016-06-14 19:00:00,27.31666666666667,27.76666666666667,0.51,9.080400000000001,162.0,10.0464,0.0,1008.84
2016-06-14 20:00:00,25.244444444444444,25.244444444444444,0.58,7.792400000000001,144.0,10.3523,0.0,1009.22
2016-06-14 21:00:00,22.916666666666668,22.916666666666668,0.7,7.969500000000001,140.0,9.982000000000001,0.0,1009.74
2016-06-14 22:00:00,22.22222222222222,22.22222222222222,0.71,6.5205,140.0,15.826300000000002,0.0,1010.35
2016-06-14 23:00:00,20.966666666666665,20.966666666666665,0.76,3.703,165.0,15.3111,0.0,1010.28
2016-06-15 00:00:00,20.05,20.05,0.78,6.3112,150.0,15.504300000000002,0.0,1010.55
2016-06-15 01:00:00,18.96111111111111,18.96111111111111,0.84,6.44,152.0,15.826300000000002,0.0,1010.56
2016-06-15 02:00:00,19.66666666666667,19.66666666666667,0.84,5.9248,191.0,15.3111,0.0,1008.5
2016-06-15 03:00:00,18.82222222222222,18.82222222222222,0.82,6.1341,140.0,15.826300000000002,0.0,1009.67
2016-06-15 04:00:00,18.28888888888889,18.28888888888889,0.84,6.1341,150.0,15.729700000000001,0.0,1009.64
2016-06-15 05:00:00,18.28333333333333,18.28333333333333,0.86,6.1824,149.0,6.1502,0.0,1009.96
2016-06-15 06:00:00,18.850000000000005,18.850000000000005,0.84,4.6851,150.0,4.9910000000000005,0.0,1010.17
2016-06-15 07:00:00,22.116666666666667,22.116666666666667,0.74,8.162700000000001,151.0,9.7566,0.0,1010.36
2016-06-15 08:00:00,23.88888888888889,23.88888888888889,0.68,5.8443000000000005,167.0,9.9015,0.0,1010.63
2016-06-15 09:00:00,27.22222222222222,27.916666666666668,0.54,7.8729,162.0,9.982000000000001,0.0,1010.43
2016-06-15 10:00:00,27.82777777777778,27.972222222222218,0.46,9.708300000000001,171.0,10.0464,0.0,1010.24
2016-06-15 11:00:00,28.833333333333332,29.25,0.48,12.4936,184.0,10.0303,0.0,1010.26
2016-06-15 12:00:00,30.050000000000004,30.13888888888889,0.43,14.3934,181.0,10.0464,0.0,1009.75
2016-06-15 13:00:00,31.04444444444444,30.738888888888887,0.38,14.329,191.0,10.255700000000001,0.0,1009.34
2016-06-15 14:00:00,31.03888888888889,31.06666666666667,0.41,21.8638,199.0,11.4471,0.0,1008.97
2016-06-15 15:00:00,31.13333333333334,30.444444444444443,0.35,14.312900000000003,183.0,10.0464,0.0,1008.52
2016-06-15 16:00:00,31.161111111111115,31.216666666666665,0.41,17.436300000000003,191.0,10.0464,0.0,1007.72
2016-06-15 17:00:00,31.011111111111106,30.98333333333333,0.4,14.9086,185.0,10.3523,0.0,1007.37
2016-06-15 18:00:00,31.13333333333334,30.41111111111111,0.35,11.3666,193.0,9.982000000000001,0.0,1006.92
2016-06-15 19:00:00,29.00555555555555,29.14444444444444,0.45,11.0929,183.0,9.982000000000001,0.0,1006.83
2016-06-15 20:00:00,26.666666666666668,27.40555555555555,0.55,8.1305,177.0,10.3523,0.0,1007.18
2016-06-15 21:00:00,24.050000000000004,24.050000000000004,0.65,7.905100000000001,162.0,9.982000000000001,0.0,1007.41
2016-06-15 22:00:00,23.383333333333336,23.383333333333336,0.66,10.787,161.0,15.826300000000002,0.0,1007.73
2016-06-15 23:00:00,21.994444444444447,21.994444444444447,0.72,6.295100000000001,159.0,14.9569,0.0,1007.87
2016-06-16 00:00:00,21.605555555555554,21.605555555555554,0.73,6.279,170.0,15.826300000000002,0.0,1007.95
2016-06-16 01:00:00,20.511111111111113,20.511111111111113,0.78,6.44,130.0,15.826300000000002,0.0,1007.87
2016-06-16 02:00:00,16.62777777777778,16.62777777777778,0.88,5.0393,207.0,9.982000000000001,0.0,1010.86
2016-06-16 03:00:00,19.00555555555555,19.00555555555555,0.84,5.796,199.0,15.826300000000002,0.0,1007.67
2016-06-16 04:00:00,19.544444444444448,19.544444444444448,0.81,6.5044,181.0,15.649200000000002,0.0,1007.47
2016-06-16 05:00:00,20.288888888888884,20.288888888888884,0.73,17.2109,280.0,14.2163,0.0,1008.02
2016-06-16 06:00:00,17.849999999999998,17.849999999999998,0.9,9.3541,158.0,11.0446,0.0,1008.08
2016-06-16 07:00:00,19.977777777777774,19.977777777777774,0.84,7.969500000000001,170.0,11.125100000000002,0.0,1009.04
2016-06-16 08:00:00,20.12222222222222,20.12222222222222,0.85,3.9606000000000003,143.0,10.948,0.0,1009.61
2016-06-16 09:00:00,21.33888888888889,21.33888888888889,0.8,4.1055,92.0,11.270000000000001,0.0,1009.96
2016-06-16 10:00:00,22.805555555555557,22.805555555555557,0.72,2.0286,270.0,11.270000000000001,0.0,1009.82
2016-06-16 11:00:00,24.87222222222222,24.87222222222222,0.64,5.7477,56.0,11.0768,0.0,1010.19
2016-06-16 12:00:00,22.76111111111111,22.76111111111111,0.7,7.647500000000001,354.0,11.270000000000001,0.0,1010.43
2016-06-16 13:00:00,22.272222222222226,22.272222222222226,0.79,2.2218,95.0,11.270000000000001,0.0,1010.57
2016-06-16 14:00:00,22.194444444444443,22.194444444444443,0.81,7.486500000000001,276.0,10.0303,0.0,1010.19
2016-06-16 15:00:00,23.033333333333328,23.033333333333328,0.69,5.1037,299.0,10.0464,0.0,1009.94
2016-06-16 16:00:00,23.099999999999998,23.099999999999998,0.69,3.6225,246.0,10.0464,0.0,1009.92
2016-06-16 17:00:00,23.883333333333333,23.883333333333333,0.66,7.0357,246.0,9.982000000000001,0.0,1009.74
2016-06-16 18:00:00,25.18333333333333,25.18333333333333,0.6,7.6796999999999995,233.0,11.2056,0.0,1009.33
2016-06-16 19:00:00,24.02777777777778,24.02777777777778,0.61,9.209200000000001,223.0,11.2056,0.0,1009.25
2016-06-16 20:00:00,21.5,21.5,0.72,7.084000000000001,177.0,9.982000000000001,0.0,1009.73
2016-06-16 21:00:00,20.13888888888889,20.13888888888889,0.82,7.228900000000001,194.0,9.982000000000001,0.0,1009.95
2016-06-16 22:00:00,18.96111111111111,18.96111111111111,0.83,5.9409,190.0,14.9086,0.0,1010.57
2016-06-16 23:00:00,19.499999999999996,19.499999999999996,0.87,10.8997,218.0,13.8138,0.0,1011.01
2016-06-17 00:00:00,17.733333333333334,17.733333333333334,0.87,3.5903,180.0,14.9086,0.0,1010.79
2016-06-17 01:00:00,17.127777777777776,17.127777777777776,0.87,2.9785000000000004,269.0,11.9784,0.0,1011.27
2016-06-17 02:00:00,16.894444444444442,16.894444444444442,0.86,3.1073,195.0,14.4739,0.0,1012.23
2016-06-17 03:00:00,15.511111111111113,15.511111111111113,0.9,3.3166,318.0,4.2987,0.0,1011.36
2016-06-17 04:00:00,15.466666666666669,15.466666666666669,0.9,3.1878,345.0,2.3023000000000002,0.0,1011.19
2016-06-17 05:00:00,14.711111111111109,14.711111111111109,0.94,2.9785000000000004,340.0,2.4311000000000003,0.0,1011.5
2016-06-17 06:00:00,17.13888888888889,17.13888888888889,0.93,3.0751,191.0,6.295100000000001,0.0,1011.81
2016-06-17 07:00:00,20.883333333333336,20.883333333333336,0.74,0.22540000000000004,314.0,11.2056,0.0,1012.08
2016-06-17 08:00:00,21.894444444444442,21.894444444444442,0.72,5.152000000000001,241.0,10.4972,0.0,1012.3
2016-06-17 09:00:00,23.744444444444444,23.744444444444444,0.59,4.3631,213.0,11.270000000000001,0.0,1012.42
2016-06-17 10:00:00,26.900000000000002,26.855555555555558,0.41,7.438200000000001,321.0,11.270000000000001,0.0,1012.51
2016-06-17 11:00:00,26.450000000000003,26.450000000000003,0.43,4.2665,5.0,15.005200000000002,0.0,1012.59
2016-06-17 12:00:00,27.17777777777778,26.683333333333334,0.34,10.4167,309.0,11.270000000000001,0.0,1012.6
2016-06-17 13:00:00,27.199999999999996,26.772222222222222,0.35,8.645700000000001,272.0,11.2056,0.0,1012.6
2016-06-17 14:00:00,27.68333333333333,27.305555555555557,0.39,10.126900000000001,239.0,11.398800000000001,0.0,1012.19
2016-06-17 15:00:00,28.88888888888889,28.183333333333337,0.36,9.3541,249.0,11.2056,0.0,1011.95
2016-06-17 16:00:00,27.849999999999998,27.41111111111111,0.38,4.9910000000000005,205.0,11.2056,0.0,1011.66
2016-06-17 17:00:00,27.788888888888884,27.327777777777776,0.37,1.1592,45.0,15.3111,0.0,1011.27
2016-06-17 18:00:00,27.82777777777778,27.24444444444445,0.35,5.2808,218.0,9.982000000000001,0.0,1010.97
2016-06-17 19:00:00,27.17777777777778,26.98333333333333,0.4,7.695800000000001,265.0,9.982000000000001,0.0,1011.07
2016-06-17 20:00:00,23.466666666666665,23.466666666666665,0.56,7.9373000000000005,235.0,10.3523,0.0,1011.24
2016-06-17 21:00:00,21.3,21.3,0.68,8.1949,220.0,9.982000000000001,0.0,1011.56
2016-06-17 22:00:00,20.100000000000005,20.100000000000005,0.73,6.1019000000000005,229.0,15.826300000000002,0.0,1012.34
2016-06-17 23:00:00,20.33333333333333,20.33333333333333,0.76,6.810300000000001,193.0,14.9569,0.0,1012.51
2016-06-18 00:00:00,19.383333333333333,19.383333333333333,0.78,3.2039,181.0,15.826300000000002,0.0,1012.54
2016-06-18 01:00:00,18.28888888888889,18.28888888888889,0.81,3.3327,163.0,15.826300000000002,0.0,1012.09
2016-06-18 02:00:00,17.23888888888889,17.23888888888889,0.77,6.359500000000001,226.0,14.9569,0.0,1013.86
2016-06-18 03:00:00,17.17777777777778,17.17777777777778,0.87,6.262900000000001,170.0,15.826300000000002,0.0,1012.16
2016-06-18 04:00:00,16.67222222222222,16.67222222222222,0.87,6.262900000000001,179.0,15.826300000000002,0.0,1012.15
2016-06-18 05:00:00,17.03333333333333,17.03333333333333,0.87,5.9892,173.0,14.9569,0.0,1011.95
2016-06-18 06:00:00,17.299999999999997,17.299999999999997,0.84,6.5205,180.0,14.812,0.0,1012.05
2016-06-18 07:00:00,21.049999999999997,21.049999999999997,0.73,7.921200000000001,208.0,9.982000000000001,0.0,1011.94
2016-06-18 08:00:00,24.583333333333332,24.583333333333332,0.61,9.6117,206.0,9.982000000000001,0.0,1011.93
2016-06-18 09:00:00,27.133333333333336,27.227777777777778,0.45,15.761899999999999,221.0,9.982000000000001,0.0,1011.92
2016-06-18 10:00:00,27.22222222222222,27.438888888888886,0.47,12.6707,184.0,9.982000000000001,0.0,1011.83
2016-06-18 11:00:00,28.605555555555554,28.35555555555556,0.42,13.7011,209.0,10.3523,0.0,1011.81
2016-06-18 12:00:00,29.90555555555555,28.81666666666667,0.32,22.024800000000003,230.0,9.982000000000001,0.0,1011.45
2016-06-18 13:00:00,30.97222222222222,29.966666666666665,0.33,17.8871,230.0,9.982000000000001,0.0,1011.25
2016-06-18 14:00:00,29.616666666666667,28.850000000000005,0.36,15.890699999999999,231.0,10.3523,0.0,1011.51
2016-06-18 15:00:00,29.838888888888885,29.08888888888889,0.36,20.463100000000004,250.0,9.982000000000001,0.0,1011.26
2016-06-18 16:00:00,27.84444444444445,27.555555555555554,0.4,13.121500000000001,259.0,9.982000000000001,0.0,1011.43
2016-06-18 17:00:00,28.65555555555555,28.42222222222222,0.42,14.876400000000002,261.0,10.3523,0.0,1011.27
2016-06-18 18:00:00,29.79444444444444,29.25555555555555,0.38,12.7512,268.0,9.982000000000001,0.0,1010.96
2016-06-18 19:00:00,27.75555555555555,27.90555555555556,0.47,11.672500000000001,281.0,9.982000000000001,0.0,1011.1
2016-06-18 20:00:00,25.272222222222222,25.272222222222222,0.54,10.6582,252.0,10.3523,0.0,1011.9
2016-06-18 21:00:00,22.338888888888885,22.338888888888885,0.67,8.903300000000002,274.0,9.982000000000001,0.0,1012.31
2016-06-18 22:00:00,20.72222222222222,20.72222222222222,0.72,11.414900000000001,270.0,15.826300000000002,0.0,1013.19
2016-06-18 23:00:00,19.938888888888886,19.938888888888886,0.71,11.0607,278.0,14.9569,0.0,1013.48
2016-06-19 00:00:00,17.5,17.5,0.77,6.6493,281.0,15.826300000000002,0.0,1013.79
2016-06-19 01:00:00,17.38888888888889,17.38888888888889,0.74,6.552700000000001,307.0,15.826300000000002,0.0,1013.89
2016-06-19 02:00:00,17.861111111111114,17.861111111111114,0.83,3.9123000000000006,273.0,14.9569,0.0,1014.97
2016-06-19 03:00:00,15.75,15.75,0.81,6.1824,206.0,15.826300000000002,0.0,1014.27
2016-06-19 04:00:00,14.777777777777779,14.777777777777779,0.82,6.44,280.0,14.9086,0.0,1014.56
2016-06-19 05:00:00,15.294444444444444,15.294444444444444,0.82,2.6565,248.0,14.168000000000003,0.0,1014.95
2016-06-19 06:00:00,17.783333333333335,17.783333333333335,0.79,6.44,330.0,9.982000000000001,0.0,1014.99
2016-06-19 07:00:00,23.549999999999997,23.549999999999997,0.6,7.422100000000001,7.0,9.982000000000001,0.0,1014.91
2016-06-19 08:00:00,22.62222222222222,22.62222222222222,0.6,12.3648,261.0,9.982000000000001,0.0,1015.51
2016-06-19 09:00:00,24.87222222222222,24.87222222222222,0.52,15.230600000000003,269.0,9.982000000000001,0.0,1015.87
2016-06-19 10:00:00,25.977777777777778,25.977777777777778,0.49,9.3541,308.0,9.982000000000001,0.0,1016.05
2016-06-19 11:00:00,27.438888888888886,27.43333333333333,0.44,8.0017,342.0,10.4006,0.0,1015.95
2016-06-19 12:00:00,27.68888888888889,27.511111111111106,0.42,8.9999,347.0,10.0464,0.0,1015.57
2016-06-19 13:00:00,27.76111111111111,27.55,0.41,8.1144,318.0,10.0464,0.0,1015.37
2016-06-19 14:00:00,29.81666666666667,29.11666666666666,0.36,7.567000000000001,294.0,10.3523,0.0,1015.19
2016-06-19 15:00:00,28.983333333333334,28.299999999999997,0.36,7.776300000000001,192.0,9.982000000000001,0.0,1014.63
2016-06-19 16:00:00,28.983333333333334,28.377777777777776,0.38,9.0965,165.0,10.0464,0.0,1014.15
2016-06-19 17:00:00,30.75,29.994444444444444,0.35,10.5455,229.0,10.4006,0.0,1013.98
2016-06-19 18:00:00,28.911111111111115,28.299999999999997,0.37,7.969500000000001,213.0,9.982000000000001,0.0,1013.76
2016-06-19 19:00:00,28.911111111111115,28.316666666666666,0.38,5.0393,221.0,9.982000000000001,0.0,1013.86
2016-06-19 20:00:00,26.483333333333334,26.483333333333334,0.53,4.347,236.0,11.4471,0.0,1013.86
2016-06-19 21:00:00,22.45555555555556,22.45555555555556,0.67,5.0876,212.0,11.270000000000001,0.0,1014.07
2016-06-19 22:00:00,21.233333333333334,21.233333333333334,0.73,6.44,110.0,15.826300000000002,0.0,1014.77
2016-06-19 23:00:00,19.466666666666672,19.466666666666672,0.81,3.3327,210.0,15.3111,0.0,1014.76
2016-06-20 00:00:00,18.40555555555555,18.40555555555555,0.81,3.6547,25.0,15.826300000000002,0.0,1014.97
2016-06-20 01:00:00,18.311111111111106,18.311111111111106,0.84,7.2611,66.0,15.826300000000002,0.0,1014.99
2016-06-20 02:00:00,19.638888888888886,19.638888888888886,0.86,5.2486,336.0,12.4292,0.0,1015.54
2016-06-20 03:00:00,16.666666666666668,16.666666666666668,0.87,3.22,320.0,15.826300000000002,0.0,1015.19
2016-06-20 04:00:00,15.627777777777778,15.627777777777778,0.87,3.1878,38.0,15.826300000000002,0.0,1015.1
2016-06-20 05:00:00,15.961111111111109,15.961111111111109,0.88,3.2683,345.0,15.3111,0.0,1015.43
2016-06-20 06:00:00,17.711111111111112,17.711111111111112,0.9,3.2039,321.0,9.9015,0.0,1015.5
2016-06-20 07:00:00,21.97222222222222,21.97222222222222,0.7,8.2593,28.0,9.982000000000001,0.0,1015.51
2016-06-20 08:00:00,23.95555555555556,23.95555555555556,0.63,10.143,40.0,10.3523,0.0,1015.62
2016-06-20 09:00:00,26.12777777777778,26.12777777777778,0.5,8.1949,83.0,9.982000000000001,0.0,1015.66
2016-06-20 10:00:00,27.772222222222222,28.111111111111107,0.49,5.0715,100.0,9.982000000000001,0.0,1015.55
2016-06-20 11:00:00,28.922222222222224,28.883333333333333,0.44,5.554500000000001,107.0,10.3523,0.0,1015.36
2016-06-20 12:00:00,31.03888888888889,30.71111111111111,0.38,3.3649,155.0,9.982000000000001,0.0,1015.17
2016-06-20 13:00:00,32.099999999999994,31.166666666666668,0.32,8.500800000000002,242.0,10.255700000000001,0.0,1014.85
2016-06-20 14:00:00,32.06666666666667,31.127777777777776,0.32,3.864,168.0,10.3523,0.0,1014.42
2016-06-20 15:00:00,32.28888888888889,31.172222222222224,0.3,6.279,156.0,15.826300000000002,0.0,1014.15
2016-06-20 16:00:00,32.205555555555556,31.166666666666668,0.31,6.3434,95.0,14.457800000000002,0.0,1014.07
2016-06-20 17:00:00,31.77777777777778,30.944444444444443,0.33,10.2718,63.0,12.4292,0.0,1013.98
2016-06-20 18:00:00,31.161111111111115,30.53888888888889,0.36,9.080400000000001,59.0,12.2682,0.0,1013.86
2016-06-20 19:00:00,30.32222222222222,29.966666666666665,0.39,6.0697,55.0,12.477500000000001,0.0,1013.73
2016-06-20 20:00:00,29.22222222222222,29.216666666666672,0.44,4.4758,54.0,12.4292,0.0,1013.7
2016-06-20 21:00:00,27.788888888888884,28.227777777777778,0.5,6.7620000000000005,62.0,11.753,0.0,1013.97
2016-06-20 22:00:00,26.094444444444445,26.094444444444445,0.58,10.5938,67.0,10.8192,0.0,1014.36
2016-06-20 23:00:00,24.333333333333332,24.333333333333332,0.65,11.801300000000001,68.0,9.982000000000001,0.0,1014.4
2016-06-21 00:00:00,22.322222222222226,22.322222222222226,0.74,7.1323,64.0,9.2736,0.0,1013.67
2016-06-21 01:00:00,20.238888888888894,20.238888888888894,0.82,1.4812,329.0,8.6779,0.0,1012.61
2016-06-21 02:00:00,18.805555555555554,18.805555555555554,0.88,4.8944,269.0,8.420300000000001,0.0,1012.06
2016-06-21 03:00:00,18.41111111111111,18.41111111111111,0.9,2.8497000000000003,274.0,8.758400000000002,0.0,1012.6
2016-06-21 04:00:00,18.666666666666664,18.666666666666664,0.89,2.415,67.0,9.466800000000001,0.0,1013.65
2016-06-21 05:00:00,19.105555555555554,19.105555555555554,0.86,6.295100000000001,84.0,9.982000000000001,0.0,1014.38
2016-06-21 06:00:00,21.06111111111111,21.06111111111111,0.64,12.058900000000001,137.0,9.982000000000001,0.0,1013.87
2016-06-21 07:00:00,22.71111111111111,22.71111111111111,0.63,9.305800000000001,126.0,9.982000000000001,0.0,1013.67
2016-06-21 08:00:00,25.005555555555556,25.005555555555556,0.59,11.8335,138.0,10.3523,0.0,1013.73
2016-06-21 09:00:00,27.82222222222222,27.916666666666668,0.46,15.568700000000002,139.0,9.982000000000001,0.0,1013.36
2016-06-21 10:00:00,30.022222222222226,29.40555555555556,0.37,16.067800000000002,149.0,9.982000000000001,0.0,1013.54
2016-06-21 11:00:00,30.988888888888887,30.66111111111111,0.38,17.951500000000003,141.0,10.3523,0.0,1013.33
2016-06-21 12:00:00,32.28888888888889,31.783333333333328,0.35,17.5329,149.0,9.982000000000001,0.0,1012.53
2016-06-21 13:00:00,32.82222222222222,31.794444444444448,0.3,22.0892,149.0,9.982000000000001,0.0,1012.0
2016-06-21 14:00:00,32.77777777777778,31.477777777777774,0.28,23.8119,141.0,10.3523,0.0,1011.29
2016-06-21 15:00:00,33.96111111111111,32.89444444444444,0.28,22.137500000000003,150.0,9.982000000000001,0.0,1010.13
2016-06-21 16:00:00,32.89444444444444,32.13333333333334,0.32,20.6563,160.0,9.982000000000001,0.0,1009.34
2016-06-21 17:00:00,32.75555555555555,32.33888888888888,0.34,21.6062,166.0,10.3523,0.0,1008.98
2016-06-21 18:00:00,32.3111111111111,32.327777777777776,0.38,17.581200000000003,159.0,9.982000000000001,0.0,1008.28
2016-06-21 19:00:00,31.25,31.816666666666663,0.44,13.105400000000001,152.0,9.982000000000001,0.0,1007.82
2016-06-21 20:00:00,29.122222222222224,29.666666666666668,0.49,13.379100000000001,150.0,10.3523,0.0,1007.62
2016-06-21 21:00:00,27.38333333333334,27.861111111111114,0.51,15.504300000000002,150.0,9.9015,0.0,1007.77
2016-06-21 22:00:00,26.327777777777776,26.327777777777776,0.53,15.166200000000002,159.0,15.729700000000001,0.0,1007.99
2016-06-21 23:00:00,25.27777777777778,25.27777777777778,0.57,9.6117,214.0,15.005200000000002,0.0,1009.16
2016-06-22 00:00:00,18.449999999999996,18.449999999999996,0.89,16.2449,41.0,8.1949,0.0,1012.34
2016-06-22 01:00:00,18.86666666666666,18.86666666666666,0.87,10.513300000000001,6.0,14.9086,0.0,1010.5
2016-06-22 02:00:00,21.011111111111106,21.011111111111106,0.73,16.309300000000004,297.0,14.9569,0.0,1009.72
2016-06-22 03:00:00,17.733333333333334,17.733333333333334,0.9,14.2646,288.0,8.1305,0.0,1012.6
2016-06-22 04:00:00,17.17777777777778,17.17777777777778,0.9,10.996300000000002,307.0,8.1305,0.0,1013.18
2016-06-22 05:00:00,16.833333333333332,16.833333333333332,0.91,4.314800000000001,257.0,8.420300000000001,0.0,1013.77
2016-06-22 06:00:00,17.73888888888889,17.73888888888889,0.9,4.9910000000000005,249.0,8.1305,0.0,1014.18
2016-06-22 07:00:00,18.916666666666668,18.916666666666668,0.84,5.216400000000001,266.0,9.982000000000001,0.0,1014.16
2016-06-22 08:00:00,22.12222222222222,22.12222222222222,0.7,8.6135,273.0,10.3523,0.0,1014.16
2016-06-22 09:00:00,24.86111111111111,24.86111111111111,0.55,11.1734,299.0,10.0464,0.0,1014.16
2016-06-22 10:00:00,25.99444444444445,25.99444444444445,0.51,12.5419,328.0,10.0464,0.0,1013.81
2016-06-22 11:00:00,26.933333333333337,27.066666666666666,0.45,9.5473,302.0,10.4006,0.0,1014.16
2016-06-22 12:00:00,27.194444444444443,27.077777777777776,0.41,10.8997,299.0,16.0517,0.0,1013.75
2016-06-22 13:00:00,27.84444444444445,27.538888888888884,0.4,7.1806,163.0,9.982000000000001,0.0,1013.35
2016-06-22 14:00:00,28.93333333333333,28.244444444444447,0.36,3.7835000000000005,145.0,10.3523,0.0,1012.93
2016-06-22 15:00:00,29.994444444444444,28.727777777777774,0.3,9.7405,189.0,9.982000000000001,0.0,1012.5
2016-06-22 16:00:00,30.11666666666666,29.194444444444443,0.34,11.543700000000001,170.0,9.982000000000001,0.0,1011.81
2016-06-22 17:00:00,31.100000000000005,30.238888888888894,0.34,12.799500000000002,151.0,10.3523,0.0,1010.71
2016-06-22 18:00:00,30.06666666666667,29.433333333333337,0.37,15.971200000000001,179.0,9.982000000000001,0.0,1010.11
2016-06-22 19:00:00,28.977777777777774,29.12777777777778,0.46,14.457800000000002,160.0,9.982000000000001,0.0,1009.29
2016-06-22 20:00:00,27.466666666666665,27.90555555555556,0.5,14.329,160.0,10.3523,0.0,1008.78
2016-06-22 21:00:00,26.17777777777778,26.17777777777778,0.54,15.7458,159.0,9.982000000000001,0.0,1008.12
2016-06-22 22:00:00,25.533333333333328,25.533333333333328,0.58,13.846,160.0,15.826300000000002,0.0,1008.25
2016-06-22 23:00:00,23.65555555555555,23.65555555555555,0.69,10.7387,177.0,14.9569,0.0,1008.23
2016-06-23 00:00:00,22.800000000000004,22.800000000000004,0.72,10.770900000000001,215.0,15.826300000000002,0.0,1008.58
2016-06-23 01:00:00,20.549999999999997,20.549999999999997,0.78,6.5688,248.0,15.826300000000002,0.0,1009.22
2016-06-23 02:00:00,16.3,16.3,0.76,3.2039,255.0,14.9569,0.0,1014.85
2016-06-23 03:00:00,19.349999999999998,19.349999999999998,0.71,11.1895,317.0,15.826300000000002,0.0,1009.52
2016-06-23 04:00:00,18.333333333333332,18.333333333333332,0.78,20.076700000000002,290.0,14.9086,0.0,1010.54
2016-06-23 05:00:00,17.83333333333333,17.83333333333333,0.85,19.5454,321.0,14.168000000000003,0.0,1009.9
2016-06-23 06:00:00,17.22222222222222,17.22222222222222,0.86,13.105400000000001,291.0,11.270000000000001,0.0,1009.7
2016-06-23 07:00:00,17.200000000000003,17.200000000000003,0.81,15.552600000000002,299.0,11.2056,0.0,1010.75
2016-06-23 08:00:00,17.849999999999998,17.849999999999998,0.85,12.2521,289.0,9.982000000000001,0.0,1011.82
2016-06-23 09:00:00,18.522222222222226,18.522222222222226,0.77,11.8335,318.0,16.0517,0.0,1011.81
2016-06-23 10:00:00,22.17777777777778,22.17777777777778,0.55,13.041,318.0,9.982000000000001,0.0,1012.1
2016-06-23 11:00:00,23.68333333333333,23.68333333333333,0.51,12.348700000000001,283.0,10.3523,0.0,1012.78
2016-06-23 12:00:00,25.97222222222222,25.97222222222222,0.44,14.5222,272.0,10.0464,0.0,1012.48
2016-06-23 13:00:00,26.088888888888885,26.088888888888885,0.39,14.5383,282.0,10.0464,0.0,1012.28
2016-06-23 14:00:00,27.03333333333333,26.799999999999997,0.38,13.9748,294.0,10.3523,0.0,1012.33
2016-06-23 15:00:00,27.71111111111111,27.144444444444446,0.35,17.5651,300.0,9.982000000000001,0.0,1011.98
2016-06-23 16:00:00,27.733333333333334,27.16111111111111,0.35,14.7637,308.0,9.982000000000001,0.0,1011.6
2016-06-23 17:00:00,27.661111111111115,27.03888888888889,0.34,16.583000000000002,306.0,10.3523,0.0,1011.75
2016-06-23 18:00:00,27.22222222222222,26.727777777777778,0.34,14.1841,309.0,9.982000000000001,0.0,1011.79
2016-06-23 19:00:00,26.15555555555555,26.15555555555555,0.34,12.654600000000002,309.0,9.982000000000001,0.0,1012.07
2016-06-23 20:00:00,24.188888888888894,24.188888888888894,0.44,9.032100000000002,316.0,10.3523,0.0,1012.65
2016-06-23 21:00:00,19.188888888888894,19.188888888888894,0.64,8.05,283.0,9.982000000000001,0.0,1012.99
2016-06-23 22:00:00,18.93888888888889,18.93888888888889,0.63,6.6654,280.0,15.826300000000002,0.0,1013.9
2016-06-23 23:00:00,18.61111111111111,18.61111111111111,0.67,4.025,301.0,14.9569,0.0,1014.57
2016-06-24 00:00:00,17.200000000000003,17.200000000000003,0.7,3.4293,313.0,15.826300000000002,0.0,1015.2
2016-06-24 01:00:00,16.211111111111112,16.211111111111112,0.75,3.6386,280.0,15.826300000000002,0.0,1015.79
2016-06-24 02:00:00,19.022222222222222,19.022222222222222,0.67,4.6690000000000005,146.0,14.9569,0.0,1015.34
2016-06-24 03:00:00,14.516666666666667,14.516666666666667,0.8,3.4776000000000002,265.0,15.826300000000002,0.0,1016.3
2016-06-24 04:00:00,14.494444444444447,14.494444444444447,0.77,2.8658,255.0,15.826300000000002,0.0,1016.68
2016-06-24 05:00:00,13.983333333333334,13.983333333333334,0.82,3.6225,290.0,14.9569,0.0,1017.34
2016-06-24 06:00:00,17.200000000000003,17.200000000000003,0.75,3.1556,310.0,9.982000000000001,0.0,1017.59
2016-06-24 07:00:00,19.938888888888886,19.938888888888886,0.61,4.4919,354.0,9.982000000000001,0.0,1017.81
2016-06-24 08:00:00,22.38333333333334,22.38333333333334,0.48,8.0983,349.0,9.982000000000001,0.0,1018.64
2016-06-24 09:00:00,23.81666666666667,23.81666666666667,0.39,12.332600000000001,349.0,9.982000000000001,0.0,1018.76
2016-06-24 10:00:00,25.833333333333332,25.833333333333332,0.35,10.513300000000001,7.0,9.982000000000001,0.0,1018.89
2016-06-24 11:00:00,25.877777777777776,25.877777777777776,0.37,8.227100000000002,31.0,10.3523,0.0,1019.05
2016-06-24 12:00:00,27.10555555555556,26.58333333333333,0.32,9.2253,273.0,10.0464,0.0,1018.79
2016-06-24 13:00:00,27.194444444444443,26.52777777777778,0.3,4.8139,241.0,10.0464,0.0,1018.48
2016-06-24 14:00:00,27.727777777777774,27.061111111111106,0.33,10.368400000000001,228.0,10.4006,0.0,1018.09
2016-06-24 15:00:00,27.77777777777778,27.083333333333332,0.33,8.5813,133.0,9.982000000000001,0.0,1017.74
2016-06-24 16:00:00,28.838888888888885,27.927777777777774,0.33,7.921200000000001,183.0,9.982000000000001,0.0,1017.14
2016-06-24 17:00:00,28.86111111111111,27.950000000000003,0.33,4.0733,229.0,10.4006,0.0,1016.44
2016-06-24 18:00:00,28.86111111111111,27.950000000000003,0.33,4.83,213.0,9.982000000000001,0.0,1015.93
2016-06-24 19:00:00,27.40555555555555,27.1,0.39,7.6796999999999995,160.0,9.982000000000001,0.0,1015.63
2016-06-24 20:00:00,25.200000000000003,25.200000000000003,0.49,4.2182,102.0,10.3523,0.0,1015.5
2016-06-24 21:00:00,22.333333333333332,22.333333333333332,0.55,7.8084999999999996,109.0,9.982000000000001,0.0,1015.53
2016-06-24 22:00:00,21.666666666666668,21.666666666666668,0.59,6.6332,118.0,15.826300000000002,0.0,1015.74
2016-06-24 23:00:00,20.761111111111113,20.761111111111113,0.64,6.8586,117.0,15.3111,0.0,1015.55
2016-06-25 00:00:00,20.46111111111111,20.46111111111111,0.64,6.4722,102.0,15.826300000000002,0.0,1015.38
2016-06-25 01:00:00,19.416666666666668,19.416666666666668,0.65,6.2468,158.0,15.826300000000002,0.0,1015.36
2016-06-25 02:00:00,21.04444444444444,21.04444444444444,0.73,6.4561,175.0,15.3111,0.0,1005.18
2016-06-25 03:00:00,17.427777777777777,17.427777777777777,0.75,6.7781,149.0,15.826300000000002,0.0,1014.72
2016-06-25 04:00:00,17.84444444444445,17.84444444444445,0.78,11.0768,140.0,15.826300000000002,0.0,1014.23
2016-06-25 05:00:00,17.811111111111114,17.811111111111114,0.77,10.626,135.0,15.262800000000002,0.0,1013.45
2016-06-25 06:00:00,18.8,18.8,0.74,9.466800000000001,140.0,9.982000000000001,0.0,1013.15
2016-06-25 07:00:00,21.094444444444445,21.094444444444445,0.64,12.960500000000001,140.0,9.982000000000001,0.0,1012.86
2016-06-25 08:00:00,22.84444444444445,22.84444444444445,0.6,11.511500000000002,148.0,15.3111,0.0,1013.06
2016-06-25 09:00:00,26.13888888888889,26.13888888888889,0.47,14.312900000000003,160.0,9.982000000000001,0.0,1013.02
2016-06-25 10:00:00,27.82777777777778,27.54444444444444,0.4,12.960500000000001,150.0,9.982000000000001,0.0,1012.42
2016-06-25 11:00:00,29.87222222222222,29.177777777777774,0.37,15.6009,157.0,10.3523,0.0,1011.81
2016-06-25 12:00:00,31.18333333333333,30.25555555555555,0.33,15.939000000000002,171.0,9.982000000000001,0.0,1010.7
2016-06-25 13:00:00,32.24444444444445,31.233333333333334,0.31,14.168000000000003,170.0,9.982000000000001,0.0,1009.63
2016-06-25 14:00:00,32.7,31.216666666666665,0.27,15.1984,189.0,10.3523,0.0,1008.82
2016-06-25 15:00:00,32.87222222222223,31.488888888888894,0.27,13.9748,163.0,15.826300000000002,0.0,1007.85
2016-06-25 16:00:00,33.83888888888888,32.78333333333333,0.28,15.520400000000002,192.0,9.982000000000001,0.0,1007.04
2016-06-25 17:00:00,33.75555555555556,32.65,0.28,14.9086,218.0,10.3523,0.0,1006.17
2016-06-25 18:00:00,33.83888888888888,32.77777777777778,0.28,12.7673,221.0,9.982000000000001,0.0,1005.32
2016-06-25 19:00:00,32.77777777777778,31.744444444444444,0.3,9.499,248.0,9.982000000000001,0.0,1004.92
2016-06-25 20:00:00,29.299999999999997,29.233333333333334,0.43,4.7012,181.0,10.3523,0.0,1004.51
2016-06-25 21:00:00,26.227777777777774,26.227777777777774,0.58,8.017800000000001,143.0,9.982000000000001,0.0,1004.22
2016-06-25 22:00:00,24.516666666666666,24.516666666666666,0.58,6.552700000000001,153.0,15.826300000000002,0.0,1003.96
2016-06-25 23:00:00,24.16111111111111,24.16111111111111,0.61,3.8801000000000005,146.0,14.9569,0.0,1003.69
2016-06-26 00:00:00,21.255555555555556,21.255555555555556,0.73,3.5420000000000007,172.0,15.826300000000002,0.0,1003.25
2016-06-26 01:00:00,20.355555555555554,20.355555555555554,0.75,3.7835000000000005,212.0,15.826300000000002,0.0,1003.23
2016-06-26 02:00:00,17.11111111111111,17.11111111111111,0.84,3.0268,157.0,14.9569,0.0,1006.47
2016-06-26 03:00:00,20.650000000000002,20.650000000000002,0.77,11.0768,181.0,15.826300000000002,0.0,1002.42
2016-06-26 04:00:00,20.12222222222222,20.12222222222222,0.78,11.3505,201.0,15.826300000000002,0.0,1002.21
2016-06-26 05:00:00,20.500000000000004,20.500000000000004,0.77,7.0035,200.0,14.168000000000003,0.0,1002.31
2016-06-26 06:00:00,22.188888888888886,22.188888888888886,0.73,10.980200000000002,202.0,9.982000000000001,0.0,1001.74
2016-06-26 07:00:00,23.70555555555556,23.70555555555556,0.67,14.989100000000002,217.0,9.982000000000001,0.0,1001.42
2016-06-26 08:00:00,25.900000000000002,25.900000000000002,0.56,18.418400000000002,314.0,10.3523,0.0,1002.54
2016-06-26 09:00:00,24.81666666666667,24.81666666666667,0.45,25.164300000000004,328.0,9.982000000000001,0.0,1003.13
2016-06-26 10:00:00,25.833333333333332,25.833333333333332,0.44,20.6563,309.0,9.982000000000001,0.0,1003.69
2016-06-26 11:00:00,26.90555555555556,26.66111111111111,0.37,20.0928,321.0,10.3523,0.0,1003.76
2016-06-26 12:00:00,27.45,26.883333333333333,0.34,20.897800000000004,301.0,9.982000000000001,0.0,1003.84
2016-06-26 13:00:00,27.45,26.888888888888893,0.34,17.9032,328.0,11.2056,0.0,1003.55
2016-06-26 14:00:00,27.255555555555556,26.827777777777783,0.36,22.7332,320.0,11.398800000000001,0.0,1003.71
2016-06-26 15:00:00,27.03888888888889,26.611111111111114,0.34,25.4219,340.0,9.982000000000001,0.0,1004.23
2016-06-26 16:00:00,27.011111111111113,26.51666666666667,0.32,20.9783,340.0,9.982000000000001,0.0,1004.5
2016-06-26 17:00:00,25.92222222222222,25.92222222222222,0.33,20.4148,347.0,10.3523,0.0,1004.72
2016-06-26 18:00:00,23.83888888888889,23.83888888888889,0.34,16.1966,358.0,11.2056,0.0,0.0
2016-06-26 19:00:00,22.75555555555555,22.75555555555555,0.37,13.620600000000001,17.0,11.2056,0.0,1005.59
2016-06-26 20:00:00,22.16666666666667,22.16666666666667,0.35,13.1698,23.0,11.398800000000001,0.0,1005.72
2016-06-26 21:00:00,22.061111111111106,22.061111111111106,0.36,10.465,29.0,9.982000000000001,0.0,1005.5
2016-06-26 22:00:00,20.92222222222222,20.92222222222222,0.39,10.6904,29.0,15.826300000000002,0.0,1005.4
2016-06-26 23:00:00,20.349999999999998,20.349999999999998,0.42,11.592,26.0,14.9569,0.0,1005.6
2016-06-27 00:00:00,17.17777777777778,17.17777777777778,0.67,6.6332,172.0,15.826300000000002,0.0,1007.85
2016-06-27 01:00:00,16.116666666666664,16.116666666666664,0.83,3.1717,250.0,15.826300000000002,0.0,1007.24
2016-06-27 02:00:00,15.63888888888889,15.63888888888889,0.79,4.347,233.0,14.9569,0.0,1009.36
2016-06-27 03:00:00,15.516666666666667,15.516666666666667,0.83,6.1502,173.0,14.9086,0.0,1007.17
2016-06-27 04:00:00,14.383333333333333,14.383333333333333,0.83,2.9946,197.0,14.9086,0.0,1007.26
2016-06-27 05:00:00,13.788888888888888,13.788888888888888,0.83,3.2361,181.0,14.5222,0.0,1007.22
2016-06-27 06:00:00,14.988888888888887,14.988888888888887,0.83,4.7656,306.0,9.982000000000001,0.0,1007.29
2016-06-27 07:00:00,17.16111111111111,17.16111111111111,0.72,5.055400000000001,298.0,9.982000000000001,0.0,1007.47
2016-06-27 08:00:00,18.788888888888884,18.788888888888884,0.63,5.506200000000001,272.0,10.3523,0.0,1007.58
2016-06-27 09:00:00,21.06666666666667,21.06666666666667,0.5,11.0285,320.0,11.2056,0.0,1007.69
2016-06-27 10:00:00,22.733333333333334,22.733333333333334,0.38,13.089300000000001,320.0,11.270000000000001,0.0,1007.67
2016-06-27 11:00:00,22.805555555555557,22.805555555555557,0.42,12.9122,330.0,11.398800000000001,0.0,1007.7
2016-06-27 12:00:00,22.89444444444444,22.89444444444444,0.37,5.4418,336.0,11.2056,0.0,1007.39
2016-06-27 13:00:00,25.02777777777778,25.02777777777778,0.32,9.4829,357.0,9.982000000000001,0.0,1007.19
2016-06-27 14:00:00,25.666666666666668,25.666666666666668,0.31,11.0607,347.0,10.3523,0.0,1007.02
2016-06-27 15:00:00,25.99444444444445,25.99444444444445,0.3,8.4847,358.0,9.982000000000001,0.0,1006.81
2016-06-27 16:00:00,23.95555555555556,23.95555555555556,0.34,8.3076,17.0,9.982000000000001,0.0,1006.42
2016-06-27 17:00:00,26.033333333333335,26.033333333333335,0.31,13.846,349.0,10.384500000000001,0.0,1006.38
2016-06-27 18:00:00,24.95555555555556,24.95555555555556,0.32,15.810200000000002,359.0,10.255700000000001,0.0,1006.19
2016-06-27 19:00:00,23.81666666666667,23.81666666666667,0.34,14.4095,357.0,9.982000000000001,0.0,1006.11
2016-06-27 20:00:00,22.17222222222222,22.17222222222222,0.39,13.9265,8.0,10.3523,0.0,1006.48
2016-06-27 21:00:00,20.99444444444445,20.99444444444445,0.38,15.810200000000002,8.0,9.982000000000001,0.0,1006.93
2016-06-27 22:00:00,20.416666666666668,20.416666666666668,0.4,13.9265,7.0,15.826300000000002,0.0,1008.05
2016-06-27 23:00:00,17.605555555555554,17.605555555555554,0.6,13.1859,280.0,15.005200000000002,0.0,1009.57
2016-06-28 00:00:00,16.116666666666664,16.116666666666664,0.77,9.7888,282.0,10.0464,0.0,1009.02
2016-06-28 01:00:00,16.188888888888886,16.188888888888886,0.74,5.9087000000000005,164.0,15.826300000000002,0.0,1009.37
2016-06-28 02:00:00,12.872222222222224,12.872222222222224,0.79,3.4132000000000002,271.0,14.9569,0.0,1015.44
2016-06-28 03:00:00,15.050000000000002,15.050000000000002,0.82,7.1323,278.0,15.826300000000002,0.0,1009.9
2016-06-28 04:00:00,15.050000000000002,15.050000000000002,0.82,3.5742000000000007,245.0,9.982000000000001,0.0,1010.18
2016-06-28 05:00:00,15.11111111111111,15.11111111111111,0.79,7.2611,279.0,14.9569,0.0,1010.83
2016-06-28 06:00:00,16.08888888888889,16.08888888888889,0.63,12.477500000000001,318.0,11.2056,0.0,1011.31
2016-06-28 07:00:00,16.08888888888889,16.08888888888889,0.63,15.504300000000002,328.0,11.2056,0.0,1011.73
2016-06-28 08:00:00,17.561111111111114,17.561111111111114,0.56,19.481,328.0,11.398800000000001,0.0,1012.68
2016-06-28 09:00:00,17.666666666666668,17.666666666666668,0.49,24.6491,339.0,15.826300000000002,0.0,1012.75
2016-06-28 10:00:00,17.77777777777778,17.77777777777778,0.46,17.838800000000003,329.0,11.2056,0.0,0.0
2016-06-28 11:00:00,17.922222222222224,17.922222222222224,0.5,17.4846,321.0,10.3523,0.0,1014.18
2016-06-28 12:00:00,17.4,17.4,0.47,14.7637,319.0,11.2056,0.0,0.0
2016-06-28 13:00:00,19.038888888888884,19.038888888888884,0.43,11.4954,327.0,9.982000000000001,0.0,0.0
2016-06-28 14:00:00,20.91666666666667,20.91666666666667,0.4,12.9444,293.0,10.3523,0.0,1014.87
2016-06-28 15:00:00,22.82777777777778,22.82777777777778,0.22,13.121500000000001,288.0,9.982000000000001,0.0,0.0
2016-06-28 16:00:00,22.82777777777778,22.82777777777778,0.24,14.586600000000002,279.0,9.982000000000001,0.0,0.0
2016-06-28 17:00:00,23.67777777777778,23.67777777777778,0.26,15.439900000000002,269.0,10.3523,0.0,1013.52
2016-06-28 18:00:00,23.83888888888889,23.83888888888889,0.25,11.3505,271.0,9.982000000000001,0.0,1013.17
2016-06-28 19:00:00,22.75555555555555,22.75555555555555,0.27,12.4292,298.0,9.982000000000001,0.0,1013.38
2016-06-28 20:00:00,20.283333333333335,20.283333333333335,0.39,6.327300000000001,240.0,10.3523,0.0,1013.98
2016-06-28 21:00:00,17.38888888888889,17.38888888888889,0.52,12.397,250.0,9.982000000000001,0.0,1014.36
2016-06-28 22:00:00,15.622222222222222,15.622222222222222,0.58,10.867500000000001,251.0,15.826300000000002,0.0,1015.17
2016-06-28 23:00:00,13.933333333333332,13.933333333333332,0.7,6.9552000000000005,275.0,14.9569,0.0,1015.8
2016-06-29 00:00:00,12.950000000000001,12.950000000000001,0.73,6.6332,272.0,15.826300000000002,0.0,1016.27
2016-06-29 01:00:00,12.327777777777776,12.327777777777776,0.77,6.9552000000000005,290.0,15.826300000000002,0.0,1016.39
2016-06-29 02:00:00,13.927777777777777,13.927777777777777,0.82,5.796,277.0,9.982000000000001,0.0,1016.82
2016-06-29 03:00:00,11.67777777777778,11.67777777777778,0.8,3.5581,297.0,15.826300000000002,0.0,1016.98
2016-06-29 04:00:00,10.583333333333332,10.583333333333332,0.86,3.1234,245.0,9.982000000000001,0.0,1017.0
2016-06-29 05:00:00,10.555555555555555,10.555555555555555,0.85,7.8729,286.0,14.9569,0.0,1017.36
2016-06-29 06:00:00,12.238888888888889,12.238888888888889,0.8,1.9481000000000002,270.0,9.982000000000001,0.0,1017.79
2016-06-29 07:00:00,14.916666666666666,14.916666666666666,0.68,5.119800000000001,279.0,9.982000000000001,0.0,1018.18
2016-06-29 08:00:00,19.61111111111111,19.61111111111111,0.48,17.6778,345.0,9.982000000000001,0.0,1018.46
2016-06-29 09:00:00,22.066666666666666,22.066666666666666,0.39,12.2521,356.0,9.982000000000001,0.0,1018.47
2016-06-29 10:00:00,22.68888888888889,22.68888888888889,0.37,12.7029,318.0,9.982000000000001,0.0,1018.66
2016-06-29 11:00:00,23.83888888888889,23.83888888888889,0.34,10.9158,279.0,11.398800000000001,0.0,1018.5
2016-06-29 12:00:00,23.911111111111115,23.911111111111115,0.32,14.2324,251.0,9.982000000000001,0.0,1018.17
2016-06-29 13:00:00,23.983333333333334,23.983333333333334,0.32,11.012400000000001,236.0,9.982000000000001,0.0,1017.76
2016-06-29 14:00:00,25.92222222222222,25.92222222222222,0.29,16.4059,253.0,10.3523,0.0,1017.57
2016-06-29 15:00:00,26.03888888888889,26.03888888888889,0.28,5.0071,218.0,9.982000000000001,0.0,1017.04
2016-06-29 16:00:00,25.13888888888889,25.13888888888889,0.3,12.7029,280.0,9.982000000000001,0.0,1016.73
2016-06-29 17:00:00,25.11666666666666,25.11666666666666,0.3,5.8765,247.0,10.3523,0.0,1016.55
2016-06-29 18:00:00,26.083333333333332,26.083333333333332,0.28,5.152000000000001,239.0,9.982000000000001,0.0,1015.85
2016-06-29 19:00:00,24.97222222222222,24.97222222222222,0.32,5.0876,220.0,9.982000000000001,0.0,1015.65
2016-06-29 20:00:00,24.261111111111113,24.261111111111113,0.36,3.7674,195.0,11.930100000000001,0.0,1015.85
2016-06-29 21:00:00,20.533333333333328,20.533333333333328,0.49,6.0375000000000005,140.0,15.826300000000002,0.0,1015.63
2016-06-29 22:00:00,18.311111111111106,18.311111111111106,0.61,3.1878,138.0,15.826300000000002,0.0,1016.06
2016-06-29 23:00:00,16.93333333333333,16.93333333333333,0.65,5.7316,142.0,15.3111,0.0,1016.04
2016-06-30 00:00:00,15.538888888888888,15.538888888888888,0.67,2.8819000000000004,144.0,15.826300000000002,0.0,1016.35
2016-06-30 01:00:00,15.027777777777779,15.027777777777779,0.69,3.1717,148.0,15.826300000000002,0.0,1016.35
2016-06-30 02:00:00,14.116666666666665,14.116666666666665,0.76,3.3327,160.0,15.3111,0.0,1016.48
2016-06-30 03:00:00,13.411111111111111,13.411111111111111,0.72,3.0912,156.0,15.826300000000002,0.0,1016.45
2016-06-30 04:00:00,13.338888888888887,13.338888888888887,0.74,6.021400000000001,168.0,15.826300000000002,0.0,1015.99
2016-06-30 05:00:00,12.377777777777778,12.377777777777778,0.77,3.3971,174.0,15.3111,0.0,1016.44
2016-06-30 06:00:00,14.966666666666665,14.966666666666665,0.78,2.415,170.0,11.270000000000001,0.0,1016.5
2016-06-30 07:00:00,17.62222222222222,17.62222222222222,0.71,2.898,145.0,11.270000000000001,0.0,1016.68
2016-06-30 08:00:00,20.683333333333337,20.683333333333337,0.52,1.9642000000000002,134.0,10.4006,0.0,1017.04
2016-06-30 09:00:00,22.55,22.55,0.45,3.3166,35.0,15.874600000000001,0.0,1017.03
2016-06-30 10:00:00,22.71111111111111,22.71111111111111,0.45,4.6046000000000005,15.0,10.0464,0.0,1017.37
2016-06-30 11:00:00,24.961111111111116,24.961111111111116,0.39,7.422100000000001,315.0,10.3523,0.0,1017.48
2016-06-30 12:00:00,24.92777777777778,24.92777777777778,0.37,4.652900000000001,34.0,9.982000000000001,0.0,1017.38
2016-06-30 13:00:00,27.03888888888889,26.550000000000004,0.33,7.550900000000001,14.0,9.982000000000001,0.0,1017.2
2016-06-30 14:00:00,26.411111111111115,26.411111111111115,0.32,4.9749,253.0,15.3111,0.0,1017.07
2016-06-30 15:00:00,26.900000000000002,26.383333333333333,0.31,9.209200000000001,246.0,9.982000000000001,0.0,1016.75
2016-06-30 16:00:00,26.38888888888889,26.38888888888889,0.32,11.253900000000002,301.0,15.826300000000002,0.0,1016.56
2016-06-30 17:00:00,25.888888888888886,25.888888888888886,0.36,16.3898,339.0,10.3523,0.0,1016.6
2016-06-30 18:00:00,25.99444444444445,25.99444444444445,0.35,16.8084,338.0,9.982000000000001,0.0,1016.51
2016-06-30 19:00:00,24.90555555555555,24.90555555555555,0.34,15.101800000000003,338.0,9.982000000000001,0.0,1016.6
2016-06-30 20:00:00,22.38888888888889,22.38888888888889,0.39,7.2772,341.0,10.3523,0.0,1016.92
2016-06-30 21:00:00,18.83888888888889,18.83888888888889,0.6,3.22,270.0,9.982000000000001,0.0,1016.99
2016-06-30 22:00:00,18.727777777777774,18.727777777777774,0.55,0.0,0.0,15.826300000000002,0.0,1017.6
2016-06-30 23:00:00,16.400000000000002,16.400000000000002,0.68,3.5742000000000007,294.0,14.9569,0.0,1018.09
2016-07-01 00:00:00,14.911111111111113,14.911111111111113,0.68,3.1073,277.0,15.826300000000002,0.0,1018.07
2016-07-01 01:00:00,14.383333333333333,14.383333333333333,0.7,3.22,200.0,15.826300000000002,0.0,1017.89
2016-07-01 02:00:00,15.533333333333335,15.533333333333335,0.79,2.9141000000000004,178.0,14.9569,0.0,1014.29
2016-07-01 03:00:00,13.222222222222221,13.222222222222221,0.8,3.1073,277.0,15.826300000000002,0.0,1017.69
2016-07-01 04:00:00,12.161111111111111,12.161111111111111,0.78,3.1556,258.0,15.826300000000002,0.0,1017.78
2016-07-01 05:00:00,12.983333333333333,12.983333333333333,0.79,3.9284000000000003,276.0,14.9569,0.0,1017.95
2016-07-01 06:00:00,15.850000000000001,15.850000000000001,0.68,3.059,297.0,9.982000000000001,0.0,1017.77
2016-07-01 07:00:00,18.716666666666665,18.716666666666665,0.62,7.5992,318.0,9.982000000000001,0.0,1017.39
2016-07-01 08:00:00,22.45555555555556,22.45555555555556,0.53,1.3041000000000003,342.0,10.3523,0.0,1017.45
2016-07-01 09:00:00,25.005555555555556,25.005555555555556,0.39,4.5402000000000005,21.0,9.982000000000001,0.0,1017.25
2016-07-01 10:00:00,26.13888888888889,26.13888888888889,0.34,7.889000000000001,216.0,9.982000000000001,0.0,1017.06
2016-07-01 11:00:00,27.016666666666666,26.561111111111114,0.33,4.6851,262.0,10.3523,0.0,1016.96
2016-07-01 12:00:00,27.272222222222226,26.677777777777774,0.32,8.7423,248.0,9.982000000000001,0.0,1016.54
2016-07-01 13:00:00,27.800000000000004,26.888888888888893,0.29,10.6099,124.0,9.982000000000001,0.0,1016.03
2016-07-01 14:00:00,28.800000000000004,27.600000000000005,0.28,11.8496,160.0,10.3523,0.0,1015.61
2016-07-01 15:00:00,28.96111111111111,27.800000000000004,0.29,8.3398,219.0,9.982000000000001,0.0,1015.22
2016-07-01 16:00:00,28.88888888888889,27.733333333333334,0.29,12.7512,172.0,9.982000000000001,0.0,1014.63
2016-07-01 17:00:00,27.938888888888894,27.11111111111111,0.31,10.577700000000002,176.0,10.3523,0.0,1014.24
2016-07-01 18:00:00,27.89444444444444,27.066666666666666,0.31,12.3648,183.0,9.982000000000001,0.0,1013.72
2016-07-01 19:00:00,27.266666666666666,26.900000000000002,0.37,8.9838,165.0,9.982000000000001,0.0,1013.53
2016-07-01 20:00:00,24.477777777777778,24.477777777777778,0.43,8.4847,164.0,10.3523,0.0,1013.53
2016-07-01 21:00:00,22.36111111111111,22.36111111111111,0.53,4.83,170.0,9.982000000000001,0.0,1013.52
2016-07-01 22:00:00,21.64444444444444,21.64444444444444,0.53,6.4561,167.0,15.826300000000002,0.0,1013.54
2016-07-01 23:00:00,20.055555555555554,20.055555555555554,0.59,6.8908000000000005,167.0,14.9569,0.0,1013.73
2016-07-02 00:00:00,18.850000000000005,18.850000000000005,0.63,3.5259,167.0,15.826300000000002,0.0,1013.55
2016-07-02 01:00:00,16.233333333333334,16.233333333333334,0.72,3.6225,176.0,15.826300000000002,0.0,1013.64
2016-07-02 02:00:00,21.888888888888893,21.888888888888893,0.59,22.2663,266.0,15.005200000000002,0.0,1010.68
2016-07-02 03:00:00,16.06666666666667,16.06666666666667,0.78,3.059,148.0,15.826300000000002,0.0,1013.17
2016-07-02 04:00:00,14.955555555555557,14.955555555555557,0.8,6.3112,140.0,15.826300000000002,0.0,1013.06
2016-07-02 05:00:00,16.08888888888889,16.08888888888889,0.77,6.1985,122.0,14.9569,0.0,1013.01
2016-07-02 06:00:00,17.6,17.6,0.71,4.9266000000000005,139.0,9.982000000000001,0.0,1012.93
2016-07-02 07:00:00,19.961111111111116,19.961111111111116,0.63,11.0768,141.0,9.982000000000001,0.0,1012.64
2016-07-02 08:00:00,22.87777777777778,22.87777777777778,0.58,8.790600000000001,152.0,9.982000000000001,0.0,1012.62
2016-07-02 09:00:00,26.18333333333333,26.18333333333333,0.44,14.296800000000003,160.0,9.982000000000001,0.0,1012.23
2016-07-02 10:00:00,27.849999999999998,27.52777777777778,0.4,12.9122,161.0,9.982000000000001,0.0,1012.13
2016-07-02 11:00:00,29.78888888888889,28.93333333333333,0.35,11.414900000000001,157.0,10.3523,0.0,1011.93
2016-07-02 12:00:00,31.161111111111115,30.088888888888885,0.32,12.8317,151.0,9.982000000000001,0.0,1011.53
2016-07-02 13:00:00,31.20555555555556,29.70555555555556,0.27,12.7029,170.0,9.982000000000001,0.0,1011.22
2016-07-02 14:00:00,32.150000000000006,30.666666666666668,0.27,10.0464,195.0,10.3523,0.0,1010.79
2016-07-02 15:00:00,32.31666666666667,30.761111111111113,0.26,11.0607,198.0,9.982000000000001,0.0,1010.01
2016-07-02 16:00:00,32.28888888888889,30.705555555555552,0.26,11.4471,170.0,9.982000000000001,0.0,1009.41
2016-07-02 17:00:00,32.23333333333333,30.73333333333333,0.27,12.445300000000001,171.0,10.3523,0.0,1009.01
2016-07-02 18:00:00,32.266666666666666,30.877777777777776,0.28,12.6385,161.0,9.982000000000001,0.0,1008.5
2016-07-02 19:00:00,30.18333333333333,29.305555555555557,0.34,9.7727,173.0,9.982000000000001,0.0,1008.21
2016-07-02 20:00:00,27.75555555555555,27.461111111111116,0.4,9.209200000000001,177.0,10.3523,0.0,1008.13
2016-07-02 21:00:00,24.00555555555555,24.00555555555555,0.53,3.4132000000000002,173.0,9.982000000000001,0.0,1008.21
2016-07-02 22:00:00,21.738888888888887,21.738888888888887,0.6,3.2683,231.0,15.826300000000002,0.0,1008.54
2016-07-02 23:00:00,21.927777777777777,21.927777777777777,0.64,2.7692,185.0,14.9569,0.0,1008.9
2016-07-03 00:00:00,20.716666666666672,20.716666666666672,0.67,6.2468,174.0,15.826300000000002,0.0,1009.03
2016-07-03 01:00:00,23.205555555555552,23.205555555555552,0.53,27.563200000000002,269.0,15.874600000000001,0.0,1009.77
2016-07-03 02:00:00,20.294444444444444,20.294444444444444,0.69,2.5599000000000003,214.0,14.9569,0.0,1007.76
2016-07-03 03:00:00,19.866666666666667,19.866666666666667,0.74,5.216400000000001,123.0,15.874600000000001,0.0,1009.6
2016-07-03 04:00:00,18.82222222222222,18.82222222222222,0.76,6.6332,280.0,15.826300000000002,0.0,1009.9
2016-07-03 05:00:00,18.927777777777774,18.927777777777774,0.73,10.851400000000002,291.0,14.9569,0.0,1010.23
2016-07-03 06:00:00,18.77777777777778,18.77777777777778,0.74,10.770900000000001,347.0,9.982000000000001,0.0,1010.72
2016-07-03 07:00:00,18.84444444444445,18.84444444444445,0.73,15.504300000000002,329.0,9.982000000000001,0.0,1011.31
2016-07-03 08:00:00,19.988888888888894,19.988888888888894,0.7,12.1233,346.0,10.3523,0.0,1012.12
2016-07-03 09:00:00,20.005555555555556,20.005555555555556,0.68,11.0607,309.0,9.982000000000001,0.0,1012.3
2016-07-03 10:00:00,21.166666666666664,21.166666666666664,0.6,12.332600000000001,327.0,9.982000000000001,0.0,1012.75
2016-07-03 11:00:00,22.89444444444444,22.89444444444444,0.55,5.570600000000001,313.0,10.4006,0.0,1012.66
2016-07-03 12:00:00,24.01111111111111,24.01111111111111,0.5,8.0822,232.0,10.0464,0.0,1012.75
2016-07-03 13:00:00,25.09444444444445,25.09444444444445,0.49,14.0714,221.0,9.982000000000001,0.0,1012.51
2016-07-03 14:00:00,24.977777777777774,24.977777777777774,0.47,8.1788,284.0,10.3523,0.0,1012.28
2016-07-03 15:00:00,27.783333333333335,27.477777777777774,0.4,5.152000000000001,203.0,9.982000000000001,0.0,1010.96
2016-07-03 16:00:00,29.88333333333334,29.077777777777783,0.35,8.1144,267.0,9.982000000000001,0.0,1010.15
2016-07-03 17:00:00,28.88888888888889,28.255555555555556,0.37,12.2199,194.0,9.982000000000001,0.0,1009.54
2016-07-03 18:00:00,27.82777777777778,27.511111111111106,0.4,12.654600000000002,201.0,9.982000000000001,0.0,1009.23
2016-07-03 19:00:00,27.24444444444445,26.999999999999996,0.39,9.595600000000001,183.0,9.982000000000001,0.0,1008.93
2016-07-03 20:00:00,25.07222222222222,25.07222222222222,0.5,9.2414,173.0,9.982000000000001,0.0,1008.82
2016-07-03 21:00:00,22.89444444444444,22.89444444444444,0.62,7.776300000000001,170.0,9.982000000000001,0.0,1008.92
2016-07-03 22:00:00,22.266666666666666,22.266666666666666,0.61,6.3112,160.0,15.826300000000002,0.0,1008.72
2016-07-03 23:00:00,22.24444444444445,22.24444444444445,0.59,3.5581,159.0,15.826300000000002,0.0,1008.62
2016-07-04 00:00:00,21.18333333333333,21.18333333333333,0.63,3.6708,177.0,15.826300000000002,0.0,1008.22
2016-07-04 01:00:00,20.650000000000002,20.650000000000002,0.66,6.4722,159.0,15.826300000000002,0.0,1007.54
2016-07-04 02:00:00,14.772222222222224,14.772222222222224,0.82,9.724400000000001,241.0,15.005200000000002,0.0,1005.97
2016-07-04 03:00:00,20.005555555555556,20.005555555555556,0.71,6.5205,170.0,15.826300000000002,0.0,1006.94
2016-07-04 04:00:00,18.894444444444446,18.894444444444446,0.75,6.6332,162.0,15.826300000000002,0.0,1006.64
2016-07-04 05:00:00,18.56666666666667,18.56666666666667,0.78,7.1323,192.0,15.005200000000002,0.0,1006.44
2016-07-04 06:00:00,18.916666666666668,18.916666666666668,0.78,9.3702,162.0,10.0464,0.0,1005.95
2016-07-04 07:00:00,21.049999999999997,21.049999999999997,0.73,8.033900000000001,202.0,10.0464,0.0,1005.63
2016-07-04 08:00:00,22.16111111111111,22.16111111111111,0.75,10.770900000000001,188.0,10.0303,0.0,1005.92
2016-07-04 09:00:00,23.727777777777774,23.727777777777774,0.67,12.332600000000001,186.0,9.9015,0.0,1005.22
2016-07-04 10:00:00,26.705555555555552,27.127777777777776,0.5,15.3272,204.0,10.8997,0.0,1004.78
2016-07-04 11:00:00,26.805555555555557,26.97222222222222,0.45,19.4971,219.0,11.3183,0.0,1004.86
2016-07-04 12:00:00,27.355555555555554,27.466666666666665,0.46,16.7923,229.0,11.125100000000002,0.0,1004.38
2016-07-04 13:00:00,26.98333333333333,27.538888888888884,0.52,10.8836,306.0,11.125100000000002,0.0,1004.08
2016-07-04 14:00:00,27.733333333333334,27.716666666666665,0.44,14.860300000000002,257.0,11.4471,0.0,1003.23
2016-07-04 15:00:00,28.555555555555557,28.294444444444448,0.41,17.71,291.0,11.270000000000001,0.0,1002.7
2016-07-04 16:00:00,28.244444444444447,27.744444444444444,0.38,15.246700000000002,257.0,11.270000000000001,0.0,1001.96
2016-07-04 17:00:00,23.40555555555555,23.40555555555555,0.56,17.404100000000003,330.0,11.125100000000002,0.0,1001.65
2016-07-04 18:00:00,17.105555555555554,17.105555555555554,0.81,26.500600000000002,338.0,10.980200000000002,0.0,1002.78
2016-07-04 19:00:00,16.08888888888889,16.08888888888889,0.87,22.1214,319.0,11.125100000000002,0.0,1003.27
2016-07-04 20:00:00,16.044444444444444,16.044444444444444,0.81,20.736800000000002,329.0,11.125100000000002,0.0,1003.76
2016-07-04 21:00:00,14.933333333333334,14.933333333333334,0.83,20.2055,309.0,11.125100000000002,0.0,1003.59
2016-07-04 22:00:00,14.377777777777778,14.377777777777778,0.87,16.856700000000004,328.0,4.2021,0.0,1003.9
2016-07-04 23:00:00,13.866666666666667,13.866666666666667,0.84,17.259200000000003,298.0,8.1949,0.0,1004.94
2016-07-05 00:00:00,13.355555555555554,13.355555555555554,0.86,14.441700000000003,289.0,12.042800000000002,0.0,1004.86
2016-07-05 01:00:00,13.355555555555554,13.355555555555554,0.86,17.388,260.0,12.042800000000002,0.0,1005.83
2016-07-05 02:00:00,13.055555555555555,13.055555555555555,0.76,14.5383,259.0,14.586600000000002,0.0,1011.02
2016-07-05 03:00:00,13.355555555555554,13.355555555555554,0.83,17.5329,251.0,14.9086,0.0,1005.78
2016-07-05 04:00:00,12.872222222222224,12.872222222222224,0.86,20.3504,260.0,14.9086,0.0,1005.79
2016-07-05 05:00:00,12.872222222222224,12.872222222222224,0.85,17.871000000000002,271.0,15.826300000000002,0.0,1005.91
2016-07-05 06:00:00,12.872222222222224,12.872222222222224,0.83,23.715300000000003,271.0,11.270000000000001,0.0,1006.51
2016-07-05 07:00:00,13.916666666666664,13.916666666666664,0.77,20.7046,280.0,11.270000000000001,0.0,1007.09
2016-07-05 08:00:00,15.744444444444447,15.744444444444447,0.67,22.3468,295.0,11.0285,0.0,1007.49
2016-07-05 09:00:00,17.22222222222222,17.22222222222222,0.58,34.2447,309.0,11.270000000000001,0.0,1007.62
2016-07-05 10:00:00,17.872222222222224,17.872222222222224,0.56,35.83860000000001,309.0,11.270000000000001,0.0,1008.2
2016-07-05 11:00:00,19.977777777777774,19.977777777777774,0.46,39.203500000000005,300.0,11.270000000000001,0.0,1008.51
2016-07-05 12:00:00,21.06666666666667,21.06666666666667,0.43,37.6257,300.0,10.0464,0.0,1008.8
2016-07-05 13:00:00,20.04444444444444,20.04444444444444,0.44,35.7259,299.0,10.0464,0.0,1009.09
2016-07-05 14:00:00,21.849999999999998,21.849999999999998,0.4,32.1034,289.0,10.4006,0.0,1009.31
2016-07-05 15:00:00,22.733333333333334,22.733333333333334,0.37,33.9066,289.0,10.0464,0.0,1009.38
2016-07-05 16:00:00,22.75555555555555,22.75555555555555,0.37,32.9406,280.0,10.0464,0.0,1009.55
2016-07-05 17:00:00,22.261111111111106,22.261111111111106,0.36,22.395100000000003,279.0,10.4006,0.0,1009.68
2016-07-05 18:00:00,22.733333333333334,22.733333333333334,0.32,22.2985,289.0,10.0464,0.0,1009.18
2016-07-05 19:00:00,22.194444444444443,22.194444444444443,0.33,25.5024,299.0,9.982000000000001,0.0,1009.2
2016-07-05 20:00:00,19.244444444444444,19.244444444444444,0.4,15.2145,291.0,10.3523,0.0,1010.03
2016-07-05 21:00:00,15.299999999999999,15.299999999999999,0.59,9.724400000000001,270.0,9.982000000000001,0.0,1010.85
2016-07-05 22:00:00,14.700000000000001,14.700000000000001,0.61,11.3505,280.0,15.826300000000002,0.0,1011.29
2016-07-05 23:00:00,14.827777777777776,14.827777777777776,0.61,14.3934,269.0,14.9569,0.0,1011.56
2016-07-06 00:00:00,15.027777777777779,15.027777777777779,0.57,17.114300000000004,270.0,15.826300000000002,0.0,1011.88
2016-07-06 01:00:00,13.433333333333334,13.433333333333334,0.64,11.0768,260.0,15.826300000000002,0.0,1011.97
2016-07-06 02:00:00,16.133333333333333,16.133333333333333,0.68,11.2217,249.0,14.9569,0.0,1013.74
2016-07-06 03:00:00,12.277777777777779,12.277777777777779,0.74,11.3505,251.0,15.826300000000002,0.0,1011.87
2016-07-06 04:00:00,13.28888888888889,13.28888888888889,0.7,14.6349,250.0,15.874600000000001,0.0,1011.88
2016-07-06 05:00:00,13.483333333333336,13.483333333333336,0.71,11.8496,250.0,15.359399999999999,0.0,1012.07
2016-07-06 06:00:00,14.866666666666665,14.866666666666665,0.64,14.2807,259.0,11.270000000000001,0.0,1011.78
2016-07-06 07:00:00,15.050000000000002,15.050000000000002,0.68,16.1,269.0,11.2056,0.0,1012.45
2016-07-06 08:00:00,17.583333333333332,17.583333333333332,0.59,23.602600000000002,268.0,10.4006,0.0,1012.56
2016-07-06 09:00:00,19.92777777777778,19.92777777777778,0.46,32.795700000000004,280.0,10.0464,0.0,1012.07
2016-07-06 10:00:00,20.46111111111111,20.46111111111111,0.46,28.448700000000006,289.0,15.874600000000001,0.0,1011.8
2016-07-06 11:00:00,21.005555555555556,21.005555555555556,0.42,29.8172,291.0,10.4006,0.0,1012.34
2016-07-06 12:00:00,22.733333333333334,22.733333333333334,0.38,32.9567,300.0,10.0464,0.0,1012.06
2016-07-06 13:00:00,23.83888888888889,23.83888888888889,0.32,27.241200000000003,299.0,10.0464,0.0,1011.84
2016-07-06 14:00:00,25.650000000000002,25.650000000000002,0.32,21.896,288.0,10.4006,0.0,1011.52
2016-07-06 15:00:00,23.466666666666665,23.466666666666665,0.33,21.2359,279.0,15.874600000000001,0.0,1011.11
2016-07-06 16:00:00,22.983333333333334,22.983333333333334,0.4,28.175,232.0,9.982000000000001,0.0,1010.46
2016-07-06 17:00:00,23.994444444444444,23.994444444444444,0.35,23.828000000000003,262.0,10.3523,0.0,1010.37
2016-07-06 18:00:00,22.84444444444445,22.84444444444445,0.37,29.7367,270.0,9.982000000000001,0.0,1010.55
2016-07-06 19:00:00,22.82222222222222,22.82222222222222,0.37,17.516800000000003,288.0,15.826300000000002,0.0,1010.84
2016-07-06 20:00:00,22.305555555555557,22.305555555555557,0.4,4.781700000000001,245.0,9.982000000000001,0.0,1011.19
2016-07-06 21:00:00,17.96111111111111,17.96111111111111,0.59,9.1126,224.0,9.982000000000001,0.0,1011.26
2016-07-06 22:00:00,17.872222222222224,17.872222222222224,0.58,11.1895,223.0,15.826300000000002,0.0,1011.77
2016-07-06 23:00:00,17.133333333333336,17.133333333333336,0.63,7.2772,245.0,14.9569,0.0,1012.53
2016-07-07 00:00:00,15.744444444444447,15.744444444444447,0.67,3.4454000000000002,282.0,15.826300000000002,0.0,1013.35
2016-07-07 01:00:00,16.3,16.3,0.67,6.617100000000001,271.0,15.826300000000002,0.0,1013.63
2016-07-07 02:00:00,15.950000000000001,15.950000000000001,0.79,4.9105,310.0,15.262800000000002,0.0,1017.31
2016-07-07 03:00:00,16.16111111111111,16.16111111111111,0.66,6.488300000000001,297.0,15.826300000000002,0.0,1013.96
2016-07-07 04:00:00,16.622222222222224,16.622222222222224,0.63,6.601,298.0,15.826300000000002,0.0,1014.09
2016-07-07 05:00:00,15.794444444444444,15.794444444444444,0.7,7.0679,240.0,15.262800000000002,0.0,1014.8
2016-07-07 06:00:00,17.200000000000003,17.200000000000003,0.64,12.380900000000002,270.0,9.982000000000001,0.0,1015.44
2016-07-07 07:00:00,17.849999999999998,17.849999999999998,0.66,8.4686,241.0,9.982000000000001,0.0,1015.87
2016-07-07 08:00:00,19.944444444444446,19.944444444444446,0.56,10.996300000000002,265.0,10.3523,0.0,1016.3
2016-07-07 09:00:00,21.16111111111111,21.16111111111111,0.46,14.2002,262.0,11.2056,0.0,1016.67
2016-07-07 10:00:00,22.783333333333335,22.783333333333335,0.37,21.3325,300.0,9.982000000000001,0.0,1016.96
2016-07-07 11:00:00,23.82222222222222,23.82222222222222,0.33,20.9139,309.0,10.3523,0.0,1017.34
2016-07-07 12:00:00,25.02777777777778,25.02777777777778,0.32,17.838800000000003,318.0,9.982000000000001,0.0,1017.14
2016-07-07 13:00:00,26.04444444444444,26.04444444444444,0.29,14.457800000000002,260.0,9.982000000000001,0.0,1016.93
2016-07-07 14:00:00,26.933333333333337,26.355555555555554,0.29,13.3308,263.0,10.3523,0.0,1016.86
2016-07-07 15:00:00,27.75555555555555,26.861111111111107,0.29,16.2771,240.0,9.982000000000001,0.0,1016.23
2016-07-07 16:00:00,27.22222222222222,26.544444444444444,0.3,16.309300000000004,221.0,9.982000000000001,0.0,1016.12
2016-07-07 17:00:00,27.005555555555556,26.555555555555557,0.33,16.1322,211.0,10.3523,0.0,1016.06
2016-07-07 18:00:00,27.24444444444445,26.761111111111113,0.34,20.5436,220.0,9.982000000000001,0.0,1015.72
2016-07-07 19:00:00,26.20555555555556,26.20555555555556,0.36,15.7458,229.0,9.982000000000001,0.0,1015.71
2016-07-07 20:00:00,23.294444444444448,23.294444444444448,0.48,11.253900000000002,210.0,10.3523,0.0,1015.86
2016-07-07 21:00:00,20.25,20.25,0.6,9.450700000000001,202.0,9.982000000000001,0.0,1015.92
2016-07-07 22:00:00,20.13888888888889,20.13888888888889,0.61,6.4722,193.0,15.826300000000002,0.0,1016.24
2016-07-07 23:00:00,19.294444444444448,19.294444444444448,0.68,7.422100000000001,196.0,14.9569,0.0,1016.81
2016-07-08 00:00:00,17.805555555555557,17.805555555555557,0.73,6.3434,212.0,15.826300000000002,0.0,1017.17
2016-07-08 01:00:00,16.783333333333335,16.783333333333335,0.74,3.0912,207.0,15.826300000000002,0.0,1017.47
2016-07-08 02:00:00,17.883333333333333,17.883333333333333,0.69,5.828200000000001,171.0,14.9569,0.0,1015.84
2016-07-08 03:00:00,16.177777777777777,16.177777777777777,0.77,6.0375000000000005,357.0,15.826300000000002,0.0,1018.13
2016-07-08 04:00:00,16.66111111111111,16.66111111111111,0.75,2.9463000000000004,194.0,15.826300000000002,0.0,1017.68
2016-07-08 05:00:00,15.533333333333335,15.533333333333335,0.82,6.2146,340.0,14.9569,0.0,1018.11
2016-07-08 06:00:00,17.800000000000004,17.800000000000004,0.72,4.717300000000001,335.0,9.982000000000001,0.0,1018.06
2016-07-08 07:00:00,18.86666666666666,18.86666666666666,0.65,0.2415,294.0,10.0464,0.0,1018.59
2016-07-08 08:00:00,21.15555555555555,21.15555555555555,0.54,2.9141000000000004,346.0,10.4006,0.0,1018.98
2016-07-08 09:00:00,23.62777777777778,23.62777777777778,0.39,9.1126,359.0,10.0464,0.0,1019.1
2016-07-08 10:00:00,24.922222222222224,24.922222222222224,0.33,10.3362,8.0,11.2056,0.0,1019.28
2016-07-08 11:00:00,25.27777777777778,25.27777777777778,0.33,11.511500000000002,50.0,10.3523,0.0,1019.58
2016-07-08 12:00:00,27.28888888888889,26.900000000000002,0.37,4.250400000000001,102.0,9.982000000000001,0.0,1019.14
2016-07-08 13:00:00,27.722222222222225,27.138888888888886,0.35,8.420300000000001,8.0,9.982000000000001,0.0,1018.57
2016-07-08 14:00:00,27.800000000000004,27.116666666666667,0.33,8.774500000000002,16.0,10.3523,0.0,1018.36
2016-07-08 15:00:00,28.783333333333335,27.783333333333335,0.32,8.1949,19.0,9.982000000000001,0.0,1017.96
2016-07-08 16:00:00,28.90555555555555,27.866666666666664,0.31,9.9015,50.0,9.982000000000001,0.0,1017.37
2016-07-08 17:00:00,28.90555555555555,27.861111111111114,0.31,4.379200000000001,151.0,9.982000000000001,0.0,1016.86
2016-07-08 18:00:00,28.90555555555555,27.983333333333334,0.33,7.245,135.0,9.982000000000001,0.0,1016.26
2016-07-08 19:00:00,27.866666666666664,27.25,0.35,8.5652,112.0,9.982000000000001,0.0,1015.88
2016-07-08 20:00:00,25.133333333333333,25.133333333333333,0.42,8.774500000000002,102.0,9.982000000000001,0.0,1015.85
2016-07-08 21:00:00,22.84444444444445,22.84444444444445,0.51,7.7440999999999995,121.0,9.982000000000001,0.0,1015.86
2016-07-08 22:00:00,22.68333333333333,22.68333333333333,0.51,10.8836,112.0,15.826300000000002,0.0,1016.07
2016-07-08 23:00:00,21.5,21.5,0.53,6.0375000000000005,130.0,15.826300000000002,0.0,1016.08
2016-07-09 00:00:00,20.477777777777778,20.477777777777778,0.56,6.166300000000001,140.0,15.826300000000002,0.0,1015.89
2016-07-09 01:00:00,18.883333333333333,18.883333333333333,0.62,6.44,150.0,15.826300000000002,0.0,1015.68
2016-07-09 02:00:00,20.26111111111111,20.26111111111111,0.68,2.8819000000000004,242.0,15.005200000000002,0.0,1008.4
2016-07-09 03:00:00,17.68333333333333,17.68333333333333,0.66,6.4078,167.0,15.826300000000002,0.0,1015.11
2016-07-09 04:00:00,17.63888888888889,17.63888888888889,0.66,6.488300000000001,159.0,15.826300000000002,0.0,1014.88
2016-07-09 05:00:00,17.205555555555556,17.205555555555556,0.71,6.4561,145.0,14.9569,0.0,1014.75
2016-07-09 06:00:00,17.68888888888889,17.68888888888889,0.73,5.0393,166.0,9.982000000000001,0.0,1014.48
2016-07-09 07:00:00,21.022222222222226,21.022222222222226,0.6,11.0768,149.0,9.982000000000001,0.0,1014.18
2016-07-09 08:00:00,23.850000000000005,23.850000000000005,0.52,13.7333,155.0,9.982000000000001,0.0,1013.96
2016-07-09 09:00:00,27.199999999999996,27.11111111111111,0.42,14.1519,150.0,9.982000000000001,0.0,1013.57
2016-07-09 10:00:00,28.916666666666668,28.316666666666666,0.38,14.6188,160.0,9.982000000000001,0.0,1013.36
2016-07-09 11:00:00,29.899999999999995,29.066666666666663,0.35,17.3397,149.0,10.3523,0.0,1012.96
2016-07-09 12:00:00,31.18333333333333,30.133333333333333,0.32,14.5383,177.0,9.982000000000001,0.0,1012.43
2016-07-09 13:00:00,32.17222222222222,31.04444444444444,0.3,15.1984,180.0,9.982000000000001,0.0,1011.73
2016-07-09 14:00:00,32.69444444444444,31.622222222222224,0.3,15.278900000000002,202.0,10.3523,0.0,1011.0
2016-07-09 15:00:00,32.77777777777778,31.605555555555554,0.29,15.778000000000002,198.0,9.982000000000001,0.0,1010.03
2016-07-09 16:00:00,32.87222222222223,31.688888888888894,0.29,17.549000000000003,180.0,9.982000000000001,0.0,1009.04
2016-07-09 17:00:00,32.68333333333333,31.561111111111114,0.3,17.3075,180.0,10.3523,0.0,1008.6
2016-07-09 18:00:00,32.28888888888889,31.266666666666666,0.31,14.586600000000002,171.0,9.982000000000001,0.0,1008.01
2016-07-09 19:00:00,31.227777777777774,30.827777777777776,0.37,11.527600000000001,171.0,9.982000000000001,0.0,1007.58
2016-07-09 20:00:00,28.16111111111111,28.466666666666665,0.48,7.985600000000001,213.0,10.3523,0.0,1007.23
2016-07-09 21:00:00,26.20555555555556,26.20555555555556,0.53,8.0822,178.0,9.982000000000001,0.0,1007.12
2016-07-09 22:00:00,24.53888888888889,24.53888888888889,0.57,6.7781,151.0,15.874600000000001,0.0,1007.21
2016-07-09 23:00:00,23.200000000000003,23.200000000000003,0.62,6.8908000000000005,175.0,15.3111,0.0,1006.92
2016-07-10 00:00:00,22.24444444444445,22.24444444444445,0.64,5.635000000000001,183.0,15.826300000000002,0.0,1006.36
2016-07-10 01:00:00,22.17222222222222,22.17222222222222,0.62,5.313,189.0,15.826300000000002,0.0,1006.25
2016-07-10 02:00:00,13.572222222222223,13.572222222222223,0.8,4.008900000000001,280.0,15.3111,0.0,1011.01
2016-07-10 03:00:00,19.772222222222226,19.772222222222226,0.67,25.4058,329.0,15.826300000000002,0.0,1007.43
2016-07-10 04:00:00,17.66111111111111,17.66111111111111,0.75,20.0928,340.0,15.826300000000002,0.0,1007.01
2016-07-10 05:00:00,16.65,16.65,0.79,11.3022,345.0,15.262800000000002,0.0,1006.85
2016-07-10 06:00:00,17.105555555555554,17.105555555555554,0.75,17.516800000000003,318.0,9.982000000000001,0.0,1007.17
2016-07-10 07:00:00,17.666666666666668,17.666666666666668,0.66,20.8334,320.0,9.982000000000001,0.0,1008.01
2016-07-10 08:00:00,18.688888888888886,18.688888888888886,0.65,22.0087,330.0,10.3523,0.0,1007.88
2016-07-10 09:00:00,18.70555555555556,18.70555555555556,0.62,20.865600000000004,319.0,9.9015,0.0,1008.07
2016-07-10 10:00:00,18.61111111111111,18.61111111111111,0.66,17.4846,301.0,11.125100000000002,0.0,1008.84
2016-07-10 11:00:00,18.716666666666665,18.716666666666665,0.67,21.429100000000002,312.0,11.4471,0.0,1009.29
2016-07-10 12:00:00,18.54444444444444,18.54444444444444,0.67,20.865600000000004,350.0,6.118,0.0,1008.7
2016-07-10 13:00:00,17.083333333333332,17.083333333333332,0.82,4.7495,309.0,11.0446,0.0,1009.76
2016-07-10 14:00:00,17.288888888888888,17.288888888888888,0.87,6.5205,79.0,11.237800000000002,0.0,1009.52
2016-07-10 15:00:00,17.68888888888889,17.68888888888889,0.84,3.703,278.0,11.125100000000002,0.0,1009.36
2016-07-10 16:00:00,17.800000000000004,17.800000000000004,0.78,14.586600000000002,271.0,11.125100000000002,0.0,1009.55
2016-07-10 17:00:00,17.383333333333333,17.383333333333333,0.82,14.425600000000003,276.0,11.4471,0.0,1009.92
2016-07-10 18:00:00,17.31666666666667,17.31666666666667,0.74,14.2163,299.0,11.270000000000001,0.0,1010.37
2016-07-10 19:00:00,17.755555555555556,17.755555555555556,0.73,11.8335,290.0,11.270000000000001,0.0,1010.4
2016-07-10 20:00:00,16.37222222222222,16.37222222222222,0.82,11.0929,262.0,11.398800000000001,0.0,1010.63
2016-07-10 21:00:00,15.072222222222223,15.072222222222223,0.83,11.398800000000001,279.0,9.982000000000001,0.0,1010.36
2016-07-10 22:00:00,15.466666666666669,15.466666666666669,0.78,14.4095,309.0,15.826300000000002,0.0,1011.03
2016-07-10 23:00:00,14.400000000000002,14.400000000000002,0.79,10.835300000000002,306.0,14.9569,0.0,1011.77
2016-07-11 00:00:00,13.244444444444447,13.244444444444447,0.81,10.8031,297.0,15.826300000000002,0.0,1011.73
2016-07-11 01:00:00,12.711111111111112,12.711111111111112,0.83,3.5742000000000007,294.0,15.826300000000002,0.0,1011.99
2016-07-11 02:00:00,12.82777777777778,12.82777777777778,0.85,6.1985,323.0,14.9569,0.0,1013.11
2016-07-11 03:00:00,11.094444444444443,11.094444444444443,0.86,6.1824,186.0,15.826300000000002,0.0,1012.28
2016-07-11 04:00:00,11.138888888888888,11.138888888888888,0.86,3.864,262.0,15.826300000000002,0.0,1012.01
2016-07-11 05:00:00,11.844444444444443,11.844444444444443,0.85,7.0679,290.0,14.9569,0.0,1011.79
2016-07-11 06:00:00,12.200000000000001,12.200000000000001,0.8,5.1359,247.0,11.125100000000002,0.0,1011.77
2016-07-11 07:00:00,12.777777777777779,12.777777777777779,0.77,11.1895,289.0,9.982000000000001,0.0,1012.51
2016-07-11 08:00:00,13.788888888888888,13.788888888888888,0.75,10.6743,299.0,9.982000000000001,0.0,1012.45
2016-07-11 09:00:00,15.02222222222222,15.02222222222222,0.72,12.783400000000002,300.0,9.982000000000001,0.0,1012.59
2016-07-11 10:00:00,17.17777777777778,17.17777777777778,0.59,15.7458,319.0,11.2056,0.0,1012.69
2016-07-11 11:00:00,17.68888888888889,17.68888888888889,0.58,11.0607,310.0,11.0768,0.0,1012.52
2016-07-11 12:00:00,20.02777777777778,20.02777777777778,0.45,9.595600000000001,327.0,11.270000000000001,0.0,1012.19
2016-07-11 13:00:00,21.16111111111111,21.16111111111111,0.42,11.0929,291.0,11.270000000000001,0.0,1011.7
2016-07-11 14:00:00,21.83888888888889,21.83888888888889,0.41,12.236,288.0,11.0285,0.0,1011.11
2016-07-11 15:00:00,22.266666666666666,22.266666666666666,0.35,8.162700000000001,313.0,11.2056,0.0,1010.98
2016-07-11 16:00:00,22.24444444444445,22.24444444444445,0.35,12.1394,349.0,11.2056,0.0,1010.61
2016-07-11 17:00:00,21.955555555555552,21.955555555555552,0.4,6.7137,19.0,11.4471,0.0,1010.91
2016-07-11 18:00:00,22.70555555555556,22.70555555555556,0.35,11.1734,281.0,11.270000000000001,0.0,1010.61
2016-07-11 19:00:00,22.083333333333332,22.083333333333332,0.39,7.760200000000001,264.0,11.2056,0.0,1010.36
2016-07-11 20:00:00,19.00555555555555,19.00555555555555,0.6,12.1555,179.0,11.0285,0.0,1011.03
2016-07-11 21:00:00,16.266666666666666,16.266666666666666,0.71,7.1645,213.0,11.2056,0.0,1011.24
2016-07-11 22:00:00,15.666666666666666,15.666666666666666,0.71,6.0053,285.0,15.826300000000002,0.0,1011.38
2016-07-11 23:00:00,16.58888888888889,16.58888888888889,0.64,9.6922,314.0,14.9569,0.0,1011.94
2016-07-12 00:00:00,15.438888888888888,15.438888888888888,0.73,19.4649,19.0,15.826300000000002,0.0,1012.77
2016-07-12 01:00:00,13.794444444444444,13.794444444444444,0.8,6.0858,348.0,15.826300000000002,0.0,1013.32
2016-07-12 02:00:00,12.583333333333334,12.583333333333334,0.79,3.6547,286.0,14.9569,0.0,1017.95
2016-07-12 03:00:00,11.22777777777778,11.22777777777778,0.86,3.5420000000000007,297.0,15.826300000000002,0.0,1013.45
2016-07-12 04:00:00,12.755555555555556,12.755555555555556,0.83,10.948,299.0,15.826300000000002,0.0,1013.72
2016-07-12 05:00:00,12.611111111111112,12.611111111111112,0.85,6.295100000000001,315.0,15.246700000000002,0.0,1014.16
2016-07-12 06:00:00,12.222222222222221,12.222222222222221,0.81,7.889000000000001,298.0,9.9015,0.0,1014.43
2016-07-12 07:00:00,13.844444444444445,13.844444444444445,0.77,5.1681,279.0,9.9015,0.0,1014.72
2016-07-12 08:00:00,16.083333333333332,16.083333333333332,0.65,9.6439,281.0,10.3523,0.0,1015.09
2016-07-12 09:00:00,18.84444444444445,18.84444444444445,0.49,13.9265,263.0,9.982000000000001,0.0,1015.09
2016-07-12 10:00:00,21.088888888888885,21.088888888888885,0.46,12.590200000000001,263.0,11.2056,0.0,1015.01
2016-07-12 11:00:00,21.944444444444443,21.944444444444443,0.4,12.719000000000001,319.0,10.3523,0.0,1015.25
2016-07-12 12:00:00,22.849999999999998,22.849999999999998,0.34,17.3397,318.0,9.982000000000001,0.0,1015.12
2016-07-12 13:00:00,22.82222222222222,22.82222222222222,0.34,17.436300000000003,300.0,9.982000000000001,0.0,1015.12
2016-07-12 14:00:00,23.66111111111111,23.66111111111111,0.33,20.8173,290.0,10.3523,0.0,1015.16
2016-07-12 15:00:00,24.727777777777778,24.727777777777778,0.3,14.6027,297.0,9.982000000000001,0.0,1014.87
2016-07-12 16:00:00,24.75,24.75,0.33,27.048000000000002,291.0,9.982000000000001,0.0,1014.8
2016-07-12 17:00:00,23.70555555555556,23.70555555555556,0.3,23.9568,280.0,10.3523,0.0,1015.31
2016-07-12 18:00:00,21.13333333333334,21.13333333333334,0.42,27.8852,309.0,9.982000000000001,0.0,1016.1
2016-07-12 19:00:00,21.17777777777778,21.17777777777778,0.41,17.259200000000003,300.0,9.982000000000001,0.0,1016.11
2016-07-12 20:00:00,19.044444444444444,19.044444444444444,0.52,11.4793,291.0,9.982000000000001,0.0,1016.71
2016-07-12 21:00:00,16.272222222222222,16.272222222222222,0.62,9.7405,282.0,9.982000000000001,0.0,1017.3
2016-07-12 22:00:00,15.650000000000002,15.650000000000002,0.67,6.6332,262.0,15.826300000000002,0.0,1018.11
2016-07-12 23:00:00,14.427777777777777,14.427777777777777,0.7,6.5688,277.0,14.9569,0.0,1018.48
2016-07-13 00:00:00,12.82777777777778,12.82777777777778,0.74,11.270000000000001,280.0,15.826300000000002,0.0,1018.63
2016-07-13 01:00:00,12.277777777777779,12.277777777777779,0.74,6.6493,261.0,15.826300000000002,0.0,1019.01
2016-07-13 02:00:00,15.133333333333335,15.133333333333335,0.7,2.898,199.0,14.9569,0.0,1020.18
2016-07-13 03:00:00,11.122222222222225,11.122222222222225,0.8,10.706500000000002,270.0,15.826300000000002,0.0,1019.03
2016-07-13 04:00:00,11.122222222222225,11.122222222222225,0.8,10.948,270.0,15.826300000000002,0.0,1019.13
2016-07-13 05:00:00,11.338888888888887,11.338888888888887,0.78,10.8997,270.0,14.9569,0.0,1019.6
2016-07-13 06:00:00,12.722222222222221,12.722222222222221,0.78,5.152000000000001,282.0,9.982000000000001,0.0,1019.73
2016-07-13 07:00:00,15.91111111111111,15.91111111111111,0.64,16.325400000000002,300.0,9.982000000000001,0.0,1019.94
2016-07-13 08:00:00,17.727777777777774,17.727777777777774,0.61,17.3075,307.0,10.3523,0.0,1020.27
2016-07-13 09:00:00,21.06666666666667,21.06666666666667,0.47,12.606300000000001,309.0,9.982000000000001,0.0,1020.32
2016-07-13 10:00:00,22.661111111111115,22.661111111111115,0.39,15.6009,291.0,10.0464,0.0,1020.13
2016-07-13 11:00:00,22.716666666666665,22.716666666666665,0.39,13.9748,299.0,10.0303,0.0,1020.31
2016-07-13 12:00:00,25.0,25.0,0.33,11.543700000000001,301.0,10.0464,0.0,1020.0
2016-07-13 13:00:00,25.0,25.0,0.32,11.3505,281.0,9.982000000000001,0.0,1019.82
2016-07-13 14:00:00,25.92222222222222,25.92222222222222,0.31,10.465,293.0,10.3523,0.0,1019.52
2016-07-13 15:00:00,27.150000000000002,26.444444444444443,0.28,12.799500000000002,308.0,9.982000000000001,0.0,1019.1
2016-07-13 16:00:00,27.22222222222222,26.422222222222224,0.26,14.2163,279.0,9.982000000000001,0.0,1018.71
2016-07-13 17:00:00,27.077777777777776,26.350000000000005,0.27,12.6868,287.0,10.3523,0.0,1018.82
2016-07-13 18:00:00,27.127777777777776,26.36666666666666,0.26,14.0875,299.0,9.982000000000001,0.0,1018.6
2016-07-13 19:00:00,26.03888888888889,26.03888888888889,0.28,11.109000000000002,308.0,9.982000000000001,0.0,1018.51
2016-07-13 20:00:00,22.700000000000003,22.700000000000003,0.38,7.985600000000001,282.0,10.3523,0.0,1018.83
2016-07-13 21:00:00,19.122222222222224,19.122222222222224,0.48,7.969500000000001,290.0,9.982000000000001,0.0,1019.19
2016-07-13 22:00:00,18.41111111111111,18.41111111111111,0.51,11.0446,280.0,15.826300000000002,0.0,1019.51
2016-07-13 23:00:00,17.105555555555554,17.105555555555554,0.58,4.2343,263.0,15.3111,0.0,1019.8
2016-07-14 00:00:00,16.605555555555554,16.605555555555554,0.61,3.0751,230.0,15.826300000000002,0.0,1019.9
2016-07-14 01:00:00,15.494444444444444,15.494444444444444,0.66,5.7799000000000005,278.0,15.826300000000002,0.0,1020.21
2016-07-14 02:00:00,17.711111111111112,17.711111111111112,0.7,3.8479000000000005,210.0,15.3111,0.0,1021.13
2016-07-14 03:00:00,14.31111111111111,14.31111111111111,0.73,3.1878,158.0,15.826300000000002,0.0,1020.2
2016-07-14 04:00:00,15.32777777777778,15.32777777777778,0.73,3.22,90.0,15.826300000000002,0.0,1020.3
2016-07-14 05:00:00,15.955555555555556,15.955555555555556,0.71,2.9624,207.0,15.3111,0.0,1020.41
2016-07-14 06:00:00,16.86111111111111,16.86111111111111,0.73,3.22,90.0,9.982000000000001,0.0,1020.4
2016-07-14 07:00:00,20.683333333333337,20.683333333333337,0.55,4.4919,258.0,9.982000000000001,0.0,1020.6
2016-07-14 08:00:00,22.644444444444446,22.644444444444446,0.49,4.8622000000000005,242.0,9.982000000000001,0.0,1020.49
2016-07-14 09:00:00,25.005555555555556,25.005555555555556,0.4,9.209200000000001,270.0,9.982000000000001,0.0,1020.49
2016-07-14 10:00:00,27.199999999999996,26.733333333333334,0.34,7.695800000000001,251.0,9.982000000000001,0.0,1020.48
2016-07-14 11:00:00,27.800000000000004,27.10555555555556,0.33,9.5473,318.0,9.982000000000001,0.0,1020.5
2016-07-14 12:00:00,28.838888888888885,27.82777777777778,0.31,13.846,309.0,9.982000000000001,0.0,1020.68
2016-07-14 13:00:00,29.977777777777774,28.694444444444443,0.29,12.461400000000001,259.0,9.982000000000001,0.0,1020.58
2016-07-14 14:00:00,28.93333333333333,27.88888888888889,0.31,12.525800000000002,288.0,9.982000000000001,0.0,1020.29
2016-07-14 15:00:00,31.11111111111111,29.61111111111111,0.27,10.6099,326.0,9.982000000000001,0.0,1019.8
2016-07-14 16:00:00,31.088888888888885,29.59444444444444,0.27,13.9748,249.0,9.982000000000001,0.0,1019.68
2016-07-14 17:00:00,30.83888888888889,29.327777777777783,0.27,11.157300000000001,282.0,10.3523,0.0,1019.52
2016-07-14 18:00:00,30.050000000000004,28.605555555555554,0.27,12.799500000000002,278.0,9.982000000000001,0.0,0.0
2016-07-14 19:00:00,28.983333333333334,27.922222222222224,0.31,9.305800000000001,229.0,11.2056,0.0,1019.07
2016-07-14 20:00:00,26.43888888888889,26.43888888888889,0.4,8.3076,210.0,10.3523,0.0,1019.48
2016-07-14 21:00:00,25.05,25.05,0.47,6.2146,172.0,16.1,0.0,1019.77
2016-07-14 22:00:00,22.31666666666667,22.31666666666667,0.57,6.295100000000001,190.0,15.826300000000002,0.0,1020.37
2016-07-14 23:00:00,21.355555555555554,21.355555555555554,0.59,6.8264000000000005,206.0,15.520400000000002,0.0,1020.73
2016-07-15 00:00:00,20.055555555555554,20.055555555555554,0.61,6.391700000000001,192.0,15.826300000000002,0.0,1020.79
2016-07-15 01:00:00,19.499999999999996,19.499999999999996,0.63,6.6654,220.0,15.826300000000002,0.0,1020.89
2016-07-15 02:00:00,17.76111111111111,17.76111111111111,0.81,0.0,0.0,15.826300000000002,0.0,1020.82
2016-07-15 03:00:00,16.844444444444445,16.844444444444445,0.74,6.262900000000001,163.0,15.826300000000002,0.0,1021.27
2016-07-15 04:00:00,16.261111111111113,16.261111111111113,0.77,6.1824,174.0,15.826300000000002,0.0,1021.18
2016-07-15 05:00:00,16.866666666666667,16.866666666666667,0.76,3.1395,197.0,14.9569,0.0,1021.37
2016-07-15 06:00:00,17.183333333333334,17.183333333333334,0.75,8.903300000000002,160.0,9.982000000000001,0.0,1021.49
2016-07-15 07:00:00,22.049999999999997,22.049999999999997,0.56,4.6368,231.0,9.982000000000001,0.0,1021.59
2016-07-15 08:00:00,24.705555555555556,24.705555555555556,0.5,7.583100000000001,213.0,10.3523,0.0,1021.91
2016-07-15 09:00:00,27.77777777777778,27.494444444444444,0.4,9.080400000000001,212.0,9.982000000000001,0.0,1021.99
2016-07-15 10:00:00,30.0,29.105555555555554,0.34,10.9641,222.0,9.982000000000001,0.0,1022.17
2016-07-15 11:00:00,30.966666666666665,29.966666666666665,0.33,7.953400000000001,214.0,10.3523,0.0,1022.25
2016-07-15 12:00:00,32.294444444444444,31.161111111111115,0.3,11.8979,201.0,9.982000000000001,0.0,1021.87
2016-07-15 13:00:00,32.82777777777778,31.411111111111115,0.27,4.2021,348.0,9.982000000000001,0.0,1021.77
2016-07-15 14:00:00,33.55,32.34444444444445,0.28,9.9981,240.0,10.3523,0.0,1021.41
2016-07-15 15:00:00,32.916666666666664,31.494444444444444,0.27,12.477500000000001,149.0,9.982000000000001,0.0,1021.04
2016-07-15 16:00:00,33.983333333333334,32.522222222222226,0.25,8.5652,194.0,9.982000000000001,0.0,1020.55
2016-07-15 17:00:00,32.794444444444444,31.411111111111115,0.27,11.511500000000002,177.0,10.3523,0.0,1020.48
2016-07-15 18:00:00,32.87222222222223,31.68333333333333,0.29,12.058900000000001,197.0,9.982000000000001,0.0,1020.05
2016-07-15 19:00:00,32.266666666666666,31.116666666666667,0.3,10.5938,188.0,9.982000000000001,0.0,1019.96
2016-07-15 20:00:00,28.238888888888887,27.988888888888887,0.42,7.5187,201.0,10.3523,0.0,1019.87
2016-07-15 21:00:00,25.18888888888889,25.18888888888889,0.49,7.647500000000001,198.0,9.982000000000001,0.0,1020.07
2016-07-15 22:00:00,24.383333333333333,24.383333333333333,0.54,6.230700000000001,178.0,15.826300000000002,0.0,1020.48
2016-07-15 23:00:00,22.694444444444443,22.694444444444443,0.58,3.4132000000000002,178.0,14.9569,0.0,1020.74
2016-07-16 00:00:00,20.46666666666667,20.46666666666667,0.66,2.898,198.0,15.826300000000002,0.0,1020.89
2016-07-16 01:00:00,19.400000000000002,19.400000000000002,0.7,3.22,90.0,15.826300000000002,0.0,1020.99
2016-07-16 02:00:00,20.227777777777774,20.227777777777774,0.63,2.8014,164.0,14.9569,0.0,1018.32
2016-07-16 03:00:00,17.200000000000003,17.200000000000003,0.81,3.22,100.0,15.826300000000002,0.0,1020.61
2016-07-16 04:00:00,16.644444444444446,16.644444444444446,0.81,3.22,100.0,15.826300000000002,0.0,1020.48
2016-07-16 05:00:00,17.327777777777776,17.327777777777776,0.84,5.0232,123.0,14.9569,0.0,1020.66
2016-07-16 06:00:00,17.68888888888889,17.68888888888889,0.84,1.61,120.0,9.982000000000001,0.0,1020.69
2016-07-16 07:00:00,22.600000000000005,22.600000000000005,0.58,4.7656,109.0,9.982000000000001,0.0,1020.69
2016-07-16 08:00:00,25.86111111111111,25.86111111111111,0.52,7.776300000000001,131.0,10.3523,0.0,1020.94
2016-07-16 09:00:00,28.916666666666668,28.783333333333335,0.43,7.615300000000001,102.0,9.982000000000001,0.0,1020.87
2016-07-16 10:00:00,31.161111111111115,30.22222222222222,0.33,10.6099,115.0,9.982000000000001,0.0,1020.56
2016-07-16 11:00:00,32.56111111111111,31.66111111111111,0.31,10.384500000000001,146.0,10.3523,0.0,1020.66
2016-07-16 12:00:00,33.86666666666666,32.81111111111111,0.28,11.3183,142.0,9.982000000000001,0.0,1020.16
2016-07-16 13:00:00,33.96111111111111,32.75,0.27,12.847800000000001,169.0,9.982000000000001,0.0,1019.76
2016-07-16 14:00:00,33.888888888888886,32.272222222222226,0.24,9.177000000000001,141.0,10.3523,0.0,1019.35
2016-07-16 15:00:00,34.050000000000004,32.56666666666667,0.25,11.109000000000002,150.0,9.982000000000001,0.0,1018.76
2016-07-16 16:00:00,35.09444444444445,33.699999999999996,0.24,12.4936,197.0,9.982000000000001,0.0,1018.45
2016-07-16 17:00:00,34.961111111111116,33.5611111111111,0.24,10.3201,202.0,10.3523,0.0,1018.15
2016-07-16 18:00:00,34.050000000000004,32.550000000000004,0.25,12.380900000000002,207.0,9.982000000000001,0.0,1017.73
2016-07-16 19:00:00,32.9388888888889,31.511111111111113,0.27,9.5312,187.0,9.982000000000001,0.0,1017.53
2016-07-16 20:00:00,30.288888888888884,29.33888888888889,0.34,7.8729,154.0,10.3523,0.0,1017.54
2016-07-16 21:00:00,26.3,26.3,0.42,4.7978000000000005,142.0,9.982000000000001,0.0,1017.75
2016-07-16 22:00:00,24.544444444444448,24.544444444444448,0.48,10.6743,131.0,15.826300000000002,0.0,1018.07
2016-07-16 23:00:00,23.36111111111111,23.36111111111111,0.55,6.0375000000000005,134.0,15.3111,0.0,1018.06
2016-07-17 00:00:00,22.15555555555555,22.15555555555555,0.57,6.3112,140.0,15.826300000000002,0.0,1017.9
2016-07-17 01:00:00,22.57222222222222,22.57222222222222,0.54,10.851400000000002,140.0,15.826300000000002,0.0,1017.71
2016-07-17 02:00:00,21.06666666666667,21.06666666666667,0.64,6.1341,144.0,14.9569,0.0,1016.39
2016-07-17 03:00:00,18.311111111111106,18.311111111111106,0.68,3.3488,158.0,15.826300000000002,0.0,1017.6
2016-07-17 04:00:00,18.827777777777776,18.827777777777776,0.73,9.3702,130.0,9.982000000000001,0.0,1017.56
2016-07-17 05:00:00,17.977777777777778,17.977777777777778,0.75,5.7477,139.0,14.9569,0.0,1017.44
2016-07-17 06:00:00,19.894444444444446,19.894444444444446,0.73,7.969500000000001,149.0,9.982000000000001,0.0,1017.28
2016-07-17 07:00:00,22.16111111111111,22.16111111111111,0.64,10.948,160.0,9.982000000000001,0.0,1017.46
2016-07-17 08:00:00,25.12777777777778,25.12777777777778,0.54,9.338000000000001,153.0,9.982000000000001,0.0,1017.54
2016-07-17 09:00:00,28.061111111111114,28.105555555555558,0.45,9.595600000000001,170.0,9.982000000000001,0.0,1017.23
2016-07-17 10:00:00,31.34444444444445,30.59444444444444,0.34,9.6761,174.0,9.982000000000001,0.0,1017.01
2016-07-17 11:00:00,33.74444444444444,32.788888888888884,0.29,12.075000000000001,182.0,10.3523,0.0,1016.86
2016-07-17 12:00:00,35.16111111111112,34.72777777777778,0.29,13.2664,201.0,9.982000000000001,0.0,1016.61
2016-07-17 13:00:00,37.22222222222222,35.53888888888889,0.19,12.9283,221.0,9.982000000000001,0.0,1016.2
2016-07-17 14:00:00,36.97222222222222,34.855555555555554,0.17,19.4327,207.0,10.3523,0.0,1015.87
2016-07-17 15:00:00,37.77777777777778,35.388888888888886,0.14,17.4202,210.0,9.982000000000001,0.0,1015.04
2016-07-17 16:00:00,37.82222222222222,35.56111111111111,0.15,17.259200000000003,221.0,15.826300000000002,0.0,1014.83
2016-07-17 17:00:00,37.522222222222226,35.583333333333336,0.17,15.0535,202.0,10.3523,0.0,1014.69
2016-07-17 18:00:00,37.266666666666666,35.227777777777774,0.17,14.1358,203.0,9.982000000000001,0.0,1014.52
2016-07-17 19:00:00,34.09444444444445,32.59444444444445,0.25,12.0106,174.0,9.982000000000001,0.0,1014.52
2016-07-17 20:00:00,30.666666666666668,29.66111111111111,0.33,10.2074,154.0,10.3523,0.0,1014.84
2016-07-17 21:00:00,27.800000000000004,27.22222222222222,0.35,9.2253,150.0,9.982000000000001,0.0,1015.15
2016-07-17 22:00:00,26.605555555555554,26.605555555555554,0.39,6.6493,161.0,15.826300000000002,0.0,1015.67
2016-07-17 23:00:00,25.25555555555555,25.25555555555555,0.46,6.44,176.0,15.3111,0.0,1015.86
2016-07-18 00:00:00,22.738888888888894,22.738888888888894,0.53,3.3005,151.0,15.826300000000002,0.0,1015.99
2016-07-18 01:00:00,20.100000000000005,20.100000000000005,0.61,2.9302,246.0,15.826300000000002,0.0,1016.08
2016-07-18 02:00:00,21.977777777777778,21.977777777777778,0.66,2.8175000000000003,144.0,15.3111,0.0,1015.35
2016-07-18 03:00:00,20.955555555555556,20.955555555555556,0.64,10.7548,131.0,15.826300000000002,0.0,1016.09
2016-07-18 04:00:00,20.472222222222218,20.472222222222218,0.63,6.166300000000001,140.0,15.826300000000002,0.0,1016.08
2016-07-18 05:00:00,20.294444444444444,20.294444444444444,0.65,9.6761,153.0,15.3111,0.0,1016.17
2016-07-18 06:00:00,21.005555555555556,21.005555555555556,0.6,9.1126,140.0,9.982000000000001,0.0,1016.19
2016-07-18 07:00:00,23.711111111111116,23.711111111111116,0.51,7.776300000000001,160.0,9.982000000000001,0.0,1016.1
2016-07-18 08:00:00,27.03888888888889,27.272222222222226,0.47,8.8228,147.0,10.3523,0.0,1016.27
2016-07-18 09:00:00,31.161111111111115,30.833333333333332,0.38,7.889000000000001,152.0,9.982000000000001,0.0,1016.06
2016-07-18 10:00:00,33.9388888888889,33.511111111111106,0.32,10.8031,144.0,9.982000000000001,0.0,1015.85
2016-07-18 11:00:00,35.68333333333334,34.833333333333336,0.26,12.558,162.0,10.3523,0.0,1015.89
2016-07-18 12:00:00,37.272222222222226,35.98888888888889,0.21,15.729700000000001,199.0,9.982000000000001,0.0,1015.65
2016-07-18 13:00:00,37.33888888888888,36.00555555555556,0.21,15.3433,171.0,9.982000000000001,0.0,1015.53
2016-07-18 14:00:00,37.672222222222224,36.46666666666667,0.21,12.799500000000002,181.0,10.3523,0.0,1015.11
2016-07-18 15:00:00,37.89444444444444,36.5,0.2,14.441700000000003,171.0,9.982000000000001,0.0,1014.43
2016-07-18 16:00:00,37.9388888888889,36.538888888888884,0.2,12.042800000000002,163.0,9.982000000000001,0.0,1014.02
2016-07-18 17:00:00,37.788888888888884,36.87222222222223,0.22,14.828100000000003,172.0,10.3523,0.0,1013.79
2016-07-18 18:00:00,37.361111111111114,36.38333333333333,0.23,15.0535,173.0,9.982000000000001,0.0,1013.42
2016-07-18 19:00:00,35.227777777777774,34.82222222222222,0.29,10.642100000000001,173.0,9.982000000000001,0.0,1013.52
2016-07-18 20:00:00,32.5,32.25,0.36,8.6779,169.0,10.3523,0.0,1013.94
2016-07-18 21:00:00,29.055555555555557,28.627777777777776,0.4,8.1949,159.0,9.982000000000001,0.0,1014.05
2016-07-18 22:00:00,27.68888888888889,27.677777777777774,0.44,6.423900000000001,161.0,15.826300000000002,0.0,1014.37
2016-07-18 23:00:00,25.86111111111111,25.86111111111111,0.51,3.3649,158.0,14.9569,0.0,1014.7
2016-07-19 00:00:00,23.916666666666668,23.916666666666668,0.58,3.3005,170.0,9.982000000000001,0.0,1014.7
2016-07-19 01:00:00,22.805555555555557,22.805555555555557,0.65,3.3005,173.0,15.826300000000002,0.0,1014.8
2016-07-19 02:00:00,23.96111111111111,23.96111111111111,0.52,2.7853000000000003,171.0,14.9569,0.0,1013.94
2016-07-19 03:00:00,20.100000000000005,20.100000000000005,0.72,2.9785000000000004,285.0,15.826300000000002,0.0,1015.27
2016-07-19 04:00:00,20.005555555555556,20.005555555555556,0.77,3.0751,120.0,15.826300000000002,0.0,1014.99
2016-07-19 05:00:00,20.66111111111111,20.66111111111111,0.74,3.2039,123.0,14.9569,0.0,1015.28
2016-07-19 06:00:00,22.066666666666666,22.066666666666666,0.64,7.2772,142.0,9.982000000000001,0.0,1015.2
2016-07-19 07:00:00,24.899999999999995,24.899999999999995,0.58,7.6796999999999995,140.0,9.982000000000001,0.0,1015.3
2016-07-19 08:00:00,27.199999999999996,27.75,0.52,4.2343,150.0,9.982000000000001,0.0,1015.47
2016-07-19 09:00:00,30.07222222222222,30.177777777777774,0.43,4.1699,150.0,9.982000000000001,0.0,1015.48
2016-07-19 10:00:00,32.82777777777778,32.983333333333334,0.37,8.5491,163.0,9.982000000000001,0.0,1015.38
2016-07-19 11:00:00,35.62222222222223,35.53333333333333,0.3,7.824600000000001,183.0,10.3523,0.0,1015.45
2016-07-19 12:00:00,37.17777777777778,36.34444444444445,0.24,9.1287,192.0,9.982000000000001,0.0,1015.17
2016-07-19 13:00:00,37.800000000000004,36.5,0.2,10.2235,182.0,9.982000000000001,0.0,1014.77
2016-07-19 14:00:00,38.705555555555556,37.38333333333334,0.19,8.935500000000001,187.0,10.3523,0.0,1014.38
2016-07-19 15:00:00,37.89444444444444,36.31666666666667,0.19,8.790600000000001,173.0,9.982000000000001,0.0,1013.76
2016-07-19 16:00:00,38.983333333333334,37.461111111111116,0.18,8.935500000000001,175.0,9.982000000000001,0.0,1013.34
2016-07-19 17:00:00,38.71666666666667,36.93333333333334,0.17,9.1126,173.0,10.3523,0.0,1013.18
2016-07-19 18:00:00,37.89444444444444,36.294444444444444,0.19,10.4972,183.0,9.982000000000001,0.0,1012.66
2016-07-19 19:00:00,35.1,34.400000000000006,0.28,7.792400000000001,192.0,9.982000000000001,0.0,1012.66
2016-07-19 20:00:00,31.522222222222222,31.20555555555556,0.37,7.921200000000001,149.0,10.3523,0.0,1012.89
2016-07-19 21:00:00,29.93333333333333,29.683333333333337,0.41,5.0876,178.0,9.982000000000001,0.0,1013.07
2016-07-19 22:00:00,28.711111111111116,28.49444444444445,0.42,3.0107000000000004,158.0,15.826300000000002,0.0,1013.38
2016-07-19 23:00:00,25.961111111111116,25.961111111111116,0.53,3.0912,176.0,14.9569,0.0,1013.56
2016-07-20 00:00:00,26.43888888888889,26.43888888888889,0.48,11.270000000000001,140.0,15.826300000000002,0.0,1013.58
2016-07-20 01:00:00,23.772222222222226,23.772222222222226,0.55,3.22,150.0,15.826300000000002,0.0,1013.68
2016-07-20 02:00:00,22.68888888888889,22.68888888888889,0.59,5.9409,159.0,14.9569,0.0,1012.14
2016-07-20 03:00:00,22.17777777777778,22.17777777777778,0.62,3.1878,142.0,15.826300000000002,0.0,1013.7
2016-07-20 04:00:00,21.13888888888889,21.13888888888889,0.66,3.2844,142.0,15.826300000000002,0.0,1013.79
2016-07-20 05:00:00,20.488888888888887,20.488888888888887,0.67,2.1735,357.0,14.9569,0.0,1014.14
2016-07-20 06:00:00,21.188888888888886,21.188888888888886,0.63,1.5295,4.0,9.982000000000001,0.0,1014.38
2016-07-20 07:00:00,24.966666666666665,24.966666666666665,0.55,3.0107000000000004,138.0,9.982000000000001,0.0,1014.27
2016-07-20 08:00:00,27.794444444444444,27.82222222222222,0.45,3.2844,152.0,10.3523,0.0,1014.31
2016-07-20 09:00:00,30.305555555555557,29.672222222222217,0.37,7.921200000000001,158.0,9.982000000000001,0.0,1014.34
2016-07-20 10:00:00,34.05555555555556,33.00555555555555,0.28,13.8138,179.0,9.982000000000001,0.0,1014.03
2016-07-20 11:00:00,35.94444444444444,34.92777777777778,0.25,13.105400000000001,168.0,10.3523,0.0,1013.94
2016-07-20 12:00:00,37.449999999999996,36.51666666666667,0.23,9.499,186.0,9.982000000000001,0.0,1013.52
2016-07-20 13:00:00,37.9388888888889,36.488888888888894,0.2,11.543700000000001,161.0,9.982000000000001,0.0,1013.05
2016-07-20 14:00:00,38.766666666666666,37.111111111111114,0.18,12.847800000000001,189.0,10.3523,0.0,1012.77
2016-07-20 15:00:00,38.983333333333334,36.62777777777778,0.14,12.719000000000001,167.0,9.982000000000001,0.0,1012.34
2016-07-20 16:00:00,38.983333333333334,36.8,0.15,15.407700000000002,133.0,9.982000000000001,0.0,1011.93
2016-07-20 17:00:00,38.788888888888884,36.477777777777774,0.14,10.5938,153.0,10.3523,0.0,1011.77
2016-07-20 18:00:00,37.89444444444444,35.76111111111111,0.16,9.6922,179.0,9.982000000000001,0.0,1011.52
2016-07-20 19:00:00,36.272222222222226,34.772222222222226,0.22,8.1144,170.0,9.982000000000001,0.0,1011.54
2016-07-20 20:00:00,33.06111111111111,31.85555555555556,0.28,5.2808,148.0,10.3523,0.0,1011.58
2016-07-20 21:00:00,27.96666666666667,27.494444444444444,0.38,4.717300000000001,150.0,9.982000000000001,0.0,1011.57
2016-07-20 22:00:00,27.17777777777778,26.91111111111111,0.38,3.3327,131.0,15.826300000000002,0.0,1011.89
2016-07-20 23:00:00,25.144444444444446,25.144444444444446,0.55,5.570600000000001,177.0,15.3111,0.0,1012.19
2016-07-21 00:00:00,23.01666666666667,23.01666666666667,0.62,3.1073,199.0,15.826300000000002,0.0,1012.17
2016-07-21 01:00:00,20.91111111111111,20.91111111111111,0.66,3.22,240.0,15.826300000000002,0.0,1012.28
2016-07-21 02:00:00,21.488888888888894,21.488888888888894,0.66,3.1395,203.0,14.9569,0.0,1010.46
2016-07-21 03:00:00,20.12222222222222,20.12222222222222,0.65,3.1234,166.0,15.826300000000002,0.0,1012.0
2016-07-21 04:00:00,20.533333333333328,20.533333333333328,0.65,3.4293,117.0,15.826300000000002,0.0,1011.91
2016-07-21 05:00:00,19.48333333333333,19.48333333333333,0.68,2.3828,193.0,14.9569,0.0,1012.11
2016-07-21 06:00:00,20.02777777777778,20.02777777777778,0.67,1.4007,119.0,9.982000000000001,0.0,1012.19
2016-07-21 07:00:00,23.87777777777778,23.87777777777778,0.54,3.1556,152.0,9.982000000000001,0.0,1012.27
2016-07-21 08:00:00,27.716666666666665,27.54444444444444,0.42,8.8872,157.0,9.982000000000001,0.0,1012.41
2016-07-21 09:00:00,30.011111111111106,29.39444444444444,0.37,9.5312,150.0,9.982000000000001,0.0,1012.5
2016-07-21 10:00:00,32.08888888888889,31.650000000000002,0.35,7.212800000000001,207.0,9.982000000000001,0.0,1012.33
2016-07-21 11:00:00,35.361111111111114,34.8,0.28,3.864,206.0,9.982000000000001,0.0,1012.26
2016-07-21 12:00:00,37.52777777777778,36.30555555555556,0.21,8.033900000000001,291.0,9.982000000000001,0.0,1012.02
2016-07-21 13:00:00,37.6888888888889,35.888888888888886,0.18,10.9641,288.0,9.982000000000001,0.0,1011.8
2016-07-21 14:00:00,38.5,37.03888888888889,0.19,11.414900000000001,272.0,9.982000000000001,0.0,1011.43
2016-07-21 15:00:00,38.86666666666666,37.95,0.21,12.7512,269.0,9.982000000000001,0.0,1011.0
2016-07-21 16:00:00,38.84444444444445,37.99444444444444,0.21,9.2414,222.0,9.982000000000001,0.0,1010.5
2016-07-21 17:00:00,39.58888888888889,37.6,0.15,12.203800000000001,283.0,10.3523,0.0,1010.24
2016-07-21 18:00:00,37.800000000000004,35.67222222222222,0.16,9.3863,297.0,9.982000000000001,0.0,1009.89
2016-07-21 19:00:00,37.19444444444444,35.16111111111112,0.17,9.4185,270.0,9.982000000000001,0.0,1009.89
2016-07-21 20:00:00,31.61111111111111,30.327777777777783,0.29,3.3327,273.0,10.3523,0.0,1010.02
2016-07-21 21:00:00,29.327777777777783,28.41111111111111,0.34,2.8497000000000003,311.0,15.826300000000002,0.0,1010.39
2016-07-21 22:00:00,25.511111111111113,25.511111111111113,0.5,2.6404,33.0,15.826300000000002,0.0,1010.69
2016-07-21 23:00:00,24.527777777777782,24.527777777777782,0.5,2.3506,107.0,15.3111,0.0,1010.59
2016-07-22 00:00:00,22.733333333333334,22.733333333333334,0.59,3.0268,203.0,15.826300000000002,0.0,1010.69
2016-07-22 01:00:00,21.688888888888894,21.688888888888894,0.66,3.0751,149.0,15.826300000000002,0.0,1010.32
2016-07-22 02:00:00,22.883333333333333,22.883333333333333,0.52,12.1394,296.0,15.3111,0.0,1010.05
2016-07-22 03:00:00,20.577777777777783,20.577777777777783,0.7,3.22,190.0,15.826300000000002,0.0,1009.83
2016-07-22 04:00:00,19.92777777777778,19.92777777777778,0.7,6.2468,31.0,15.826300000000002,0.0,1009.91
2016-07-22 05:00:00,21.016666666666666,21.016666666666666,0.68,10.2879,175.0,15.3111,0.0,1009.77
2016-07-22 06:00:00,21.027777777777775,21.027777777777775,0.68,4.4758,151.0,9.982000000000001,0.0,1009.89
2016-07-22 07:00:00,24.805555555555557,24.805555555555557,0.55,10.4811,231.0,9.982000000000001,0.0,1009.33
2016-07-22 08:00:00,28.449999999999996,28.666666666666668,0.47,5.506200000000001,218.0,9.982000000000001,0.0,1009.69
2016-07-22 09:00:00,32.738888888888894,32.23333333333333,0.34,5.0715,255.0,9.982000000000001,0.0,1009.3
2016-07-22 10:00:00,34.955555555555556,34.166666666666664,0.28,14.441700000000003,248.0,9.982000000000001,0.0,1009.2
2016-07-22 11:00:00,36.63333333333333,35.077777777777776,0.21,20.0606,223.0,10.3523,0.0,1009.35
2016-07-22 12:00:00,37.71111111111111,35.60555555555556,0.16,25.164300000000004,220.0,9.982000000000001,0.0,1008.96
2016-07-22 13:00:00,38.75,36.62222222222223,0.15,21.879900000000003,230.0,9.982000000000001,0.0,1008.74
2016-07-22 14:00:00,38.47222222222222,36.483333333333334,0.16,24.5042,219.0,10.3523,0.0,1008.38
2016-07-22 15:00:00,39.90555555555555,37.538888888888884,0.13,23.5865,250.0,9.982000000000001,0.0,1007.55
2016-07-22 16:00:00,38.83888888888888,36.70555555555555,0.15,23.747500000000002,249.0,9.982000000000001,0.0,1007.26
2016-07-22 17:00:00,38.63333333333334,36.67777777777778,0.16,17.4202,232.0,10.3523,0.0,1006.93
2016-07-22 18:00:00,37.727777777777774,35.599999999999994,0.16,13.3952,243.0,9.982000000000001,0.0,1006.38
2016-07-22 19:00:00,36.03888888888889,34.02777777777778,0.19,9.8693,301.0,9.982000000000001,0.0,1006.32
2016-07-22 20:00:00,32.800000000000004,31.194444444444443,0.25,11.3505,320.0,9.982000000000001,0.0,1006.72
2016-07-22 21:00:00,29.00555555555555,27.950000000000003,0.31,5.570600000000001,312.0,9.982000000000001,0.0,1007.35
2016-07-22 22:00:00,29.81666666666667,28.577777777777776,0.3,14.6027,311.0,15.826300000000002,0.0,1007.9
2016-07-22 23:00:00,27.61666666666666,27.36111111111111,0.4,14.441700000000003,319.0,15.826300000000002,0.0,1008.7
2016-07-23 00:00:00,26.416666666666668,26.416666666666668,0.44,14.2646,329.0,15.826300000000002,0.0,1009.12
2016-07-23 01:00:00,24.79444444444444,24.79444444444444,0.47,17.243100000000002,310.0,15.826300000000002,0.0,1009.78
2016-07-23 02:00:00,23.711111111111116,23.711111111111116,0.46,10.5938,161.0,15.826300000000002,0.0,1005.91
2016-07-23 03:00:00,20.99444444444445,20.99444444444445,0.48,14.023100000000003,310.0,15.826300000000002,0.0,1010.36
2016-07-23 04:00:00,19.444444444444443,19.444444444444443,0.51,6.7781,299.0,15.826300000000002,0.0,1010.64
2016-07-23 05:00:00,18.87777777777778,18.87777777777778,0.56,13.9909,294.0,14.9569,0.0,1010.65
2016-07-23 06:00:00,18.84444444444445,18.84444444444445,0.57,10.948,300.0,9.982000000000001,0.0,1010.65
2016-07-23 07:00:00,22.066666666666666,22.066666666666666,0.5,12.6385,319.0,9.982000000000001,0.0,1010.56
2016-07-23 08:00:00,23.577777777777776,23.577777777777776,0.47,14.5544,317.0,10.3523,0.0,1011.28
2016-07-23 09:00:00,26.04444444444444,26.04444444444444,0.42,9.1448,7.0,9.982000000000001,0.0,1011.13
2016-07-23 10:00:00,27.76111111111111,27.45555555555556,0.4,7.969500000000001,339.0,9.982000000000001,0.0,1011.22
2016-07-23 11:00:00,29.73333333333333,28.90555555555555,0.35,10.980200000000002,293.0,10.3523,0.0,1011.37
2016-07-23 12:00:00,31.116666666666667,30.02777777777778,0.32,11.1895,251.0,9.982000000000001,0.0,1010.89
2016-07-23 13:00:00,32.71111111111111,30.91111111111111,0.23,13.9909,270.0,9.982000000000001,0.0,1010.5
2016-07-23 14:00:00,32.577777777777776,30.761111111111113,0.23,18.724300000000003,276.0,10.3523,0.0,1010.07
2016-07-23 15:00:00,33.86666666666666,31.783333333333328,0.2,19.964000000000002,259.0,9.982000000000001,0.0,1009.38
2016-07-23 16:00:00,33.888888888888886,32.05,0.22,15.7458,238.0,9.982000000000001,0.0,1008.97
2016-07-23 17:00:00,33.738888888888894,32.02222222222222,0.23,14.441700000000003,230.0,10.3523,0.0,1008.5
2016-07-23 18:00:00,32.82222222222222,30.849999999999998,0.21,15.552600000000002,239.0,9.982000000000001,0.0,1007.75
2016-07-23 19:00:00,32.266666666666666,30.511111111111113,0.24,11.0607,219.0,9.982000000000001,0.0,1007.05
2016-07-23 20:00:00,29.166666666666668,28.244444444444447,0.34,6.8586,174.0,10.3523,0.0,1007.08
2016-07-23 21:00:00,26.227777777777774,26.227777777777774,0.39,9.466800000000001,151.0,9.982000000000001,0.0,1006.95
2016-07-23 22:00:00,25.04444444444444,25.04444444444444,0.43,10.7387,150.0,15.826300000000002,0.0,1007.04
2016-07-23 23:00:00,25.05,25.05,0.44,11.141200000000001,158.0,14.9569,0.0,1006.87
2016-07-24 00:00:00,23.86666666666666,23.86666666666666,0.45,10.851400000000002,160.0,15.826300000000002,0.0,1006.45
2016-07-24 01:00:00,23.772222222222226,23.772222222222226,0.44,13.685,160.0,15.826300000000002,0.0,1006.16
2016-07-24 02:00:00,17.505555555555553,17.505555555555553,0.71,4.6690000000000005,260.0,14.9569,0.0,1009.92
2016-07-24 03:00:00,22.52777777777778,22.52777777777778,0.51,10.8836,151.0,15.826300000000002,0.0,1005.27
2016-07-24 04:00:00,21.999999999999996,21.999999999999996,0.52,10.706500000000002,151.0,15.826300000000002,0.0,1004.79
2016-07-24 05:00:00,21.049999999999997,21.049999999999997,0.57,10.851400000000002,154.0,15.3111,0.0,1004.83
2016-07-24 06:00:00,20.933333333333337,20.933333333333337,0.6,9.2253,160.0,9.982000000000001,0.0,1004.98
2016-07-24 07:00:00,22.62222222222222,22.62222222222222,0.54,10.5455,181.0,9.982000000000001,0.0,1005.08
2016-07-24 08:00:00,27.45,27.355555555555554,0.42,15.3111,200.0,10.3523,0.0,1004.97
2016-07-24 09:00:00,32.461111111111116,31.32222222222222,0.3,15.423800000000002,231.0,9.982000000000001,0.0,1004.9
2016-07-24 10:00:00,33.75,32.538888888888884,0.27,17.0821,251.0,9.982000000000001,0.0,1004.78
2016-07-24 11:00:00,36.57777777777778,35.73888888888889,0.25,15.633100000000002,231.0,10.3523,0.0,1004.6
2016-07-24 12:00:00,37.56666666666667,35.67777777777778,0.18,21.847700000000003,222.0,9.982000000000001,0.0,1004.2
2016-07-24 13:00:00,37.58888888888888,35.7,0.18,29.0122,231.0,9.982000000000001,0.0,1003.9
2016-07-24 14:00:00,38.43888888888889,36.599999999999994,0.17,32.3771,242.0,9.982000000000001,0.0,1003.18
2016-07-24 15:00:00,38.699999999999996,36.81666666666666,0.17,27.7242,251.0,9.982000000000001,0.0,1002.81
2016-07-24 16:00:00,37.63333333333333,36.08888888888888,0.2,16.985500000000002,244.0,11.2056,0.0,1002.33
2016-07-24 17:00:00,36.03888888888889,35.11666666666666,0.25,20.5275,299.0,11.2056,0.0,1002.09
2016-07-24 18:00:00,33.672222222222224,32.18888888888889,0.25,22.829800000000002,299.0,11.270000000000001,0.0,1002.4
2016-07-24 19:00:00,27.37777777777778,27.488888888888894,0.46,26.887,330.0,8.1949,0.0,1004.77
2016-07-24 20:00:00,23.600000000000005,23.600000000000005,0.51,27.8369,311.0,11.4471,0.0,1005.67
2016-07-24 21:00:00,20.18333333333333,20.18333333333333,0.66,24.665200000000002,290.0,6.295100000000001,0.0,1007.03
2016-07-24 22:00:00,20.0,20.0,0.69,10.867500000000001,299.0,8.1949,0.0,1009.63
2016-07-24 23:00:00,19.033333333333335,19.033333333333335,0.74,1.3846,57.0,14.168000000000003,0.0,1007.9
2016-07-25 00:00:00,18.84444444444445,18.84444444444445,0.68,16.9533,308.0,15.826300000000002,0.0,1009.06
2016-07-25 01:00:00,17.755555555555556,17.755555555555556,0.67,6.5044,297.0,15.826300000000002,0.0,1009.79
2016-07-25 02:00:00,14.961111111111112,14.961111111111112,0.67,4.3631,268.0,14.9569,0.0,1016.42
2016-07-25 03:00:00,16.094444444444445,16.094444444444445,0.75,13.9909,288.0,15.826300000000002,0.0,1011.14
2016-07-25 04:00:00,15.538888888888888,15.538888888888888,0.78,14.1519,279.0,15.826300000000002,0.0,1011.64
2016-07-25 05:00:00,15.672222222222224,15.672222222222224,0.8,16.744000000000003,287.0,9.982000000000001,0.0,1012.45
2016-07-25 06:00:00,16.094444444444445,16.094444444444445,0.78,20.4309,280.0,9.982000000000001,0.0,1012.83
2016-07-25 07:00:00,17.711111111111112,17.711111111111112,0.66,21.9765,299.0,9.982000000000001,0.0,1013.62
2016-07-25 08:00:00,19.866666666666667,19.866666666666667,0.55,25.5507,308.0,11.0285,0.0,1014.26
2016-07-25 09:00:00,22.127777777777776,22.127777777777776,0.43,25.277,309.0,11.270000000000001,0.0,1014.8
2016-07-25 10:00:00,22.75555555555555,22.75555555555555,0.38,26.887,319.0,10.0464,0.0,1015.02
2016-07-25 11:00:00,23.811111111111114,23.811111111111114,0.35,28.4004,325.0,10.3523,0.0,1015.41
2016-07-25 12:00:00,25.022222222222226,25.022222222222226,0.32,27.160700000000002,319.0,9.982000000000001,0.0,1015.39
2016-07-25 13:00:00,27.083333333333332,26.33888888888889,0.26,27.5149,310.0,9.982000000000001,0.0,1015.02
2016-07-25 14:00:00,26.933333333333337,26.27777777777778,0.27,27.7725,310.0,10.3523,0.0,1015.32
2016-07-25 15:00:00,26.17777777777778,26.17777777777778,0.28,28.5453,328.0,9.982000000000001,0.0,1014.92
2016-07-25 16:00:00,27.22222222222222,26.416666666666668,0.26,25.582900000000002,328.0,9.982000000000001,0.0,1015.01
2016-07-25 17:00:00,27.03888888888889,26.32222222222222,0.27,21.879900000000003,327.0,10.3523,0.0,1014.92
2016-07-25 18:00:00,26.15555555555555,26.15555555555555,0.26,23.683100000000003,328.0,9.982000000000001,0.0,1014.73
2016-07-25 19:00:00,25.06666666666667,25.06666666666667,0.28,21.896,338.0,9.982000000000001,0.0,1014.72
2016-07-25 20:00:00,22.950000000000003,22.950000000000003,0.34,11.914000000000001,328.0,10.3523,0.0,1015.35
2016-07-25 21:00:00,20.11666666666666,20.11666666666666,0.4,9.595600000000001,330.0,9.982000000000001,0.0,1015.8
2016-07-25 22:00:00,18.82222222222222,18.82222222222222,0.43,6.3434,336.0,15.826300000000002,0.0,1016.21
2016-07-25 23:00:00,16.87222222222222,16.87222222222222,0.53,6.1502,290.0,15.3111,0.0,1016.77
2016-07-26 00:00:00,15.444444444444445,15.444444444444445,0.6,6.44,290.0,9.982000000000001,0.0,1017.12
2016-07-26 01:00:00,13.361111111111109,13.361111111111109,0.71,3.3649,289.0,15.826300000000002,0.0,1017.52
2016-07-26 02:00:00,13.566666666666668,13.566666666666668,0.68,4.6690000000000005,300.0,15.3111,0.0,1015.8
2016-07-26 03:00:00,13.199999999999998,13.199999999999998,0.69,3.5581,297.0,15.826300000000002,0.0,1017.52
2016-07-26 04:00:00,12.13888888888889,12.13888888888889,0.72,3.5259,306.0,15.826300000000002,0.0,1017.64
2016-07-26 05:00:00,12.449999999999998,12.449999999999998,0.73,4.2343,318.0,15.3111,0.0,1017.56
2016-07-26 06:00:00,12.766666666666664,12.766666666666664,0.72,4.6368,354.0,9.982000000000001,0.0,1018.13
2016-07-26 07:00:00,17.516666666666666,17.516666666666666,0.53,3.2039,31.0,9.982000000000001,0.0,1018.42
2016-07-26 08:00:00,20.85,20.85,0.44,5.5223,10.0,10.3523,0.0,1018.58
2016-07-26 09:00:00,22.84444444444445,22.84444444444445,0.37,9.434600000000001,1.0,9.982000000000001,0.0,1018.58
2016-07-26 10:00:00,25.04444444444444,25.04444444444444,0.28,10.8031,352.0,9.982000000000001,0.0,1018.31
2016-07-26 11:00:00,26.049999999999997,26.049999999999997,0.27,11.382700000000002,359.0,10.3523,0.0,1018.37
2016-07-26 12:00:00,27.216666666666665,26.288888888888884,0.22,11.785200000000001,37.0,9.982000000000001,0.0,1017.79
2016-07-26 13:00:00,27.800000000000004,26.666666666666668,0.22,15.794100000000002,0.0,9.982000000000001,0.0,1017.3
2016-07-26 14:00:00,27.76666666666667,26.666666666666668,0.23,11.431000000000001,4.0,10.3523,0.0,1016.73
2016-07-26 15:00:00,27.84444444444445,26.694444444444443,0.22,14.7637,61.0,9.982000000000001,0.0,1016.0
2016-07-26 16:00:00,28.93333333333333,27.466666666666665,0.22,11.817400000000001,48.0,9.982000000000001,0.0,1015.38
2016-07-26 17:00:00,28.84444444444445,27.37222222222222,0.21,12.847800000000001,8.0,10.3523,0.0,1015.14
2016-07-26 18:00:00,27.84444444444445,26.688888888888894,0.22,11.0285,1.0,9.982000000000001,0.0,1014.48
2016-07-26 19:00:00,27.31111111111111,26.399999999999995,0.24,9.1448,52.0,9.982000000000001,0.0,1014.29
2016-07-26 20:00:00,25.46111111111111,25.46111111111111,0.29,6.1502,60.0,15.3111,0.0,1014.43
2016-07-26 21:00:00,20.18888888888889,20.18888888888889,0.37,3.3649,121.0,9.982000000000001,0.0,1014.79
2016-07-26 22:00:00,18.86666666666666,18.86666666666666,0.45,3.0751,100.0,15.826300000000002,0.0,1015.21
2016-07-26 23:00:00,17.22222222222222,17.22222222222222,0.52,3.2039,111.0,15.826300000000002,0.0,1015.21
2016-07-27 00:00:00,15.555555555555555,15.555555555555555,0.58,6.3112,90.0,15.826300000000002,0.0,1015.4
2016-07-27 01:00:00,15.005555555555553,15.005555555555553,0.52,3.22,230.0,15.826300000000002,0.0,1015.41
2016-07-27 02:00:00,18.333333333333332,18.333333333333332,0.57,5.490100000000001,304.0,14.9569,0.0,1015.77
2016-07-27 03:00:00,12.711111111111112,12.711111111111112,0.72,2.9785000000000004,311.0,15.826300000000002,0.0,1015.31
2016-07-27 04:00:00,11.738888888888889,11.738888888888889,0.74,5.6672,279.0,15.826300000000002,0.0,1015.21
2016-07-27 05:00:00,11.794444444444443,11.794444444444443,0.78,3.7191000000000005,332.0,14.9569,0.0,1015.3
2016-07-27 06:00:00,12.177777777777779,12.177777777777779,0.72,4.314800000000001,291.0,9.982000000000001,0.0,1015.25
2016-07-27 07:00:00,17.627777777777776,17.627777777777776,0.57,2.9785000000000004,321.0,9.982000000000001,0.0,1015.62
2016-07-27 08:00:00,22.399999999999995,22.399999999999995,0.44,3.2039,316.0,9.982000000000001,0.0,1015.8
2016-07-27 09:00:00,26.04444444444444,26.04444444444444,0.36,3.22,155.0,9.982000000000001,0.0,1015.99
2016-07-27 10:00:00,26.761111111111113,26.3,0.31,2.9624,134.0,15.826300000000002,0.0,1015.98
2016-07-27 11:00:00,28.838888888888885,27.444444444444446,0.24,7.631400000000001,28.0,10.3523,0.0,1015.99
2016-07-27 12:00:00,29.977777777777774,28.261111111111113,0.21,8.903300000000002,358.0,9.982000000000001,0.0,1015.87
2016-07-27 13:00:00,30.11666666666666,28.366666666666667,0.21,4.6046000000000005,359.0,9.982000000000001,0.0,1015.56
2016-07-27 14:00:00,31.02777777777778,29.105555555555554,0.2,6.5366,246.0,10.3523,0.0,1015.19
2016-07-27 15:00:00,32.22222222222222,30.100000000000005,0.18,10.5455,56.0,9.982000000000001,0.0,1014.77
2016-07-27 16:00:00,32.24444444444445,30.11666666666666,0.18,5.055400000000001,6.0,9.982000000000001,0.0,1014.18
2016-07-27 17:00:00,32.62777777777778,30.555555555555557,0.2,6.4078,238.0,10.3523,0.0,1013.96
2016-07-27 18:00:00,32.266666666666666,30.233333333333334,0.2,4.3309,147.0,9.982000000000001,0.0,1013.58
2016-07-27 19:00:00,30.13888888888889,28.505555555555556,0.24,8.8872,152.0,9.982000000000001,0.0,1013.58
2016-07-27 20:00:00,27.538888888888884,26.84444444444444,0.32,3.8157000000000005,188.0,10.3523,0.0,1014.12
2016-07-27 21:00:00,25.100000000000005,25.100000000000005,0.42,4.8139,206.0,9.982000000000001,0.0,1014.3
2016-07-27 22:00:00,22.855555555555554,22.855555555555554,0.48,3.2361,194.0,15.826300000000002,0.0,1014.71
2016-07-27 23:00:00,21.261111111111106,21.261111111111106,0.54,2.1413,251.0,14.9569,0.0,1015.0
2016-07-28 00:00:00,20.25,20.25,0.47,10.6743,291.0,15.826300000000002,0.0,1015.59
2016-07-28 01:00:00,19.15,19.15,0.5,6.6332,318.0,15.826300000000002,0.0,1015.63
2016-07-28 02:00:00,20.438888888888894,20.438888888888894,0.61,10.143,314.0,10.368400000000001,0.0,1016.26
2016-07-28 03:00:00,18.36111111111111,18.36111111111111,0.55,5.8765,339.0,15.826300000000002,0.0,1015.81
2016-07-28 04:00:00,18.438888888888886,18.438888888888886,0.55,3.0912,355.0,15.826300000000002,0.0,1015.82
2016-07-28 05:00:00,17.55,17.55,0.61,8.4847,314.0,14.9569,0.0,1015.93
2016-07-28 06:00:00,16.283333333333335,16.283333333333335,0.67,3.1717,319.0,15.826300000000002,0.0,1016.21
2016-07-28 07:00:00,22.533333333333335,22.533333333333335,0.52,4.8944,326.0,9.982000000000001,0.0,1016.12
2016-07-28 08:00:00,25.700000000000003,25.700000000000003,0.47,4.0572,321.0,10.3523,0.0,1016.12
2016-07-28 09:00:00,28.75,28.172222222222217,0.38,4.9749,332.0,9.982000000000001,0.0,1016.2
2016-07-28 10:00:00,29.977777777777774,29.066666666666663,0.34,4.9266000000000005,338.0,9.982000000000001,0.0,1016.0
2016-07-28 11:00:00,31.944444444444443,30.72222222222222,0.3,4.459700000000001,42.0,10.3523,0.0,1015.72
2016-07-28 12:00:00,32.75555555555555,31.13333333333334,0.25,9.080400000000001,16.0,9.982000000000001,0.0,1015.22
2016-07-28 13:00:00,32.849999999999994,31.199999999999996,0.25,11.0929,300.0,9.982000000000001,0.0,1014.8
2016-07-28 14:00:00,33.888888888888886,32.16111111111111,0.23,7.7440999999999995,345.0,9.982000000000001,0.0,1014.4
2016-07-28 15:00:00,33.861111111111114,32.36666666666667,0.25,8.7101,215.0,9.982000000000001,0.0,1013.51
2016-07-28 16:00:00,34.97222222222222,33.29444444444445,0.22,8.0661,288.0,9.982000000000001,0.0,1012.81
2016-07-28 17:00:00,33.9,32.261111111111106,0.24,6.681500000000001,176.0,10.3523,0.0,1012.32
2016-07-28 18:00:00,33.83888888888888,32.12777777777777,0.23,8.4847,119.0,9.982000000000001,0.0,1011.69
2016-07-28 19:00:00,32.63333333333333,31.233333333333334,0.27,2.8658,88.0,9.982000000000001,0.0,1011.6
2016-07-28 20:00:00,29.177777777777774,28.249999999999996,0.34,4.6851,47.0,10.3523,0.0,1011.81
2016-07-28 21:00:00,26.083333333333332,26.083333333333332,0.37,7.969500000000001,50.0,9.982000000000001,0.0,1012.12
2016-07-28 22:00:00,25.92777777777778,25.92777777777778,0.4,10.6904,49.0,15.826300000000002,0.0,1012.24
2016-07-28 23:00:00,25.288888888888884,25.288888888888884,0.44,9.5473,46.0,15.005200000000002,0.0,1012.42
2016-07-29 00:00:00,24.255555555555553,24.255555555555553,0.42,11.414900000000001,33.0,11.270000000000001,0.0,1012.86
2016-07-29 01:00:00,24.13888888888889,24.13888888888889,0.48,24.7296,349.0,11.270000000000001,0.0,1013.76
2016-07-29 02:00:00,23.111111111111107,23.111111111111107,0.55,17.693900000000003,6.0,9.982000000000001,0.0,1013.85
2016-07-29 03:00:00,22.127777777777776,22.127777777777776,0.58,17.3558,348.0,6.118,0.0,1014.22
2016-07-29 04:00:00,21.57222222222222,21.57222222222222,0.62,14.2163,348.0,15.874600000000001,0.0,1014.03
2016-07-29 05:00:00,20.599999999999998,20.599999999999998,0.68,11.3344,332.0,14.9569,0.0,1014.07
2016-07-29 06:00:00,21.06111111111111,21.06111111111111,0.64,10.948,338.0,9.982000000000001,0.0,1014.03
2016-07-29 07:00:00,21.11111111111111,21.11111111111111,0.64,11.237800000000002,337.0,11.2056,0.0,1014.16
2016-07-29 08:00:00,23.733333333333334,23.733333333333334,0.55,16.067800000000002,329.0,9.982000000000001,0.0,1014.27
2016-07-29 09:00:00,24.79444444444444,24.79444444444444,0.55,20.6885,329.0,9.982000000000001,0.0,1014.65
2016-07-29 10:00:00,26.944444444444443,27.266666666666666,0.48,15.794100000000002,347.0,9.982000000000001,0.0,1014.48
2016-07-29 11:00:00,27.42777777777778,27.299999999999997,0.42,21.557900000000004,338.0,9.982000000000001,0.0,1014.3
2016-07-29 12:00:00,28.49444444444445,27.950000000000003,0.38,20.125,319.0,9.982000000000001,0.0,1014.2
2016-07-29 13:00:00,30.716666666666672,29.49444444444445,0.31,17.0821,338.0,9.982000000000001,0.0,1013.68
2016-07-29 14:00:00,28.81666666666667,28.116666666666667,0.36,21.6062,319.0,9.982000000000001,0.0,1013.16
2016-07-29 15:00:00,29.838888888888885,28.70555555555556,0.31,16.6152,328.0,9.982000000000001,0.0,1012.82
2016-07-29 16:00:00,29.90555555555555,28.505555555555556,0.28,9.1287,357.0,9.982000000000001,0.0,1012.1
2016-07-29 17:00:00,28.88888888888889,27.96666666666667,0.33,11.012400000000001,337.0,9.982000000000001,0.0,1011.5
2016-07-29 18:00:00,28.88888888888889,27.972222222222218,0.33,9.4024,319.0,9.982000000000001,0.0,1010.91
2016-07-29 19:00:00,28.79444444444444,27.90555555555556,0.33,12.0267,329.0,9.982000000000001,0.0,1010.32
2016-07-29 20:00:00,26.11111111111111,26.11111111111111,0.37,7.695800000000001,338.0,9.982000000000001,0.0,1010.1
2016-07-29 21:00:00,22.733333333333334,22.733333333333334,0.45,7.840700000000001,348.0,9.982000000000001,0.0,1010.01
2016-07-29 22:00:00,21.58333333333333,21.58333333333333,0.5,3.0751,320.0,15.826300000000002,0.0,1009.82
2016-07-29 23:00:00,19.938888888888886,19.938888888888886,0.6,3.0268,198.0,15.826300000000002,0.0,1009.6
2016-07-30 00:00:00,18.33888888888889,18.33888888888889,0.62,0.0,0.0,15.826300000000002,0.0,1009.21
2016-07-30 01:00:00,17.73888888888889,17.73888888888889,0.68,0.0,0.0,15.826300000000002,0.0,1008.71
2016-07-30 02:00:00,14.133333333333333,14.133333333333333,0.82,6.3434,303.0,14.9569,0.0,1015.77
2016-07-30 03:00:00,15.655555555555557,15.655555555555557,0.71,6.9874,320.0,15.826300000000002,0.0,1007.83
2016-07-30 04:00:00,15.655555555555557,15.655555555555557,0.7,3.5742000000000007,339.0,15.826300000000002,0.0,1007.55
2016-07-30 05:00:00,15.68888888888889,15.68888888888889,0.71,6.5688,331.0,15.3111,0.0,1007.5
2016-07-30 06:00:00,18.96111111111111,18.96111111111111,0.65,14.2485,349.0,9.982000000000001,0.0,1007.56
2016-07-30 07:00:00,21.016666666666666,21.016666666666666,0.6,14.0875,9.0,9.982000000000001,0.0,1007.34
2016-07-30 08:00:00,22.044444444444448,22.044444444444448,0.58,19.5132,357.0,10.3523,0.0,1007.66
2016-07-30 09:00:00,22.61111111111111,22.61111111111111,0.54,21.0749,339.0,11.270000000000001,0.0,1008.05
2016-07-30 10:00:00,22.56666666666667,22.56666666666667,0.55,25.293100000000003,348.0,11.270000000000001,0.0,1008.08
2016-07-30 11:00:00,22.394444444444446,22.394444444444446,0.57,31.507700000000003,340.0,11.3183,0.0,1008.77
2016-07-30 12:00:00,18.63888888888889,18.63888888888889,0.69,38.4951,330.0,11.270000000000001,0.0,1010.69
2016-07-30 13:00:00,17.644444444444442,17.644444444444442,0.58,28.2072,329.0,11.270000000000001,0.0,1012.46
2016-07-30 14:00:00,17.849999999999998,17.849999999999998,0.58,32.1517,331.0,11.4471,0.0,1013.1
2016-07-30 15:00:00,18.727777777777774,18.727777777777774,0.48,32.5703,340.0,10.0464,0.0,1013.18
2016-07-30 16:00:00,18.75,18.75,0.41,24.922800000000002,358.0,11.270000000000001,0.0,1013.55
2016-07-30 17:00:00,17.805555555555557,17.805555555555557,0.49,21.0427,348.0,11.4471,0.0,1013.62
2016-07-30 18:00:00,14.005555555555556,14.005555555555556,0.82,19.8674,309.0,11.2056,0.0,1015.03
2016-07-30 19:00:00,15.0,15.0,0.83,9.6117,280.0,11.2056,0.0,1015.44
2016-07-30 20:00:00,14.094444444444443,14.094444444444443,0.83,15.697500000000002,300.0,11.398800000000001,0.0,1015.61
2016-07-30 21:00:00,13.961111111111112,13.961111111111112,0.83,11.012400000000001,298.0,11.2056,0.0,1016.82
2016-07-30 22:00:00,13.961111111111112,13.961111111111112,0.8,10.9158,279.0,15.826300000000002,0.0,1016.93
2016-07-30 23:00:00,13.93888888888889,13.93888888888889,0.8,11.3344,278.0,15.826300000000002,0.0,1017.24
2016-07-31 00:00:00,13.93888888888889,13.93888888888889,0.8,13.894300000000003,288.0,15.826300000000002,0.0,1017.44
2016-07-31 01:00:00,13.916666666666664,13.916666666666664,0.8,6.6332,289.0,15.826300000000002,0.0,1017.26
2016-07-31 02:00:00,11.805555555555555,11.805555555555555,0.62,6.423900000000001,327.0,15.826300000000002,0.0,1016.58
2016-07-31 03:00:00,13.266666666666667,13.266666666666667,0.84,10.948,280.0,15.826300000000002,0.0,1017.81
2016-07-31 04:00:00,12.755555555555556,12.755555555555556,0.83,11.414900000000001,290.0,15.826300000000002,0.0,1017.61
2016-07-31 05:00:00,12.283333333333333,12.283333333333333,0.87,11.1895,305.0,14.876400000000002,0.0,1017.24
2016-07-31 06:00:00,11.094444444444443,11.094444444444443,0.86,3.703,283.0,9.982000000000001,0.0,1017.35
2016-07-31 07:00:00,12.761111111111111,12.761111111111111,0.83,9.7405,319.0,9.982000000000001,0.0,1017.62
2016-07-31 08:00:00,15.933333333333334,15.933333333333334,0.69,10.706500000000002,335.0,9.982000000000001,0.0,1018.02
2016-07-31 09:00:00,17.783333333333335,17.783333333333335,0.56,12.606300000000001,7.0,9.982000000000001,0.0,1017.83
2016-07-31 10:00:00,19.95555555555556,19.95555555555556,0.44,15.520400000000002,358.0,9.982000000000001,0.0,1017.81
2016-07-31 11:00:00,20.977777777777778,20.977777777777778,0.38,13.202,349.0,10.3523,0.0,1017.71
2016-07-31 12:00:00,22.199999999999996,22.199999999999996,0.3,11.0285,357.0,9.982000000000001,0.0,1017.12
2016-07-31 13:00:00,22.805555555555557,22.805555555555557,0.29,15.117900000000002,28.0,9.982000000000001,0.0,1016.14
2016-07-31 14:00:00,23.77777777777778,23.77777777777778,0.28,13.781600000000001,7.0,10.3523,0.0,1015.91
2016-07-31 15:00:00,24.838888888888885,24.838888888888885,0.26,11.801300000000001,47.0,9.982000000000001,0.0,1015.45
2016-07-31 16:00:00,24.838888888888885,24.838888888888885,0.24,7.695800000000001,25.0,9.982000000000001,0.0,1015.05
2016-07-31 17:00:00,22.77777777777778,22.77777777777778,0.27,12.187700000000001,358.0,9.982000000000001,0.0,1014.95
2016-07-31 18:00:00,22.77777777777778,22.77777777777778,0.27,12.461400000000001,331.0,9.982000000000001,0.0,1014.94
2016-07-31 19:00:00,22.71111111111111,22.71111111111111,0.29,12.316500000000001,358.0,9.982000000000001,0.0,1014.83
2016-07-31 20:00:00,21.011111111111106,21.011111111111106,0.37,14.2163,336.0,10.3523,0.0,1014.95
2016-07-31 21:00:00,17.82777777777778,17.82777777777778,0.43,10.8836,329.0,9.982000000000001,0.0,1015.36
2016-07-31 22:00:00,16.71666666666667,16.71666666666667,0.48,10.8836,329.0,15.826300000000002,0.0,1015.93
2016-07-31 23:00:00,16.177777777777777,16.177777777777777,0.52,5.3774,307.0,14.9569,0.0,1016.11
2016-08-01 00:00:00,13.916666666666664,13.916666666666664,0.57,3.0751,29.0,15.826300000000002,0.0,1016.45
2016-08-01 01:00:00,13.266666666666667,13.266666666666667,0.6,3.4132000000000002,353.0,15.826300000000002,0.0,1016.55
2016-08-01 02:00:00,12.5,12.5,0.75,3.5903,3.0,14.9569,0.0,1017.52
2016-08-01 03:00:00,10.583333333333332,10.583333333333332,0.68,3.5098000000000003,326.0,15.826300000000002,0.0,1016.55
2016-08-01 04:00:00,10.033333333333335,10.033333333333335,0.72,9.0965,358.0,15.826300000000002,0.0,1016.35
2016-08-01 05:00:00,9.844444444444443,9.183333333333334,0.69,6.4561,347.0,15.826300000000002,0.0,1016.28
2016-08-01 06:00:00,9.966666666666665,8.961111111111112,0.72,8.0822,338.0,9.982000000000001,0.0,1016.74
2016-08-01 07:00:00,13.666666666666666,13.666666666666666,0.61,11.270000000000001,320.0,9.982000000000001,0.0,1016.93
2016-08-01 08:00:00,17.394444444444446,17.394444444444446,0.5,10.770900000000001,334.0,9.982000000000001,0.0,1017.02
2016-08-01 09:00:00,19.88888888888889,19.88888888888889,0.41,10.867500000000001,333.0,9.982000000000001,0.0,1017.04
2016-08-01 10:00:00,22.133333333333336,22.133333333333336,0.34,9.048200000000001,351.0,9.982000000000001,0.0,1017.15
2016-08-01 11:00:00,23.577777777777776,23.577777777777776,0.31,9.209200000000001,283.0,10.3523,0.0,1017.11
2016-08-01 12:00:00,24.838888888888885,24.838888888888885,0.29,11.817400000000001,322.0,9.982000000000001,0.0,1016.95
2016-08-01 13:00:00,24.95555555555556,24.95555555555556,0.26,12.1233,161.0,9.982000000000001,0.0,1016.93
2016-08-01 14:00:00,25.961111111111116,25.961111111111116,0.25,6.9069,207.0,10.3523,0.0,1016.55
2016-08-01 15:00:00,27.11111111111111,26.288888888888884,0.24,4.2987,244.0,9.982000000000001,0.0,1016.43
2016-08-01 16:00:00,26.088888888888885,26.088888888888885,0.24,2.9624,99.0,9.982000000000001,0.0,1016.13
2016-08-01 17:00:00,27.150000000000002,26.25,0.22,10.722600000000002,29.0,9.982000000000001,0.0,1016.04
2016-08-01 18:00:00,25.09444444444445,25.09444444444445,0.28,10.8997,9.0,9.982000000000001,0.0,1015.93
2016-08-01 19:00:00,23.983333333333334,23.983333333333334,0.29,4.7656,330.0,9.982000000000001,0.0,1016.02
2016-08-01 20:00:00,21.25,21.25,0.38,1.4651,338.0,9.982000000000001,0.0,1016.22
2016-08-01 21:00:00,17.849999999999998,17.849999999999998,0.5,1.6583,111.0,9.982000000000001,0.0,1016.73
2016-08-01 22:00:00,17.11111111111111,17.11111111111111,0.51,0.0,0.0,15.826300000000002,0.0,1017.33
2016-08-01 23:00:00,14.961111111111112,14.961111111111112,0.58,3.1878,2.0,15.826300000000002,0.0,1017.53
2016-08-02 00:00:00,13.877777777777775,13.877777777777775,0.64,2.6404,296.0,15.826300000000002,0.0,1017.74
2016-08-02 01:00:00,13.783333333333335,13.783333333333335,0.68,6.44,70.0,15.826300000000002,0.0,1018.03
2016-08-02 02:00:00,15.577777777777776,15.577777777777776,0.64,6.1502,150.0,14.9569,0.0,1015.57
2016-08-02 03:00:00,13.11111111111111,13.11111111111111,0.7,6.1019000000000005,57.0,15.826300000000002,0.0,1017.73
2016-08-02 04:00:00,13.527777777777779,13.527777777777779,0.73,6.1502,150.0,15.826300000000002,0.0,1017.73
2016-08-02 05:00:00,12.483333333333333,12.483333333333333,0.79,5.425700000000001,131.0,14.9569,0.0,1017.98
2016-08-02 06:00:00,13.577777777777776,13.577777777777776,0.77,9.4185,139.0,9.982000000000001,0.0,1017.81
2016-08-02 07:00:00,15.777777777777779,15.777777777777779,0.68,12.4936,139.0,9.982000000000001,0.0,1017.53
2016-08-02 08:00:00,18.522222222222226,18.522222222222226,0.63,10.5294,144.0,9.982000000000001,0.0,1017.76
2016-08-02 09:00:00,22.22222222222222,22.22222222222222,0.49,9.2897,130.0,9.982000000000001,0.0,1017.8
2016-08-02 10:00:00,24.02777777777778,24.02777777777778,0.44,11.0929,130.0,9.982000000000001,0.0,1017.59
2016-08-02 11:00:00,26.011111111111106,26.011111111111106,0.34,8.903300000000002,145.0,10.3523,0.0,1017.66
2016-08-02 12:00:00,27.24444444444445,26.494444444444444,0.28,8.0661,171.0,9.982000000000001,0.0,1017.2
2016-08-02 13:00:00,27.77777777777778,26.744444444444444,0.25,12.6868,169.0,9.982000000000001,0.0,1016.97
2016-08-02 14:00:00,27.84444444444445,26.738888888888887,0.24,8.1949,148.0,10.3523,0.0,1016.38
2016-08-02 15:00:00,28.88888888888889,27.38333333333334,0.2,6.601,160.0,9.982000000000001,0.0,1015.68
2016-08-02 16:00:00,28.96111111111111,27.438888888888886,0.2,7.3255,253.0,9.982000000000001,0.0,1015.27
2016-08-02 17:00:00,28.81666666666667,27.338888888888885,0.2,7.647500000000001,126.0,10.3523,0.0,1015.06
2016-08-02 18:00:00,28.938888888888894,27.47222222222222,0.22,8.1788,172.0,9.982000000000001,0.0,1014.46
2016-08-02 19:00:00,27.266666666666666,26.43888888888889,0.26,7.0035,170.0,9.982000000000001,0.0,1014.27
2016-08-02 20:00:00,24.21666666666667,24.21666666666667,0.34,7.1645,167.0,10.3523,0.0,1014.46
2016-08-02 21:00:00,21.16111111111111,21.16111111111111,0.41,8.1949,140.0,9.982000000000001,0.0,1014.68
2016-08-02 22:00:00,20.349999999999998,20.349999999999998,0.43,5.957000000000001,159.0,15.826300000000002,0.0,1015.11
2016-08-02 23:00:00,19.055555555555557,19.055555555555557,0.49,3.9928000000000003,173.0,14.9569,0.0,1015.52
2016-08-03 00:00:00,17.62222222222222,17.62222222222222,0.54,3.1556,159.0,15.826300000000002,0.0,1015.28
2016-08-03 01:00:00,15.116666666666667,15.116666666666667,0.6,3.22,183.0,15.826300000000002,0.0,1015.37
2016-08-03 02:00:00,17.644444444444442,17.644444444444442,0.75,10.706500000000002,310.0,15.874600000000001,0.0,1017.2
2016-08-03 03:00:00,15.438888888888888,15.438888888888888,0.65,3.1878,148.0,15.826300000000002,0.0,1015.21
2016-08-03 04:00:00,15.372222222222225,15.372222222222225,0.65,6.1019000000000005,159.0,15.826300000000002,0.0,1015.21
2016-08-03 05:00:00,14.83888888888889,14.83888888888889,0.71,3.8962000000000003,125.0,14.9569,0.0,1015.46
2016-08-03 06:00:00,13.755555555555553,13.755555555555553,0.72,4.7334000000000005,150.0,9.982000000000001,0.0,1015.69
2016-08-03 07:00:00,17.555555555555557,17.555555555555557,0.61,9.2897,151.0,9.982000000000001,0.0,1015.52
2016-08-03 08:00:00,19.944444444444446,19.944444444444446,0.56,10.304000000000002,152.0,10.3523,0.0,1015.75
2016-08-03 09:00:00,23.86666666666666,23.86666666666666,0.42,12.187700000000001,160.0,9.982000000000001,0.0,1015.5
2016-08-03 10:00:00,26.20555555555556,26.20555555555556,0.36,10.4167,130.0,9.982000000000001,0.0,1015.3
2016-08-03 11:00:00,27.533333333333335,26.955555555555552,0.34,12.075000000000001,123.0,10.5455,0.0,1015.36
2016-08-03 12:00:00,28.88888888888889,27.727777777777774,0.29,12.461400000000001,160.0,10.2074,0.0,1015.29
2016-08-03 13:00:00,28.93333333333333,27.672222222222224,0.27,7.905100000000001,229.0,9.982000000000001,0.0,1015.28
2016-08-03 14:00:00,29.983333333333334,28.56666666666667,0.27,9.5151,148.0,10.384500000000001,0.0,1015.06
2016-08-03 15:00:00,31.061111111111106,29.299999999999997,0.23,4.7495,222.0,9.982000000000001,0.0,1014.58
2016-08-03 16:00:00,31.06666666666667,29.299999999999997,0.23,7.1001,236.0,9.982000000000001,0.0,1014.2
2016-08-03 17:00:00,30.005555555555556,28.488888888888887,0.26,8.1466,193.0,10.3523,0.0,1014.29
2016-08-03 18:00:00,29.833333333333332,28.305555555555557,0.25,4.3309,259.0,9.982000000000001,0.0,1013.83
2016-08-03 19:00:00,27.43333333333333,26.694444444444443,0.3,4.7978000000000005,295.0,9.982000000000001,0.0,1014.17
2016-08-03 20:00:00,24.61111111111111,24.61111111111111,0.48,33.05330000000001,299.0,8.8228,0.0,1015.22
2016-08-03 21:00:00,19.79444444444444,19.79444444444444,0.65,22.314600000000002,9.0,11.270000000000001,0.0,1018.0
2016-08-03 22:00:00,19.772222222222226,19.772222222222226,0.65,23.8441,19.0,14.9569,0.0,1016.15
2016-08-03 23:00:00,18.772222222222226,18.772222222222226,0.73,16.0034,304.0,14.2163,0.0,1017.53
2016-08-04 00:00:00,18.266666666666666,18.266666666666666,0.74,14.2163,348.0,15.874600000000001,0.0,1016.87
2016-08-04 01:00:00,17.733333333333334,17.733333333333334,0.78,13.9909,329.0,15.874600000000001,0.0,1017.06
2016-08-04 02:00:00,14.100000000000001,14.100000000000001,0.77,11.3022,343.0,14.168000000000003,0.0,1018.37
2016-08-04 03:00:00,17.68888888888889,17.68888888888889,0.76,14.007,319.0,15.874600000000001,0.0,1017.18
2016-08-04 04:00:00,17.68888888888889,17.68888888888889,0.76,19.7708,320.0,15.826300000000002,0.0,1017.07
2016-08-04 05:00:00,17.17222222222222,17.17222222222222,0.78,16.0517,328.0,14.9569,0.0,1017.12
2016-08-04 06:00:00,17.15,17.15,0.81,16.9694,351.0,11.270000000000001,0.0,1017.88
2016-08-04 07:00:00,16.183333333333334,16.183333333333334,0.81,16.9211,18.0,11.270000000000001,0.0,1018.57
2016-08-04 08:00:00,16.266666666666666,16.266666666666666,0.82,15.0535,8.0,11.141200000000001,0.0,1018.92
2016-08-04 09:00:00,17.31666666666667,17.31666666666667,0.75,14.1358,339.0,11.270000000000001,0.0,1019.25
2016-08-04 10:00:00,17.938888888888894,17.938888888888894,0.72,15.359399999999999,359.0,11.270000000000001,0.0,1019.55
2016-08-04 11:00:00,18.86111111111111,18.86111111111111,0.67,16.6474,356.0,11.0768,0.0,1019.72
2016-08-04 12:00:00,21.20555555555556,21.20555555555556,0.53,15.439900000000002,16.0,11.270000000000001,0.0,1019.6
2016-08-04 13:00:00,22.700000000000003,22.700000000000003,0.49,13.8621,8.0,11.270000000000001,0.0,1019.18
2016-08-04 14:00:00,22.505555555555556,22.505555555555556,0.5,8.291500000000001,326.0,11.0768,0.0,1018.74
2016-08-04 15:00:00,22.333333333333332,22.333333333333332,0.49,10.8836,353.0,11.270000000000001,0.0,1017.91
2016-08-04 16:00:00,19.111111111111114,19.111111111111114,0.64,12.203800000000001,116.0,11.270000000000001,0.0,1018.29
2016-08-04 17:00:00,18.183333333333337,18.183333333333337,0.7,18.9497,65.0,11.0285,0.0,1018.9
2016-08-04 18:00:00,17.627777777777776,17.627777777777776,0.7,12.2199,49.0,11.2056,0.0,1019.04
2016-08-04 19:00:00,18.044444444444448,18.044444444444448,0.68,8.0822,50.0,11.2056,0.0,1018.51
2016-08-04 20:00:00,16.288888888888888,16.288888888888888,0.77,2.1252000000000004,50.0,9.982000000000001,0.0,1019.04
2016-08-04 21:00:00,14.144444444444446,14.144444444444446,0.81,4.395300000000001,310.0,9.982000000000001,0.0,1019.72
2016-08-04 22:00:00,13.499999999999998,13.499999999999998,0.85,6.1985,355.0,9.982000000000001,0.0,1019.94
2016-08-04 23:00:00,14.961111111111112,14.961111111111112,0.72,6.6332,62.0,9.982000000000001,0.0,1019.93
2016-08-05 00:00:00,14.355555555555558,14.355555555555558,0.75,6.3112,20.0,14.9086,0.0,1019.95
2016-08-05 01:00:00,13.399999999999999,13.399999999999999,0.74,10.577700000000002,9.0,14.9086,0.0,1019.47
2016-08-05 02:00:00,17.372222222222224,17.372222222222224,0.77,10.722600000000002,15.0,14.9569,0.0,1015.07
2016-08-05 03:00:00,14.494444444444447,14.494444444444447,0.69,16.9694,339.0,14.9086,0.0,1018.48
2016-08-05 04:00:00,15.005555555555553,15.005555555555553,0.68,16.8084,339.0,14.9086,0.0,1018.09
2016-08-05 05:00:00,14.927777777777777,14.927777777777777,0.71,16.5347,348.0,15.005200000000002,0.0,1017.96
2016-08-05 06:00:00,14.983333333333333,14.983333333333333,0.68,14.023100000000003,339.0,11.270000000000001,0.0,1017.61
2016-08-05 07:00:00,15.027777777777779,15.027777777777779,0.72,13.9426,349.0,11.270000000000001,0.0,1017.67
2016-08-05 08:00:00,16.81111111111111,16.81111111111111,0.7,15.3111,355.0,11.4471,0.0,1017.53
2016-08-05 09:00:00,17.766666666666666,17.766666666666666,0.65,15.713600000000001,11.0,11.270000000000001,0.0,1017.28
2016-08-05 10:00:00,19.894444444444446,19.894444444444446,0.61,20.2377,29.0,11.270000000000001,0.0,1017.09
2016-08-05 11:00:00,20.827777777777776,20.827777777777776,0.58,22.6044,18.0,11.4471,0.0,1016.96
2016-08-05 12:00:00,22.17777777777778,22.17777777777778,0.53,20.334300000000002,19.0,11.270000000000001,0.0,1016.59
2016-08-05 13:00:00,22.82777777777778,22.82777777777778,0.51,21.847700000000003,48.0,11.2056,0.0,1015.87
2016-08-05 14:00:00,24.711111111111116,24.711111111111116,0.46,17.516800000000003,57.0,11.398800000000001,0.0,1015.63
2016-08-05 15:00:00,26.088888888888885,26.088888888888885,0.44,14.3934,58.0,9.982000000000001,0.0,1015.03
2016-08-05 16:00:00,26.16111111111111,26.16111111111111,0.42,11.431000000000001,68.0,9.982000000000001,0.0,1014.84
2016-08-05 17:00:00,25.966666666666665,25.966666666666665,0.43,8.5974,73.0,10.3523,0.0,1014.44
2016-08-05 18:00:00,26.088888888888885,26.088888888888885,0.44,8.4847,49.0,9.982000000000001,0.0,1013.86
2016-08-05 19:00:00,25.02777777777778,25.02777777777778,0.45,3.6708,79.0,9.982000000000001,0.0,1013.76
2016-08-05 20:00:00,22.36111111111111,22.36111111111111,0.56,4.395300000000001,217.0,11.398800000000001,0.0,1014.33
2016-08-05 21:00:00,21.16111111111111,21.16111111111111,0.59,2.4311000000000003,245.0,11.2056,0.0,1015.02
2016-08-05 22:00:00,20.583333333333332,20.583333333333332,0.6,3.4454000000000002,353.0,15.826300000000002,0.0,1014.95
2016-08-05 23:00:00,19.455555555555552,19.455555555555552,0.67,6.44,12.0,14.9569,0.0,1015.06
2016-08-06 00:00:00,20.438888888888894,20.438888888888894,0.64,14.023100000000003,58.0,15.826300000000002,0.0,1015.13
2016-08-06 01:00:00,18.911111111111115,18.911111111111115,0.73,3.8318,48.0,15.826300000000002,0.0,1014.48
2016-08-06 02:00:00,17.727777777777774,17.727777777777774,0.84,7.6796999999999995,2.0,9.982000000000001,0.0,1013.97
2016-08-06 03:00:00,17.755555555555556,17.755555555555556,0.73,14.1519,10.0,15.826300000000002,0.0,1013.78
2016-08-06 04:00:00,17.200000000000003,17.200000000000003,0.75,14.023100000000003,19.0,15.826300000000002,0.0,1013.66
2016-08-06 05:00:00,16.522222222222226,16.522222222222226,0.8,13.781600000000001,20.0,14.586600000000002,0.0,1013.47
2016-08-06 06:00:00,16.116666666666664,16.116666666666664,0.81,14.0875,20.0,9.982000000000001,0.0,1013.08
2016-08-06 07:00:00,17.716666666666665,17.716666666666665,0.73,15.536500000000002,11.0,9.982000000000001,0.0,1013.08
2016-08-06 08:00:00,18.8,18.8,0.71,17.0338,10.0,9.982000000000001,0.0,1013.1
2016-08-06 09:00:00,22.17777777777778,22.17777777777778,0.59,14.168000000000003,30.0,9.982000000000001,0.0,1012.96
2016-08-06 10:00:00,24.91111111111111,24.91111111111111,0.5,15.826300000000002,30.0,9.982000000000001,0.0,1012.84
2016-08-06 11:00:00,26.888888888888893,26.927777777777777,0.43,12.3648,27.0,9.982000000000001,0.0,1012.44
2016-08-06 12:00:00,28.772222222222226,28.105555555555558,0.37,14.4095,69.0,9.982000000000001,0.0,1011.86
2016-08-06 13:00:00,29.88333333333334,28.988888888888894,0.34,15.761899999999999,51.0,9.982000000000001,0.0,1011.64
2016-08-06 14:00:00,29.783333333333335,28.988888888888894,0.35,10.3362,49.0,11.398800000000001,0.0,1011.21
2016-08-06 15:00:00,29.00555555555555,28.177777777777777,0.35,17.1626,21.0,15.826300000000002,0.0,1010.45
2016-08-06 16:00:00,23.394444444444446,23.394444444444446,0.61,10.722600000000002,67.0,15.826300000000002,0.0,1010.77
2016-08-06 17:00:00,24.0,24.0,0.69,10.7548,74.0,14.9569,0.0,1010.9
2016-08-06 18:00:00,25.105555555555554,25.105555555555554,0.61,5.828200000000001,105.0,15.826300000000002,0.0,1010.34
2016-08-06 19:00:00,25.583333333333332,25.583333333333332,0.55,3.9445000000000006,93.0,15.874600000000001,0.0,1010.12
2016-08-06 20:00:00,24.022222222222222,24.022222222222222,0.74,2.8819000000000004,238.0,14.9569,0.0,1010.24
2016-08-06 21:00:00,22.11111111111111,22.11111111111111,0.82,0.0,0.0,15.826300000000002,0.0,1010.45
2016-08-06 22:00:00,21.466666666666665,21.466666666666665,0.83,6.44,40.0,15.826300000000002,0.0,1010.84
2016-08-06 23:00:00,19.827777777777776,19.827777777777776,0.89,3.6225,327.0,14.168000000000003,0.0,1010.69
2016-08-07 00:00:00,19.261111111111113,19.261111111111113,0.89,6.44,310.0,14.9086,0.0,1010.65
2016-08-07 01:00:00,17.666666666666668,17.666666666666668,0.92,6.44,320.0,11.9784,0.0,1010.55
2016-08-07 02:00:00,17.666666666666668,17.666666666666668,0.89,8.6618,345.0,11.688600000000001,0.0,1010.42
2016-08-07 03:00:00,16.072222222222223,16.072222222222223,0.89,8.935500000000001,17.0,11.9784,0.0,1010.27
2016-08-07 04:00:00,16.094444444444445,16.094444444444445,0.89,4.8944,343.0,9.982000000000001,0.0,1010.16
2016-08-07 05:00:00,15.733333333333333,15.733333333333333,0.92,9.595600000000001,9.0,9.982000000000001,0.0,1010.25
2016-08-07 06:00:00,15.027777777777779,15.027777777777779,0.83,8.1949,3.0,9.982000000000001,0.0,1010.36
2016-08-07 07:00:00,17.16111111111111,17.16111111111111,0.87,3.4776000000000002,355.0,9.982000000000001,0.0,1010.26
2016-08-07 08:00:00,19.00555555555555,19.00555555555555,0.81,7.921200000000001,10.0,14.168000000000003,0.0,1010.53
2016-08-07 09:00:00,22.272222222222226,22.272222222222226,0.64,4.8461,56.0,9.982000000000001,0.0,1010.25
2016-08-07 10:00:00,25.07222222222222,25.07222222222222,0.54,8.033900000000001,9.0,9.982000000000001,0.0,1010.14
2016-08-07 11:00:00,26.116666666666667,26.116666666666667,0.57,8.6135,8.0,14.9569,0.0,1010.14
2016-08-07 12:00:00,28.88888888888889,28.488888888888887,0.4,9.160900000000002,0.0,11.2056,0.0,1009.35
2016-08-07 13:00:00,30.0,29.177777777777774,0.35,10.6099,343.0,11.2056,0.0,1009.23
2016-08-07 14:00:00,30.727777777777778,29.79444444444444,0.34,2.9785000000000004,58.0,11.398800000000001,0.0,1009.1
2016-08-07 15:00:00,30.827777777777776,29.866666666666667,0.33,7.969500000000001,326.0,11.2056,0.0,1008.74
2016-08-07 16:00:00,31.02777777777778,29.799999999999997,0.3,9.6117,68.0,11.270000000000001,0.0,1008.32
2016-08-07 17:00:00,29.811111111111106,28.733333333333334,0.32,7.8084999999999996,37.0,11.4471,0.0,1008.25
2016-08-07 18:00:00,27.672222222222224,27.59444444444445,0.43,10.2074,254.0,11.270000000000001,0.0,1007.99
2016-08-07 19:00:00,26.105555555555554,26.105555555555554,0.44,13.8138,300.0,11.270000000000001,0.0,1008.26
2016-08-07 20:00:00,23.966666666666665,23.966666666666665,0.5,14.9086,343.0,10.3523,0.0,1009.49
2016-08-07 21:00:00,22.22222222222222,22.22222222222222,0.55,8.774500000000002,52.0,9.982000000000001,0.0,1009.59
2016-08-07 22:00:00,20.99444444444445,20.99444444444445,0.58,3.0429,25.0,15.826300000000002,0.0,1009.06
2016-08-07 23:00:00,19.47222222222222,19.47222222222222,0.69,5.490100000000001,296.0,14.9569,0.0,1009.35
2016-08-08 00:00:00,18.33888888888889,18.33888888888889,0.73,3.2361,336.0,15.826300000000002,0.0,1009.25
2016-08-08 01:00:00,17.155555555555555,17.155555555555555,0.78,2.7048,209.0,15.826300000000002,0.0,1009.32
2016-08-08 02:00:00,16.450000000000003,16.450000000000003,0.86,2.1735,246.0,14.9569,0.0,1009.43
2016-08-08 03:00:00,15.488888888888889,15.488888888888889,0.84,3.3005,283.0,15.826300000000002,0.0,1009.41
2016-08-08 04:00:00,15.511111111111113,15.511111111111113,0.84,6.5849,23.0,15.826300000000002,0.0,1009.43
2016-08-08 05:00:00,14.322222222222223,14.322222222222223,0.87,6.021400000000001,302.0,14.9569,0.0,1009.51
2016-08-08 06:00:00,15.050000000000002,15.050000000000002,0.83,7.567000000000001,331.0,9.982000000000001,0.0,1009.81
2016-08-08 07:00:00,17.666666666666668,17.666666666666668,0.74,4.7495,10.0,9.982000000000001,0.0,1009.82
2016-08-08 08:00:00,22.066666666666666,22.066666666666666,0.6,1.6583,354.0,9.982000000000001,0.0,1009.82
2016-08-08 09:00:00,25.90555555555555,25.90555555555555,0.48,4.8461,342.0,9.982000000000001,0.0,1009.74
2016-08-08 10:00:00,27.733333333333334,27.477777777777774,0.41,4.7978000000000005,308.0,9.982000000000001,0.0,1009.81
2016-08-08 11:00:00,28.911111111111115,28.200000000000003,0.36,4.395300000000001,245.0,9.982000000000001,0.0,1009.71
2016-08-08 12:00:00,31.083333333333332,30.038888888888884,0.32,4.2826,177.0,9.982000000000001,0.0,1009.4
2016-08-08 13:00:00,32.13333333333334,30.794444444444448,0.28,7.406,148.0,9.982000000000001,0.0,1009.01
2016-08-08 14:00:00,32.17777777777778,30.799999999999997,0.28,2.9946,272.0,9.982000000000001,0.0,1008.8
2016-08-08 15:00:00,32.6888888888889,31.077777777777776,0.25,7.2611,178.0,9.982000000000001,0.0,1008.29
2016-08-08 16:00:00,32.24444444444445,30.51666666666667,0.24,3.6064000000000007,299.0,9.982000000000001,0.0,1008.09
2016-08-08 17:00:00,31.022222222222226,29.416666666666668,0.26,4.025,224.0,11.2056,0.0,1007.92
2016-08-08 18:00:00,29.983333333333334,29.066666666666663,0.34,13.620600000000001,251.0,11.2056,0.0,1008.01
2016-08-08 19:00:00,27.872222222222224,27.416666666666664,0.38,10.8192,270.0,11.2056,0.0,1008.39
2016-08-08 20:00:00,26.16111111111111,26.16111111111111,0.42,0.3059,305.0,9.982000000000001,0.0,1008.33
2016-08-08 21:00:00,24.91111111111111,24.91111111111111,0.48,9.6117,282.0,9.982000000000001,0.0,1008.63
2016-08-08 22:00:00,24.261111111111113,24.261111111111113,0.49,6.0536,283.0,15.826300000000002,0.0,1008.73
2016-08-08 23:00:00,22.644444444444446,22.644444444444446,0.54,6.1019000000000005,306.0,15.826300000000002,0.0,1008.73
2016-08-09 00:00:00,21.049999999999997,21.049999999999997,0.62,3.1395,315.0,15.826300000000002,0.0,1008.72
2016-08-09 01:00:00,19.427777777777777,19.427777777777777,0.66,2.8175000000000003,338.0,15.826300000000002,0.0,1008.62
2016-08-09 02:00:00,19.61111111111111,19.61111111111111,0.8,3.7835000000000005,272.0,9.579500000000001,0.0,1008.91
2016-08-09 03:00:00,19.361111111111107,19.361111111111107,0.78,3.1234,27.0,15.826300000000002,0.0,1008.35
2016-08-09 04:00:00,18.272222222222222,18.272222222222222,0.73,3.3649,348.0,15.826300000000002,0.0,1008.52
2016-08-09 05:00:00,18.67777777777778,18.67777777777778,0.75,0.2093,274.0,9.982000000000001,0.0,1008.23
2016-08-09 06:00:00,17.227777777777774,17.227777777777774,0.81,3.1878,79.0,11.2056,0.0,1007.85
2016-08-09 07:00:00,19.938888888888886,19.938888888888886,0.73,3.3488,39.0,9.982000000000001,0.0,1007.73
2016-08-09 08:00:00,22.211111111111116,22.211111111111116,0.69,2.9141000000000004,216.0,9.982000000000001,0.0,1008.19
2016-08-09 09:00:00,25.977777777777778,25.977777777777778,0.54,4.508,227.0,9.982000000000001,0.0,1007.91
2016-08-09 10:00:00,28.79444444444444,28.42777777777778,0.4,9.6439,279.0,9.982000000000001,0.0,1007.71
2016-08-09 11:00:00,29.683333333333337,29.011111111111113,0.37,4.459700000000001,264.0,9.982000000000001,0.0,1007.38
2016-08-09 12:00:00,31.13888888888889,30.20555555555556,0.33,7.647500000000001,96.0,9.982000000000001,0.0,1007.02
2016-08-09 13:00:00,32.150000000000006,31.016666666666666,0.3,4.314800000000001,128.0,11.2056,0.0,1006.53
2016-08-09 14:00:00,31.300000000000004,30.33888888888889,0.33,18.1125,267.0,11.4471,0.0,1006.32
2016-08-09 15:00:00,32.22222222222222,31.20555555555556,0.31,13.491800000000001,20.0,11.270000000000001,0.0,1005.56
2016-08-09 16:00:00,30.011111111111106,29.200000000000003,0.35,10.0142,99.0,11.270000000000001,0.0,1005.37
2016-08-09 17:00:00,30.811111111111106,30.100000000000005,0.35,10.851400000000002,87.0,11.4471,0.0,1005.09
2016-08-09 18:00:00,30.988888888888887,30.327777777777783,0.36,15.375500000000002,80.0,11.2056,0.0,1004.9
2016-08-09 19:00:00,27.816666666666663,27.54444444444444,0.41,13.3952,67.0,10.0464,0.0,1004.99
2016-08-09 20:00:00,25.288888888888884,25.288888888888884,0.5,5.1037,60.0,10.3523,0.0,1005.08
2016-08-09 21:00:00,23.86111111111111,23.86111111111111,0.58,8.0983,55.0,11.2056,0.0,1005.24
2016-08-09 22:00:00,22.68888888888889,22.68888888888889,0.6,3.1556,344.0,15.874600000000001,0.0,1005.69
2016-08-09 23:00:00,23.15555555555556,23.15555555555556,0.58,12.1555,338.0,14.9569,0.0,1006.29
2016-08-10 00:00:00,22.066666666666666,22.066666666666666,0.66,5.8443000000000005,6.0,15.826300000000002,0.0,1006.33
2016-08-10 01:00:00,22.066666666666666,22.066666666666666,0.65,13.652800000000001,260.0,15.874600000000001,0.0,1007.43
2016-08-10 02:00:00,20.161111111111115,20.161111111111115,0.75,19.014100000000003,281.0,15.005200000000002,0.0,1007.77
2016-08-10 03:00:00,19.86111111111111,19.86111111111111,0.72,10.948,299.0,15.729700000000001,0.0,1007.09
2016-08-10 04:00:00,19.355555555555558,19.355555555555558,0.74,6.7137,358.0,15.826300000000002,0.0,1006.89
2016-08-10 05:00:00,19.194444444444443,19.194444444444443,0.77,5.7316,304.0,14.876400000000002,0.0,1006.71
2016-08-10 06:00:00,18.82222222222222,18.82222222222222,0.79,1.5778,173.0,9.8049,0.0,1007.09
2016-08-10 07:00:00,19.88888888888889,19.88888888888889,0.74,4.4758,27.0,9.8049,0.0,1007.59
2016-08-10 08:00:00,20.05,20.05,0.76,2.7531000000000003,91.0,14.7959,0.0,1007.69
2016-08-10 09:00:00,22.11111111111111,22.11111111111111,0.65,4.6207,231.0,9.9015,0.0,1008.0
2016-08-10 10:00:00,24.772222222222226,24.772222222222226,0.52,3.2844,272.0,11.2056,0.0,1007.63
2016-08-10 11:00:00,25.827777777777776,25.827777777777776,0.5,4.395300000000001,190.0,11.4471,0.0,1007.81
2016-08-10 12:00:00,27.138888888888886,27.23333333333333,0.45,7.5992,191.0,10.0464,0.0,1007.34
2016-08-10 13:00:00,28.733333333333334,28.433333333333337,0.41,4.2343,233.0,10.0464,0.0,1007.02
2016-08-10 14:00:00,28.77777777777778,28.488888888888887,0.41,7.357700000000001,44.0,10.3523,0.0,1006.42
2016-08-10 15:00:00,29.88333333333334,29.311111111111114,0.38,10.787,9.0,9.982000000000001,0.0,1005.83
2016-08-10 16:00:00,29.90555555555555,29.14444444444444,0.36,10.706500000000002,10.0,9.982000000000001,0.0,1005.24
2016-08-10 17:00:00,29.79444444444444,29.050000000000004,0.36,11.431000000000001,57.0,10.3523,0.0,1005.23
2016-08-10 18:00:00,29.86111111111111,29.099999999999998,0.36,7.969500000000001,49.0,9.982000000000001,0.0,1005.15
2016-08-10 19:00:00,28.67777777777778,28.172222222222217,0.39,11.157300000000001,50.0,11.2056,0.0,1005.34
2016-08-10 20:00:00,27.011111111111113,27.16666666666667,0.46,23.506,98.0,11.2056,0.0,1004.8
2016-08-10 21:00:00,23.911111111111115,23.911111111111115,0.55,10.8031,76.0,11.2056,0.0,1005.32
2016-08-10 22:00:00,22.600000000000005,22.600000000000005,0.63,3.4615,132.0,14.9569,0.0,1006.27
2016-08-10 23:00:00,20.37777777777778,20.37777777777778,0.74,24.0695,268.0,14.9569,0.0,1008.27
2016-08-11 00:00:00,19.261111111111113,19.261111111111113,0.79,6.617100000000001,2.0,14.9569,0.0,1007.28
2016-08-11 01:00:00,19.21666666666667,19.21666666666667,0.79,6.552700000000001,5.0,14.9569,0.0,1007.26
2016-08-11 02:00:00,18.177777777777777,18.177777777777777,0.76,13.5401,0.0,15.729700000000001,0.0,1007.33
2016-08-11 03:00:00,18.194444444444443,18.194444444444443,0.76,13.685,29.0,15.826300000000002,0.0,1007.39
2016-08-11 04:00:00,17.66111111111111,17.66111111111111,0.75,10.513300000000001,69.0,15.826300000000002,0.0,1007.51
2016-08-11 05:00:00,17.522222222222222,17.522222222222222,0.81,6.118,62.0,14.9569,0.0,1007.5
2016-08-11 06:00:00,16.133333333333333,16.133333333333333,0.85,5.6833,332.0,15.826300000000002,0.0,1006.95
2016-08-11 07:00:00,17.755555555555556,17.755555555555556,0.79,4.7656,47.0,11.2056,0.0,1006.76
2016-08-11 08:00:00,20.91666666666667,20.91666666666667,0.7,9.193100000000001,119.0,9.982000000000001,0.0,1007.06
2016-08-11 09:00:00,21.999999999999996,21.999999999999996,0.69,16.3737,158.0,11.270000000000001,0.0,1007.26
2016-08-11 10:00:00,22.09444444444444,22.09444444444444,0.72,13.6045,179.0,15.874600000000001,0.0,1007.44
2016-08-11 11:00:00,22.666666666666668,22.666666666666668,0.72,8.227100000000002,194.0,11.0768,0.0,1007.76
2016-08-11 12:00:00,23.827777777777776,23.827777777777776,0.66,6.8908000000000005,224.0,11.270000000000001,0.0,1007.84
2016-08-11 13:00:00,25.955555555555556,25.955555555555556,0.55,8.9516,250.0,11.270000000000001,0.0,1007.65
2016-08-11 14:00:00,26.683333333333334,27.127777777777776,0.5,9.8693,278.0,11.0768,0.0,1007.34
2016-08-11 15:00:00,26.116666666666667,26.116666666666667,0.51,10.770900000000001,272.0,11.270000000000001,0.0,1006.76
2016-08-11 16:00:00,25.11666666666666,25.11666666666666,0.54,12.316500000000001,271.0,11.270000000000001,0.0,1006.42
2016-08-11 17:00:00,23.62222222222222,23.62222222222222,0.64,11.1734,306.0,11.0768,0.0,1007.02
2016-08-11 18:00:00,23.911111111111115,23.911111111111115,0.62,7.985600000000001,270.0,11.125100000000002,0.0,1006.21
2016-08-11 19:00:00,21.22222222222222,21.22222222222222,0.63,20.6724,127.0,11.125100000000002,0.0,1006.79
2016-08-11 20:00:00,20.200000000000003,20.200000000000003,0.66,7.5992,159.0,11.3183,0.0,1007.63
2016-08-11 21:00:00,19.95,19.95,0.64,0.9338,138.0,9.9015,0.0,1007.63
2016-08-11 22:00:00,19.88333333333334,19.88333333333334,0.64,5.9731000000000005,188.0,15.729700000000001,0.0,1007.22
2016-08-11 23:00:00,18.8,18.8,0.76,10.851400000000002,163.0,14.876400000000002,0.0,1008.16
2016-08-12 00:00:00,18.84444444444445,18.84444444444445,0.71,10.368400000000001,160.0,15.729700000000001,0.0,1008.1
2016-08-12 01:00:00,18.28888888888889,18.28888888888889,0.76,6.0536,187.0,15.729700000000001,0.0,1007.85
2016-08-12 02:00:00,17.655555555555555,17.655555555555555,0.79,10.4006,216.0,14.9569,0.0,1007.71
2016-08-12 03:00:00,17.22222222222222,17.22222222222222,0.79,6.021400000000001,197.0,15.729700000000001,0.0,1007.42
2016-08-12 04:00:00,16.20555555555556,16.20555555555556,0.82,5.892600000000001,184.0,15.649200000000002,0.0,1007.49
2016-08-12 05:00:00,15.866666666666667,15.866666666666667,0.86,3.0751,192.0,14.7959,0.0,1007.51
2016-08-12 06:00:00,17.244444444444444,17.244444444444444,0.82,4.7334000000000005,183.0,11.0446,0.0,1007.51
2016-08-12 07:00:00,17.77777777777778,17.77777777777778,0.79,7.6636,191.0,10.948,0.0,1007.6
2016-08-12 08:00:00,18.82222222222222,18.82222222222222,0.81,7.647500000000001,191.0,10.4006,0.0,1008.0
2016-08-12 09:00:00,20.90555555555555,20.90555555555555,0.62,7.824600000000001,258.0,10.980200000000002,0.0,1007.8
2016-08-12 10:00:00,19.91111111111111,19.91111111111111,0.74,20.9944,201.0,11.270000000000001,0.0,1007.91
2016-08-12 11:00:00,20.91111111111111,20.91111111111111,0.76,17.066,200.0,10.948,0.0,1008.13
2016-08-12 12:00:00,21.06666666666667,21.06666666666667,0.79,16.4059,202.0,10.948,0.0,1008.18
2016-08-12 13:00:00,18.93333333333333,18.93333333333333,0.84,16.744000000000003,241.0,10.8997,0.0,1007.9
2016-08-12 14:00:00,23.35555555555556,23.35555555555556,0.62,16.9533,224.0,11.4471,0.0,1007.57
2016-08-12 15:00:00,22.700000000000003,22.700000000000003,0.63,19.7547,250.0,11.270000000000001,0.0,1007.04
2016-08-12 16:00:00,23.783333333333335,23.783333333333335,0.59,13.8138,260.0,11.270000000000001,0.0,1006.73
2016-08-12 17:00:00,23.516666666666666,23.516666666666666,0.61,16.599100000000004,268.0,11.4471,0.0,1006.87
2016-08-12 18:00:00,22.666666666666668,22.666666666666668,0.63,15.616999999999999,261.0,11.270000000000001,0.0,1006.73
2016-08-12 19:00:00,21.13888888888889,21.13888888888889,0.69,10.8192,262.0,11.270000000000001,0.0,1007.02
2016-08-12 20:00:00,19.988888888888894,19.988888888888894,0.76,8.4525,258.0,11.398800000000001,0.0,1007.72
2016-08-12 21:00:00,18.93888888888889,18.93888888888889,0.84,7.792400000000001,233.0,9.982000000000001,0.0,1008.04
2016-08-12 22:00:00,19.444444444444443,19.444444444444443,0.81,11.157300000000001,242.0,15.826300000000002,0.0,1008.52
2016-08-12 23:00:00,18.477777777777778,18.477777777777778,0.86,6.8747,251.0,14.9569,0.0,1008.92
2016-08-13 00:00:00,18.916666666666668,18.916666666666668,0.84,6.488300000000001,251.0,15.826300000000002,0.0,1008.83
2016-08-13 01:00:00,18.916666666666668,18.916666666666668,0.84,10.7387,260.0,15.826300000000002,0.0,1008.9
2016-08-13 02:00:00,18.811111111111114,18.811111111111114,0.86,10.4811,261.0,14.586600000000002,0.0,1008.88
2016-08-13 03:00:00,18.86666666666666,18.86666666666666,0.85,6.5205,270.0,15.729700000000001,0.0,1008.62
2016-08-13 04:00:00,18.86666666666666,18.86666666666666,0.84,11.0607,260.0,15.729700000000001,0.0,1008.8
2016-08-13 05:00:00,18.433333333333337,18.433333333333337,0.88,11.1895,266.0,14.3934,0.0,1009.01
2016-08-13 06:00:00,18.82222222222222,18.82222222222222,0.84,12.4292,270.0,9.9015,0.0,1008.92
2016-08-13 07:00:00,18.82222222222222,18.82222222222222,0.79,16.985500000000002,280.0,11.2056,0.0,1009.12
2016-08-13 08:00:00,19.90555555555555,19.90555555555555,0.76,15.0374,278.0,9.982000000000001,0.0,1009.28
2016-08-13 09:00:00,21.13333333333334,21.13333333333334,0.73,20.2055,290.0,11.2056,0.0,1009.52
2016-08-13 10:00:00,23.79444444444444,23.79444444444444,0.59,25.164300000000004,300.0,11.2056,0.0,1009.64
2016-08-13 11:00:00,25.827777777777776,25.827777777777776,0.51,22.395100000000003,300.0,11.0768,0.0,1009.85
2016-08-13 12:00:00,27.61666666666666,27.794444444444444,0.47,22.0409,300.0,11.270000000000001,0.0,1009.63
2016-08-13 13:00:00,27.61111111111111,27.600000000000005,0.44,24.955000000000002,290.0,10.0464,0.0,1009.65
2016-08-13 14:00:00,28.67777777777778,28.133333333333333,0.38,28.1267,300.0,10.0464,0.0,1009.55
2016-08-13 15:00:00,28.772222222222226,28.127777777777776,0.37,25.1965,319.0,10.0464,0.0,1009.35
2016-08-13 16:00:00,28.79444444444444,28.127777777777776,0.37,24.9711,301.0,10.0464,0.0,1009.44
2016-08-13 17:00:00,27.82777777777778,27.52777777777778,0.4,20.8173,314.0,11.398800000000001,0.0,1009.66
2016-08-13 18:00:00,27.24444444444445,26.999999999999996,0.39,17.5329,328.0,9.982000000000001,0.0,1009.63
2016-08-13 19:00:00,27.17222222222222,26.950000000000003,0.39,13.9587,319.0,9.982000000000001,0.0,1009.92
2016-08-13 20:00:00,23.066666666666663,23.066666666666663,0.5,8.017800000000001,299.0,9.982000000000001,0.0,1010.4
2016-08-13 21:00:00,21.03888888888889,21.03888888888889,0.58,11.0446,270.0,9.982000000000001,0.0,1010.91
2016-08-13 22:00:00,19.522222222222222,19.522222222222222,0.62,6.44,280.0,15.826300000000002,0.0,1011.43
2016-08-13 23:00:00,18.84444444444445,18.84444444444445,0.66,6.6332,272.0,15.826300000000002,0.0,1011.72
2016-08-14 00:00:00,18.79444444444444,18.79444444444444,0.66,6.1502,270.0,15.826300000000002,0.0,1011.72
2016-08-14 01:00:00,17.733333333333334,17.733333333333334,0.71,3.2039,281.0,15.826300000000002,0.0,1011.74
2016-08-14 02:00:00,17.572222222222223,17.572222222222223,0.74,8.4847,278.0,14.9569,0.0,1011.88
2016-08-14 03:00:00,17.17777777777778,17.17777777777778,0.73,6.4078,299.0,15.826300000000002,0.0,1011.94
2016-08-14 04:00:00,16.65,16.65,0.79,3.2039,293.0,15.826300000000002,0.0,1011.85
2016-08-14 05:00:00,15.92222222222222,15.92222222222222,0.83,6.8425,301.0,14.9569,0.0,1011.82
2016-08-14 06:00:00,16.094444444444445,16.094444444444445,0.82,3.5742000000000007,291.0,9.8049,0.0,1011.95
2016-08-14 07:00:00,18.733333333333334,18.733333333333334,0.74,3.703,317.0,9.9015,0.0,1012.14
2016-08-14 08:00:00,20.92777777777778,20.92777777777778,0.66,11.753,324.0,9.982000000000001,0.0,1012.48
2016-08-14 09:00:00,23.88888888888889,23.88888888888889,0.58,12.960500000000001,300.0,9.982000000000001,0.0,0.0
2016-08-14 10:00:00,26.04444444444444,26.04444444444444,0.48,12.2682,303.0,9.982000000000001,0.0,1012.62
2016-08-14 11:00:00,27.055555555555557,27.077777777777776,0.43,11.157300000000001,309.0,10.3523,0.0,1012.79
2016-08-14 12:00:00,27.75555555555555,27.488888888888894,0.4,12.6224,264.0,9.982000000000001,0.0,1012.53
2016-08-14 13:00:00,29.90555555555555,29.033333333333335,0.35,12.9444,309.0,9.982000000000001,0.0,1012.44
2016-08-14 14:00:00,29.866666666666667,28.833333333333332,0.33,16.7923,290.0,10.3523,0.0,1012.06
2016-08-14 15:00:00,30.99444444444445,29.688888888888886,0.3,16.856700000000004,308.0,9.982000000000001,0.0,1011.72
2016-08-14 16:00:00,30.022222222222226,28.872222222222224,0.31,17.2109,309.0,9.982000000000001,0.0,1011.43
2016-08-14 17:00:00,29.92777777777778,28.699999999999996,0.3,19.4327,302.0,10.3523,0.0,1011.44
2016-08-14 18:00:00,29.92777777777778,28.65555555555555,0.3,19.9962,309.0,9.982000000000001,0.0,1011.52
2016-08-14 19:00:00,27.77777777777778,27.199999999999996,0.35,14.2002,318.0,9.982000000000001,0.0,1011.33
2016-08-14 20:00:00,25.07222222222222,25.07222222222222,0.42,7.5187,314.0,10.3523,0.0,1011.69
2016-08-14 21:00:00,22.25,22.25,0.54,3.5259,306.0,9.982000000000001,0.0,1012.21
2016-08-14 22:00:00,21.62777777777778,21.62777777777778,0.56,6.44,310.0,15.826300000000002,0.0,1012.34
2016-08-14 23:00:00,20.144444444444446,20.144444444444446,0.6,6.3434,291.0,14.9569,0.0,1012.77
2016-08-15 00:00:00,18.916666666666668,18.916666666666668,0.64,6.6493,299.0,15.826300000000002,0.0,1012.83
2016-08-15 01:00:00,17.855555555555554,17.855555555555554,0.68,3.3488,272.0,15.826300000000002,0.0,1013.02
2016-08-15 02:00:00,18.42222222222222,18.42222222222222,0.72,3.7191000000000005,253.0,14.9569,0.0,1013.11
2016-08-15 03:00:00,16.744444444444444,16.744444444444444,0.75,3.4776000000000002,255.0,15.826300000000002,0.0,1013.12
2016-08-15 04:00:00,16.166666666666668,16.166666666666668,0.76,6.166300000000001,263.0,15.826300000000002,0.0,1013.04
2016-08-15 05:00:00,15.933333333333334,15.933333333333334,0.79,3.9606000000000003,292.0,14.9569,0.0,1013.12
2016-08-15 06:00:00,15.050000000000002,15.050000000000002,0.83,1.8032000000000004,295.0,9.9015,0.0,1013.32
2016-08-15 07:00:00,18.711111111111116,18.711111111111116,0.69,1.8354,310.0,9.982000000000001,0.0,1013.44
2016-08-15 08:00:00,22.488888888888894,22.488888888888894,0.6,9.4829,320.0,10.3523,0.0,1013.61
2016-08-15 09:00:00,25.92777777777778,25.92777777777778,0.48,9.5151,310.0,9.982000000000001,0.0,1013.72
2016-08-15 10:00:00,27.75555555555555,27.37777777777778,0.39,12.203800000000001,300.0,9.982000000000001,0.0,1013.72
2016-08-15 11:00:00,29.772222222222226,28.72222222222222,0.32,11.4954,332.0,10.3523,0.0,1014.04
2016-08-15 12:00:00,31.04444444444444,29.738888888888887,0.3,12.0106,9.0,11.2056,0.0,1013.63
2016-08-15 13:00:00,31.088888888888885,29.47222222222222,0.26,13.4757,318.0,11.2056,0.0,1013.32
2016-08-15 14:00:00,31.055555555555557,29.60555555555556,0.28,7.486500000000001,304.0,10.3523,0.0,1013.07
2016-08-15 15:00:00,32.66111111111112,31.072222222222226,0.26,8.0661,297.0,9.982000000000001,0.0,1012.71
2016-08-15 16:00:00,32.199999999999996,30.64444444444444,0.26,9.1126,242.0,9.982000000000001,0.0,1012.51
2016-08-15 17:00:00,32.077777777777776,30.549999999999997,0.27,4.652900000000001,190.0,10.3523,0.0,1012.44
2016-08-15 18:00:00,32.15555555555555,30.78888888888889,0.28,7.711900000000001,298.0,10.255700000000001,0.0,1012.01
2016-08-15 19:00:00,30.97222222222222,29.666666666666668,0.3,10.6099,268.0,9.982000000000001,0.0,1011.93
2016-08-15 20:00:00,27.17777777777778,26.977777777777778,0.4,4.2826,264.0,10.3523,0.0,1012.39
2016-08-15 21:00:00,23.86666666666666,23.86666666666666,0.51,1.5134,245.0,9.982000000000001,0.0,1012.7
2016-08-15 22:00:00,22.17777777777778,22.17777777777778,0.58,2.4633000000000003,142.0,15.826300000000002,0.0,1012.8
2016-08-15 23:00:00,20.73333333333333,20.73333333333333,0.63,4.250400000000001,222.0,14.9569,0.0,1013.09
2016-08-16 00:00:00,19.983333333333334,19.983333333333334,0.69,3.0751,130.0,15.826300000000002,0.0,1013.2
2016-08-16 01:00:00,19.86111111111111,19.86111111111111,0.71,6.44,140.0,15.826300000000002,0.0,1013.39
2016-08-16 02:00:00,19.549999999999997,19.549999999999997,0.7,3.0751,133.0,14.9569,0.0,1013.34
2016-08-16 03:00:00,17.272222222222226,17.272222222222226,0.75,3.2844,149.0,15.826300000000002,0.0,1013.19
2016-08-16 04:00:00,17.733333333333334,17.733333333333334,0.76,3.3005,160.0,15.826300000000002,0.0,1012.88
2016-08-16 05:00:00,17.849999999999998,17.849999999999998,0.77,6.0697,154.0,14.9569,0.0,1012.74
2016-08-16 06:00:00,17.711111111111112,17.711111111111112,0.71,4.7495,151.0,9.982000000000001,0.0,1012.79
2016-08-16 07:00:00,19.916666666666664,19.916666666666664,0.64,8.9677,150.0,9.982000000000001,0.0,1012.68
2016-08-16 08:00:00,22.70555555555556,22.70555555555556,0.59,11.527600000000001,138.0,10.3523,0.0,1012.65
2016-08-16 09:00:00,26.255555555555556,26.255555555555556,0.47,11.0446,151.0,9.982000000000001,0.0,1012.45
2016-08-16 10:00:00,30.050000000000004,29.133333333333333,0.34,15.939000000000002,169.0,9.982000000000001,0.0,1012.44
2016-08-16 11:00:00,31.005555555555556,30.0,0.33,17.5973,155.0,11.398800000000001,0.0,1012.18
2016-08-16 12:00:00,32.71111111111111,31.327777777777776,0.27,13.234200000000001,170.0,9.982000000000001,0.0,1011.96
2016-08-16 13:00:00,33.794444444444444,32.333333333333336,0.25,17.1948,143.0,9.982000000000001,0.0,1011.66
2016-08-16 14:00:00,33.62777777777777,31.99444444444445,0.24,15.906800000000002,169.0,10.3523,0.0,1011.2
2016-08-16 15:00:00,33.86666666666666,32.4,0.25,14.6188,159.0,9.982000000000001,0.0,1010.66
2016-08-16 16:00:00,33.888888888888886,32.67777777777778,0.27,12.606300000000001,143.0,9.982000000000001,0.0,1010.27
2016-08-16 17:00:00,33.74444444444444,32.49444444444444,0.27,16.1161,159.0,10.3523,0.0,1010.2
2016-08-16 18:00:00,32.849999999999994,31.444444444444443,0.27,12.3648,142.0,9.982000000000001,0.0,1010.06
2016-08-16 19:00:00,31.20555555555556,30.149999999999995,0.32,7.760200000000001,141.0,9.982000000000001,0.0,1010.06
2016-08-16 20:00:00,27.96666666666667,27.344444444444445,0.35,9.209200000000001,129.0,10.3523,0.0,1010.46
2016-08-16 21:00:00,25.99444444444445,25.99444444444445,0.4,7.776300000000001,130.0,9.982000000000001,0.0,1010.99
2016-08-16 22:00:00,24.88333333333334,24.88333333333334,0.41,10.6099,121.0,15.826300000000002,0.0,1011.3
2016-08-16 23:00:00,22.883333333333333,22.883333333333333,0.48,3.5742000000000007,121.0,15.3111,0.0,1011.96
2016-08-17 00:00:00,23.216666666666672,23.216666666666672,0.47,3.3327,148.0,15.826300000000002,0.0,1012.11
2016-08-17 01:00:00,22.61666666666666,22.61666666666666,0.5,6.118,159.0,15.826300000000002,0.0,1012.3
2016-08-17 02:00:00,21.50555555555555,21.50555555555555,0.53,2.8658,150.0,14.9569,0.0,1012.47
2016-08-17 03:00:00,21.16111111111111,21.16111111111111,0.56,5.554500000000001,163.0,15.826300000000002,0.0,1012.34
2016-08-17 04:00:00,20.07222222222222,20.07222222222222,0.62,5.119800000000001,154.0,15.826300000000002,0.0,1012.36
2016-08-17 05:00:00,19.07222222222222,19.07222222222222,0.66,2.6726,263.0,14.9569,0.0,1012.86
2016-08-17 06:00:00,17.41111111111111,17.41111111111111,0.68,3.4776000000000002,302.0,9.982000000000001,0.0,1013.12
2016-08-17 07:00:00,21.022222222222226,21.022222222222226,0.6,0.7406,310.0,9.982000000000001,0.0,1013.25
2016-08-17 08:00:00,23.42777777777778,23.42777777777778,0.57,6.021400000000001,338.0,9.982000000000001,0.0,1013.62
2016-08-17 09:00:00,25.955555555555556,25.955555555555556,0.51,3.3166,23.0,9.982000000000001,0.0,1013.54
2016-08-17 10:00:00,28.63888888888889,28.583333333333332,0.44,2.737,200.0,9.982000000000001,0.0,1013.65
2016-08-17 11:00:00,29.62222222222222,29.18333333333333,0.39,4.347,209.0,10.3523,0.0,1013.66
2016-08-17 12:00:00,31.97222222222222,31.300000000000004,0.34,7.8084999999999996,262.0,9.982000000000001,0.0,1013.56
2016-08-17 13:00:00,32.550000000000004,31.88888888888889,0.33,9.048200000000001,235.0,9.982000000000001,0.0,1013.25
2016-08-17 14:00:00,33.56666666666667,32.9388888888889,0.31,9.563400000000001,269.0,10.3523,0.0,1012.79
2016-08-17 15:00:00,33.705555555555556,33.02777777777778,0.31,12.236,318.0,9.982000000000001,0.0,1012.36
2016-08-17 16:00:00,34.21666666666667,33.727777777777774,0.31,10.9319,263.0,15.826300000000002,0.0,1011.96
2016-08-17 17:00:00,33.62777777777777,32.97222222222222,0.31,12.461400000000001,275.0,10.3523,0.0,1011.89
2016-08-17 18:00:00,32.56666666666667,31.877777777777776,0.33,15.520400000000002,281.0,9.982000000000001,0.0,1011.77
2016-08-17 19:00:00,30.949999999999996,30.65555555555556,0.39,16.888900000000003,300.0,9.982000000000001,0.0,1012.06
2016-08-17 20:00:00,27.800000000000004,27.96111111111111,0.47,13.4596,309.0,9.982000000000001,0.0,1012.41
2016-08-17 21:00:00,27.10555555555556,27.38333333333334,0.48,12.590200000000001,319.0,9.982000000000001,0.0,1012.68
2016-08-17 22:00:00,25.949999999999996,25.949999999999996,0.5,14.0875,329.0,15.826300000000002,0.0,1012.97
2016-08-17 23:00:00,24.88888888888889,24.88888888888889,0.55,16.9533,331.0,14.9569,0.0,1013.2
2016-08-18 00:00:00,23.75,23.75,0.56,14.731500000000002,337.0,15.826300000000002,0.0,1013.23
2016-08-18 01:00:00,23.127777777777776,23.127777777777776,0.54,25.3736,329.0,15.826300000000002,0.0,1013.93
2016-08-18 02:00:00,20.4,20.4,0.71,21.896,265.0,14.9569,0.0,1015.53
2016-08-18 03:00:00,18.455555555555556,18.455555555555556,0.77,20.479200000000002,310.0,15.826300000000002,0.0,1015.27
2016-08-18 04:00:00,18.36111111111111,18.36111111111111,0.78,10.851400000000002,357.0,15.826300000000002,0.0,1014.35
2016-08-18 05:00:00,18.366666666666667,18.366666666666667,0.82,4.1377,357.0,14.586600000000002,0.0,1014.76
2016-08-18 06:00:00,18.244444444444447,18.244444444444447,0.78,11.012400000000001,262.0,15.826300000000002,0.0,1015.91
2016-08-18 07:00:00,17.68888888888889,17.68888888888889,0.78,9.579500000000001,272.0,9.982000000000001,0.0,1016.23
2016-08-18 08:00:00,17.744444444444444,17.744444444444444,0.8,13.8138,280.0,9.982000000000001,0.0,1016.44
2016-08-18 09:00:00,19.00555555555555,19.00555555555555,0.73,15.906800000000002,319.0,9.982000000000001,0.0,1016.52
2016-08-18 10:00:00,22.16111111111111,22.16111111111111,0.64,14.296800000000003,320.0,9.982000000000001,0.0,1016.54
2016-08-18 11:00:00,23.672222222222224,23.672222222222224,0.59,7.776300000000001,310.0,9.982000000000001,0.0,1016.61
2016-08-18 12:00:00,26.04444444444444,26.04444444444444,0.5,3.4454000000000002,303.0,9.982000000000001,0.0,1016.31
2016-08-18 13:00:00,26.18333333333333,26.18333333333333,0.5,2.3667000000000002,211.0,9.982000000000001,0.0,1015.83
2016-08-18 14:00:00,27.15555555555555,27.216666666666665,0.44,9.048200000000001,333.0,10.3523,0.0,1015.41
2016-08-18 15:00:00,28.84444444444445,28.166666666666668,0.36,9.2736,308.0,9.982000000000001,0.0,1014.43
2016-08-18 16:00:00,28.84444444444445,28.16111111111111,0.36,13.9909,291.0,9.982000000000001,0.0,1014.02
2016-08-18 17:00:00,28.755555555555556,28.15555555555556,0.37,7.953400000000001,355.0,10.3523,0.0,1014.05
2016-08-18 18:00:00,28.84444444444445,28.238888888888887,0.37,4.83,45.0,9.982000000000001,0.0,1013.61
2016-08-18 19:00:00,27.71111111111111,27.344444444444445,0.39,3.3327,322.0,9.982000000000001,0.0,1013.24
2016-08-18 20:00:00,25.900000000000002,25.900000000000002,0.51,6.6493,1.0,11.0285,0.0,1013.56
2016-08-18 21:00:00,23.755555555555556,23.755555555555556,0.66,7.792400000000001,119.0,9.982000000000001,0.0,1013.74
2016-08-18 22:00:00,23.616666666666667,23.616666666666667,0.67,10.948,99.0,15.826300000000002,0.0,1013.83
2016-08-18 23:00:00,22.42777777777778,22.42777777777778,0.71,9.064300000000001,114.0,14.9569,0.0,1013.81
2016-08-19 00:00:00,21.977777777777778,21.977777777777778,0.76,6.5688,87.0,15.826300000000002,0.0,1013.65
2016-08-19 01:00:00,20.37777777777778,20.37777777777778,0.78,6.810300000000001,60.0,15.826300000000002,0.0,1013.73
2016-08-19 02:00:00,20.688888888888886,20.688888888888886,0.82,7.0357,75.0,15.005200000000002,0.0,1013.52
2016-08-19 03:00:00,19.75,19.75,0.81,11.270000000000001,50.0,15.826300000000002,0.0,1013.52
2016-08-19 04:00:00,18.79444444444444,18.79444444444444,0.79,10.948,40.0,15.826300000000002,0.0,1013.23
2016-08-19 05:00:00,17.933333333333334,17.933333333333334,0.83,10.851400000000002,38.0,14.9569,0.0,1013.2
2016-08-19 06:00:00,17.21666666666667,17.21666666666667,0.81,12.3648,21.0,9.982000000000001,0.0,1013.14
2016-08-19 07:00:00,17.266666666666666,17.266666666666666,0.76,13.8782,31.0,9.982000000000001,0.0,1013.25
2016-08-19 08:00:00,18.855555555555554,18.855555555555554,0.76,14.1197,38.0,10.3523,0.0,1013.46
2016-08-19 09:00:00,21.15555555555555,21.15555555555555,0.68,14.039200000000001,30.0,9.982000000000001,0.0,1013.13
2016-08-19 10:00:00,23.883333333333333,23.883333333333333,0.62,12.654600000000002,41.0,9.982000000000001,0.0,1012.92
2016-08-19 11:00:00,24.916666666666664,24.916666666666664,0.59,13.5562,58.0,10.3523,0.0,1012.42
2016-08-19 12:00:00,27.266666666666666,27.733333333333334,0.51,14.0875,51.0,9.982000000000001,0.0,1011.94
2016-08-19 13:00:00,27.84444444444445,27.933333333333334,0.46,9.434600000000001,22.0,9.982000000000001,0.0,1011.33
2016-08-19 14:00:00,29.716666666666665,29.48333333333333,0.41,8.8872,24.0,10.3523,0.0,1010.79
2016-08-19 15:00:00,30.022222222222226,29.39444444444444,0.37,10.8836,97.0,9.982000000000001,0.0,1010.01
2016-08-19 16:00:00,30.0,29.688888888888886,0.4,4.7495,151.0,9.982000000000001,0.0,1009.33
2016-08-19 17:00:00,29.855555555555554,29.561111111111106,0.4,3.0429,176.0,10.3523,0.0,1008.72
2016-08-19 18:00:00,29.949999999999996,29.327777777777783,0.37,3.22,98.0,11.2056,0.0,1008.11
2016-08-19 19:00:00,28.79444444444444,28.711111111111116,0.43,7.5992,118.0,11.2056,0.0,1008.13
2016-08-19 20:00:00,26.933333333333337,27.488888888888894,0.52,6.230700000000001,134.0,11.0768,0.0,1008.41
2016-08-19 21:00:00,25.90555555555555,25.90555555555555,0.55,8.935500000000001,150.0,11.270000000000001,0.0,1008.62
2016-08-19 22:00:00,25.305555555555557,25.305555555555557,0.57,6.6332,168.0,15.874600000000001,0.0,1008.74
2016-08-19 23:00:00,24.34444444444444,24.34444444444444,0.62,14.4739,110.0,15.005200000000002,0.0,1009.26
2016-08-20 00:00:00,23.061111111111114,23.061111111111114,0.59,14.3451,110.0,15.874600000000001,0.0,1009.3
2016-08-20 01:00:00,21.43888888888889,21.43888888888889,0.65,11.3344,72.0,15.874600000000001,0.0,1009.78
2016-08-20 02:00:00,21.211111111111116,21.211111111111116,0.66,10.722600000000002,95.0,15.005200000000002,0.0,1009.48
2016-08-20 03:00:00,20.92777777777778,20.92777777777778,0.65,10.9319,89.0,15.874600000000001,0.0,1009.3
2016-08-20 04:00:00,20.34444444444445,20.34444444444445,0.72,16.5025,89.0,15.874600000000001,0.0,1008.89
2016-08-20 05:00:00,19.761111111111106,19.761111111111106,0.74,10.4972,97.0,14.9569,0.0,1008.69
2016-08-20 06:00:00,19.81666666666667,19.81666666666667,0.74,10.7548,90.0,9.8049,0.0,1008.49
2016-08-20 07:00:00,20.90555555555555,20.90555555555555,0.69,14.168000000000003,118.0,9.8049,0.0,1008.41
2016-08-20 08:00:00,22.29444444444444,22.29444444444444,0.66,10.9319,113.0,9.982000000000001,0.0,1008.39
2016-08-20 09:00:00,25.811111111111106,25.811111111111106,0.52,12.2682,128.0,9.982000000000001,0.0,1008.15
2016-08-20 10:00:00,26.988888888888887,27.31111111111111,0.48,10.5616,136.0,9.982000000000001,0.0,1007.74
2016-08-20 11:00:00,27.37222222222222,27.68888888888889,0.49,11.9945,125.0,9.982000000000001,0.0,1007.7
2016-08-20 12:00:00,28.72222222222222,28.977777777777774,0.47,11.0285,107.0,9.982000000000001,0.0,1007.24
2016-08-20 13:00:00,28.772222222222226,28.994444444444444,0.47,15.375500000000002,128.0,9.982000000000001,0.0,1006.33
2016-08-20 14:00:00,30.672222222222217,31.227777777777774,0.45,18.386200000000002,127.0,10.3523,0.0,1005.84
2016-08-20 15:00:00,30.949999999999996,31.100000000000005,0.42,17.227,119.0,9.982000000000001,0.0,1004.93
2016-08-20 16:00:00,31.04444444444444,30.799999999999997,0.39,20.334300000000002,149.0,9.982000000000001,0.0,1004.51
2016-08-20 17:00:00,31.72222222222222,31.816666666666663,0.4,22.507800000000003,190.0,10.4006,0.0,1003.85
2016-08-20 18:00:00,30.86111111111111,31.049999999999997,0.42,19.481,199.0,11.125100000000002,0.0,1003.64
2016-08-20 19:00:00,27.5,27.76111111111111,0.48,9.563400000000001,202.0,11.125100000000002,0.0,1004.11
2016-08-20 20:00:00,24.90555555555555,24.90555555555555,0.59,3.2683,156.0,10.4006,0.0,1004.38
2016-08-20 21:00:00,22.55,22.55,0.58,1.8676,272.0,11.2056,0.0,1005.42
2016-08-20 22:00:00,22.922222222222224,22.922222222222224,0.62,20.1894,330.0,15.729700000000001,0.0,1005.92
2016-08-20 23:00:00,20.238888888888894,20.238888888888894,0.7,11.414900000000001,309.0,9.579500000000001,0.0,1007.4
2016-08-21 00:00:00,19.261111111111113,19.261111111111113,0.74,14.007,351.0,15.729700000000001,0.0,1006.85
2016-08-21 01:00:00,18.711111111111116,18.711111111111116,0.76,2.7048,21.0,15.729700000000001,0.0,1007.42
2016-08-21 02:00:00,17.866666666666664,17.866666666666664,0.82,10.5294,9.0,14.9569,0.0,1007.23
2016-08-21 03:00:00,17.11111111111111,17.11111111111111,0.84,5.9087000000000005,324.0,15.874600000000001,0.0,1007.44
2016-08-21 04:00:00,16.53333333333333,16.53333333333333,0.87,10.851400000000002,31.0,15.874600000000001,0.0,1006.97
2016-08-21 05:00:00,17.96111111111111,17.96111111111111,0.84,5.2647,94.0,14.3934,0.0,1007.87
2016-08-21 06:00:00,16.044444444444444,16.044444444444444,0.87,0.1288,340.0,9.6761,0.0,1008.04
2016-08-21 07:00:00,18.63888888888889,18.63888888888889,0.85,8.8228,127.0,10.8997,0.0,1008.33
2016-08-21 08:00:00,18.79444444444444,18.79444444444444,0.91,7.615300000000001,177.0,10.8031,0.0,1008.91
2016-08-21 09:00:00,20.07222222222222,20.07222222222222,0.86,15.633100000000002,151.0,10.980200000000002,0.0,1008.67
2016-08-21 10:00:00,22.82777777777778,22.82777777777778,0.73,10.8192,169.0,11.0446,0.0,1009.08
2016-08-21 11:00:00,27.90555555555556,28.000000000000004,0.46,12.348700000000001,174.0,10.8836,0.0,1008.71
2016-08-21 12:00:00,29.516666666666666,28.87777777777778,0.37,24.665200000000002,191.0,9.982000000000001,0.0,1008.49
2016-08-21 13:00:00,30.761111111111113,29.944444444444443,0.35,24.906700000000004,190.0,9.982000000000001,0.0,1008.36
2016-08-21 14:00:00,31.61666666666666,30.755555555555556,0.33,21.1715,190.0,9.982000000000001,0.0,1008.56
2016-08-21 15:00:00,31.900000000000002,30.97222222222222,0.32,22.717100000000002,211.0,10.0464,0.0,1008.63
2016-08-21 16:00:00,30.900000000000002,29.672222222222217,0.3,19.126800000000003,230.0,10.0464,0.0,1009.02
2016-08-21 17:00:00,30.81666666666667,29.627777777777776,0.31,18.9175,247.0,10.3523,0.0,1009.31
2016-08-21 18:00:00,30.877777777777776,29.650000000000002,0.3,10.513300000000001,269.0,9.982000000000001,0.0,1009.22
2016-08-21 19:00:00,28.772222222222226,28.133333333333333,0.37,7.2611,310.0,9.982000000000001,0.0,1009.41
2016-08-21 20:00:00,25.877777777777776,25.877777777777776,0.46,3.1395,22.0,9.982000000000001,0.0,1009.91
2016-08-21 21:00:00,23.75,23.75,0.56,1.5939,35.0,9.982000000000001,0.0,1010.61
2016-08-21 22:00:00,22.10555555555556,22.10555555555556,0.57,6.279,41.0,15.826300000000002,0.0,1011.29
2016-08-21 23:00:00,22.56666666666667,22.56666666666667,0.58,6.3112,50.0,14.9569,0.0,1011.44
2016-08-22 00:00:00,21.483333333333334,21.483333333333334,0.57,6.295100000000001,70.0,15.826300000000002,0.0,1011.3
2016-08-22 01:00:00,19.93333333333333,19.93333333333333,0.65,3.0429,72.0,15.826300000000002,0.0,1011.5
2016-08-22 02:00:00,21.833333333333332,21.833333333333332,0.6,10.3201,86.0,14.9569,0.0,1011.57
2016-08-22 03:00:00,18.86666666666666,18.86666666666666,0.71,3.1556,158.0,15.826300000000002,0.0,1011.39
2016-08-22 04:00:00,18.266666666666666,18.266666666666666,0.67,3.1878,118.0,15.826300000000002,0.0,1011.29
2016-08-22 05:00:00,20.683333333333337,20.683333333333337,0.75,12.7512,106.0,14.9569,0.0,1011.15
2016-08-22 06:00:00,20.92777777777778,20.92777777777778,0.74,12.058900000000001,120.0,9.9015,0.0,1010.8
2016-08-22 07:00:00,21.994444444444447,21.994444444444447,0.74,16.438100000000002,130.0,9.9015,0.0,1011.06
2016-08-22 08:00:00,22.538888888888884,22.538888888888884,0.74,15.0857,145.0,9.9015,0.0,1011.01
2016-08-22 09:00:00,23.93888888888889,23.93888888888889,0.66,11.527600000000001,148.0,11.270000000000001,0.0,1011.1
2016-08-22 10:00:00,27.733333333333334,28.433333333333337,0.53,14.4739,149.0,10.0464,0.0,1011.35
2016-08-22 11:00:00,29.977777777777774,30.033333333333335,0.43,17.0177,152.0,10.3523,0.0,1011.17
2016-08-22 12:00:00,32.61666666666666,31.63888888888889,0.31,20.366500000000002,169.0,9.982000000000001,0.0,1011.01
2016-08-22 13:00:00,33.711111111111116,32.65555555555555,0.28,17.6778,201.0,9.982000000000001,0.0,1011.3
2016-08-22 14:00:00,34.40555555555556,33.416666666666664,0.28,24.1983,239.0,10.3523,0.0,1011.53
2016-08-22 15:00:00,33.772222222222226,32.75,0.29,21.879900000000003,239.0,9.982000000000001,0.0,1011.78
2016-08-22 16:00:00,33.794444444444444,33.10555555555556,0.31,24.777900000000002,250.0,9.982000000000001,0.0,1011.96
2016-08-22 17:00:00,33.47777777777778,32.516666666666666,0.29,13.781600000000001,254.0,10.3523,0.0,1012.09
2016-08-22 18:00:00,32.71111111111111,31.98333333333333,0.32,12.783400000000002,269.0,9.982000000000001,0.0,1012.27
2016-08-22 19:00:00,32.03888888888889,31.127777777777776,0.32,3.2844,312.0,9.982000000000001,0.0,1012.39
2016-08-22 20:00:00,27.672222222222224,27.700000000000003,0.45,1.8998,18.0,10.3523,0.0,1012.75
2016-08-22 21:00:00,25.877777777777776,25.877777777777776,0.49,8.05,80.0,9.982000000000001,0.0,1013.53
2016-08-22 22:00:00,24.772222222222226,24.772222222222226,0.54,10.110800000000001,148.0,15.874600000000001,0.0,1014.3
2016-08-22 23:00:00,22.938888888888894,22.938888888888894,0.76,22.314600000000002,241.0,8.4686,0.0,1016.41
2016-08-23 00:00:00,23.311111111111106,23.311111111111106,0.7,19.931800000000003,130.0,15.874600000000001,0.0,1014.33
2016-08-23 01:00:00,21.16111111111111,21.16111111111111,0.81,6.1502,220.0,15.826300000000002,0.0,1014.93
2016-08-23 02:00:00,22.63888888888889,22.63888888888889,0.7,2.9302,337.0,14.9569,0.0,1015.27
2016-08-23 03:00:00,20.488888888888887,20.488888888888887,0.81,0.0,0.0,15.826300000000002,0.0,1014.89
2016-08-23 04:00:00,21.0,21.0,0.73,11.270000000000001,80.0,15.826300000000002,0.0,1014.88
2016-08-23 05:00:00,21.416666666666668,21.416666666666668,0.74,10.8836,69.0,14.9569,0.0,1014.51
2016-08-23 06:00:00,20.977777777777778,20.977777777777778,0.74,7.550900000000001,149.0,9.982000000000001,0.0,1014.5
2016-08-23 07:00:00,22.577777777777776,22.577777777777776,0.72,12.397,119.0,9.982000000000001,0.0,1014.73
2016-08-23 08:00:00,24.72222222222222,24.72222222222222,0.66,14.7959,126.0,9.982000000000001,0.0,1015.12
2016-08-23 09:00:00,27.744444444444444,28.977777777777774,0.59,9.708300000000001,141.0,9.982000000000001,0.0,1015.2
2016-08-23 10:00:00,30.95555555555556,32.261111111111106,0.48,16.985500000000002,150.0,9.982000000000001,0.0,1015.37
2016-08-23 11:00:00,32.6,33.57222222222222,0.42,19.1429,143.0,10.3523,0.0,1015.1
2016-08-23 12:00:00,34.84444444444445,35.72777777777778,0.36,17.0821,190.0,9.982000000000001,0.0,1015.4
2016-08-23 13:00:00,35.97777777777778,36.05555555555556,0.3,15.359399999999999,222.0,9.982000000000001,0.0,1015.31
2016-08-23 14:00:00,36.96111111111111,37.538888888888884,0.29,13.685,231.0,10.3523,0.0,1015.44
2016-08-23 15:00:00,37.12777777777777,37.18888888888889,0.27,12.558,261.0,9.982000000000001,0.0,1015.19
2016-08-23 16:00:00,37.12222222222222,37.150000000000006,0.27,7.550900000000001,192.0,9.982000000000001,0.0,1014.81
2016-08-23 17:00:00,36.97222222222222,36.63333333333333,0.26,4.1699,117.0,9.982000000000001,0.0,1014.67
2016-08-23 18:00:00,37.07222222222222,36.666666666666664,0.26,3.2039,229.0,9.982000000000001,0.0,1014.23
2016-08-23 19:00:00,33.81111111111111,34.038888888888884,0.35,7.969500000000001,280.0,9.982000000000001,0.0,1014.43
2016-08-23 20:00:00,30.961111111111116,31.54444444444444,0.44,1.7710000000000004,4.0,9.982000000000001,0.0,1015.41
2016-08-23 21:00:00,30.88333333333334,31.488888888888894,0.45,10.7548,130.0,9.982000000000001,0.0,1015.79
2016-08-23 22:00:00,29.02777777777778,29.894444444444446,0.52,10.642100000000001,130.0,15.826300000000002,0.0,1015.62
2016-08-23 23:00:00,28.216666666666672,29.205555555555552,0.55,9.016,144.0,15.826300000000002,0.0,1015.9
2016-08-24 00:00:00,26.599999999999998,26.599999999999998,0.6,9.434600000000001,150.0,15.826300000000002,0.0,1017.05
2016-08-24 01:00:00,26.416666666666668,26.416666666666668,0.55,13.6045,359.0,15.826300000000002,0.0,1017.62
2016-08-24 02:00:00,22.87777777777778,22.87777777777778,0.68,6.2146,337.0,15.439900000000002,0.0,1021.6
2016-08-24 03:00:00,23.56666666666667,23.56666666666667,0.63,6.279,359.0,15.826300000000002,0.0,1017.84
2016-08-24 04:00:00,21.966666666666672,21.966666666666672,0.69,6.2146,347.0,15.826300000000002,0.0,1018.04
2016-08-24 05:00:00,22.027777777777782,22.027777777777782,0.68,5.9731000000000005,4.0,14.9569,0.0,1018.02
2016-08-24 06:00:00,21.994444444444447,21.994444444444447,0.69,10.513300000000001,29.0,9.982000000000001,0.0,1018.55
2016-08-24 07:00:00,23.572222222222226,23.572222222222226,0.64,10.4972,39.0,9.982000000000001,0.0,1018.78
2016-08-24 08:00:00,25.777777777777782,25.777777777777782,0.6,12.783400000000002,50.0,9.982000000000001,0.0,1018.97
2016-08-24 09:00:00,28.59444444444445,29.16111111111111,0.5,10.6582,38.0,9.982000000000001,0.0,1019.37
2016-08-24 10:00:00,30.794444444444448,31.5,0.46,8.05,120.0,9.982000000000001,0.0,1019.57
2016-08-24 11:00:00,32.02222222222222,32.788888888888884,0.43,5.313,92.0,9.982000000000001,0.0,1019.58
2016-08-24 12:00:00,34.68333333333334,35.638888888888886,0.36,9.434600000000001,179.0,9.982000000000001,0.0,1019.28
2016-08-24 13:00:00,35.83888888888889,36.74444444444444,0.33,12.88,200.0,9.982000000000001,0.0,1019.27
2016-08-24 14:00:00,36.650000000000006,37.75555555555555,0.32,10.948,184.0,10.3523,0.0,1019.05
2016-08-24 15:00:00,36.97222222222222,38.37777777777777,0.32,10.5294,224.0,9.982000000000001,0.0,1018.76
2016-08-24 16:00:00,37.04444444444445,37.65,0.29,15.134000000000002,243.0,9.982000000000001,0.0,1018.56
2016-08-24 17:00:00,36.79444444444445,37.94444444444444,0.32,8.0661,244.0,10.3523,0.0,1018.69
2016-08-24 18:00:00,35.78888888888889,36.261111111111106,0.32,23.6187,301.0,9.982000000000001,0.0,1018.81
2016-08-24 19:00:00,32.59444444444445,32.733333333333334,0.38,16.1161,309.0,9.982000000000001,0.0,1019.39
2016-08-24 20:00:00,29.949999999999996,30.11666666666666,0.44,16.309300000000004,309.0,10.3523,0.0,1020.52
2016-08-24 21:00:00,28.70555555555556,29.25555555555555,0.5,12.1555,319.0,9.982000000000001,0.0,1021.15
2016-08-24 22:00:00,27.52777777777778,28.249999999999996,0.54,13.507900000000001,320.0,15.826300000000002,0.0,1021.64
2016-08-24 23:00:00,26.29444444444444,26.29444444444444,0.6,10.787,317.0,14.9569,0.0,1021.89
2016-08-25 00:00:00,25.32777777777778,25.32777777777778,0.61,10.770900000000001,318.0,15.826300000000002,0.0,1022.13
2016-08-25 01:00:00,24.21666666666667,24.21666666666667,0.65,11.157300000000001,328.0,15.826300000000002,0.0,1022.04
2016-08-25 02:00:00,22.672222222222224,22.672222222222224,0.55,13.1376,318.0,14.9569,0.0,1021.8
2016-08-25 03:00:00,21.072222222222226,21.072222222222226,0.74,3.4293,313.0,15.826300000000002,0.0,1022.34
2016-08-25 04:00:00,21.049999999999997,21.049999999999997,0.69,6.3434,318.0,15.826300000000002,0.0,1022.44
2016-08-25 05:00:00,20.233333333333334,20.233333333333334,0.79,4.2343,326.0,9.982000000000001,0.0,1022.31
2016-08-25 06:00:00,21.027777777777775,21.027777777777775,0.69,9.837100000000001,299.0,9.982000000000001,0.0,1022.26
2016-08-25 07:00:00,22.066666666666666,22.066666666666666,0.69,8.1949,307.0,9.982000000000001,0.0,1022.54
2016-08-25 08:00:00,23.79444444444444,23.79444444444444,0.65,9.3863,310.0,10.3523,0.0,1022.66
2016-08-25 09:00:00,27.016666666666666,27.56666666666667,0.52,10.8997,318.0,9.982000000000001,0.0,1023.21
2016-08-25 10:00:00,29.866666666666667,29.63333333333334,0.41,11.1734,319.0,9.982000000000001,0.0,1023.49
2016-08-25 11:00:00,31.827777777777783,31.22222222222222,0.35,10.513300000000001,2.0,10.3523,0.0,1023.11
2016-08-25 12:00:00,32.644444444444446,31.633333333333333,0.3,9.6922,282.0,9.982000000000001,0.0,1022.72
2016-08-25 13:00:00,32.71111111111111,31.355555555555554,0.28,9.6278,326.0,9.982000000000001,0.0,1022.44
2016-08-25 14:00:00,33.644444444444446,32.10555555555556,0.25,13.7977,308.0,10.3523,0.0,1022.25
2016-08-25 15:00:00,33.75,31.988888888888887,0.23,16.035600000000002,319.0,9.982000000000001,0.0,1021.86
2016-08-25 16:00:00,33.705555555555556,32.03333333333333,0.24,21.6062,309.0,9.982000000000001,0.0,1021.35
2016-08-25 17:00:00,33.544444444444444,32.144444444444446,0.26,16.9533,309.0,10.3523,0.0,1021.24
2016-08-25 18:00:00,32.016666666666666,30.688888888888886,0.29,20.6402,319.0,9.982000000000001,0.0,1021.06
2016-08-25 19:00:00,29.81666666666667,28.950000000000003,0.35,14.312900000000003,299.0,9.982000000000001,0.0,1021.05
2016-08-25 20:00:00,27.666666666666668,27.299999999999997,0.39,13.6689,317.0,9.982000000000001,0.0,1021.4
2016-08-25 21:00:00,27.016666666666666,26.772222222222222,0.38,12.2682,327.0,9.982000000000001,0.0,1021.77
2016-08-25 22:00:00,26.46111111111111,26.46111111111111,0.38,13.8299,318.0,15.826300000000002,0.0,1022.15
2016-08-25 23:00:00,25.172222222222224,25.172222222222224,0.41,10.980200000000002,306.0,14.9569,0.0,1022.31
2016-08-26 00:00:00,23.238888888888887,23.238888888888887,0.46,11.0607,301.0,15.826300000000002,0.0,1022.17
2016-08-26 01:00:00,22.63888888888889,22.63888888888889,0.51,13.894300000000003,300.0,15.826300000000002,0.0,1021.99
2016-08-26 02:00:00,18.400000000000002,18.400000000000002,0.63,6.7137,323.0,14.9569,0.0,1020.87
2016-08-26 03:00:00,21.57777777777778,21.57777777777778,0.56,10.996300000000002,338.0,15.826300000000002,0.0,1021.31
2016-08-26 04:00:00,20.533333333333328,20.533333333333328,0.61,11.0446,329.0,15.826300000000002,0.0,1021.58
2016-08-26 05:00:00,20.961111111111116,20.961111111111116,0.62,11.157300000000001,335.0,15.262800000000002,0.0,1021.32
2016-08-26 06:00:00,20.90555555555555,20.90555555555555,0.6,12.1072,338.0,9.982000000000001,0.0,1021.4
2016-08-26 07:00:00,20.955555555555556,20.955555555555556,0.6,10.8836,329.0,9.982000000000001,0.0,1021.79
2016-08-26 08:00:00,23.616666666666667,23.616666666666667,0.56,15.2145,347.0,9.982000000000001,0.0,1022.04
2016-08-26 09:00:00,25.977777777777778,25.977777777777778,0.45,21.541800000000002,348.0,9.982000000000001,0.0,1022.16
2016-08-26 10:00:00,27.644444444444446,27.29444444444444,0.39,19.9479,8.0,9.982000000000001,0.0,1022.07
2016-08-26 11:00:00,28.661111111111115,27.88888888888889,0.35,19.851300000000002,8.0,10.3523,0.0,1022.1
2016-08-26 12:00:00,28.86666666666666,28.177777777777777,0.36,14.49,350.0,9.982000000000001,0.0,1021.84
2016-08-26 13:00:00,29.977777777777774,29.038888888888884,0.34,12.5419,15.0,9.982000000000001,0.0,1021.44
2016-08-26 14:00:00,29.038888888888884,28.09444444444444,0.33,11.382700000000002,7.0,10.3523,0.0,1020.89
2016-08-26 15:00:00,29.977777777777774,28.811111111111114,0.31,13.0249,337.0,9.982000000000001,0.0,1020.35
2016-08-26 16:00:00,30.97222222222222,29.35555555555556,0.26,20.366500000000002,339.0,9.982000000000001,0.0,1020.13
2016-08-26 17:00:00,30.811111111111106,29.25,0.26,23.167900000000003,323.0,10.3523,0.0,1019.61
2016-08-26 18:00:00,29.90555555555555,28.505555555555556,0.28,20.5597,338.0,9.982000000000001,0.0,1019.08
2016-08-26 19:00:00,27.75555555555555,27.083333333333332,0.33,14.2002,338.0,9.982000000000001,0.0,1019.17
2016-08-26 20:00:00,25.144444444444446,25.144444444444446,0.39,7.647500000000001,325.0,10.3523,0.0,1019.53
2016-08-26 21:00:00,22.68888888888889,22.68888888888889,0.45,11.0768,310.0,9.982000000000001,0.0,1020.07
2016-08-26 22:00:00,23.111111111111107,23.111111111111107,0.45,6.6493,311.0,15.826300000000002,0.0,1020.26
2016-08-26 23:00:00,21.477777777777774,21.477777777777774,0.51,10.9319,317.0,14.9569,0.0,1020.5
2016-08-27 00:00:00,20.383333333333333,20.383333333333333,0.54,6.5044,335.0,15.826300000000002,0.0,1020.28
2016-08-27 01:00:00,18.66111111111111,18.66111111111111,0.6,3.5903,350.0,15.826300000000002,0.0,1020.35
2016-08-27 02:00:00,18.01666666666667,18.01666666666667,0.68,8.4686,327.0,14.9569,0.0,1016.47
2016-08-27 03:00:00,17.55,17.55,0.65,6.295100000000001,9.0,15.826300000000002,0.0,1020.75
2016-08-27 04:00:00,15.050000000000002,15.050000000000002,0.7,3.4776000000000002,299.0,15.826300000000002,0.0,1020.55
2016-08-27 05:00:00,14.83888888888889,14.83888888888889,0.7,6.681500000000001,323.0,15.504300000000002,0.0,1020.43
2016-08-27 06:00:00,14.377777777777778,14.377777777777778,0.73,3.2683,327.0,15.826300000000002,0.0,1020.45
2016-08-27 07:00:00,17.044444444444444,17.044444444444444,0.65,3.1395,311.0,9.982000000000001,0.0,1020.54
2016-08-27 08:00:00,20.86111111111111,20.86111111111111,0.6,9.2736,348.0,10.3523,0.0,1020.5
2016-08-27 09:00:00,23.86666666666666,23.86666666666666,0.49,7.969500000000001,30.0,9.982000000000001,0.0,1020.13
2016-08-27 10:00:00,26.16111111111111,26.16111111111111,0.39,8.7101,32.0,9.982000000000001,0.0,1020.13
2016-08-27 11:00:00,27.77777777777778,27.11111111111111,0.34,12.735100000000001,0.0,10.3523,0.0,1020.01
2016-08-27 12:00:00,29.88333333333334,28.394444444444446,0.26,7.8729,328.0,9.982000000000001,0.0,1019.52
2016-08-27 13:00:00,29.977777777777774,28.466666666666665,0.26,9.338000000000001,296.0,9.982000000000001,0.0,1018.8
2016-08-27 14:00:00,30.88333333333334,29.18333333333333,0.24,9.982000000000001,29.0,10.3523,0.0,1018.43
2016-08-27 15:00:00,30.04444444444444,28.516666666666666,0.26,9.2897,225.0,9.982000000000001,0.0,1017.4
2016-08-27 16:00:00,31.11111111111111,29.35555555555556,0.24,3.4454000000000002,209.0,9.982000000000001,0.0,1016.6
2016-08-27 17:00:00,31.0,29.25,0.23,2.4633000000000003,49.0,10.3523,0.0,1016.11
2016-08-27 18:00:00,31.061111111111106,29.32222222222222,0.24,9.321900000000001,315.0,9.982000000000001,0.0,1015.58
2016-08-27 19:00:00,28.81666666666667,27.633333333333333,0.28,5.119800000000001,259.0,9.982000000000001,0.0,1015.3
2016-08-27 20:00:00,24.988888888888894,24.988888888888894,0.41,1.4168,202.0,10.3523,0.0,1015.51
2016-08-27 21:00:00,22.71111111111111,22.71111111111111,0.4,3.2844,208.0,9.982000000000001,0.0,1015.81
2016-08-27 22:00:00,21.50555555555555,21.50555555555555,0.43,3.22,320.0,15.826300000000002,0.0,1016.01
2016-08-27 23:00:00,20.98888888888889,20.98888888888889,0.54,3.2361,200.0,15.3111,0.0,1016.11
2016-08-28 00:00:00,18.8,18.8,0.54,3.1878,242.0,15.826300000000002,0.0,1015.9
2016-08-28 01:00:00,18.366666666666667,18.366666666666667,0.64,3.5581,237.0,15.826300000000002,0.0,1015.8
2016-08-28 02:00:00,18.811111111111114,18.811111111111114,0.73,5.8604,230.0,12.4292,0.0,1016.48
2016-08-28 03:00:00,17.766666666666666,17.766666666666666,0.68,2.4311000000000003,182.0,15.826300000000002,0.0,1015.42
2016-08-28 04:00:00,17.305555555555557,17.305555555555557,0.68,6.44,210.0,15.826300000000002,0.0,1015.1
2016-08-28 05:00:00,18.333333333333332,18.333333333333332,0.81,6.44,250.0,9.982000000000001,0.0,1016.5
2016-08-28 06:00:00,18.755555555555556,18.755555555555556,0.8,6.9713,259.0,10.0947,0.0,1016.43
2016-08-28 07:00:00,19.299999999999997,19.299999999999997,0.78,7.8729,268.0,10.4167,0.0,1016.3
2016-08-28 08:00:00,19.92777777777778,19.92777777777778,0.76,9.1126,277.0,10.8997,0.0,1016.11
2016-08-28 09:00:00,20.622222222222224,20.622222222222224,0.73,10.642100000000001,283.0,11.511500000000002,0.0,1015.89
2016-08-28 10:00:00,21.355555555555554,21.355555555555554,0.7,12.348700000000001,288.0,12.187700000000001,0.0,1015.65
2016-08-28 11:00:00,22.10555555555556,22.10555555555556,0.67,14.1197,292.0,12.9283,0.0,1015.39
2016-08-28 12:00:00,22.84444444444445,22.84444444444445,0.63,15.858500000000001,295.0,13.652800000000001,0.0,1015.13
2016-08-28 13:00:00,23.54444444444444,23.54444444444444,0.6,17.4685,298.0,14.3612,0.0,1014.88
2016-08-28 14:00:00,24.183333333333334,24.183333333333334,0.58,18.869200000000003,299.0,14.973000000000003,0.0,1014.65
2016-08-28 15:00:00,24.727777777777778,24.727777777777778,0.55,19.9479,300.0,15.4721,0.0,1014.46
2016-08-28 16:00:00,25.166666666666668,25.166666666666668,0.54,20.6402,301.0,15.826300000000002,0.0,1014.32
2016-08-28 17:00:00,26.45555555555556,26.45555555555556,0.54,14.2324,304.0,15.520400000000002,0.0,1013.95
2016-08-28 18:00:00,26.977777777777778,27.422222222222224,0.5,12.2521,314.0,15.713600000000001,0.0,1013.63
2016-08-28 19:00:00,27.016666666666666,27.283333333333335,0.48,11.0768,330.0,15.826300000000002,0.0,1013.4
2016-08-28 20:00:00,24.400000000000002,24.400000000000002,0.53,10.3362,7.0,14.9569,0.0,1013.7
2016-08-28 21:00:00,22.700000000000003,22.700000000000003,0.53,15.987300000000001,359.0,9.982000000000001,0.0,0.0
2016-08-28 22:00:00,22.59444444444445,22.59444444444445,0.56,17.4202,9.0,15.826300000000002,0.0,1015.05
2016-08-28 23:00:00,21.566666666666663,21.566666666666663,0.55,16.7279,3.0,14.329,0.0,1015.05
2016-08-29 00:00:00,20.13888888888889,20.13888888888889,0.55,15.794100000000002,354.0,11.543700000000001,0.0,1015.05
2016-08-29 01:00:00,18.88888888888889,18.88888888888889,0.56,14.49,350.0,9.982000000000001,0.0,0.0
2016-08-29 02:00:00,16.766666666666666,16.766666666666666,0.76,10.1752,45.0,15.278900000000002,0.0,1013.06
2016-08-29 03:00:00,16.266666666666666,16.266666666666666,0.73,7.1645,34.0,15.906800000000002,0.0,1013.96
2016-08-29 04:00:00,16.16111111111111,16.16111111111111,0.67,6.3756,0.0,15.826300000000002,0.0,1014.85
2016-08-29 05:00:00,17.15,17.15,0.71,13.2986,9.0,15.439900000000002,0.0,1015.14
2016-08-29 06:00:00,16.06111111111111,16.06111111111111,0.72,12.445300000000001,330.0,11.125100000000002,0.0,0.0
2016-08-29 07:00:00,15.994444444444444,15.994444444444444,0.73,12.348700000000001,10.0,11.125100000000002,0.0,1015.44
2016-08-29 08:00:00,16.02777777777778,16.02777777777778,0.67,14.9408,47.0,11.0285,0.0,1015.31
2016-08-29 09:00:00,16.08888888888889,16.08888888888889,0.68,12.461400000000001,40.0,11.2056,0.0,1015.36
2016-08-29 10:00:00,17.77777777777778,17.77777777777778,0.61,8.227100000000002,22.0,9.982000000000001,0.0,1015.06
2016-08-29 11:00:00,21.933333333333337,21.933333333333337,0.51,10.0786,58.0,10.3523,0.0,1015.49
2016-08-29 12:00:00,22.700000000000003,22.700000000000003,0.45,11.0929,70.0,9.982000000000001,0.0,1014.74
2016-08-29 13:00:00,24.899999999999995,24.899999999999995,0.4,9.3702,62.0,9.982000000000001,0.0,1014.44
2016-08-29 14:00:00,26.094444444444445,26.094444444444445,0.39,6.810300000000001,76.0,10.3523,0.0,1014.04
2016-08-29 15:00:00,25.966666666666665,25.966666666666665,0.4,3.1878,2.0,10.0464,0.0,1013.11
2016-08-29 16:00:00,27.47222222222222,27.016666666666666,0.36,4.508,162.0,9.982000000000001,0.0,1012.37
2016-08-29 17:00:00,26.883333333333333,26.816666666666663,0.41,2.898,175.0,10.2718,0.0,1011.06
2016-08-29 18:00:00,25.66111111111111,25.66111111111111,0.42,14.2807,340.0,9.8049,0.0,1011.21
2016-08-29 19:00:00,21.84444444444444,21.84444444444444,0.57,20.3504,9.0,9.8049,0.0,1011.42
2016-08-29 20:00:00,19.40555555555556,19.40555555555556,0.67,17.227,359.0,11.237800000000002,0.0,1011.86
2016-08-29 21:00:00,18.67777777777778,18.67777777777778,0.67,16.840600000000002,19.0,9.9015,0.0,1013.06
2016-08-29 22:00:00,18.150000000000002,18.150000000000002,0.72,17.0499,29.0,15.729700000000001,0.0,1013.32
2016-08-29 23:00:00,17.655555555555555,17.655555555555555,0.75,16.583000000000002,29.0,14.876400000000002,0.0,1013.51
2016-08-30 00:00:00,17.061111111111114,17.061111111111114,0.76,10.9158,47.0,15.729700000000001,0.0,1013.24
2016-08-30 01:00:00,16.6,16.6,0.79,10.6099,48.0,15.649200000000002,0.0,1012.69
2016-08-30 02:00:00,16.08888888888889,16.08888888888889,0.81,14.168000000000003,338.0,14.812,0.0,1015.11
2016-08-30 03:00:00,17.03888888888889,17.03888888888889,0.76,6.359500000000001,35.0,15.649200000000002,0.0,1012.28
2016-08-30 04:00:00,16.549999999999997,16.549999999999997,0.79,6.1824,30.0,15.6009,0.0,1012.39
2016-08-30 05:00:00,15.633333333333333,15.633333333333333,0.92,13.4596,326.0,14.7637,0.0,1013.79
2016-08-30 06:00:00,16.038888888888888,16.038888888888888,0.87,9.3541,28.0,7.905100000000001,0.0,1013.54
2016-08-30 07:00:00,16.016666666666666,16.016666666666666,0.87,11.0768,10.0,7.8729,0.0,1013.84
2016-08-30 08:00:00,16.188888888888886,16.188888888888886,0.87,12.5741,10.0,10.8031,0.0,1014.05
2016-08-30 09:00:00,16.11111111111111,16.11111111111111,0.87,12.8317,2.0,10.948,0.0,1015.03
2016-08-30 10:00:00,17.15,17.15,0.81,12.558,20.0,10.948,0.0,1015.12
2016-08-30 11:00:00,17.950000000000003,17.950000000000003,0.78,13.5562,43.0,10.948,0.0,1015.2
2016-08-30 12:00:00,19.838888888888885,19.838888888888885,0.69,13.9587,19.0,11.0446,0.0,1014.57
2016-08-30 13:00:00,20.877777777777776,20.877777777777776,0.64,17.5973,10.0,11.125100000000002,0.0,1014.51
2016-08-30 14:00:00,21.211111111111116,21.211111111111116,0.67,20.8495,20.0,11.4471,0.0,1014.08
2016-08-30 15:00:00,22.03333333333333,22.03333333333333,0.6,17.4202,30.0,11.270000000000001,0.0,1013.37
2016-08-30 16:00:00,22.150000000000002,22.150000000000002,0.59,20.0928,11.0,11.270000000000001,0.0,1012.67
2016-08-30 17:00:00,22.11111111111111,22.11111111111111,0.57,13.8621,43.0,11.4471,0.0,1012.16
2016-08-30 18:00:00,21.016666666666666,21.016666666666666,0.6,15.488199999999999,29.0,11.270000000000001,0.0,1012.44
2016-08-30 19:00:00,19.88333333333334,19.88333333333334,0.64,12.6224,8.0,9.9015,0.0,1012.12
2016-08-30 20:00:00,19.0,19.0,0.68,16.261,351.0,10.1913,0.0,1012.53
2016-08-30 21:00:00,17.705555555555556,17.705555555555556,0.74,12.5419,8.0,11.125100000000002,0.0,1012.88
2016-08-30 22:00:00,17.68333333333333,17.68333333333333,0.74,17.114300000000004,340.0,15.729700000000001,0.0,1013.64
2016-08-30 23:00:00,17.294444444444444,17.294444444444444,0.72,16.9533,347.0,14.876400000000002,0.0,1013.56
2016-08-31 00:00:00,16.644444444444446,16.644444444444446,0.73,14.3934,349.0,15.729700000000001,0.0,1014.99
2016-08-31 01:00:00,16.133333333333333,16.133333333333333,0.79,16.985500000000002,348.0,15.729700000000001,0.0,1014.6
2016-08-31 02:00:00,16.700000000000003,16.700000000000003,0.68,7.2772,304.0,14.9569,0.0,1015.41
2016-08-31 03:00:00,16.016666666666666,16.016666666666666,0.84,11.012400000000001,337.0,14.731500000000002,0.0,1015.57
2016-08-31 04:00:00,15.950000000000001,15.950000000000001,0.85,13.9587,328.0,14.731500000000002,0.0,1015.77
2016-08-31 05:00:00,15.5,15.5,0.87,13.8299,328.0,14.023100000000003,0.0,1016.14
2016-08-31 06:00:00,13.77222222222222,13.77222222222222,0.84,12.2682,318.0,6.8586,0.0,1016.93
2016-08-31 07:00:00,13.844444444444445,13.844444444444445,0.83,8.1305,290.0,7.824600000000001,0.0,1017.1
2016-08-31 08:00:00,15.127777777777775,15.127777777777775,0.8,12.203800000000001,311.0,8.3398,0.0,1017.48
2016-08-31 09:00:00,17.133333333333336,17.133333333333336,0.68,9.6117,336.0,9.982000000000001,0.0,1017.34
2016-08-31 10:00:00,18.87222222222222,18.87222222222222,0.57,8.3076,313.0,9.982000000000001,0.0,1017.9
2016-08-31 11:00:00,20.200000000000003,20.200000000000003,0.52,5.2647,319.0,10.3523,0.0,1017.58
2016-08-31 12:00:00,22.17777777777778,22.17777777777778,0.49,8.9677,256.0,9.982000000000001,0.0,1017.02
2016-08-31 13:00:00,22.17777777777778,22.17777777777778,0.43,9.0965,36.0,11.2056,0.0,1016.24
2016-08-31 14:00:00,22.23333333333333,22.23333333333333,0.43,8.790600000000001,262.0,10.3523,0.0,1016.12
2016-08-31 15:00:00,22.71111111111111,22.71111111111111,0.37,4.4114,9.0,9.982000000000001,0.0,1015.52
2016-08-31 16:00:00,22.733333333333334,22.733333333333334,0.37,11.0929,271.0,11.2056,0.0,1014.75
2016-08-31 17:00:00,22.08888888888889,22.08888888888889,0.37,9.8854,270.0,11.398800000000001,0.0,1014.86
2016-08-31 18:00:00,22.083333333333332,22.083333333333332,0.39,8.1949,327.0,11.2056,0.0,1014.26
2016-08-31 19:00:00,20.99444444444445,20.99444444444445,0.43,11.157300000000001,308.0,11.2056,0.0,1014.32
2016-08-31 20:00:00,19.805555555555557,19.805555555555557,0.47,10.384500000000001,318.0,11.0285,0.0,1014.17
2016-08-31 21:00:00,18.84444444444445,18.84444444444445,0.53,7.921200000000001,306.0,11.2056,0.0,1014.75
2016-08-31 22:00:00,18.311111111111106,18.311111111111106,0.55,10.787,318.0,15.826300000000002,0.0,1014.75
2016-08-31 23:00:00,18.28333333333333,18.28333333333333,0.59,10.465,311.0,14.9569,0.0,1015.25
2016-09-01 00:00:00,17.733333333333334,17.733333333333334,0.61,10.6904,318.0,15.826300000000002,0.0,1015.61
2016-09-01 01:00:00,17.17777777777778,17.17777777777778,0.6,10.5616,335.0,15.826300000000002,0.0,1015.62
2016-09-01 02:00:00,13.883333333333335,13.883333333333335,0.79,9.6117,332.0,14.9569,0.0,1018.13
2016-09-01 03:00:00,16.08888888888889,16.08888888888889,0.66,6.6654,270.0,15.826300000000002,0.0,1015.23
2016-09-01 04:00:00,15.994444444444444,15.994444444444444,0.71,14.039200000000001,280.0,15.826300000000002,0.0,1015.24
2016-09-01 05:00:00,15.599999999999998,15.599999999999998,0.79,6.7620000000000005,280.0,14.9569,0.0,1015.51
2016-09-01 06:00:00,14.905555555555553,14.905555555555553,0.79,12.3648,299.0,9.982000000000001,0.0,1015.53
2016-09-01 07:00:00,14.97777777777778,14.97777777777778,0.78,8.0983,288.0,9.982000000000001,0.0,1015.63
2016-09-01 08:00:00,17.083333333333332,17.083333333333332,0.68,12.348700000000001,318.0,9.982000000000001,0.0,1015.43
2016-09-01 09:00:00,19.86111111111111,19.86111111111111,0.54,15.874600000000001,319.0,9.982000000000001,0.0,1015.94
2016-09-01 10:00:00,20.99444444444445,20.99444444444445,0.5,14.2163,319.0,9.982000000000001,0.0,1016.09
2016-09-01 11:00:00,22.127777777777776,22.127777777777776,0.41,14.329,318.0,10.0464,0.0,1015.82
2016-09-01 12:00:00,22.75555555555555,22.75555555555555,0.39,21.590100000000003,328.0,10.0464,0.0,1015.63
2016-09-01 13:00:00,23.83888888888889,23.83888888888889,0.42,17.2753,309.0,10.0464,0.0,1015.33
2016-09-01 14:00:00,24.705555555555556,24.705555555555556,0.4,21.284200000000002,291.0,10.0303,0.0,1015.05
2016-09-01 15:00:00,24.699999999999996,24.699999999999996,0.41,23.634800000000002,290.0,9.982000000000001,0.0,1014.68
2016-09-01 16:00:00,24.81666666666667,24.81666666666667,0.43,23.602600000000002,291.0,9.982000000000001,0.0,1014.68
2016-09-01 17:00:00,22.794444444444444,22.794444444444444,0.45,23.4738,318.0,10.3523,0.0,1014.94
2016-09-01 18:00:00,22.17222222222222,22.17222222222222,0.49,13.6689,308.0,11.2056,0.0,1015.11
2016-09-01 19:00:00,21.06111111111111,21.06111111111111,0.53,13.3952,308.0,11.2056,0.0,1015.13
2016-09-01 20:00:00,20.0,20.0,0.54,16.4864,318.0,9.982000000000001,0.0,1015.63
2016-09-01 21:00:00,17.75,17.75,0.56,12.735100000000001,318.0,9.982000000000001,0.0,1016.33
2016-09-01 22:00:00,17.700000000000003,17.700000000000003,0.55,14.2646,328.0,15.826300000000002,0.0,1016.83
2016-09-01 23:00:00,16.51111111111111,16.51111111111111,0.67,13.8621,319.0,14.9569,0.0,1017.23
2016-09-02 00:00:00,16.06111111111111,16.06111111111111,0.71,14.3451,318.0,15.826300000000002,0.0,1017.65
2016-09-02 01:00:00,14.899999999999999,14.899999999999999,0.76,14.1197,330.0,15.826300000000002,0.0,1018.05
2016-09-02 02:00:00,12.03888888888889,12.03888888888889,0.71,4.1216,336.0,14.9569,0.0,1016.76
2016-09-02 03:00:00,12.7,12.7,0.81,11.0285,329.0,15.826300000000002,0.0,1018.63
2016-09-02 04:00:00,11.638888888888891,11.638888888888891,0.83,6.44,330.0,15.826300000000002,0.0,1018.55
2016-09-02 05:00:00,11.738888888888889,11.738888888888889,0.84,10.948,327.0,14.9569,0.0,1018.67
2016-09-02 06:00:00,10.050000000000002,10.050000000000002,0.86,4.7978000000000005,337.0,9.982000000000001,0.0,1018.54
2016-09-02 07:00:00,12.249999999999998,12.249999999999998,0.8,11.157300000000001,318.0,9.9015,0.0,1018.92
2016-09-02 08:00:00,14.899999999999999,14.899999999999999,0.74,10.4167,354.0,10.3523,0.0,1019.1
2016-09-02 09:00:00,17.666666666666668,17.666666666666668,0.57,12.332600000000001,17.0,9.982000000000001,0.0,1018.96
2016-09-02 10:00:00,18.86666666666666,18.86666666666666,0.49,15.391600000000002,28.0,11.270000000000001,0.0,1019.23
2016-09-02 11:00:00,20.98333333333333,20.98333333333333,0.43,16.6474,333.0,10.4006,0.0,1019.3
2016-09-02 12:00:00,22.150000000000002,22.150000000000002,0.43,14.651,358.0,10.0464,0.0,1018.84
2016-09-02 13:00:00,22.199999999999996,22.199999999999996,0.38,15.150100000000002,349.0,9.982000000000001,0.0,1018.33
2016-09-02 14:00:00,22.672222222222224,22.672222222222224,0.37,11.8335,356.0,10.3523,0.0,1018.04
2016-09-02 15:00:00,23.83888888888889,23.83888888888889,0.34,10.9158,328.0,9.982000000000001,0.0,1017.33
2016-09-02 16:00:00,23.79444444444444,23.79444444444444,0.32,10.110800000000001,340.0,9.982000000000001,0.0,1016.84
2016-09-02 17:00:00,23.711111111111116,23.711111111111116,0.32,10.2879,346.0,10.3523,0.0,1016.79
2016-09-02 18:00:00,22.75555555555555,22.75555555555555,0.34,9.434600000000001,6.0,9.982000000000001,0.0,1016.53
2016-09-02 19:00:00,20.92777777777778,20.92777777777778,0.39,7.969500000000001,311.0,9.982000000000001,0.0,1016.43
2016-09-02 20:00:00,17.96111111111111,17.96111111111111,0.5,5.6028,318.0,9.982000000000001,0.0,1016.73
2016-09-02 21:00:00,16.0,16.0,0.57,3.4132000000000002,334.0,9.982000000000001,0.0,1016.84
2016-09-02 22:00:00,14.36111111111111,14.36111111111111,0.61,3.22,280.0,15.826300000000002,0.0,1017.04
2016-09-02 23:00:00,13.505555555555556,13.505555555555556,0.65,6.9874,303.0,14.9569,0.0,1017.12
2016-09-03 00:00:00,12.622222222222222,12.622222222222222,0.67,5.554500000000001,285.0,15.826300000000002,0.0,1017.14
2016-09-03 01:00:00,11.605555555555556,11.605555555555556,0.72,3.2361,336.0,15.826300000000002,0.0,1016.75
2016-09-03 02:00:00,13.32222222222222,13.32222222222222,0.72,9.5151,337.0,14.9569,0.0,1011.65
2016-09-03 03:00:00,10.516666666666667,10.516666666666667,0.78,3.1878,215.0,15.826300000000002,0.0,1016.42
2016-09-03 04:00:00,9.888888888888888,9.244444444444445,0.78,6.44,290.0,15.826300000000002,0.0,1016.22
2016-09-03 05:00:00,9.677777777777779,9.677777777777779,0.84,3.864,294.0,14.9569,0.0,1016.01
2016-09-03 06:00:00,8.316666666666666,8.316666666666666,0.87,3.2039,309.0,15.729700000000001,0.0,1015.71
2016-09-03 07:00:00,11.005555555555556,11.005555555555556,0.78,3.22,280.0,9.9015,0.0,1015.71
2016-09-03 08:00:00,14.972222222222221,14.972222222222221,0.69,3.0912,333.0,9.982000000000001,0.0,1015.41
2016-09-03 09:00:00,18.850000000000005,18.850000000000005,0.49,3.2039,311.0,9.982000000000001,0.0,1015.2
2016-09-03 10:00:00,22.15555555555555,22.15555555555555,0.4,3.5903,283.0,9.982000000000001,0.0,1015.01
2016-09-03 11:00:00,22.355555555555554,22.355555555555554,0.36,8.9838,243.0,10.3523,0.0,1014.89
2016-09-03 12:00:00,23.81666666666667,23.81666666666667,0.33,8.355900000000002,222.0,11.2056,0.0,1014.31
2016-09-03 13:00:00,24.90555555555555,24.90555555555555,0.27,3.5098000000000003,44.0,9.982000000000001,0.0,1013.7
2016-09-03 14:00:00,25.816666666666666,25.816666666666666,0.27,10.851400000000002,236.0,10.3523,0.0,1012.99
2016-09-03 15:00:00,25.99444444444445,25.99444444444445,0.27,0.4508000000000001,116.0,9.982000000000001,0.0,1012.01
2016-09-03 16:00:00,25.877777777777776,25.877777777777776,0.27,11.1734,262.0,9.982000000000001,0.0,1011.52
2016-09-03 17:00:00,24.799999999999997,24.799999999999997,0.29,9.2253,313.0,10.3523,0.0,1011.2
2016-09-03 18:00:00,23.86111111111111,23.86111111111111,0.32,4.7656,267.0,9.982000000000001,0.0,1011.0
2016-09-03 19:00:00,23.72222222222222,23.72222222222222,0.33,2.9785000000000004,306.0,9.982000000000001,0.0,1010.49
2016-09-03 20:00:00,19.711111111111116,19.711111111111116,0.45,0.49910000000000004,243.0,10.3523,0.0,1010.52
2016-09-03 21:00:00,17.066666666666666,17.066666666666666,0.64,3.22,140.0,9.982000000000001,0.0,1010.81
2016-09-03 22:00:00,16.43888888888889,16.43888888888889,0.61,6.279,169.0,15.826300000000002,0.0,1010.7
2016-09-03 23:00:00,14.561111111111112,14.561111111111112,0.66,5.1681,198.0,14.9569,0.0,1010.98
2016-09-04 00:00:00,13.805555555555555,13.805555555555555,0.72,2.9946,217.0,15.826300000000002,0.0,1011.0
2016-09-04 01:00:00,12.694444444444445,12.694444444444445,0.74,3.0912,193.0,15.826300000000002,0.0,1010.81
2016-09-04 02:00:00,10.988888888888889,10.988888888888889,0.88,11.688600000000001,326.0,6.8908000000000005,0.0,1009.98
2016-09-04 03:00:00,12.805555555555554,12.805555555555554,0.74,2.9624,170.0,15.826300000000002,0.0,1010.08
2016-09-04 04:00:00,12.92222222222222,12.92222222222222,0.72,5.4096,163.0,15.826300000000002,0.0,1009.62
2016-09-04 05:00:00,11.794444444444443,11.794444444444443,0.74,1.4168,147.0,14.9569,0.0,1009.46
2016-09-04 06:00:00,10.372222222222224,10.372222222222224,0.72,0.7406,317.0,10.0464,0.0,1009.45
2016-09-04 07:00:00,12.5,12.5,0.73,8.1144,354.0,10.0464,0.0,1009.91
2016-09-04 08:00:00,16.894444444444442,16.894444444444442,0.7,14.6188,346.0,11.0768,0.0,1009.65
2016-09-04 09:00:00,18.522222222222226,18.522222222222226,0.62,22.218000000000004,339.0,11.270000000000001,0.0,1009.81
2016-09-04 10:00:00,19.61111111111111,19.61111111111111,0.62,23.634800000000002,339.0,11.270000000000001,0.0,1010.11
2016-09-04 11:00:00,18.716666666666665,18.716666666666665,0.61,23.9568,331.0,11.4471,0.0,1010.17
2016-09-04 12:00:00,17.572222222222223,17.572222222222223,0.61,22.427300000000002,339.0,11.270000000000001,0.0,1010.0
2016-09-04 13:00:00,17.55,17.55,0.61,23.667,348.0,11.270000000000001,0.0,1009.63
2016-09-04 14:00:00,17.700000000000003,17.700000000000003,0.62,25.921000000000003,339.0,11.4471,0.0,1009.24
2016-09-04 15:00:00,16.87777777777778,16.87777777777778,0.65,23.6509,329.0,11.125100000000002,0.0,1009.13
2016-09-04 16:00:00,14.799999999999999,14.799999999999999,0.74,23.0069,323.0,9.305800000000001,0.0,1009.22
2016-09-04 17:00:00,12.755555555555556,12.755555555555556,0.84,23.4738,320.0,7.905100000000001,0.0,1009.32
2016-09-04 18:00:00,12.222222222222221,12.222222222222221,0.86,29.8172,331.0,10.948,0.0,1009.22
2016-09-04 19:00:00,12.17222222222222,12.17222222222222,0.86,24.955000000000002,340.0,4.9105,0.0,1009.24
2016-09-04 20:00:00,11.22777777777778,11.22777777777778,0.88,30.525600000000004,356.0,7.3255,0.0,1010.46
2016-09-04 21:00:00,11.133333333333333,11.133333333333333,0.86,23.3611,340.0,6.118,0.0,1010.59
2016-09-04 22:00:00,10.6,10.6,0.86,19.931800000000003,340.0,4.6690000000000005,0.0,1010.38
2016-09-04 23:00:00,10.627777777777778,10.627777777777778,0.9,16.5669,329.0,4.5724,0.0,1010.03
2016-09-05 00:00:00,11.161111111111113,11.161111111111113,0.86,17.0821,321.0,4.8139,0.0,1010.18
2016-09-05 01:00:00,10.577777777777776,10.577777777777776,0.89,14.2646,331.0,6.3434,0.0,1010.07
2016-09-05 02:00:00,8.638888888888888,7.272222222222224,0.9,8.694,196.0,4.1055,0.0,1011.1
2016-09-05 03:00:00,10.511111111111113,10.511111111111113,0.86,17.066,329.0,6.3434,0.0,1010.09
2016-09-05 04:00:00,9.97777777777778,7.98888888888889,0.89,14.296800000000003,319.0,6.3434,0.0,1009.81
2016-09-05 05:00:00,9.994444444444447,7.766666666666664,0.87,16.325400000000002,320.0,6.0053,0.0,1009.86
2016-09-05 06:00:00,9.883333333333333,7.683333333333333,0.86,15.874600000000001,321.0,11.270000000000001,0.0,1009.52
2016-09-05 07:00:00,8.866666666666667,5.888888888888889,0.89,20.7207,311.0,4.008900000000001,0.0,1010.1
2016-09-05 08:00:00,8.955555555555556,5.7555555555555555,0.9,23.3289,320.0,6.4722,0.0,1010.25
2016-09-05 09:00:00,8.88888888888889,5.877777777777776,0.89,21.139300000000002,319.0,10.8997,0.0,1010.02
2016-09-05 10:00:00,8.88888888888889,5.877777777777776,0.89,21.155400000000004,310.0,10.948,0.0,1010.6
2016-09-05 11:00:00,9.005555555555556,6.561111111111113,0.9,16.1322,302.0,10.8031,0.0,1011.09
2016-09-05 12:00:00,8.93888888888889,5.9611111111111095,0.89,20.9139,300.0,4.9427,0.0,1011.03
2016-09-05 13:00:00,10.0,7.6111111111111125,0.83,17.806600000000003,291.0,7.0357,0.0,1011.0
2016-09-05 14:00:00,10.850000000000001,10.850000000000001,0.83,22.073100000000004,290.0,9.9498,0.0,1011.32
2016-09-05 15:00:00,10.0,7.9944444444444445,0.83,14.4739,300.0,10.980200000000002,0.0,1011.37
2016-09-05 16:00:00,10.527777777777779,10.527777777777779,0.78,14.4739,290.0,15.6009,0.0,1011.58
2016-09-05 17:00:00,9.949999999999998,8.02222222222222,0.85,13.765500000000001,263.0,9.9015,0.0,1011.69
2016-09-05 18:00:00,10.0,7.827777777777779,0.78,15.858500000000001,261.0,10.948,0.0,1011.69
2016-09-05 19:00:00,10.0,8.222222222222221,0.83,12.735100000000001,251.0,10.8997,0.0,1011.59
2016-09-05 20:00:00,9.472222222222221,7.844444444444444,0.83,10.980200000000002,251.0,15.504300000000002,0.0,1011.8
2016-09-05 21:00:00,9.444444444444445,7.833333333333333,0.84,10.8836,240.0,15.552600000000002,0.0,1011.68
2016-09-05 22:00:00,8.916666666666664,7.222222222222222,0.86,10.722600000000002,211.0,15.552600000000002,0.0,1011.58
2016-09-05 23:00:00,8.916666666666664,7.26111111111111,0.84,10.513300000000001,220.0,15.552600000000002,0.0,1011.57
2016-09-06 00:00:00,8.916666666666664,7.26111111111111,0.84,10.4811,209.0,15.568700000000002,0.0,1011.28
2016-09-06 01:00:00,8.866666666666667,7.166666666666667,0.84,10.722600000000002,198.0,15.6009,0.0,1010.88
2016-09-06 02:00:00,6.588888888888889,5.899999999999999,0.93,5.0071,304.0,4.9105,0.0,1016.38
2016-09-06 03:00:00,8.355555555555554,6.477777777777776,0.89,11.157300000000001,148.0,6.118,0.0,1010.48
2016-09-06 04:00:00,8.355555555555554,6.516666666666665,0.89,10.948,139.0,6.118,0.0,1010.1
2016-09-06 05:00:00,8.427777777777779,6.67777777777778,0.9,10.4811,162.0,8.162700000000001,0.0,1010.27
2016-09-06 06:00:00,8.866666666666667,7.23888888888889,0.89,10.3201,155.0,10.980200000000002,0.0,1010.29
2016-09-06 07:00:00,8.866666666666667,7.211111111111109,0.89,10.465,135.0,10.8997,0.0,1010.7
2016-09-06 08:00:00,8.900000000000002,6.7944444444444425,0.9,13.3469,140.0,6.6332,0.0,1011.29
2016-09-06 09:00:00,9.97777777777778,8.277777777777779,0.83,12.1716,136.0,5.1359,0.0,1011.42
2016-09-06 10:00:00,10.0,8.105555555555558,0.83,13.6045,127.0,10.851400000000002,0.0,1012.02
2016-09-06 11:00:00,10.083333333333334,10.083333333333334,0.84,12.992700000000001,127.0,6.6493,0.0,1012.57
2016-09-06 12:00:00,11.155555555555555,11.155555555555555,0.77,13.3469,128.0,7.969500000000001,0.0,1013.02
2016-09-06 13:00:00,11.266666666666667,11.266666666666667,0.79,15.6009,118.0,11.270000000000001,0.0,1013.59
2016-09-06 14:00:00,11.194444444444445,11.194444444444445,0.8,11.930100000000001,99.0,11.0768,0.0,1014.16
2016-09-06 15:00:00,12.294444444444444,12.294444444444444,0.73,12.2521,118.0,11.270000000000001,0.0,1014.32
2016-09-06 16:00:00,11.761111111111113,11.761111111111113,0.76,13.685,118.0,8.1305,0.0,1014.62
2016-09-06 17:00:00,12.188888888888888,12.188888888888888,0.75,7.0518,126.0,11.0768,0.0,1014.9
2016-09-06 18:00:00,12.17222222222222,12.17222222222222,0.73,1.0948000000000002,131.0,11.0446,0.0,1015.24
2016-09-06 19:00:00,11.083333333333336,11.083333333333336,0.8,1.6261,92.0,11.125100000000002,0.0,1015.45
2016-09-06 20:00:00,10.961111111111109,10.961111111111109,0.82,0.5635,248.0,10.8836,0.0,1016.03
2016-09-06 21:00:00,9.949999999999998,9.949999999999998,0.86,4.652900000000001,348.0,10.980200000000002,0.0,1016.34
2016-09-06 22:00:00,9.372222222222222,9.372222222222222,0.86,3.1717,320.0,15.552600000000002,0.0,1016.53
2016-09-06 23:00:00,8.433333333333334,8.433333333333334,0.9,3.864,273.0,14.715400000000002,0.0,1016.52
2016-09-07 00:00:00,7.777777777777778,7.777777777777778,0.89,3.5742000000000007,251.0,7.905100000000001,0.0,1016.46
2016-09-07 01:00:00,6.71111111111111,5.572222222222223,0.93,6.44,280.0,1.1109,0.0,1016.61
2016-09-07 02:00:00,10.066666666666666,10.066666666666666,0.88,7.631400000000001,253.0,6.8425,0.0,1015.11
2016-09-07 03:00:00,6.083333333333335,6.083333333333335,0.9,3.1395,195.0,1.4168,0.0,1016.12
2016-09-07 04:00:00,5.072222222222224,5.072222222222224,0.89,0.0,0.0,0.6440000000000001,0.0,1015.61
2016-09-07 05:00:00,5.78888888888889,5.78888888888889,0.91,3.5581,222.0,0.3703,0.0,1015.48
2016-09-07 06:00:00,3.9611111111111126,2.0388888888888896,0.92,7.5992,240.0,0.16100000000000003,0.0,1014.93
2016-09-07 07:00:00,6.044444444444446,4.066666666666666,0.87,9.321900000000001,209.0,0.16100000000000003,0.0,1015.6
2016-09-07 08:00:00,6.522222222222223,6.522222222222223,0.93,2.9463000000000004,261.0,0.4186,0.0,1016.21
2016-09-07 09:00:00,7.872222222222224,7.872222222222224,0.89,3.1395,275.0,0.4025,0.0,1016.19
2016-09-07 10:00:00,9.027777777777779,7.6000000000000005,0.92,9.3702,162.0,6.118,0.0,1016.28
2016-09-07 11:00:00,10.316666666666666,10.316666666666666,0.92,1.0143,281.0,6.8908000000000005,0.0,1016.17
2016-09-07 12:00:00,12.777777777777779,12.777777777777779,0.72,3.3166,217.0,11.270000000000001,0.0,1015.79
2016-09-07 13:00:00,13.88888888888889,13.88888888888889,0.64,4.588500000000001,182.0,11.270000000000001,0.0,1015.21
2016-09-07 14:00:00,13.15,13.15,0.67,2.0447,205.0,11.4471,0.0,1015.41
2016-09-07 15:00:00,13.027777777777779,13.027777777777779,0.71,8.500800000000002,99.0,11.270000000000001,0.0,1015.27
2016-09-07 16:00:00,13.961111111111112,13.961111111111112,0.64,4.0411,130.0,11.270000000000001,0.0,1014.99
2016-09-07 17:00:00,14.07777777777778,14.07777777777778,0.62,2.737,335.0,11.4471,0.0,1014.92
2016-09-07 18:00:00,13.91111111111111,13.91111111111111,0.65,2.8175000000000003,32.0,11.270000000000001,0.0,1014.91
2016-09-07 19:00:00,12.822222222222221,12.822222222222221,0.77,3.3327,272.0,10.0464,0.0,1014.72
2016-09-07 20:00:00,11.233333333333333,11.233333333333333,0.8,2.7853000000000003,140.0,8.8228,0.0,1015.3
2016-09-07 21:00:00,10.094444444444445,10.094444444444445,0.86,1.3846,188.0,8.1305,0.0,1015.81
2016-09-07 22:00:00,9.055555555555554,8.283333333333331,0.86,6.44,260.0,8.1305,0.0,1015.45
2016-09-07 23:00:00,8.738888888888887,7.394444444444446,0.89,8.6779,287.0,6.8425,0.0,1015.6
2016-09-08 00:00:00,8.56111111111111,7.683333333333333,0.89,6.552700000000001,268.0,6.295100000000001,0.0,1015.23
2016-09-08 01:00:00,9.605555555555554,9.605555555555554,0.86,3.5581,271.0,6.295100000000001,0.0,1014.81
2016-09-08 02:00:00,12.92222222222222,12.92222222222222,0.85,10.513300000000001,279.0,14.9569,0.0,1013.97
2016-09-08 03:00:00,9.627777777777776,9.627777777777776,0.89,3.3327,269.0,6.295100000000001,0.0,1014.5
2016-09-08 04:00:00,10.666666666666668,10.666666666666668,0.89,6.4722,261.0,6.295100000000001,0.0,1014.12
2016-09-08 05:00:00,10.755555555555555,10.755555555555555,0.9,6.6493,263.0,6.8425,0.0,1013.93
2016-09-08 06:00:00,10.205555555555556,10.205555555555556,0.93,8.033900000000001,253.0,6.295100000000001,0.0,1013.64
2016-09-08 07:00:00,11.27222222222222,11.27222222222222,0.92,11.1734,280.0,6.118,0.0,1013.73
2016-09-08 08:00:00,12.733333333333334,12.733333333333334,0.85,13.620600000000001,309.0,7.985600000000001,0.0,1013.61
2016-09-08 09:00:00,12.894444444444446,12.894444444444446,0.83,12.847800000000001,329.0,11.2056,0.0,1013.46
2016-09-08 10:00:00,14.005555555555556,14.005555555555556,0.83,14.1358,340.0,11.2056,0.0,1014.04
2016-09-08 11:00:00,14.961111111111112,14.961111111111112,0.79,15.391600000000002,345.0,11.0768,0.0,1014.1
2016-09-08 12:00:00,15.16111111111111,15.16111111111111,0.72,15.278900000000002,339.0,11.270000000000001,0.0,1014.23
2016-09-08 13:00:00,15.16111111111111,15.16111111111111,0.78,20.0606,311.0,11.270000000000001,0.0,1014.52
2016-09-08 14:00:00,16.144444444444446,16.144444444444446,0.73,14.876400000000002,314.0,11.0768,0.0,1014.52
2016-09-08 15:00:00,16.227777777777778,16.227777777777778,0.72,19.7708,300.0,11.270000000000001,0.0,1014.12
2016-09-08 16:00:00,16.227777777777778,16.227777777777778,0.72,11.0607,298.0,11.2056,0.0,1013.92
2016-09-08 17:00:00,17.1,17.1,0.73,9.853200000000001,289.0,11.0285,0.0,1013.84
2016-09-08 18:00:00,17.288888888888888,17.288888888888888,0.71,9.4185,291.0,11.2056,0.0,1013.81
2016-09-08 19:00:00,16.15555555555555,16.15555555555555,0.77,8.033900000000001,270.0,11.2056,0.0,1013.72
2016-09-08 20:00:00,15.127777777777775,15.127777777777775,0.83,3.7996,294.0,9.982000000000001,0.0,1013.94
2016-09-08 21:00:00,15.0,15.0,0.78,11.0929,252.0,11.2056,0.0,1014.14
2016-09-08 22:00:00,14.422222222222224,14.422222222222224,0.83,6.6332,261.0,15.826300000000002,0.0,1014.34
2016-09-08 23:00:00,13.505555555555556,13.505555555555556,0.81,13.3147,287.0,14.9569,0.0,1014.34
2016-09-09 00:00:00,12.405555555555555,12.405555555555555,0.83,11.0768,280.0,15.826300000000002,0.0,1014.22
2016-09-09 01:00:00,12.449999999999998,12.449999999999998,0.86,11.1895,289.0,15.826300000000002,0.0,1014.13
2016-09-09 02:00:00,11.316666666666666,11.316666666666666,0.79,13.3952,269.0,14.9569,0.0,1015.29
2016-09-09 03:00:00,13.983333333333334,13.983333333333334,0.83,14.312900000000003,279.0,15.826300000000002,0.0,1013.42
2016-09-09 04:00:00,14.488888888888887,14.488888888888887,0.8,17.4685,279.0,15.826300000000002,0.0,1013.03
2016-09-09 05:00:00,14.516666666666667,14.516666666666667,0.81,16.6957,279.0,15.3111,0.0,1012.57
2016-09-09 06:00:00,14.488888888888887,14.488888888888887,0.77,17.5329,289.0,15.874600000000001,0.0,1012.22
2016-09-09 07:00:00,13.961111111111112,13.961111111111112,0.77,15.794100000000002,270.0,11.270000000000001,0.0,1012.24
2016-09-09 08:00:00,15.994444444444444,15.994444444444444,0.74,21.6545,278.0,11.0768,0.0,1012.59
2016-09-09 09:00:00,17.194444444444443,17.194444444444443,0.72,26.7743,289.0,11.270000000000001,0.0,1012.31
2016-09-09 10:00:00,17.77777777777778,17.77777777777778,0.7,30.0265,290.0,11.270000000000001,0.0,1012.24
2016-09-09 11:00:00,18.84444444444445,18.84444444444445,0.57,28.1589,296.0,11.4471,0.0,1012.29
2016-09-09 12:00:00,18.83888888888889,18.83888888888889,0.61,29.575700000000005,308.0,11.270000000000001,0.0,1012.23
2016-09-09 13:00:00,19.90555555555555,19.90555555555555,0.5,26.4523,299.0,11.270000000000001,0.0,1012.33
2016-09-09 14:00:00,19.983333333333334,19.983333333333334,0.49,32.6991,298.0,11.141200000000001,0.0,1012.08
2016-09-09 15:00:00,17.355555555555558,17.355555555555558,0.66,28.078400000000002,308.0,11.270000000000001,0.0,1012.95
2016-09-09 16:00:00,18.83888888888889,18.83888888888889,0.49,33.8905,309.0,11.270000000000001,0.0,1012.6
2016-09-09 17:00:00,18.783333333333335,18.783333333333335,0.48,31.427200000000003,299.0,11.141200000000001,0.0,1012.37
2016-09-09 18:00:00,17.733333333333334,17.733333333333334,0.56,25.0999,289.0,9.982000000000001,0.0,1011.96
2016-09-09 19:00:00,16.11111111111111,16.11111111111111,0.62,17.2109,289.0,9.982000000000001,0.0,1012.05
2016-09-09 20:00:00,14.11111111111111,14.11111111111111,0.71,13.781600000000001,277.0,9.982000000000001,0.0,1012.97
2016-09-09 21:00:00,14.86111111111111,14.86111111111111,0.61,21.252,308.0,9.982000000000001,0.0,1013.36
2016-09-09 22:00:00,14.288888888888888,14.288888888888888,0.63,16.9372,298.0,15.826300000000002,0.0,1013.77
2016-09-09 23:00:00,13.13888888888889,13.13888888888889,0.67,16.3415,296.0,15.262800000000002,0.0,1014.68
2016-09-10 00:00:00,12.116666666666667,12.116666666666667,0.7,14.1358,280.0,15.826300000000002,0.0,1014.93
2016-09-10 01:00:00,11.561111111111112,11.561111111111112,0.72,11.2056,260.0,15.826300000000002,0.0,1015.23
2016-09-10 02:00:00,12.955555555555556,12.955555555555556,0.7,8.935500000000001,182.0,14.876400000000002,0.0,1012.48
2016-09-10 03:00:00,10.538888888888888,10.538888888888888,0.77,14.457800000000002,270.0,15.826300000000002,0.0,1015.43
2016-09-10 04:00:00,10.050000000000002,10.050000000000002,0.8,11.3505,261.0,15.826300000000002,0.0,1015.53
2016-09-10 05:00:00,10.58888888888889,10.58888888888889,0.79,14.7959,267.0,14.9569,0.0,1015.68
2016-09-10 06:00:00,11.066666666666668,11.066666666666668,0.78,17.549000000000003,279.0,9.982000000000001,0.0,1015.63
2016-09-10 07:00:00,11.116666666666665,11.116666666666665,0.77,9.8854,270.0,9.982000000000001,0.0,1016.13
2016-09-10 08:00:00,12.727777777777776,12.727777777777776,0.73,22.218000000000004,287.0,9.982000000000001,0.0,1016.57
2016-09-10 09:00:00,15.02222222222222,15.02222222222222,0.67,22.024800000000003,289.0,9.982000000000001,0.0,1016.71
2016-09-10 10:00:00,17.17222222222222,17.17222222222222,0.55,20.6885,289.0,11.270000000000001,0.0,1017.1
2016-09-10 11:00:00,17.794444444444444,17.794444444444444,0.57,22.2663,282.0,11.4471,0.0,1017.15
2016-09-10 12:00:00,19.95,19.95,0.45,23.683100000000003,288.0,11.270000000000001,0.0,1016.91
2016-09-10 13:00:00,19.95,19.95,0.41,23.2484,288.0,10.0464,0.0,1016.52
2016-09-10 14:00:00,20.955555555555556,20.955555555555556,0.39,16.1322,270.0,10.3523,0.0,1016.41
2016-09-10 15:00:00,21.083333333333332,21.083333333333332,0.38,14.6671,270.0,9.982000000000001,0.0,1015.88
2016-09-10 16:00:00,20.06666666666667,20.06666666666667,0.37,17.549000000000003,269.0,9.982000000000001,0.0,1015.37
2016-09-10 17:00:00,19.97222222222222,19.97222222222222,0.38,17.1304,278.0,9.982000000000001,0.0,1014.68
2016-09-10 18:00:00,18.93333333333333,18.93333333333333,0.4,9.4185,266.0,9.982000000000001,0.0,1014.07
2016-09-10 19:00:00,16.25,16.25,0.56,0.7406,180.0,9.982000000000001,0.0,1013.76
2016-09-10 20:00:00,14.17222222222222,14.17222222222222,0.64,7.0196000000000005,166.0,9.982000000000001,0.0,1013.76
2016-09-10 21:00:00,12.894444444444446,12.894444444444446,0.69,9.4185,141.0,9.982000000000001,0.0,1013.83
2016-09-10 22:00:00,12.916666666666666,12.916666666666666,0.66,6.7137,153.0,15.826300000000002,0.0,1013.24
2016-09-10 23:00:00,13.461111111111109,13.461111111111109,0.63,11.431000000000001,163.0,15.005200000000002,0.0,1012.87
2016-09-11 00:00:00,12.916666666666666,12.916666666666666,0.66,10.851400000000002,170.0,15.874600000000001,0.0,1012.36
2016-09-11 01:00:00,12.894444444444446,12.894444444444446,0.69,10.706500000000002,161.0,15.729700000000001,0.0,1011.99
2016-09-11 02:00:00,10.627777777777778,10.627777777777778,0.81,8.629600000000002,281.0,14.9569,0.0,1016.09
2016-09-11 03:00:00,13.77222222222222,13.77222222222222,0.64,9.7405,150.0,15.729700000000001,0.0,1011.12
2016-09-11 04:00:00,12.755555555555556,12.755555555555556,0.68,10.5938,126.0,15.729700000000001,0.0,1010.6
2016-09-11 05:00:00,13.566666666666668,13.566666666666668,0.72,16.6957,344.0,11.6081,0.0,1011.05
2016-09-11 06:00:00,12.244444444444444,12.244444444444444,0.86,12.9122,21.0,7.969500000000001,0.0,1010.78
2016-09-11 07:00:00,12.222222222222221,12.222222222222221,0.86,10.432800000000002,19.0,7.1323,0.0,1010.96
2016-09-11 08:00:00,12.127777777777776,12.127777777777776,0.88,10.5938,65.0,7.4543,0.0,1010.27
2016-09-11 09:00:00,12.244444444444444,12.244444444444444,0.86,1.5939,322.0,11.125100000000002,0.0,1010.68
2016-09-11 10:00:00,12.316666666666668,12.316666666666668,0.86,9.4024,288.0,11.125100000000002,0.0,1011.45
2016-09-11 11:00:00,12.866666666666665,12.866666666666665,0.9,12.332600000000001,281.0,11.0768,0.0,1011.52
2016-09-11 12:00:00,14.027777777777779,14.027777777777779,0.89,14.812,281.0,11.270000000000001,0.0,1012.01
2016-09-11 13:00:00,15.116666666666667,15.116666666666667,0.82,14.441700000000003,300.0,11.270000000000001,0.0,1012.14
2016-09-11 14:00:00,14.222222222222221,14.222222222222221,0.82,23.634800000000002,288.0,11.0768,0.0,1012.33
2016-09-11 15:00:00,16.227777777777778,16.227777777777778,0.71,13.2986,299.0,11.270000000000001,0.0,1012.41
2016-09-11 16:00:00,15.13888888888889,15.13888888888889,0.63,21.879900000000003,318.0,11.270000000000001,0.0,1012.13
2016-09-11 17:00:00,16.238888888888887,16.238888888888887,0.63,19.0624,318.0,11.0768,0.0,1012.59
2016-09-11 18:00:00,15.094444444444447,15.094444444444447,0.67,16.309300000000004,290.0,11.270000000000001,0.0,1012.94
2016-09-11 19:00:00,12.983333333333333,12.983333333333333,0.76,11.3344,273.0,11.2056,0.0,1013.45
2016-09-11 20:00:00,13.77222222222222,13.77222222222222,0.73,11.7208,305.0,11.0285,0.0,1014.35
2016-09-11 21:00:00,12.711111111111112,12.711111111111112,0.78,15.1984,301.0,11.2056,0.0,1015.1
2016-09-11 22:00:00,12.244444444444444,12.244444444444444,0.77,13.846,299.0,15.826300000000002,0.0,1015.86
2016-09-11 23:00:00,11.716666666666669,11.716666666666669,0.81,11.3022,296.0,14.9569,0.0,1016.14
2016-09-12 00:00:00,10.577777777777776,10.577777777777776,0.83,11.0768,280.0,15.826300000000002,0.0,1016.38
2016-09-12 01:00:00,11.038888888888888,11.038888888888888,0.81,17.0499,299.0,15.826300000000002,0.0,1016.94
2016-09-12 02:00:00,10.933333333333334,10.933333333333334,0.85,13.2664,314.0,14.9569,0.0,1020.56
2016-09-12 03:00:00,8.472222222222221,6.605555555555556,0.89,11.2056,280.0,14.9086,0.0,1017.05
2016-09-12 04:00:00,8.983333333333334,6.805555555555555,0.86,14.007,289.0,15.826300000000002,0.0,1017.24
2016-09-12 05:00:00,8.966666666666667,6.805555555555555,0.87,13.8299,279.0,14.9569,0.0,1017.22
2016-09-12 06:00:00,7.938888888888887,5.944444444444446,0.89,11.3344,280.0,9.982000000000001,0.0,1017.13
2016-09-12 07:00:00,8.961111111111112,6.738888888888891,0.89,14.296800000000003,280.0,9.982000000000001,0.0,1017.15
2016-09-12 08:00:00,10.988888888888889,10.988888888888889,0.8,21.4935,296.0,11.0285,0.0,1017.58
2016-09-12 09:00:00,12.777777777777779,12.777777777777779,0.77,28.175,309.0,11.2056,0.0,1017.67
2016-09-12 10:00:00,13.961111111111112,13.961111111111112,0.67,25.0194,318.0,11.270000000000001,0.0,1018.26
2016-09-12 11:00:00,15.13888888888889,15.13888888888889,0.63,22.379,319.0,11.4471,0.0,1018.34
2016-09-12 12:00:00,17.288888888888888,17.288888888888888,0.58,22.507800000000003,310.0,11.270000000000001,0.0,1018.1
2016-09-12 13:00:00,17.31111111111111,17.31111111111111,0.58,26.983600000000003,301.0,11.270000000000001,0.0,1017.64
2016-09-12 14:00:00,17.950000000000003,17.950000000000003,0.55,28.819,309.0,11.4471,0.0,1017.37
2016-09-12 15:00:00,18.93333333333333,18.93333333333333,0.56,33.1016,310.0,11.2056,0.0,1017.14
2016-09-12 16:00:00,17.866666666666664,17.866666666666664,0.56,26.7743,320.0,11.2056,0.0,1017.25
2016-09-12 17:00:00,18.01666666666667,18.01666666666667,0.55,18.676000000000002,312.0,11.398800000000001,0.0,1017.52
2016-09-12 18:00:00,17.77777777777778,17.77777777777778,0.56,23.683100000000003,309.0,11.2056,0.0,1017.47
2016-09-12 19:00:00,17.200000000000003,17.200000000000003,0.54,24.5364,309.0,11.2056,0.0,1017.61
2016-09-12 20:00:00,16.049999999999997,16.049999999999997,0.63,21.847700000000003,298.0,9.982000000000001,0.0,1018.75
2016-09-12 21:00:00,14.97777777777778,14.97777777777778,0.67,22.8137,309.0,9.982000000000001,0.0,1019.48
2016-09-12 22:00:00,14.400000000000002,14.400000000000002,0.69,16.985500000000002,308.0,15.826300000000002,0.0,1019.79
2016-09-12 23:00:00,13.777777777777777,13.777777777777777,0.71,16.067800000000002,304.0,14.9569,0.0,1020.19
2016-09-13 00:00:00,12.755555555555556,12.755555555555556,0.75,14.1358,299.0,15.826300000000002,0.0,1020.66
2016-09-13 01:00:00,12.17222222222222,12.17222222222222,0.77,13.8782,299.0,15.826300000000002,0.0,1020.96
2016-09-13 02:00:00,10.699999999999998,10.699999999999998,0.84,4.7012,300.0,14.9569,0.0,1022.88
2016-09-13 03:00:00,10.577777777777776,10.577777777777776,0.83,10.8836,309.0,15.826300000000002,0.0,1021.45
2016-09-13 04:00:00,10.533333333333335,10.533333333333335,0.8,11.1895,307.0,15.826300000000002,0.0,1021.54
2016-09-13 05:00:00,10.072222222222223,10.072222222222223,0.85,10.6582,295.0,14.9569,0.0,1021.61
2016-09-13 06:00:00,7.98888888888889,6.633333333333332,0.89,8.0983,288.0,9.9015,0.0,1021.75
2016-09-13 07:00:00,9.027777777777779,7.561111111111111,0.89,9.595600000000001,280.0,9.9015,0.0,1022.21
2016-09-13 08:00:00,12.03888888888889,12.03888888888889,0.82,16.4703,298.0,9.982000000000001,0.0,1022.63
2016-09-13 09:00:00,13.88888888888889,13.88888888888889,0.72,15.697500000000002,319.0,9.982000000000001,0.0,1022.72
2016-09-13 10:00:00,16.08888888888889,16.08888888888889,0.67,11.543700000000001,309.0,9.982000000000001,0.0,1023.12
2016-09-13 11:00:00,17.299999999999997,17.299999999999997,0.59,8.3237,309.0,11.0768,0.0,1023.07
2016-09-13 12:00:00,18.86111111111111,18.86111111111111,0.52,12.7029,298.0,11.270000000000001,0.0,1022.91
2016-09-13 13:00:00,19.977777777777774,19.977777777777774,0.45,13.121500000000001,311.0,11.270000000000001,0.0,1022.52
2016-09-13 14:00:00,20.777777777777782,20.777777777777782,0.4,15.2145,282.0,11.398800000000001,0.0,1022.61
2016-09-13 15:00:00,21.016666666666666,21.016666666666666,0.43,20.0928,292.0,11.2056,0.0,1022.12
2016-09-13 16:00:00,19.977777777777774,19.977777777777774,0.49,21.847700000000003,310.0,9.982000000000001,0.0,1022.02
2016-09-13 17:00:00,19.88888888888889,19.88888888888889,0.45,11.817400000000001,343.0,10.3523,0.0,1021.93
2016-09-13 18:00:00,18.86666666666666,18.86666666666666,0.49,9.499,318.0,9.982000000000001,0.0,1022.02
2016-09-13 19:00:00,17.266666666666666,17.266666666666666,0.63,7.760200000000001,299.0,9.982000000000001,0.0,1021.84
2016-09-13 20:00:00,17.15,17.15,0.63,9.434600000000001,289.0,9.982000000000001,0.0,1022.42
2016-09-13 21:00:00,14.955555555555557,14.955555555555557,0.68,9.7405,270.0,9.982000000000001,0.0,1022.84
2016-09-13 22:00:00,14.75,14.75,0.7,11.0446,280.0,15.826300000000002,0.0,1022.94
2016-09-13 23:00:00,14.644444444444446,14.644444444444446,0.69,10.577700000000002,306.0,14.9569,0.0,1023.25
2016-09-14 00:00:00,12.527777777777777,12.527777777777777,0.75,3.3327,297.0,15.826300000000002,0.0,1023.32
2016-09-14 01:00:00,11.394444444444442,11.394444444444442,0.78,6.423900000000001,299.0,15.826300000000002,0.0,1023.12
2016-09-14 02:00:00,10.850000000000001,10.850000000000001,0.88,3.0751,217.0,9.982000000000001,0.0,1020.05
2016-09-14 03:00:00,9.822222222222223,9.822222222222223,0.87,3.3649,261.0,15.826300000000002,0.0,1022.93
2016-09-14 04:00:00,8.777777777777777,8.777777777777777,0.87,3.5581,307.0,15.826300000000002,0.0,1022.82
2016-09-14 05:00:00,8.988888888888889,7.4833333333333325,0.87,9.7405,270.0,14.7959,0.0,1022.79
2016-09-14 06:00:00,7.666666666666665,7.666666666666665,0.89,1.8193,282.0,4.9105,0.0,1022.61
2016-09-14 07:00:00,7.666666666666665,7.666666666666665,0.96,0.5152,280.0,5.9248,0.0,1022.62
2016-09-14 08:00:00,10.955555555555556,10.955555555555556,0.83,1.932,285.0,9.434600000000001,0.0,1022.55
2016-09-14 09:00:00,13.866666666666667,13.866666666666667,0.78,3.22,250.0,9.9015,0.0,1022.51
2016-09-14 10:00:00,17.733333333333334,17.733333333333334,0.6,5.055400000000001,226.0,9.982000000000001,0.0,1022.89
2016-09-14 11:00:00,18.87777777777778,18.87777777777778,0.53,4.9588,259.0,11.0285,0.0,1022.53
2016-09-14 12:00:00,19.97222222222222,19.97222222222222,0.45,5.3291,308.0,10.0464,0.0,1021.9
2016-09-14 13:00:00,19.95,19.95,0.45,3.5420000000000007,293.0,11.270000000000001,0.0,1021.7
2016-09-14 14:00:00,20.18888888888889,20.18888888888889,0.45,8.355900000000002,226.0,10.4006,0.0,1021.42
2016-09-14 15:00:00,22.150000000000002,22.150000000000002,0.4,8.162700000000001,253.0,10.0464,0.0,1020.39
2016-09-14 16:00:00,21.17777777777778,21.17777777777778,0.42,10.3523,224.0,10.0464,0.0,1019.7
2016-09-14 17:00:00,20.966666666666665,20.966666666666665,0.42,9.2414,224.0,10.3523,0.0,1019.47
2016-09-14 18:00:00,20.022222222222226,20.022222222222226,0.49,3.2844,232.0,9.982000000000001,0.0,1019.1
2016-09-14 19:00:00,17.727777777777774,17.727777777777774,0.6,1.5939,162.0,9.982000000000001,0.0,1019.0
2016-09-14 20:00:00,16.977777777777778,16.977777777777778,0.64,1.7066000000000001,92.0,9.982000000000001,0.0,1019.13
2016-09-14 21:00:00,14.772222222222224,14.772222222222224,0.73,4.83,170.0,9.982000000000001,0.0,1019.12
2016-09-14 22:00:00,13.177777777777777,13.177777777777777,0.8,0.0,0.0,15.826300000000002,0.0,1019.31
2016-09-14 23:00:00,12.383333333333333,12.383333333333333,0.86,3.4615,218.0,14.9569,0.0,1019.32
2016-09-15 00:00:00,11.511111111111111,11.511111111111111,0.86,3.0751,197.0,14.9086,0.0,1019.32
2016-09-15 01:00:00,11.43888888888889,11.43888888888889,0.86,3.22,200.0,11.9784,0.0,1019.22
2016-09-15 02:00:00,12.07777777777778,12.07777777777778,0.67,10.0625,303.0,14.9569,0.0,1023.35
2016-09-15 03:00:00,9.961111111111112,9.35,0.86,6.3434,173.0,9.982000000000001,0.0,1018.98
2016-09-15 04:00:00,9.449999999999998,8.766666666666667,0.86,6.327300000000001,173.0,9.982000000000001,0.0,1018.78
2016-09-15 05:00:00,9.449999999999998,8.722222222222223,0.87,6.488300000000001,185.0,9.982000000000001,0.0,1018.7
2016-09-15 06:00:00,8.038888888888888,6.4111111111111105,0.88,9.450700000000001,192.0,6.1985,0.0,1018.47
2016-09-15 07:00:00,10.077777777777778,10.077777777777778,0.83,9.1448,203.0,8.1305,0.0,1018.67
2016-09-15 08:00:00,13.716666666666665,13.716666666666665,0.79,11.9945,224.0,9.6278,0.0,1018.82
2016-09-15 09:00:00,16.116666666666664,16.116666666666664,0.68,11.2056,244.0,9.982000000000001,0.0,1018.72
2016-09-15 10:00:00,18.83888888888889,18.83888888888889,0.65,14.6671,280.0,9.982000000000001,0.0,1019.19
2016-09-15 11:00:00,20.866666666666667,20.866666666666667,0.55,16.9211,299.0,9.982000000000001,0.0,1019.33
2016-09-15 12:00:00,22.127777777777776,22.127777777777776,0.47,22.1858,309.0,10.0464,0.0,1019.32
2016-09-15 13:00:00,22.71111111111111,22.71111111111111,0.42,28.336000000000006,309.0,10.0464,0.0,1019.14
2016-09-15 14:00:00,23.56666666666667,23.56666666666667,0.38,37.867200000000004,310.0,10.3523,0.0,1019.08
2016-09-15 15:00:00,22.727777777777774,22.727777777777774,0.42,32.8923,319.0,9.982000000000001,0.0,1018.67
2016-09-15 16:00:00,22.727777777777774,22.727777777777774,0.42,33.1016,319.0,9.982000000000001,0.0,1018.85
2016-09-15 17:00:00,22.29444444444444,22.29444444444444,0.39,32.2644,311.0,10.3523,0.0,1018.87
2016-09-15 18:00:00,21.105555555555554,21.105555555555554,0.43,14.731500000000002,308.0,9.982000000000001,0.0,1019.04
2016-09-15 19:00:00,17.84444444444445,17.84444444444445,0.56,11.012400000000001,308.0,9.982000000000001,0.0,1019.54
2016-09-15 20:00:00,16.43333333333333,16.43333333333333,0.61,10.8997,291.0,10.3523,0.0,1020.41
2016-09-15 21:00:00,14.044444444444444,14.044444444444444,0.71,11.672500000000001,291.0,9.982000000000001,0.0,1021.14
2016-09-15 22:00:00,13.955555555555556,13.955555555555556,0.71,11.2217,309.0,15.826300000000002,0.0,1021.74
2016-09-15 23:00:00,14.405555555555557,14.405555555555557,0.7,10.8031,312.0,14.9569,0.0,1022.58
2016-09-16 00:00:00,13.844444444444445,13.844444444444445,0.64,13.9587,309.0,15.826300000000002,0.0,1022.94
2016-09-16 01:00:00,12.777777777777779,12.777777777777779,0.65,13.5401,337.0,15.826300000000002,0.0,1023.43
2016-09-16 02:00:00,12.488888888888887,12.488888888888887,0.66,8.2593,151.0,14.9569,0.0,1020.83
2016-09-16 03:00:00,12.0,12.0,0.62,13.8299,308.0,15.826300000000002,0.0,1024.36
2016-09-16 04:00:00,9.772222222222224,9.155555555555553,0.72,6.262900000000001,355.0,15.826300000000002,0.0,1024.45
2016-09-16 05:00:00,8.81111111111111,7.022222222222222,0.77,11.1734,274.0,14.9569,0.0,1024.97
2016-09-16 06:00:00,6.116666666666665,6.116666666666665,0.86,0.1449,300.0,11.2056,0.0,1025.2
2016-09-16 07:00:00,7.11111111111111,7.11111111111111,0.8,3.22,280.0,9.982000000000001,0.0,1025.59
2016-09-16 08:00:00,10.944444444444446,10.944444444444446,0.73,3.5259,287.0,9.982000000000001,0.0,1025.46
2016-09-16 09:00:00,13.93888888888889,13.93888888888889,0.6,3.2361,294.0,9.982000000000001,0.0,1025.1
2016-09-16 10:00:00,17.22222222222222,17.22222222222222,0.39,5.055400000000001,157.0,9.982000000000001,0.0,1025.2
2016-09-16 11:00:00,17.916666666666668,17.916666666666668,0.4,7.985600000000001,222.0,10.3523,0.0,1025.21
2016-09-16 12:00:00,19.92777777777778,19.92777777777778,0.33,8.0661,217.0,9.982000000000001,0.0,1025.08
2016-09-16 13:00:00,21.083333333333332,21.083333333333332,0.32,7.8729,203.0,9.982000000000001,0.0,1024.57
2016-09-16 14:00:00,22.08888888888889,22.08888888888889,0.3,8.903300000000002,231.0,10.3523,0.0,1023.87
2016-09-16 15:00:00,22.77777777777778,22.77777777777778,0.32,8.420300000000001,218.0,9.982000000000001,0.0,1022.98
2016-09-16 16:00:00,22.800000000000004,22.800000000000004,0.32,7.985600000000001,255.0,9.982000000000001,0.0,1022.48
2016-09-16 17:00:00,22.794444444444444,22.794444444444444,0.33,8.919400000000001,202.0,10.384500000000001,0.0,1021.89
2016-09-16 18:00:00,22.194444444444443,22.194444444444443,0.36,8.0983,161.0,9.982000000000001,0.0,1021.44
2016-09-16 19:00:00,17.88888888888889,17.88888888888889,0.52,9.434600000000001,138.0,9.982000000000001,0.0,1020.95
2016-09-16 20:00:00,17.227777777777774,17.227777777777774,0.53,11.414900000000001,156.0,9.982000000000001,0.0,1021.67
2016-09-16 21:00:00,16.06111111111111,16.06111111111111,0.57,7.840700000000001,139.0,9.982000000000001,0.0,1020.99
2016-09-16 22:00:00,15.455555555555556,15.455555555555556,0.59,10.948,139.0,15.826300000000002,0.0,1020.79
2016-09-16 23:00:00,14.944444444444445,14.944444444444445,0.59,13.4274,149.0,14.9569,0.0,1020.61
2016-09-17 00:00:00,13.844444444444445,13.844444444444445,0.63,11.0607,149.0,15.826300000000002,0.0,1020.76
2016-09-17 01:00:00,13.75,13.75,0.6,11.0607,149.0,15.826300000000002,0.0,1020.28
2016-09-17 02:00:00,16.694444444444443,16.694444444444443,0.74,4.9749,212.0,14.9569,0.0,1015.23
2016-09-17 03:00:00,12.666666666666664,12.666666666666664,0.65,17.114300000000004,140.0,15.826300000000002,0.0,1019.58
2016-09-17 04:00:00,12.105555555555554,12.105555555555554,0.67,13.894300000000003,140.0,15.826300000000002,0.0,1019.08
2016-09-17 05:00:00,11.461111111111112,11.461111111111112,0.7,12.558,146.0,14.9569,0.0,1019.06
2016-09-17 06:00:00,11.066666666666668,11.066666666666668,0.72,11.0446,149.0,9.982000000000001,0.0,1018.86
2016-09-17 07:00:00,11.066666666666668,11.066666666666668,0.77,9.579500000000001,149.0,9.982000000000001,0.0,1018.96
2016-09-17 08:00:00,13.566666666666668,13.566666666666668,0.67,12.042800000000002,157.0,9.982000000000001,0.0,1018.9
2016-09-17 09:00:00,16.16111111111111,16.16111111111111,0.58,9.724400000000001,160.0,11.2056,0.0,1018.76
2016-09-17 10:00:00,19.00555555555555,19.00555555555555,0.52,8.1305,170.0,9.982000000000001,0.0,1018.55
2016-09-17 11:00:00,22.672222222222224,22.672222222222224,0.48,9.1126,168.0,10.3523,0.0,1018.55
2016-09-17 12:00:00,25.04444444444444,25.04444444444444,0.45,12.1394,144.0,9.982000000000001,0.0,1017.95
2016-09-17 13:00:00,27.199999999999996,26.988888888888887,0.4,12.397,174.0,9.982000000000001,0.0,1017.28
2016-09-17 14:00:00,27.633333333333333,27.255555555555556,0.38,17.001600000000003,192.0,9.982000000000001,0.0,1016.96
2016-09-17 15:00:00,27.266666666666666,27.133333333333336,0.41,15.584800000000001,229.0,9.982000000000001,0.0,1016.24
2016-09-17 16:00:00,27.800000000000004,27.394444444444446,0.38,14.3451,191.0,9.982000000000001,0.0,1015.65
2016-09-17 17:00:00,27.561111111111114,27.22222222222222,0.39,13.2825,219.0,9.982000000000001,0.0,1015.22
2016-09-17 18:00:00,26.11111111111111,26.11111111111111,0.44,9.579500000000001,200.0,9.982000000000001,0.0,1015.07
2016-09-17 19:00:00,22.96111111111111,22.96111111111111,0.56,9.563400000000001,182.0,9.982000000000001,0.0,1014.75
2016-09-17 20:00:00,22.255555555555556,22.255555555555556,0.6,9.3702,182.0,9.982000000000001,0.0,1014.81
2016-09-17 21:00:00,21.022222222222226,21.022222222222226,0.63,8.017800000000001,183.0,9.982000000000001,0.0,1014.89
2016-09-17 22:00:00,20.472222222222218,20.472222222222218,0.63,6.5688,200.0,15.826300000000002,0.0,1014.79
2016-09-17 23:00:00,19.322222222222223,19.322222222222223,0.7,6.2146,177.0,14.9569,0.0,1014.87
2016-09-18 00:00:00,18.755555555555556,18.755555555555556,0.71,6.4561,180.0,15.826300000000002,0.0,1014.39
2016-09-18 01:00:00,18.227777777777778,18.227777777777778,0.71,5.554500000000001,164.0,15.826300000000002,0.0,1014.1
2016-09-18 02:00:00,13.872222222222222,13.872222222222222,0.85,22.8942,308.0,15.488199999999999,0.0,1014.35
2016-09-18 03:00:00,17.82777777777778,17.82777777777778,0.75,3.5259,178.0,15.826300000000002,0.0,1013.59
2016-09-18 04:00:00,16.583333333333332,16.583333333333332,0.78,6.488300000000001,171.0,15.826300000000002,0.0,1013.09
2016-09-18 05:00:00,16.583333333333332,16.583333333333332,0.8,10.3362,166.0,15.262800000000002,0.0,1013.11
2016-09-18 06:00:00,16.022222222222226,16.022222222222226,0.82,9.579500000000001,151.0,8.1305,0.0,1012.74
2016-09-18 07:00:00,16.094444444444445,16.094444444444445,0.81,9.4024,152.0,9.982000000000001,0.0,1012.44
2016-09-18 08:00:00,17.727777777777774,17.727777777777774,0.8,11.286100000000001,174.0,9.982000000000001,0.0,1012.3
2016-09-18 09:00:00,22.17777777777778,22.17777777777778,0.59,14.49,191.0,9.982000000000001,0.0,1012.21
2016-09-18 10:00:00,25.97222222222222,25.97222222222222,0.48,22.0087,191.0,9.982000000000001,0.0,1011.75
2016-09-18 11:00:00,27.45,27.28888888888889,0.41,23.860200000000003,216.0,10.3523,0.0,1011.9
2016-09-18 12:00:00,28.79444444444444,28.133333333333333,0.37,26.2913,227.0,9.982000000000001,0.0,1010.76
2016-09-18 13:00:00,28.838888888888885,28.244444444444447,0.37,26.8548,211.0,9.982000000000001,0.0,1009.47
2016-09-18 14:00:00,29.716666666666665,28.67777777777778,0.33,26.355700000000002,217.0,10.3523,0.0,1009.61
2016-09-18 15:00:00,29.838888888888885,28.75,0.32,27.7725,213.0,10.0464,0.0,1008.67
2016-09-18 16:00:00,29.772222222222226,28.944444444444443,0.35,23.5865,231.0,11.2056,0.0,1007.95
2016-09-18 17:00:00,26.2,26.2,0.47,12.348700000000001,210.0,11.4471,0.0,1008.01
2016-09-18 18:00:00,22.744444444444444,22.744444444444444,0.62,12.8317,242.0,7.824600000000001,0.0,1008.32
2016-09-18 19:00:00,19.81111111111111,19.81111111111111,0.73,23.2162,300.0,11.125100000000002,0.0,1009.16
2016-09-18 20:00:00,18.216666666666672,18.216666666666672,0.76,6.601,340.0,15.729700000000001,0.0,1010.68
2016-09-18 21:00:00,17.17222222222222,17.17222222222222,0.87,13.765500000000001,338.0,11.125100000000002,0.0,1010.76
2016-09-18 22:00:00,17.15,17.15,0.84,14.7637,336.0,15.874600000000001,0.0,1010.74
2016-09-18 23:00:00,16.566666666666666,16.566666666666666,0.85,11.8818,316.0,14.6349,0.0,1011.74
2016-09-19 00:00:00,15.444444444444445,15.444444444444445,0.78,24.890600000000003,318.0,14.9569,0.0,1012.62
2016-09-19 01:00:00,14.355555555555558,14.355555555555558,0.78,31.250100000000003,310.0,10.0464,0.0,1014.43
2016-09-19 02:00:00,7.799999999999999,6.533333333333332,0.84,7.5992,336.0,14.876400000000002,0.0,1022.49
2016-09-19 03:00:00,13.266666666666667,13.266666666666667,0.8,25.4219,300.0,15.826300000000002,0.0,1015.28
2016-09-19 04:00:00,12.755555555555556,12.755555555555556,0.8,25.2448,309.0,15.826300000000002,0.0,1015.57
2016-09-19 05:00:00,12.711111111111112,12.711111111111112,0.79,26.4845,307.0,14.9569,0.0,1016.09
2016-09-19 06:00:00,12.222222222222221,12.222222222222221,0.8,26.5972,309.0,9.982000000000001,0.0,1016.8
2016-09-19 07:00:00,12.222222222222221,12.222222222222221,0.8,24.665200000000002,319.0,11.2056,0.0,1017.97
2016-09-19 08:00:00,12.711111111111112,12.711111111111112,0.78,21.0749,316.0,11.0285,0.0,1018.96
2016-09-19 09:00:00,12.82777777777778,12.82777777777778,0.72,24.1983,320.0,11.2056,0.0,1019.62
2016-09-19 10:00:00,12.916666666666666,12.916666666666666,0.71,17.7905,339.0,11.270000000000001,0.0,1020.54
2016-09-19 11:00:00,15.044444444444443,15.044444444444443,0.63,19.5776,346.0,11.4471,0.0,1020.96
2016-09-19 12:00:00,13.083333333333332,13.083333333333332,0.75,14.812,55.0,11.270000000000001,0.0,1021.43
2016-09-19 13:00:00,13.055555555555555,13.055555555555555,0.75,10.2879,54.0,11.270000000000001,0.0,1021.98
2016-09-19 14:00:00,15.18333333333333,15.18333333333333,0.62,9.579500000000001,27.0,11.398800000000001,0.0,1021.64
2016-09-19 15:00:00,17.200000000000003,17.200000000000003,0.52,9.2253,32.0,11.2056,0.0,1021.42
2016-09-19 16:00:00,17.22222222222222,17.22222222222222,0.47,10.0464,340.0,11.2056,0.0,1021.24
2016-09-19 17:00:00,17.01111111111111,17.01111111111111,0.53,4.186000000000001,342.0,11.398800000000001,0.0,1021.47
2016-09-19 18:00:00,16.08888888888889,16.08888888888889,0.55,4.0733,316.0,11.2056,0.0,1021.34
2016-09-19 19:00:00,13.88888888888889,13.88888888888889,0.66,2.3506,302.0,11.2056,0.0,1021.74
2016-09-19 20:00:00,13.572222222222223,13.572222222222223,0.6,11.125100000000002,308.0,11.0285,0.0,1022.32
2016-09-19 21:00:00,11.116666666666665,11.116666666666665,0.66,11.3183,318.0,9.982000000000001,0.0,1022.94
2016-09-19 22:00:00,10.394444444444446,10.394444444444446,0.67,11.0929,310.0,15.826300000000002,0.0,1023.13
2016-09-19 23:00:00,9.005555555555556,7.244444444444444,0.72,11.2217,329.0,14.9569,0.0,1023.38
2016-09-20 00:00:00,7.733333333333334,5.766666666666668,0.77,10.9158,341.0,15.826300000000002,0.0,1023.48
2016-09-20 01:00:00,6.688888888888888,5.538888888888888,0.79,6.488300000000001,341.0,15.826300000000002,0.0,1023.86
2016-09-20 02:00:00,4.966666666666665,2.8388888888888886,0.85,9.1126,351.0,14.168000000000003,0.0,1027.41
2016-09-20 03:00:00,5.555555555555555,4.288888888888888,0.86,6.279,341.0,15.729700000000001,0.0,1023.85
2016-09-20 04:00:00,5.5777777777777775,3.183333333333332,0.86,10.8836,341.0,15.826300000000002,0.0,1023.96
2016-09-20 05:00:00,5.183333333333333,3.788888888888889,0.86,6.5044,341.0,15.439900000000002,0.0,1024.1
2016-09-20 06:00:00,4.977777777777778,2.233333333333335,0.86,12.075000000000001,350.0,9.982000000000001,0.0,1024.47
2016-09-20 07:00:00,7.044444444444444,5.550000000000001,0.8,7.985600000000001,0.0,9.982000000000001,0.0,1024.87
2016-09-20 08:00:00,8.599999999999998,6.544444444444445,0.79,12.5741,24.0,9.982000000000001,0.0,1025.02
2016-09-20 09:00:00,11.072222222222223,11.072222222222223,0.62,20.286,29.0,9.982000000000001,0.0,1025.16
2016-09-20 10:00:00,12.222222222222221,12.222222222222221,0.57,15.858500000000001,29.0,9.982000000000001,0.0,1025.75
2016-09-20 11:00:00,13.977777777777776,13.977777777777776,0.56,14.1841,12.0,10.4006,0.0,1025.9
2016-09-20 12:00:00,16.038888888888888,16.038888888888888,0.4,14.1197,29.0,9.982000000000001,0.0,1025.94
2016-09-20 13:00:00,17.127777777777776,17.127777777777776,0.35,14.0553,18.0,9.982000000000001,0.0,1025.84
2016-09-20 14:00:00,17.627777777777776,17.627777777777776,0.35,13.652800000000001,31.0,10.3523,0.0,1025.62
2016-09-20 15:00:00,17.244444444444444,17.244444444444444,0.34,15.536500000000002,18.0,9.982000000000001,0.0,1025.33
2016-09-20 16:00:00,16.177777777777777,16.177777777777777,0.36,9.4024,358.0,9.982000000000001,0.0,1025.24
2016-09-20 17:00:00,16.261111111111113,16.261111111111113,0.36,9.8854,26.0,10.3523,0.0,1025.35
2016-09-20 18:00:00,16.06111111111111,16.06111111111111,0.37,9.193100000000001,19.0,9.982000000000001,0.0,1025.62
2016-09-20 19:00:00,13.744444444444447,13.744444444444447,0.48,4.395300000000001,47.0,9.982000000000001,0.0,1025.91
2016-09-20 20:00:00,11.966666666666665,11.966666666666665,0.55,4.6368,32.0,9.982000000000001,0.0,1026.6
2016-09-20 21:00:00,7.805555555555554,7.805555555555554,0.76,0.0,0.0,9.982000000000001,0.0,1027.22
2016-09-20 22:00:00,7.177777777777779,7.177777777777779,0.8,1.61,310.0,9.982000000000001,0.0,1027.6
2016-09-20 23:00:00,6.722222222222223,5.616666666666666,0.81,6.3434,348.0,14.9569,0.0,1027.88
2016-09-21 00:00:00,6.022222222222224,4.777777777777779,0.83,6.44,270.0,15.826300000000002,0.0,1027.82
2016-09-21 01:00:00,5.4944444444444445,4.166666666666667,0.86,6.44,270.0,15.826300000000002,0.0,1028.03
2016-09-21 02:00:00,5.68888888888889,5.68888888888889,0.84,4.508,345.0,14.9569,0.0,1028.22
2016-09-21 03:00:00,4.333333333333332,4.333333333333332,0.89,0.0,0.0,9.982000000000001,0.0,1028.02
2016-09-21 04:00:00,3.2888888888888896,3.2888888888888896,0.89,0.5796,115.0,9.982000000000001,0.0,1027.95
2016-09-21 05:00:00,3.7444444444444454,3.7444444444444454,0.86,3.6547,336.0,9.9015,0.0,1028.23
2016-09-21 06:00:00,2.7611111111111106,2.7611111111111106,0.89,3.4615,328.0,9.8049,0.0,1028.53
2016-09-21 07:00:00,3.711111111111111,3.711111111111111,0.89,0.22540000000000004,328.0,9.8049,0.0,1028.95
2016-09-21 08:00:00,9.377777777777778,9.011111111111111,0.75,5.1681,45.0,9.5473,0.0,1029.38
2016-09-21 09:00:00,12.03888888888889,12.03888888888889,0.59,4.4919,35.0,9.982000000000001,0.0,1029.51
2016-09-21 10:00:00,14.905555555555553,14.905555555555553,0.45,3.1556,8.0,9.982000000000001,0.0,1029.6
2016-09-21 11:00:00,15.983333333333336,15.983333333333336,0.43,4.0572,340.0,9.982000000000001,0.0,1029.66
2016-09-21 12:00:00,17.244444444444444,17.244444444444444,0.37,7.711900000000001,309.0,9.982000000000001,0.0,1029.41
2016-09-21 13:00:00,17.800000000000004,17.800000000000004,0.35,10.6743,350.0,9.982000000000001,0.0,1029.02
2016-09-21 14:00:00,17.87777777777778,17.87777777777778,0.35,3.8801000000000005,35.0,10.3523,0.0,1028.65
2016-09-21 15:00:00,18.86111111111111,18.86111111111111,0.34,7.792400000000001,349.0,9.982000000000001,0.0,1028.0
2016-09-21 16:00:00,18.88888888888889,18.88888888888889,0.33,9.2414,320.0,9.982000000000001,0.0,1027.6
2016-09-21 17:00:00,18.8,18.8,0.33,3.5259,45.0,10.3523,0.0,1027.24
2016-09-21 18:00:00,17.194444444444443,17.194444444444443,0.39,4.7495,28.0,9.982000000000001,0.0,1027.31
2016-09-21 19:00:00,14.883333333333333,14.883333333333333,0.46,4.7656,28.0,9.982000000000001,0.0,1027.6
2016-09-21 20:00:00,12.155555555555557,12.155555555555557,0.59,2.0125,26.0,9.982000000000001,0.0,1027.94
2016-09-21 21:00:00,9.86111111111111,9.86111111111111,0.67,3.22,50.0,9.982000000000001,0.0,1028.03
2016-09-21 22:00:00,8.733333333333333,7.905555555555553,0.72,6.44,120.0,15.826300000000002,0.0,1028.32
2016-09-21 23:00:00,8.272222222222222,8.272222222222222,0.78,4.008900000000001,3.0,14.9569,0.0,1028.38
2016-09-22 00:00:00,6.688888888888888,6.688888888888888,0.82,3.22,110.0,15.826300000000002,0.0,1028.32
2016-09-22 01:00:00,6.577777777777779,6.577777777777779,0.8,3.22,290.0,15.826300000000002,0.0,1028.32
2016-09-22 02:00:00,6.5388888888888905,6.5388888888888905,0.84,3.1395,2.0,13.8138,0.0,1027.31
2016-09-22 03:00:00,4.4722222222222205,2.9888888888888903,0.86,6.44,290.0,15.826300000000002,0.0,1028.21
2016-09-22 04:00:00,3.8944444444444435,3.8944444444444435,0.86,0.0,0.0,15.826300000000002,0.0,1028.12
2016-09-22 05:00:00,3.9000000000000017,2.8277777777777797,0.87,5.055400000000001,352.0,14.586600000000002,0.0,1028.16
2016-09-22 06:00:00,2.7833333333333323,2.7833333333333323,0.89,0.1449,290.0,11.125100000000002,0.0,1028.02
2016-09-22 07:00:00,2.7611111111111106,2.7611111111111106,0.96,3.1878,348.0,7.905100000000001,0.0,1028.13
2016-09-22 08:00:00,9.449999999999998,9.449999999999998,0.81,3.22,7.0,5.425700000000001,0.0,1028.27
2016-09-22 09:00:00,12.711111111111112,12.711111111111112,0.65,0.0,0.0,9.982000000000001,0.0,1028.21
2016-09-22 10:00:00,17.200000000000003,17.200000000000003,0.45,2.9141000000000004,24.0,9.982000000000001,0.0,1028.21
2016-09-22 11:00:00,17.772222222222226,17.772222222222226,0.44,2.9302,42.0,9.982000000000001,0.0,1028.17
2016-09-22 12:00:00,18.86111111111111,18.86111111111111,0.37,9.305800000000001,52.0,9.982000000000001,0.0,1028.01
2016-09-22 13:00:00,20.022222222222226,20.022222222222226,0.37,2.8497000000000003,82.0,9.982000000000001,0.0,1027.51
2016-09-22 14:00:00,20.038888888888884,20.038888888888884,0.37,3.7674,295.0,10.3523,0.0,1027.17
2016-09-22 15:00:00,20.11666666666666,20.11666666666666,0.35,4.6851,52.0,9.982000000000001,0.0,1026.49
2016-09-22 16:00:00,21.15555555555555,21.15555555555555,0.32,3.1717,32.0,9.982000000000001,0.0,1025.9
2016-09-22 17:00:00,20.13888888888889,20.13888888888889,0.35,3.4454000000000002,96.0,10.3523,0.0,1025.71
2016-09-22 18:00:00,19.855555555555554,19.855555555555554,0.36,3.22,300.0,9.982000000000001,0.0,1025.7
2016-09-22 19:00:00,15.994444444444444,15.994444444444444,0.49,3.0751,330.0,9.982000000000001,0.0,1026.09
2016-09-22 20:00:00,12.644444444444442,12.644444444444442,0.66,3.0107000000000004,57.0,9.982000000000001,0.0,1026.47
2016-09-22 21:00:00,10.972222222222221,10.972222222222221,0.67,1.5295,330.0,9.982000000000001,0.0,1026.62
2016-09-22 22:00:00,10.883333333333335,10.883333333333335,0.75,3.1073,178.0,15.826300000000002,0.0,1026.53
2016-09-22 23:00:00,8.75,8.75,0.8,3.22,70.0,15.826300000000002,0.0,1026.71
2016-09-23 00:00:00,8.127777777777778,8.127777777777778,0.77,3.22,340.0,15.826300000000002,0.0,1026.73
2016-09-23 01:00:00,7.622222222222222,7.622222222222222,0.8,3.1717,342.0,14.9086,0.0,1026.93
2016-09-23 02:00:00,7.088888888888888,7.088888888888888,0.8,4.7495,330.0,9.982000000000001,0.0,1026.52
2016-09-23 03:00:00,5.999999999999998,5.999999999999998,0.83,3.2683,1.0,14.9086,0.0,1027.02
2016-09-23 04:00:00,5.933333333333334,5.933333333333334,0.86,2.7853000000000003,322.0,14.9086,0.0,1026.93
2016-09-23 05:00:00,4.41111111111111,4.41111111111111,0.86,3.2039,356.0,11.4632,0.0,1026.81
2016-09-23 06:00:00,4.383333333333334,4.383333333333334,0.89,3.22,290.0,7.905100000000001,0.0,1026.92
2016-09-23 07:00:00,4.866666666666665,4.866666666666665,0.86,0.0,0.0,6.0697,0.0,1027.03
2016-09-23 08:00:00,10.555555555555555,10.555555555555555,0.75,1.9159,9.0,7.985600000000001,0.0,1027.29
2016-09-23 09:00:00,13.733333333333333,13.733333333333333,0.68,1.4329,136.0,9.982000000000001,0.0,1027.51
2016-09-23 10:00:00,17.22222222222222,17.22222222222222,0.52,3.2039,141.0,9.982000000000001,0.0,1027.48
2016-09-23 11:00:00,19.0,19.0,0.44,4.6368,45.0,9.982000000000001,0.0,1027.46
2016-09-23 12:00:00,20.07222222222222,20.07222222222222,0.37,7.3738,22.0,9.982000000000001,0.0,1027.21
2016-09-23 13:00:00,21.083333333333332,21.083333333333332,0.35,4.8944,141.0,9.982000000000001,0.0,1027.01
2016-09-23 14:00:00,22.16111111111111,22.16111111111111,0.31,5.6833,41.0,10.3523,0.0,1026.83
2016-09-23 15:00:00,22.266666666666666,22.266666666666666,0.3,10.787,329.0,9.982000000000001,0.0,1026.4
2016-09-23 16:00:00,22.24444444444445,22.24444444444445,0.27,3.1878,8.0,9.982000000000001,0.0,1025.81
2016-09-23 17:00:00,22.133333333333336,22.133333333333336,0.29,2.8658,3.0,10.3523,0.0,1025.23
2016-09-23 18:00:00,20.92222222222222,20.92222222222222,0.34,3.2361,334.0,9.982000000000001,0.0,1025.2
2016-09-23 19:00:00,15.016666666666667,15.016666666666667,0.52,3.22,50.0,9.982000000000001,0.0,1025.4
2016-09-23 20:00:00,12.594444444444445,12.594444444444445,0.66,4.9910000000000005,36.0,9.982000000000001,0.0,1025.54
2016-09-23 21:00:00,12.083333333333334,12.083333333333334,0.63,3.2039,39.0,9.982000000000001,0.0,1025.61
2016-09-23 22:00:00,10.905555555555557,10.905555555555557,0.68,0.0,0.0,15.826300000000002,0.0,1025.63
2016-09-23 23:00:00,9.583333333333334,9.583333333333334,0.75,4.7978000000000005,12.0,14.9569,0.0,1025.86
2016-09-24 00:00:00,8.822222222222223,8.822222222222223,0.75,3.22,110.0,15.826300000000002,0.0,1025.72
2016-09-24 01:00:00,7.733333333333334,7.733333333333334,0.79,3.22,330.0,15.826300000000002,0.0,1025.72
2016-09-24 02:00:00,7.88888888888889,5.922222222222221,0.8,11.125100000000002,0.0,14.457800000000002,0.0,1019.85
2016-09-24 03:00:00,7.155555555555556,7.155555555555556,0.86,3.22,320.0,15.826300000000002,0.0,1024.91
2016-09-24 04:00:00,6.044444444444446,6.044444444444446,0.86,3.22,320.0,15.826300000000002,0.0,1024.61
2016-09-24 05:00:00,5.727777777777779,4.6000000000000005,0.88,5.9248,15.0,14.876400000000002,0.0,1024.51
2016-09-24 06:00:00,4.9833333333333325,3.5777777777777766,0.83,6.44,0.0,9.8049,0.0,1024.32
2016-09-24 07:00:00,5.999999999999998,5.999999999999998,0.8,3.3649,341.0,6.0697,0.0,1024.43
2016-09-24 08:00:00,10.65,10.65,0.8,3.2683,38.0,6.3434,0.0,1024.48
2016-09-24 09:00:00,13.68888888888889,13.68888888888889,0.68,0.1449,10.0,9.9015,0.0,1024.32
2016-09-24 10:00:00,17.244444444444444,17.244444444444444,0.54,6.44,100.0,9.982000000000001,0.0,1024.11
2016-09-24 11:00:00,19.799999999999997,19.799999999999997,0.45,4.2987,96.0,9.982000000000001,0.0,1023.96
2016-09-24 12:00:00,21.105555555555554,21.105555555555554,0.41,4.1538,6.0,9.982000000000001,0.0,1023.28
2016-09-24 13:00:00,21.17777777777778,21.17777777777778,0.38,7.647500000000001,44.0,9.982000000000001,0.0,1022.41
2016-09-24 14:00:00,22.11111111111111,22.11111111111111,0.33,8.4364,58.0,10.3523,0.0,1021.86
2016-09-24 15:00:00,22.28888888888889,22.28888888888889,0.33,3.2361,116.0,9.982000000000001,0.0,1021.1
2016-09-24 16:00:00,22.22222222222222,22.22222222222222,0.33,7.776300000000001,64.0,9.982000000000001,0.0,1020.6
2016-09-24 17:00:00,22.1,22.1,0.31,6.5205,59.0,10.3523,0.0,1019.99
2016-09-24 18:00:00,19.833333333333332,19.833333333333332,0.41,8.3076,32.0,9.982000000000001,0.0,1019.63
2016-09-24 19:00:00,17.061111111111114,17.061111111111114,0.46,4.7334000000000005,41.0,9.982000000000001,0.0,1019.63
2016-09-24 20:00:00,13.822222222222223,13.822222222222223,0.62,3.5098000000000003,49.0,9.982000000000001,0.0,1019.71
2016-09-24 21:00:00,12.061111111111112,12.061111111111112,0.67,3.22,0.0,9.982000000000001,0.0,1019.72
2016-09-24 22:00:00,10.438888888888888,10.438888888888888,0.69,2.4633000000000003,38.0,15.826300000000002,0.0,1019.62
2016-09-24 23:00:00,9.516666666666667,9.516666666666667,0.74,3.8479000000000005,9.0,14.9569,0.0,1019.63
2016-09-25 00:00:00,8.77222222222222,8.77222222222222,0.8,3.4293,33.0,14.9086,0.0,1019.03
2016-09-25 01:00:00,8.705555555555556,8.705555555555556,0.81,3.1717,38.0,14.812,0.0,1018.65
2016-09-25 02:00:00,8.961111111111112,7.8500000000000005,0.82,7.792400000000001,36.0,14.168000000000003,0.0,1014.36
2016-09-25 03:00:00,6.577777777777779,5.377777777777777,0.86,6.5849,13.0,9.9015,0.0,1018.12
2016-09-25 04:00:00,6.577777777777779,6.577777777777779,0.86,3.2683,46.0,9.8049,0.0,1017.62
2016-09-25 05:00:00,5.972222222222222,5.972222222222222,0.89,3.5581,17.0,9.8049,0.0,1017.22
2016-09-25 06:00:00,5.444444444444443,5.444444444444443,0.89,3.703,345.0,6.021400000000001,0.0,1016.82
2016-09-25 07:00:00,4.9833333333333325,4.9833333333333325,0.93,3.3327,37.0,4.4436,0.0,1016.63
2016-09-25 08:00:00,9.722222222222221,9.722222222222221,0.85,4.7334000000000005,30.0,7.084000000000001,0.0,1016.41
2016-09-25 09:00:00,13.72777777777778,13.72777777777778,0.68,0.1449,70.0,9.982000000000001,0.0,1016.01
2016-09-25 10:00:00,17.705555555555556,17.705555555555556,0.53,9.321900000000001,147.0,9.982000000000001,0.0,1015.53
2016-09-25 11:00:00,19.91111111111111,19.91111111111111,0.45,11.431000000000001,149.0,9.982000000000001,0.0,1015.27
2016-09-25 12:00:00,22.24444444444445,22.24444444444445,0.38,10.867500000000001,138.0,9.982000000000001,0.0,1014.7
2016-09-25 13:00:00,22.82222222222222,22.82222222222222,0.37,10.8192,148.0,9.982000000000001,0.0,1014.19
2016-09-25 14:00:00,23.783333333333335,23.783333333333335,0.32,8.935500000000001,146.0,10.3523,0.0,1013.58
2016-09-25 15:00:00,23.883333333333333,23.883333333333333,0.32,7.7440999999999995,131.0,9.982000000000001,0.0,1012.84
2016-09-25 16:00:00,23.96111111111111,23.96111111111111,0.29,4.652900000000001,123.0,9.982000000000001,0.0,1012.53
2016-09-25 17:00:00,23.833333333333336,23.833333333333336,0.3,5.635000000000001,208.0,10.3523,0.0,1012.34
2016-09-25 18:00:00,22.58888888888889,22.58888888888889,0.35,0.5152,20.0,9.982000000000001,0.0,1012.13
2016-09-25 19:00:00,17.105555555555554,17.105555555555554,0.53,11.270000000000001,350.0,9.982000000000001,0.0,1012.33
2016-09-25 20:00:00,15.027777777777779,15.027777777777779,0.61,4.4758,67.0,9.982000000000001,0.0,1012.67
2016-09-25 21:00:00,12.711111111111112,12.711111111111112,0.7,6.44,0.0,9.982000000000001,0.0,1012.84
2016-09-25 22:00:00,12.644444444444442,12.644444444444442,0.73,6.44,0.0,15.826300000000002,0.0,1012.85
2016-09-25 23:00:00,11.144444444444446,11.144444444444446,0.76,3.3649,336.0,14.586600000000002,0.0,1013.26
2016-09-26 00:00:00,10.516666666666667,10.516666666666667,0.77,6.9874,340.0,15.826300000000002,0.0,1013.15
2016-09-26 01:00:00,8.916666666666664,6.661111111111112,0.75,14.49,0.0,15.826300000000002,0.0,1013.24
2016-09-26 02:00:00,13.177777777777777,13.177777777777777,0.81,9.2897,69.0,11.1734,0.0,1010.39
2016-09-26 03:00:00,7.805555555555554,6.688888888888888,0.86,6.9874,350.0,9.982000000000001,0.0,1013.14
2016-09-26 04:00:00,7.405555555555555,7.405555555555555,0.83,4.652900000000001,348.0,9.982000000000001,0.0,1012.72
2016-09-26 05:00:00,8.583333333333336,8.583333333333336,0.87,3.1234,344.0,11.253900000000002,0.0,1012.74
2016-09-26 06:00:00,7.88888888888889,6.694444444444443,0.84,7.357700000000001,346.0,7.969500000000001,0.0,1012.73
2016-09-26 07:00:00,7.355555555555558,7.355555555555558,0.8,0.6601,359.0,6.118,0.0,1012.92
2016-09-26 08:00:00,10.088888888888887,10.088888888888887,0.84,7.5992,52.0,7.550900000000001,0.0,1013.01
2016-09-26 09:00:00,12.200000000000001,12.200000000000001,0.75,4.1055,127.0,9.9015,0.0,1012.86
2016-09-26 10:00:00,12.82777777777778,12.82777777777778,0.73,4.6368,146.0,9.9015,0.0,1013.03
2016-09-26 11:00:00,13.955555555555556,13.955555555555556,0.74,4.717300000000001,170.0,11.0285,0.0,1013.12
2016-09-26 12:00:00,16.116666666666664,16.116666666666664,0.62,9.0965,108.0,9.982000000000001,0.0,1012.6
2016-09-26 13:00:00,17.133333333333336,17.133333333333336,0.59,10.2718,138.0,9.982000000000001,0.0,1012.03
2016-09-26 14:00:00,16.983333333333334,16.983333333333334,0.61,8.1466,90.0,9.9015,0.0,1011.77
2016-09-26 15:00:00,17.17777777777778,17.17777777777778,0.63,10.6743,117.0,11.125100000000002,0.0,1011.3
2016-09-26 16:00:00,16.20555555555556,16.20555555555556,0.72,10.6099,138.0,11.125100000000002,0.0,1011.0
2016-09-26 17:00:00,15.366666666666665,15.366666666666665,0.81,13.6045,138.0,7.985600000000001,0.0,1011.16
2016-09-26 18:00:00,15.18333333333333,15.18333333333333,0.77,12.654600000000002,130.0,8.05,0.0,1010.96
2016-09-26 19:00:00,14.049999999999999,14.049999999999999,0.82,11.0929,120.0,8.05,0.0,1010.85
2016-09-26 20:00:00,14.088888888888889,14.088888888888889,0.84,9.177000000000001,113.0,8.3398,0.0,1011.11
2016-09-26 21:00:00,13.88888888888889,13.88888888888889,0.83,9.563400000000001,72.0,10.980200000000002,0.0,1010.92
2016-09-26 22:00:00,14.400000000000002,14.400000000000002,0.78,6.295100000000001,89.0,9.8049,0.0,1011.02
2016-09-26 23:00:00,14.405555555555557,14.405555555555557,0.82,10.787,78.0,9.837100000000001,0.0,1010.98
2016-09-27 00:00:00,14.400000000000002,14.400000000000002,0.78,11.012400000000001,78.0,14.731500000000002,0.0,1010.4
2016-09-27 01:00:00,14.377777777777778,14.377777777777778,0.78,11.0607,79.0,14.731500000000002,0.0,1009.81
2016-09-27 02:00:00,14.21111111111111,14.21111111111111,0.85,13.250300000000001,112.0,11.527600000000001,0.0,1010.38
2016-09-27 03:00:00,13.28888888888889,13.28888888888889,0.83,14.023100000000003,70.0,7.969500000000001,0.0,1009.12
2016-09-27 04:00:00,13.711111111111112,13.711111111111112,0.81,14.457800000000002,79.0,6.118,0.0,1008.82
2016-09-27 05:00:00,13.177777777777777,13.177777777777777,0.85,13.4274,70.0,6.6976,0.0,1008.47
2016-09-27 06:00:00,12.766666666666664,12.766666666666664,0.9,12.4131,108.0,5.0393,0.0,1008.52
2016-09-27 07:00:00,13.783333333333335,13.783333333333335,0.83,13.9748,118.0,7.905100000000001,0.0,1008.49
2016-09-27 08:00:00,14.733333333333336,14.733333333333336,0.8,16.261,126.0,9.016,0.0,1008.5
2016-09-27 09:00:00,17.644444444444442,17.644444444444442,0.73,20.3826,139.0,9.982000000000001,0.0,1008.19
2016-09-27 10:00:00,19.88888888888889,19.88888888888889,0.64,17.388,148.0,9.982000000000001,0.0,1008.27
2016-09-27 11:00:00,21.927777777777777,21.927777777777777,0.6,25.9049,157.0,10.3523,0.0,1008.36
2016-09-27 12:00:00,22.55,22.55,0.54,26.0498,160.0,9.982000000000001,0.0,1008.03
2016-09-27 13:00:00,22.555555555555554,22.555555555555554,0.55,22.8942,179.0,11.270000000000001,0.0,1008.27
2016-09-27 14:00:00,20.977777777777778,20.977777777777778,0.65,13.4596,253.0,11.4471,0.0,1009.08
2016-09-27 15:00:00,17.73888888888889,17.73888888888889,0.84,11.0446,259.0,6.118,0.0,1009.56
2016-09-27 16:00:00,17.6,17.6,0.84,4.1377,147.0,11.0446,0.0,1010.33
2016-09-27 17:00:00,16.97222222222222,16.97222222222222,0.83,8.227100000000002,301.0,11.237800000000002,0.0,1010.36
2016-09-27 18:00:00,15.994444444444444,15.994444444444444,0.81,9.2253,340.0,11.125100000000002,0.0,1010.78
2016-09-27 19:00:00,14.933333333333334,14.933333333333334,0.87,8.05,60.0,6.1985,0.0,1010.98
2016-09-27 20:00:00,14.81666666666667,14.81666666666667,0.88,12.461400000000001,72.0,7.647500000000001,0.0,1011.13
2016-09-27 21:00:00,14.81666666666667,14.81666666666667,0.88,9.016,99.0,7.711900000000001,0.0,1011.2
2016-09-27 22:00:00,15.32777777777778,15.32777777777778,0.85,13.5401,120.0,7.695800000000001,0.0,1011.49
2016-09-27 23:00:00,14.349999999999998,14.349999999999998,0.91,13.2986,108.0,9.6117,0.0,1011.4
2016-09-28 00:00:00,14.383333333333333,14.383333333333333,0.9,10.9641,118.0,7.8729,0.0,1011.21
2016-09-28 01:00:00,13.894444444444442,13.894444444444442,0.86,6.0858,134.0,7.969500000000001,0.0,1011.17
2016-09-28 02:00:00,11.199999999999998,11.199999999999998,0.9,11.012400000000001,108.0,2.0608,0.0,1017.24
2016-09-28 03:00:00,14.283333333333335,14.283333333333335,0.88,16.744000000000003,128.0,14.731500000000002,0.0,1009.9
2016-09-28 04:00:00,14.822222222222223,14.822222222222223,0.84,20.5597,119.0,15.649200000000002,0.0,1008.99
2016-09-28 05:00:00,14.333333333333334,14.333333333333334,0.85,16.2127,135.0,14.7959,0.0,1009.23
2016-09-28 06:00:00,14.905555555555553,14.905555555555553,0.84,23.0713,139.0,9.8049,0.0,1008.47
2016-09-28 07:00:00,16.016666666666666,16.016666666666666,0.79,23.489900000000002,130.0,11.0446,0.0,1008.19
2016-09-28 08:00:00,17.144444444444446,17.144444444444446,0.77,23.8441,132.0,9.9015,0.0,1008.51
2016-09-28 09:00:00,17.155555555555555,17.155555555555555,0.76,23.683100000000003,150.0,9.9015,0.0,1007.38
2016-09-28 10:00:00,18.81666666666667,18.81666666666667,0.74,24.6008,160.0,11.125100000000002,0.0,1008.47
2016-09-28 11:00:00,19.92777777777778,19.92777777777778,0.69,25.0033,173.0,11.592,0.0,1008.43
2016-09-28 12:00:00,17.6,17.6,0.78,36.1606,192.0,11.125100000000002,0.0,1010.3
2016-09-28 13:00:00,16.994444444444447,16.994444444444447,0.81,13.8621,239.0,11.270000000000001,0.0,1011.19
2016-09-28 14:00:00,15.144444444444442,15.144444444444442,0.87,8.4686,195.0,11.0768,0.0,1012.22
2016-09-28 15:00:00,15.755555555555556,15.755555555555556,0.85,6.923,167.0,15.874600000000001,0.0,1012.41
2016-09-28 16:00:00,17.88888888888889,17.88888888888889,0.77,12.7673,204.0,11.270000000000001,0.0,1011.94
2016-09-28 17:00:00,18.905555555555555,18.905555555555555,0.74,13.9426,178.0,11.4471,0.0,1011.91
2016-09-28 18:00:00,17.31111111111111,17.31111111111111,0.8,5.1681,149.0,11.2056,0.0,1012.37
2016-09-28 19:00:00,15.13888888888889,15.13888888888889,0.86,1.9964000000000002,103.0,9.982000000000001,0.0,1013.28
2016-09-28 20:00:00,14.983333333333333,14.983333333333333,0.88,4.4436,131.0,9.450700000000001,0.0,1014.22
2016-09-28 21:00:00,13.88888888888889,13.88888888888889,0.9,3.5903,173.0,4.2021,0.0,1014.79
2016-09-28 22:00:00,12.805555555555554,12.805555555555554,0.93,3.4937,167.0,0.483,0.0,1015.48
2016-09-28 23:00:00,12.333333333333336,12.333333333333336,0.91,3.3971,134.0,1.4812,0.0,1016.21
2016-09-29 00:00:00,11.622222222222224,11.622222222222224,0.93,7.1323,172.0,0.32200000000000006,0.0,1016.99
2016-09-29 01:00:00,11.605555555555556,11.605555555555556,0.93,7.1323,172.0,0.43470000000000003,0.0,1017.89
2016-09-29 02:00:00,9.649999999999999,9.649999999999999,0.88,1.8032000000000004,234.0,5.828200000000001,0.0,1022.87
2016-09-29 03:00:00,9.4,9.4,0.89,1.5295,130.0,2.2057,0.0,1019.0
2016-09-29 04:00:00,8.472222222222221,8.472222222222221,0.93,4.7656,159.0,2.2057,0.0,1019.57
2016-09-29 05:00:00,8.594444444444443,8.594444444444443,0.93,3.1717,161.0,1.0465000000000002,0.0,1019.93
2016-09-29 06:00:00,7.316666666666667,7.316666666666667,0.93,3.4615,134.0,0.43470000000000003,0.0,1020.08
2016-09-29 07:00:00,8.822222222222223,7.349999999999998,0.93,9.4024,151.0,0.5152,0.0,1020.4
2016-09-29 08:00:00,9.27222222222222,8.361111111111109,0.93,7.1162,182.0,0.5635,0.0,1021.28
2016-09-29 09:00:00,12.455555555555556,12.455555555555556,0.85,1.8515,174.0,0.7567,0.0,1021.93
2016-09-29 10:00:00,16.227777777777778,16.227777777777778,0.85,8.420300000000001,159.0,8.1305,0.0,1022.07
2016-09-29 11:00:00,18.899999999999995,18.899999999999995,0.65,8.3398,132.0,9.6278,0.0,1022.08
2016-09-29 12:00:00,21.11111111111111,21.11111111111111,0.49,7.615300000000001,126.0,11.2056,0.0,1022.07
2016-09-29 13:00:00,22.22222222222222,22.22222222222222,0.43,8.3076,189.0,9.982000000000001,0.0,1021.98
2016-09-29 14:00:00,22.600000000000005,22.600000000000005,0.44,5.313,189.0,10.3523,0.0,1021.79
2016-09-29 15:00:00,22.800000000000004,22.800000000000004,0.38,11.3183,199.0,9.982000000000001,0.0,1021.46
2016-09-29 16:00:00,22.338888888888885,22.338888888888885,0.39,5.2969,186.0,9.982000000000001,0.0,1021.37
2016-09-29 17:00:00,22.29444444444444,22.29444444444444,0.42,8.9838,187.0,10.3523,0.0,1021.44
2016-09-29 18:00:00,20.04444444444444,20.04444444444444,0.52,4.9427,194.0,9.982000000000001,0.0,1021.58
2016-09-29 19:00:00,17.22222222222222,17.22222222222222,0.62,5.0393,160.0,9.982000000000001,0.0,1021.9
2016-09-29 20:00:00,14.022222222222224,14.022222222222224,0.77,2.8658,133.0,9.982000000000001,0.0,1022.28
2016-09-29 21:00:00,12.68888888888889,12.68888888888889,0.77,1.449,293.0,9.982000000000001,0.0,1022.71
2016-09-29 22:00:00,12.594444444444445,12.594444444444445,0.75,3.22,40.0,15.826300000000002,0.0,1022.9
2016-09-29 23:00:00,11.67222222222222,11.67222222222222,0.84,5.2325,18.0,14.9569,0.0,1023.13
2016-09-30 00:00:00,10.905555555555557,10.905555555555557,0.86,3.22,100.0,9.982000000000001,0.0,1023.22
2016-09-30 01:00:00,9.377777777777778,9.377777777777778,0.89,3.059,352.0,6.295100000000001,0.0,1023.41
2016-09-30 02:00:00,9.583333333333334,9.055555555555554,0.87,5.828200000000001,338.0,14.168000000000003,0.0,1026.33
2016-09-30 03:00:00,9.305555555555555,8.649999999999999,0.93,6.118,41.0,6.295100000000001,0.0,1023.72
2016-09-30 04:00:00,8.305555555555557,8.305555555555557,0.89,2.9141000000000004,358.0,6.295100000000001,0.0,1023.93
2016-09-30 05:00:00,7.533333333333335,7.533333333333335,0.9,3.5420000000000007,5.0,6.8425,0.0,1023.96
2016-09-30 06:00:00,7.755555555555556,7.755555555555556,0.89,4.6368,336.0,6.295100000000001,0.0,1023.76
2016-09-30 07:00:00,7.733333333333334,6.433333333333333,0.89,7.695800000000001,318.0,6.295100000000001,0.0,1024.25
2016-09-30 08:00:00,11.099999999999998,11.099999999999998,0.87,2.0769,305.0,9.6278,0.0,1024.87
2016-09-30 09:00:00,15.977777777777776,15.977777777777776,0.68,11.270000000000001,20.0,9.982000000000001,0.0,1025.11
2016-09-30 10:00:00,18.772222222222226,18.772222222222226,0.57,4.7334000000000005,327.0,9.982000000000001,0.0,1025.21
2016-09-30 11:00:00,20.933333333333337,20.933333333333337,0.49,1.5617,77.0,9.982000000000001,0.0,1025.3
2016-09-30 12:00:00,22.133333333333336,22.133333333333336,0.43,2.6726,21.0,9.982000000000001,0.0,1025.23
2016-09-30 13:00:00,22.733333333333334,22.733333333333334,0.38,2.8175000000000003,32.0,9.982000000000001,0.0,1025.32
2016-09-30 14:00:00,22.77777777777778,22.77777777777778,0.38,2.3506,125.0,10.3523,0.0,1025.15
2016-09-30 15:00:00,22.77777777777778,22.77777777777778,0.37,2.3828,82.0,9.982000000000001,0.0,1025.11
2016-09-30 16:00:00,22.800000000000004,22.800000000000004,0.37,4.1699,80.0,9.982000000000001,0.0,1025.01
2016-09-30 17:00:00,22.283333333333335,22.283333333333335,0.39,5.1681,314.0,10.3523,0.0,1024.95
2016-09-30 18:00:00,19.95,19.95,0.53,6.44,330.0,9.982000000000001,0.0,1025.01
2016-09-30 19:00:00,17.200000000000003,17.200000000000003,0.64,3.22,320.0,9.982000000000001,0.0,1025.42
2016-09-30 20:00:00,15.055555555555555,15.055555555555555,0.74,3.059,345.0,9.982000000000001,0.0,1025.83
2016-09-30 21:00:00,13.733333333333333,13.733333333333333,0.78,3.0268,25.0,9.982000000000001,0.0,1026.22
2016-09-30 22:00:00,12.711111111111112,12.711111111111112,0.78,0.0,0.0,15.826300000000002,0.0,1026.43
2016-09-30 23:00:00,11.533333333333331,11.533333333333331,0.86,6.601,327.0,14.9569,0.0,1026.64
2016-10-01 00:00:00,12.088888888888887,12.088888888888887,0.8,6.4561,347.0,14.9086,0.0,1026.65
2016-10-01 01:00:00,11.072222222222223,11.072222222222223,0.86,3.1878,25.0,14.9086,0.0,1026.74
2016-10-01 02:00:00,10.794444444444444,10.794444444444444,0.81,8.0983,2.0,14.876400000000002,0.0,1025.55
2016-10-01 03:00:00,11.466666666666667,11.466666666666667,0.84,3.5581,17.0,14.9086,0.0,1026.73
2016-10-01 04:00:00,9.916666666666666,9.916666666666666,0.86,3.5581,7.0,14.9086,0.0,1026.54
2016-10-01 05:00:00,9.288888888888888,8.450000000000001,0.87,6.8425,331.0,14.168000000000003,0.0,1026.77
2016-10-01 06:00:00,10.399999999999999,10.399999999999999,0.87,6.1502,3.0,14.9086,0.0,1026.84
2016-10-01 07:00:00,8.894444444444442,8.894444444444442,0.89,4.6851,341.0,9.8049,0.0,1027.05
2016-10-01 08:00:00,12.63888888888889,12.63888888888889,0.79,5.3452,4.0,9.9015,0.0,1027.27
2016-10-01 09:00:00,15.91111111111111,15.91111111111111,0.68,5.0071,22.0,9.982000000000001,0.0,1027.35
2016-10-01 10:00:00,19.777777777777775,19.777777777777775,0.54,9.338000000000001,68.0,9.982000000000001,0.0,1027.44
2016-10-01 11:00:00,21.97222222222222,21.97222222222222,0.47,11.1734,74.0,10.3523,0.0,1027.3
2016-10-01 12:00:00,22.24444444444445,22.24444444444445,0.44,12.1555,61.0,9.982000000000001,0.0,1027.13
2016-10-01 13:00:00,23.83888888888889,23.83888888888889,0.38,8.8872,49.0,9.982000000000001,0.0,1026.63
2016-10-01 14:00:00,23.755555555555556,23.755555555555556,0.37,9.2897,64.0,10.3523,0.0,1026.23
2016-10-01 15:00:00,24.977777777777774,24.977777777777774,0.32,4.186000000000001,20.0,9.982000000000001,0.0,1025.93
2016-10-01 16:00:00,23.86111111111111,23.86111111111111,0.35,9.4024,359.0,9.982000000000001,0.0,1025.42
2016-10-01 17:00:00,22.927777777777774,22.927777777777774,0.37,9.7888,355.0,10.3523,0.0,1025.17
2016-10-01 18:00:00,19.994444444444444,19.994444444444444,0.46,7.824600000000001,21.0,9.982000000000001,0.0,1025.12
2016-10-01 19:00:00,18.7,18.7,0.53,8.919400000000001,39.0,9.982000000000001,0.0,1025.31
2016-10-01 20:00:00,17.45555555555556,17.45555555555556,0.59,7.3094,45.0,9.982000000000001,0.0,1025.59
2016-10-01 21:00:00,16.849999999999998,16.849999999999998,0.6,7.5992,49.0,9.982000000000001,0.0,1025.54
2016-10-01 22:00:00,13.216666666666665,13.216666666666665,0.73,6.1502,30.0,15.826300000000002,0.0,1025.82
2016-10-01 23:00:00,13.383333333333335,13.383333333333335,0.74,6.7620000000000005,56.0,14.9569,0.0,1025.69
2016-10-02 00:00:00,11.57777777777778,11.57777777777778,0.78,3.2039,41.0,15.729700000000001,0.0,1025.7
2016-10-02 01:00:00,11.016666666666666,11.016666666666666,0.84,3.22,110.0,15.729700000000001,0.0,1025.32
2016-10-02 02:00:00,11.86111111111111,11.86111111111111,0.8,5.5223,126.0,14.168000000000003,0.0,1022.06
2016-10-02 03:00:00,10.46111111111111,10.46111111111111,0.84,3.22,350.0,15.729700000000001,0.0,1024.81
2016-10-02 04:00:00,9.466666666666665,9.466666666666665,0.86,3.0751,12.0,15.729700000000001,0.0,1024.41
2016-10-02 05:00:00,9.833333333333336,9.833333333333336,0.87,2.9785000000000004,0.0,14.876400000000002,0.0,1024.37
2016-10-02 06:00:00,8.927777777777777,8.927777777777777,0.89,0.1288,120.0,9.7566,0.0,1024.3
2016-10-02 07:00:00,9.877777777777778,9.877777777777778,0.87,4.5563,118.0,5.9087000000000005,0.0,1024.32
2016-10-02 08:00:00,12.555555555555555,12.555555555555555,0.9,6.810300000000001,140.0,6.295100000000001,0.0,1024.48
2016-10-02 09:00:00,14.97777777777778,14.97777777777778,0.83,4.524100000000001,157.0,9.982000000000001,0.0,1024.59
2016-10-02 10:00:00,18.911111111111115,18.911111111111115,0.65,11.0285,168.0,9.982000000000001,0.0,1024.3
2016-10-02 11:00:00,22.083333333333332,22.083333333333332,0.47,12.5419,185.0,10.3523,0.0,1024.28
2016-10-02 12:00:00,22.82222222222222,22.82222222222222,0.38,12.397,177.0,9.982000000000001,0.0,1023.78
2016-10-02 13:00:00,23.911111111111115,23.911111111111115,0.39,9.724400000000001,169.0,9.982000000000001,0.0,1023.46
2016-10-02 14:00:00,24.02777777777778,24.02777777777778,0.34,14.1197,171.0,10.3523,0.0,1022.48
2016-10-02 15:00:00,24.95,24.95,0.34,15.166200000000002,188.0,9.982000000000001,0.0,1022.09
2016-10-02 16:00:00,23.93333333333333,23.93333333333333,0.35,12.4292,198.0,9.982000000000001,0.0,1021.68
2016-10-02 17:00:00,22.883333333333333,22.883333333333333,0.4,8.05,170.0,10.3523,0.0,1021.61
2016-10-02 18:00:00,21.17777777777778,21.17777777777778,0.49,2.0286,165.0,9.982000000000001,0.0,1021.39
2016-10-02 19:00:00,17.872222222222224,17.872222222222224,0.59,1.8676,147.0,9.982000000000001,0.0,1021.67
2016-10-02 20:00:00,16.316666666666666,16.316666666666666,0.66,7.2772,114.0,9.982000000000001,0.0,1021.83
2016-10-02 21:00:00,15.02222222222222,15.02222222222222,0.67,3.059,149.0,9.982000000000001,0.0,1021.8
2016-10-02 22:00:00,14.349999999999998,14.349999999999998,0.75,3.0912,168.0,15.826300000000002,0.0,1021.9
2016-10-02 23:00:00,14.488888888888887,14.488888888888887,0.73,3.1395,159.0,14.9569,0.0,1021.96
2016-10-03 00:00:00,13.28888888888889,13.28888888888889,0.8,3.0751,140.0,14.9086,0.0,1021.78
2016-10-03 01:00:00,12.755555555555556,12.755555555555556,0.8,6.166300000000001,140.0,14.9086,0.0,1021.49
2016-10-03 02:00:00,11.561111111111112,11.561111111111112,0.8,2.8175000000000003,154.0,14.023100000000003,0.0,1021.13
2016-10-03 03:00:00,10.577777777777776,10.577777777777776,0.83,4.652900000000001,138.0,9.982000000000001,0.0,1021.1
2016-10-03 04:00:00,10.02222222222222,10.02222222222222,0.88,3.22,129.0,6.295100000000001,0.0,1020.98
2016-10-03 05:00:00,8.905555555555557,8.905555555555557,0.88,4.5402000000000005,88.0,6.7781,0.0,1021.14
2016-10-03 06:00:00,10.811111111111112,10.811111111111112,0.81,12.477500000000001,130.0,9.8049,0.0,1020.7
2016-10-03 07:00:00,10.838888888888887,10.838888888888887,0.78,11.9623,140.0,9.9015,0.0,1020.62
2016-10-03 08:00:00,12.333333333333336,12.333333333333336,0.76,6.923,141.0,9.9015,0.0,1020.94
2016-10-03 09:00:00,17.066666666666666,17.066666666666666,0.55,9.6117,151.0,9.982000000000001,0.0,1020.91
2016-10-03 10:00:00,18.84444444444445,18.84444444444445,0.48,12.5741,160.0,9.982000000000001,0.0,1021.11
2016-10-03 11:00:00,21.04444444444444,21.04444444444444,0.38,12.719000000000001,170.0,10.3523,0.0,1021.05
2016-10-03 12:00:00,22.75555555555555,22.75555555555555,0.35,12.5097,171.0,9.982000000000001,0.0,1020.79
2016-10-03 13:00:00,22.938888888888894,22.938888888888894,0.37,9.3863,181.0,9.982000000000001,0.0,1020.49
2016-10-03 14:00:00,23.93888888888889,23.93888888888889,0.34,5.0715,174.0,10.3523,0.0,1020.19
2016-10-03 15:00:00,25.022222222222226,25.022222222222226,0.3,4.524100000000001,177.0,9.982000000000001,0.0,1019.88
2016-10-03 16:00:00,25.022222222222226,25.022222222222226,0.3,9.305800000000001,233.0,9.982000000000001,0.0,1019.6
2016-10-03 17:00:00,23.95555555555556,23.95555555555556,0.3,3.1717,221.0,10.3523,0.0,1019.67
2016-10-03 18:00:00,21.105555555555554,21.105555555555554,0.43,3.059,173.0,9.982000000000001,0.0,1019.89
2016-10-03 19:00:00,17.755555555555556,17.755555555555556,0.53,3.0107000000000004,152.0,9.982000000000001,0.0,1020.2
2016-10-03 20:00:00,16.288888888888888,16.288888888888888,0.62,0.27370000000000005,61.0,9.982000000000001,0.0,1020.45
2016-10-03 21:00:00,12.872222222222224,12.872222222222224,0.73,3.2039,289.0,9.982000000000001,0.0,1020.42
2016-10-03 22:00:00,13.244444444444447,13.244444444444447,0.7,3.22,320.0,15.826300000000002,0.0,1020.72
2016-10-03 23:00:00,12.833333333333334,12.833333333333334,0.76,3.0107000000000004,174.0,14.5222,0.0,1020.87
2016-10-04 00:00:00,12.68888888888889,12.68888888888889,0.8,2.8497000000000003,183.0,14.812,0.0,1020.81
2016-10-04 01:00:00,12.177777777777779,12.177777777777779,0.78,3.1395,195.0,14.6832,0.0,1020.73
2016-10-04 02:00:00,11.883333333333333,11.883333333333333,0.89,3.4293,251.0,4.0894,0.0,1021.32
2016-10-04 03:00:00,10.050000000000002,10.050000000000002,0.84,3.5742000000000007,291.0,11.672500000000001,0.0,1021.02
2016-10-04 04:00:00,10.533333333333335,10.533333333333335,0.84,3.22,300.0,11.592,0.0,1021.09
2016-10-04 05:00:00,10.255555555555556,10.255555555555556,0.89,2.1574000000000004,142.0,8.0661,0.0,1020.71
2016-10-04 06:00:00,10.027777777777777,10.027777777777777,0.86,0.5152,0.0,5.8765,0.0,1020.43
2016-10-04 07:00:00,8.961111111111112,8.13888888888889,0.89,6.5849,23.0,5.892600000000001,0.0,1020.63
2016-10-04 08:00:00,12.194444444444446,12.194444444444446,0.82,4.395300000000001,154.0,6.9713,0.0,1020.93
2016-10-04 09:00:00,14.88888888888889,14.88888888888889,0.73,0.0,0.0,7.905100000000001,0.0,1021.61
2016-10-04 10:00:00,17.63888888888889,17.63888888888889,0.67,0.1449,20.0,7.969500000000001,0.0,1021.71
2016-10-04 11:00:00,20.0,20.0,0.59,1.7871000000000004,276.0,9.6278,0.0,1021.58
2016-10-04 12:00:00,22.127777777777776,22.127777777777776,0.56,3.0429,293.0,9.982000000000001,0.0,1021.41
2016-10-04 13:00:00,22.127777777777776,22.127777777777776,0.56,1.1109,157.0,9.982000000000001,0.0,1021.11
2016-10-04 14:00:00,22.87777777777778,22.87777777777778,0.53,4.4275,326.0,9.982000000000001,0.0,1021.13
2016-10-04 15:00:00,22.75,22.75,0.54,4.8139,339.0,9.982000000000001,0.0,1021.01
2016-10-04 16:00:00,22.194444444444443,22.194444444444443,0.59,9.2253,350.0,9.982000000000001,0.0,1020.63
2016-10-04 17:00:00,22.299999999999997,22.299999999999997,0.59,10.255700000000001,1.0,9.982000000000001,0.0,1020.84
2016-10-04 18:00:00,19.899999999999995,19.899999999999995,0.69,5.0393,10.0,9.982000000000001,0.0,1020.82
2016-10-04 19:00:00,18.766666666666666,18.766666666666666,0.74,7.760200000000001,30.0,9.8049,0.0,1020.84
2016-10-04 20:00:00,17.15,17.15,0.76,4.5563,10.0,9.7566,0.0,1020.94
2016-10-04 21:00:00,16.06666666666667,16.06666666666667,0.81,7.792400000000001,29.0,7.905100000000001,0.0,1021.32
2016-10-04 22:00:00,16.038888888888888,16.038888888888888,0.85,3.1234,17.0,7.905100000000001,0.0,1021.5
2016-10-04 23:00:00,15.005555555555553,15.005555555555553,0.87,11.270000000000001,310.0,4.4919,0.0,1021.42
2016-10-05 00:00:00,13.455555555555556,13.455555555555556,0.86,6.44,310.0,3.059,0.0,1021.25
2016-10-05 01:00:00,13.333333333333334,13.333333333333334,0.86,6.1341,359.0,3.059,0.0,1021.51
2016-10-05 02:00:00,15.194444444444445,15.194444444444445,0.9,9.9015,313.0,7.1323,0.0,1018.6
2016-10-05 03:00:00,11.805555555555555,11.805555555555555,0.87,5.9892,291.0,2.5921000000000003,0.0,1021.4
2016-10-05 04:00:00,11.238888888888887,11.238888888888887,0.89,6.1824,359.0,1.9803000000000002,0.0,1021.21
2016-10-05 05:00:00,11.333333333333334,11.333333333333334,0.94,4.6046000000000005,340.0,1.5295,0.0,1021.04
2016-10-05 06:00:00,12.249999999999998,12.249999999999998,0.87,10.7548,340.0,2.4955000000000003,0.0,1020.82
2016-10-05 07:00:00,11.183333333333334,11.183333333333334,0.87,2.9141000000000004,324.0,0.9338,0.0,1020.81
2016-10-05 08:00:00,12.344444444444443,12.344444444444443,0.94,5.184200000000001,337.0,2.0447,0.0,1020.84
2016-10-05 09:00:00,15.050000000000002,15.050000000000002,0.87,3.1878,321.0,4.8783,0.0,1021.09
2016-10-05 10:00:00,17.733333333333334,17.733333333333334,0.79,1.5295,250.0,6.021400000000001,0.0,1020.82
2016-10-05 11:00:00,20.98333333333333,20.98333333333333,0.64,4.379200000000001,278.0,10.5294,0.0,1020.56
2016-10-05 12:00:00,22.22222222222222,22.22222222222222,0.59,9.724400000000001,269.0,11.125100000000002,0.0,1020.5
2016-10-05 13:00:00,22.71111111111111,22.71111111111111,0.58,8.1305,270.0,11.125100000000002,0.0,1020.02
2016-10-05 14:00:00,22.788888888888884,22.788888888888884,0.57,11.253900000000002,270.0,10.948,0.0,1018.99
2016-10-05 15:00:00,22.75555555555555,22.75555555555555,0.54,9.724400000000001,280.0,11.125100000000002,0.0,1018.61
2016-10-05 16:00:00,22.75555555555555,22.75555555555555,0.53,12.477500000000001,280.0,9.982000000000001,0.0,1018.11
2016-10-05 17:00:00,22.216666666666665,22.216666666666665,0.59,9.965900000000001,281.0,10.2718,0.0,1017.99
2016-10-05 18:00:00,20.0,20.0,0.73,8.05,310.0,11.270000000000001,0.0,1017.4
2016-10-05 19:00:00,18.93888888888889,18.93888888888889,0.78,5.055400000000001,267.0,9.9015,0.0,1017.52
2016-10-05 20:00:00,18.072222222222223,18.072222222222223,0.83,9.5473,298.0,11.0768,0.0,1017.64
2016-10-05 21:00:00,17.77777777777778,17.77777777777778,0.84,9.66,270.0,11.270000000000001,0.0,1017.9
2016-10-05 22:00:00,17.200000000000003,17.200000000000003,0.87,14.3451,290.0,9.8049,0.0,1018.14
2016-10-05 23:00:00,16.700000000000003,16.700000000000003,0.89,10.867500000000001,277.0,8.2593,0.0,1018.34
2016-10-06 00:00:00,16.6,16.6,0.9,6.7298,273.0,9.8049,0.0,1017.94
2016-10-06 01:00:00,16.016666666666666,16.016666666666666,0.9,6.552700000000001,283.0,6.118,0.0,1017.77
2016-10-06 02:00:00,11.500000000000002,11.500000000000002,0.78,9.6117,20.0,11.6081,0.0,1020.16
2016-10-06 03:00:00,14.949999999999998,14.949999999999998,0.9,13.894300000000003,320.0,6.118,0.0,1017.76
2016-10-06 04:00:00,13.32777777777778,13.32777777777778,0.93,6.7620000000000005,292.0,4.1216,0.0,1017.75
2016-10-06 05:00:00,12.938888888888888,12.938888888888888,0.91,7.0518,321.0,4.6368,0.0,1017.93
2016-10-06 06:00:00,12.266666666666666,12.266666666666666,0.93,11.0446,339.0,4.1216,0.0,1017.95
2016-10-06 07:00:00,12.755555555555556,12.755555555555556,0.9,13.9587,329.0,1.4651,0.0,1018.47
2016-10-06 08:00:00,12.883333333333333,12.883333333333333,0.91,13.7977,323.0,2.2218,0.0,1018.84
2016-10-06 09:00:00,13.800000000000002,13.800000000000002,0.9,11.0446,339.0,2.5921000000000003,0.0,1018.96
2016-10-06 10:00:00,15.100000000000001,15.100000000000001,0.83,12.9444,21.0,4.2021,0.0,1019.13
2016-10-06 11:00:00,15.972222222222221,15.972222222222221,0.75,10.4972,6.0,6.0053,0.0,1019.69
2016-10-06 12:00:00,17.22222222222222,17.22222222222222,0.67,8.5169,13.0,11.270000000000001,0.0,1019.82
2016-10-06 13:00:00,17.77777777777778,17.77777777777778,0.65,12.719000000000001,353.0,11.270000000000001,0.0,1019.34
2016-10-06 14:00:00,17.727777777777774,17.727777777777774,0.61,12.6868,356.0,11.4471,0.0,1018.93
2016-10-06 15:00:00,17.77777777777778,17.77777777777778,0.6,11.592,12.0,14.9569,0.0,1019.22
2016-10-06 16:00:00,17.75,17.75,0.56,11.382700000000002,23.0,11.270000000000001,0.0,1018.85
2016-10-06 17:00:00,17.705555555555556,17.705555555555556,0.57,11.785200000000001,5.0,11.4471,0.0,1018.91
2016-10-06 18:00:00,17.650000000000002,17.650000000000002,0.61,14.2807,31.0,14.9086,0.0,1018.85
2016-10-06 19:00:00,14.822222222222223,14.822222222222223,0.68,14.329,30.0,9.982000000000001,0.0,1019.25
2016-10-06 20:00:00,13.783333333333335,13.783333333333335,0.7,11.0929,37.0,9.982000000000001,0.0,1019.7
2016-10-06 21:00:00,12.7,12.7,0.72,11.414900000000001,40.0,9.982000000000001,0.0,1019.65
2016-10-06 22:00:00,12.17222222222222,12.17222222222222,0.72,11.270000000000001,40.0,14.9086,0.0,1019.74
2016-10-06 23:00:00,10.722222222222221,10.722222222222221,0.79,4.008900000000001,8.0,14.168000000000003,0.0,1019.97
2016-10-07 00:00:00,11.011111111111111,11.011111111111111,0.75,6.423900000000001,29.0,14.812,0.0,1020.14
2016-10-07 01:00:00,10.527777777777779,10.527777777777779,0.75,6.7942,9.0,11.8979,0.0,1020.34
2016-10-07 02:00:00,7.894444444444446,7.894444444444446,0.84,4.0733,32.0,11.6081,0.0,1022.66
2016-10-07 03:00:00,10.0,9.372222222222222,0.77,6.44,20.0,8.05,0.0,1020.33
2016-10-07 04:00:00,10.0,8.499999999999998,0.77,10.867500000000001,10.0,11.8979,0.0,1020.14
2016-10-07 05:00:00,9.905555555555555,8.338888888888887,0.79,11.1734,358.0,11.527600000000001,0.0,1020.1
2016-10-07 06:00:00,9.949999999999998,8.972222222222221,0.83,7.953400000000001,9.0,9.8049,0.0,1019.85
2016-10-07 07:00:00,10.0,8.761111111111113,0.77,9.338000000000001,11.0,7.969500000000001,0.0,1019.83
2016-10-07 08:00:00,9.944444444444445,8.955555555555556,0.84,8.0017,7.0,9.5473,0.0,1020.28
2016-10-07 09:00:00,12.222222222222221,12.222222222222221,0.72,11.0285,22.0,9.9015,0.0,1020.73
2016-10-07 10:00:00,12.777777777777779,12.777777777777779,0.69,12.799500000000002,40.0,9.982000000000001,0.0,1021.13
2016-10-07 11:00:00,15.0,15.0,0.61,15.391600000000002,27.0,9.982000000000001,0.0,1021.1
2016-10-07 12:00:00,16.11111111111111,16.11111111111111,0.56,17.3558,21.0,10.0464,0.0,1021.14
2016-10-07 13:00:00,17.22222222222222,17.22222222222222,0.48,15.874600000000001,20.0,10.0464,0.0,1020.83
2016-10-07 14:00:00,17.73888888888889,17.73888888888889,0.46,14.168000000000003,20.0,11.398800000000001,0.0,1020.51
2016-10-07 15:00:00,17.77777777777778,17.77777777777778,0.4,13.685,29.0,9.982000000000001,0.0,1020.25
2016-10-07 16:00:00,17.75,17.75,0.46,14.2324,11.0,11.2056,0.0,1020.04
2016-10-07 17:00:00,17.372222222222224,17.372222222222224,0.44,12.590200000000001,34.0,10.3523,0.0,1020.18
2016-10-07 18:00:00,15.050000000000002,15.050000000000002,0.51,9.2253,39.0,9.982000000000001,0.0,1020.53
2016-10-07 19:00:00,12.3,12.3,0.61,0.0,0.0,9.982000000000001,0.0,1021.11
2016-10-07 20:00:00,11.211111111111112,11.211111111111112,0.69,6.44,0.0,9.982000000000001,0.0,1021.96
2016-10-07 21:00:00,11.11111111111111,11.11111111111111,0.71,0.0,0.0,9.982000000000001,0.0,1022.11
2016-10-07 22:00:00,11.638888888888891,11.638888888888891,0.72,0.0,0.0,14.9086,0.0,1022.3
2016-10-07 23:00:00,10.633333333333333,10.633333333333333,0.75,5.8604,20.0,14.0875,0.0,1022.51
2016-10-08 00:00:00,8.472222222222221,8.472222222222221,0.83,3.22,40.0,14.812,0.0,1022.71
2016-10-08 01:00:00,7.8500000000000005,7.8500000000000005,0.83,3.1878,52.0,14.812,0.0,1022.8
2016-10-08 02:00:00,5.416666666666667,5.416666666666667,0.8,3.0751,357.0,14.0875,0.0,1024.09
2016-10-08 03:00:00,6.855555555555558,6.855555555555558,0.82,3.22,10.0,11.8979,0.0,1023.0
2016-10-08 04:00:00,6.338888888888887,6.338888888888887,0.82,3.22,40.0,9.9015,0.0,1023.01
2016-10-08 05:00:00,5.2888888888888905,5.2888888888888905,0.86,2.5116,309.0,9.9015,0.0,1022.93
2016-10-08 06:00:00,5.327777777777779,5.327777777777779,0.86,3.22,110.0,9.9015,0.0,1022.91
2016-10-08 07:00:00,5.394444444444445,5.394444444444445,0.86,4.83,30.0,6.1985,0.0,1023.1
2016-10-08 08:00:00,10.0,10.0,0.79,2.8819000000000004,353.0,9.6278,0.0,1023.39
2016-10-08 09:00:00,11.161111111111113,11.161111111111113,0.71,3.0912,225.0,9.982000000000001,0.0,0.0
2016-10-08 10:00:00,13.88888888888889,13.88888888888889,0.64,3.2039,179.0,9.982000000000001,0.0,0.0
2016-10-08 11:00:00,16.022222222222226,16.022222222222226,0.56,3.059,226.0,9.982000000000001,0.0,1024.04
2016-10-08 12:00:00,17.77777777777778,17.77777777777778,0.46,3.3488,148.0,11.2056,0.0,1023.7
2016-10-08 13:00:00,18.86111111111111,18.86111111111111,0.38,2.7048,151.0,9.982000000000001,0.0,1023.5
2016-10-08 14:00:00,19.81111111111111,19.81111111111111,0.37,3.5420000000000007,215.0,10.3523,0.0,1023.17
2016-10-08 15:00:00,18.93333333333333,18.93333333333333,0.35,7.406,130.0,9.982000000000001,0.0,1022.7
2016-10-08 16:00:00,18.883333333333333,18.883333333333333,0.37,1.9964000000000002,283.0,9.982000000000001,0.0,1022.29
2016-10-08 17:00:00,18.86111111111111,18.86111111111111,0.35,4.2343,353.0,10.3523,0.0,1022.07
2016-10-08 18:00:00,15.088888888888887,15.088888888888887,0.52,3.0751,70.0,9.982000000000001,0.0,1022.21
2016-10-08 19:00:00,12.244444444444444,12.244444444444444,0.62,3.22,80.0,9.982000000000001,0.0,1022.8
2016-10-08 20:00:00,11.244444444444447,11.244444444444447,0.71,3.22,20.0,9.982000000000001,0.0,1023.13
2016-10-08 21:00:00,8.93888888888889,8.93888888888889,0.78,0.0,0.0,9.982000000000001,0.0,1023.31
2016-10-08 22:00:00,9.355555555555558,8.627777777777778,0.78,6.44,300.0,14.9086,0.0,1023.42
2016-10-08 23:00:00,7.094444444444446,7.094444444444446,0.8,3.3327,2.0,14.168000000000003,0.0,1023.94
2016-10-09 00:00:00,6.622222222222224,6.622222222222224,0.8,3.22,310.0,14.812,0.0,1023.91
2016-10-09 01:00:00,6.116666666666665,3.7555555555555546,0.83,11.270000000000001,310.0,14.812,0.0,1024.03
2016-10-09 02:00:00,9.294444444444443,7.816666666666666,0.76,9.9176,45.0,14.023100000000003,0.0,1024.75
2016-10-09 03:00:00,4.544444444444444,4.544444444444444,0.86,0.0,0.0,14.812,0.0,1024.01
2016-10-09 04:00:00,4.033333333333332,2.4777777777777783,0.86,6.44,270.0,14.812,0.0,1024.1
2016-10-09 05:00:00,4.588888888888888,3.2166666666666663,0.83,6.1502,0.0,11.801300000000001,0.0,1023.83
2016-10-09 06:00:00,5.072222222222224,5.072222222222224,0.86,3.0751,340.0,9.7566,0.0,1023.92
2016-10-09 07:00:00,6.111111111111111,6.111111111111111,0.87,0.1449,280.0,9.6117,0.0,1023.95
2016-10-09 08:00:00,8.555555555555555,8.555555555555555,0.85,2.254,344.0,9.3541,0.0,1024.39
2016-10-09 09:00:00,11.11111111111111,11.11111111111111,0.72,7.969500000000001,340.0,9.8049,0.0,0.0
2016-10-09 10:00:00,14.949999999999998,14.949999999999998,0.61,4.8944,341.0,9.982000000000001,0.0,0.0
2016-10-09 11:00:00,17.12222222222222,17.12222222222222,0.49,5.828200000000001,346.0,9.982000000000001,0.0,1024.67
2016-10-09 12:00:00,18.811111111111114,18.811111111111114,0.41,4.8783,335.0,9.982000000000001,0.0,0.0
2016-10-09 13:00:00,18.83888888888889,18.83888888888889,0.41,5.119800000000001,10.0,10.0464,0.0,0.0
2016-10-09 14:00:00,18.894444444444446,18.894444444444446,0.4,1.5778,168.0,10.4006,0.0,1024.02
2016-10-09 15:00:00,17.82777777777778,17.82777777777778,0.43,9.032100000000002,61.0,10.0464,0.0,1023.73
2016-10-09 16:00:00,17.82222222222222,17.82222222222222,0.43,3.1395,70.0,10.0464,0.0,1023.61
2016-10-09 17:00:00,17.9,17.9,0.45,4.1216,70.0,10.3523,0.0,1023.59
2016-10-09 18:00:00,17.01111111111111,17.01111111111111,0.49,3.4937,31.0,9.982000000000001,0.0,1023.64
2016-10-09 19:00:00,13.800000000000002,13.800000000000002,0.56,9.5151,40.0,9.982000000000001,0.0,1023.96
2016-10-09 20:00:00,12.733333333333334,12.733333333333334,0.65,7.8729,57.0,9.982000000000001,0.0,1024.31
2016-10-09 21:00:00,12.555555555555555,12.555555555555555,0.65,9.209200000000001,59.0,9.982000000000001,0.0,1024.64
2016-10-09 22:00:00,11.516666666666664,11.516666666666664,0.7,11.0446,70.0,15.826300000000002,0.0,1024.93
2016-10-09 23:00:00,11.661111111111113,11.661111111111113,0.66,10.626,63.0,9.982000000000001,0.0,1025.0
2016-10-10 00:00:00,11.455555555555556,11.455555555555556,0.72,8.017800000000001,84.0,8.5491,0.0,1025.0
2016-10-10 01:00:00,11.11111111111111,11.11111111111111,0.8,6.44,110.0,8.05,0.0,0.0
2016-10-10 02:00:00,10.122222222222222,10.122222222222222,0.85,7.245,16.0,9.579500000000001,0.0,1024.55
2016-10-10 03:00:00,10.388888888888891,10.388888888888891,0.67,10.770900000000001,58.0,15.649200000000002,0.0,1024.33
2016-10-10 04:00:00,9.855555555555558,8.32222222222222,0.68,10.8836,49.0,9.982000000000001,0.0,1024.13
2016-10-10 05:00:00,10.82777777777778,10.82777777777778,0.63,10.851400000000002,56.0,14.9569,0.0,1024.08
2016-10-10 06:00:00,9.855555555555558,8.538888888888888,0.67,9.595600000000001,40.0,9.982000000000001,0.0,1023.66
2016-10-10 07:00:00,9.899999999999999,8.572222222222223,0.67,9.724400000000001,41.0,9.982000000000001,0.0,1023.86
2016-10-10 08:00:00,10.050000000000002,10.050000000000002,0.68,11.0446,31.0,9.982000000000001,0.0,1024.26
2016-10-10 09:00:00,11.038888888888888,11.038888888888888,0.62,11.0768,40.0,9.982000000000001,0.0,1024.33
2016-10-10 10:00:00,11.22777777777778,11.22777777777778,0.61,15.778000000000002,50.0,9.982000000000001,0.0,1024.51
2016-10-10 11:00:00,12.216666666666669,12.216666666666669,0.59,12.783400000000002,49.0,9.982000000000001,0.0,1024.52
2016-10-10 12:00:00,12.988888888888889,12.988888888888889,0.59,12.8156,50.0,9.982000000000001,0.0,1024.11
2016-10-10 13:00:00,13.011111111111113,13.011111111111113,0.58,14.2163,42.0,9.982000000000001,0.0,1023.6
2016-10-10 14:00:00,13.93888888888889,13.93888888888889,0.56,9.8854,41.0,11.0285,0.0,1023.14
2016-10-10 15:00:00,14.122222222222224,14.122222222222224,0.58,11.2217,40.0,9.982000000000001,0.0,1022.79
2016-10-10 16:00:00,13.055555555555555,13.055555555555555,0.7,4.8622000000000005,18.0,11.2056,0.0,1022.3
2016-10-10 17:00:00,13.011111111111113,13.011111111111113,0.71,8.4686,51.0,11.0285,0.0,1022.35
2016-10-10 18:00:00,12.872222222222224,12.872222222222224,0.71,7.9373000000000005,21.0,9.982000000000001,0.0,1022.1
2016-10-10 19:00:00,12.805555555555554,12.805555555555554,0.72,4.6046000000000005,20.0,11.2056,0.0,1022.11
2016-10-10 20:00:00,12.611111111111112,12.611111111111112,0.75,4.6368,20.0,10.6743,0.0,1022.19
2016-10-10 21:00:00,12.200000000000001,12.200000000000001,0.75,4.7495,29.0,11.270000000000001,0.0,1022.34
2016-10-10 22:00:00,12.711111111111112,12.711111111111112,0.73,3.1234,37.0,11.8979,0.0,1022.33
2016-10-10 23:00:00,12.13888888888889,12.13888888888889,0.8,5.2808,353.0,11.253900000000002,0.0,1022.41
2016-10-11 00:00:00,12.177777777777779,12.177777777777779,0.78,11.270000000000001,10.0,9.9015,0.0,1022.32
2016-10-11 01:00:00,11.666666666666666,11.666666666666666,0.83,11.270000000000001,0.0,9.9015,0.0,1022.42
2016-10-11 02:00:00,12.07777777777778,12.07777777777778,0.93,4.0572,355.0,9.5473,0.0,1022.09
2016-10-11 03:00:00,11.666666666666666,11.666666666666666,0.86,11.270000000000001,20.0,8.05,0.0,1022.23
2016-10-11 04:00:00,11.622222222222224,11.622222222222224,0.83,3.5581,3.0,8.05,0.0,1022.14
2016-10-11 05:00:00,11.45,11.45,0.88,4.347,23.0,7.856800000000001,0.0,1022.28
2016-10-11 06:00:00,12.127777777777776,12.127777777777776,0.8,2.1735,27.0,8.05,0.0,1022.25
2016-10-11 07:00:00,12.083333333333334,12.083333333333334,0.8,3.5259,36.0,5.1359,0.0,1022.43
2016-10-11 08:00:00,12.016666666666667,12.016666666666667,0.83,2.4311000000000003,21.0,5.7477,0.0,1022.96
2016-10-11 09:00:00,12.177777777777779,12.177777777777779,0.85,8.8067,24.0,6.3434,0.0,1023.16
2016-10-11 10:00:00,12.733333333333334,12.733333333333334,0.83,8.033900000000001,12.0,6.3434,0.0,1023.76
2016-10-11 11:00:00,12.716666666666667,12.716666666666667,0.8,9.1287,28.0,7.5187,0.0,1024.3
2016-10-11 12:00:00,13.850000000000001,13.850000000000001,0.77,5.152000000000001,29.0,9.982000000000001,0.0,1024.14
2016-10-11 13:00:00,13.988888888888889,13.988888888888889,0.76,2.1896000000000004,32.0,11.2056,0.0,1024.21
2016-10-11 14:00:00,13.883333333333335,13.883333333333335,0.79,4.8783,350.0,9.9498,0.0,1024.17
2016-10-11 15:00:00,15.172222222222224,15.172222222222224,0.71,4.3309,305.0,11.2056,0.0,1024.19
2016-10-11 16:00:00,15.077777777777776,15.077777777777776,0.72,4.6207,334.0,11.2056,0.0,1023.81
2016-10-11 17:00:00,14.88888888888889,14.88888888888889,0.75,2.8497000000000003,289.0,8.9677,0.0,1023.66
2016-10-11 18:00:00,13.983333333333334,13.983333333333334,0.77,4.6046000000000005,290.0,11.2056,0.0,1023.42
2016-10-11 19:00:00,13.916666666666664,13.916666666666664,0.77,3.22,230.0,11.2056,0.0,1023.42
2016-10-11 20:00:00,12.833333333333334,12.833333333333334,0.85,5.2486,252.0,9.9498,0.0,1023.46
2016-10-11 21:00:00,12.872222222222224,12.872222222222224,0.89,4.5724,235.0,11.2056,0.0,1023.43
2016-10-11 22:00:00,12.82777777777778,12.82777777777778,0.85,3.0751,270.0,9.982000000000001,0.0,1023.32
2016-10-11 23:00:00,12.794444444444444,12.794444444444444,0.85,3.6386,252.0,8.9677,0.0,1023.38
2016-10-12 00:00:00,12.244444444444444,12.244444444444444,0.83,3.1878,255.0,9.9015,0.0,1023.03
2016-10-12 01:00:00,12.266666666666666,12.266666666666666,0.83,3.1395,295.0,9.9015,0.0,1022.64
2016-10-12 02:00:00,11.316666666666666,11.316666666666666,0.8,18.0803,317.0,7.9373000000000005,0.0,1018.06
2016-10-12 03:00:00,11.71111111111111,11.71111111111111,0.83,3.22,300.0,8.05,0.0,1022.03
2016-10-12 04:00:00,10.694444444444445,10.694444444444445,0.86,2.6404,184.0,6.1985,0.0,1021.72
2016-10-12 05:00:00,10.894444444444444,10.894444444444444,0.87,3.3810000000000002,257.0,6.295100000000001,0.0,1021.4
2016-10-12 06:00:00,11.183333333333334,11.183333333333334,0.86,0.11270000000000002,21.0,6.1985,0.0,1020.84
2016-10-12 07:00:00,11.11111111111111,11.11111111111111,0.86,3.1717,350.0,4.6690000000000005,0.0,1020.52
2016-10-12 08:00:00,12.216666666666669,12.216666666666669,0.87,2.8014,176.0,5.7477,0.0,1020.16
2016-10-12 09:00:00,12.755555555555556,12.755555555555556,0.83,7.293300000000001,201.0,6.1985,0.0,1020.32
2016-10-12 10:00:00,12.82777777777778,12.82777777777778,0.82,4.5724,221.0,6.295100000000001,0.0,1020.12
2016-10-12 11:00:00,14.772222222222224,14.772222222222224,0.75,9.853200000000001,196.0,7.5187,0.0,1020.16
2016-10-12 12:00:00,15.0,15.0,0.67,10.770900000000001,233.0,8.1305,0.0,1019.52
2016-10-12 13:00:00,15.02222222222222,15.02222222222222,0.67,9.338000000000001,253.0,6.295100000000001,0.0,1019.02
2016-10-12 14:00:00,15.055555555555555,15.055555555555555,0.72,8.3237,252.0,5.957000000000001,0.0,1018.69
2016-10-12 15:00:00,16.06666666666667,16.06666666666667,0.66,7.728,224.0,6.295100000000001,0.0,1017.82
2016-10-12 16:00:00,16.022222222222226,16.022222222222226,0.62,9.4024,307.0,6.295100000000001,0.0,1017.23
2016-10-12 17:00:00,14.872222222222225,14.872222222222225,0.7,5.635000000000001,273.0,6.7298,0.0,1017.12
2016-10-12 18:00:00,13.866666666666667,13.866666666666667,0.67,8.5169,273.0,7.1323,0.0,1016.72
2016-10-12 19:00:00,13.800000000000002,13.800000000000002,0.68,9.8693,281.0,11.2056,0.0,1016.93
2016-10-12 20:00:00,12.249999999999998,12.249999999999998,0.74,9.821,271.0,10.6743,0.0,1017.4
2016-10-12 21:00:00,11.138888888888888,11.138888888888888,0.77,13.4435,291.0,11.2056,0.0,1017.51
2016-10-12 22:00:00,11.138888888888888,11.138888888888888,0.74,11.3183,272.0,9.982000000000001,0.0,1017.43
2016-10-12 23:00:00,11.738888888888889,11.738888888888889,0.72,16.8084,297.0,9.6278,0.0,1017.41
2016-10-13 00:00:00,11.638888888888891,11.638888888888891,0.71,14.7637,291.0,9.982000000000001,0.0,1017.11
2016-10-13 01:00:00,11.588888888888889,11.588888888888889,0.75,17.693900000000003,300.0,8.1305,0.0,1017.12
2016-10-13 02:00:00,3.561111111111109,0.7388888888888879,0.68,10.980200000000002,325.0,14.586600000000002,0.0,1025.65
2016-10-13 03:00:00,10.477777777777778,10.477777777777778,0.81,17.4846,319.0,11.8979,0.0,1016.72
2016-10-13 04:00:00,9.416666666666668,7.305555555555555,0.83,14.2807,299.0,11.8979,0.0,1016.9
2016-10-13 05:00:00,8.072222222222223,6.916666666666668,0.87,7.3094,279.0,11.125100000000002,0.0,1016.95
2016-10-13 06:00:00,10.0,7.955555555555555,0.86,14.7798,300.0,9.8049,0.0,1016.9
2016-10-13 07:00:00,10.044444444444444,10.044444444444444,0.83,14.329,300.0,5.0393,0.0,1017.04
2016-10-13 08:00:00,10.044444444444444,10.044444444444444,0.84,9.9498,293.0,5.635000000000001,0.0,1017.64
2016-10-13 09:00:00,12.17222222222222,12.17222222222222,0.72,23.6992,320.0,9.8049,0.0,1017.87
2016-10-13 10:00:00,13.794444444444444,13.794444444444444,0.64,26.3718,331.0,11.270000000000001,0.0,1018.17
2016-10-13 11:00:00,12.816666666666666,12.816666666666666,0.66,25.4219,350.0,10.722600000000002,0.0,1018.58
2016-10-13 12:00:00,11.316666666666666,11.316666666666666,0.7,17.0177,41.0,11.270000000000001,0.0,1019.36
2016-10-13 13:00:00,11.261111111111113,11.261111111111113,0.61,21.992600000000003,50.0,11.270000000000001,0.0,1019.83
2016-10-13 14:00:00,9.511111111111111,6.305555555555556,0.69,25.325300000000002,48.0,11.0768,0.0,1020.31
2016-10-13 15:00:00,9.25,6.472222222222221,0.61,19.7225,68.0,11.270000000000001,0.0,1020.97
2016-10-13 16:00:00,9.300000000000002,7.344444444444444,0.56,12.8961,31.0,11.270000000000001,0.0,1021.39
2016-10-13 17:00:00,9.072222222222221,7.894444444444446,0.55,8.1788,9.0,11.398800000000001,0.0,1021.63
2016-10-13 18:00:00,7.383333333333332,6.011111111111111,0.6,7.7440999999999995,312.0,9.982000000000001,0.0,1022.17
2016-10-13 19:00:00,6.161111111111113,4.577777777777779,0.7,7.728,340.0,9.982000000000001,0.0,1023.36
2016-10-13 20:00:00,6.188888888888889,6.188888888888889,0.7,4.6207,6.0,9.982000000000001,0.0,1024.36
2016-10-13 21:00:00,7.000000000000001,5.183333333333333,0.51,9.4185,11.0,9.982000000000001,0.0,1025.13
2016-10-13 22:00:00,6.211111111111111,4.022222222222223,0.53,10.4972,19.0,15.826300000000002,0.0,1025.83
2016-10-13 23:00:00,4.749999999999998,3.2833333333333314,0.58,6.5044,356.0,14.9569,0.0,1026.1
2016-10-14 00:00:00,3.633333333333333,2.0722222222222206,0.61,6.262900000000001,329.0,15.826300000000002,0.0,1026.47
2016-10-14 01:00:00,1.9944444444444462,-1.161111111111111,0.68,11.0446,320.0,15.826300000000002,0.0,1026.87
2016-10-14 02:00:00,0.22222222222222143,0.22222222222222143,0.85,2.2862,35.0,6.8425,0.0,1029.29
2016-10-14 03:00:00,0.3722222222222232,0.3722222222222232,0.73,3.5420000000000007,308.0,14.9086,0.0,1026.99
2016-10-14 04:00:00,1.4444444444444453,-1.8277777777777773,0.68,11.0607,310.0,14.9086,0.0,1026.98
2016-10-14 05:00:00,1.2388888888888872,-2.033333333333333,0.74,10.8836,319.0,14.168000000000003,0.0,1026.93
2016-10-14 06:00:00,-0.03888888888888905,-3.677777777777779,0.76,11.3344,328.0,9.982000000000001,0.0,1027.17
2016-10-14 07:00:00,-0.2499999999999996,-0.2499999999999996,0.76,3.5742000000000007,319.0,9.982000000000001,0.0,1027.54
2016-10-14 08:00:00,2.000000000000001,2.000000000000001,0.72,2.1896000000000004,310.0,9.982000000000001,0.0,1027.79
2016-10-14 09:00:00,4.961111111111111,3.150000000000001,0.66,7.824600000000001,320.0,9.982000000000001,0.0,1028.02
2016-10-14 10:00:00,8.916666666666664,6.7444444444444445,0.49,13.8621,318.0,9.982000000000001,0.0,1028.21
2016-10-14 11:00:00,10.999999999999998,10.999999999999998,0.39,14.5383,308.0,10.3523,0.0,1028.33
2016-10-14 12:00:00,11.205555555555556,11.205555555555556,0.38,9.821,16.0,9.982000000000001,0.0,1028.22
2016-10-14 13:00:00,12.222222222222221,12.222222222222221,0.35,7.824600000000001,358.0,9.982000000000001,0.0,1027.71
2016-10-14 14:00:00,12.166666666666666,12.166666666666666,0.33,9.5151,9.0,10.3523,0.0,1027.42
2016-10-14 15:00:00,12.777777777777779,12.777777777777779,0.34,9.080400000000001,301.0,9.982000000000001,0.0,1027.19
2016-10-14 16:00:00,12.777777777777779,12.777777777777779,0.31,10.626,319.0,9.982000000000001,0.0,1026.91
2016-10-14 17:00:00,11.288888888888888,11.288888888888888,0.38,11.237800000000002,344.0,10.3523,0.0,1027.04
2016-10-14 18:00:00,7.8666666666666645,6.588888888888889,0.48,7.6796999999999995,10.0,9.982000000000001,0.0,1027.29
2016-10-14 19:00:00,5.022222222222222,5.022222222222222,0.58,0.0,0.0,9.982000000000001,0.0,1027.82
2016-10-14 20:00:00,3.938888888888891,3.938888888888891,0.67,0.5635,301.0,9.982000000000001,0.0,1028.48
2016-10-14 21:00:00,2.638888888888889,2.638888888888889,0.71,2.3989000000000003,334.0,9.982000000000001,0.0,1028.71
2016-10-14 22:00:00,1.6055555555555558,1.6055555555555558,0.75,1.5295,120.0,11.9784,0.0,1029.1
2016-10-14 23:00:00,1.0944444444444439,1.0944444444444439,0.81,4.1699,294.0,9.982000000000001,0.0,1029.38
2016-10-15 00:00:00,-0.044444444444443496,-2.005555555555555,0.82,5.8765,239.0,9.982000000000001,0.0,1029.6
2016-10-15 01:00:00,-1.1333333333333329,-1.1333333333333329,0.82,0.0,0.0,9.982000000000001,0.0,1029.52
2016-10-15 02:00:00,-0.43888888888888844,-0.43888888888888844,0.83,3.22,130.0,14.2807,0.0,1027.99
2016-10-15 03:00:00,-1.7111111111111101,-1.7111111111111101,0.85,3.059,62.0,6.295100000000001,0.0,1029.61
2016-10-15 04:00:00,-2.2666666666666657,-2.2666666666666657,0.85,2.9785000000000004,321.0,8.1305,0.0,1029.52
2016-10-15 05:00:00,-2.08888888888889,-4.122222222222224,0.86,5.3774,25.0,6.8425,0.0,1029.66
2016-10-15 06:00:00,-2.2888888888888896,-2.2888888888888896,0.88,0.1288,100.0,4.2987,0.0,1029.43
2016-10-15 07:00:00,-2.7777777777777777,-2.7777777777777777,0.86,0.1288,100.0,0.5152,0.0,1029.69
2016-10-15 08:00:00,0.8555555555555551,0.8555555555555551,0.81,3.3649,333.0,2.3667000000000002,0.0,1029.86
2016-10-15 09:00:00,5.999999999999998,5.999999999999998,0.7,3.5581,179.0,5.216400000000001,0.0,1029.68
2016-10-15 10:00:00,10.005555555555553,10.005555555555553,0.5,9.724400000000001,179.0,9.982000000000001,0.0,1029.78
2016-10-15 11:00:00,11.138888888888888,11.138888888888888,0.44,7.2611,203.0,10.3523,0.0,1029.91
2016-10-15 12:00:00,12.777777777777779,12.777777777777779,0.34,3.4776000000000002,171.0,9.982000000000001,0.0,1029.67
2016-10-15 13:00:00,13.866666666666667,13.866666666666667,0.33,5.3291,199.0,9.982000000000001,0.0,1029.16
2016-10-15 14:00:00,13.916666666666664,13.916666666666664,0.33,10.7548,211.0,10.3523,0.0,1028.67
2016-10-15 15:00:00,14.027777777777779,14.027777777777779,0.33,9.7888,173.0,9.982000000000001,0.0,1028.07
2016-10-15 16:00:00,13.961111111111112,13.961111111111112,0.36,9.7566,201.0,9.982000000000001,0.0,1027.75
2016-10-15 17:00:00,12.977777777777778,12.977777777777778,0.35,9.4024,155.0,10.3523,0.0,1027.45
2016-10-15 18:00:00,11.133333333333333,11.133333333333333,0.43,3.4776000000000002,161.0,9.982000000000001,0.0,1027.35
2016-10-15 19:00:00,7.777777777777778,7.305555555555555,0.58,4.83,141.0,9.982000000000001,0.0,1027.65
2016-10-15 20:00:00,7.311111111111109,5.805555555555557,0.56,8.2754,148.0,9.982000000000001,0.0,1027.57
2016-10-15 21:00:00,6.038888888888888,4.427777777777777,0.61,7.776300000000001,151.0,9.982000000000001,0.0,1027.47
2016-10-15 22:00:00,4.905555555555555,3.5777777777777766,0.67,6.166300000000001,150.0,15.826300000000002,0.0,1027.5
2016-10-15 23:00:00,3.9722222222222214,3.9722222222222214,0.73,4.008900000000001,141.0,14.9569,0.0,1027.51
2016-10-16 00:00:00,2.127777777777777,2.127777777777777,0.79,3.0751,110.0,15.826300000000002,0.0,1027.31
2016-10-16 01:00:00,2.061111111111112,2.061111111111112,0.82,1.5295,110.0,15.826300000000002,0.0,1027.38
2016-10-16 02:00:00,0.7999999999999987,0.7999999999999987,0.8,4.008900000000001,64.0,9.837100000000001,0.0,1025.79
2016-10-16 03:00:00,0.9722222222222222,-1.0055555555555549,0.83,6.3112,130.0,15.729700000000001,0.0,1027.1
2016-10-16 04:00:00,-0.04999999999999992,-0.04999999999999992,0.85,3.2361,106.0,15.729700000000001,0.0,1026.8
2016-10-16 05:00:00,0.022222222222221748,-1.9333333333333336,0.87,5.892600000000001,114.0,14.876400000000002,0.0,1026.95
2016-10-16 06:00:00,-0.11666666666666714,-0.11666666666666714,0.83,3.0751,110.0,9.8049,0.0,1026.91
2016-10-16 07:00:00,-1.2277777777777783,-1.2277777777777783,0.88,0.0,0.0,9.8049,0.0,1026.82
2016-10-16 08:00:00,2.272222222222224,0.03888888888888905,0.79,7.6796999999999995,109.0,9.837100000000001,0.0,1027.01
2016-10-16 09:00:00,7.016666666666668,5.611111111111112,0.62,7.615300000000001,139.0,9.9015,0.0,1027.13
2016-10-16 10:00:00,9.005555555555556,8.638888888888888,0.58,5.0232,158.0,9.982000000000001,0.0,1027.41
2016-10-16 11:00:00,12.13888888888889,12.13888888888889,0.5,8.3881,128.0,10.3523,0.0,1027.28
2016-10-16 12:00:00,15.0,15.0,0.42,10.835300000000002,122.0,9.982000000000001,0.0,1027.18
2016-10-16 13:00:00,16.15555555555555,16.15555555555555,0.36,9.4185,151.0,9.982000000000001,0.0,1026.77
2016-10-16 14:00:00,17.133333333333336,17.133333333333336,0.32,7.583100000000001,141.0,10.3523,0.0,1026.19
2016-10-16 15:00:00,17.84444444444445,17.84444444444445,0.3,8.0983,179.0,9.982000000000001,0.0,1025.96
2016-10-16 16:00:00,17.84444444444445,17.84444444444445,0.3,5.0232,148.0,9.982000000000001,0.0,1025.48
2016-10-16 17:00:00,17.26111111111111,17.26111111111111,0.31,5.1037,139.0,10.3523,0.0,1025.3
2016-10-16 18:00:00,13.905555555555557,13.905555555555557,0.42,3.3005,139.0,9.982000000000001,0.0,1025.28
2016-10-16 19:00:00,8.883333333333335,8.883333333333335,0.62,3.1717,147.0,9.982000000000001,0.0,1025.6
2016-10-16 20:00:00,7.305555555555555,7.305555555555555,0.66,1.6583,144.0,9.450700000000001,0.0,1025.73
2016-10-16 21:00:00,4.949999999999998,4.949999999999998,0.81,3.22,129.0,9.982000000000001,0.0,1025.9
2016-10-16 22:00:00,4.905555555555555,3.483333333333335,0.79,6.44,110.0,15.826300000000002,0.0,1025.91
2016-10-16 23:00:00,3.5166666666666657,3.5166666666666657,0.81,2.9946,101.0,13.9265,0.0,1025.98
2016-10-17 00:00:00,2.1722222222222203,2.1722222222222203,0.82,1.5295,90.0,14.812,0.0,1025.8
2016-10-17 01:00:00,1.6222222222222231,1.6222222222222231,0.82,3.22,100.0,9.8049,0.0,1025.41
2016-10-17 02:00:00,2.3277777777777766,2.3277777777777766,0.81,3.1556,26.0,13.7333,0.0,1020.89
2016-10-17 03:00:00,1.0666666666666675,1.0666666666666675,0.85,3.22,80.0,9.8049,0.0,1025.21
2016-10-17 04:00:00,-0.5333333333333338,-0.5333333333333338,0.85,3.22,100.0,9.8049,0.0,1025.3
2016-10-17 05:00:00,-0.561111111111112,-0.561111111111112,0.87,4.7978000000000005,72.0,8.2593,0.0,1025.35
2016-10-17 06:00:00,-0.04999999999999992,-0.04999999999999992,0.85,3.1878,138.0,2.737,0.0,1024.92
2016-10-17 07:00:00,-1.0444444444444438,-1.0444444444444438,0.88,3.1556,148.0,3.1395,0.0,1024.91
2016-10-17 08:00:00,2.1499999999999986,2.1499999999999986,0.87,2.8336,113.0,5.892600000000001,0.0,1025.16
2016-10-17 09:00:00,7.03888888888889,5.533333333333334,0.72,8.05,150.0,9.8049,0.0,1025.12
2016-10-17 10:00:00,9.994444444444447,9.994444444444447,0.61,1.6422,177.0,9.982000000000001,0.0,1025.0
2016-10-17 11:00:00,12.938888888888888,12.938888888888888,0.54,3.5098000000000003,125.0,9.8049,0.0,1025.01
2016-10-17 12:00:00,16.183333333333334,16.183333333333334,0.41,3.4132000000000002,124.0,9.982000000000001,0.0,1024.49
2016-10-17 13:00:00,17.82222222222222,17.82222222222222,0.37,3.2844,178.0,9.982000000000001,0.0,1023.61
2016-10-17 14:00:00,18.927777777777774,18.927777777777774,0.3,3.1073,159.0,10.3523,0.0,1022.78
2016-10-17 15:00:00,19.02777777777778,19.02777777777778,0.28,1.7227000000000001,157.0,9.982000000000001,0.0,1022.27
2016-10-17 16:00:00,19.02777777777778,19.02777777777778,0.3,2.9785000000000004,78.0,9.982000000000001,0.0,1021.58
2016-10-17 17:00:00,18.038888888888888,18.038888888888888,0.3,4.0572,87.0,10.3523,0.0,1021.06
2016-10-17 18:00:00,14.972222222222221,14.972222222222221,0.39,1.9481000000000002,80.0,9.982000000000001,0.0,1020.8
2016-10-17 19:00:00,10.066666666666666,10.066666666666666,0.58,6.44,90.0,9.982000000000001,0.0,1020.89
2016-10-17 20:00:00,8.18333333333333,8.18333333333333,0.64,4.4436,44.0,9.982000000000001,0.0,1020.7
2016-10-17 21:00:00,7.077777777777779,7.077777777777779,0.66,3.22,350.0,9.982000000000001,0.0,1020.61
2016-10-17 22:00:00,4.977777777777778,4.977777777777778,0.68,3.22,330.0,14.9086,0.0,1020.73
2016-10-17 23:00:00,4.849999999999998,3.8333333333333326,0.75,5.2486,110.0,14.168000000000003,0.0,1020.8
2016-10-18 00:00:00,4.305555555555555,4.305555555555555,0.77,3.22,90.0,14.9086,0.0,1020.41
2016-10-18 01:00:00,3.1722222222222225,3.1722222222222225,0.85,3.22,60.0,14.812,0.0,1019.93
2016-10-18 02:00:00,9.505555555555555,7.011111111111109,0.7,17.661700000000003,353.0,14.9569,0.0,1018.88
2016-10-18 03:00:00,1.6000000000000014,1.6000000000000014,0.83,3.22,10.0,14.812,0.0,1019.4
2016-10-18 04:00:00,0.5555555555555556,0.5555555555555556,0.83,0.0,0.0,14.812,0.0,1019.01
2016-10-18 05:00:00,0.9166666666666659,0.9166666666666659,0.86,2.9302,286.0,14.0875,0.0,1019.04
2016-10-18 06:00:00,-0.022222222222221748,-0.022222222222221748,0.85,1.3685,19.0,6.118,0.0,1018.71
2016-10-18 07:00:00,0.994444444444444,0.994444444444444,0.92,3.22,110.0,0.7084,0.0,1018.32
2016-10-18 08:00:00,1.4111111111111105,1.4111111111111105,0.86,0.43470000000000003,110.0,3.5098000000000003,0.0,1018.48
2016-10-18 09:00:00,7.044444444444444,7.044444444444444,0.74,1.61,180.0,4.4919,0.0,1018.6
2016-10-18 10:00:00,10.100000000000001,10.100000000000001,0.71,3.22,190.0,6.021400000000001,0.0,0.0
2016-10-18 11:00:00,13.866666666666667,13.866666666666667,0.52,2.4311000000000003,219.0,6.166300000000001,0.0,1018.18
2016-10-18 12:00:00,17.105555555555554,17.105555555555554,0.42,1.6905000000000001,190.0,8.05,0.0,1017.81
2016-10-18 13:00:00,18.727777777777774,18.727777777777774,0.34,5.055400000000001,246.0,9.982000000000001,0.0,1017.23
2016-10-18 14:00:00,19.683333333333337,19.683333333333337,0.33,10.9641,310.0,9.982000000000001,0.0,1016.55
2016-10-18 15:00:00,18.772222222222226,18.772222222222226,0.35,16.2449,310.0,9.982000000000001,0.0,1016.17
2016-10-18 16:00:00,17.66111111111111,17.66111111111111,0.47,25.2609,338.0,9.982000000000001,0.0,1016.47
2016-10-18 17:00:00,17.03888888888889,17.03888888888889,0.51,17.0499,328.0,11.0285,0.0,1016.9
2016-10-18 18:00:00,14.83888888888889,14.83888888888889,0.51,27.0641,319.0,11.2056,0.0,1017.5
2016-10-18 19:00:00,12.733333333333334,12.733333333333334,0.5,25.5346,310.0,11.270000000000001,0.0,1018.18
2016-10-18 20:00:00,12.705555555555556,12.705555555555556,0.51,24.4559,311.0,11.6242,0.0,1018.58
2016-10-18 21:00:00,12.105555555555554,12.105555555555554,0.54,28.5453,319.0,11.270000000000001,0.0,1018.38
2016-10-18 22:00:00,11.549999999999999,11.549999999999999,0.56,25.2287,329.0,15.826300000000002,0.0,1018.46
2016-10-18 23:00:00,11.083333333333336,11.083333333333336,0.61,17.4202,338.0,14.9569,0.0,1018.57
2016-10-19 00:00:00,10.533333333333335,10.533333333333335,0.64,20.3826,329.0,15.826300000000002,0.0,1018.5
2016-10-19 01:00:00,10.511111111111113,10.511111111111113,0.66,20.334300000000002,339.0,15.826300000000002,0.0,1018.67
2016-10-19 02:00:00,4.033333333333332,0.25000000000000155,0.73,17.1626,322.0,14.168000000000003,0.0,1022.12
2016-10-19 03:00:00,8.88888888888889,6.261111111111113,0.83,17.4846,338.0,10.0464,0.0,1018.41
2016-10-19 04:00:00,7.799999999999999,4.588888888888888,0.88,20.221600000000002,339.0,6.1985,0.0,1018.13
2016-10-19 05:00:00,8.311111111111112,5.583333333333332,0.89,17.066,338.0,6.166300000000001,0.0,1018.33
2016-10-19 06:00:00,7.244444444444444,3.7444444444444454,0.92,21.6062,319.0,6.118,0.0,1018.42
2016-10-19 07:00:00,7.244444444444444,3.6166666666666654,0.92,22.910300000000003,319.0,6.118,0.0,1018.44
2016-10-19 08:00:00,7.205555555555555,3.877777777777776,0.87,19.9157,319.0,6.0053,0.0,1018.95
2016-10-19 09:00:00,7.222222222222222,3.8555555555555543,0.85,20.3021,319.0,6.295100000000001,0.0,1019.75
2016-10-19 10:00:00,7.244444444444444,3.8611111111111125,0.78,20.511400000000002,300.0,8.1305,0.0,1019.68
2016-10-19 11:00:00,7.277777777777778,3.377777777777777,0.75,25.9371,310.0,11.0285,0.0,1020.25
2016-10-19 12:00:00,7.938888888888887,4.249999999999999,0.7,25.711700000000004,310.0,11.270000000000001,0.0,1020.33
2016-10-19 13:00:00,9.027777777777779,5.416666666666667,0.64,28.658,320.0,11.270000000000001,0.0,1019.64
2016-10-19 14:00:00,10.055555555555555,10.055555555555555,0.53,26.5489,320.0,11.4471,0.0,1019.74
2016-10-19 15:00:00,10.044444444444444,10.044444444444444,0.57,23.828000000000003,310.0,11.270000000000001,0.0,1019.54
2016-10-19 16:00:00,8.983333333333334,5.999999999999998,0.57,21.0749,328.0,11.270000000000001,0.0,1019.84
2016-10-19 17:00:00,9.049999999999999,6.505555555555556,0.53,17.066,327.0,11.4471,0.0,1020.15
2016-10-19 18:00:00,7.844444444444444,6.066666666666667,0.62,10.0303,302.0,9.982000000000001,0.0,1020.54
2016-10-19 19:00:00,7.222222222222222,3.9000000000000017,0.6,19.8674,309.0,9.982000000000001,0.0,1021.06
2016-10-19 20:00:00,7.044444444444444,4.388888888888888,0.56,14.2807,299.0,9.982000000000001,0.0,1021.58
2016-10-19 21:00:00,4.949999999999998,2.0888888888888877,0.65,12.6868,300.0,9.982000000000001,0.0,1022.04
2016-10-19 22:00:00,3.3999999999999986,-0.07222222222222167,0.76,14.2163,282.0,14.9086,0.0,1022.37
2016-10-19 23:00:00,3.3444444444444463,-0.07222222222222167,0.76,13.8299,291.0,14.570500000000003,0.0,1022.44
2016-10-20 00:00:00,3.355555555555555,-0.5888888888888881,0.7,17.114300000000004,310.0,14.9086,0.0,1022.68
2016-10-20 01:00:00,2.7777777777777777,-0.8833333333333333,0.76,14.457800000000002,319.0,14.9086,0.0,1022.58
2016-10-20 02:00:00,2.627777777777776,-0.8722222222222223,0.84,13.3952,345.0,14.9569,0.0,1023.96
2016-10-20 03:00:00,2.177777777777779,-1.555555555555556,0.79,14.1197,329.0,14.9086,0.0,1022.89
2016-10-20 04:00:00,1.1166666666666656,-2.8611111111111103,0.78,14.1358,329.0,11.9784,0.0,1022.78
2016-10-20 05:00:00,0.8722222222222223,-2.5,0.83,11.012400000000001,329.0,11.688600000000001,0.0,1023.51
2016-10-20 06:00:00,1.072222222222222,-1.8777777777777773,0.78,9.466800000000001,328.0,9.982000000000001,0.0,1023.75
2016-10-20 07:00:00,0.027777777777776198,-1.5888888888888886,0.85,5.1037,316.0,9.982000000000001,0.0,1024.03
2016-10-20 08:00:00,0.26111111111111046,-2.855555555555556,0.85,9.5151,330.0,9.982000000000001,0.0,1024.43
2016-10-20 09:00:00,2.2000000000000006,-0.2055555555555561,0.79,8.2593,329.0,9.982000000000001,0.0,1024.82
2016-10-20 10:00:00,4.9833333333333325,3.0166666666666666,0.7,8.4364,320.0,9.982000000000001,0.0,1025.12
2016-10-20 11:00:00,7.477777777777779,6.877777777777779,0.63,5.0715,357.0,11.0768,0.0,1025.37
2016-10-20 12:00:00,7.777777777777778,6.55,0.53,7.422100000000001,8.0,11.270000000000001,0.0,1025.61
2016-10-20 13:00:00,7.872222222222224,6.311111111111111,0.62,8.9677,346.0,11.270000000000001,0.0,1025.4
2016-10-20 14:00:00,7.98888888888889,5.683333333333332,0.57,13.3147,340.0,11.4471,0.0,1025.03
2016-10-20 15:00:00,8.93888888888889,7.561111111111111,0.57,9.032100000000002,8.0,11.270000000000001,0.0,1024.71
2016-10-20 16:00:00,7.8666666666666645,5.977777777777777,0.62,10.642100000000001,359.0,11.2056,0.0,1024.7
2016-10-20 17:00:00,7.438888888888889,5.3999999999999995,0.63,11.0285,0.0,11.0285,0.0,1024.69
2016-10-20 18:00:00,5.188888888888891,3.433333333333333,0.69,7.760200000000001,10.0,11.2056,0.0,1025.1
2016-10-20 19:00:00,6.027777777777779,5.1611111111111105,0.7,5.2808,22.0,11.2056,0.0,1025.43
2016-10-20 20:00:00,4.844444444444444,2.8999999999999995,0.77,8.2754,7.0,9.982000000000001,0.0,1025.34
2016-10-20 21:00:00,4.822222222222222,2.1722222222222203,0.76,11.414900000000001,20.0,9.982000000000001,0.0,1025.45
2016-10-20 22:00:00,4.916666666666668,2.377777777777778,0.79,10.948,0.0,15.826300000000002,0.0,1025.16
2016-10-20 23:00:00,3.4111111111111114,0.5388888888888883,0.84,11.0607,343.0,15.826300000000002,0.0,1025.14
2016-10-21 00:00:00,2.922222222222221,1.1277777777777784,0.88,6.6332,344.0,15.826300000000002,0.0,1025.03
2016-10-21 01:00:00,3.2222222222222205,-0.2499999999999996,0.82,13.9748,351.0,15.826300000000002,0.0,1024.38
2016-10-21 02:00:00,5.1,1.6944444444444429,0.83,16.325400000000002,16.0,11.688600000000001,0.0,1019.7
2016-10-21 03:00:00,2.705555555555554,-1.377777777777778,0.85,16.9533,349.0,15.826300000000002,0.0,1023.6
2016-10-21 04:00:00,3.238888888888888,-0.2499999999999996,0.82,14.1036,9.0,15.826300000000002,0.0,1023.18
2016-10-21 05:00:00,3.1944444444444446,-0.28888888888888864,0.84,14.007,7.0,14.9569,0.0,1023.09
2016-10-21 06:00:00,2.6555555555555563,-1.2000000000000002,0.82,15.4721,9.0,9.982000000000001,0.0,1023.17
2016-10-21 07:00:00,2.705555555555554,-0.3388888888888886,0.81,11.2056,359.0,9.982000000000001,0.0,1023.15
2016-10-21 08:00:00,2.816666666666667,-0.8500000000000006,0.82,14.570500000000003,16.0,9.982000000000001,0.0,1023.18
2016-10-21 09:00:00,4.883333333333333,0.9222222222222203,0.76,20.1733,20.0,9.982000000000001,0.0,1023.27
2016-10-21 10:00:00,5.027777777777776,0.8833333333333352,0.75,22.024800000000003,30.0,9.982000000000001,0.0,1023.06
2016-10-21 11:00:00,5.055555555555556,1.9333333333333316,0.76,14.3773,31.0,9.982000000000001,0.0,1022.62
2016-10-21 12:00:00,6.227777777777778,3.127777777777779,0.75,16.067800000000002,39.0,10.0464,0.0,1022.81
2016-10-21 13:00:00,6.300000000000002,3.9055555555555563,0.75,11.656400000000001,30.0,10.0464,0.0,1022.03
2016-10-21 14:00:00,7.23888888888889,5.0666666666666655,0.73,11.527600000000001,25.0,10.4006,0.0,1021.87
2016-10-21 15:00:00,7.288888888888888,5.1,0.72,11.688600000000001,31.0,10.0464,0.0,1021.6
2016-10-21 16:00:00,7.288888888888888,4.4222222222222225,0.71,16.2449,58.0,11.270000000000001,0.0,1021.13
2016-10-21 17:00:00,7.227777777777776,5.277777777777778,0.74,10.304000000000002,48.0,11.4471,0.0,1020.97
2016-10-21 18:00:00,7.222222222222222,5.627777777777779,0.73,8.5813,32.0,11.270000000000001,0.0,1020.95
2016-10-21 19:00:00,7.222222222222222,3.627777777777778,0.73,22.4595,40.0,11.270000000000001,0.0,1021.07
2016-10-21 20:00:00,7.105555555555555,4.172222222222221,0.75,16.4059,47.0,11.0768,0.0,1021.06
2016-10-21 21:00:00,6.161111111111113,3.0444444444444425,0.79,16.067800000000002,49.0,11.270000000000001,0.0,1020.66
2016-10-21 22:00:00,6.111111111111111,2.716666666666667,0.79,18.0803,40.0,14.9086,0.0,1020.56
2016-10-21 23:00:00,5.566666666666668,2.550000000000002,0.81,14.457800000000002,56.0,14.168000000000003,0.0,1020.36
2016-10-22 00:00:00,5.583333333333332,2.4833333333333325,0.79,14.989100000000002,39.0,14.9086,0.0,1019.69
2016-10-22 01:00:00,5.5277777777777795,1.9722222222222205,0.82,18.2252,30.0,14.9086,0.0,1019.38
2016-10-22 02:00:00,8.344444444444447,5.833333333333333,0.93,15.439900000000002,40.0,8.3398,0.0,1009.66
2016-10-22 03:00:00,5.0,0.9500000000000005,0.79,21.155400000000004,30.0,11.9784,0.0,1018.28
2016-10-22 04:00:00,4.4722222222222205,0.2777777777777778,0.79,21.155400000000004,30.0,14.9086,0.0,1017.57
2016-10-22 05:00:00,4.500000000000001,0.4833333333333319,0.84,19.7547,30.0,11.688600000000001,0.0,1016.98
2016-10-22 06:00:00,3.938888888888891,0.0,0.88,18.0803,30.0,11.2056,0.0,1016.29
2016-10-22 07:00:00,3.938888888888891,-0.016666666666667298,0.82,18.2252,30.0,11.2056,0.0,1015.67
2016-10-22 08:00:00,4.994444444444445,0.5222222222222209,0.83,25.0033,19.0,9.982000000000001,0.0,1014.9
2016-10-22 09:00:00,5.050000000000002,0.6611111111111099,0.82,24.375400000000003,30.0,9.982000000000001,0.0,1014.28
2016-10-22 10:00:00,6.161111111111113,1.8055555555555556,0.76,27.37,31.0,9.982000000000001,0.0,1013.49
2016-10-22 11:00:00,7.105555555555555,3.0777777777777775,0.75,26.7421,19.0,9.982000000000001,0.0,1012.68
2016-10-22 12:00:00,7.877777777777778,4.000000000000002,0.76,27.7081,31.0,9.982000000000001,0.0,1011.79
2016-10-22 13:00:00,8.93888888888889,5.4944444444444445,0.71,26.178600000000003,21.0,11.2056,0.0,1010.61
2016-10-22 14:00:00,9.761111111111111,7.277777777777778,0.78,18.128600000000002,28.0,10.4972,0.0,1009.99
2016-10-22 15:00:00,8.988888888888889,5.98888888888889,0.82,21.268100000000004,21.0,11.270000000000001,0.0,1008.99
2016-10-22 16:00:00,8.988888888888889,6.683333333333334,0.88,14.989100000000002,21.0,11.270000000000001,0.0,1008.4
2016-10-22 17:00:00,9.911111111111113,7.166666666666667,0.84,21.155400000000004,27.0,10.5455,0.0,1007.91
2016-10-22 18:00:00,10.0,7.11111111111111,0.86,23.1035,49.0,11.270000000000001,0.0,1007.67
2016-10-22 19:00:00,9.899999999999999,6.855555555555558,0.86,24.665200000000002,40.0,11.270000000000001,0.0,1007.7
2016-10-22 20:00:00,9.833333333333336,7.116666666666668,0.88,20.6724,40.0,10.0625,0.0,1007.62
2016-10-22 21:00:00,8.838888888888887,6.099999999999998,0.93,18.3379,49.0,11.270000000000001,0.0,1007.99
2016-10-22 22:00:00,8.838888888888887,6.483333333333334,0.93,15.134000000000002,49.0,10.0464,0.0,1008.36
2016-10-22 23:00:00,8.844444444444445,6.694444444444443,0.94,13.6045,44.0,9.1448,0.0,1008.29
2016-10-23 00:00:00,8.838888888888887,6.93888888888889,0.93,11.914000000000001,59.0,8.1949,0.0,1008.35
2016-10-23 01:00:00,8.838888888888887,6.472222222222221,0.93,15.2145,42.0,8.05,0.0,1008.17
2016-10-23 02:00:00,6.083333333333335,5.26111111111111,0.9,5.184200000000001,135.0,10.706500000000002,0.0,1014.4
2016-10-23 03:00:00,8.838888888888887,6.544444444444445,0.93,14.6188,31.0,10.0464,0.0,1007.68
2016-10-23 04:00:00,8.305555555555557,5.505555555555554,0.93,17.71,40.0,10.0464,0.0,1007.75
2016-10-23 05:00:00,8.311111111111112,6.027777777777779,0.91,13.7011,29.0,9.016,0.0,1007.55
2016-10-23 06:00:00,7.777777777777778,5.038888888888889,0.96,16.1322,1.0,11.270000000000001,0.0,1007.07
2016-10-23 07:00:00,7.777777777777778,4.994444444444445,0.89,16.4703,11.0,8.1949,0.0,1006.67
2016-10-23 08:00:00,7.894444444444446,5.538888888888888,0.96,13.5401,8.0,5.8765,0.0,1006.64
2016-10-23 09:00:00,7.777777777777778,4.516666666666668,0.96,20.6885,1.0,8.05,0.0,1006.69
2016-10-23 10:00:00,8.88888888888889,6.3611111111111125,0.93,16.6152,22.0,11.270000000000001,0.0,1006.57
2016-10-23 11:00:00,10.0,7.272222222222224,0.86,21.268100000000004,31.0,11.270000000000001,0.0,1006.27
2016-10-23 12:00:00,11.06111111111111,11.06111111111111,0.86,16.5347,40.0,11.270000000000001,0.0,1006.18
2016-10-23 13:00:00,11.06111111111111,11.06111111111111,0.86,18.193,69.0,11.125100000000002,0.0,1006.36
2016-10-23 14:00:00,11.855555555555558,11.855555555555558,0.82,10.6904,107.0,10.239600000000001,0.0,1006.61
2016-10-23 15:00:00,11.011111111111111,11.011111111111111,0.81,20.253800000000002,136.0,10.9158,0.0,1006.87
2016-10-23 16:00:00,9.949999999999998,7.1499999999999995,0.83,21.944300000000002,137.0,10.948,0.0,1007.55
2016-10-23 17:00:00,8.872222222222222,6.338888888888887,0.9,16.6313,149.0,10.8031,0.0,1008.73
2016-10-23 18:00:00,7.827777777777779,4.4555555555555575,0.89,21.9282,158.0,10.9641,0.0,1009.8
2016-10-23 19:00:00,7.300000000000001,4.300000000000001,0.89,17.243100000000002,158.0,11.8979,0.0,1010.92
2016-10-23 20:00:00,7.23888888888889,4.822222222222222,0.88,12.992700000000001,150.0,11.0768,0.0,1012.32
2016-10-23 21:00:00,7.249999999999998,4.627777777777776,0.86,14.3451,168.0,11.270000000000001,0.0,1013.09
2016-10-23 22:00:00,6.716666666666669,3.9722222222222214,0.89,14.3612,158.0,12.042800000000002,0.0,1013.61
2016-10-23 23:00:00,6.527777777777778,3.7833333333333345,0.88,14.0875,160.0,11.688600000000001,0.0,1014.49
2016-10-24 00:00:00,6.161111111111113,3.366666666666668,0.89,13.8621,157.0,12.042800000000002,0.0,1014.93
2016-10-24 01:00:00,6.1388888888888875,4.883333333333333,0.89,6.5366,146.0,12.042800000000002,0.0,1015.16
2016-10-24 02:00:00,6.422222222222223,4.161111111111112,0.82,11.109000000000002,252.0,11.7369,0.0,1019.65
2016-10-24 03:00:00,5.627777777777779,3.2055555555555575,0.89,11.0607,139.0,9.982000000000001,0.0,1016.24
2016-10-24 04:00:00,5.116666666666667,2.127777777777777,0.86,13.636700000000001,159.0,9.982000000000001,0.0,1016.38
2016-10-24 05:00:00,4.2777777777777795,4.2777777777777795,0.9,4.2826,135.0,9.982000000000001,0.0,1016.7
2016-10-24 06:00:00,5.116666666666667,3.366666666666668,0.86,7.695800000000001,102.0,11.2056,0.0,1017.27
2016-10-24 07:00:00,5.072222222222224,4.2444444444444445,0.87,4.83,129.0,8.1949,0.0,1017.57
2016-10-24 08:00:00,5.022222222222222,5.022222222222222,0.88,1.1109,99.0,6.4078,0.0,1018.03
2016-10-24 09:00:00,6.1388888888888875,6.1388888888888875,0.86,1.7871000000000004,141.0,6.3434,0.0,1018.78
2016-10-24 10:00:00,7.177777777777779,5.872222222222223,0.74,7.3416,208.0,11.270000000000001,0.0,1018.81
2016-10-24 11:00:00,7.694444444444445,6.55,0.77,7.0196000000000005,217.0,11.0768,0.0,1019.04
2016-10-24 12:00:00,7.755555555555556,7.755555555555556,0.76,3.3005,236.0,11.270000000000001,0.0,1019.11
2016-10-24 13:00:00,8.844444444444445,7.377777777777778,0.72,9.4024,277.0,11.270000000000001,0.0,1018.83
2016-10-24 14:00:00,9.005555555555556,7.644444444444442,0.72,9.016,264.0,11.4471,0.0,1018.88
2016-10-24 15:00:00,8.916666666666664,7.894444444444446,0.71,7.3416,325.0,11.270000000000001,0.0,1018.61
2016-10-24 16:00:00,8.916666666666664,7.522222222222221,0.71,9.0965,306.0,11.2056,0.0,1018.92
2016-10-24 17:00:00,8.833333333333334,7.155555555555556,0.73,10.5616,268.0,11.4471,0.0,1018.89
2016-10-24 18:00:00,7.733333333333334,5.477777777777778,0.76,12.654600000000002,269.0,11.2056,0.0,1018.84
2016-10-24 19:00:00,7.733333333333334,5.738888888888888,0.77,11.0607,241.0,11.2056,0.0,1019.41
2016-10-24 20:00:00,7.772222222222224,5.750000000000001,0.77,11.286100000000001,248.0,11.0285,0.0,1019.7
2016-10-24 21:00:00,7.200000000000001,4.627777777777776,0.8,13.9587,269.0,11.270000000000001,0.0,1019.81
2016-10-24 22:00:00,6.688888888888888,3.9833333333333343,0.82,14.0875,269.0,11.9784,0.0,1020.46
2016-10-24 23:00:00,6.816666666666668,3.7777777777777763,0.8,16.6796,257.0,11.688600000000001,0.0,1020.48
2016-10-25 00:00:00,6.688888888888888,3.5666666666666678,0.82,17.0821,259.0,12.042800000000002,0.0,1020.47
2016-10-25 01:00:00,6.688888888888888,3.5777777777777766,0.79,16.985500000000002,258.0,12.042800000000002,0.0,1020.45
2016-10-25 02:00:00,6.177777777777776,4.827777777777777,0.84,6.8908000000000005,84.0,9.6117,0.0,1026.95
2016-10-25 03:00:00,6.688888888888888,3.544444444444446,0.8,17.259200000000003,220.0,12.042800000000002,0.0,1020.35
2016-10-25 04:00:00,6.688888888888888,3.5666666666666678,0.83,17.0821,211.0,11.8979,0.0,1020.34
2016-10-25 05:00:00,6.688888888888888,3.533333333333333,0.84,17.3397,210.0,11.4954,0.0,1020.47
2016-10-25 06:00:00,6.1833333333333345,2.5444444444444434,0.86,20.2699,210.0,7.905100000000001,0.0,1020.64
2016-10-25 07:00:00,6.161111111111113,2.538888888888889,0.86,20.0606,201.0,10.8997,0.0,1020.84
2016-10-25 08:00:00,6.2333333333333325,3.183333333333332,0.87,15.697500000000002,221.0,10.722600000000002,0.0,1021.67
2016-10-25 09:00:00,7.177777777777779,4.172222222222221,0.8,17.114300000000004,210.0,10.851400000000002,0.0,1022.34
2016-10-25 10:00:00,7.200000000000001,3.8555555555555543,0.8,20.0606,191.0,10.851400000000002,0.0,1022.84
2016-10-25 11:00:00,7.188888888888887,3.866666666666667,0.81,19.819100000000002,202.0,10.722600000000002,0.0,1023.27
2016-10-25 12:00:00,7.777777777777778,4.916666666666668,0.77,17.066,191.0,10.8836,0.0,1023.74
2016-10-25 13:00:00,7.822222222222221,4.955555555555557,0.77,17.227,191.0,10.8836,0.0,1023.83
2016-10-25 14:00:00,7.799999999999999,5.616666666666666,0.78,12.3004,191.0,10.722600000000002,0.0,1023.93
2016-10-25 15:00:00,7.822222222222221,6.133333333333333,0.77,9.5312,172.0,10.8836,0.0,1024.05
2016-10-25 16:00:00,7.822222222222221,5.78888888888889,0.77,11.414900000000001,170.0,10.8192,0.0,1024.54
2016-10-25 17:00:00,7.361111111111111,5.516666666666667,0.8,9.8854,203.0,10.6904,0.0,1025.0
2016-10-25 18:00:00,7.266666666666666,5.78888888888889,0.74,8.0983,159.0,10.8836,0.0,1025.45
2016-10-25 19:00:00,7.200000000000001,5.7055555555555575,0.74,8.1144,140.0,10.948,0.0,1026.16
2016-10-25 20:00:00,7.144444444444444,5.405555555555554,0.76,9.193100000000001,143.0,10.835300000000002,0.0,1026.72
2016-10-25 21:00:00,7.200000000000001,5.733333333333333,0.74,7.985600000000001,140.0,11.0446,0.0,1027.35
2016-10-25 22:00:00,6.644444444444445,5.472222222222223,0.8,6.5205,130.0,9.8049,0.0,1027.78
2016-10-25 23:00:00,6.594444444444443,5.550000000000001,0.81,6.0858,108.0,9.7888,0.0,1027.94
2016-10-26 00:00:00,6.500000000000002,6.500000000000002,0.8,3.0751,120.0,9.595600000000001,0.0,1028.28
2016-10-26 01:00:00,5.966666666666668,4.783333333333333,0.83,6.2146,108.0,9.5473,0.0,1028.2
2016-10-26 02:00:00,7.9944444444444445,7.9944444444444445,0.92,3.9928000000000003,99.0,2.8175000000000003,0.0,1027.91
2016-10-26 03:00:00,6.061111111111109,3.2444444444444462,0.83,13.894300000000003,80.0,9.5473,0.0,1028.19
2016-10-26 04:00:00,6.061111111111109,4.883333333333333,0.87,6.230700000000001,36.0,9.5473,0.0,1027.91
2016-10-26 05:00:00,5.627777777777779,4.161111111111112,0.87,6.9874,43.0,6.2468,0.0,1028.18
2016-10-26 06:00:00,5.072222222222224,2.5444444444444434,0.86,11.0446,51.0,4.347,0.0,1027.91
2016-10-26 07:00:00,5.022222222222222,2.7888888888888905,0.93,9.595600000000001,51.0,3.4454000000000002,0.0,1028.0
2016-10-26 08:00:00,5.033333333333335,1.8888888888888882,0.93,14.441700000000003,49.0,1.5456,0.0,1027.9
2016-10-26 09:00:00,5.1611111111111105,1.655555555555554,0.93,17.1304,50.0,0.8855000000000002,0.0,1028.68
2016-10-26 10:00:00,6.25,3.6388888888888875,0.93,12.863900000000001,52.0,3.5259,0.0,1028.31
2016-10-26 11:00:00,7.511111111111114,5.338888888888889,0.92,11.8496,73.0,5.1359,0.0,1028.44
2016-10-26 12:00:00,9.949999999999998,8.166666666666668,0.78,12.6707,61.0,7.824600000000001,0.0,1028.19
2016-10-26 13:00:00,11.011111111111111,11.011111111111111,0.78,14.4095,61.0,10.948,0.0,1027.64
2016-10-26 14:00:00,12.255555555555556,12.255555555555556,0.74,12.847800000000001,73.0,7.6796999999999995,0.0,1027.16
2016-10-26 15:00:00,12.122222222222222,12.122222222222222,0.8,11.1734,71.0,7.8729,0.0,1026.8
2016-10-26 16:00:00,12.100000000000001,12.100000000000001,0.75,12.6385,61.0,6.021400000000001,0.0,1026.62
2016-10-26 17:00:00,11.322222222222223,11.322222222222223,0.8,10.996300000000002,72.0,6.0858,0.0,1026.57
2016-10-26 18:00:00,10.016666666666667,10.016666666666667,0.86,0.5796,40.0,4.9105,0.0,1027.01
2016-10-26 19:00:00,8.883333333333335,7.733333333333334,0.89,7.889000000000001,42.0,3.9767000000000006,0.0,1027.49
2016-10-26 20:00:00,8.994444444444444,8.994444444444444,0.89,3.6386,20.0,4.4919,0.0,1027.33
2016-10-26 21:00:00,8.816666666666666,7.333333333333335,0.93,9.466800000000001,51.0,3.5259,0.0,1027.41
2016-10-26 22:00:00,8.816666666666666,7.07222222222222,0.93,10.9158,59.0,3.059,0.0,1027.33
2016-10-26 23:00:00,8.81111111111111,7.950000000000001,0.93,6.6332,82.0,3.1717,0.0,1027.7
2016-10-27 00:00:00,8.28888888888889,7.855555555555556,0.93,4.9105,20.0,0.9016000000000002,0.0,1027.71
2016-10-27 01:00:00,7.805555555555554,7.805555555555554,0.93,3.0107000000000004,110.0,1.5295,0.0,1027.7
2016-10-27 02:00:00,6.761111111111112,6.761111111111112,0.93,3.1878,187.0,0.4669,0.0,1028.08
2016-10-27 03:00:00,8.800000000000002,8.011111111111113,0.89,6.3434,126.0,3.9767000000000006,0.0,1027.5
2016-10-27 04:00:00,8.75,6.9555555555555575,0.87,11.157300000000001,128.0,4.395300000000001,0.0,1027.21
2016-10-27 05:00:00,8.744444444444447,8.744444444444447,0.88,3.6547,112.0,5.0876,0.0,1027.48
2016-10-27 06:00:00,8.75,7.88888888888889,0.84,6.601,98.0,4.8461,0.0,1027.36
2016-10-27 07:00:00,7.666666666666665,6.038888888888888,0.84,9.1126,118.0,5.9248,0.0,1027.08
2016-10-27 08:00:00,8.527777777777779,6.327777777777778,0.85,13.4435,133.0,7.2611,0.0,1027.44
2016-10-27 09:00:00,9.872222222222225,8.966666666666667,0.83,7.550900000000001,148.0,7.905100000000001,0.0,1027.9
2016-10-27 10:00:00,11.005555555555556,11.005555555555556,0.78,12.187700000000001,129.0,9.8049,0.0,1028.09
2016-10-27 11:00:00,12.533333333333335,12.533333333333335,0.74,12.397,158.0,8.935500000000001,0.0,1028.11
2016-10-27 12:00:00,13.761111111111113,13.761111111111113,0.68,13.8299,158.0,9.9015,0.0,1028.0
2016-10-27 13:00:00,13.833333333333334,13.833333333333334,0.68,16.7279,159.0,9.982000000000001,0.0,1027.6
2016-10-27 14:00:00,13.883333333333335,13.883333333333335,0.69,20.1733,152.0,9.982000000000001,0.0,1027.73
2016-10-27 15:00:00,13.877777777777775,13.877777777777775,0.68,14.2807,159.0,9.982000000000001,0.0,1027.41
2016-10-27 16:00:00,13.850000000000001,13.850000000000001,0.68,13.9265,178.0,9.982000000000001,0.0,1027.4
2016-10-27 17:00:00,12.716666666666667,12.716666666666667,0.75,9.160900000000002,173.0,9.450700000000001,0.0,1027.54
2016-10-27 18:00:00,12.177777777777779,12.177777777777779,0.75,9.2575,150.0,9.982000000000001,0.0,1027.6
2016-10-27 19:00:00,11.08888888888889,11.08888888888889,0.81,9.2897,139.0,9.982000000000001,0.0,1028.0
2016-10-27 20:00:00,11.027777777777779,11.027777777777779,0.82,4.7978000000000005,169.0,9.3702,0.0,1027.85
2016-10-27 21:00:00,10.0,10.0,0.86,4.5563,164.0,9.563400000000001,0.0,0.0
2016-10-27 22:00:00,8.88888888888889,8.88888888888889,0.93,2.8336,217.0,9.5312,0.0,0.0
2016-10-27 23:00:00,8.861111111111112,8.272222222222222,0.9,5.6672,171.0,6.9552000000000005,0.0,1028.34
2016-10-28 00:00:00,7.750000000000002,7.750000000000002,0.96,3.0268,177.0,0.16100000000000003,0.0,0.0
2016-10-28 01:00:00,7.249999999999998,7.249999999999998,0.93,3.22,110.0,0.16100000000000003,0.0,0.0
2016-10-28 02:00:00,7.777777777777778,7.777777777777778,0.96,0.0,0.0,0.16100000000000003,0.0,0.0
2016-10-28 02:00:00,9.777777777777779,9.777777777777779,0.96,2.9624,152.0,4.2665,0.0,1022.38
2016-10-28 03:00:00,6.188888888888889,6.188888888888889,0.93,0.0,0.0,0.16100000000000003,0.0,0.0
2016-10-28 04:00:00,6.877777777777779,6.877777777777779,0.96,3.3971,27.0,0.2576,0.0,1027.19
2016-10-28 05:00:00,7.750000000000002,7.277777777777778,0.96,4.83,60.0,0.16100000000000003,0.0,0.0
2016-10-28 06:00:00,7.777777777777778,7.305555555555555,1.0,4.83,50.0,0.16100000000000003,0.0,0.0
2016-10-28 07:00:00,7.861111111111111,7.172222222222221,0.99,5.5223,57.0,0.6923,0.0,1026.73
2016-10-28 08:00:00,8.88888888888889,8.566666666666668,0.93,4.83,50.0,1.2558,0.0,0.0
2016-10-28 09:00:00,10.050000000000002,10.050000000000002,0.93,4.83,10.0,1.2719,0.0,0.0
2016-10-28 10:00:00,10.150000000000002,10.150000000000002,0.99,9.6761,41.0,1.9642000000000002,0.0,1026.03
2016-10-28 11:00:00,11.18888888888889,11.18888888888889,0.93,7.6796999999999995,30.0,3.1073,0.0,0.0
2016-10-28 12:00:00,11.238888888888887,11.238888888888887,0.86,7.824600000000001,40.0,3.2039,0.0,0.0
2016-10-28 13:00:00,12.322222222222223,12.322222222222223,0.81,3.9767000000000006,47.0,3.1395,0.0,1024.26
2016-10-28 14:00:00,12.3,12.3,0.8,0.2898,20.0,4.1216,0.0,0.0
2016-10-28 15:00:00,12.249999999999998,12.249999999999998,0.86,8.162700000000001,49.0,4.1216,0.0,0.0
2016-10-28 16:00:00,12.194444444444446,12.194444444444446,0.87,4.2182,41.0,3.8801000000000005,0.0,1022.97
2016-10-28 17:00:00,11.18888888888889,11.18888888888889,0.93,0.2898,20.0,3.1073,0.0,0.0
2016-10-28 18:00:00,11.161111111111113,11.161111111111113,0.93,0.0,0.0,1.5617,0.0,0.0
2016-10-28 19:00:00,11.144444444444446,11.144444444444446,0.93,7.502600000000001,101.0,0.7889,0.0,1022.49
2016-10-28 20:00:00,11.11111111111111,11.11111111111111,0.93,3.22,240.0,0.5474000000000001,0.0,0.0
2016-10-28 21:00:00,11.11111111111111,11.11111111111111,0.93,0.0,0.0,0.5474000000000001,0.0,0.0
2016-10-28 22:00:00,10.577777777777776,10.577777777777776,0.96,2.8175000000000003,201.0,1.2075,0.0,1021.87
2016-10-28 23:00:00,11.11111111111111,11.11111111111111,0.93,0.0,0.0,1.3202,0.0,0.0
2016-10-29 00:00:00,10.050000000000002,10.050000000000002,1.0,7.6796999999999995,140.0,4.83,0.0,0.0
2016-10-29 01:00:00,9.633333333333335,8.094444444444443,0.9,10.6582,141.0,10.3362,0.0,1019.87
2016-10-29 02:00:00,10.050000000000002,10.050000000000002,1.0,4.83,110.0,4.7978000000000005,0.0,0.0
2016-10-29 03:00:00,10.050000000000002,10.050000000000002,1.0,8.05,100.0,4.7978000000000005,0.0,0.0
2016-10-29 04:00:00,10.577777777777776,10.577777777777776,0.93,10.9319,108.0,3.9606000000000003,0.0,1020.25
2016-10-29 05:00:00,10.050000000000002,10.050000000000002,0.93,9.66,120.0,3.3971,0.0,0.0
2016-10-29 06:00:00,10.050000000000002,10.050000000000002,0.93,8.05,130.0,3.3971,0.0,0.0
2016-10-29 07:00:00,10.0,8.872222222222222,0.94,8.758400000000002,127.0,3.0268,0.0,1020.23
2016-10-29 08:00:00,10.050000000000002,10.050000000000002,0.93,9.563400000000001,138.0,4.781700000000001,0.0,0.0
2016-10-29 09:00:00,10.100000000000001,10.100000000000001,0.93,9.4185,159.0,4.83,0.0,0.0
2016-10-29 10:00:00,11.038888888888888,11.038888888888888,0.88,8.5974,149.0,9.724400000000001,0.0,1021.06
2016-10-29 11:00:00,11.18888888888889,11.18888888888889,0.86,4.9588,175.0,10.980200000000002,0.0,0.0
2016-10-29 12:00:00,12.249999999999998,12.249999999999998,0.86,8.3076,158.0,10.980200000000002,0.0,0.0
2016-10-29 13:00:00,12.161111111111111,12.161111111111111,0.82,8.9516,186.0,10.3362,0.0,1020.64
2016-10-29 14:00:00,12.249999999999998,12.249999999999998,0.8,9.66,168.0,11.0446,0.0,0.0
2016-10-29 15:00:00,12.249999999999998,12.249999999999998,0.8,3.5742000000000007,159.0,11.0446,0.0,0.0
2016-10-29 16:00:00,12.105555555555554,12.105555555555554,0.82,5.361300000000001,159.0,10.8836,0.0,1020.46
2016-10-29 17:00:00,11.161111111111113,11.161111111111113,0.86,5.119800000000001,150.0,7.905100000000001,0.0,0.0
2016-10-29 18:00:00,11.161111111111113,11.161111111111113,0.86,9.4185,169.0,8.8389,0.0,0.0
2016-10-29 19:00:00,10.994444444444444,10.994444444444444,0.87,11.109000000000002,170.0,8.645700000000001,0.0,1020.56
2016-10-29 20:00:00,10.0,8.705555555555556,0.93,9.66,178.0,7.776300000000001,0.0,0.0
2016-10-29 21:00:00,10.0,8.694444444444445,0.86,9.724400000000001,159.0,7.728,0.0,0.0
2016-10-29 22:00:00,10.0,8.466666666666669,0.94,11.0929,166.0,7.0518,0.0,1020.08
2016-10-29 23:00:00,10.050000000000002,10.050000000000002,0.93,11.2056,149.0,7.7440999999999995,0.0,0.0
2016-10-30 00:00:00,10.0,8.705555555555556,0.87,9.66,142.0,7.7440999999999995,0.0,0.0
2016-10-30 01:00:00,9.466666666666665,8.988888888888889,0.91,5.5867,82.0,6.8908000000000005,0.0,1019.92
2016-10-30 02:00:00,10.0,8.677777777777777,0.87,9.7888,158.0,10.8997,0.0,0.0
2016-10-30 03:00:00,8.93888888888889,6.51111111111111,0.89,15.874600000000001,178.0,7.8729,0.0,0.0
2016-10-30 04:00:00,9.288888888888888,8.338888888888887,0.88,7.3255,161.0,7.5992,0.0,1018.66
2016-10-30 05:00:00,7.827777777777779,4.927777777777776,0.96,17.549000000000003,160.0,10.948,0.0,0.0
2016-10-30 06:00:00,7.877777777777778,5.855555555555555,0.96,11.398800000000001,139.0,2.0286,0.0,0.0
2016-10-30 07:00:00,7.894444444444446,5.46111111111111,0.96,14.1036,136.0,5.4579,0.0,1017.94
2016-10-30 08:00:00,7.877777777777778,5.633333333333334,0.96,12.799500000000002,130.0,5.9731000000000005,0.0,0.0
2016-10-30 09:00:00,10.0,7.788888888888891,0.83,16.180500000000002,150.0,7.905100000000001,0.0,0.0
2016-10-30 10:00:00,10.861111111111109,10.861111111111109,0.8,16.985500000000002,138.0,10.3362,0.0,1018.33
2016-10-30 11:00:00,12.222222222222221,12.222222222222221,0.72,20.769000000000002,150.0,11.270000000000001,0.0,0.0
2016-10-30 12:00:00,12.777777777777779,12.777777777777779,0.7,20.6402,150.0,11.270000000000001,0.0,0.0
2016-10-30 13:00:00,12.92777777777778,12.92777777777778,0.76,15.117900000000002,130.0,11.0768,0.0,1016.9
2016-10-30 14:00:00,13.838888888888887,13.838888888888887,0.67,17.3558,161.0,11.270000000000001,0.0,0.0
2016-10-30 15:00:00,13.838888888888887,13.838888888888887,0.68,12.4936,159.0,11.270000000000001,0.0,0.0
2016-10-30 16:00:00,12.872222222222224,12.872222222222224,0.73,9.9498,140.0,10.948,0.0,1016.45
2016-10-30 17:00:00,12.222222222222221,12.222222222222221,0.75,11.0285,128.0,11.0446,0.0,0.0
2016-10-30 18:00:00,12.17222222222222,12.17222222222222,0.75,9.321900000000001,137.0,11.0446,0.0,0.0
2016-10-30 19:00:00,12.127777777777776,12.127777777777776,0.77,10.722600000000002,148.0,10.8836,0.0,1017.73
2016-10-30 20:00:00,11.11111111111111,11.11111111111111,0.81,7.615300000000001,156.0,11.0446,0.0,0.0
2016-10-30 21:00:00,11.11111111111111,11.11111111111111,0.81,7.615300000000001,166.0,11.125100000000002,0.0,0.0
2016-10-30 22:00:00,10.61111111111111,10.61111111111111,0.84,4.2343,153.0,14.0875,0.0,1019.02
2016-10-30 23:00:00,10.0,10.0,0.87,4.1055,229.0,10.980200000000002,0.0,0.0
2016-10-31 00:00:00,8.988888888888889,8.205555555555557,0.93,6.44,90.0,10.980200000000002,0.0,0.0
2016-10-31 01:00:00,8.972222222222221,5.8500000000000005,0.87,22.5239,20.0,8.4686,0.0,1024.24
2016-10-31 02:00:00,10.0,9.749999999999998,0.86,5.055400000000001,87.0,6.021400000000001,0.0,0.0
2016-10-31 03:00:00,10.0,10.0,0.86,3.22,110.0,6.021400000000001,0.0,0.0
2016-10-31 04:00:00,9.466666666666665,9.466666666666665,0.93,3.3327,85.0,6.5366,0.0,1020.28
2016-10-31 05:00:00,10.0,9.372222222222222,0.86,6.44,340.0,5.9087000000000005,0.0,0.0
2016-10-31 06:00:00,10.0,9.733333333333336,0.86,5.119800000000001,29.0,5.9087000000000005,0.0,0.0
2016-10-31 07:00:00,9.916666666666666,8.855555555555554,0.88,8.3237,44.0,6.5205,0.0,1021.43
2016-10-31 08:00:00,10.0,9.072222222222221,0.86,7.760200000000001,49.0,6.8264000000000005,0.0,0.0
2016-10-31 09:00:00,11.06111111111111,11.06111111111111,0.81,7.6796999999999995,50.0,5.9087000000000005,0.0,0.0
2016-10-31 10:00:00,11.027777777777779,11.027777777777779,0.83,5.4096,41.0,6.5205,0.0,1023.04
2016-10-31 11:00:00,11.11111111111111,11.11111111111111,0.86,4.6046000000000005,0.0,4.8461,0.0,0.0
2016-10-31 12:00:00,11.11111111111111,11.11111111111111,0.86,9.3702,10.0,4.8461,0.0,0.0
2016-10-31 13:00:00,11.06111111111111,11.06111111111111,0.88,11.109000000000002,8.0,3.9767000000000006,0.0,1022.86
2016-10-31 14:00:00,11.11111111111111,11.11111111111111,0.86,9.66,10.0,3.9606000000000003,0.0,0.0
2016-10-31 15:00:00,11.11111111111111,11.11111111111111,0.86,7.6796999999999995,350.0,3.0429,0.0,0.0
2016-10-31 16:00:00,10.083333333333334,10.083333333333334,0.94,4.4436,356.0,3.1556,0.0,1023.11
2016-10-31 17:00:00,10.0,9.649999999999999,0.93,5.4096,11.0,1.9803000000000002,0.0,0.0
2016-10-31 18:00:00,10.0,9.67222222222222,0.93,5.313,4.0,2.0286,0.0,0.0
2016-10-31 19:00:00,10.083333333333334,10.083333333333334,0.99,10.465,8.0,3.2844,0.0,1023.5
2016-10-31 20:00:00,10.0,7.9833333333333325,0.93,14.5383,12.0,4.9910000000000005,0.0,0.0
2016-10-31 21:00:00,10.0,7.972222222222222,0.93,14.6349,20.0,5.0393,0.0,0.0
2016-10-31 22:00:00,9.988888888888887,7.650000000000002,0.9,17.3397,30.0,4.9588,0.0,1023.99
2016-10-31 23:00:00,9.949999999999998,7.8666666666666645,0.86,14.989100000000002,39.0,6.1985,0.0,0.0
2016-11-01 00:00:00,9.949999999999998,7.711111111111112,0.86,16.325400000000002,30.0,6.3434,0.0,0.0
2016-11-01 01:00:00,3.3388888888888877,-0.5444444444444447,0.87,16.6635,357.0,6.488300000000001,0.0,1028.82
2016-11-01 02:00:00,8.88888888888889,5.766666666666668,0.89,22.314600000000002,20.0,11.270000000000001,0.0,0.0
2016-11-01 03:00:00,8.838888888888887,6.500000000000002,0.89,14.989100000000002,11.0,11.270000000000001,0.0,0.0
2016-11-01 04:00:00,8.294444444444444,5.472222222222223,0.84,17.8871,9.0,9.6761,0.0,1025.47
2016-11-01 05:00:00,7.750000000000002,4.288888888888888,0.76,22.620500000000003,11.0,11.270000000000001,0.0,0.0
2016-11-01 06:00:00,7.172222222222221,3.5500000000000003,0.79,22.620500000000003,11.0,11.270000000000001,0.0,0.0
2016-11-01 07:00:00,7.211111111111109,3.6555555555555546,0.74,22.073100000000004,17.0,9.982000000000001,0.0,1026.07
2016-11-01 08:00:00,7.222222222222222,3.622222222222224,0.73,22.540000000000003,20.0,9.982000000000001,0.0,0.0
2016-11-01 09:00:00,7.249999999999998,3.4777777777777765,0.73,24.3432,11.0,9.982000000000001,0.0,0.0
2016-11-01 10:00:00,7.788888888888891,4.227777777777778,0.76,23.779700000000002,9.0,9.982000000000001,0.0,1027.7
2016-11-01 11:00:00,8.93888888888889,5.66111111111111,0.76,24.1983,10.0,9.982000000000001,0.0,0.0
2016-11-01 12:00:00,11.161111111111113,11.161111111111113,0.66,24.005100000000002,20.0,9.982000000000001,0.0,0.0
2016-11-01 13:00:00,11.038888888888888,11.038888888888888,0.66,22.0087,9.0,9.982000000000001,0.0,1027.26
2016-11-01 14:00:00,11.161111111111113,11.161111111111113,0.65,20.769000000000002,10.0,11.2056,0.0,0.0
2016-11-01 15:00:00,11.161111111111113,11.161111111111113,0.65,15.858500000000001,11.0,9.982000000000001,0.0,0.0
2016-11-01 16:00:00,10.077777777777778,10.077777777777778,0.7,15.230600000000003,351.0,9.982000000000001,0.0,1027.48
2016-11-01 17:00:00,7.822222222222221,5.622222222222221,0.75,12.397,351.0,9.982000000000001,0.0,1027.93
2016-11-01 18:00:00,6.061111111111109,4.17777777777778,0.79,8.919400000000001,319.0,9.982000000000001,0.0,1028.45
2016-11-01 19:00:00,5.316666666666666,3.377777777777777,0.86,8.5652,299.0,9.982000000000001,0.0,1028.95
2016-11-01 20:00:00,3.838888888888887,1.7888888888888883,0.89,7.985600000000001,319.0,9.982000000000001,0.0,1029.24
2016-11-01 21:00:00,3.8611111111111125,3.8611111111111125,0.89,3.5742000000000007,320.0,9.982000000000001,0.0,1029.35
2016-11-01 22:00:00,4.061111111111113,2.294444444444446,0.85,7.1323,320.0,9.982000000000001,0.0,1029.45
2016-11-01 23:00:00,3.405555555555557,0.5722222222222229,0.85,10.8836,339.0,9.982000000000001,0.0,1029.55
2016-11-02 00:00:00,2.755555555555556,0.9999999999999984,0.86,6.4561,338.0,8.1305,0.0,1029.71
2016-11-02 01:00:00,4.927777777777776,3.5277777777777786,0.93,6.391700000000001,294.0,6.4722,0.0,1027.94
2016-11-02 02:00:00,2.133333333333335,2.133333333333335,0.89,3.0751,240.0,6.295100000000001,0.0,1029.52
2016-11-02 03:00:00,1.6055555555555558,1.6055555555555558,0.89,3.22,220.0,6.1985,0.0,1029.41
2016-11-02 04:00:00,0.9722222222222222,-0.9111111111111114,0.93,6.0536,300.0,6.6976,0.0,1029.36
2016-11-02 05:00:00,1.0944444444444439,1.0944444444444439,0.92,3.1878,288.0,4.4919,0.0,1029.02
2016-11-02 06:00:00,1.072222222222222,1.072222222222222,0.92,3.5742000000000007,261.0,2.6404,0.0,1028.72
2016-11-02 07:00:00,2.2222222222222223,2.2222222222222223,0.92,4.6690000000000005,286.0,2.8497000000000003,0.0,1029.18
2016-11-02 08:00:00,4.944444444444444,4.944444444444444,0.86,3.7191000000000005,282.0,4.0733,0.0,1029.4
2016-11-02 09:00:00,7.222222222222222,6.561111111111113,0.8,5.184200000000001,279.0,7.969500000000001,0.0,1029.58
2016-11-02 10:00:00,8.994444444444444,7.055555555555557,0.77,12.348700000000001,281.0,9.9015,0.0,1029.7
2016-11-02 11:00:00,12.127777777777776,12.127777777777776,0.67,9.7727,263.0,9.982000000000001,0.0,1029.09
2016-11-02 12:00:00,12.244444444444444,12.244444444444444,0.66,14.457800000000002,280.0,10.0464,0.0,1028.22
2016-11-02 13:00:00,12.388888888888888,12.388888888888888,0.65,14.168000000000003,313.0,10.0303,0.0,1028.04
2016-11-02 14:00:00,12.288888888888888,12.288888888888888,0.66,17.2109,319.0,10.0464,0.0,1027.5
2016-11-02 15:00:00,12.244444444444444,12.244444444444444,0.66,15.826300000000002,300.0,11.270000000000001,0.0,1027.39
2016-11-02 16:00:00,11.244444444444447,11.244444444444447,0.7,9.708300000000001,301.0,11.0285,0.0,1027.18
2016-11-02 17:00:00,7.933333333333334,6.655555555555554,0.82,7.7440999999999995,270.0,8.05,0.0,1027.1
2016-11-02 18:00:00,8.905555555555557,7.799999999999999,0.83,7.728,279.0,8.05,0.0,1027.22
2016-11-02 19:00:00,9.016666666666664,7.905555555555553,0.83,7.8084999999999996,270.0,10.8836,0.0,1027.44
2016-11-02 20:00:00,8.766666666666667,8.766666666666667,0.83,4.7656,273.0,11.0446,0.0,1027.22
2016-11-02 21:00:00,8.81111111111111,8.81111111111111,0.84,3.4454000000000002,257.0,9.708300000000001,0.0,1027.72
2016-11-02 22:00:00,8.91111111111111,8.050000000000002,0.84,6.681500000000001,263.0,9.708300000000001,0.0,1027.98
2016-11-02 23:00:00,8.18888888888889,7.744444444444444,0.86,4.9105,290.0,7.776300000000001,0.0,1028.22
2016-11-03 00:00:00,7.5166666666666675,6.622222222222224,0.86,6.021400000000001,300.0,5.9248,0.0,1028.01
2016-11-03 01:00:00,8.344444444444447,7.688888888888891,0.93,5.6511,206.0,4.2826,0.0,1021.48
2016-11-03 02:00:00,5.044444444444443,5.044444444444443,0.93,3.3488,302.0,1.8837,0.0,1027.71
2016-11-03 03:00:00,4.05,2.5999999999999996,0.92,6.1341,319.0,0.3703,0.0,1027.68
2016-11-03 04:00:00,4.694444444444446,4.694444444444446,0.93,3.864,325.0,0.5152,0.0,1027.46
2016-11-03 05:00:00,2.922222222222221,2.922222222222221,1.0,3.2039,331.0,0.22540000000000004,0.0,1027.47
2016-11-03 06:00:00,2.922222222222221,2.922222222222221,1.0,3.1878,271.0,0.3703,0.0,1027.5
2016-11-03 07:00:00,3.011111111111112,3.011111111111112,0.99,0.6440000000000001,332.0,1.3846,0.0,1027.75
2016-11-03 08:00:00,5.122222222222222,5.122222222222222,1.0,0.0,0.0,2.9785000000000004,0.0,1027.98
2016-11-03 09:00:00,7.322222222222223,5.905555555555557,0.99,7.8729,212.0,4.9105,0.0,1027.69
2016-11-03 10:00:00,10.577777777777776,10.577777777777776,0.83,12.042800000000002,214.0,5.3452,0.0,1027.4
2016-11-03 11:00:00,12.177777777777779,12.177777777777779,0.73,10.9319,231.0,6.118,0.0,1026.82
2016-11-03 12:00:00,12.82777777777778,12.82777777777778,0.72,9.982000000000001,222.0,9.9015,0.0,0.0
2016-11-03 13:00:00,13.655555555555555,13.655555555555555,0.66,14.2324,215.0,9.3702,0.0,1025.68
2016-11-03 14:00:00,13.794444444444444,13.794444444444444,0.6,14.168000000000003,230.0,10.0464,0.0,1024.69
2016-11-03 15:00:00,12.777777777777779,12.777777777777779,0.64,11.414900000000001,240.0,10.0464,0.0,1024.18
2016-11-03 16:00:00,11.166666666666666,11.166666666666666,0.72,8.5974,264.0,9.338000000000001,0.0,1024.05
2016-11-03 17:00:00,8.93888888888889,8.527777777777779,0.77,5.119800000000001,219.0,8.05,0.0,1023.57
2016-11-03 18:00:00,7.3999999999999995,5.594444444444445,0.86,9.708300000000001,211.0,6.1985,0.0,1023.36
2016-11-03 19:00:00,7.494444444444446,5.744444444444446,0.87,9.5312,194.0,4.4436,0.0,1023.15
2016-11-03 20:00:00,6.288888888888889,4.61111111111111,0.93,8.1949,183.0,1.7549000000000001,0.0,1022.56
2016-11-03 21:00:00,5.7555555555555555,4.427777777777777,0.93,6.5849,184.0,1.5939,0.0,1022.36
2016-11-03 22:00:00,6.977777777777779,5.783333333333331,0.93,6.7781,189.0,2.3506,0.0,1021.71
2016-11-03 23:00:00,7.3722222222222245,6.244444444444445,0.96,6.7620000000000005,212.0,2.2057,0.0,1021.15
2016-11-04 00:00:00,7.3999999999999995,6.3611111111111125,0.93,6.4722,177.0,2.2057,0.0,1020.76
2016-11-04 01:00:00,5.483333333333332,3.2222222222222205,0.84,10.126900000000001,308.0,14.0553,0.0,1020.99
2016-11-04 02:00:00,8.461111111111109,6.116666666666665,0.93,14.3612,212.0,3.2844,0.0,1019.27
2016-11-04 03:00:00,8.461111111111109,6.594444444444443,0.93,11.1895,213.0,3.2844,0.0,1018.56
2016-11-04 04:00:00,8.988888888888889,7.144444444444444,0.93,11.7691,233.0,3.0107000000000004,0.0,1018.2
2016-11-04 05:00:00,9.522222222222222,7.838888888888889,0.89,11.382700000000002,243.0,2.8175000000000003,0.0,1017.38
2016-11-04 06:00:00,10.050000000000002,10.050000000000002,0.93,12.8156,261.0,2.8175000000000003,0.0,1016.91
2016-11-04 07:00:00,9.97777777777778,8.216666666666665,0.93,12.5741,243.0,2.8175000000000003,0.0,1016.94
2016-11-04 08:00:00,10.072222222222223,10.072222222222223,0.93,12.558,252.0,4.2021,0.0,1016.8
2016-11-04 09:00:00,11.183333333333334,11.183333333333334,0.86,14.586600000000002,263.0,6.3434,0.0,1016.51
2016-11-04 10:00:00,12.088888888888887,12.088888888888887,0.82,18.8531,279.0,7.4543,0.0,1016.45
2016-11-04 11:00:00,12.244444444444444,12.244444444444444,0.8,23.715300000000003,300.0,8.9677,0.0,1016.44
2016-11-04 12:00:00,12.222222222222221,12.222222222222221,0.8,22.2985,309.0,11.270000000000001,0.0,1016.14
2016-11-04 13:00:00,12.194444444444446,12.194444444444446,0.81,21.429100000000002,299.0,10.1913,0.0,1015.97
2016-11-04 14:00:00,12.17222222222222,12.17222222222222,0.72,34.1642,300.0,11.270000000000001,0.0,1015.48
2016-11-04 15:00:00,11.183333333333334,11.183333333333334,0.7,25.180400000000002,310.0,11.270000000000001,0.0,1015.68
2016-11-04 16:00:00,10.233333333333334,10.233333333333334,0.66,20.93,312.0,11.0768,0.0,1016.14
2016-11-04 17:00:00,8.883333333333335,6.55,0.77,15.021300000000002,40.0,11.270000000000001,0.0,1016.59
2016-11-04 18:00:00,7.722222222222222,6.172222222222222,0.76,8.790600000000001,48.0,11.2056,0.0,1017.86
2016-11-04 19:00:00,7.477777777777779,7.477777777777779,0.78,4.717300000000001,330.0,11.0285,0.0,1018.59
2016-11-04 20:00:00,6.227777777777778,3.9055555555555563,0.85,11.1895,281.0,11.2056,0.0,1019.34
2016-11-04 21:00:00,5.666666666666668,3.255555555555555,0.85,11.0607,290.0,15.826300000000002,0.0,1020.03
2016-11-04 22:00:00,4.822222222222222,2.333333333333335,0.88,10.5938,284.0,14.586600000000002,0.0,1020.32
2016-11-04 23:00:00,5.555555555555555,2.1611111111111114,0.82,17.001600000000003,310.0,15.826300000000002,0.0,1020.39
2016-11-05 00:00:00,5.044444444444443,1.5111111111111104,0.82,17.114300000000004,320.0,15.826300000000002,0.0,1020.68
2016-11-05 01:00:00,0.39999999999999936,-2.872222222222223,0.86,10.2235,331.0,14.168000000000003,0.0,1026.51
2016-11-05 02:00:00,4.511111111111109,1.8444444444444446,0.85,11.1734,329.0,15.826300000000002,0.0,1021.45
2016-11-05 03:00:00,4.511111111111109,1.81111111111111,0.85,11.3344,328.0,15.826300000000002,0.0,1021.55
2016-11-05 04:00:00,4.444444444444445,2.6555555555555563,0.86,7.406,327.0,14.9569,0.0,1021.8
2016-11-05 05:00:00,3.9111111111111105,1.0833333333333348,0.89,11.3505,319.0,11.2056,0.0,1022.26
2016-11-05 06:00:00,3.8611111111111125,1.8166666666666684,0.89,7.985600000000001,337.0,9.982000000000001,0.0,1022.76
2016-11-05 07:00:00,3.1333333333333337,0.16111111111111065,0.95,11.270000000000001,337.0,10.0303,0.0,1023.54
2016-11-05 08:00:00,5.022222222222222,1.9555555555555573,0.86,13.9748,338.0,10.0464,0.0,1024.35
2016-11-05 09:00:00,7.733333333333334,5.077777777777778,0.72,15.439900000000002,7.0,11.270000000000001,0.0,1024.47
2016-11-05 10:00:00,8.861111111111112,5.650000000000001,0.66,23.167900000000003,8.0,11.4471,0.0,1024.77
2016-11-05 11:00:00,9.97777777777778,7.333333333333335,0.66,20.334300000000002,10.0,11.270000000000001,0.0,1024.78
2016-11-05 12:00:00,9.933333333333334,7.283333333333333,0.59,20.253800000000002,10.0,11.270000000000001,0.0,1024.78
2016-11-05 13:00:00,10.88888888888889,10.88888888888889,0.54,21.5257,10.0,11.4471,0.0,1024.72
2016-11-05 14:00:00,9.927777777777777,7.288888888888888,0.58,20.108900000000002,1.0,11.270000000000001,0.0,1024.58
2016-11-05 15:00:00,8.838888888888887,5.783333333333331,0.63,21.4935,20.0,11.270000000000001,0.0,1024.88
2016-11-05 16:00:00,7.977777777777778,5.0,0.66,18.531100000000002,1.0,11.398800000000001,0.0,1025.37
2016-11-05 17:00:00,7.244444444444444,4.288888888888888,0.71,16.8084,20.0,9.982000000000001,0.0,1025.93
2016-11-05 18:00:00,5.116666666666667,2.0833333333333335,0.82,13.894300000000003,22.0,11.2056,0.0,1026.64
2016-11-05 19:00:00,5.222222222222221,1.7944444444444427,0.71,16.6635,28.0,11.0285,0.0,1027.2
2016-11-05 20:00:00,3.866666666666667,-0.3222222222222213,0.71,19.8352,31.0,11.2056,0.0,1027.52
2016-11-05 21:00:00,3.2888888888888896,-0.6722222222222227,0.73,17.0982,31.0,15.826300000000002,0.0,1027.62
2016-11-05 22:00:00,2.2000000000000006,-0.8888888888888897,0.77,10.9319,32.0,14.9569,0.0,1027.46
2016-11-05 23:00:00,0.6500000000000009,-1.4222222222222216,0.82,6.423900000000001,23.0,15.826300000000002,0.0,1027.34
2016-11-06 00:00:00,-0.4166666666666667,-2.4444444444444438,0.87,5.892600000000001,321.0,14.9086,0.0,1027.81
2016-11-06 01:00:00,2.8777777777777778,0.49444444444444474,0.91,8.5813,239.0,8.4686,0.0,1021.96
2016-11-06 02:00:00,-0.6722222222222227,-4.3277777777777775,0.86,10.8997,31.0,14.9086,0.0,1026.93
2016-11-06 03:00:00,-1.2277777777777783,-1.2277777777777783,0.85,3.2039,19.0,14.9086,0.0,1026.7
2016-11-06 04:00:00,-1.6777777777777776,-1.6777777777777776,0.88,3.3971,1.0,14.168000000000003,0.0,1026.51
2016-11-06 05:00:00,-2.2666666666666657,-2.2666666666666657,0.96,3.0429,17.0,9.982000000000001,0.0,1026.08
2016-11-06 06:00:00,-2.244444444444444,-2.244444444444444,0.88,1.7066000000000001,136.0,9.982000000000001,0.0,1025.66
2016-11-06 07:00:00,-2.066666666666666,-2.066666666666666,0.89,2.0930000000000004,102.0,10.948,0.0,1025.55
2016-11-06 08:00:00,-0.022222222222221748,-0.022222222222221748,0.85,4.8139,149.0,11.270000000000001,0.0,1025.84
2016-11-06 09:00:00,2.127777777777777,-1.2444444444444436,0.79,12.203800000000001,197.0,11.270000000000001,0.0,1025.26
2016-11-06 10:00:00,4.855555555555557,2.4555555555555566,0.77,10.2235,186.0,11.0285,0.0,1024.8
2016-11-06 11:00:00,7.03888888888889,5.150000000000002,0.66,9.7888,180.0,11.2056,0.0,1024.15
2016-11-06 12:00:00,7.083333333333333,4.988888888888887,0.66,10.8836,199.0,9.982000000000001,0.0,1023.1
2016-11-06 13:00:00,7.711111111111112,5.46111111111111,0.69,12.590200000000001,197.0,11.0285,0.0,1022.65
2016-11-06 14:00:00,7.711111111111112,5.466666666666669,0.69,12.5419,209.0,11.2056,0.0,1021.89
2016-11-06 15:00:00,7.222222222222222,5.127777777777776,0.73,11.0607,210.0,11.125100000000002,0.0,1021.58
2016-11-06 16:00:00,7.083333333333333,4.911111111111113,0.75,11.3183,202.0,10.8836,0.0,1021.28
2016-11-06 17:00:00,6.061111111111109,5.26111111111111,0.86,5.119800000000001,221.0,11.0446,0.0,1021.5
2016-11-06 18:00:00,6.061111111111109,5.266666666666665,0.77,5.0876,228.0,11.125100000000002,0.0,1021.78
2016-11-06 19:00:00,6.061111111111109,4.416666666666668,0.81,7.905100000000001,213.0,10.4167,0.0,1022.21
2016-11-06 20:00:00,5.072222222222224,3.238888888888888,0.82,7.969500000000001,201.0,11.125100000000002,0.0,1021.77
2016-11-06 21:00:00,5.511111111111112,4.161111111111112,0.83,6.5205,204.0,9.9015,0.0,1021.78
2016-11-06 22:00:00,5.511111111111112,2.488888888888887,0.83,14.4095,210.0,9.9015,0.0,1021.72
2016-11-06 23:00:00,4.9333333333333345,2.372222222222224,0.82,11.0607,220.0,9.9015,0.0,1021.19
2016-11-07 00:00:00,3.3388888888888877,0.38888888888889045,0.85,11.382700000000002,203.0,9.9015,0.0,1021.27
2016-11-07 01:00:00,5.222222222222221,1.4111111111111105,0.79,19.6098,240.0,15.005200000000002,0.0,1015.78
2016-11-07 02:00:00,4.444444444444445,1.7555555555555538,0.85,11.2217,270.0,9.982000000000001,0.0,1020.89
2016-11-07 03:00:00,4.4222222222222225,-0.2055555555555561,0.82,24.9872,280.0,9.982000000000001,0.0,1020.69
2016-11-07 04:00:00,4.377777777777779,0.7388888888888879,0.83,16.711800000000004,259.0,9.982000000000001,0.0,1020.76
2016-11-07 05:00:00,2.872222222222223,-1.0388888888888894,0.82,16.1,281.0,9.982000000000001,0.0,1020.7
2016-11-07 06:00:00,3.9111111111111105,-0.5777777777777773,0.82,22.379,290.0,9.982000000000001,0.0,1020.73
2016-11-07 07:00:00,3.872222222222222,-0.7666666666666662,0.77,23.6509,287.0,11.0285,0.0,1021.13
2016-11-07 08:00:00,4.977777777777778,0.344444444444443,0.76,26.6616,290.0,9.982000000000001,0.0,1021.44
2016-11-07 09:00:00,6.111111111111111,1.5166666666666648,0.65,30.0265,300.0,11.270000000000001,0.0,1021.62
2016-11-07 10:00:00,6.227777777777778,1.4833333333333343,0.64,32.4093,303.0,11.4471,0.0,1021.91
2016-11-07 11:00:00,7.288888888888888,2.7222222222222214,0.6,34.5667,319.0,11.270000000000001,0.0,1021.41
2016-11-07 12:00:00,7.822222222222221,3.7666666666666675,0.53,29.7367,300.0,11.270000000000001,0.0,1020.92
2016-11-07 13:00:00,7.894444444444446,4.1166666666666645,0.52,26.565,307.0,11.4471,0.0,1020.66
2016-11-07 14:00:00,7.777777777777778,3.838888888888887,0.49,28.1428,300.0,11.270000000000001,0.0,1020.21
2016-11-07 15:00:00,7.733333333333334,4.188888888888888,0.5,23.3933,309.0,11.2056,0.0,1020.0
2016-11-07 16:00:00,7.222222222222222,4.522222222222222,0.55,14.876400000000002,270.0,11.398800000000001,0.0,1019.81
2016-11-07 17:00:00,6.061111111111109,3.0444444444444425,0.66,15.2145,268.0,11.125100000000002,0.0,1019.46
2016-11-07 18:00:00,6.083333333333335,3.0777777777777775,0.7,15.1823,258.0,11.125100000000002,0.0,1019.24
2016-11-07 19:00:00,6.155555555555555,3.3222222222222206,0.7,14.1358,214.0,11.0768,0.0,1018.8
2016-11-07 20:00:00,6.1833333333333345,3.4722222222222223,0.65,13.363000000000001,231.0,11.270000000000001,0.0,1018.23
2016-11-07 21:00:00,6.111111111111111,2.822222222222221,0.66,17.259200000000003,220.0,15.874600000000001,0.0,1017.51
2016-11-07 22:00:00,6.177777777777776,2.9166666666666665,0.69,17.1787,230.0,15.005200000000002,0.0,1016.94
2016-11-07 23:00:00,5.644444444444442,2.2277777777777765,0.73,17.3558,211.0,15.874600000000001,0.0,1015.89
2016-11-08 00:00:00,5.622222222222221,2.2388888888888894,0.76,17.0821,212.0,15.874600000000001,0.0,1014.77
2016-11-08 01:00:00,6.094444444444444,3.672222222222222,0.86,11.5759,212.0,14.9569,0.0,1015.01
2016-11-08 02:00:00,5.050000000000002,1.9111111111111099,0.83,14.441700000000003,231.0,15.874600000000001,0.0,1013.97
2016-11-08 03:00:00,5.050000000000002,1.505555555555556,0.86,17.2109,240.0,15.874600000000001,0.0,1013.54
2016-11-08 04:00:00,5.5777777777777775,2.1222222222222222,0.87,17.5007,250.0,14.1036,0.0,1013.03
2016-11-08 05:00:00,6.0888888888888895,3.18888888888889,0.8,14.4739,271.0,11.2056,0.0,1012.6
2016-11-08 06:00:00,6.066666666666667,2.1722222222222203,0.8,22.3468,279.0,11.2056,0.0,1012.62
2016-11-08 07:00:00,7.011111111111109,3.5944444444444437,0.76,20.2377,270.0,11.0285,0.0,1013.19
2016-11-08 08:00:00,7.200000000000001,2.7333333333333343,0.73,32.7152,290.0,11.2056,0.0,1013.46
2016-11-08 09:00:00,8.866666666666667,4.716666666666668,0.67,35.8708,299.0,11.270000000000001,0.0,1013.67
2016-11-08 10:00:00,9.049999999999999,4.961111111111111,0.66,35.83860000000001,291.0,11.4471,0.0,1015.24
2016-11-08 11:00:00,10.238888888888889,10.238888888888889,0.65,27.965700000000002,300.0,16.1,0.0,1014.86
2016-11-08 12:00:00,10.0,6.366666666666667,0.59,33.42360000000001,309.0,11.270000000000001,0.0,1014.65
2016-11-08 13:00:00,10.100000000000001,10.100000000000001,0.6,26.613300000000002,301.0,11.4471,0.0,1014.96
2016-11-08 14:00:00,10.066666666666666,10.066666666666666,0.58,33.05330000000001,319.0,11.270000000000001,0.0,1014.93
2016-11-08 15:00:00,9.488888888888887,6.4111111111111105,0.61,23.683100000000003,297.0,15.874600000000001,0.0,1015.6
2016-11-08 16:00:00,8.872222222222222,6.577777777777779,0.67,14.6671,282.0,15.359399999999999,0.0,1015.76
2016-11-08 17:00:00,7.755555555555556,6.177777777777776,0.73,8.935500000000001,275.0,15.826300000000002,0.0,1016.4
2016-11-08 18:00:00,7.200000000000001,5.95,0.74,7.1323,284.0,15.826300000000002,0.0,1016.63
2016-11-08 19:00:00,6.3611111111111125,3.3999999999999986,0.8,15.3111,280.0,11.0285,0.0,1016.84
2016-11-08 20:00:00,6.161111111111113,3.3444444444444463,0.79,14.023100000000003,269.0,11.2056,0.0,1016.7
2016-11-08 21:00:00,5.116666666666667,2.616666666666667,0.82,10.948,268.0,15.826300000000002,0.0,1016.68
2016-11-08 22:00:00,4.827777777777777,2.3666666666666654,0.89,10.4811,248.0,14.9569,0.0,1016.94
2016-11-08 23:00:00,4.561111111111112,3.1444444444444426,0.89,6.262900000000001,202.0,15.826300000000002,0.0,1016.37
2016-11-09 00:00:00,4.61111111111111,3.1055555555555574,0.89,6.5688,202.0,15.826300000000002,0.0,1015.66
2016-11-09 01:00:00,4.766666666666666,0.11666666666666714,0.72,26.1464,315.0,14.9569,0.0,1009.58
2016-11-09 02:00:00,5.583333333333332,3.1611111111111097,0.89,11.0285,200.0,15.826300000000002,0.0,1014.64
2016-11-09 03:00:00,5.583333333333332,4.183333333333334,0.86,6.7298,191.0,15.826300000000002,0.0,1013.94
2016-11-09 04:00:00,5.761111111111109,4.249999999999999,0.86,7.212800000000001,185.0,14.9569,0.0,1013.11
2016-11-09 05:00:00,6.094444444444444,4.05,0.79,9.66,172.0,11.2056,0.0,1012.25
2016-11-09 06:00:00,5.050000000000002,2.7722222222222235,0.86,9.837100000000001,171.0,11.2056,0.0,1011.73
2016-11-09 07:00:00,6.072222222222222,3.4111111111111114,0.81,12.9283,169.0,11.0285,0.0,1011.35
2016-11-09 08:00:00,6.161111111111113,3.0388888888888883,0.79,16.1,171.0,10.0464,0.0,1010.58
2016-11-09 09:00:00,7.200000000000001,3.8055555555555562,0.73,20.5275,170.0,10.0464,0.0,1009.57
2016-11-09 10:00:00,7.872222222222224,5.027777777777776,0.76,17.1787,164.0,10.0303,0.0,1008.65
2016-11-09 11:00:00,8.794444444444444,5.8833333333333355,0.72,19.8835,171.0,11.125100000000002,0.0,1007.27
2016-11-09 12:00:00,9.788888888888888,7.816666666666666,0.73,13.8621,182.0,10.948,0.0,1006.12
2016-11-09 13:00:00,9.983333333333333,9.266666666666667,0.72,6.7942,179.0,10.722600000000002,0.0,1005.8
2016-11-09 14:00:00,9.788888888888888,8.738888888888887,0.78,8.1788,231.0,7.824600000000001,0.0,1005.02
2016-11-09 15:00:00,7.711111111111112,6.255555555555555,0.89,8.3237,353.0,4.025,0.0,1004.79
2016-11-09 16:00:00,6.4111111111111105,2.4277777777777763,0.87,24.150000000000002,309.0,3.4937,0.0,1005.74
2016-11-09 17:00:00,5.138888888888889,3.3444444444444463,0.92,7.889000000000001,317.0,2.8175000000000003,0.0,1005.8
2016-11-09 18:00:00,5.1611111111111105,2.933333333333334,0.92,9.708300000000001,273.0,2.8175000000000003,0.0,1006.12
2016-11-09 19:00:00,6.061111111111109,2.4944444444444454,0.88,19.4327,301.0,3.6708,0.0,1006.04
2016-11-09 20:00:00,6.0888888888888895,1.6055555555555558,0.85,28.593600000000006,310.0,6.3434,0.0,1006.02
2016-11-09 21:00:00,5.533333333333334,0.6388888888888881,0.82,31.4916,310.0,6.295100000000001,0.0,1006.61
2016-11-09 22:00:00,5.516666666666667,1.2055555555555566,0.76,24.890600000000003,311.0,6.8425,0.0,1007.03
2016-11-09 23:00:00,4.977777777777778,-0.08888888888888896,0.73,31.507700000000003,310.0,14.9086,0.0,1007.22
2016-11-10 00:00:00,4.444444444444445,-1.0277777777777786,0.73,34.437900000000006,310.0,15.826300000000002,0.0,1007.9
2016-11-10 01:00:00,3.4611111111111095,-1.4111111111111105,0.8,24.7457,311.0,14.168000000000003,0.0,1007.8
2016-11-10 02:00:00,3.3999999999999986,-1.533333333333334,0.73,25.1482,310.0,15.826300000000002,0.0,1008.46
2016-11-10 03:00:00,3.3999999999999986,-1.8666666666666663,0.73,28.4165,310.0,15.826300000000002,0.0,1008.53
2016-11-10 04:00:00,3.299999999999999,-1.7166666666666666,0.77,25.599000000000004,307.0,9.982000000000001,0.0,1008.6
2016-11-10 05:00:00,2.2666666666666657,-2.0444444444444443,0.79,17.7744,290.0,15.826300000000002,0.0,1008.27
2016-11-10 06:00:00,2.755555555555556,-2.027777777777777,0.7,22.2341,290.0,9.982000000000001,0.0,1008.36
2016-11-10 07:00:00,2.7333333333333343,-2.2000000000000006,0.72,23.425500000000003,306.0,10.3523,0.0,1008.8
2016-11-10 08:00:00,3.8444444444444454,-1.7666666666666666,0.7,33.826100000000004,300.0,9.982000000000001,0.0,1009.09
2016-11-10 09:00:00,6.0888888888888895,1.1333333333333329,0.65,34.6311,309.0,10.0464,0.0,1009.67
2016-11-10 10:00:00,7.122222222222222,1.988888888888888,0.56,42.5523,320.0,11.4471,0.0,1009.7
2016-11-10 11:00:00,7.244444444444444,2.3444444444444437,0.6,39.332300000000004,319.0,11.270000000000001,0.0,1009.46
2016-11-10 12:00:00,7.799999999999999,3.2944444444444443,0.58,36.047900000000006,319.0,11.270000000000001,0.0,1009.12
2016-11-10 13:00:00,7.844444444444444,3.2944444444444443,0.52,36.933400000000006,311.0,11.4471,0.0,1008.51
2016-11-10 14:00:00,7.777777777777778,3.6777777777777763,0.53,30.123100000000004,318.0,11.270000000000001,0.0,1007.61
2016-11-10 15:00:00,7.266666666666666,3.5166666666666657,0.55,24.230500000000003,300.0,11.270000000000001,0.0,1007.32
2016-11-10 16:00:00,7.138888888888889,3.8222222222222237,0.56,19.642,298.0,11.4471,0.0,1007.41
2016-11-10 17:00:00,5.022222222222222,1.6444444444444448,0.65,15.987300000000001,299.0,11.2056,0.0,1006.91
2016-11-10 18:00:00,5.022222222222222,2.755555555555556,0.7,9.7405,307.0,11.270000000000001,0.0,1006.99
2016-11-10 19:00:00,4.944444444444444,2.6833333333333322,0.72,9.66,273.0,11.0768,0.0,1007.49
2016-11-10 20:00:00,3.888888888888889,1.6277777777777775,0.82,8.8389,279.0,11.270000000000001,0.0,1007.28
2016-11-10 21:00:00,4.416666666666668,1.0888888888888895,0.79,14.7637,289.0,15.874600000000001,0.0,1007.26
2016-11-10 22:00:00,4.022222222222223,0.3111111111111124,0.85,16.6152,281.0,14.2163,0.0,1006.96
2016-11-10 23:00:00,3.3333333333333335,-1.1500000000000001,0.85,21.010500000000004,291.0,14.9569,0.0,1006.66
2016-11-11 00:00:00,3.838888888888887,-0.4888888888888883,0.82,20.897800000000004,300.0,14.9569,0.0,1007.16
2016-11-11 01:00:00,6.083333333333335,1.6611111111111123,0.71,27.8691,301.0,14.9569,0.0,1004.34
2016-11-11 02:00:00,3.2611111111111097,-2.55,0.76,34.0354,300.0,15.826300000000002,0.0,1008.21
2016-11-11 03:00:00,2.705555555555554,-3.049999999999999,0.76,31.3467,300.0,15.826300000000002,0.0,1009.36
2016-11-11 04:00:00,1.7444444444444447,-3.494444444444444,0.83,23.667,299.0,14.9569,0.0,1010.32
2016-11-11 05:00:00,1.1333333333333329,-3.861111111111111,0.78,20.511400000000002,281.0,9.982000000000001,0.0,1010.73
2016-11-11 06:00:00,0.09444444444444539,-3.1444444444444444,0.82,9.837100000000001,272.0,9.982000000000001,0.0,1011.21
2016-11-11 07:00:00,0.07222222222222364,-3.522222222222222,0.85,11.253900000000002,262.0,9.982000000000001,0.0,1011.6
2016-11-11 08:00:00,2.2000000000000006,-1.8166666666666664,0.73,15.778000000000002,289.0,9.982000000000001,0.0,1012.0
2016-11-11 09:00:00,3.816666666666665,0.00555555555555445,0.71,16.9694,289.0,11.2056,0.0,1011.87
2016-11-11 10:00:00,3.938888888888891,0.23888888888888873,0.66,16.4059,261.0,11.0285,0.0,1011.78
2016-11-11 11:00:00,4.905555555555555,2.005555555555555,0.58,12.863900000000001,239.0,11.2056,0.0,1010.95
2016-11-11 12:00:00,4.927777777777776,0.816666666666666,0.61,21.541800000000002,230.0,11.270000000000001,0.0,1010.13
2016-11-11 13:00:00,4.500000000000001,0.8222222222222205,0.62,17.227,239.0,15.150100000000002,0.0,1008.88
2016-11-11 14:00:00,2.7500000000000018,-1.3277777777777782,0.77,16.985500000000002,210.0,10.8997,0.0,1007.62
2016-11-11 15:00:00,2.7888888888888905,-0.8444444444444442,0.77,14.3451,162.0,10.851400000000002,0.0,1006.56
2016-11-11 16:00:00,3.927777777777778,-0.383333333333334,0.66,20.897800000000004,168.0,10.8031,0.0,1004.49
2016-11-11 17:00:00,3.8833333333333346,-0.7222222222222227,0.71,23.345000000000002,180.0,11.0446,0.0,1003.07
2016-11-11 18:00:00,3.9055555555555563,-0.688888888888888,0.76,23.312800000000003,180.0,11.125100000000002,0.0,1002.52
2016-11-11 19:00:00,4.922222222222222,0.5833333333333317,0.72,23.570400000000003,180.0,10.948,0.0,1001.91
2016-11-11 20:00:00,5.044444444444443,2.7500000000000018,0.76,9.9015,256.0,11.125100000000002,0.0,1001.06
2016-11-11 21:00:00,5.644444444444442,2.622222222222222,0.77,14.6027,223.0,15.826300000000002,0.0,1002.2
2016-11-11 22:00:00,6.805555555555555,2.833333333333334,0.74,25.212600000000002,270.0,15.005200000000002,0.0,1002.5
2016-11-11 23:00:00,7.244444444444444,3.377777777777777,0.71,25.438000000000002,281.0,15.874600000000001,0.0,1002.65
2016-11-12 00:00:00,7.172222222222221,3.0388888888888883,0.71,28.336000000000006,281.0,15.826300000000002,0.0,1003.25
2016-11-12 01:00:00,3.5999999999999983,-0.4999999999999992,0.77,18.643800000000002,238.0,15.150100000000002,0.0,1011.02
2016-11-12 02:00:00,4.949999999999998,-0.41111111111111026,0.67,35.162400000000005,320.0,9.982000000000001,0.0,1005.32
2016-11-12 03:00:00,3.3333333333333335,-2.016666666666666,0.67,29.028300000000005,302.0,15.826300000000002,0.0,1005.79
2016-11-12 04:00:00,3.522222222222224,-1.3166666666666673,0.67,24.520300000000002,319.0,14.9569,0.0,1006.68
2016-11-12 05:00:00,2.2166666666666677,-0.8777777777777769,0.72,10.980200000000002,291.0,11.2056,0.0,1007.22
2016-11-12 06:00:00,2.194444444444446,2.194444444444446,0.72,4.2826,233.0,9.982000000000001,0.0,1007.92
2016-11-12 07:00:00,1.4944444444444431,-1.7499999999999991,0.77,11.012400000000001,245.0,9.982000000000001,0.0,1009.84
2016-11-12 08:00:00,2.244444444444444,-1.4555555555555562,0.72,14.023100000000003,250.0,11.2056,0.0,1011.09
2016-11-12 09:00:00,2.7777777777777777,-0.8000000000000007,0.76,13.9909,249.0,10.0464,0.0,1011.41
2016-11-12 10:00:00,3.916666666666665,-0.2666666666666669,0.66,19.8674,269.0,10.4006,0.0,1012.06
2016-11-12 11:00:00,4.005555555555556,0.1722222222222235,0.64,17.404100000000003,279.0,11.270000000000001,0.0,1012.29
2016-11-12 12:00:00,5.116666666666667,1.0500000000000003,0.6,21.5096,279.0,11.270000000000001,0.0,1012.17
2016-11-12 13:00:00,5.977777777777777,2.177777777777779,0.56,21.2037,280.0,11.4471,0.0,1012.32
2016-11-12 14:00:00,6.133333333333333,1.9944444444444462,0.55,24.9711,280.0,11.270000000000001,0.0,1012.18
2016-11-12 15:00:00,5.094444444444445,0.68888888888889,0.64,24.6491,290.0,11.270000000000001,0.0,1012.47
2016-11-12 16:00:00,3.3222222222222206,-0.33333333333333415,0.73,15.1984,270.0,11.4471,0.0,1012.79
2016-11-12 17:00:00,2.3888888888888875,-0.6777777777777771,0.78,11.012400000000001,242.0,10.0464,0.0,1013.17
2016-11-12 18:00:00,2.294444444444446,-1.1444444444444437,0.72,12.7029,230.0,10.0464,0.0,1013.29
2016-11-12 19:00:00,2.7833333333333323,-1.2777777777777781,0.72,16.9533,257.0,9.982000000000001,0.0,1013.6
2016-11-12 20:00:00,2.7111111111111126,-0.7333333333333335,0.77,13.1859,260.0,10.0464,0.0,1013.39
2016-11-12 21:00:00,2.755555555555556,-0.8500000000000006,0.77,14.1036,277.0,15.874600000000001,0.0,1013.47
2016-11-12 22:00:00,2.2888888888888874,-2.1500000000000004,0.86,18.6921,267.0,15.005200000000002,0.0,1013.71
2016-11-12 23:00:00,2.244444444444444,-0.9166666666666659,0.85,11.3183,205.0,15.874600000000001,0.0,1012.77
2016-11-13 00:00:00,2.7777777777777777,-1.377777777777778,0.79,17.581200000000003,231.0,15.874600000000001,0.0,1012.47
2016-11-13 01:00:00,0.19444444444444522,-3.4388888888888896,0.82,11.511500000000002,173.0,14.168000000000003,0.0,1011.76
2016-11-13 02:00:00,2.805555555555554,-1.3499999999999999,0.8,17.5973,260.0,15.874600000000001,0.0,1012.48
2016-11-13 03:00:00,2.7833333333333323,-1.3444444444444454,0.79,17.3719,232.0,15.874600000000001,0.0,1012.67
2016-11-13 04:00:00,1.7888888888888883,-1.9555555555555553,0.82,13.7011,235.0,14.9569,0.0,1012.66
2016-11-13 05:00:00,1.25,-2.999999999999999,0.77,15.826300000000002,243.0,9.982000000000001,0.0,1012.71
2016-11-13 06:00:00,0.11666666666666714,-3.3888888888888897,0.84,10.9158,251.0,10.0464,0.0,1013.1
2016-11-13 07:00:00,1.072222222222222,-1.6111111111111103,0.8,8.500800000000002,272.0,10.0303,0.0,1013.66
2016-11-13 08:00:00,3.7722222222222217,-0.6777777777777771,0.65,21.7672,299.0,9.982000000000001,0.0,1013.73
2016-11-13 09:00:00,3.9611111111111126,0.29444444444444506,0.7,16.2127,252.0,10.0464,0.0,1013.98
2016-11-13 10:00:00,4.827777777777777,0.8111111111111116,0.72,20.463100000000004,277.0,11.0768,0.0,1014.42
2016-11-13 11:00:00,6.0888888888888895,2.049999999999999,0.65,23.779700000000002,271.0,11.270000000000001,0.0,1014.49
2016-11-13 12:00:00,6.066666666666667,2.183333333333333,0.61,22.218000000000004,281.0,11.270000000000001,0.0,1014.02
2016-11-13 13:00:00,5.088888888888887,0.7388888888888879,0.66,24.1339,269.0,11.4471,0.0,1014.43
2016-11-13 14:00:00,5.072222222222224,0.7333333333333335,0.65,23.9568,270.0,11.270000000000001,0.0,1014.19
2016-11-13 15:00:00,4.027777777777778,0.1555555555555562,0.64,17.7422,261.0,11.270000000000001,0.0,1014.28
2016-11-13 16:00:00,3.2333333333333334,-0.2777777777777778,0.7,14.2324,268.0,9.982000000000001,0.0,1014.7
2016-11-13 17:00:00,2.7999999999999994,0.18333333333333238,0.7,9.434600000000001,249.0,9.982000000000001,0.0,1014.46
2016-11-13 18:00:00,1.161111111111113,-1.6777777777777776,0.75,9.1287,257.0,11.2056,0.0,1014.63
2016-11-13 19:00:00,1.1166666666666656,-1.5611111111111104,0.78,8.500800000000002,184.0,9.982000000000001,0.0,1014.51
2016-11-13 20:00:00,-0.08888888888888896,-2.294444444444444,0.83,6.4722,172.0,15.826300000000002,0.0,1013.86
2016-11-13 21:00:00,-0.044444444444443496,-2.3000000000000003,0.82,6.6332,189.0,9.982000000000001,0.0,1013.35
2016-11-13 22:00:00,0.15000000000000174,-1.9444444444444444,0.83,6.262900000000001,181.0,14.9569,0.0,1013.23
2016-11-13 23:00:00,-0.994444444444444,-3.4111111111111114,0.85,6.6654,188.0,15.826300000000002,0.0,1012.83
2016-11-14 00:00:00,-1.4555555555555562,-3.9166666666666665,0.87,6.5688,163.0,14.9086,0.0,1012.34
2016-11-14 01:00:00,2.3444444444444437,-1.3333333333333326,0.85,14.023100000000003,69.0,8.4686,0.0,1004.87
2016-11-14 02:00:00,-0.43888888888888844,-4.744444444444444,0.81,14.023100000000003,170.0,14.9086,0.0,1010.92
2016-11-14 03:00:00,0.11666666666666714,-4.066666666666666,0.82,14.039200000000001,150.0,14.9086,0.0,1010.21
2016-11-14 04:00:00,0.1388888888888889,-4.083333333333334,0.83,14.2324,149.0,14.168000000000003,0.0,1009.29
2016-11-14 05:00:00,0.027777777777776198,-5.172222222222222,0.82,19.8835,141.0,9.982000000000001,0.0,1008.28
2016-11-14 06:00:00,0.07222222222222364,-5.116666666666667,0.82,19.931800000000003,150.0,10.0464,0.0,1007.48
2016-11-14 07:00:00,0.0611111111111108,-3.405555555555555,0.83,10.7387,189.0,10.0303,0.0,1007.44
2016-11-14 08:00:00,1.0666666666666675,-2.383333333333333,0.76,11.511500000000002,158.0,9.982000000000001,0.0,1007.31
2016-11-14 09:00:00,2.177777777777779,-2.5222222222222217,0.73,20.3504,150.0,9.982000000000001,0.0,1006.95
2016-11-14 10:00:00,2.694444444444445,-1.8055555555555556,0.72,19.8352,149.0,9.982000000000001,0.0,1006.78
2016-11-14 11:00:00,3.8944444444444435,-0.3166666666666668,0.65,20.0445,160.0,9.982000000000001,0.0,1005.96
2016-11-14 12:00:00,4.955555555555557,1.6388888888888904,0.61,15.4721,160.0,9.982000000000001,0.0,1005.16
2016-11-14 13:00:00,7.061111111111112,4.249999999999999,0.53,15.423800000000002,158.0,9.982000000000001,0.0,1004.67
2016-11-14 14:00:00,7.172222222222221,4.849999999999998,0.52,12.332600000000001,158.0,9.982000000000001,0.0,1004.36
2016-11-14 15:00:00,7.083333333333333,5.66111111111111,0.52,7.728,140.0,9.982000000000001,0.0,1004.12
2016-11-14 16:00:00,5.055555555555556,3.1444444444444426,0.66,8.2754,114.0,9.982000000000001,0.0,1003.96
2016-11-14 17:00:00,4.833333333333335,2.311111111111109,0.66,10.787,97.0,9.982000000000001,0.0,1003.63
2016-11-14 18:00:00,4.766666666666666,1.988888888888888,0.66,11.9945,107.0,9.982000000000001,0.0,1003.44
2016-11-14 19:00:00,4.772222222222224,2.4666666666666655,0.63,9.6922,90.0,9.982000000000001,0.0,1003.55
2016-11-14 20:00:00,3.816666666666665,2.638888888888889,0.71,5.2969,48.0,11.2056,0.0,1003.55
2016-11-14 21:00:00,3.816666666666665,2.127777777777777,0.71,6.7620000000000005,47.0,15.826300000000002,0.0,1003.54
2016-11-14 22:00:00,3.827777777777778,-0.16111111111111065,0.8,18.209100000000003,125.0,14.168000000000003,0.0,1003.98
2016-11-14 23:00:00,3.2833333333333314,-0.055555555555556344,0.82,13.3147,107.0,9.982000000000001,0.0,1003.8
2016-11-15 00:00:00,2.7333333333333343,-0.27222222222222137,0.85,11.0285,68.0,8.1305,0.0,1003.65
2016-11-15 01:00:00,1.2444444444444456,-1.5444444444444452,0.9,8.9999,257.0,7.422100000000001,0.0,1013.92
2016-11-15 02:00:00,1.6444444444444448,-2.705555555555556,0.89,17.0338,48.0,8.1949,0.0,1002.87
2016-11-15 03:00:00,2.133333333333335,-2.527777777777778,0.89,19.9962,48.0,8.1305,0.0,1002.01
2016-11-15 04:00:00,2.4722222222222237,-1.6666666666666667,0.87,16.9533,31.0,5.6833,0.0,1002.22
2016-11-15 05:00:00,1.1388888888888873,-3.8499999999999996,0.85,20.4953,1.0,2.9141000000000004,0.0,1002.03
2016-11-15 06:00:00,0.1222222222222216,-4.444444444444445,0.92,16.1,9.0,1.8998,0.0,1002.13
2016-11-15 07:00:00,0.29999999999999954,-3.9722222222222214,0.92,14.699300000000003,10.0,1.3524,0.0,1002.79
2016-11-15 08:00:00,0.11666666666666714,-4.194444444444445,0.99,14.699300000000003,352.0,1.9159,0.0,1003.45
2016-11-15 09:00:00,1.1388888888888873,-2.938888888888888,0.92,14.699300000000003,352.0,3.5581,0.0,1003.9
2016-11-15 10:00:00,1.0944444444444439,-3.1277777777777773,0.93,15.423800000000002,4.0,6.1502,0.0,1004.52
2016-11-15 11:00:00,1.161111111111113,-2.872222222222223,0.92,14.4739,339.0,6.8586,0.0,1005.12
2016-11-15 12:00:00,2.177777777777779,-1.8555555555555554,0.86,15.858500000000001,357.0,10.8836,0.0,1005.52
2016-11-15 13:00:00,2.1388888888888897,-1.7777777777777775,0.87,15.0696,348.0,4.7334000000000005,0.0,1005.91
2016-11-15 14:00:00,2.2000000000000006,-2.0833333333333335,0.85,17.4524,320.0,2.5438,0.0,1006.41
2016-11-15 15:00:00,2.2222222222222223,-2.08888888888889,0.92,17.693900000000003,320.0,4.8461,0.0,1007.23
2016-11-15 16:00:00,2.1722222222222203,-0.2833333333333342,0.93,8.4042,312.0,3.8157000000000005,0.0,1008.41
2016-11-15 17:00:00,2.2222222222222223,-1.5611111111111104,0.92,14.457800000000002,291.0,3.9606000000000003,0.0,1009.32
2016-11-15 18:00:00,2.2222222222222223,-1.2666666666666673,0.92,12.863900000000001,271.0,4.8783,0.0,1010.5
2016-11-15 19:00:00,2.1722222222222203,-1.6166666666666667,0.92,14.4095,270.0,6.1985,0.0,1011.56
2016-11-15 20:00:00,2.2222222222222223,-1.5388888888888888,0.85,14.312900000000003,271.0,5.9731000000000005,0.0,1012.2
2016-11-15 21:00:00,1.6666666666666667,-2.177777777777779,0.92,14.1036,253.0,6.021400000000001,0.0,1012.93
2016-11-15 22:00:00,1.6444444444444448,-2.7222222222222214,0.89,17.146500000000003,279.0,6.021400000000001,0.0,1014.11
2016-11-15 23:00:00,1.6444444444444448,-2.2222222222222223,0.89,14.1841,251.0,6.021400000000001,0.0,1014.89
2016-11-16 00:00:00,1.6444444444444448,-2.216666666666666,0.85,14.1519,261.0,6.9391,0.0,1015.77
2016-11-16 01:00:00,1.1388888888888873,-0.44444444444444486,0.89,5.3774,13.0,4.524100000000001,0.0,1023.89
2016-11-16 02:00:00,1.0888888888888895,-2.922222222222223,0.89,14.296800000000003,250.0,7.905100000000001,0.0,1016.97
2016-11-16 03:00:00,1.0888888888888895,-2.938888888888888,0.85,14.3612,241.0,7.905100000000001,0.0,1017.27
2016-11-16 04:00:00,1.0888888888888895,-2.9277777777777776,0.82,14.296800000000003,241.0,7.905100000000001,0.0,1017.57
2016-11-16 05:00:00,1.0888888888888895,-2.627777777777778,0.85,12.783400000000002,232.0,7.8729,0.0,1018.15
2016-11-16 06:00:00,1.0888888888888895,-2.5944444444444454,0.85,12.606300000000001,231.0,7.8729,0.0,1018.86
2016-11-16 07:00:00,0.6555555555555554,-2.855555555555556,0.86,11.414900000000001,225.0,7.824600000000001,0.0,1019.68
2016-11-16 08:00:00,1.0888888888888895,-2.272222222222222,0.85,11.141200000000001,231.0,6.021400000000001,0.0,1020.48
2016-11-16 09:00:00,1.1388888888888873,-2.805555555555556,0.85,13.9587,230.0,6.021400000000001,0.0,1021.27
2016-11-16 10:00:00,2.105555555555555,-1.9555555555555553,0.81,15.906800000000002,233.0,6.262900000000001,0.0,1022.13
2016-11-16 11:00:00,2.177777777777779,-0.9555555555555549,0.79,11.125100000000002,230.0,6.0053,0.0,1022.78
2016-11-16 12:00:00,2.177777777777779,-0.9333333333333331,0.8,11.0285,251.0,5.957000000000001,0.0,1022.69
2016-11-16 13:00:00,2.155555555555557,-1.3055555555555562,0.8,12.6385,271.0,7.3416,0.0,1022.68
2016-11-16 14:00:00,2.2000000000000006,-1.2277777777777783,0.79,12.525800000000002,271.0,6.8747,0.0,1023.28
2016-11-16 15:00:00,2.177777777777779,-0.5055555555555556,0.8,9.2414,261.0,6.8586,0.0,1023.41
2016-11-16 16:00:00,1.2333333333333327,-1.188888888888889,0.85,7.728,266.0,6.1824,0.0,1024.15
2016-11-16 17:00:00,1.161111111111113,1.161111111111113,0.85,1.5456,274.0,5.9248,0.0,1024.59
2016-11-16 18:00:00,1.161111111111113,1.161111111111113,0.85,3.22,280.0,5.9248,0.0,1025.2
2016-11-16 19:00:00,1.1333333333333329,-0.5166666666666665,0.86,5.5384,321.0,6.1824,0.0,1025.42
2016-11-16 20:00:00,1.0888888888888895,-1.8333333333333337,0.85,9.3702,0.0,4.395300000000001,0.0,1024.94
2016-11-16 21:00:00,0.994444444444444,0.994444444444444,0.85,3.1556,34.0,4.3631,0.0,1025.49
2016-11-16 22:00:00,0.9222222222222203,-1.8888888888888882,0.86,8.8389,3.0,0.32200000000000006,0.0,1025.8
2016-11-16 23:00:00,0.994444444444444,-1.0500000000000003,0.86,6.488300000000001,30.0,4.3309,0.0,1025.63
2016-11-17 00:00:00,1.0388888888888874,-2.2888888888888896,0.89,10.9641,38.0,4.347,0.0,1025.13
2016-11-17 01:00:00,1.0611111111111091,-2.8777777777777778,0.84,13.846,4.0,6.5366,0.0,1018.2
2016-11-17 02:00:00,1.0388888888888874,-1.0888888888888895,0.89,6.745900000000001,38.0,4.395300000000001,0.0,1024.05
2016-11-17 03:00:00,1.0388888888888874,-2.3444444444444437,0.89,11.2056,10.0,4.395300000000001,0.0,1023.95
2016-11-17 04:00:00,1.0166666666666657,-2.9555555555555557,0.9,13.9909,20.0,4.8783,0.0,1023.39
2016-11-17 05:00:00,1.0388888888888874,-2.694444444444445,0.85,12.8156,11.0,4.4436,0.0,1023.07
2016-11-17 06:00:00,0.994444444444444,-2.4444444444444438,0.86,11.398800000000001,29.0,4.4919,0.0,1023.07
2016-11-17 07:00:00,1.0166666666666657,-2.9888888888888885,0.87,14.1841,21.0,4.379200000000001,0.0,1022.8
2016-11-17 08:00:00,1.0166666666666657,-2.9888888888888885,0.85,14.168000000000003,20.0,2.6404,0.0,1023.36
2016-11-17 09:00:00,0.022222222222221748,-4.266666666666667,0.92,14.4739,29.0,2.0286,0.0,1023.44
2016-11-17 10:00:00,0.09999999999999984,-4.711111111111112,0.92,17.5007,17.0,3.059,0.0,1023.2
2016-11-17 11:00:00,1.1111111111111112,-4.072222222222221,0.85,21.847700000000003,29.0,3.5581,0.0,1022.87
2016-11-17 12:00:00,1.1833333333333347,-3.8055555555555562,0.85,20.5436,30.0,4.0733,0.0,1022.44
2016-11-17 13:00:00,1.0833333333333348,-3.9833333333333343,0.87,20.897800000000004,30.0,5.2647,0.0,1021.9
2016-11-17 14:00:00,1.1833333333333347,-3.099999999999999,0.84,15.906800000000002,39.0,6.0697,0.0,1021.43
2016-11-17 15:00:00,1.1833333333333347,-2.805555555555556,0.84,14.2646,39.0,6.0697,0.0,1021.41
2016-11-17 16:00:00,1.1444444444444457,-2.183333333333333,0.86,11.0285,31.0,4.717300000000001,0.0,1020.87
2016-11-17 17:00:00,1.1111111111111112,-1.8666666666666663,0.85,9.595600000000001,11.0,4.524100000000001,0.0,1021.14
2016-11-17 18:00:00,1.1111111111111112,-3.138888888888888,0.85,15.649200000000002,20.0,4.524100000000001,0.0,1021.14
2016-11-17 19:00:00,1.1444444444444457,-2.894444444444445,0.86,14.49,3.0,4.8622000000000005,0.0,1020.81
2016-11-17 20:00:00,1.1111111111111112,-3.188888888888888,0.85,15.922900000000002,1.0,6.118,0.0,1020.14
2016-11-17 21:00:00,0.5999999999999991,-4.077777777777778,0.85,17.4524,10.0,6.1985,0.0,1019.37
2016-11-17 22:00:00,1.1111111111111112,-2.894444444444445,0.86,14.2807,8.0,6.4078,0.0,1018.94
2016-11-17 23:00:00,1.1111111111111112,-3.427777777777779,0.85,17.388,10.0,6.3434,0.0,1018.2
2016-11-18 00:00:00,1.1111111111111112,-2.894444444444445,0.82,14.2807,9.0,6.3434,0.0,1017.68
2016-11-18 01:00:00,1.9277777777777771,-0.3222222222222213,0.9,7.550900000000001,326.0,3.4937,0.0,1016.82
2016-11-18 02:00:00,0.6055555555555574,-2.922222222222223,0.85,11.431000000000001,343.0,5.2808,0.0,1016.82
2016-11-18 03:00:00,0.6055555555555574,-4.044444444444445,0.85,17.2753,341.0,5.2808,0.0,1015.38
2016-11-18 04:00:00,0.5500000000000012,-4.405555555555555,0.84,19.191200000000002,0.0,6.0053,0.0,1014.61
2016-11-18 05:00:00,0.5555555555555556,-4.094444444444445,0.83,17.227,351.0,6.3434,0.0,1014.44
2016-11-18 06:00:00,0.0500000000000019,-4.21111111111111,0.85,14.3451,1.0,6.3434,0.0,1013.97
2016-11-18 07:00:00,0.033333333333334596,-3.6555555555555546,0.87,11.6081,7.0,7.567000000000001,0.0,1014.0
2016-11-18 08:00:00,0.0500000000000019,-3.877777777777778,0.85,12.6868,1.0,8.1949,0.0,1013.93
2016-11-18 09:00:00,1.0888888888888895,-2.000000000000001,0.85,10.0142,12.0,7.1323,0.0,1013.54
2016-11-18 10:00:00,0.994444444444444,-1.761111111111112,0.87,8.7101,1.0,6.6654,0.0,1013.93
2016-11-18 11:00:00,1.1388888888888873,-1.3333333333333326,0.85,7.824600000000001,343.0,7.1323,0.0,1013.74
2016-11-18 12:00:00,1.1388888888888873,-2.105555555555555,0.92,10.6743,351.0,6.1985,0.0,1013.15
2016-11-18 13:00:00,1.988888888888888,-0.7277777777777771,0.87,9.2253,350.0,6.6654,0.0,1012.82
2016-11-18 14:00:00,2.177777777777779,-0.04999999999999992,0.85,7.631400000000001,350.0,6.1985,0.0,1012.73
2016-11-18 15:00:00,1.6722222222222212,1.6722222222222212,0.89,3.5259,338.0,8.05,0.0,1013.31
2016-11-18 16:00:00,2.0388888888888896,0.6666666666666683,0.87,5.184200000000001,318.0,4.588500000000001,0.0,1013.4
2016-11-18 17:00:00,2.177777777777779,2.177777777777779,0.86,4.781700000000001,310.0,5.0393,0.0,1013.72
2016-11-18 18:00:00,2.177777777777779,2.177777777777779,0.86,4.6046000000000005,310.0,4.1216,0.0,1014.51
2016-11-18 19:00:00,2.0388888888888896,-0.2666666666666669,0.93,7.8084999999999996,328.0,3.7352,0.0,1014.95
2016-11-18 20:00:00,2.177777777777779,0.9222222222222203,0.92,4.9588,305.0,4.0733,0.0,1015.02
2016-11-18 21:00:00,1.6944444444444429,1.6944444444444429,0.92,3.059,285.0,4.025,0.0,1015.79
2016-11-18 22:00:00,1.6722222222222212,-0.36111111111111033,0.93,6.7620000000000005,325.0,3.8479000000000005,0.0,1015.85
2016-11-18 23:00:00,1.6944444444444429,-0.28888888888888864,0.92,6.6332,298.0,3.5581,0.0,1016.02
2016-11-19 00:00:00,1.6944444444444429,1.6944444444444429,0.92,3.5581,307.0,3.059,0.0,1016.51
2016-11-19 01:00:00,3.011111111111112,0.7388888888888879,0.91,8.2593,339.0,2.6404,0.0,1024.88
2016-11-19 02:00:00,2.177777777777779,0.3722222222222232,0.9,6.3434,356.0,3.5259,0.0,1017.11
2016-11-19 03:00:00,2.2000000000000006,0.3722222222222232,0.92,6.423900000000001,356.0,3.5259,0.0,1017.3
2016-11-19 04:00:00,2.177777777777779,0.15000000000000174,0.93,7.0035,319.0,3.9445000000000006,0.0,1017.66
2016-11-19 05:00:00,2.716666666666667,0.8944444444444442,0.89,6.6332,308.0,3.5259,0.0,1018.03
2016-11-19 06:00:00,2.738888888888889,0.56111111111111,0.89,7.776300000000001,289.0,3.1395,0.0,1018.52
2016-11-19 07:00:00,2.677777777777778,1.4499999999999997,0.91,5.0232,276.0,3.0912,0.0,1019.45
2016-11-19 08:00:00,2.738888888888889,2.738888888888889,0.96,0.6601,290.0,3.1395,0.0,1020.4
2016-11-19 09:00:00,3.827777777777778,2.666666666666665,0.89,5.2647,291.0,3.2039,0.0,1020.8
2016-11-19 10:00:00,3.8555555555555543,1.466666666666667,0.9,9.321900000000001,298.0,4.3309,0.0,1021.56
2016-11-19 11:00:00,4.405555555555555,1.761111111111112,0.82,10.948,270.0,4.2021,0.0,1022.02
2016-11-19 12:00:00,4.8888888888888875,2.933333333333334,0.82,8.3398,280.0,6.3434,0.0,1022.2
2016-11-19 13:00:00,4.938888888888889,4.938888888888889,0.83,4.3631,285.0,6.5366,0.0,1022.45
2016-11-19 14:00:00,4.9833333333333325,4.9833333333333325,0.82,3.5742000000000007,281.0,8.1949,0.0,1022.8
2016-11-19 15:00:00,4.961111111111111,4.961111111111111,0.82,1.8354,277.0,8.1949,0.0,1023.1
2016-11-19 16:00:00,4.849999999999998,4.849999999999998,0.83,4.2182,285.0,7.985600000000001,0.0,1023.75
2016-11-19 17:00:00,3.9000000000000017,3.9000000000000017,0.89,1.6422,239.0,6.1985,0.0,1024.11
2016-11-19 18:00:00,3.827777777777778,3.827777777777778,0.92,3.22,230.0,6.118,0.0,1024.7
2016-11-19 19:00:00,3.7777777777777763,3.7777777777777763,0.9,2.1413,287.0,5.0393,0.0,1025.28
2016-11-19 20:00:00,3.827777777777778,3.827777777777778,0.89,1.8193,262.0,4.588500000000001,0.0,1026.01
2016-11-19 21:00:00,3.827777777777778,3.827777777777778,0.89,3.5098000000000003,256.0,4.588500000000001,0.0,1026.87
2016-11-19 22:00:00,3.7444444444444454,3.7444444444444454,0.9,4.395300000000001,273.0,4.379200000000001,0.0,1026.93
2016-11-19 23:00:00,3.7555555555555546,3.7555555555555546,0.89,3.1878,163.0,4.588500000000001,0.0,1026.98
2016-11-20 00:00:00,3.250000000000001,3.250000000000001,0.92,2.9141000000000004,173.0,4.4919,0.0,1026.98
2016-11-20 01:00:00,-0.41111111111111026,-2.3166666666666678,0.93,5.6028,64.0,1.9159,0.0,1026.53
2016-11-20 02:00:00,3.199999999999999,3.199999999999999,0.89,1.5295,120.0,1.9803000000000002,0.0,1026.98
2016-11-20 03:00:00,2.688888888888891,2.688888888888891,0.92,3.22,100.0,1.9159,0.0,1026.91
2016-11-20 04:00:00,2.755555555555556,-0.29444444444444506,0.93,11.270000000000001,110.0,2.0930000000000004,0.0,1026.92
2016-11-20 05:00:00,2.7111111111111126,2.7111111111111126,0.96,0.0,0.0,1.8998,0.0,1026.9
2016-11-20 06:00:00,2.7111111111111126,2.7111111111111126,0.96,3.22,190.0,1.8837,0.0,1026.99
2016-11-20 07:00:00,2.7611111111111106,2.7611111111111106,0.96,4.83,111.0,1.6583,0.0,1027.06
2016-11-20 08:00:00,2.7833333333333323,0.5888888888888901,0.96,7.840700000000001,170.0,0.2415,0.0,1027.48
2016-11-20 09:00:00,2.922222222222221,0.7555555555555552,0.95,7.840700000000001,140.0,0.2898,0.0,1027.96
2016-11-20 10:00:00,2.9611111111111104,0.7111111111111117,0.95,8.162700000000001,146.0,0.7245,0.0,1028.03
2016-11-20 11:00:00,3.0388888888888883,0.7333333333333335,0.98,8.4042,150.0,1.2880000000000003,0.0,1028.03
2016-11-20 12:00:00,2.994444444444445,1.6000000000000014,0.98,5.554500000000001,166.0,2.2057,0.0,1027.45
2016-11-20 13:00:00,4.2944444444444425,1.9222222222222227,0.86,9.6117,119.0,4.5724,0.0,1027.31
2016-11-20 14:00:00,6.027777777777779,4.344444444444445,0.76,8.05,124.0,7.1323,0.0,1026.98
2016-11-20 15:00:00,5.955555555555555,3.9333333333333322,0.77,9.450700000000001,104.0,8.05,0.0,1027.16
2016-11-20 16:00:00,3.877777777777776,1.3444444444444454,0.89,9.9498,104.0,4.6046000000000005,0.0,1027.03
2016-11-20 17:00:00,2.7333333333333343,-0.8555555555555551,0.96,13.9909,141.0,3.9767000000000006,0.0,1026.98
2016-11-20 18:00:00,2.177777777777779,-0.9111111111111114,0.92,10.9158,140.0,3.8479000000000005,0.0,1027.05
2016-11-20 19:00:00,1.2333333333333327,-2.116666666666666,0.93,11.2217,136.0,1.6744,0.0,1026.84
2016-11-20 20:00:00,0.14444444444444335,-2.5333333333333328,1.0,7.9373000000000005,133.0,0.16100000000000003,0.0,1026.58
2016-11-20 21:00:00,0.07222222222222364,-1.9500000000000008,0.92,6.0536,149.0,0.16100000000000003,0.0,1026.51
2016-11-20 22:00:00,0.5944444444444446,0.5944444444444446,0.93,3.5903,126.0,1.9964000000000002,0.0,1026.63
2016-11-20 23:00:00,0.0,-1.9444444444444444,0.96,5.8443000000000005,151.0,2.9302,0.0,1026.43
2016-11-21 00:00:00,-0.04999999999999992,-2.233333333333333,0.92,6.44,50.0,3.8479000000000005,0.0,1026.68
2016-11-21 01:00:00,0.011111111111112848,-3.0555555555555554,0.96,9.160900000000002,170.0,2.3828,0.0,1022.15
2016-11-21 02:00:00,-1.0444444444444438,-3.1944444444444446,0.92,5.9731000000000005,91.0,1.6905000000000001,0.0,1026.16
2016-11-21 03:00:00,-0.027777777777778172,-3.555555555555555,0.9,10.8836,101.0,2.9302,0.0,1025.46
2016-11-21 04:00:00,-0.22777777777777786,-4.288888888888888,0.87,13.0732,107.0,6.118,0.0,1025.24
2016-11-21 05:00:00,-0.11666666666666714,-4.372222222222224,0.86,14.1197,121.0,5.8765,0.0,1024.97
2016-11-21 06:00:00,-0.07222222222222167,-3.644444444444444,0.83,11.0607,140.0,7.7440999999999995,0.0,1024.69
2016-11-21 07:00:00,-0.23888888888888873,-2.8777777777777778,0.85,7.631400000000001,150.0,7.824600000000001,0.0,1024.56
2016-11-21 08:00:00,1.0222222222222241,-2.666666666666667,0.79,12.5741,139.0,8.8872,0.0,1025.06
2016-11-21 09:00:00,2.116666666666668,-1.9111111111111119,0.74,15.729700000000001,149.0,9.9015,0.0,1024.38
2016-11-21 10:00:00,2.6833333333333322,-1.8166666666666664,0.78,19.851300000000002,149.0,9.982000000000001,0.0,1024.45
2016-11-21 11:00:00,4.827777777777777,1.4166666666666652,0.71,15.890699999999999,150.0,9.982000000000001,0.0,1023.78
2016-11-21 12:00:00,6.93888888888889,4.488888888888888,0.66,12.7673,150.0,9.982000000000001,0.0,1023.19
2016-11-21 13:00:00,6.705555555555556,4.066666666666666,0.68,13.652800000000001,160.0,9.2575,0.0,1022.67
2016-11-21 14:00:00,7.466666666666665,4.916666666666668,0.69,14.2163,168.0,9.982000000000001,0.0,1022.1
2016-11-21 15:00:00,6.93888888888889,4.083333333333334,0.72,15.504300000000002,160.0,9.982000000000001,0.0,1021.63
2016-11-21 16:00:00,3.75,1.683333333333334,0.89,8.0017,243.0,5.0393,0.0,1022.06
2016-11-21 17:00:00,2.716666666666667,2.716666666666667,0.89,3.5742000000000007,176.0,5.1359,0.0,1022.19
2016-11-21 18:00:00,1.1166666666666656,-1.3444444444444454,0.86,7.792400000000001,237.0,5.0876,0.0,1021.91
2016-11-21 19:00:00,-0.7111111111111117,-3.433333333333333,0.93,7.647500000000001,201.0,0.49910000000000004,0.0,1022.15
2016-11-21 20:00:00,-0.9444444444444441,-0.9444444444444441,0.92,4.3631,250.0,0.43470000000000003,0.0,1021.86
2016-11-21 21:00:00,-0.994444444444444,-4.188888888888888,0.96,8.9677,150.0,0.3381,0.0,1022.11
2016-11-21 22:00:00,-0.4166666666666667,-2.727777777777778,0.96,6.601,150.0,0.9982000000000001,0.0,1021.75
2016-11-21 23:00:00,0.0500000000000019,-3.511111111111111,0.96,11.0768,140.0,1.5295,0.0,1021.55
2016-11-22 00:00:00,0.0500000000000019,-3.511111111111111,0.96,11.0768,160.0,1.932,0.0,1021.53
2016-11-22 01:00:00,2.7500000000000018,-0.688888888888888,0.88,13.218100000000002,149.0,8.5974,0.0,1020.36
2016-11-22 02:00:00,0.09444444444444539,-2.1333333333333333,0.95,6.617100000000001,151.0,1.4651,0.0,1021.35
2016-11-22 03:00:00,-0.43333333333333396,-0.43333333333333396,0.95,3.6708,192.0,1.4651,0.0,1021.42
2016-11-22 04:00:00,-0.27222222222222137,-3.7944444444444434,0.96,10.6743,161.0,1.8515,0.0,1021.14
2016-11-22 05:00:00,0.1222222222222216,-2.6111111111111107,0.99,8.0983,169.0,1.932,0.0,1021.11
2016-11-22 06:00:00,1.1166666666666656,-1.4888888888888887,0.92,8.2593,160.0,3.9284000000000003,0.0,1020.84
2016-11-22 07:00:00,1.1833333333333347,-1.761111111111112,0.93,9.5151,169.0,3.7513000000000005,0.0,1020.93
2016-11-22 08:00:00,2.177777777777779,-0.9833333333333331,0.86,11.270000000000001,170.0,3.3649,0.0,1021.13
2016-11-22 09:00:00,3.916666666666665,1.4444444444444453,0.82,9.7405,170.0,3.5581,0.0,1021.32
2016-11-22 10:00:00,5.955555555555555,3.9000000000000017,0.78,9.595600000000001,172.0,5.618900000000001,0.0,1021.27
2016-11-22 11:00:00,8.866666666666667,7.049999999999999,0.67,11.414900000000001,170.0,6.1985,0.0,1021.11
2016-11-22 12:00:00,10.072222222222223,10.072222222222223,0.62,12.863900000000001,151.0,9.9015,0.0,1020.32
2016-11-22 13:00:00,10.133333333333335,10.133333333333335,0.66,11.511500000000002,150.0,9.3702,0.0,1019.7
2016-11-22 14:00:00,11.22777777777778,11.22777777777778,0.61,8.355900000000002,152.0,9.9015,0.0,1019.34
2016-11-22 15:00:00,11.183333333333334,11.183333333333334,0.66,11.2217,150.0,9.9015,0.0,1019.04
2016-11-22 16:00:00,9.061111111111112,7.183333333333334,0.72,12.042800000000002,150.0,9.3702,0.0,1019.33
2016-11-22 17:00:00,6.1833333333333345,5.438888888888888,0.86,4.9910000000000005,158.0,8.05,0.0,1019.47
2016-11-22 18:00:00,6.116666666666665,5.3,0.86,5.1681,151.0,8.05,0.0,1019.95
2016-11-22 19:00:00,6.883333333333334,4.577777777777779,0.81,11.8657,159.0,7.8084999999999996,0.0,1020.13
2016-11-22 20:00:00,5.022222222222222,2.7611111111111106,0.86,9.724400000000001,142.0,7.905100000000001,0.0,1020.03
2016-11-22 21:00:00,4.949999999999998,3.4777777777777765,0.86,6.6493,159.0,7.8729,0.0,1020.05
2016-11-22 22:00:00,4.855555555555557,2.233333333333335,0.87,11.3022,160.0,9.209200000000001,0.0,1020.24
2016-11-22 23:00:00,3.8222222222222237,0.4999999999999992,0.89,13.910400000000001,150.0,9.6761,0.0,1019.99
2016-11-23 00:00:00,2.805555555555554,-0.7722222222222226,0.89,14.007,150.0,9.6761,0.0,1020.25
2016-11-23 01:00:00,4.13888888888889,1.6000000000000014,0.81,10.2235,157.0,7.406,0.0,1020.17
2016-11-23 02:00:00,2.7333333333333343,-0.2666666666666669,0.83,11.012400000000001,159.0,9.6117,0.0,1020.06
2016-11-23 03:00:00,1.161111111111113,1.161111111111113,0.86,3.7191000000000005,163.0,7.728,0.0,1020.15
2016-11-23 04:00:00,2.2000000000000006,-0.8833333333333333,0.83,10.9158,160.0,7.728,0.0,1019.76
2016-11-23 05:00:00,2.155555555555557,2.155555555555557,0.8,3.5420000000000007,172.0,7.728,0.0,1019.78
2016-11-23 06:00:00,1.161111111111113,-1.8222222222222229,0.85,9.6439,160.0,5.892600000000001,0.0,1020.15
2016-11-23 07:00:00,2.6055555555555543,-0.5166666666666665,0.84,11.4471,158.0,7.2611,0.0,1020.18
2016-11-23 08:00:00,4.772222222222224,1.6722222222222212,0.77,13.846,160.0,9.6439,0.0,1020.47
2016-11-23 09:00:00,5.005555555555555,2.4555555555555566,0.82,11.0768,169.0,9.708300000000001,0.0,1020.57
2016-11-23 10:00:00,7.161111111111111,4.661111111111111,0.75,13.3952,172.0,9.2897,0.0,1020.63
2016-11-23 11:00:00,8.961111111111112,7.194444444444446,0.71,11.2217,160.0,9.9015,0.0,1020.34
2016-11-23 12:00:00,10.094444444444445,10.094444444444445,0.66,11.0446,159.0,9.9015,0.0,1019.83
2016-11-23 13:00:00,12.227777777777776,12.227777777777776,0.61,11.125100000000002,168.0,9.3702,0.0,1019.4
2016-11-23 14:00:00,12.266666666666666,12.266666666666666,0.61,14.3612,160.0,9.9015,0.0,1018.93
2016-11-23 15:00:00,11.155555555555555,11.155555555555555,0.66,11.3505,150.0,9.9015,0.0,1018.58
2016-11-23 16:00:00,10.261111111111111,10.261111111111111,0.72,9.6922,151.0,7.728,0.0,1018.91
2016-11-23 17:00:00,8.91111111111111,7.383333333333332,0.77,9.7888,170.0,6.1985,0.0,1018.97
2016-11-23 18:00:00,7.733333333333334,5.811111111111112,0.77,10.706500000000002,170.0,6.295100000000001,0.0,1016.82
2016-11-23 19:00:00,7.6277777777777755,5.683333333333332,0.8,10.706500000000002,160.0,6.359500000000001,0.0,1017.15
2016-11-23 20:00:00,7.6111111111111125,4.9833333333333325,0.73,15.005200000000002,169.0,6.1985,0.0,1016.99
2016-11-23 21:00:00,6.594444444444443,4.394444444444442,0.77,10.948,169.0,6.118,0.0,1019.76
2016-11-23 22:00:00,6.966666666666666,4.477777777777779,0.72,13.0732,168.0,9.837100000000001,0.0,1020.03
2016-11-23 23:00:00,4.027777777777778,2.4666666666666655,0.8,6.4722,176.0,9.8049,0.0,1020.33
2016-11-24 00:00:00,5.027777777777776,1.9555555555555573,0.77,14.023100000000003,160.0,9.8049,0.0,1020.25
2016-11-24 01:00:00,2.077777777777779,-0.3277777777777777,0.94,8.162700000000001,160.0,1.6422,0.0,1021.48
2016-11-24 02:00:00,3.8944444444444435,1.1444444444444457,0.83,10.948,159.0,7.969500000000001,0.0,1020.18
2016-11-24 03:00:00,2.294444444444446,0.5444444444444427,0.85,6.2468,185.0,6.118,0.0,1020.75
2016-11-24 04:00:00,2.7500000000000018,0.055555555555556344,0.86,9.724400000000001,162.0,6.6976,0.0,1020.43
2016-11-24 05:00:00,2.244444444444444,-0.8611111111111115,0.86,11.0768,140.0,4.588500000000001,0.0,1020.66
2016-11-24 06:00:00,2.2222222222222223,-0.09999999999999984,0.85,7.969500000000001,142.0,4.588500000000001,0.0,1020.68
2016-11-24 07:00:00,2.1222222222222222,-0.7444444444444444,0.92,9.9176,146.0,4.6207,0.0,1021.07
2016-11-24 08:00:00,2.805555555555554,1.6055555555555558,0.89,5.0071,189.0,4.9910000000000005,0.0,1021.76
2016-11-24 09:00:00,6.1388888888888875,4.500000000000001,0.79,7.9373000000000005,181.0,6.1985,0.0,1021.58
2016-11-24 10:00:00,8.766666666666667,8.766666666666667,0.73,2.1413,219.0,5.957000000000001,0.0,1021.76
2016-11-24 11:00:00,11.205555555555556,11.205555555555556,0.66,7.760200000000001,189.0,7.212800000000001,0.0,1021.4
2016-11-24 12:00:00,12.244444444444444,12.244444444444444,0.66,4.6207,168.0,7.1323,0.0,1021.18
2016-11-24 13:00:00,12.31111111111111,12.31111111111111,0.63,7.921200000000001,170.0,7.8084999999999996,0.0,1021.17
2016-11-24 14:00:00,12.36111111111111,12.36111111111111,0.66,4.6046000000000005,190.0,8.05,0.0,1020.99
2016-11-24 15:00:00,12.288888888888888,12.288888888888888,0.72,0.27370000000000005,0.0,8.05,0.0,1020.89
2016-11-24 16:00:00,11.06111111111111,11.06111111111111,0.72,2.2057,81.0,6.9391,0.0,1021.07
2016-11-24 17:00:00,7.933333333333334,7.933333333333334,0.83,0.1288,350.0,5.0393,0.0,1021.03
2016-11-24 18:00:00,6.288888888888889,4.855555555555557,0.93,7.2611,6.0,5.0393,0.0,1021.59
2016-11-24 19:00:00,6.338888888888887,6.338888888888887,0.93,1.2880000000000003,114.0,4.4919,0.0,1021.99
2016-11-24 20:00:00,6.205555555555557,6.205555555555557,0.93,3.22,320.0,3.2039,0.0,1021.81
2016-11-24 21:00:00,5.627777777777779,4.694444444444446,0.89,5.313,128.0,2.0769,0.0,1021.83
2016-11-24 22:00:00,4.955555555555557,3.544444444444446,0.93,6.44,320.0,0.3381,0.0,1022.18
2016-11-24 23:00:00,3.9111111111111105,3.9111111111111105,0.96,1.5295,310.0,0.16100000000000003,0.0,1021.72
2016-11-25 00:00:00,1.8222222222222229,-1.4111111111111105,0.92,11.270000000000001,80.0,0.16100000000000003,0.0,1021.8
2016-11-25 01:00:00,4.144444444444445,4.144444444444445,0.94,3.8157000000000005,143.0,1.0626000000000002,0.0,1021.78
2016-11-25 02:00:00,2.244444444444444,2.244444444444444,0.96,0.0,0.0,0.16100000000000003,0.0,1021.68
2016-11-25 03:00:00,2.805555555555554,2.805555555555554,0.92,2.9302,191.0,0.16100000000000003,0.0,1021.37
2016-11-25 04:00:00,2.411111111111113,2.411111111111113,0.96,2.9141000000000004,56.0,0.1771,0.0,1020.67
2016-11-25 05:00:00,2.361111111111111,2.361111111111111,0.96,1.5295,110.0,0.3381,0.0,1020.43
2016-11-25 06:00:00,3.9833333333333343,1.7000000000000013,0.92,8.9838,130.0,1.8515,0.0,1019.45
2016-11-25 07:00:00,3.8555555555555543,2.7611111111111106,0.93,5.1037,181.0,1.7388000000000001,0.0,1019.11
2016-11-25 08:00:00,3.9833333333333343,2.049999999999999,0.92,7.647500000000001,160.0,1.8676,0.0,1019.17
2016-11-25 09:00:00,5.072222222222224,2.5333333333333345,0.87,11.0768,160.0,2.9624,0.0,1019.03
2016-11-25 10:00:00,6.1388888888888875,4.272222222222221,0.88,8.903300000000002,180.0,2.8014,0.0,1018.51
2016-11-25 11:00:00,7.755555555555556,5.572222222222223,0.84,12.236,269.0,3.8801000000000005,0.0,1018.0
2016-11-25 12:00:00,7.822222222222221,7.822222222222221,0.89,3.0107000000000004,191.0,2.9624,0.0,1017.58
2016-11-25 13:00:00,9.044444444444444,7.8999999999999995,0.92,7.985600000000001,244.0,3.22,0.0,1016.88
2016-11-25 14:00:00,9.883333333333333,8.08888888888889,0.84,12.654600000000002,291.0,4.8461,0.0,1016.72
2016-11-25 15:00:00,9.883333333333333,7.8666666666666645,0.83,14.329,310.0,3.9284000000000003,0.0,1016.53
2016-11-25 16:00:00,8.900000000000002,6.866666666666666,0.85,12.88,328.0,5.4579,0.0,1016.8
2016-11-25 17:00:00,7.755555555555556,5.833333333333333,0.83,10.706500000000002,338.0,5.9248,0.0,1016.9
2016-11-25 18:00:00,7.200000000000001,6.600000000000001,0.86,4.9749,258.0,7.776300000000001,0.0,1016.82
2016-11-25 19:00:00,7.233333333333336,5.305555555555554,0.87,10.1913,321.0,10.239600000000001,0.0,1017.15
2016-11-25 20:00:00,7.1499999999999995,7.1499999999999995,0.8,4.7495,336.0,10.851400000000002,0.0,1016.99
2016-11-25 21:00:00,6.600000000000001,4.372222222222221,0.82,11.0929,327.0,9.6117,0.0,1016.99
2016-11-25 22:00:00,6.122222222222224,3.9722222222222214,0.87,10.2235,345.0,9.708300000000001,0.0,1016.85
2016-11-25 23:00:00,5.5777777777777775,3.122222222222221,0.93,11.2217,298.0,7.8729,0.0,1016.98
2016-11-26 00:00:00,5.050000000000002,1.9499999999999988,0.89,14.2002,288.0,7.969500000000001,0.0,1016.7
2016-11-26 01:00:00,5.083333333333332,1.6499999999999995,0.9,16.4703,287.0,7.905100000000001,0.0,1016.75
2016-11-26 02:00:00,5.0,2.449999999999998,0.89,11.0768,240.0,9.8049,0.0,1016.09
2016-11-26 03:00:00,4.977777777777778,2.4277777777777763,0.89,11.0607,240.0,11.8979,0.0,1015.69
2016-11-26 04:00:00,5.0,2.5,0.9,10.8192,223.0,14.0875,0.0,1015.48
2016-11-26 05:00:00,4.977777777777778,2.361111111111111,0.83,11.398800000000001,220.0,11.125100000000002,0.0,1014.9
2016-11-26 06:00:00,4.977777777777778,1.0111111111111113,0.83,20.3826,230.0,11.125100000000002,0.0,1015.31
2016-11-26 07:00:00,4.916666666666668,0.944444444444446,0.84,20.286,238.0,10.8836,0.0,1015.56
2016-11-26 08:00:00,3.938888888888891,0.03888888888888905,0.89,17.7905,240.0,11.125100000000002,0.0,1015.8
2016-11-26 09:00:00,3.916666666666665,-0.6944444444444444,0.89,23.457700000000003,249.0,11.270000000000001,0.0,1016.5
2016-11-26 10:00:00,3.944444444444445,-0.9333333333333331,0.9,26.065900000000003,250.0,11.0768,0.0,1017.24
2016-11-26 11:00:00,3.866666666666667,-0.5666666666666664,0.89,21.7994,242.0,11.270000000000001,0.0,1017.38
2016-11-26 12:00:00,4.9333333333333345,0.7722222222222226,0.77,21.9765,261.0,11.270000000000001,0.0,1016.78
2016-11-26 13:00:00,3.994444444444443,-0.777777777777777,0.78,25.1321,276.0,11.0768,0.0,1016.31
2016-11-26 14:00:00,3.938888888888891,0.07222222222222364,0.76,17.5329,270.0,11.270000000000001,0.0,1016.39
2016-11-26 15:00:00,3.938888888888891,0.26666666666666494,0.82,16.2127,262.0,11.270000000000001,0.0,1016.5
2016-11-26 16:00:00,2.5277777777777763,-2.2222222222222223,0.8,21.429100000000002,276.0,11.0768,0.0,1017.13
2016-11-26 17:00:00,2.2666666666666657,-1.977777777777777,0.72,17.3236,271.0,10.0464,0.0,1017.41
2016-11-26 18:00:00,1.1833333333333347,-3.099999999999999,0.78,15.922900000000002,270.0,9.982000000000001,0.0,1017.99
2016-11-26 19:00:00,1.2333333333333327,-2.2111111111111112,0.8,11.640300000000002,249.0,9.982000000000001,0.0,1018.52
2016-11-26 20:00:00,0.027777777777776198,-3.922222222222222,0.85,12.783400000000002,261.0,9.982000000000001,0.0,1018.53
2016-11-26 21:00:00,0.5999999999999991,-4.111111111111111,0.82,17.693900000000003,262.0,14.9086,0.0,1018.88
2016-11-26 22:00:00,0.68888888888889,-4.905555555555555,0.85,24.1661,278.0,14.168000000000003,0.0,1019.54
2016-11-26 23:00:00,0.4888888888888903,-4.127777777777777,0.79,16.905,288.0,9.982000000000001,0.0,1019.82
2016-11-27 00:00:00,0.0500000000000019,-4.78888888888889,0.78,17.581200000000003,270.0,14.9086,0.0,1019.89
2016-11-27 01:00:00,-0.3277777777777777,-5.622222222222224,0.77,19.9479,267.0,14.9569,0.0,1024.92
2016-11-27 02:00:00,-0.4833333333333339,-4.827777777777778,0.85,14.1519,234.0,14.9569,0.0,1020.47
2016-11-27 03:00:00,-0.044444444444443496,-4.844444444444444,0.83,17.227,251.0,14.6832,0.0,1020.37
2016-11-27 04:00:00,0.12777777777777605,-4.199999999999999,0.86,14.7798,251.0,13.363000000000001,0.0,1020.4
2016-11-27 05:00:00,1.0888888888888895,-4.083333333333334,0.79,21.7189,260.0,10.8997,0.0,1020.21
2016-11-27 06:00:00,1.0888888888888895,-4.116666666666666,0.85,21.9765,280.0,11.125100000000002,0.0,1021.36
2016-11-27 07:00:00,1.0166666666666657,-4.450000000000001,0.81,23.892400000000002,270.0,10.0303,0.0,1021.9
2016-11-27 08:00:00,1.0388888888888874,-5.044444444444443,0.78,29.5274,290.0,11.270000000000001,0.0,1022.49
2016-11-27 09:00:00,2.1499999999999986,-3.1222222222222227,0.7,24.955000000000002,290.0,11.270000000000001,0.0,1022.53
2016-11-27 10:00:00,2.738888888888889,-2.938888888888888,0.7,30.606100000000005,279.0,11.0768,0.0,1023.15
2016-11-27 11:00:00,2.755555555555556,-3.377777777777777,0.62,35.903000000000006,290.0,11.270000000000001,0.0,1023.33
2016-11-27 12:00:00,3.838888888888887,-1.9500000000000008,0.58,36.031800000000004,290.0,11.270000000000001,0.0,1023.12
2016-11-27 13:00:00,3.938888888888891,-1.6111111111111103,0.62,33.5041,289.0,11.592,0.0,1023.29
2016-11-27 14:00:00,2.8888888888888906,-2.2111111111111112,0.61,25.309200000000004,280.0,11.270000000000001,0.0,1022.84
2016-11-27 15:00:00,2.866666666666665,-2.2388888888888894,0.58,25.293100000000003,299.0,11.2056,0.0,1023.41
2016-11-27 16:00:00,2.4055555555555546,-1.5222222222222213,0.59,15.520400000000002,289.0,11.398800000000001,0.0,1023.62
2016-11-27 17:00:00,2.2222222222222223,-2.511111111111111,0.6,20.6885,281.0,9.982000000000001,0.0,1024.11
2016-11-27 18:00:00,1.1555555555555546,-3.7944444444444434,0.69,20.2055,281.0,9.982000000000001,0.0,1024.13
2016-11-27 19:00:00,0.30555555555555397,-4.138888888888889,0.74,15.649200000000002,280.0,9.982000000000001,0.0,1025.01
2016-11-27 20:00:00,0.11666666666666714,-3.855555555555556,0.75,12.976600000000001,280.0,9.982000000000001,0.0,1025.21
2016-11-27 21:00:00,0.07222222222222364,-4.155555555555556,0.72,14.1841,280.0,9.982000000000001,0.0,1025.6
2016-11-27 22:00:00,0.11111111111111269,-3.5166666666666657,0.73,11.414900000000001,277.0,14.9569,0.0,1025.76
2016-11-27 23:00:00,-0.4888888888888883,-4.955555555555557,0.75,14.7959,271.0,15.826300000000002,0.0,1025.71
2016-11-28 00:00:00,-0.4888888888888883,-5.433333333333334,0.75,17.4524,280.0,15.826300000000002,0.0,1026.01
2016-11-28 01:00:00,-3.2444444444444445,-7.861111111111111,0.86,12.6224,286.0,8.2593,0.0,1026.29
2016-11-28 02:00:00,-0.5333333333333338,-6.0055555555555555,0.75,20.736800000000002,290.0,15.826300000000002,0.0,1025.83
2016-11-28 03:00:00,-0.5333333333333338,-5.977777777777779,0.72,20.5436,290.0,15.826300000000002,0.0,1025.94
2016-11-28 04:00:00,-1.427777777777778,-6.155555555555555,0.78,15.005200000000002,283.0,14.9569,0.0,1026.38
2016-11-28 05:00:00,-2.127777777777777,-7.23888888888889,0.81,16.1161,291.0,9.982000000000001,0.0,1026.53
2016-11-28 06:00:00,-2.666666666666667,-7.605555555555556,0.78,14.6349,291.0,9.982000000000001,0.0,1027.02
2016-11-28 07:00:00,-2.166666666666666,-6.977777777777778,0.81,14.570500000000003,289.0,9.982000000000001,0.0,1027.48
2016-11-28 08:00:00,-1.161111111111111,-5.338888888888889,0.75,12.654600000000002,309.0,9.982000000000001,0.0,1027.92
2016-11-28 09:00:00,-0.027777777777778172,-4.894444444444444,0.69,17.661700000000003,319.0,9.982000000000001,0.0,1028.21
2016-11-28 10:00:00,2.0388888888888896,-2.1111111111111116,0.65,16.3576,334.0,9.982000000000001,0.0,1028.61
2016-11-28 11:00:00,2.244444444444444,-1.466666666666667,0.61,14.0875,319.0,15.826300000000002,0.0,1028.8
2016-11-28 12:00:00,2.872222222222223,-0.36666666666666675,0.57,12.3004,329.0,11.2056,0.0,1028.38
2016-11-28 13:00:00,3.8944444444444435,1.8555555555555574,0.48,7.969500000000001,11.0,11.398800000000001,0.0,1027.96
2016-11-28 14:00:00,3.9111111111111105,3.9111111111111105,0.48,3.9928000000000003,43.0,11.2056,0.0,1027.4
2016-11-28 15:00:00,3.838888888888887,3.838888888888887,0.45,2.6887,179.0,11.2056,0.0,1027.3
2016-11-28 16:00:00,1.3944444444444433,-0.7833333333333334,0.57,7.0518,140.0,11.398800000000001,0.0,1027.67
2016-11-28 17:00:00,-0.04999999999999992,-0.04999999999999992,0.69,0.1449,240.0,9.982000000000001,0.0,1027.68
2016-11-28 18:00:00,-1.2055555555555566,-3.9611111111111104,0.75,7.502600000000001,171.0,9.982000000000001,0.0,1027.79
2016-11-28 19:00:00,-2.1333333333333333,-5.783333333333333,0.81,9.7888,167.0,9.982000000000001,0.0,1027.94
2016-11-28 20:00:00,-2.3388888888888895,-2.3388888888888895,0.82,4.7012,149.0,9.9015,0.0,1027.8
2016-11-28 21:00:00,-3.427777777777779,-3.427777777777779,0.85,3.0429,198.0,15.729700000000001,0.0,1027.96
2016-11-28 22:00:00,-3.8499999999999996,-3.8499999999999996,0.88,3.6547,168.0,13.524000000000001,0.0,1027.69
2016-11-28 23:00:00,-4.005555555555556,-4.005555555555556,0.88,1.5295,110.0,9.853200000000001,0.0,1027.16
2016-11-29 00:00:00,-4.4944444444444445,-7.188888888888889,0.88,6.0375000000000005,120.0,7.969500000000001,0.0,1026.85
2016-11-29 01:00:00,-2.361111111111111,-4.772222222222222,0.82,6.118,84.0,14.1841,0.0,1016.81
2016-11-29 02:00:00,-4.566666666666666,-7.383333333333332,0.88,6.295100000000001,129.0,7.969500000000001,0.0,1025.96
2016-11-29 03:00:00,-5.094444444444445,-7.972222222222222,0.85,6.230700000000001,138.0,7.969500000000001,0.0,1025.56
2016-11-29 04:00:00,-5.1,-7.933333333333334,0.89,6.1341,135.0,7.905100000000001,0.0,1025.14
2016-11-29 05:00:00,-5.094444444444445,-9.555555555555555,0.85,10.577700000000002,140.0,7.0357,0.0,1024.58
2016-11-29 06:00:00,-6.161111111111111,-9.783333333333333,0.92,7.567000000000001,139.0,6.9391,0.0,1024.16
2016-11-29 07:00:00,-5.2666666666666675,-8.899999999999999,0.86,7.985600000000001,120.0,7.3255,0.0,1023.68
2016-11-29 08:00:00,-3.0333333333333337,-6.166666666666668,0.79,7.6796999999999995,120.0,7.824600000000001,0.0,1023.3
2016-11-29 09:00:00,-2.105555555555555,-6.761111111111112,0.76,13.8621,139.0,9.8049,0.0,1023.08
2016-11-29 10:00:00,-0.1555555555555562,-0.1555555555555562,0.73,4.5724,91.0,9.9015,0.0,1022.81
2016-11-29 11:00:00,2.127777777777777,0.8388888888888878,0.61,5.0071,145.0,9.982000000000001,0.0,1021.89
2016-11-29 12:00:00,2.194444444444446,-0.8833333333333333,0.6,10.8836,116.0,9.982000000000001,0.0,1020.88
2016-11-29 13:00:00,2.7888888888888905,-0.3499999999999994,0.57,11.753,108.0,9.982000000000001,0.0,1020.18
2016-11-29 14:00:00,2.7777777777777777,-0.2055555555555561,0.53,10.996300000000002,118.0,9.982000000000001,0.0,1019.19
2016-11-29 15:00:00,2.2666666666666657,-1.1111111111111112,0.64,12.3648,81.0,9.982000000000001,0.0,1018.69
2016-11-29 16:00:00,1.1111111111111112,-1.4111111111111105,0.64,7.985600000000001,71.0,9.982000000000001,0.0,1018.52
2016-11-29 17:00:00,-0.1388888888888889,-3.3333333333333335,0.76,9.5151,50.0,9.982000000000001,0.0,1018.02
2016-11-29 18:00:00,-1.2055555555555566,-4.638888888888889,0.81,9.66,52.0,9.982000000000001,0.0,1017.9
2016-11-29 19:00:00,-1.2277777777777783,-4.561111111111112,0.77,9.2736,66.0,9.982000000000001,0.0,1017.54
2016-11-29 20:00:00,-1.2944444444444434,-5.394444444444445,0.76,12.203800000000001,69.0,9.9015,0.0,1016.92
2016-11-29 21:00:00,-2.3666666666666676,-6.283333333333333,0.82,10.5938,60.0,9.9015,0.0,1016.81
2016-11-29 22:00:00,-1.7944444444444447,-5.544444444444445,0.77,10.384500000000001,76.0,14.7959,0.0,1016.15
2016-11-29 23:00:00,-2.3444444444444437,-2.3444444444444437,0.79,3.0751,60.0,15.649200000000002,0.0,1015.82
2016-11-30 00:00:00,-2.855555555555556,-2.855555555555556,0.82,3.4454000000000002,56.0,15.6009,0.0,1015.04
2016-11-30 01:00:00,-1.9111111111111119,-5.183333333333333,0.9,8.6779,242.0,5.152000000000001,0.0,1015.73
2016-11-30 02:00:00,-1.3277777777777782,-1.3277777777777782,0.79,3.22,358.0,15.552600000000002,0.0,1014.43
2016-11-30 03:00:00,-0.7222222222222227,-2.7777777777777777,0.73,5.8604,117.0,15.552600000000002,0.0,1013.75
2016-11-30 04:00:00,-1.122222222222222,-1.122222222222222,0.82,3.1878,27.0,14.715400000000002,0.0,1013.58
2016-11-30 05:00:00,-1.2555555555555564,-1.2555555555555564,0.88,1.6261,330.0,10.948,0.0,1013.13
2016-11-30 06:00:00,-1.2555555555555564,-1.2555555555555564,0.88,3.3649,330.0,10.948,0.0,1012.74
2016-11-30 07:00:00,-1.122222222222222,-1.122222222222222,0.89,3.3971,312.0,7.792400000000001,0.0,1012.63
2016-11-30 08:00:00,-1.1833333333333327,-2.922222222222223,0.81,5.0232,292.0,6.0053,0.0,1012.73
2016-11-30 09:00:00,-1.161111111111111,-1.161111111111111,0.88,4.3631,218.0,6.0697,0.0,1013.12
2016-11-30 10:00:00,-0.9333333333333331,-2.7111111111111104,0.88,5.184200000000001,276.0,5.6833,0.0,1013.56
2016-11-30 11:00:00,0.0,0.0,0.76,4.4114,245.0,7.969500000000001,0.0,1013.37
2016-11-30 12:00:00,0.09444444444444539,-3.33888888888889,0.81,10.5938,184.0,8.05,0.0,1012.81
2016-11-30 13:00:00,0.17777777777777792,-3.577777777777778,0.83,12.042800000000002,260.0,7.3255,0.0,1013.08
2016-11-30 14:00:00,1.1833333333333347,-0.2777777777777778,0.75,5.1037,234.0,6.1985,0.0,1013.28
2016-11-30 15:00:00,1.2055555555555566,-1.3333333333333326,0.75,8.0983,269.0,8.05,0.0,1013.71
2016-11-30 16:00:00,0.17777777777777792,-2.922222222222223,0.83,9.3863,245.0,7.4543,0.0,1014.37
2016-11-30 17:00:00,0.0500000000000019,-3.5055555555555546,0.82,11.0607,241.0,8.05,0.0,1014.2
2016-11-30 18:00:00,-1.0388888888888894,-4.811111111111111,0.88,11.0607,241.0,8.05,0.0,1014.6
2016-11-30 19:00:00,-0.9833333333333331,-4.416666666666667,0.89,9.8049,239.0,7.3255,0.0,1015.38
2016-11-30 20:00:00,-1.083333333333333,-6.766666666666667,0.88,21.2037,249.0,9.982000000000001,0.0,1015.31
2016-11-30 21:00:00,-1.083333333333333,-6.0555555555555545,0.88,16.7279,249.0,9.982000000000001,0.0,1015.49
2016-11-30 22:00:00,-1.4611111111111106,-5.538888888888888,0.9,11.946200000000001,240.0,8.645700000000001,0.0,1015.98
2016-11-30 23:00:00,-2.6333333333333324,-6.683333333333334,0.88,10.867500000000001,204.0,4.2987,0.0,1016.08
2016-12-01 00:00:00,-1.6166666666666667,-6.183333333333333,0.92,13.9909,232.0,4.2987,0.0,1016.07
2016-12-01 01:00:00,0.8666666666666679,-2.066666666666666,0.9,9.2736,164.0,2.5921000000000003,0.0,1018.15
2016-12-01 02:00:00,-2.0111111111111115,-5.955555555555555,0.92,10.948,240.0,4.2987,0.0,1016.36
2016-12-01 03:00:00,-1.4777777777777779,-5.3,0.88,10.8997,230.0,4.2987,0.0,1016.18
2016-12-01 04:00:00,-0.41111111111111026,-2.844444444444445,0.89,6.9552000000000005,247.0,4.1216,0.0,1016.43
2016-12-01 05:00:00,0.09444444444444539,-2.45,0.85,7.5187,173.0,6.295100000000001,0.0,1016.19
2016-12-01 06:00:00,0.09444444444444539,-2.527777777777778,0.92,7.760200000000001,199.0,6.295100000000001,0.0,1016.45
2016-12-01 07:00:00,0.09444444444444539,-3.1055555555555556,0.92,9.708300000000001,200.0,3.2844,0.0,1016.56
2016-12-01 08:00:00,0.09444444444444539,-3.4000000000000004,0.92,10.867500000000001,163.0,3.2039,0.0,1016.85
2016-12-01 09:00:00,1.161111111111113,1.161111111111113,0.85,3.2522,193.0,3.2361,0.0,1017.06
2016-12-01 10:00:00,2.3444444444444437,-0.383333333333334,0.85,9.5312,173.0,3.2844,0.0,1017.24
2016-12-01 11:00:00,2.4555555555555566,-0.5944444444444446,0.84,11.012400000000001,171.0,3.8318,0.0,1017.41
2016-12-01 12:00:00,4.144444444444445,1.0777777777777766,0.81,12.847800000000001,171.0,4.2987,0.0,1016.8
2016-12-01 13:00:00,5.277777777777778,3.0888888888888903,0.75,9.6278,173.0,4.2987,0.0,1016.7
2016-12-01 14:00:00,5.3,2.4555555555555566,0.81,13.0249,180.0,4.2987,0.0,1016.59
2016-12-01 15:00:00,4.21111111111111,1.505555555555556,0.88,11.0446,153.0,4.2987,0.0,1016.32
2016-12-01 16:00:00,3.18888888888889,0.5833333333333317,0.89,9.708300000000001,169.0,2.2862,0.0,1016.67
2016-12-01 17:00:00,2.433333333333335,-0.6333333333333336,0.91,11.0768,132.0,2.2057,0.0,1016.74
2016-12-01 18:00:00,2.8277777777777797,-0.13333333333333247,0.95,10.9158,141.0,2.1252000000000004,0.0,1016.96
2016-12-01 19:00:00,2.677777777777778,-0.21666666666666698,0.96,10.513300000000001,149.0,2.6565,0.0,1017.22
2016-12-01 20:00:00,2.7777777777777777,-0.21111111111111056,0.89,11.012400000000001,161.0,3.059,0.0,1017.07
2016-12-01 21:00:00,1.211111111111111,-0.43888888888888844,0.89,5.554500000000001,165.0,3.059,0.0,1017.83
2016-12-01 22:00:00,1.1388888888888873,-1.9833333333333334,0.92,10.1913,148.0,2.9141000000000004,0.0,1017.72
2016-12-01 23:00:00,1.1166666666666656,-2.116666666666666,0.92,10.642100000000001,160.0,3.0107000000000004,0.0,1018.08
2016-12-02 00:00:00,1.1166666666666656,-0.9666666666666658,0.92,6.6493,153.0,3.0107000000000004,0.0,1018.55
2016-12-02 01:00:00,2.7611111111111106,-0.5388888888888883,0.9,12.5097,155.0,5.3452,0.0,1012.85
2016-12-02 02:00:00,0.5777777777777773,-2.833333333333334,0.9,10.9319,160.0,2.9624,0.0,1018.45
2016-12-02 03:00:00,0.027777777777776198,-2.0388888888888896,0.89,6.1502,153.0,2.9624,0.0,1018.66
2016-12-02 04:00:00,-0.3722222222222232,-3.711111111111111,0.93,9.8854,164.0,2.9141000000000004,0.0,1018.77
2016-12-02 05:00:00,-1.0388888888888894,-3.861111111111111,0.92,7.7440999999999995,169.0,2.9302,0.0,1018.57
2016-12-02 06:00:00,-1.0222222222222221,-2.7722222222222213,0.92,5.0876,163.0,2.9302,0.0,1018.65
2016-12-02 07:00:00,-0.8555555555555551,-3.7333333333333325,0.93,8.033900000000001,173.0,1.7710000000000004,0.0,1018.93
2016-12-02 08:00:00,0.044444444444443496,-3.150000000000001,0.92,9.66,190.0,1.5456,0.0,1019.38
2016-12-02 09:00:00,1.1333333333333329,-1.1833333333333327,0.92,7.3416,191.0,1.5617,0.0,1019.88
2016-12-02 10:00:00,2.1722222222222203,0.905555555555557,0.86,4.9749,178.0,1.5617,0.0,1020.06
2016-12-02 11:00:00,2.333333333333335,-0.23333333333333428,0.92,8.919400000000001,180.0,1.5617,0.0,1020.02
2016-12-02 12:00:00,2.9555555555555557,-0.7333333333333335,0.95,14.9086,191.0,1.8837,0.0,1019.28
2016-12-02 13:00:00,4.000000000000002,1.3222222222222237,0.9,10.722600000000002,207.0,2.1091,0.0,1018.62
2016-12-02 14:00:00,4.122222222222224,1.81111111111111,0.88,9.193100000000001,171.0,2.5760000000000005,0.0,1018.11
2016-12-02 15:00:00,4.094444444444443,2.1722222222222203,0.89,7.695800000000001,162.0,3.0429,0.0,1018.34
2016-12-02 16:00:00,3.2166666666666663,1.2444444444444456,0.89,7.3738,179.0,2.0930000000000004,0.0,1018.05
2016-12-02 17:00:00,2.8888888888888906,0.6777777777777771,0.89,7.969500000000001,161.0,2.9302,0.0,1017.95
2016-12-02 18:00:00,2.816666666666667,-0.47777777777777747,0.89,12.5419,180.0,2.9302,0.0,1017.44
2016-12-02 19:00:00,2.2888888888888874,2.2888888888888874,0.88,4.4114,142.0,2.9141000000000004,0.0,1017.16
2016-12-02 20:00:00,1.2388888888888872,-2.066666666666666,0.92,11.0285,132.0,1.8515,0.0,1017.11
2016-12-02 21:00:00,1.2444444444444456,-2.066666666666666,0.96,11.0607,141.0,1.6905000000000001,0.0,1016.2
2016-12-02 22:00:00,1.8277777777777773,-1.8333333333333337,0.96,13.2986,151.0,1.3846,0.0,1015.61
2016-12-02 23:00:00,2.822222222222221,-0.26111111111111046,0.96,11.4954,152.0,2.9463000000000004,0.0,1014.58
2016-12-03 00:00:00,3.355555555555555,-0.5777777777777773,0.85,17.0499,141.0,5.9087000000000005,0.0,1013.1
2016-12-03 01:00:00,5.499999999999999,2.6444444444444435,0.87,13.379100000000001,275.0,10.787,0.0,1004.7
2016-12-03 02:00:00,3.3999999999999986,-0.09444444444444539,0.89,14.3451,160.0,4.4436,0.0,1010.1
2016-12-03 03:00:00,4.4222222222222225,0.7222222222222207,0.85,17.2109,159.0,4.4436,0.0,1008.88
2016-12-03 04:00:00,4.516666666666668,0.8500000000000006,0.86,17.146500000000003,154.0,6.230700000000001,0.0,1006.88
2016-12-03 05:00:00,4.53888888888889,1.3000000000000018,0.82,14.3612,170.0,6.0697,0.0,1006.15
2016-12-03 06:00:00,5.094444444444445,1.1500000000000001,0.82,20.4953,161.0,8.05,0.0,1004.54
2016-12-03 07:00:00,5.166666666666665,1.2666666666666673,0.77,20.221600000000002,162.0,6.3434,0.0,1003.47
2016-12-03 08:00:00,5.138888888888889,1.0388888888888874,0.82,21.879900000000003,170.0,6.118,0.0,1002.3
2016-12-03 09:00:00,6.1833333333333345,3.06111111111111,0.8,16.1322,172.0,6.118,0.0,1002.27
2016-12-03 10:00:00,7.144444444444444,3.788888888888889,0.81,20.0123,172.0,8.227100000000002,0.0,1002.4
2016-12-03 11:00:00,7.222222222222222,4.583333333333333,0.8,14.457800000000002,181.0,7.905100000000001,0.0,1001.15
2016-12-03 12:00:00,7.266666666666666,5.1944444444444455,0.8,10.996300000000002,163.0,7.8729,0.0,1000.89
2016-12-03 13:00:00,7.794444444444445,5.477777777777778,0.84,13.1537,186.0,10.8031,0.0,1000.15
2016-12-03 14:00:00,7.755555555555556,6.077777777777777,0.84,9.4185,171.0,7.824600000000001,0.0,999.55
2016-12-03 15:00:00,7.194444444444446,5.316666666666666,0.86,9.9015,162.0,6.8586,0.0,999.27
2016-12-03 16:00:00,7.211111111111109,5.422222222222221,0.88,9.4829,152.0,4.9910000000000005,0.0,999.35
2016-12-03 17:00:00,6.155555555555555,6.155555555555555,0.93,4.4114,25.0,3.4293,0.0,1000.14
2016-12-03 18:00:00,6.111111111111111,6.111111111111111,0.86,4.7012,107.0,8.1949,0.0,1000.51
2016-12-03 19:00:00,6.116666666666665,4.05,0.88,9.7888,132.0,8.1144,0.0,1000.48
2016-12-03 20:00:00,3.9611111111111126,2.9611111111111104,0.92,4.8944,227.0,8.1305,0.0,999.77
2016-12-03 21:00:00,4.516666666666668,2.994444444444445,0.89,6.5688,233.0,8.1305,0.0,1000.69
2016-12-03 22:00:00,4.055555555555554,2.3444444444444437,0.92,6.9552000000000005,250.0,8.1305,0.0,1001.67
2016-12-03 23:00:00,5.094444444444445,1.5444444444444452,0.89,17.3397,299.0,9.982000000000001,0.0,1002.62
2016-12-04 00:00:00,5.627777777777779,2.244444444444444,0.86,17.0821,299.0,9.982000000000001,0.0,1003.12
2016-12-04 01:00:00,1.5333333333333323,-1.7277777777777774,0.9,11.109000000000002,323.0,13.8138,0.0,1016.92
2016-12-04 02:00:00,6.111111111111111,2.449999999999998,0.79,20.334300000000002,300.0,11.9784,0.0,1003.55
2016-12-04 03:00:00,5.511111111111112,2.049999999999999,0.79,17.436300000000003,291.0,14.9086,0.0,1004.06
2016-12-04 04:00:00,4.5055555555555555,0.5333333333333338,0.76,19.416600000000003,301.0,14.9569,0.0,1004.61
2016-12-04 05:00:00,2.822222222222221,-1.6722222222222232,0.82,20.0445,290.0,9.982000000000001,0.0,1005.34
2016-12-04 06:00:00,2.2666666666666657,-1.1944444444444438,0.79,12.783400000000002,289.0,9.982000000000001,0.0,1005.95
2016-12-04 07:00:00,2.272222222222224,-2.5666666666666673,0.8,21.6545,299.0,10.3523,0.0,1006.47
2016-12-04 08:00:00,2.7333333333333343,-1.1277777777777784,0.77,15.616999999999999,280.0,9.982000000000001,0.0,1007.06
2016-12-04 09:00:00,5.0,1.0611111111111091,0.7,20.2055,290.0,9.982000000000001,0.0,1007.85
2016-12-04 10:00:00,6.105555555555557,2.105555555555555,0.65,23.4094,300.0,10.3523,0.0,1008.78
2016-12-04 11:00:00,7.249999999999998,3.0777777777777775,0.6,28.98,310.0,9.982000000000001,0.0,0.0
2016-12-04 12:00:00,7.822222222222221,3.9833333333333343,0.58,27.048000000000002,301.0,11.2056,0.0,1009.18
2016-12-04 13:00:00,7.861111111111111,4.249999999999999,0.57,24.5686,311.0,11.4471,0.0,1009.75
2016-12-04 14:00:00,7.844444444444444,4.577777777777779,0.58,20.881700000000002,310.0,11.270000000000001,0.0,1010.52
2016-12-04 15:00:00,7.266666666666666,4.372222222222221,0.6,16.3737,327.0,11.270000000000001,0.0,1011.06
2016-12-04 16:00:00,5.233333333333334,2.2166666666666677,0.69,13.9587,308.0,11.0285,0.0,1012.45
2016-12-04 17:00:00,5.022222222222222,1.4499999999999997,0.7,17.3558,309.0,9.982000000000001,0.0,1013.38
2016-12-04 18:00:00,2.933333333333334,-0.9611111111111114,0.82,16.1161,310.0,9.982000000000001,0.0,1014.47
2016-12-04 19:00:00,2.894444444444445,-1.083333333333333,0.83,16.583000000000002,316.0,9.982000000000001,0.0,1015.31
2016-12-04 20:00:00,2.311111111111109,-1.683333333333334,0.85,15.794100000000002,329.0,9.982000000000001,0.0,1016.06
2016-12-04 21:00:00,2.2666666666666657,-1.5611111111111104,0.82,14.7637,328.0,15.826300000000002,0.0,1016.77
2016-12-04 22:00:00,1.9222222222222227,-1.977777777777777,0.85,14.715400000000002,328.0,14.9569,0.0,1017.58
2016-12-04 23:00:00,1.2666666666666673,-2.7333333333333343,0.85,14.457800000000002,329.0,15.826300000000002,0.0,1018.37
2016-12-05 00:00:00,1.2666666666666673,-2.7222222222222214,0.85,14.4095,328.0,15.826300000000002,0.0,1019.07
2016-12-05 01:00:00,-1.9666666666666661,-4.8388888888888895,0.89,7.438200000000001,306.0,9.837100000000001,0.0,1023.19
2016-12-05 02:00:00,0.6666666666666683,-3.427777777777779,0.89,14.2163,329.0,14.9086,0.0,1020.67
2016-12-05 03:00:00,0.5500000000000012,-3.533333333333333,0.89,14.007,330.0,14.9086,0.0,1021.26
2016-12-05 04:00:00,0.26111111111111046,-3.3500000000000005,0.89,11.4954,320.0,14.168000000000003,0.0,1021.66
2016-12-05 05:00:00,0.11666666666666714,-3.416666666666666,0.89,11.012400000000001,329.0,14.9086,0.0,1022.05
2016-12-05 06:00:00,-0.994444444444444,-4.372222222222224,0.88,9.595600000000001,329.0,9.982000000000001,0.0,1022.26
2016-12-05 07:00:00,-1.0166666666666657,-4.783333333333333,0.92,11.0446,329.0,9.982000000000001,0.0,1022.87
2016-12-05 08:00:00,-0.027777777777778172,-3.883333333333332,0.85,12.316500000000001,339.0,9.982000000000001,0.0,1023.84
2016-12-05 09:00:00,1.1555555555555546,-2.116666666666666,0.78,10.8192,339.0,11.2056,0.0,1024.45
2016-12-05 10:00:00,2.361111111111111,-1.5722222222222213,0.79,15.504300000000002,320.0,9.982000000000001,0.0,1024.86
2016-12-05 11:00:00,4.027777777777778,0.7333333333333335,0.76,14.007,321.0,9.982000000000001,0.0,1024.57
2016-12-05 12:00:00,6.205555555555557,3.183333333333332,0.69,15.4721,331.0,9.982000000000001,0.0,1024.05
2016-12-05 13:00:00,7.26111111111111,4.644444444444444,0.56,14.329,357.0,10.3523,0.0,1024.25
2016-12-05 14:00:00,7.222222222222222,4.227777777777778,0.6,17.0821,351.0,11.2056,0.0,1023.76
2016-12-05 15:00:00,6.155555555555555,3.583333333333335,0.6,12.525800000000002,1.0,9.982000000000001,0.0,1023.66
2016-12-05 16:00:00,4.111111111111111,1.4166666666666652,0.64,10.9319,349.0,10.3523,0.0,1024.18
2016-12-05 17:00:00,2.194444444444446,-0.4499999999999993,0.72,9.1126,330.0,9.982000000000001,0.0,1024.53
2016-12-05 18:00:00,1.0388888888888874,-2.6888888888888887,0.78,12.799500000000002,320.0,9.982000000000001,0.0,1024.95
2016-12-05 19:00:00,1.9222222222222227,-1.7999999999999992,0.75,13.7494,318.0,9.982000000000001,0.0,1024.68
2016-12-05 20:00:00,-0.21111111111111056,-3.3611111111111116,0.82,9.338000000000001,338.0,9.982000000000001,0.0,1024.64
2016-12-05 21:00:00,-0.1388888888888889,-2.0555555555555554,0.82,5.7477,342.0,14.9086,0.0,1024.7
2016-12-05 22:00:00,-0.9888888888888895,-0.9888888888888895,0.85,3.9928000000000003,323.0,14.9569,0.0,1024.5
2016-12-05 23:00:00,-1.8055555555555556,-1.8055555555555556,0.88,3.22,0.0,14.812,0.0,1024.32
2016-12-06 00:00:00,-2.361111111111111,-2.361111111111111,0.88,3.5259,284.0,9.8049,0.0,1024.14
2016-12-06 01:00:00,-1.188888888888889,-2.9277777777777776,0.92,5.0232,205.0,2.7692,0.0,1020.47
2016-12-06 02:00:00,-2.894444444444445,-2.894444444444445,0.88,2.8497000000000003,302.0,6.0697,0.0,1023.81
2016-12-06 03:00:00,-3.444444444444444,-3.444444444444444,0.88,3.22,310.0,9.7566,0.0,1023.32
2016-12-06 04:00:00,-2.8888888888888884,-2.8888888888888884,0.85,3.3488,325.0,9.7888,0.0,1022.68
2016-12-06 05:00:00,-2.983333333333334,-2.983333333333334,0.85,0.2898,310.0,9.708300000000001,0.0,1022.6
2016-12-06 06:00:00,-3.9555555555555566,-3.9555555555555566,0.85,0.1449,260.0,9.563400000000001,0.0,1022.81
2016-12-06 07:00:00,-4.78888888888889,-4.78888888888889,0.92,3.8318,274.0,5.6833,0.0,1023.42
2016-12-06 08:00:00,-2.9166666666666665,-2.9166666666666665,0.86,1.4812,246.0,4.7978000000000005,0.0,1023.91
2016-12-06 09:00:00,-0.016666666666667298,-0.016666666666667298,0.83,0.3864,188.0,3.9284000000000003,0.0,1024.06
2016-12-06 10:00:00,2.2166666666666677,2.2166666666666677,0.81,4.1538,287.0,4.2343,0.0,1023.77
2016-12-06 11:00:00,5.972222222222222,5.972222222222222,0.71,0.6118,222.0,8.05,0.0,1022.81
2016-12-06 12:00:00,6.133333333333333,5.344444444444443,0.7,5.1037,216.0,9.9015,0.0,1022.38
2016-12-06 13:00:00,6.9222222222222225,5.994444444444444,0.68,5.8443000000000005,229.0,9.3702,0.0,1022.07
2016-12-06 14:00:00,7.105555555555555,5.283333333333332,0.66,9.5473,268.0,9.982000000000001,0.0,1021.59
2016-12-06 15:00:00,6.016666666666666,4.344444444444445,0.7,8.0017,243.0,9.9015,0.0,1021.59
2016-12-06 16:00:00,4.966666666666665,2.738888888888889,0.77,9.5312,241.0,9.3702,0.0,1021.69
2016-12-06 17:00:00,3.888888888888889,2.8888888888888906,0.82,4.8783,234.0,9.9015,0.0,1021.78
2016-12-06 18:00:00,3.7722222222222217,1.3333333333333326,0.82,9.4829,249.0,9.9015,0.0,1021.71
2016-12-06 19:00:00,3.7055555555555566,0.8611111111111095,0.77,11.237800000000002,229.0,9.7566,0.0,1021.61
2016-12-06 20:00:00,2.5722222222222237,-0.4166666666666667,0.83,10.835300000000002,230.0,9.7566,0.0,1021.3
2016-12-06 21:00:00,1.555555555555554,-1.6055555555555558,0.85,10.6904,210.0,9.7566,0.0,1020.99
2016-12-06 22:00:00,0.7722222222222226,-1.4833333333333343,0.9,6.9713,206.0,7.8729,0.0,1020.89
2016-12-06 23:00:00,0.027777777777776198,-2.077777777777777,0.89,6.262900000000001,231.0,6.0697,0.0,1020.68
2016-12-07 00:00:00,-0.47777777777777747,-2.7222222222222214,0.92,6.423900000000001,204.0,4.0733,0.0,1020.26
2016-12-07 01:00:00,2.8999999999999995,0.12777777777777605,0.93,10.1752,159.0,5.313,0.0,1010.98
2016-12-07 02:00:00,-1.1555555555555546,-3.4222222222222225,0.92,6.2146,181.0,1.5134,0.0,1019.17
2016-12-07 03:00:00,-1.5666666666666669,-3.8166666666666678,0.92,6.021400000000001,179.0,1.5134,0.0,1018.76
2016-12-07 04:00:00,-1.2388888888888892,-3.494444444444444,0.96,6.1502,179.0,2.415,0.0,1018.32
2016-12-07 05:00:00,-0.994444444444444,-4.311111111111113,0.92,9.3863,150.0,3.2039,0.0,1017.34
2016-12-07 06:00:00,-0.994444444444444,-3.883333333333332,0.92,8.0017,150.0,3.6547,0.0,1017.1
2016-12-07 07:00:00,-0.9333333333333331,-4.688888888888889,0.93,11.0768,153.0,3.3649,0.0,1016.79
2016-12-07 08:00:00,-1.0388888888888894,-4.027777777777778,0.92,8.2593,169.0,3.5581,0.0,1016.13
2016-12-07 09:00:00,1.2055555555555566,-2.5333333333333328,0.85,13.0088,169.0,5.1359,0.0,1015.7
2016-12-07 10:00:00,3.9611111111111126,0.5666666666666684,0.77,14.4739,154.0,6.4078,0.0,1015.38
2016-12-07 11:00:00,6.116666666666665,2.422222222222222,0.65,20.608000000000004,179.0,7.212800000000001,0.0,1013.92
2016-12-07 12:00:00,7.222222222222222,3.5166666666666657,0.65,23.6187,170.0,8.1305,0.0,1012.98
2016-12-07 13:00:00,7.916666666666667,4.5055555555555555,0.67,22.5561,169.0,8.420300000000001,0.0,1011.84
2016-12-07 14:00:00,7.799999999999999,4.005555555555556,0.68,26.4201,151.0,8.1305,0.0,1010.7
2016-12-07 15:00:00,7.266666666666666,3.6388888888888875,0.73,22.942500000000003,151.0,8.1305,0.0,1009.66
2016-12-07 16:00:00,6.15,2.950000000000001,0.77,16.6474,159.0,7.631400000000001,0.0,1009.52
2016-12-07 17:00:00,4.072222222222221,1.6111111111111103,0.82,9.821,178.0,6.295100000000001,0.0,1009.64
2016-12-07 18:00:00,4.072222222222221,1.311111111111111,0.82,11.1895,160.0,6.295100000000001,0.0,1009.53
2016-12-07 19:00:00,4.077777777777779,1.3666666666666671,0.83,10.948,169.0,8.3398,0.0,1009.23
2016-12-07 20:00:00,4.05,1.0277777777777786,0.82,12.5097,161.0,8.05,0.0,1008.94
2016-12-07 21:00:00,4.511111111111109,1.9333333333333316,0.8,10.722600000000002,160.0,9.9015,0.0,1008.86
2016-12-07 22:00:00,4.005555555555556,2.422222222222222,0.83,6.5044,171.0,7.969500000000001,0.0,1008.86
2016-12-07 23:00:00,3.5388888888888874,1.8277777777777773,0.89,6.6976,163.0,6.9874,0.0,1009.02
2016-12-08 00:00:00,3.5388888888888874,1.9666666666666661,0.92,6.262900000000001,134.0,6.021400000000001,0.0,1008.92
2016-12-08 01:00:00,4.405555555555555,4.405555555555555,0.9,4.7012,6.0,5.6511,0.0,1010.52
2016-12-08 02:00:00,4.1166666666666645,1.4166666666666652,0.92,10.9319,153.0,4.025,0.0,1008.9
2016-12-08 03:00:00,4.627777777777776,3.127777777777779,0.92,6.5688,165.0,4.025,0.0,1008.43
2016-12-08 04:00:00,4.583333333333333,2.972222222222223,0.93,6.9069,167.0,4.025,0.0,1008.22
2016-12-08 05:00:00,5.1611111111111105,2.9777777777777774,0.93,9.5151,192.0,2.0286,0.0,1007.84
2016-12-08 06:00:00,5.1611111111111105,3.5277777777777786,0.93,7.293300000000001,172.0,1.5617,0.0,1007.95
2016-12-08 07:00:00,5.105555555555554,2.972222222222223,0.93,9.2414,167.0,1.6744,0.0,1008.18
2016-12-08 08:00:00,5.138888888888889,2.8111111111111122,0.93,10.143,162.0,1.4168,0.0,1008.74
2016-12-08 09:00:00,5.138888888888889,3.561111111111109,0.93,7.1001,174.0,1.449,0.0,1009.23
2016-12-08 10:00:00,5.938888888888887,4.800000000000001,0.94,6.0375000000000005,178.0,1.7066000000000001,0.0,1009.33
2016-12-08 11:00:00,7.1499999999999995,7.1499999999999995,0.93,4.3631,148.0,1.6744,0.0,1009.0
2016-12-08 12:00:00,7.1499999999999995,7.1499999999999995,0.93,0.6601,0.0,2.5921000000000003,0.0,1008.74
2016-12-08 13:00:00,7.027777777777777,7.027777777777777,0.94,0.11270000000000002,225.0,2.5438,0.0,1008.91
2016-12-08 14:00:00,7.1499999999999995,5.816666666666666,0.93,7.406,352.0,3.5259,0.0,1008.9
2016-12-08 15:00:00,7.1499999999999995,5.816666666666666,0.86,7.406,358.0,3.9284000000000003,0.0,1008.93
2016-12-08 16:00:00,6.977777777777779,5.277777777777778,0.88,8.8389,10.0,3.9606000000000003,0.0,1009.51
2016-12-08 17:00:00,6.061111111111109,6.061111111111109,0.93,3.7996,322.0,3.9284000000000003,0.0,1009.85
2016-12-08 18:00:00,6.038888888888888,5.166666666666665,0.93,5.313,350.0,1.932,0.0,1010.07
2016-12-08 19:00:00,6.066666666666667,3.761111111111113,0.93,10.948,5.0,3.5742000000000007,0.0,1010.38
2016-12-08 20:00:00,5.022222222222222,2.4833333333333325,0.93,11.0607,10.0,3.1395,0.0,1011.02
2016-12-08 21:00:00,4.488888888888888,1.849999999999999,0.96,11.012400000000001,1.0,3.1395,0.0,1011.21
2016-12-08 22:00:00,4.594444444444446,1.5499999999999996,0.95,13.2986,2.0,3.9123000000000006,0.0,1011.47
2016-12-08 23:00:00,4.444444444444445,1.8388888888888901,0.92,10.787,21.0,4.588500000000001,0.0,1011.81
2016-12-09 00:00:00,4.372222222222221,3.0166666666666666,0.92,6.0053,341.0,5.0393,0.0,1011.58
2016-12-09 01:00:00,4.088888888888889,3.1055555555555574,0.93,4.9105,85.0,3.4454000000000002,0.0,1003.88
2016-12-09 02:00:00,4.2777777777777795,2.855555555555556,0.89,6.1502,41.0,5.9248,0.0,1010.44
2016-12-09 03:00:00,4.183333333333334,4.183333333333334,0.89,0.8533000000000001,355.0,5.8443000000000005,0.0,1010.09
2016-12-09 04:00:00,4.255555555555554,4.255555555555554,0.93,2.6082000000000005,95.0,4.9588,0.0,1009.58
2016-12-09 05:00:00,3.7444444444444454,3.7444444444444454,0.92,3.22,40.0,1.6905000000000001,0.0,1008.73
2016-12-09 06:00:00,3.7944444444444434,3.7944444444444434,0.92,4.4436,149.0,0.32200000000000006,0.0,1008.43
2016-12-09 07:00:00,3.8555555555555543,3.8555555555555543,0.92,0.4186,110.0,0.3059,0.0,1008.11
2016-12-09 08:00:00,3.816666666666665,1.9277777777777771,1.0,7.406,92.0,0.3381,0.0,1008.28
2016-12-09 09:00:00,4.883333333333333,3.072222222222223,0.93,7.760200000000001,130.0,0.6440000000000001,0.0,1007.91
2016-12-09 10:00:00,4.8888888888888875,2.7722222222222235,0.94,8.9999,208.0,1.5617,0.0,1007.75
2016-12-09 11:00:00,5.0,5.0,0.93,4.0733,265.0,1.8837,0.0,1007.68
2016-12-09 12:00:00,5.072222222222224,5.072222222222224,0.93,0.7567,150.0,0.8533000000000001,0.0,1007.31
2016-12-09 13:00:00,5.155555555555556,3.522222222222224,0.93,7.3094,137.0,1.3524,0.0,1006.05
2016-12-09 14:00:00,5.072222222222224,2.255555555555557,0.93,12.558,138.0,1.3202,0.0,1005.16
2016-12-09 15:00:00,5.072222222222224,2.5166666666666675,0.93,11.1734,131.0,3.0107000000000004,0.0,1004.88
2016-12-09 16:00:00,5.238888888888889,5.238888888888889,0.87,4.025,114.0,1.4812,0.0,1004.31
2016-12-09 17:00:00,3.0333333333333337,1.1166666666666656,0.95,7.084000000000001,352.0,0.8533000000000001,0.0,1004.1
2016-12-09 18:00:00,3.011111111111112,3.011111111111112,0.96,4.459700000000001,340.0,0.6762,0.0,1003.91
2016-12-09 19:00:00,4.255555555555554,4.255555555555554,0.92,4.4436,36.0,0.8211,0.0,1003.88
2016-12-09 20:00:00,3.9333333333333322,1.5388888888888905,1.0,9.4185,41.0,0.6601,0.0,1003.12
2016-12-09 21:00:00,3.9333333333333322,2.3944444444444457,0.96,6.3434,14.0,0.6601,0.0,1003.0
2016-12-09 22:00:00,4.111111111111111,4.111111111111111,0.95,2.6565,142.0,2.3828,0.0,1002.97
2016-12-09 23:00:00,3.938888888888891,3.938888888888891,0.92,2.5760000000000005,142.0,1.8837,0.0,1002.7
2016-12-10 00:00:00,3.9833333333333343,2.5944444444444454,0.92,5.9248,108.0,1.8837,0.0,1002.51
2016-12-10 01:00:00,4.9833333333333325,3.1555555555555554,0.9,7.905100000000001,252.0,6.601,0.0,1006.16
2016-12-10 02:00:00,4.488888888888888,2.727777777777776,0.89,7.357700000000001,54.0,2.9624,0.0,1002.29
2016-12-10 03:00:00,4.416666666666668,2.933333333333334,0.89,6.423900000000001,71.0,2.9624,0.0,1001.81
2016-12-10 04:00:00,4.938888888888889,2.144444444444444,0.9,12.3004,84.0,3.1234,0.0,1000.93
2016-12-10 05:00:00,6.011111111111111,6.011111111111111,0.8,3.5581,97.0,3.8801000000000005,0.0,1000.65
2016-12-10 06:00:00,5.0,2.7333333333333343,0.86,9.7405,50.0,3.8801000000000005,0.0,1000.63
2016-12-10 07:00:00,5.933333333333334,3.327777777777779,0.81,12.445300000000001,77.0,3.8962000000000003,0.0,1000.72
2016-12-10 08:00:00,6.061111111111109,4.005555555555556,0.86,9.708300000000001,59.0,3.8801000000000005,0.0,1000.66
2016-12-10 09:00:00,6.061111111111109,4.066666666666666,0.87,9.4024,87.0,4.347,0.0,1000.96
2016-12-10 10:00:00,7.044444444444444,5.522222222222221,0.87,8.1305,66.0,4.2987,0.0,1001.2
2016-12-10 11:00:00,7.172222222222221,5.6722222222222225,0.86,8.1305,86.0,5.892600000000001,0.0,1001.16
2016-12-10 12:00:00,7.172222222222221,7.172222222222221,0.86,4.652900000000001,122.0,5.892600000000001,0.0,1001.05
2016-12-10 13:00:00,7.161111111111111,5.844444444444446,0.87,7.3738,147.0,5.6028,0.0,1001.21
2016-12-10 14:00:00,7.172222222222221,7.172222222222221,0.86,4.2987,165.0,5.892600000000001,0.0,1001.45
2016-12-10 15:00:00,6.111111111111111,6.111111111111111,0.93,4.186000000000001,197.0,2.9624,0.0,1001.85
2016-12-10 16:00:00,6.016666666666666,4.005555555555556,0.94,9.450700000000001,236.0,1.2719,0.0,1002.48
2016-12-10 17:00:00,6.061111111111109,6.061111111111109,0.93,4.6368,236.0,1.2719,0.0,1002.85
2016-12-10 18:00:00,6.061111111111109,4.41111111111111,0.93,7.9373000000000005,244.0,1.2719,0.0,1003.34
2016-12-10 19:00:00,6.061111111111109,3.3999999999999986,0.93,12.9283,279.0,1.5617,0.0,1003.87
2016-12-10 20:00:00,6.111111111111111,3.7333333333333325,0.93,11.382700000000002,291.0,3.4293,0.0,1004.42
2016-12-10 21:00:00,5.583333333333332,2.5722222222222237,0.93,14.4095,281.0,3.8801000000000005,0.0,1004.91
2016-12-10 22:00:00,5.483333333333332,2.4166666666666674,0.94,14.651,270.0,5.1037,0.0,1005.65
2016-12-10 23:00:00,5.5277777777777795,2.5055555555555546,0.89,14.457800000000002,271.0,6.8264000000000005,0.0,1006.3
2016-12-11 00:00:00,5.0,1.872222222222221,0.89,14.312900000000003,261.0,7.7440999999999995,0.0,1006.89
2016-12-11 01:00:00,4.5055555555555555,4.5055555555555555,0.96,4.5402000000000005,354.0,3.5420000000000007,0.0,1014.23
2016-12-11 02:00:00,4.4722222222222205,2.9166666666666665,0.92,6.6493,251.0,5.9731000000000005,0.0,1007.69
2016-12-11 03:00:00,4.4722222222222205,1.7777777777777795,0.92,11.270000000000001,250.0,5.9731000000000005,0.0,1007.89
2016-12-11 04:00:00,4.549999999999999,1.7499999999999991,0.93,11.8657,242.0,5.2003,0.0,1008.19
2016-12-11 05:00:00,5.0,3.0833333333333317,0.86,8.2593,242.0,5.0393,0.0,1008.28
2016-12-11 06:00:00,4.977777777777778,2.694444444444445,0.87,9.7888,270.0,5.0393,0.0,1008.8
2016-12-11 07:00:00,5.0,2.194444444444446,0.88,12.445300000000001,253.0,4.347,0.0,1009.23
2016-12-11 08:00:00,5.0,2.833333333333334,0.86,9.305800000000001,242.0,3.9284000000000003,0.0,1009.41
2016-12-11 09:00:00,5.0,2.766666666666665,0.86,9.579500000000001,244.0,5.9248,0.0,1009.89
2016-12-11 10:00:00,5.0166666666666675,3.8222222222222237,0.88,5.828200000000001,246.0,6.0375000000000005,0.0,1010.51
2016-12-11 11:00:00,5.022222222222222,3.238888888888888,0.86,7.760200000000001,243.0,3.4454000000000002,0.0,1010.31
2016-12-11 12:00:00,5.022222222222222,2.5944444444444454,0.86,10.513300000000001,262.0,4.83,0.0,1010.28
2016-12-11 13:00:00,5.050000000000002,2.855555555555556,0.93,9.466800000000001,263.0,3.3005,0.0,1010.41
2016-12-11 14:00:00,5.0,5.0,0.93,4.7012,265.0,2.5921000000000003,0.0,1010.52
2016-12-11 15:00:00,5.0,5.0,0.93,2.9302,267.0,3.059,0.0,1011.03
2016-12-11 16:00:00,4.9833333333333325,4.9833333333333325,0.93,3.8318,292.0,3.3488,0.0,1011.36
2016-12-11 17:00:00,4.977777777777778,4.977777777777778,0.93,4.7012,339.0,2.5921000000000003,0.0,1011.85
2016-12-11 18:00:00,4.977777777777778,3.1555555555555554,0.93,7.889000000000001,1.0,3.059,0.0,1012.25
2016-12-11 19:00:00,4.9833333333333325,3.2444444444444462,0.93,7.567000000000001,351.0,3.2039,0.0,1012.69
2016-12-11 20:00:00,4.927777777777776,3.122222222222221,0.93,7.792400000000001,8.0,3.0429,0.0,1013.14
2016-12-11 21:00:00,4.927777777777776,3.4777777777777765,0.93,6.552700000000001,9.0,1.4168,0.0,1013.65
2016-12-11 22:00:00,4.938888888888889,3.583333333333335,0.94,6.262900000000001,0.0,1.8032000000000004,0.0,1014.0
2016-12-11 23:00:00,4.394444444444442,2.9611111111111104,0.96,6.2468,20.0,2.4955000000000003,0.0,1014.56
2016-12-12 00:00:00,4.394444444444442,1.7777777777777795,0.96,10.8031,359.0,1.8837,0.0,1015.05
2016-12-12 01:00:00,3.994444444444443,0.11666666666666714,0.82,17.726100000000002,27.0,13.2664,0.0,1023.7
2016-12-12 02:00:00,4.444444444444445,2.994444444444445,0.96,6.3112,21.0,3.864,0.0,1015.84
2016-12-12 03:00:00,4.444444444444445,2.9166666666666665,0.96,6.552700000000001,20.0,3.864,0.0,1016.05
2016-12-12 04:00:00,4.488888888888888,2.9277777777777794,0.96,6.6976,13.0,3.0912,0.0,1016.4
2016-12-12 05:00:00,4.949999999999998,2.727777777777776,0.93,9.499,39.0,3.864,0.0,1016.75
2016-12-12 06:00:00,4.949999999999998,3.066666666666668,0.86,8.0983,48.0,3.864,0.0,1017.34
2016-12-12 07:00:00,4.916666666666668,3.122222222222221,0.88,7.7440999999999995,33.0,2.9141000000000004,0.0,1017.94
2016-12-12 08:00:00,4.927777777777776,2.7222222222222214,0.87,9.4185,48.0,2.9463000000000004,0.0,1018.53
2016-12-12 09:00:00,5.0,2.449999999999998,0.93,11.0929,49.0,3.9284000000000003,0.0,1019.13
2016-12-12 10:00:00,5.033333333333335,2.694444444444445,0.94,10.0786,58.0,2.898,0.0,1020.04
2016-12-12 11:00:00,5.050000000000002,2.4833333333333325,0.93,11.1895,50.0,4.4919,0.0,1020.52
2016-12-12 12:00:00,6.1388888888888875,3.544444444444446,0.8,12.6224,50.0,8.05,0.0,1020.91
2016-12-12 13:00:00,6.044444444444446,3.6444444444444457,0.87,11.414900000000001,40.0,7.3899,0.0,1021.09
2016-12-12 14:00:00,6.0888888888888895,3.7444444444444454,0.86,11.1734,48.0,8.1949,0.0,1021.12
2016-12-12 15:00:00,6.0888888888888895,4.372222222222221,0.86,8.227100000000002,48.0,8.1949,0.0,1021.63
2016-12-12 16:00:00,5.999999999999998,4.938888888888889,0.87,5.8604,31.0,6.7942,0.0,1022.33
2016-12-12 17:00:00,6.038888888888888,4.377777777777779,0.86,7.969500000000001,29.0,7.212800000000001,0.0,1022.73
2016-12-12 18:00:00,5.022222222222222,3.183333333333332,0.93,7.969500000000001,19.0,6.3434,0.0,1023.23
2016-12-12 19:00:00,5.0666666666666655,2.5999999999999996,0.93,10.7387,17.0,5.7477,0.0,1023.55
2016-12-12 20:00:00,5.022222222222222,2.7888888888888905,0.93,9.595600000000001,9.0,6.3434,0.0,1023.95
2016-12-12 21:00:00,5.0,3.4777777777777765,0.89,6.8264000000000005,13.0,6.295100000000001,0.0,1024.25
2016-12-12 22:00:00,4.905555555555555,2.372222222222224,0.9,10.9158,10.0,6.0053,0.0,1024.75
2016-12-12 23:00:00,4.927777777777776,1.7777777777777795,0.86,14.3773,21.0,9.982000000000001,0.0,1025.25
2016-12-13 00:00:00,4.394444444444442,0.6666666666666683,0.82,17.3719,31.0,9.982000000000001,0.0,1025.35
2016-12-13 01:00:00,-1.033333333333333,-4.58888888888889,0.75,10.2235,312.0,14.586600000000002,0.0,1027.37
2016-12-13 02:00:00,3.327777777777779,-1.5833333333333341,0.77,24.7296,21.0,14.9086,0.0,1025.97
2016-12-13 03:00:00,3.305555555555557,-1.0888888888888895,0.74,20.3021,21.0,14.9086,0.0,1026.44
2016-12-13 04:00:00,2.3555555555555565,-2.127777777777777,0.77,19.0946,18.0,14.168000000000003,0.0,1026.35
2016-12-13 05:00:00,1.25,-2.6999999999999997,0.78,14.1358,11.0,9.982000000000001,0.0,1026.74
2016-12-13 06:00:00,1.1277777777777784,-3.3055555555555554,0.78,16.744000000000003,10.0,9.982000000000001,0.0,1026.85
2016-12-13 07:00:00,1.1111111111111112,-3.2944444444444443,0.79,16.5347,7.0,14.9569,0.0,1027.02
2016-12-13 08:00:00,1.0611111111111091,-3.494444444444444,0.82,17.4202,339.0,9.982000000000001,0.0,1027.33
2016-12-13 09:00:00,2.7500000000000018,-1.3444444444444454,0.76,17.1304,349.0,9.982000000000001,0.0,1027.22
2016-12-13 10:00:00,3.738888888888887,-0.47777777777777747,0.72,19.803,4.0,11.0285,0.0,1027.53
2016-12-13 11:00:00,5.0,0.5111111111111121,0.66,25.212600000000002,349.0,11.2056,0.0,1027.32
2016-12-13 12:00:00,5.0,1.0111111111111113,0.7,20.624100000000002,0.0,11.270000000000001,0.0,1027.19
2016-12-13 13:00:00,5.0166666666666675,1.4555555555555542,0.7,17.259200000000003,359.0,11.4471,0.0,1027.09
2016-12-13 14:00:00,4.949999999999998,0.9833333333333351,0.65,20.3182,12.0,11.270000000000001,0.0,1026.71
2016-12-13 15:00:00,2.7777777777777777,-1.3722222222222216,0.7,17.5329,21.0,11.2056,0.0,1026.61
2016-12-13 16:00:00,2.422222222222222,-1.2277777777777783,0.72,13.9587,343.0,11.398800000000001,0.0,1026.53
2016-12-13 17:00:00,2.1000000000000005,-2.5666666666666673,0.47,19.9479,28.0,9.982000000000001,0.0,1026.47
2016-12-13 18:00:00,1.1277777777777784,-3.9055555555555563,0.54,20.752900000000004,18.0,9.982000000000001,0.0,1027.08
2016-12-13 19:00:00,0.19444444444444522,-4.555555555555555,0.59,17.243100000000002,7.0,10.3523,0.0,1027.72
2016-12-13 20:00:00,-0.005555555555556424,-4.800000000000001,0.58,17.259200000000003,27.0,9.982000000000001,0.0,1028.17
2016-12-13 21:00:00,-0.5333333333333338,-4.883333333333333,0.61,14.1036,358.0,15.826300000000002,0.0,1028.55
2016-12-13 22:00:00,-1.8888888888888882,-6.655555555555556,0.7,14.6671,345.0,15.3111,0.0,1028.62
2016-12-13 23:00:00,-1.6222222222222231,-6.216666666666667,0.69,14.0875,349.0,15.826300000000002,0.0,1028.45
2016-12-14 00:00:00,-2.177777777777779,-6.211111111111111,0.69,11.1734,328.0,15.826300000000002,0.0,1028.05
2016-12-14 01:00:00,-4.427777777777777,-8.466666666666665,0.81,9.6278,10.0,14.168000000000003,0.0,1028.86
2016-12-14 02:00:00,-2.2000000000000006,-7.449999999999999,0.72,16.7923,301.0,15.826300000000002,0.0,1027.35
2016-12-14 03:00:00,-1.6944444444444449,-6.372222222222222,0.69,14.457800000000002,319.0,15.826300000000002,0.0,1026.8
2016-12-14 04:00:00,-2.127777777777777,-6.0555555555555545,0.73,10.787,334.0,14.586600000000002,0.0,1026.47
2016-12-14 05:00:00,-1.161111111111111,-6.772222222222222,0.75,20.5597,341.0,11.2056,0.0,1026.72
2016-12-14 06:00:00,-2.2500000000000004,-7.333333333333333,0.75,15.858500000000001,349.0,9.982000000000001,0.0,1026.43
2016-12-14 07:00:00,-2.2888888888888896,-7.294444444444443,0.77,15.391600000000002,358.0,11.398800000000001,0.0,1026.42
2016-12-14 08:00:00,-2.2000000000000006,-7.2555555555555555,0.69,15.7458,1.0,9.982000000000001,0.0,1026.55
2016-12-14 09:00:00,-1.1111111111111112,-7.311111111111111,0.63,24.9872,10.0,9.982000000000001,0.0,1026.75
2016-12-14 10:00:00,-1.0166666666666657,-7.055555555555555,0.68,23.9246,17.0,10.4006,0.0,1026.82
2016-12-14 11:00:00,-1.0444444444444438,-7.133333333333334,0.68,24.2144,30.0,11.270000000000001,0.0,1026.85
2016-12-14 12:00:00,-0.09444444444444539,-5.861111111111111,0.64,23.7958,29.0,10.8031,0.0,1026.56
2016-12-14 13:00:00,-0.9222222222222223,-6.977777777777778,0.73,24.262700000000002,18.0,11.0607,0.0,1026.12
2016-12-14 14:00:00,-2.2000000000000006,-7.344444444444444,0.88,16.2127,21.0,1.127,0.0,1026.15
2016-12-14 15:00:00,-2.2000000000000006,-8.494444444444444,0.95,23.345000000000002,30.0,5.9248,0.0,1026.14
2016-12-14 16:00:00,-2.061111111111112,-6.5166666666666675,0.82,13.041,29.0,8.7101,0.0,1026.52
2016-12-14 17:00:00,-2.7333333333333343,-7.28888888888889,0.79,12.8156,29.0,10.0464,0.0,1026.96
2016-12-14 18:00:00,-2.8277777777777775,-6.9944444444444445,0.72,11.1734,11.0,9.982000000000001,0.0,1027.44
2016-12-14 19:00:00,-3.9055555555555563,-8.233333333333333,0.81,10.948,7.0,9.982000000000001,0.0,1027.72
2016-12-14 20:00:00,-3.888888888888889,-8.305555555555555,0.79,11.3022,29.0,9.982000000000001,0.0,1028.15
2016-12-14 21:00:00,-5.388888888888889,-10.16111111111111,0.88,11.4471,2.0,14.9086,0.0,1028.27
2016-12-14 22:00:00,-4.4944444444444445,-9.766666666666666,0.83,14.2163,18.0,14.168000000000003,0.0,1028.76
2016-12-14 23:00:00,-3.9611111111111104,-9.166666666666666,0.78,14.49,29.0,14.9086,0.0,1029.06
2016-12-15 00:00:00,-4.53888888888889,-9.844444444444443,0.78,14.3451,29.0,14.9086,0.0,1029.45
2016-12-15 01:00:00,-2.3166666666666678,-7.522222222222221,0.86,16.4059,18.0,9.982000000000001,0.0,1030.95
2016-12-15 02:00:00,-4.561111111111112,-9.833333333333334,0.81,14.168000000000003,20.0,14.9086,0.0,1029.56
2016-12-15 03:00:00,-4.005555555555556,-9.816666666666668,0.81,17.4524,20.0,14.9086,0.0,1029.66
2016-12-15 04:00:00,-3.6999999999999997,-8.794444444444444,0.81,14.2324,24.0,14.168000000000003,0.0,1029.56
2016-12-15 05:00:00,-2.9611111111111104,-9.016666666666667,0.72,20.366500000000002,29.0,9.982000000000001,0.0,1029.5
2016-12-15 06:00:00,-2.9611111111111104,-9.461111111111112,0.72,23.3289,30.0,9.982000000000001,0.0,1029.67
2016-12-15 07:00:00,-2.905555555555556,-8.899999999999999,0.74,20.076700000000002,29.0,9.982000000000001,0.0,1029.79
2016-12-15 08:00:00,-2.3111111111111113,-8.15,0.75,20.076700000000002,20.0,9.982000000000001,0.0,1029.87
2016-12-15 09:00:00,-2.8499999999999996,-9.094444444444443,0.85,21.815500000000004,19.0,5.8765,0.0,1029.97
2016-12-15 10:00:00,-2.244444444444444,-7.76111111111111,0.87,18.2252,11.0,2.9302,0.0,1030.01
2016-12-15 11:00:00,-2.244444444444444,-8.311111111111112,0.88,21.670600000000004,19.0,1.8837,0.0,1029.36
2016-12-15 12:00:00,-2.2222222222222223,-8.049999999999999,0.95,20.1572,29.0,1.4168,0.0,1028.85
2016-12-15 13:00:00,-1.2722222222222217,-6.244444444444444,0.89,16.5025,37.0,1.6261,0.0,1028.6
2016-12-15 14:00:00,-1.1555555555555546,-5.027777777777778,0.88,11.3666,11.0,3.8801000000000005,0.0,1028.44
2016-12-15 15:00:00,-1.1333333333333329,-6.194444444444444,0.92,17.1948,29.0,7.728,0.0,1028.35
2016-12-15 16:00:00,-1.9833333333333334,-5.227777777777778,0.89,8.533,23.0,7.550900000000001,0.0,1028.56
2016-12-15 17:00:00,-2.6111111111111107,-4.811111111111111,0.92,5.554500000000001,14.0,4.0733,0.0,1028.72
2016-12-15 18:00:00,-3.633333333333333,-7.177777777777779,0.91,8.5491,43.0,3.3649,0.0,1029.01
2016-12-15 19:00:00,-4.533333333333333,-8.416666666666666,0.92,9.0965,46.0,5.570600000000001,0.0,1029.43
2016-12-15 20:00:00,-4.772222222222222,-9.761111111111111,0.85,12.799500000000002,51.0,8.1305,0.0,1029.91
2016-12-15 21:00:00,-4.833333333333333,-10.2,0.92,14.296800000000003,51.0,9.982000000000001,0.0,1030.31
2016-12-15 22:00:00,-7.133333333333334,-10.572222222222223,0.89,6.7781,30.0,9.499,0.0,1030.9
2016-12-15 23:00:00,-5.783333333333333,-10.133333333333335,0.88,9.7888,23.0,9.982000000000001,0.0,1031.56
2016-12-16 00:00:00,-2.727777777777778,-6.894444444444444,0.88,11.253900000000002,22.0,9.982000000000001,0.0,1031.35
2016-12-16 01:00:00,-2.066666666666666,-5.95,0.89,10.6743,8.0,4.459700000000001,0.0,1034.72
2016-12-16 02:00:00,-2.2888888888888896,-7.583333333333333,0.81,16.9211,20.0,9.9015,0.0,1031.45
2016-12-16 03:00:00,-3.2166666666666663,-8.183333333333334,0.85,14.1519,21.0,9.8049,0.0,1031.62
2016-12-16 04:00:00,-1.8944444444444446,-6.955555555555555,0.83,16.1644,20.0,9.4829,0.0,1031.28
2016-12-16 05:00:00,-2.244444444444444,-6.927777777777777,0.88,13.8782,20.0,9.8049,0.0,1031.17
2016-12-16 06:00:00,-2.244444444444444,-5.855555555555555,0.96,9.579500000000001,10.0,9.8049,0.0,1031.64
2016-12-16 07:00:00,-2.3000000000000003,-2.3000000000000003,0.96,2.3506,6.0,4.5402000000000005,0.0,1032.14
2016-12-16 08:00:00,-2.2222222222222223,-5.833333333333333,0.96,9.595600000000001,352.0,2.9946,0.0,1032.33
2016-12-16 09:00:00,-1.6888888888888884,-4.238888888888888,0.92,6.7137,2.0,2.9785000000000004,0.0,1032.64
2016-12-16 10:00:00,-1.1500000000000001,-4.955555555555557,0.93,11.0768,18.0,2.2218,0.0,1032.94
2016-12-16 11:00:00,-1.1388888888888893,-4.961111111111111,0.92,11.1734,11.0,1.8998,0.0,1032.92
2016-12-16 12:00:00,-1.1166666666666676,-5.26111111111111,0.92,12.558,40.0,3.4454000000000002,0.0,1032.93
2016-12-16 13:00:00,-0.9555555555555549,-4.888888888888889,0.92,11.785200000000001,19.0,3.5742000000000007,0.0,1033.01
2016-12-16 14:00:00,-1.1388888888888893,-5.277777777777778,0.92,12.5097,20.0,3.5581,0.0,1032.81
2016-12-16 15:00:00,-1.1388888888888893,-4.483333333333333,0.88,9.3863,352.0,3.6064000000000007,0.0,1032.64
2016-12-16 16:00:00,-1.1000000000000003,-4.666666666666666,0.89,10.2074,358.0,4.5563,0.0,1033.14
2016-12-16 17:00:00,-1.161111111111111,-2.905555555555556,0.88,5.0393,350.0,6.0697,0.0,1033.21
2016-12-16 18:00:00,-1.1833333333333327,-1.1833333333333327,0.89,4.7656,338.0,6.118,0.0,1033.8
2016-12-16 19:00:00,-1.1833333333333327,-4.577777777777777,0.88,9.5312,320.0,6.118,0.0,1034.1
2016-12-16 20:00:00,-1.1833333333333327,-4.922222222222222,0.88,10.8192,331.0,6.118,0.0,1034.12
2016-12-16 21:00:00,-1.6888888888888884,-5.5055555555555555,0.88,10.706500000000002,333.0,6.118,0.0,1034.61
2016-12-16 22:00:00,-1.6888888888888884,-4.005555555555556,0.88,6.118,325.0,4.1216,0.0,1034.71
2016-12-16 23:00:00,-1.6888888888888884,-5.527777777777778,0.88,10.787,352.0,4.1216,0.0,1034.93
2016-12-17 00:00:00,-1.6888888888888884,-5.527777777777778,0.88,10.787,3.0,4.1216,0.0,1035.41
2016-12-17 01:00:00,-3.2444444444444445,-8.055555555555555,0.79,13.4274,39.0,14.9569,0.0,1038.86
2016-12-17 02:00:00,-1.7166666666666666,-6.311111111111111,0.88,14.023100000000003,30.0,3.7513000000000005,0.0,1035.63
2016-12-17 03:00:00,-1.7388888888888883,-6.338888888888889,0.88,14.023100000000003,30.0,3.4293,0.0,1036.31
2016-12-17 04:00:00,-2.1000000000000005,-6.022222222222222,0.89,10.8192,38.0,4.717300000000001,0.0,1036.26
2016-12-17 05:00:00,-2.244444444444444,-6.705555555555556,0.81,12.863900000000001,50.0,4.2021,0.0,1036.7
2016-12-17 06:00:00,-2.3166666666666678,-6.655555555555556,0.81,12.2843,41.0,6.3434,0.0,1037.02
2016-12-17 07:00:00,-2.2388888888888894,-5.911111111111111,0.82,9.7888,46.0,6.5366,0.0,1037.51
2016-12-17 08:00:00,-2.2666666666666657,-5.472222222222223,0.81,8.2593,40.0,8.1949,0.0,1038.0
2016-12-17 09:00:00,-2.244444444444444,-6.2333333333333325,0.81,10.9319,41.0,8.1949,0.0,1038.51
2016-12-17 10:00:00,-2.1111111111111116,-6.155555555555555,0.82,11.270000000000001,32.0,8.1144,0.0,1039.05
2016-12-17 11:00:00,-2.2000000000000006,-6.216666666666667,0.81,11.0607,33.0,11.270000000000001,0.0,1039.11
2016-12-17 12:00:00,-2.177777777777779,-5.761111111111112,0.81,9.5312,42.0,11.270000000000001,0.0,1039.0
2016-12-17 13:00:00,-1.9722222222222225,-6.300000000000001,0.82,12.5419,23.0,11.0768,0.0,1038.95
2016-12-17 14:00:00,-2.155555555555555,-6.077777777777778,0.75,10.7548,12.0,11.270000000000001,0.0,1038.79
2016-12-17 15:00:00,-2.155555555555555,-6.749999999999999,0.75,13.5401,20.0,11.270000000000001,0.0,1038.61
2016-12-17 16:00:00,-2.55,-6.972222222222222,0.79,12.4292,16.0,10.722600000000002,0.0,1038.68
2016-12-17 17:00:00,-2.755555555555556,-7.538888888888888,0.78,13.7977,20.0,11.270000000000001,0.0,1038.91
2016-12-17 18:00:00,-2.805555555555556,-6.888888888888888,0.78,10.8836,28.0,11.270000000000001,0.0,1038.9
2016-12-17 19:00:00,-2.783333333333334,-7.155555555555555,0.8,11.9945,17.0,10.722600000000002,0.0,1038.75
2016-12-17 20:00:00,-2.7777777777777777,-6.422222222222222,0.78,9.3702,11.0,11.270000000000001,0.0,1038.92
2016-12-17 21:00:00,-2.7777777777777777,-6.805555555555555,0.81,10.6904,11.0,12.042800000000002,0.0,1039.1
2016-12-17 22:00:00,-2.7611111111111106,-6.677777777777777,0.8,10.2879,18.0,11.382700000000002,0.0,1038.98
2016-12-17 23:00:00,-3.3333333333333335,-7.466666666666667,0.79,10.6582,30.0,14.9569,0.0,1039.01
2016-12-18 00:00:00,-3.355555555555555,-7.48888888888889,0.79,10.642100000000001,39.0,14.9569,0.0,1039.18
2016-12-18 01:00:00,-7.5166666666666675,-7.5166666666666675,0.91,3.5420000000000007,305.0,2.737,0.0,1038.49
2016-12-18 02:00:00,-3.3333333333333335,-7.394444444444444,0.79,10.4006,29.0,14.9569,0.0,1038.9
2016-12-18 03:00:00,-3.355555555555555,-7.522222222222221,0.79,10.7548,20.0,14.9569,0.0,1039.08
2016-12-18 04:00:00,-3.3055555555555554,-6.044444444444443,0.8,6.552700000000001,15.0,14.2163,0.0,1038.73
2016-12-18 05:00:00,-2.8499999999999996,-5.905555555555555,0.72,7.550900000000001,18.0,11.125100000000002,0.0,1038.4
2016-12-18 06:00:00,-3.866666666666667,-7.161111111111111,0.84,7.728,349.0,11.270000000000001,0.0,1038.1
2016-12-18 07:00:00,-3.9833333333333343,-7.805555555555555,0.85,9.2253,349.0,10.5294,0.0,1038.13
2016-12-18 08:00:00,-3.9833333333333343,-7.411111111111111,0.85,8.05,350.0,9.8049,0.0,1038.39
2016-12-18 09:00:00,-2.8499999999999996,-4.75,0.79,4.9105,320.0,9.8049,0.0,1038.51
2016-12-18 10:00:00,-1.3166666666666673,-3.2944444444444443,0.71,5.490100000000001,333.0,9.837100000000001,0.0,1038.82
2016-12-18 11:00:00,-1.1833333333333327,-1.1833333333333327,0.7,4.7978000000000005,320.0,9.8049,0.0,1038.7
2016-12-18 12:00:00,-0.1388888888888889,-2.7777777777777777,0.64,7.6636,357.0,11.0446,0.0,1038.4
2016-12-18 13:00:00,-0.9611111111111114,-4.727777777777779,0.69,11.0929,330.0,11.0285,0.0,1038.09
2016-12-18 14:00:00,-1.0888888888888895,-3.9499999999999997,0.69,7.840700000000001,329.0,9.982000000000001,0.0,1037.68
2016-12-18 15:00:00,-2.177777777777779,-5.594444444444445,0.7,8.9838,330.0,9.9015,0.0,1037.57
2016-12-18 16:00:00,-3.572222222222222,-5.588888888888889,0.75,4.9427,328.0,6.6332,0.0,1037.48
2016-12-18 17:00:00,-4.05,-4.05,0.84,0.0,0.0,5.9731000000000005,0.0,1037.79
2016-12-18 18:00:00,-6.25,-6.25,0.88,0.0,0.0,5.9087000000000005,0.0,1037.69
2016-12-18 19:00:00,-5.933333333333334,-5.933333333333334,0.89,4.4919,305.0,3.6547,0.0,1037.82
2016-12-18 20:00:00,-7.522222222222221,-7.522222222222221,0.88,3.22,260.0,0.483,0.0,1037.81
2016-12-18 21:00:00,-8.083333333333334,-8.083333333333334,0.92,3.22,270.0,0.1771,0.0,1038.01
2016-12-18 22:00:00,-7.2555555555555555,-7.2555555555555555,0.89,3.703,277.0,0.7567,0.0,1038.31
2016-12-18 23:00:00,-8.122222222222224,-8.122222222222224,0.88,3.22,280.0,0.6279,0.0,1038.33
2016-12-19 00:00:00,-8.677777777777779,-8.677777777777779,0.84,3.22,270.0,0.6279,0.0,1038.68
2016-12-19 01:00:00,-5.305555555555555,-8.47777777777778,0.92,6.8264000000000005,306.0,2.0608,0.0,1040.47
2016-12-19 02:00:00,-8.7,-8.7,0.88,3.1717,292.0,2.9302,0.0,1038.4
2016-12-19 03:00:00,-9.166666666666666,-9.166666666666666,0.88,3.22,350.0,0.32200000000000006,0.0,1038.59
2016-12-19 04:00:00,-10.038888888888888,-10.038888888888888,0.88,3.4132000000000002,325.0,2.0447,0.0,1038.4
2016-12-19 05:00:00,-10.155555555555557,-10.155555555555557,0.92,4.83,340.0,1.8515,0.0,1038.58
2016-12-19 06:00:00,-9.183333333333334,-9.183333333333334,0.84,2.9785000000000004,331.0,10.770900000000001,0.0,1038.59
2016-12-19 07:00:00,-8.883333333333333,-8.883333333333333,0.93,0.805,263.0,0.3703,0.0,1039.07
2016-12-19 08:00:00,-8.094444444444443,-8.094444444444443,0.84,0.0,0.0,0.32200000000000006,0.0,1039.3
2016-12-19 09:00:00,-7.977777777777778,-7.977777777777778,0.84,3.22,100.0,1.3846,0.0,1039.87
2016-12-19 10:00:00,-6.877777777777776,-6.877777777777776,0.89,3.4454000000000002,281.0,0.27370000000000005,0.0,1040.23
2016-12-19 11:00:00,-6.138888888888889,-6.138888888888889,0.92,0.0,0.0,0.16100000000000003,0.0,1039.98
2016-12-19 12:00:00,-5.077777777777778,-5.077777777777778,0.92,3.22,310.0,0.16100000000000003,0.0,1039.97
2016-12-19 13:00:00,-2.822222222222221,-2.822222222222221,0.91,4.6207,253.0,1.61,0.0,1039.52
2016-12-19 14:00:00,-4.033333333333335,-6.0888888888888895,0.92,4.8944,337.0,1.3846,0.0,1039.4
2016-12-19 15:00:00,-5.050000000000001,-8.505555555555555,0.92,7.615300000000001,349.0,2.4633000000000003,0.0,1039.51
2016-12-19 16:00:00,-5.722222222222222,-8.894444444444442,0.89,6.6654,357.0,1.8676,0.0,1039.78
2016-12-19 17:00:00,-7.08888888888889,-12.422222222222222,0.88,12.203800000000001,330.0,1.8515,0.0,1040.18
2016-12-19 18:00:00,-6.094444444444444,-10.305555555555555,0.89,9.193100000000001,310.0,0.4669,0.0,1040.38
2016-12-19 19:00:00,-5.78888888888889,-10.127777777777778,0.93,9.7405,303.0,0.6762,0.0,1040.73
2016-12-19 20:00:00,-6.044444444444443,-10.311111111111112,0.88,9.3863,300.0,0.32200000000000006,0.0,1040.87
2016-12-19 21:00:00,-6.066666666666667,-9.116666666666667,0.88,6.279,301.0,0.4669,0.0,1040.78
2016-12-19 22:00:00,-5.394444444444445,-8.544444444444444,0.9,6.7298,320.0,0.49910000000000004,0.0,1041.1
2016-12-19 23:00:00,-5.533333333333334,-8.572222222222223,0.92,6.44,310.0,1.3846,0.0,1041.17
2016-12-20 00:00:00,-4.977777777777778,-7.861111111111111,0.88,6.295100000000001,301.0,0.9338,0.0,1041.07
2016-12-20 01:00:00,-3.6000000000000005,-7.5166666666666675,0.87,9.7405,290.0,5.216400000000001,0.0,1039.44
2016-12-20 02:00:00,-4.977777777777778,-7.927777777777777,0.89,6.44,320.0,1.8676,0.0,1040.87
2016-12-20 03:00:00,-4.955555555555557,-7.838888888888889,0.89,6.295100000000001,290.0,1.8676,0.0,1040.65
2016-12-20 04:00:00,-4.811111111111111,-7.783333333333335,0.93,6.552700000000001,286.0,1.8193,0.0,1040.22
2016-12-20 05:00:00,-4.905555555555555,-4.905555555555555,0.92,4.7656,270.0,3.8801000000000005,0.0,1040.06
2016-12-20 06:00:00,-3.866666666666667,-7.122222222222222,0.84,7.631400000000001,280.0,1.8837,0.0,1039.97
2016-12-20 07:00:00,-3.872222222222222,-3.872222222222222,0.86,4.1377,270.0,1.5134,0.0,1040.28
2016-12-20 08:00:00,-3.888888888888889,-3.888888888888889,0.85,3.2039,255.0,1.4651,0.0,1040.37
2016-12-20 09:00:00,-3.866666666666667,-3.866666666666667,0.92,3.1717,268.0,1.932,0.0,1040.57
2016-12-20 10:00:00,-3.788888888888889,-3.788888888888889,0.92,1.8676,267.0,2.9946,0.0,1040.81
2016-12-20 11:00:00,-3.7944444444444434,-6.9944444444444445,0.92,7.502600000000001,240.0,3.5259,0.0,1040.74
2016-12-20 12:00:00,-3.8444444444444454,-7.561111111111111,0.92,8.9516,259.0,4.459700000000001,0.0,1040.25
2016-12-20 13:00:00,-2.7611111111111106,-6.7444444444444445,0.86,10.5616,251.0,5.6028,0.0,1039.89
2016-12-20 14:00:00,-2.805555555555556,-5.800000000000001,0.85,7.406,211.0,6.021400000000001,0.0,1039.73
2016-12-20 15:00:00,-2.8277777777777775,-6.322222222222221,0.79,8.855,222.0,6.0053,0.0,1039.36
2016-12-20 16:00:00,-2.833333333333334,-6.216666666666667,0.81,8.500800000000002,215.0,5.361300000000001,0.0,1039.39
2016-12-20 17:00:00,-2.8277777777777775,-6.0555555555555545,0.79,8.05,240.0,5.957000000000001,0.0,1039.35
2016-12-20 18:00:00,-2.8277777777777775,-2.8277777777777775,0.79,2.7853000000000003,338.0,5.957000000000001,0.0,1039.25
2016-12-20 19:00:00,-2.8277777777777775,-2.8277777777777775,0.79,1.5295,260.0,5.957000000000001,0.0,1039.35
2016-12-20 20:00:00,-2.8277777777777775,-4.688888888888889,0.79,4.83,250.0,5.957000000000001,0.0,1039.26
2016-12-20 21:00:00,-3.3333333333333335,-3.3333333333333335,0.85,0.0,0.0,5.957000000000001,0.0,1039.35
2016-12-20 22:00:00,-3.3611111111111116,-3.3611111111111116,0.85,3.1717,262.0,5.957000000000001,0.0,1039.57
2016-12-20 23:00:00,-3.3333333333333335,-3.3333333333333335,0.85,3.22,290.0,5.957000000000001,0.0,1039.55
2016-12-21 00:00:00,-3.3333333333333335,-3.3333333333333335,0.85,3.0751,337.0,5.957000000000001,0.0,1039.34
2016-12-21 01:00:00,-4.400000000000001,-4.400000000000001,0.92,3.1234,176.0,2.9785000000000004,0.0,1038.2
2016-12-21 02:00:00,-3.8444444444444454,-3.8444444444444454,0.92,3.0751,330.0,4.4275,0.0,1038.96
2016-12-21 03:00:00,-3.8444444444444454,-6.55,0.88,6.279,291.0,4.4275,0.0,1038.76
2016-12-21 04:00:00,-3.866666666666667,-3.866666666666667,0.88,2.8497000000000003,141.0,4.4275,0.0,1038.64
2016-12-21 05:00:00,-3.866666666666667,-3.866666666666667,0.84,1.4812,330.0,4.4275,0.0,1038.37
2016-12-21 06:00:00,-3.866666666666667,-3.866666666666667,0.84,3.22,10.0,4.4275,0.0,1038.46
2016-12-21 07:00:00,-3.8388888888888886,-3.8388888888888886,0.92,3.6386,309.0,4.7656,0.0,1038.7
2016-12-21 08:00:00,-3.866666666666667,-3.866666666666667,0.92,2.7048,328.0,1.9642000000000002,0.0,1038.87
2016-12-21 09:00:00,-3.866666666666667,-3.866666666666667,0.92,2.9946,208.0,1.9642000000000002,0.0,1039.16
2016-12-21 10:00:00,-3.8388888888888886,-3.8388888888888886,0.92,1.3685,0.0,2.2701000000000002,0.0,1039.38
2016-12-21 11:00:00,-3.866666666666667,-3.866666666666667,0.84,4.6046000000000005,270.0,2.5760000000000005,0.0,1039.08
2016-12-21 12:00:00,-3.866666666666667,-3.866666666666667,0.85,1.4651,195.0,3.4937,0.0,1038.67
2016-12-21 13:00:00,-3.8388888888888886,-3.8388888888888886,0.86,1.5617,330.0,3.1878,0.0,1038.5
2016-12-21 14:00:00,-3.866666666666667,-3.866666666666667,0.85,0.1932,192.0,3.0429,0.0,1038.35
2016-12-21 15:00:00,-3.866666666666667,-3.866666666666667,0.85,2.898,296.0,2.5760000000000005,0.0,1038.16
2016-12-21 16:00:00,-3.8388888888888886,-3.8388888888888886,0.86,2.737,110.0,2.7853000000000003,0.0,1038.29
2016-12-21 17:00:00,-3.888888888888889,-3.888888888888889,0.85,0.0,0.0,3.0429,0.0,1038.07
2016-12-21 18:00:00,-3.938888888888889,-3.938888888888889,0.92,0.4025,134.0,3.0429,0.0,1038.05
2016-12-21 19:00:00,-3.9777777777777774,-3.9777777777777774,0.93,2.7692,197.0,3.1878,0.0,1038.49
2016-12-21 20:00:00,-3.938888888888889,-3.938888888888889,0.92,0.1288,120.0,3.0107000000000004,0.0,1038.48
2016-12-21 21:00:00,-3.9611111111111104,-3.9611111111111104,0.89,2.9946,173.0,3.0107000000000004,0.0,1038.56
2016-12-21 22:00:00,-4.433333333333334,-4.433333333333334,0.93,3.22,163.0,3.1556,0.0,1038.84
2016-12-21 23:00:00,-4.466666666666666,-4.466666666666666,0.92,3.2039,160.0,2.9785000000000004,0.0,1038.57
2016-12-22 00:00:00,-4.466666666666666,-4.466666666666666,0.88,3.3649,190.0,2.9785000000000004,0.0,1038.46
2016-12-22 01:00:00,-4.955555555555557,-7.5,0.93,5.5867,184.0,3.1234,0.0,1035.45
2016-12-22 02:00:00,-4.488888888888888,-4.488888888888888,0.88,3.1878,155.0,2.5277000000000003,0.0,1038.17
2016-12-22 03:00:00,-5.0,-7.888888888888889,0.92,6.295100000000001,141.0,2.5277000000000003,0.0,1038.07
2016-12-22 04:00:00,-4.977777777777778,-4.977777777777778,0.93,4.250400000000001,65.0,2.2379,0.0,1037.7
2016-12-22 05:00:00,-5.072222222222221,-5.072222222222221,0.92,2.9624,176.0,1.9803000000000002,0.0,1037.28
2016-12-22 06:00:00,-5.072222222222221,-5.072222222222221,0.92,2.7692,233.0,2.5760000000000005,0.0,1037.26
2016-12-22 07:00:00,-4.994444444444444,-4.994444444444444,0.93,2.4311000000000003,163.0,2.7853000000000003,0.0,1037.43
2016-12-22 08:00:00,-5.050000000000001,-5.050000000000001,0.85,3.0751,200.0,2.8497000000000003,0.0,1037.46
2016-12-22 09:00:00,-5.050000000000001,-5.050000000000001,0.85,3.3327,167.0,2.5438,0.0,1037.73
2016-12-22 10:00:00,-4.955555555555557,-4.955555555555557,0.87,3.1878,126.0,2.4472,0.0,1037.68
2016-12-22 11:00:00,-5.027777777777778,-7.222222222222222,0.85,4.9105,208.0,2.5438,0.0,1037.46
2016-12-22 12:00:00,-5.005555555555556,-8.405555555555555,0.92,7.502600000000001,130.0,2.5760000000000005,0.0,1036.86
2016-12-22 13:00:00,-4.888888888888889,-4.888888888888889,0.93,0.9821000000000001,135.0,2.6726,0.0,1036.37
2016-12-22 14:00:00,-5.005555555555556,-5.005555555555556,0.92,3.2844,123.0,1.9642000000000002,0.0,1035.95
2016-12-22 15:00:00,-5.005555555555556,-5.005555555555556,0.92,1.7871000000000004,166.0,1.932,0.0,1035.65
2016-12-22 16:00:00,-4.911111111111111,-8.233333333333333,0.93,7.3416,130.0,2.1252000000000004,0.0,1035.42
2016-12-22 17:00:00,-5.027777777777778,-8.533333333333333,0.85,7.776300000000001,141.0,3.0107000000000004,0.0,1035.35
2016-12-22 18:00:00,-5.027777777777778,-8.533333333333333,0.92,7.760200000000001,160.0,3.9284000000000003,0.0,1035.04
2016-12-22 19:00:00,-4.911111111111111,-8.344444444444443,0.86,7.631400000000001,117.0,3.7996,0.0,1035.0
2016-12-22 20:00:00,-5.027777777777778,-8.577777777777778,0.92,7.889000000000001,131.0,3.9123000000000006,0.0,1034.86
2016-12-22 21:00:00,-5.027777777777778,-5.027777777777778,0.89,3.2039,135.0,3.8962000000000003,0.0,1034.85
2016-12-22 22:00:00,-4.944444444444444,-4.944444444444444,0.9,3.3327,209.0,3.9123000000000006,0.0,1034.97
2016-12-22 23:00:00,-5.050000000000001,-7.888888888888889,0.92,6.166300000000001,170.0,2.9785000000000004,0.0,1034.67
2016-12-23 00:00:00,-5.027777777777778,-5.027777777777778,0.92,3.1073,124.0,2.9624,0.0,1034.67
2016-12-23 01:00:00,-4.038888888888888,-6.300000000000001,0.93,5.2808,100.0,4.4436,0.0,1033.39
2016-12-23 02:00:00,-5.027777777777778,-5.027777777777778,0.92,3.1556,198.0,2.9624,0.0,1034.46
2016-12-23 03:00:00,-5.027777777777778,-5.027777777777778,0.92,3.1234,74.0,2.9624,0.0,1034.35
2016-12-23 04:00:00,-4.944444444444444,-7.583333333333333,0.93,5.796,160.0,2.8014,0.0,1034.21
2016-12-23 05:00:00,-5.027777777777778,-5.027777777777778,0.92,4.6851,169.0,2.9624,0.0,1033.96
2016-12-23 06:00:00,-5.027777777777778,-5.027777777777778,0.92,3.1556,102.0,2.9624,0.0,1033.96
2016-12-23 07:00:00,-4.9833333333333325,-4.9833333333333325,0.93,2.0769,157.0,2.8014,0.0,1034.1
2016-12-23 08:00:00,-5.027777777777778,-5.027777777777778,0.92,0.1288,170.0,1.8998,0.0,1034.26
2016-12-23 09:00:00,-5.027777777777778,-5.027777777777778,0.92,4.7012,189.0,1.8837,0.0,1034.57
2016-12-23 10:00:00,-3.9611111111111104,-3.9611111111111104,0.87,1.2075,169.0,1.7388000000000001,0.0,1034.89
2016-12-23 11:00:00,-3.9833333333333343,-3.9833333333333343,0.92,3.22,160.0,2.4955000000000003,0.0,1034.75
2016-12-23 12:00:00,-3.938888888888889,-3.938888888888889,0.92,0.1288,140.0,1.8676,0.0,1034.37
2016-12-23 13:00:00,-3.861111111111111,-3.861111111111111,0.93,3.2039,162.0,1.3202,0.0,1034.09
2016-12-23 14:00:00,-3.9166666666666665,-3.9166666666666665,0.92,3.22,150.0,2.5116,0.0,1033.57
2016-12-23 15:00:00,-3.9166666666666665,-3.9166666666666665,0.92,3.22,130.0,2.9785000000000004,0.0,1033.57
2016-12-23 16:00:00,-3.938888888888889,-3.938888888888889,0.92,3.22,170.0,2.9785000000000004,0.0,1033.46
2016-12-23 17:00:00,-3.938888888888889,-3.938888888888889,0.92,3.1878,208.0,2.9785000000000004,0.0,1033.46
2016-12-23 18:00:00,-3.938888888888889,-3.938888888888889,0.92,0.1288,180.0,2.9785000000000004,0.0,1033.28
2016-12-23 19:00:00,-3.938888888888889,-3.938888888888889,0.92,4.83,170.0,3.9606000000000003,0.0,1033.37
2016-12-23 20:00:00,-3.938888888888889,-3.938888888888889,0.92,3.22,140.0,3.9606000000000003,0.0,1033.28
2016-12-23 21:00:00,-3.938888888888889,-3.938888888888889,0.92,3.22,230.0,3.9606000000000003,0.0,1033.28
2016-12-23 22:00:00,-3.922222222222222,-3.922222222222222,0.93,3.2039,248.0,3.5742000000000007,0.0,1033.33
2016-12-23 23:00:00,-3.938888888888889,-3.938888888888889,0.92,0.0,0.0,3.9606000000000003,0.0,1033.48
2016-12-24 00:00:00,-3.938888888888889,-3.938888888888889,0.92,3.22,170.0,4.8783,0.0,1033.37
2016-12-24 01:00:00,-4.366666666666666,-4.366666666666666,0.9,3.0751,336.0,3.7352,0.0,1032.31
2016-12-24 02:00:00,-3.938888888888889,-3.938888888888889,0.88,2.9785000000000004,52.0,6.9069,0.0,1032.89
2016-12-24 03:00:00,-3.938888888888889,-3.938888888888889,0.88,3.22,90.0,7.824600000000001,0.0,1033.08
2016-12-24 04:00:00,-3.938888888888889,-6.155555555555555,0.9,5.2325,48.0,7.0679,0.0,1032.84
2016-12-24 05:00:00,-3.9833333333333343,-3.9833333333333343,0.85,0.1288,90.0,7.8084999999999996,0.0,1032.77
2016-12-24 06:00:00,-3.9833333333333343,-3.9833333333333343,0.85,4.7012,169.0,7.8084999999999996,0.0,1032.48
2016-12-24 07:00:00,-3.938888888888889,-3.938888888888889,0.87,3.1395,152.0,7.0196000000000005,0.0,1032.53
2016-12-24 08:00:00,-3.9833333333333343,-3.9833333333333343,0.85,4.6851,158.0,5.957000000000001,0.0,1032.77
2016-12-24 09:00:00,-3.9166666666666665,-3.9166666666666665,0.85,0.0,0.0,5.957000000000001,0.0,1032.96
2016-12-24 10:00:00,-3.8333333333333326,-5.827777777777777,0.87,4.83,75.0,5.4579,0.0,1033.05
2016-12-24 11:00:00,-3.8944444444444457,-3.8944444444444457,0.85,4.7656,80.0,5.9731000000000005,0.0,1032.68
2016-12-24 12:00:00,-3.822222222222221,-7.127777777777776,0.85,7.792400000000001,21.0,6.021400000000001,0.0,1032.47
2016-12-24 13:00:00,-3.7944444444444434,-7.266666666666666,0.82,8.2593,28.0,5.7316,0.0,1032.08
2016-12-24 14:00:00,-3.8000000000000003,-7.127777777777776,0.84,7.840700000000001,70.0,6.021400000000001,0.0,1031.66
2016-12-24 15:00:00,-3.8499999999999996,-7.699999999999999,0.79,9.3702,40.0,6.021400000000001,0.0,1031.67
2016-12-24 16:00:00,-3.811111111111111,-7.727777777777778,0.81,9.6117,40.0,5.7316,0.0,1031.79
2016-12-24 17:00:00,-4.911111111111111,-8.966666666666667,0.85,9.3863,40.0,6.021400000000001,0.0,1031.97
2016-12-24 18:00:00,-4.933333333333333,-8.533333333333333,0.85,8.05,40.0,6.021400000000001,0.0,1031.98
2016-12-24 19:00:00,-4.833333333333333,-7.200000000000001,0.86,5.2808,44.0,3.9928000000000003,0.0,1031.97
2016-12-24 20:00:00,-4.933333333333333,-8.533333333333333,0.85,8.05,30.0,3.9767000000000006,0.0,1032.25
2016-12-24 21:00:00,-4.4222222222222225,-7.28888888888889,0.84,6.44,30.0,3.9767000000000006,0.0,1032.16
2016-12-24 22:00:00,-4.427777777777777,-7.388888888888889,0.86,6.6493,27.0,3.9928000000000003,0.0,1032.2
2016-12-24 23:00:00,-4.444444444444445,-7.316666666666667,0.85,6.44,40.0,3.9284000000000003,0.0,1032.18
2016-12-25 00:00:00,-4.444444444444445,-4.444444444444445,0.85,3.22,20.0,3.4454000000000002,0.0,1032.37
2016-12-25 01:00:00,-3.483333333333333,-3.483333333333333,0.86,2.5760000000000005,88.0,4.0572,0.0,1031.3
2016-12-25 02:00:00,-4.444444444444445,-4.444444444444445,0.88,3.22,340.0,3.9284000000000003,0.0,1032.07
2016-12-25 03:00:00,-4.444444444444445,-4.444444444444445,0.88,3.22,0.0,3.9284000000000003,0.0,1031.89
2016-12-25 04:00:00,-3.938888888888889,-3.938888888888889,0.85,3.22,10.0,3.9284000000000003,0.0,1031.7
2016-12-25 05:00:00,-3.938888888888889,-7.361111111111111,0.85,8.05,350.0,3.9284000000000003,0.0,1031.68
2016-12-25 06:00:00,-3.938888888888889,-3.938888888888889,0.85,4.83,10.0,3.9123000000000006,0.0,1031.57
2016-12-25 07:00:00,-3.9611111111111104,-3.9611111111111104,0.85,3.22,30.0,3.4454000000000002,0.0,1031.67
2016-12-25 08:00:00,-4.005555555555556,-4.005555555555556,0.85,3.22,0.0,4.3631,0.0,1031.9
2016-12-25 09:00:00,-3.9333333333333322,-3.9333333333333322,0.85,4.83,0.0,4.3631,0.0,1032.08
2016-12-25 10:00:00,-3.788888888888889,-5.855555555555555,0.86,4.9749,4.0,4.314800000000001,0.0,1032.4
2016-12-25 11:00:00,-2.805555555555556,-6.027777777777779,0.79,8.05,30.0,4.8783,0.0,1032.37
2016-12-25 12:00:00,-2.7111111111111104,-2.7111111111111104,0.78,4.7334000000000005,29.0,4.9266000000000005,0.0,1031.96
2016-12-25 13:00:00,-2.7222222222222214,-5.911111111111111,0.79,8.0017,12.0,5.7316,0.0,1031.58
2016-12-25 14:00:00,-2.7333333333333343,-2.7333333333333343,0.78,4.7495,30.0,6.021400000000001,0.0,1031.25
2016-12-25 15:00:00,-2.783333333333334,-5.805555555555555,0.79,7.502600000000001,30.0,6.021400000000001,0.0,1031.26
2016-12-25 16:00:00,-2.872222222222223,-5.811111111111112,0.79,7.228900000000001,48.0,5.828200000000001,0.0,1030.93
2016-12-25 17:00:00,-2.8499999999999996,-2.8499999999999996,0.79,4.83,70.0,6.021400000000001,0.0,1031.07
2016-12-25 18:00:00,-2.8499999999999996,-2.8499999999999996,0.79,3.22,80.0,6.0053,0.0,1031.08
2016-12-25 19:00:00,-2.9166666666666665,-4.822222222222222,0.81,4.8944,108.0,5.6672,0.0,1031.19
2016-12-25 20:00:00,-2.8499999999999996,-2.8499999999999996,0.85,0.0,0.0,4.8783,0.0,1031.38
2016-12-25 21:00:00,-3.405555555555555,-6.111111111111111,0.86,6.44,70.0,4.395300000000001,0.0,1031.47
2016-12-25 22:00:00,-3.3722222222222222,-5.861111111111111,0.86,5.957000000000001,92.0,4.508,0.0,1031.46
2016-12-25 23:00:00,-3.377777777777777,-6.022222222222222,0.85,6.295100000000001,91.0,3.9767000000000006,0.0,1031.39
2016-12-26 00:00:00,-3.377777777777777,-7.627777777777778,0.85,11.0446,90.0,4.025,0.0,1031.09
2016-12-26 01:00:00,-4.21111111111111,-4.21111111111111,0.89,4.6046000000000005,310.0,6.1985,0.0,1036.04
2016-12-26 02:00:00,-3.377777777777777,-6.077777777777778,0.85,6.423900000000001,81.0,4.0733,0.0,1031.18
2016-12-26 03:00:00,-3.427777777777779,-6.077777777777778,0.86,6.295100000000001,100.0,4.0733,0.0,1031.08
2016-12-26 04:00:00,-3.6055555555555543,-6.227777777777778,0.86,6.166300000000001,94.0,4.250400000000001,0.0,1030.91
2016-12-26 05:00:00,-2.9166666666666665,-2.9166666666666665,0.79,3.0751,90.0,3.6547,0.0,1030.78
2016-12-26 06:00:00,-2.9166666666666665,-2.9166666666666665,0.79,4.7656,82.0,3.5581,0.0,1031.17
2016-12-26 07:00:00,-3.8166666666666678,-7.772222222222221,0.92,9.724400000000001,59.0,2.6887,0.0,1031.08
2016-12-26 08:00:00,-3.9611111111111104,-7.872222222222224,0.85,9.499,71.0,3.059,0.0,1031.48
2016-12-26 09:00:00,-3.938888888888889,-8.28888888888889,0.92,11.012400000000001,51.0,2.5921000000000003,0.0,1031.88
2016-12-26 10:00:00,-2.8277777777777775,-6.561111111111111,0.87,9.6278,60.0,2.2379,0.0,1032.3
2016-12-26 11:00:00,-2.8499999999999996,-6.0,0.85,7.792400000000001,41.0,2.4955000000000003,0.0,1032.58
2016-12-26 12:00:00,-2.8277777777777775,-5.933333333333334,0.85,7.6796999999999995,40.0,2.9463000000000004,0.0,1032.58
2016-12-26 13:00:00,-2.677777777777778,-2.677777777777778,0.86,4.186000000000001,17.0,2.7048,0.0,1032.58
2016-12-26 14:00:00,-2.8277777777777775,-5.866666666666666,0.85,7.5187,2.0,2.9463000000000004,0.0,1032.68
2016-12-26 15:00:00,-2.8499999999999996,-5.955555555555555,0.79,7.6796999999999995,341.0,3.4132000000000002,0.0,1033.07
2016-12-26 16:00:00,-2.7499999999999996,-4.855555555555554,0.81,5.3291,19.0,3.5098000000000003,0.0,1033.47
2016-12-26 17:00:00,-2.872222222222223,-6.016666666666666,0.79,7.792400000000001,341.0,3.9123000000000006,0.0,1033.87
2016-12-26 18:00:00,-2.894444444444445,-2.894444444444445,0.79,4.83,330.0,3.9123000000000006,0.0,1034.07
2016-12-26 19:00:00,-2.844444444444445,-4.9,0.81,5.2003,358.0,4.459700000000001,0.0,1034.39
2016-12-26 20:00:00,-2.894444444444445,-2.894444444444445,0.79,4.83,10.0,5.9087000000000005,0.0,1034.68
2016-12-26 21:00:00,-3.405555555555555,-3.405555555555555,0.82,3.22,330.0,5.892600000000001,0.0,1035.07
2016-12-26 22:00:00,-3.3611111111111116,-7.077777777777777,0.87,9.2253,345.0,6.1341,0.0,1035.6
2016-12-26 23:00:00,-3.377777777777777,-3.377777777777777,0.85,3.22,330.0,5.8765,0.0,1036.17
2016-12-27 00:00:00,-3.888888888888889,-6.605555555555556,0.88,6.279,300.0,5.957000000000001,0.0,1036.57
2016-12-27 01:00:00,-4.261111111111112,-4.261111111111112,0.92,4.3309,235.0,5.2647,0.0,1040.54
2016-12-27 02:00:00,-4.400000000000001,-8.81111111111111,0.85,10.8997,310.0,5.957000000000001,0.0,1037.45
2016-12-27 03:00:00,-4.444444444444445,-7.183333333333334,0.89,6.1502,350.0,5.957000000000001,0.0,1037.55
2016-12-27 04:00:00,-4.261111111111112,-7.016666666666666,0.89,6.2468,347.0,6.1985,0.0,1037.55
2016-12-27 05:00:00,-4.377777777777776,-7.138888888888889,0.88,6.230700000000001,329.0,5.957000000000001,0.0,1037.75
2016-12-27 06:00:00,-3.866666666666667,-3.866666666666667,0.84,4.7656,337.0,5.957000000000001,0.0,1038.16
2016-12-27 07:00:00,-3.888888888888889,-3.888888888888889,0.85,1.127,310.0,6.230700000000001,0.0,1038.53
2016-12-27 08:00:00,-3.888888888888889,-7.227777777777779,0.85,7.840700000000001,358.0,5.9731000000000005,0.0,1039.06
2016-12-27 09:00:00,-3.866666666666667,-3.866666666666667,0.84,3.3649,291.0,5.9731000000000005,0.0,1039.37
2016-12-27 10:00:00,-3.872222222222222,-6.9944444444444445,0.85,7.293300000000001,298.0,5.506200000000001,0.0,1039.82
2016-12-27 11:00:00,-3.866666666666667,-3.866666666666667,0.85,4.5563,355.0,4.8944,0.0,1040.05
2016-12-27 12:00:00,-3.8444444444444454,-6.605555555555556,0.85,6.4078,273.0,4.8783,0.0,1039.94
2016-12-27 13:00:00,-3.8499999999999996,-7.0055555555555555,0.86,7.357700000000001,324.0,4.4436,0.0,1039.49
2016-12-27 14:00:00,-3.7944444444444434,-3.7944444444444434,0.84,4.7656,328.0,3.9606000000000003,0.0,1039.34
2016-12-27 15:00:00,-3.8444444444444454,-7.044444444444444,0.85,7.486500000000001,290.0,3.9606000000000003,0.0,1039.65
2016-12-27 16:00:00,-3.872222222222222,-3.872222222222222,0.86,1.0143,319.0,3.6547,0.0,1039.89
2016-12-27 17:00:00,-3.866666666666667,-3.866666666666667,0.85,0.0,0.0,3.9606000000000003,0.0,1040.04
2016-12-27 18:00:00,-3.866666666666667,-3.866666666666667,0.85,3.22,310.0,3.9606000000000003,0.0,1040.26
2016-12-27 19:00:00,-3.872222222222222,-3.872222222222222,0.86,3.6225,342.0,3.8157000000000005,0.0,1040.58
2016-12-27 20:00:00,-3.866666666666667,-3.866666666666667,0.85,3.22,20.0,4.8461,0.0,1040.86
2016-12-27 21:00:00,-3.866666666666667,-3.866666666666667,0.84,0.0,0.0,4.8461,0.0,1041.07
2016-12-27 22:00:00,-3.872222222222222,-3.872222222222222,0.89,2.1091,256.0,2.9302,0.0,1041.27
2016-12-27 23:00:00,-4.377777777777776,-4.377777777777776,0.92,3.3005,137.0,4.8461,0.0,1041.38
2016-12-28 00:00:00,-4.377777777777776,-7.2333333333333325,0.92,6.44,180.0,4.8461,0.0,1041.64
2016-12-28 01:00:00,-4.783333333333333,-4.783333333333333,0.89,2.9302,21.0,3.8479000000000005,0.0,1039.01
2016-12-28 02:00:00,-4.377777777777776,-4.377777777777776,0.92,2.9624,79.0,4.8461,0.0,1041.65
2016-12-28 03:00:00,-4.377777777777776,-7.044444444444444,0.92,6.021400000000001,301.0,4.8461,0.0,1041.33
2016-12-28 04:00:00,-4.388888888888888,-4.388888888888888,0.92,2.2057,142.0,4.4114,0.0,1040.83
2016-12-28 05:00:00,-3.938888888888889,-3.938888888888889,0.85,4.6046000000000005,256.0,4.8783,0.0,1040.83
2016-12-28 06:00:00,-3.938888888888889,-3.938888888888889,0.85,1.5295,270.0,4.4275,0.0,1040.86
2016-12-28 07:00:00,-3.9777777777777774,-7.077777777777777,0.86,7.1645,324.0,3.5903,0.0,1041.25
2016-12-28 08:00:00,-3.938888888888889,-3.938888888888889,0.85,0.1932,166.0,4.4275,0.0,1041.23
2016-12-28 09:00:00,-3.938888888888889,-3.938888888888889,0.85,2.2862,158.0,3.9606000000000003,0.0,1041.14
2016-12-28 10:00:00,-3.9611111111111104,-7.5,0.86,8.372000000000002,127.0,4.6207,0.0,1041.2
2016-12-28 11:00:00,-3.9166666666666665,-7.283333333333333,0.84,7.905100000000001,199.0,4.4436,0.0,1041.16
2016-12-28 12:00:00,-3.8944444444444457,-5.894444444444444,0.85,4.83,220.0,5.9731000000000005,0.0,1040.95
2016-12-28 13:00:00,-3.811111111111111,-3.811111111111111,0.85,1.8998,111.0,5.6672,0.0,1040.51
2016-12-28 14:00:00,-3.8944444444444457,-3.8944444444444457,0.85,1.6583,222.0,5.957000000000001,0.0,1040.15
2016-12-28 15:00:00,-3.8944444444444457,-3.8944444444444457,0.84,3.3327,238.0,5.957000000000001,0.0,1040.15
2016-12-28 16:00:00,-3.877777777777778,-3.877777777777778,0.85,0.6118,268.0,4.3631,0.0,1040.19
2016-12-28 17:00:00,-3.9166666666666665,-3.9166666666666665,0.85,0.1449,120.0,4.8783,0.0,1040.04
2016-12-28 18:00:00,-3.9166666666666665,-3.9166666666666665,0.84,4.4275,217.0,4.9105,0.0,1040.04
2016-12-28 19:00:00,-3.9111111111111105,-3.9111111111111105,0.86,1.1914,73.0,5.313,0.0,1040.16
2016-12-28 20:00:00,-4.933333333333333,-4.933333333333333,0.92,0.3864,172.0,4.9105,0.0,1040.25
2016-12-28 21:00:00,-4.4222222222222225,-4.4222222222222225,0.84,3.1395,127.0,3.9767000000000006,0.0,1040.03
2016-12-28 22:00:00,-4.377777777777776,-4.377777777777776,0.86,2.4955000000000003,95.0,4.524100000000001,0.0,1039.69
2016-12-28 23:00:00,-4.933333333333333,-4.933333333333333,0.88,3.0751,170.0,3.9767000000000006,0.0,1039.32
2016-12-29 00:00:00,-4.933333333333333,-4.933333333333333,0.88,3.2361,142.0,3.9606000000000003,0.0,1038.93
2016-12-29 01:00:00,-5.294444444444445,-5.294444444444445,0.92,4.508,146.0,3.1234,0.0,1031.52
2016-12-29 02:00:00,-4.933333333333333,-7.51111111111111,0.88,5.6511,13.0,3.9606000000000003,0.0,1038.13
2016-12-29 03:00:00,-4.955555555555557,-4.955555555555557,0.88,2.9141000000000004,57.0,3.9606000000000003,0.0,1037.83
2016-12-29 04:00:00,-4.911111111111111,-8.466666666666665,0.89,7.953400000000001,121.0,4.5402000000000005,0.0,1037.5
2016-12-29 05:00:00,-4.955555555555557,-4.955555555555557,0.84,4.524100000000001,65.0,4.4275,0.0,1036.85
2016-12-29 06:00:00,-5.005555555555556,-7.2555555555555555,0.85,5.0232,158.0,4.8783,0.0,1036.73
2016-12-29 07:00:00,-5.038888888888889,-8.672222222222222,0.86,8.0983,148.0,4.6046000000000005,0.0,1036.45
2016-12-29 08:00:00,-5.005555555555556,-8.511111111111111,0.85,7.776300000000001,130.0,3.059,0.0,1036.25
2016-12-29 09:00:00,-5.027777777777778,-5.027777777777778,0.85,4.781700000000001,152.0,3.5259,0.0,1036.14
2016-12-29 10:00:00,-4.98888888888889,-9.383333333333333,0.86,10.4167,130.0,3.0268,0.0,1036.1
2016-12-29 11:00:00,-5.027777777777778,-5.027777777777778,0.85,4.7012,113.0,3.059,0.0,1035.65
2016-12-29 12:00:00,-4.977777777777778,-8.988888888888889,0.85,9.2253,121.0,2.5921000000000003,0.0,1035.05
2016-12-29 13:00:00,-4.955555555555557,-8.777777777777779,0.92,8.6618,143.0,2.6887,0.0,1034.24
2016-12-29 14:00:00,-5.027777777777778,-5.027777777777778,0.92,3.3810000000000002,138.0,3.059,0.0,1033.64
2016-12-29 15:00:00,-5.027777777777778,-8.533333333333333,0.92,7.776300000000001,147.0,1.932,0.0,1033.05
2016-12-29 16:00:00,-5.027777777777778,-9.072222222222221,0.93,9.2897,144.0,2.1091,0.0,1032.92
2016-12-29 17:00:00,-5.072222222222221,-5.072222222222221,0.92,4.5563,137.0,2.9624,0.0,1032.67
2016-12-29 18:00:00,-5.072222222222221,-5.072222222222221,0.92,4.717300000000001,150.0,1.8837,0.0,1032.47
2016-12-29 19:00:00,-5.061111111111111,-5.061111111111111,0.86,4.1055,155.0,3.0751,0.0,1032.47
2016-12-29 20:00:00,-5.116666666666667,-5.116666666666667,0.85,4.717300000000001,133.0,1.5778,0.0,1031.87
2016-12-29 21:00:00,-5.627777777777776,-8.488888888888889,0.92,6.021400000000001,130.0,1.5617,0.0,1031.67
2016-12-29 22:00:00,-5.1,-5.1,0.9,3.8801000000000005,195.0,2.2862,0.0,1031.47
2016-12-29 23:00:00,-5.5777777777777775,-8.466666666666665,0.92,6.1019000000000005,111.0,1.8837,0.0,1031.05
2016-12-30 00:00:00,-5.605555555555556,-5.605555555555556,0.92,3.0751,160.0,1.8998,0.0,1030.47
2016-12-30 01:00:00,-5.477777777777778,-7.988888888888888,0.86,5.3774,325.0,5.9892,0.0,1029.89
2016-12-30 02:00:00,-5.605555555555556,-5.605555555555556,0.92,3.0751,270.0,2.5438,0.0,1029.58
2016-12-30 03:00:00,-5.555555555555555,-5.555555555555555,0.92,2.9785000000000004,308.0,3.0107000000000004,0.0,1029.28
2016-12-30 04:00:00,-5.038888888888889,-5.038888888888889,0.89,2.2379,89.0,3.4776000000000002,0.0,1028.94
2016-12-30 05:00:00,-5.094444444444445,-5.094444444444445,0.92,3.059,151.0,3.0429,0.0,1028.29
2016-12-30 06:00:00,-5.072222222222221,-5.072222222222221,0.92,0.0,0.0,3.0429,0.0,1028.1
2016-12-30 07:00:00,-5.127777777777778,-5.127777777777778,0.93,4.0733,23.0,2.9785000000000004,0.0,1028.22
2016-12-30 08:00:00,-5.027777777777778,-5.027777777777778,0.92,1.5295,100.0,2.6404,0.0,1028.1
2016-12-30 09:00:00,-4.027777777777778,-4.027777777777778,0.85,2.9785000000000004,301.0,3.1073,0.0,1028.39
2016-12-30 10:00:00,-4.055555555555555,-4.055555555555555,0.92,3.3810000000000002,319.0,2.8819000000000004,0.0,1028.47
2016-12-30 11:00:00,-4.027777777777778,-4.027777777777778,0.92,3.1234,353.0,3.059,0.0,1028.41
2016-12-30 12:00:00,-4.027777777777778,-7.805555555555555,0.85,9.032100000000002,351.0,3.5581,0.0,1028.3
2016-12-30 13:00:00,-3.994444444444445,-6.766666666666667,0.86,6.3756,24.0,3.6547,0.0,1027.92
2016-12-30 14:00:00,-4.027777777777778,-4.027777777777778,0.84,4.6851,28.0,3.1395,0.0,1027.61
2016-12-30 15:00:00,-4.027777777777778,-4.027777777777778,0.84,3.3488,349.0,3.1073,0.0,1027.89
2016-12-30 16:00:00,-4.005555555555556,-7.805555555555555,0.81,9.1287,32.0,3.7191000000000005,0.0,1028.12
2016-12-30 17:00:00,-4.05,-7.849999999999999,0.79,9.0965,19.0,6.021400000000001,0.0,1028.22
2016-12-30 18:00:00,-5.072222222222221,-9.055555555555555,0.84,9.080400000000001,9.0,6.021400000000001,0.0,1028.52
2016-12-30 19:00:00,-4.933333333333333,-8.788888888888888,0.86,8.758400000000002,27.0,7.293300000000001,0.0,1028.86
2016-12-30 20:00:00,-5.138888888888889,-9.144444444444446,0.82,9.0965,329.0,7.8729,0.0,1029.31
2016-12-30 21:00:00,-5.138888888888889,-7.983333333333334,0.82,6.1502,0.0,7.8729,0.0,1029.78
2016-12-30 22:00:00,-5.055555555555556,-8.005555555555555,0.83,6.4078,5.0,7.695800000000001,0.0,1029.88
2016-12-30 23:00:00,-5.6722222222222225,-10.333333333333334,0.85,10.867500000000001,350.0,7.824600000000001,0.0,1029.99
2016-12-31 00:00:00,-5.6722222222222225,-8.43888888888889,0.89,5.828200000000001,279.0,5.9087000000000005,0.0,1029.96
2016-12-31 01:00:00,-5.111111111111111,-5.111111111111111,0.85,4.2665,25.0,3.6547,0.0,1029.91
2016-12-31 02:00:00,-5.599999999999999,-8.466666666666665,0.85,6.0375000000000005,288.0,5.9248,0.0,1029.76
2016-12-31 03:00:00,-5.599999999999999,-8.53888888888889,0.85,6.1985,259.0,5.9248,0.0,1029.95
2016-12-31 04:00:00,-6.044444444444443,-8.805555555555555,0.89,5.699400000000001,258.0,6.1985,0.0,1029.89
2016-12-31 05:00:00,-6.111111111111111,-6.111111111111111,0.88,2.7209,308.0,5.957000000000001,0.0,1029.85
2016-12-31 06:00:00,-6.161111111111111,-6.161111111111111,0.89,1.6583,203.0,5.9731000000000005,0.0,1029.95
2016-12-31 07:00:00,-6.066666666666667,-6.066666666666667,0.89,3.3005,219.0,6.230700000000001,0.0,1030.05
2016-12-31 08:00:00,-6.0888888888888895,-6.0888888888888895,0.88,4.5563,151.0,5.9731000000000005,0.0,1030.06
2016-12-31 09:00:00,-6.0888888888888895,-6.0888888888888895,0.88,0.1288,150.0,6.021400000000001,0.0,1030.16
2016-12-31 10:00:00,-5.088888888888889,-5.088888888888889,0.83,0.9177,244.0,7.647500000000001,0.0,1030.29
2016-12-31 11:00:00,-5.050000000000001,-5.050000000000001,0.82,0.27370000000000005,125.0,6.8264000000000005,0.0,1030.05
2016-12-31 12:00:00,-5.050000000000001,-5.050000000000001,0.82,1.4973,245.0,6.8264000000000005,0.0,1029.45
2016-12-31 13:00:00,-5.01111111111111,-5.01111111111111,0.83,4.7334000000000005,192.0,6.8264000000000005,0.0,1028.93
2016-12-31 14:00:00,-5.050000000000001,-5.050000000000001,0.85,4.459700000000001,207.0,6.8264000000000005,0.0,1028.57
2016-12-31 15:00:00,-5.050000000000001,-5.050000000000001,0.85,1.7066000000000001,156.0,6.7942,0.0,1028.65
2016-12-31 16:00:00,-5.01111111111111,-5.01111111111111,0.85,2.3023000000000002,144.0,6.0053,0.0,1028.61
2016-12-31 17:00:00,-5.050000000000001,-5.050000000000001,0.85,0.0,0.0,5.8765,0.0,1028.36
2016-12-31 18:00:00,-5.050000000000001,-5.050000000000001,0.85,0.0,0.0,5.8765,0.0,1028.17
2016-12-31 19:00:00,-5.027777777777778,-7.355555555555554,0.85,5.152000000000001,110.0,6.0053,0.0,1027.92
2016-12-31 20:00:00,-5.072222222222221,-5.072222222222221,0.85,0.0,0.0,3.8801000000000005,0.0,1027.69
2016-12-31 21:00:00,-5.072222222222221,-5.072222222222221,0.88,0.0,0.0,3.8801000000000005,0.0,1027.49
2016-12-31 22:00:00,-5.027777777777778,-7.988888888888888,0.89,6.44,320.0,3.703,0.0,1027.49
2016-12-31 23:00:00,-5.072222222222221,-5.072222222222221,0.88,0.0,0.0,2.9463000000000004,0.0,1027.07
