DatetimeNYC,Temperature,ApparentTemperature,Humidity,WindSpeed,WindBearing,Visibility,LoudCover,Pressure
2020-01-01 00:00:00,-2.894444444444445,-5.388888888888889,0.88,6.1341,180.0,6.118,0.0,1020.48
2020-01-01 01:00:00,-2.755555555555556,-4.961111111111111,0.93,5.5384,168.0,7.7440999999999995,0.0,1020.8
2020-01-01 02:00:00,-3.4722222222222223,-5.9833333333333325,0.92,5.9731000000000005,178.0,7.824600000000001,0.0,1021.27
2020-01-01 03:00:00,-3.544444444444444,-3.544444444444444,0.92,2.9624,193.0,5.9087000000000005,0.0,1021.27
2020-01-01 04:00:00,-4.4222222222222225,-4.4222222222222225,0.96,2.9463000000000004,192.0,6.0375000000000005,0.0,1021.29
2020-01-01 05:00:00,-5.116666666666667,-7.872222222222224,0.96,5.957000000000001,139.0,4.3631,0.0,1021.57
2020-01-01 06:00:00,-4.077777777777778,-7.816666666666666,0.92,8.8872,169.0,4.314800000000001,0.0,1022.16
2020-01-01 07:00:00,-4.833333333333333,-8.083333333333334,0.93,7.1806,178.0,3.2522,0.0,1022.66
2020-01-01 08:00:00,-3.9833333333333343,-7.211111111111112,0.92,7.486500000000001,170.0,3.4454000000000002,0.0,1023.05
2020-01-01 09:00:00,-1.2055555555555566,-4.05,0.89,7.760200000000001,169.0,4.4919,0.0,1023.52
2020-01-01 10:00:00,0.9500000000000005,-1.8277777777777773,0.8,8.758400000000002,178.0,6.3434,0.0,1023.51
2020-01-01 11:00:00,2.105555555555555,-0.9833333333333331,0.79,10.8836,199.0,7.969500000000001,0.0,1023.34
2020-01-01 12:00:00,3.7722222222222217,1.3555555555555543,0.7,9.3863,171.0,9.9015,0.0,1023.04
2020-01-01 13:00:00,3.938888888888891,1.2055555555555566,0.7,10.9158,172.0,9.9015,0.0,1022.67
2020-01-01 14:00:00,4.977777777777778,2.4277777777777763,0.65,11.0768,180.0,11.2056,0.0,1022.55
2020-01-01 15:00:00,4.4222222222222225,1.8000000000000012,0.72,10.835300000000002,189.0,15.826300000000002,0.0,1023.03
2020-01-01 16:00:00,3.9722222222222214,1.6499999999999995,0.71,9.1287,171.0,10.3523,0.0,1023.46
2020-01-01 17:00:00,2.7999999999999994,0.14444444444444335,0.76,9.595600000000001,161.0,10.0464,0.0,1023.53
2020-01-01 18:00:00,2.2888888888888874,-1.072222222222222,0.72,12.316500000000001,161.0,10.0464,0.0,1023.62
2020-01-01 19:00:00,2.2666666666666657,-1.033333333333333,0.79,11.9945,168.0,11.0285,0.0,1023.77
2020-01-01 20:00:00,2.2666666666666657,-1.1388888888888893,0.84,12.5097,161.0,8.1949,0.0,1024.0
2020-01-01 21:00:00,1.7388888888888903,-2.0388888888888896,0.85,13.8138,170.0,8.1949,0.0,1024.03
2020-01-01 22:00:00,2.1611111111111114,-0.8722222222222223,0.83,10.6743,170.0,8.4686,0.0,1023.9
2020-01-01 23:00:00,1.761111111111112,-1.416666666666667,0.84,10.9158,171.0,6.3434,0.0,1023.91
2020-01-02 00:00:00,1.6666666666666667,-1.6055555555555558,0.85,11.270000000000001,160.0,6.118,0.0,1023.6
2020-01-02 01:00:00,1.683333333333334,-1.4722222222222214,0.83,10.787,161.0,6.7137,0.0,1023.86
2020-01-02 02:00:00,1.6666666666666667,-1.6055555555555558,0.82,11.270000000000001,150.0,6.118,0.0,1023.6
2020-01-02 03:00:00,1.1111111111111112,-2.272222222222222,0.85,11.270000000000001,150.0,6.118,0.0,1023.0
2020-01-02 04:00:00,1.1999999999999982,-2.155555555555555,0.83,11.2217,160.0,6.7137,0.0,1022.73
2020-01-02 05:00:00,0.0,-3.2055555555555553,0.85,9.66,160.0,6.118,0.0,1022.2
2020-01-02 06:00:00,0.0,-2.7333333333333343,0.85,8.05,130.0,6.118,0.0,1022.3
2020-01-02 07:00:00,-0.016666666666667298,-3.861111111111111,0.86,12.2521,151.0,6.7137,0.0,1022.05
2020-01-02 08:00:00,0.0,-3.9722222222222214,0.85,12.88,150.0,8.05,0.0,1021.9
2020-01-02 09:00:00,2.2222222222222223,-1.2666666666666673,0.72,12.88,150.0,9.982000000000001,0.0,1022.1
2020-01-02 10:00:00,3.7833333333333345,0.8611111111111095,0.71,11.688600000000001,149.0,9.982000000000001,0.0,1022.34
2020-01-02 11:00:00,6.111111111111111,4.072222222222221,0.7,9.66,160.0,9.982000000000001,0.0,1021.6
2020-01-02 12:00:00,7.222222222222222,4.822222222222222,0.65,12.88,150.0,9.982000000000001,0.0,1020.8
2020-01-02 13:00:00,8.872222222222222,6.949999999999999,0.63,12.058900000000001,150.0,10.368400000000001,0.0,1019.94
2020-01-02 14:00:00,8.88888888888889,6.627777777777777,0.63,14.49,180.0,9.982000000000001,0.0,1019.6
2020-01-02 15:00:00,7.777777777777778,5.26111111111111,0.68,14.49,160.0,9.982000000000001,0.0,1019.3
2020-01-02 16:00:00,7.288888888888888,5.022222222222222,0.72,12.1555,169.0,9.982000000000001,0.0,1018.67
2020-01-02 17:00:00,3.888888888888889,1.072222222222222,0.82,11.270000000000001,190.0,9.982000000000001,0.0,1018.5
2020-01-02 18:00:00,2.7777777777777777,0.10555555555555429,0.89,9.66,180.0,9.982000000000001,0.0,1018.6
2020-01-02 19:00:00,4.9833333333333325,1.9499999999999988,0.83,13.7011,161.0,9.982000000000001,0.0,1018.68
2020-01-02 20:00:00,3.888888888888889,0.7611111111111097,0.89,12.88,170.0,9.982000000000001,0.0,1018.5
2020-01-02 21:00:00,3.888888888888889,0.47777777777777747,0.85,14.49,160.0,12.075000000000001,0.0,1018.9
2020-01-02 22:00:00,2.9166666666666665,0.044444444444443496,0.85,10.6099,181.0,11.753,0.0,1019.19
2020-01-02 23:00:00,1.1111111111111112,-2.272222222222222,0.89,11.270000000000001,190.0,12.075000000000001,0.0,1019.4
2020-01-03 00:00:00,2.7777777777777777,-0.2666666666666669,0.92,11.270000000000001,180.0,12.075000000000001,0.0,1019.1
2020-01-03 01:00:00,2.622222222222222,-0.22777777777777786,0.89,10.2718,170.0,11.753,0.0,1018.99
2020-01-03 02:00:00,3.3333333333333335,0.40555555555555384,0.85,11.270000000000001,160.0,12.075000000000001,0.0,1019.2
2020-01-03 03:00:00,3.3333333333333335,0.40555555555555384,0.85,11.270000000000001,170.0,12.075000000000001,0.0,1019.7
2020-01-03 04:00:00,3.505555555555557,2.077777777777779,0.82,5.8443000000000005,174.0,11.753,0.0,1020.39
2020-01-03 05:00:00,3.888888888888889,1.427777777777778,0.82,9.66,250.0,9.982000000000001,0.0,1020.7
2020-01-03 06:00:00,5.0,1.6000000000000014,0.86,16.1,290.0,9.982000000000001,0.0,1021.2
2020-01-03 07:00:00,6.044444444444446,3.544444444444446,0.86,11.9623,316.0,9.982000000000001,0.0,1022.04
2020-01-03 08:00:00,6.111111111111111,6.111111111111111,0.86,4.83,260.0,9.982000000000001,0.0,1023.0
2020-01-03 09:00:00,7.222222222222222,4.822222222222222,0.86,12.88,310.0,9.982000000000001,0.0,1024.1
2020-01-03 10:00:00,7.794444444444445,5.98888888888889,0.82,10.126900000000001,319.0,9.982000000000001,0.0,1024.44
2020-01-03 11:00:00,7.777777777777778,5.044444444444443,0.83,16.1,300.0,11.270000000000001,0.0,1025.0
2020-01-03 12:00:00,8.88888888888889,6.849999999999999,0.77,12.88,310.0,11.270000000000001,0.0,1024.9
2020-01-03 13:00:00,9.983333333333333,8.716666666666665,0.71,9.4829,293.0,11.0768,0.0,1024.54
2020-01-03 14:00:00,10.0,8.705555555555556,0.66,9.66,340.0,11.270000000000001,0.0,1024.7
2020-01-03 15:00:00,10.0,8.438888888888888,0.66,11.270000000000001,310.0,11.270000000000001,0.0,1024.9
2020-01-03 16:00:00,8.0,8.0,0.75,4.781700000000001,274.0,11.0768,0.0,1025.29
2020-01-03 17:00:00,6.111111111111111,4.072222222222221,0.76,9.66,290.0,11.270000000000001,0.0,1025.6
2020-01-03 18:00:00,2.7777777777777777,2.7777777777777777,0.89,3.22,240.0,9.982000000000001,0.0,1025.9
2020-01-03 19:00:00,2.844444444444443,2.844444444444443,0.9,3.3488,233.0,9.6117,0.0,1026.01
2020-01-03 20:00:00,2.2222222222222223,2.2222222222222223,0.92,4.83,200.0,3.059,0.0,1025.9
2020-01-03 21:00:00,2.2222222222222223,2.2222222222222223,0.92,4.83,170.0,9.982000000000001,0.0,1026.0
2020-01-03 22:00:00,1.2666666666666673,-1.7388888888888883,0.93,9.821,162.0,6.9713,0.0,1025.56
2020-01-03 23:00:00,1.1111111111111112,-0.8944444444444442,0.96,6.44,180.0,3.059,0.0,1025.1
2020-01-04 00:00:00,0.5555555555555556,-1.5388888888888888,0.92,6.44,180.0,1.932,0.0,1024.6
2020-01-04 01:00:00,0.5555555555555556,-2.7611111111111106,0.97,10.4972,181.0,0.2898,0.0,1023.73
2020-01-04 02:00:00,1.1111111111111112,-0.8944444444444442,0.96,6.44,170.0,0.966,0.0,1023.1
2020-01-04 03:00:00,-0.5555555555555556,-4.283333333333334,0.96,11.270000000000001,180.0,0.16100000000000003,0.0,1022.6
2020-01-04 04:00:00,-0.9388888888888896,-4.53888888888889,0.97,10.465,170.0,0.16100000000000003,0.0,1021.83
2020-01-04 05:00:00,-1.1111111111111112,-4.038888888888888,1.0,8.05,190.0,0.16100000000000003,0.0,1020.7
2020-01-04 06:00:00,0.0,-3.9722222222222214,0.92,12.88,170.0,0.16100000000000003,0.0,1020.4
2020-01-04 07:00:00,-0.04999999999999992,-3.4888888888888894,0.93,10.4972,169.0,0.16100000000000003,0.0,1019.84
2020-01-04 08:00:00,-0.5555555555555556,-4.283333333333334,0.96,11.270000000000001,160.0,0.16100000000000003,0.0,1019.3
2020-01-04 09:00:00,1.1111111111111112,-3.2166666666666663,0.92,16.1,160.0,0.32200000000000006,0.0,1018.8
2020-01-04 10:00:00,2.3444444444444437,-1.7777777777777775,0.92,16.6313,169.0,1.9964000000000002,0.0,1017.88
2020-01-04 11:00:00,5.0,2.116666666666668,1.0,12.88,160.0,4.9910000000000005,0.0,1016.8
2020-01-04 12:00:00,6.111111111111111,4.072222222222221,0.86,9.66,170.0,8.05,0.0,1015.5
2020-01-04 13:00:00,7.744444444444444,6.322222222222224,0.84,8.211,179.0,7.985600000000001,0.0,1014.84
2020-01-04 14:00:00,7.777777777777778,6.0555555555555545,0.83,9.66,180.0,9.016,0.0,1014.3
2020-01-04 15:00:00,7.777777777777778,6.400000000000002,0.89,8.05,200.0,8.05,0.0,1015.1
2020-01-04 16:00:00,7.361111111111111,5.794444444444444,0.87,8.5491,200.0,6.9713,0.0,1015.59
2020-01-04 17:00:00,7.777777777777778,5.4944444444444445,0.83,12.88,280.0,11.270000000000001,0.0,1015.8
2020-01-04 18:00:00,7.777777777777778,4.033333333333332,0.83,25.76,340.0,11.270000000000001,0.0,1016.5
2020-01-04 19:00:00,7.361111111111111,5.372222222222224,0.86,10.626,315.0,11.0768,0.0,1017.71
2020-01-04 20:00:00,6.111111111111111,4.072222222222221,0.86,9.66,280.0,9.982000000000001,0.0,1017.9
2020-01-04 21:00:00,6.111111111111111,3.75,0.86,11.270000000000001,270.0,16.1,0.0,1018.2
2020-01-04 22:00:00,6.6499999999999995,3.572222222222222,0.76,16.6635,310.0,15.150100000000002,0.0,1018.11
2020-01-04 23:00:00,6.111111111111111,2.766666666666665,0.73,17.71,300.0,16.1,0.0,1018.5
2020-01-05 00:00:00,5.555555555555555,2.0722222222222206,0.7,17.71,300.0,16.1,0.0,1018.9
2020-01-05 01:00:00,4.549999999999999,1.338888888888887,0.69,14.1841,290.0,15.150100000000002,0.0,1018.97
2020-01-05 02:00:00,3.3333333333333335,-0.2055555555555561,0.73,14.49,300.0,16.1,0.0,1018.9
2020-01-05 03:00:00,2.2222222222222223,-1.5666666666666669,0.75,14.49,300.0,16.1,0.0,1018.7
2020-01-05 04:00:00,0.816666666666666,0.816666666666666,0.81,3.6869,267.0,15.150100000000002,0.0,1017.63
2020-01-05 05:00:00,-1.1111111111111112,-4.527777777777777,0.88,9.66,210.0,9.982000000000001,0.0,1016.8
2020-01-05 06:00:00,-1.1111111111111112,-4.527777777777777,0.81,9.66,180.0,9.982000000000001,0.0,1016.0
2020-01-05 07:00:00,-1.7555555555555555,-5.4944444444444445,0.88,10.384500000000001,193.0,9.982000000000001,0.0,1014.71
2020-01-05 08:00:00,0.0,-3.611111111111111,0.85,11.270000000000001,190.0,9.982000000000001,0.0,1013.9
2020-01-05 09:00:00,2.2222222222222223,-1.2666666666666673,0.79,12.88,190.0,9.982000000000001,0.0,1012.2
2020-01-05 10:00:00,3.888888888888889,-0.5055555555555556,0.71,21.557900000000004,189.0,10.368400000000001,0.0,1010.66
2020-01-05 11:00:00,6.111111111111111,2.0444444444444443,0.6,24.150000000000002,180.0,9.982000000000001,0.0,1008.2
2020-01-05 12:00:00,7.222222222222222,3.4666666666666677,0.51,24.150000000000002,180.0,9.982000000000001,0.0,1006.0
2020-01-05 13:00:00,7.188888888888887,3.1333333333333337,0.59,27.386100000000003,189.0,10.368400000000001,0.0,1004.0
2020-01-05 14:00:00,7.222222222222222,3.622222222222224,0.6,22.540000000000003,190.0,9.982000000000001,0.0,1002.0
2020-01-05 15:00:00,6.111111111111111,2.377777777777778,0.7,20.93,180.0,9.982000000000001,0.0,999.9
2020-01-05 16:00:00,6.111111111111111,3.683333333333335,0.71,11.640300000000002,172.0,11.4471,0.0,998.7
2020-01-05 17:00:00,5.0,2.411111111111113,0.76,11.270000000000001,160.0,11.270000000000001,0.0,997.3
2020-01-05 18:00:00,5.0,0.6222222222222208,0.82,24.150000000000002,150.0,11.270000000000001,0.0,995.5
2020-01-05 19:00:00,5.122222222222222,1.8277777777777773,0.83,15.6009,171.0,11.0768,0.0,994.15
2020-01-05 20:00:00,7.222222222222222,3.3222222222222206,0.71,25.76,200.0,11.270000000000001,0.0,993.6
2020-01-05 21:00:00,7.222222222222222,4.1499999999999995,0.71,17.71,190.0,16.1,0.0,992.5
2020-01-05 22:00:00,5.677777777777777,3.1444444444444426,0.83,11.7208,198.0,15.150100000000002,0.0,992.9
2020-01-05 23:00:00,7.222222222222222,3.788888888888889,0.73,20.93,250.0,16.1,0.0,992.6
2020-01-06 00:00:00,5.555555555555555,1.6777777777777796,0.82,20.93,290.0,16.1,0.0,992.9
2020-01-06 01:00:00,5.555555555555555,3.122222222222221,0.81,11.0768,262.0,15.150100000000002,0.0,992.74
2020-01-06 02:00:00,5.0,2.411111111111113,0.79,11.270000000000001,260.0,16.1,0.0,993.2
2020-01-06 03:00:00,3.3333333333333335,-0.2055555555555561,0.82,14.49,270.0,16.1,0.0,993.6
2020-01-06 04:00:00,2.950000000000001,0.11666666666666714,0.81,10.4811,269.0,15.150100000000002,0.0,993.39
2020-01-06 05:00:00,2.2222222222222223,-0.9333333333333331,0.79,11.270000000000001,260.0,9.982000000000001,0.0,993.5
2020-01-06 06:00:00,2.7777777777777777,-0.5944444444444446,0.76,12.88,300.0,9.982000000000001,0.0,993.8
2020-01-06 07:00:00,2.2888888888888874,-1.2944444444444434,0.75,13.4435,279.0,9.982000000000001,0.0,995.29
2020-01-06 08:00:00,2.2222222222222223,-0.561111111111112,0.72,9.66,290.0,11.270000000000001,0.0,996.2
2020-01-06 09:00:00,2.7777777777777777,-0.5944444444444446,0.76,12.88,290.0,11.270000000000001,0.0,997.2
2020-01-06 10:00:00,3.994444444444443,-0.5833333333333337,0.7,23.345000000000002,310.0,10.368400000000001,0.0,997.58
2020-01-06 11:00:00,5.0,0.30555555555555397,0.7,27.37,320.0,11.270000000000001,0.0,997.7
2020-01-06 12:00:00,6.111111111111111,1.1055555555555567,0.65,35.42,330.0,11.270000000000001,0.0,997.4
2020-01-06 13:00:00,6.127777777777778,1.1722222222222218,0.65,34.7438,330.0,11.4471,0.0,997.48
2020-01-06 14:00:00,6.111111111111111,1.8888888888888882,0.65,25.76,330.0,11.270000000000001,0.0,998.4
2020-01-06 15:00:00,6.111111111111111,1.2222222222222239,0.65,33.81,330.0,11.270000000000001,0.0,999.4
2020-01-06 16:00:00,6.127777777777778,1.6388888888888904,0.6,28.8351,330.0,10.368400000000001,0.0,1000.47
2020-01-06 17:00:00,5.0,0.6222222222222208,0.65,24.150000000000002,330.0,9.982000000000001,0.0,1001.8
2020-01-06 18:00:00,3.888888888888889,-0.8055555555555551,0.7,24.150000000000002,330.0,9.982000000000001,0.0,0.0
2020-01-06 19:00:00,3.0555555555555554,-2.000000000000001,0.75,25.325300000000002,338.0,9.982000000000001,0.0,1004.9
2020-01-06 20:00:00,2.7777777777777777,-2.2277777777777787,0.76,24.150000000000002,330.0,9.982000000000001,0.0,1006.3
2020-01-06 21:00:00,3.3333333333333335,-1.6888888888888884,0.73,25.76,330.0,16.1,0.0,1007.6
2020-01-06 22:00:00,2.361111111111111,-2.4555555555555566,0.75,21.6223,330.0,15.150100000000002,0.0,1008.79
2020-01-06 23:00:00,2.2222222222222223,-2.5444444444444434,0.75,20.93,330.0,16.1,0.0,1009.6
2020-01-07 00:00:00,2.2222222222222223,-3.1166666666666663,0.75,25.76,330.0,16.1,0.0,1010.3
2020-01-07 01:00:00,1.8555555555555574,-3.866666666666667,0.78,28.3843,321.0,15.150100000000002,0.0,1011.35
2020-01-07 02:00:00,2.2222222222222223,-3.1166666666666663,0.75,25.76,320.0,16.1,0.0,1012.4
2020-01-07 03:00:00,2.2222222222222223,-3.1166666666666663,0.75,25.76,330.0,16.1,0.0,1013.1
2020-01-07 04:00:00,1.772222222222221,-3.5388888888888896,0.78,24.3271,321.0,15.150100000000002,0.0,1013.47
2020-01-07 05:00:00,1.1111111111111112,-4.361111111111112,0.75,24.150000000000002,330.0,9.982000000000001,0.0,1013.7
2020-01-07 06:00:00,1.1111111111111112,-4.550000000000001,0.75,25.76,330.0,9.982000000000001,0.0,1014.1
2020-01-07 07:00:00,1.161111111111113,-4.349999999999999,0.75,24.633000000000003,321.0,10.368400000000001,0.0,1014.79
2020-01-07 08:00:00,1.1111111111111112,-4.16111111111111,0.75,22.540000000000003,330.0,11.270000000000001,0.0,1015.9
2020-01-07 09:00:00,2.2222222222222223,-2.7444444444444454,0.69,22.540000000000003,340.0,11.270000000000001,0.0,1017.2
2020-01-07 10:00:00,2.7777777777777777,-2.1333333333333333,0.62,23.345000000000002,340.0,10.368400000000001,0.0,1017.98
2020-01-07 11:00:00,3.888888888888889,-0.9722222222222222,0.57,25.76,340.0,9.982000000000001,0.0,1017.6
2020-01-07 12:00:00,3.888888888888889,-0.6222222222222228,0.52,22.540000000000003,0.0,11.270000000000001,0.0,1017.1
2020-01-07 13:00:00,4.027777777777778,0.5888888888888901,0.48,14.860300000000002,352.0,11.4471,0.0,1016.68
2020-01-07 14:00:00,3.888888888888889,1.427777777777778,0.52,9.66,10.0,9.982000000000001,0.0,1016.4
2020-01-07 15:00:00,3.888888888888889,1.072222222222222,0.52,11.270000000000001,310.0,11.270000000000001,0.0,1016.4
2020-01-07 16:00:00,2.883333333333332,0.26666666666666494,0.56,9.499,300.0,10.368400000000001,0.0,1016.15
2020-01-07 17:00:00,0.0,0.0,0.69,3.22,280.0,9.982000000000001,0.0,1016.0
2020-01-07 18:00:00,-1.1111111111111112,-1.1111111111111112,0.75,3.22,150.0,9.982000000000001,0.0,1015.9
2020-01-07 19:00:00,-1.9444444444444444,-1.9444444444444444,0.81,3.8157000000000005,217.0,9.982000000000001,0.0,1015.64
2020-01-07 20:00:00,-2.7777777777777777,-2.7777777777777777,0.78,3.22,250.0,9.982000000000001,0.0,1015.3
2020-01-07 21:00:00,-1.6666666666666667,-4.105555555555556,0.75,6.44,230.0,15.134000000000002,0.0,1014.9
2020-01-07 22:00:00,-0.3499999999999994,-4.0,0.82,11.141200000000001,231.0,14.329,0.0,1014.45
2020-01-07 23:00:00,0.5555555555555556,-2.9444444444444446,0.82,11.270000000000001,250.0,12.075000000000001,0.0,1014.2
2020-01-08 00:00:00,0.5555555555555556,-1.5388888888888888,0.82,6.44,250.0,9.982000000000001,0.0,1013.6
2020-01-08 01:00:00,1.2666666666666673,-0.8500000000000006,0.82,6.8264000000000005,230.0,9.982000000000001,0.0,1013.25
2020-01-08 02:00:00,1.1111111111111112,-2.272222222222222,0.85,11.270000000000001,250.0,8.05,0.0,1013.3
2020-01-08 03:00:00,0.5555555555555556,-1.5388888888888888,0.92,6.44,230.0,4.025,0.0,1012.7
2020-01-08 04:00:00,0.6055555555555574,-2.8777777777777778,0.93,11.237800000000002,241.0,4.459700000000001,0.0,1012.18
2020-01-08 05:00:00,0.0,-3.2055555555555553,1.0,9.66,210.0,3.059,0.0,1011.7
2020-01-08 06:00:00,1.1111111111111112,-1.8833333333333337,0.92,9.66,210.0,4.025,0.0,1011.6
2020-01-08 07:00:00,1.1277777777777784,-1.594444444444445,0.93,8.6779,239.0,4.8622000000000005,0.0,1011.65
2020-01-08 08:00:00,2.2222222222222223,-0.12777777777777802,0.92,8.05,280.0,4.508,0.0,1011.5
2020-01-08 09:00:00,2.7777777777777777,-0.8833333333333333,0.96,14.49,300.0,8.05,0.0,1011.9
2020-01-08 10:00:00,2.727777777777776,-0.23888888888888873,0.96,10.851400000000002,301.0,7.985600000000001,0.0,1012.13
2020-01-08 11:00:00,3.888888888888889,0.22222222222222143,0.92,16.1,330.0,8.05,0.0,1012.0
2020-01-08 12:00:00,3.888888888888889,0.47777777777777747,0.92,14.49,0.0,6.118,0.0,1011.7
2020-01-08 13:00:00,3.9222222222222234,0.5500000000000012,0.9,14.312900000000003,347.0,6.3434,0.0,1011.71
2020-01-08 14:00:00,3.888888888888889,0.47777777777777747,0.89,14.49,0.0,6.118,0.0,1012.0
2020-01-08 15:00:00,3.888888888888889,1.427777777777778,0.89,9.66,10.0,6.118,0.0,1012.6
2020-01-08 16:00:00,2.950000000000001,0.3833333333333321,0.96,9.3541,14.0,4.9910000000000005,0.0,1013.08
2020-01-08 17:00:00,2.7777777777777777,0.5277777777777793,0.96,8.05,10.0,4.025,0.0,1013.7
2020-01-08 18:00:00,2.7777777777777777,2.7777777777777777,0.96,4.83,0.0,4.025,0.0,1014.1
2020-01-08 19:00:00,2.449999999999998,0.9611111111111094,0.91,5.5867,10.0,4.588500000000001,0.0,1014.38
2020-01-08 20:00:00,2.2222222222222223,1.0222222222222241,0.92,4.83,50.0,4.025,0.0,1015.0
2020-01-08 21:00:00,1.6666666666666667,1.6666666666666667,0.96,3.22,60.0,3.059,0.0,1015.3
2020-01-08 22:00:00,1.6499999999999995,1.6499999999999995,0.93,3.9284000000000003,329.0,2.6887,0.0,1015.68
2020-01-08 23:00:00,1.1111111111111112,1.1111111111111112,0.96,3.22,320.0,0.483,0.0,1015.9
2020-01-09 00:00:00,1.1111111111111112,1.1111111111111112,0.96,3.22,320.0,3.059,0.0,1016.1
2020-01-09 01:00:00,1.161111111111113,1.161111111111113,0.93,3.4454000000000002,327.0,5.2647,0.0,1016.31
2020-01-09 02:00:00,0.5555555555555556,0.5555555555555556,0.96,0.0,0.0,4.9910000000000005,0.0,1016.7
2020-01-09 03:00:00,-0.5555555555555556,-0.5555555555555556,0.96,0.0,0.0,6.118,0.0,1017.1
2020-01-09 04:00:00,0.7277777777777791,-1.4444444444444453,0.92,6.745900000000001,320.0,6.9713,0.0,1017.12
2020-01-09 05:00:00,0.0,-1.4888888888888887,0.92,4.83,300.0,9.982000000000001,0.0,1017.1
2020-01-09 06:00:00,1.1111111111111112,-2.933333333333334,0.92,14.49,310.0,9.982000000000001,0.0,1017.5
2020-01-09 07:00:00,0.08888888888888699,-3.0055555555555555,0.93,9.321900000000001,354.0,7.856800000000001,0.0,1018.07
2020-01-09 08:00:00,0.0,-2.7333333333333343,0.92,8.05,320.0,8.05,0.0,1018.8
2020-01-09 09:00:00,1.1111111111111112,-2.272222222222222,0.85,11.270000000000001,310.0,8.05,0.0,1019.7
2020-01-09 10:00:00,2.294444444444446,-0.8888888888888897,0.93,11.4471,330.0,10.706500000000002,0.0,1019.95
2020-01-09 11:00:00,3.888888888888889,0.47777777777777747,0.89,14.49,340.0,11.270000000000001,0.0,1020.1
2020-01-09 12:00:00,3.888888888888889,-0.011111111111110874,0.89,17.71,330.0,11.270000000000001,0.0,1020.2
2020-01-09 13:00:00,4.01111111111111,0.22777777777777589,0.88,17.0821,332.0,10.706500000000002,0.0,1020.22
2020-01-09 14:00:00,5.0,2.116666666666668,0.82,12.88,350.0,11.270000000000001,0.0,1020.7
2020-01-09 15:00:00,5.0,5.0,0.86,4.83,350.0,11.270000000000001,0.0,1021.1
2020-01-09 16:00:00,5.0,5.0,0.82,3.3327,3.0,10.706500000000002,0.0,1021.56
2020-01-09 17:00:00,3.888888888888889,3.888888888888889,0.89,0.0,0.0,11.270000000000001,0.0,1022.3
2020-01-09 18:00:00,3.888888888888889,3.888888888888889,0.89,3.22,270.0,11.270000000000001,0.0,1022.9
2020-01-09 19:00:00,3.8555555555555543,0.7611111111111097,0.83,12.654600000000002,310.0,9.4829,0.0,1023.33
2020-01-09 20:00:00,3.888888888888889,0.47777777777777747,0.82,14.49,320.0,9.982000000000001,0.0,1023.8
2020-01-09 21:00:00,3.3333333333333335,-0.2055555555555561,0.85,14.49,320.0,16.1,0.0,1024.3
2020-01-09 22:00:00,3.177777777777777,-0.1722222222222215,0.84,13.234200000000001,317.0,14.7798,0.0,1024.53
2020-01-09 23:00:00,2.7777777777777777,-0.8833333333333333,0.85,14.49,300.0,16.1,0.0,1024.8
2020-01-10 00:00:00,2.2222222222222223,-0.9333333333333331,0.85,11.270000000000001,310.0,16.1,0.0,1024.8
2020-01-10 01:00:00,0.6944444444444444,-2.694444444444445,0.9,10.9158,319.0,14.7798,0.0,1024.61
2020-01-10 02:00:00,0.5555555555555556,-2.9444444444444446,0.89,11.270000000000001,320.0,15.134000000000002,0.0,1024.7
2020-01-10 03:00:00,-0.5555555555555556,-2.822222222222221,0.92,6.44,280.0,12.075000000000001,0.0,1024.7
2020-01-10 04:00:00,-0.033333333333332625,-3.3888888888888897,0.9,10.2074,299.0,9.6117,0.0,1024.53
2020-01-10 05:00:00,0.0,-3.611111111111111,0.85,11.270000000000001,280.0,9.982000000000001,0.0,1024.4
2020-01-10 06:00:00,0.0,-3.9722222222222214,0.92,12.88,270.0,9.982000000000001,0.0,1024.4
2020-01-10 07:00:00,0.9888888888888895,-2.5333333333333328,0.86,11.785200000000001,289.0,8.355900000000002,0.0,1024.34
2020-01-10 08:00:00,1.1111111111111112,-1.427777777777778,0.92,8.05,270.0,7.084000000000001,0.0,1024.5
2020-01-10 09:00:00,1.1111111111111112,1.1111111111111112,0.92,4.83,260.0,8.05,0.0,1024.5
2020-01-10 10:00:00,1.0222222222222241,1.0222222222222241,0.93,4.8139,214.0,4.008900000000001,0.0,1024.65
2020-01-10 11:00:00,0.0,-2.7333333333333343,1.0,8.05,190.0,3.059,0.0,1024.6
2020-01-10 12:00:00,1.1111111111111112,-2.272222222222222,0.92,11.270000000000001,210.0,6.118,0.0,1024.1
2020-01-10 13:00:00,1.0777777777777766,-1.9055555555555554,0.93,9.595600000000001,222.0,10.0142,0.0,1023.88
2020-01-10 14:00:00,2.2222222222222223,1.0222222222222241,0.92,4.83,220.0,11.270000000000001,0.0,1024.1
2020-01-10 15:00:00,2.2222222222222223,-0.561111111111112,0.92,9.66,320.0,11.270000000000001,0.0,1024.5
2020-01-10 16:00:00,2.155555555555557,-0.5666666666666664,0.92,9.3702,347.0,9.853200000000001,0.0,1025.3
2020-01-10 17:00:00,2.2222222222222223,-0.9333333333333331,0.92,11.270000000000001,0.0,11.270000000000001,0.0,1026.3
2020-01-10 18:00:00,2.2222222222222223,-0.9333333333333331,0.92,11.270000000000001,20.0,11.270000000000001,0.0,1027.1
2020-01-10 19:00:00,2.155555555555557,-0.0611111111111108,0.93,7.567000000000001,18.0,10.513300000000001,0.0,1027.65
2020-01-10 20:00:00,2.2222222222222223,2.2222222222222223,0.85,1.61,10.0,11.270000000000001,0.0,1028.6
2020-01-10 21:00:00,1.6666666666666667,-0.25555555555555604,0.92,6.44,340.0,15.134000000000002,0.0,1029.3
2020-01-10 22:00:00,1.6000000000000014,1.6000000000000014,0.93,3.1717,301.0,11.157300000000001,0.0,1029.71
2020-01-10 23:00:00,1.1111111111111112,1.1111111111111112,0.96,3.22,270.0,7.084000000000001,0.0,1029.7
2020-01-11 00:00:00,1.1111111111111112,1.1111111111111112,0.96,3.22,270.0,7.084000000000001,0.0,1029.8
2020-01-11 01:00:00,1.1833333333333347,1.1833333333333347,0.96,3.1395,252.0,6.9713,0.0,1029.55
2020-01-11 02:00:00,1.1111111111111112,1.1111111111111112,0.92,3.22,210.0,8.05,0.0,1029.7
2020-01-11 03:00:00,1.1111111111111112,-0.8944444444444442,0.92,6.44,290.0,9.982000000000001,0.0,1030.0
2020-01-11 04:00:00,1.7388888888888903,1.7388888888888903,0.93,3.1234,287.0,9.4185,0.0,1030.02
2020-01-11 05:00:00,2.2222222222222223,2.2222222222222223,0.92,4.83,320.0,11.270000000000001,0.0,1030.0
2020-01-11 06:00:00,2.2222222222222223,-0.561111111111112,0.92,9.66,310.0,11.270000000000001,0.0,1030.3
2020-01-11 07:00:00,2.205555555555555,-0.36111111111111033,0.93,8.8228,319.0,9.4185,0.0,1030.31
2020-01-11 08:00:00,2.2222222222222223,-0.561111111111112,0.92,9.66,320.0,11.270000000000001,0.0,1030.8
2020-01-11 09:00:00,2.7777777777777777,0.10555555555555429,0.89,9.66,340.0,11.270000000000001,0.0,1031.3
2020-01-11 10:00:00,2.794444444444445,0.3166666666666668,0.89,8.903300000000002,328.0,10.706500000000002,0.0,1031.81
2020-01-11 11:00:00,5.0,3.138888888888888,0.82,8.05,310.0,11.270000000000001,0.0,1031.8
2020-01-11 12:00:00,6.111111111111111,4.444444444444445,0.76,8.05,330.0,11.270000000000001,0.0,1031.4
2020-01-11 13:00:00,7.049999999999999,7.049999999999999,0.71,3.9123000000000006,272.0,11.0768,0.0,1030.83
2020-01-11 14:00:00,7.222222222222222,5.394444444444445,0.71,9.66,270.0,11.270000000000001,0.0,1030.4
2020-01-11 15:00:00,6.111111111111111,3.4666666666666677,0.7,12.88,290.0,11.270000000000001,0.0,1030.4
2020-01-11 16:00:00,5.105555555555554,5.105555555555554,0.75,3.4132000000000002,260.0,9.982000000000001,0.0,1030.64
2020-01-11 17:00:00,2.7777777777777777,2.7777777777777777,0.82,4.83,240.0,9.982000000000001,0.0,1030.6
2020-01-11 18:00:00,2.7777777777777777,0.10555555555555429,0.82,9.66,260.0,9.982000000000001,0.0,1030.8
2020-01-11 19:00:00,2.411111111111113,0.17777777777777792,0.86,7.776300000000001,249.0,9.6117,0.0,1030.83
2020-01-11 20:00:00,2.7777777777777777,-0.2666666666666669,0.82,11.270000000000001,250.0,9.982000000000001,0.0,1030.6
2020-01-11 21:00:00,2.2222222222222223,-0.9333333333333331,0.85,11.270000000000001,260.0,15.134000000000002,0.0,1030.3
2020-01-11 22:00:00,2.4833333333333325,-0.5444444444444447,0.85,10.9158,252.0,14.329,0.0,1030.22
2020-01-11 23:00:00,3.3333333333333335,0.40555555555555384,0.82,11.270000000000001,260.0,15.134000000000002,0.0,1030.0
2020-01-12 00:00:00,3.888888888888889,1.072222222222222,0.82,11.270000000000001,270.0,15.134000000000002,0.0,1029.8
2020-01-12 01:00:00,4.377777777777779,1.3000000000000018,0.8,13.1859,269.0,14.329,0.0,1029.62
2020-01-12 02:00:00,3.3333333333333335,0.40555555555555384,0.82,11.270000000000001,270.0,15.134000000000002,0.0,1029.7
2020-01-12 03:00:00,3.888888888888889,2.311111111111109,0.82,6.44,270.0,15.134000000000002,0.0,1029.7
2020-01-12 04:00:00,4.444444444444445,1.872222222222221,0.8,10.642100000000001,288.0,14.6188,0.0,1029.71
2020-01-12 05:00:00,2.7777777777777777,0.5277777777777793,0.89,8.05,290.0,9.982000000000001,0.0,1029.5
2020-01-12 06:00:00,2.2222222222222223,-0.9333333333333331,0.92,11.270000000000001,290.0,9.982000000000001,0.0,1029.6
2020-01-12 07:00:00,3.072222222222223,0.5833333333333317,0.88,9.1287,289.0,11.0768,0.0,1029.61
2020-01-12 08:00:00,3.888888888888889,1.427777777777778,0.82,9.66,290.0,9.982000000000001,0.0,1029.5
2020-01-12 09:00:00,5.0,3.138888888888888,0.86,8.05,280.0,9.982000000000001,0.0,1029.5
2020-01-12 10:00:00,5.955555555555555,3.416666666666666,0.8,12.075000000000001,276.0,9.982000000000001,0.0,1029.76
2020-01-12 11:00:00,7.777777777777778,6.0555555555555545,0.71,9.66,280.0,9.982000000000001,0.0,1029.3
2020-01-12 12:00:00,8.88888888888889,7.1000000000000005,0.66,11.270000000000001,240.0,11.270000000000001,0.0,1028.4
2020-01-12 13:00:00,8.683333333333334,7.07222222222222,0.71,9.9981,198.0,11.0768,0.0,1027.55
2020-01-12 14:00:00,8.88888888888889,6.849999999999999,0.66,12.88,260.0,11.270000000000001,0.0,1026.4
2020-01-12 15:00:00,8.88888888888889,7.383333333333332,0.66,9.66,250.0,9.982000000000001,0.0,1025.8
2020-01-12 16:00:00,6.199999999999998,4.200000000000001,0.76,9.5312,213.0,9.982000000000001,0.0,1025.3
2020-01-12 17:00:00,3.888888888888889,0.7611111111111097,0.89,12.88,200.0,9.982000000000001,0.0,1024.8
2020-01-12 18:00:00,2.7777777777777777,-0.8833333333333333,0.89,14.49,200.0,9.982000000000001,0.0,1024.1
2020-01-12 19:00:00,2.4277777777777763,-0.6666666666666663,0.86,11.2056,211.0,9.982000000000001,0.0,1023.44
2020-01-12 20:00:00,1.1111111111111112,-2.272222222222222,0.92,11.270000000000001,190.0,9.982000000000001,0.0,1023.0
2020-01-12 21:00:00,0.5555555555555556,-3.616666666666668,0.92,14.49,190.0,15.134000000000002,0.0,1022.3
2020-01-12 22:00:00,0.26111111111111046,-3.3333333333333335,0.92,11.414900000000001,182.0,9.6117,0.0,1021.52
2020-01-12 23:00:00,0.0,-3.611111111111111,0.92,11.270000000000001,200.0,9.982000000000001,0.0,1020.4
2020-01-13 00:00:00,0.5555555555555556,-4.172222222222223,0.92,17.71,210.0,15.134000000000002,0.0,1019.2
2020-01-13 01:00:00,0.1388888888888889,-4.066666666666666,0.9,14.1841,193.0,9.982000000000001,0.0,1018.51
2020-01-13 02:00:00,0.0,-4.299999999999999,0.89,14.49,200.0,8.05,0.0,1017.4
2020-01-13 03:00:00,-0.5555555555555556,-4.283333333333334,0.88,11.270000000000001,210.0,8.05,0.0,1016.8
2020-01-13 04:00:00,-0.36666666666666675,-0.36666666666666675,0.92,4.7495,224.0,8.355900000000002,0.0,1017.22
2020-01-13 05:00:00,0.0,-3.611111111111111,0.92,11.270000000000001,220.0,8.05,0.0,1016.9
2020-01-13 06:00:00,1.1111111111111112,-1.8833333333333337,0.85,9.66,260.0,9.982000000000001,0.0,1016.8
2020-01-13 07:00:00,2.066666666666666,-1.3499999999999999,0.81,12.348700000000001,251.0,9.982000000000001,0.0,1016.72
2020-01-13 08:00:00,2.7777777777777777,-1.3999999999999997,0.76,17.71,250.0,11.270000000000001,0.0,1016.9
2020-01-13 09:00:00,3.888888888888889,0.47777777777777747,0.76,14.49,270.0,11.270000000000001,0.0,1017.1
2020-01-13 10:00:00,4.911111111111113,0.9666666666666678,0.76,20.0445,269.0,11.0768,0.0,1017.55
2020-01-13 11:00:00,6.111111111111111,1.8888888888888882,0.65,25.76,300.0,11.270000000000001,0.0,1017.4
2020-01-13 12:00:00,7.222222222222222,2.6833333333333322,0.55,33.81,300.0,11.270000000000001,0.0,1016.8
2020-01-13 13:00:00,7.172222222222221,3.072222222222223,0.51,27.8369,319.0,11.4471,0.0,1016.52
2020-01-13 14:00:00,6.111111111111111,1.8888888888888882,0.6,25.76,300.0,11.270000000000001,0.0,1016.4
2020-01-13 15:00:00,6.111111111111111,2.205555555555555,0.55,22.540000000000003,290.0,11.270000000000001,0.0,1015.8
2020-01-13 16:00:00,5.205555555555554,2.0222222222222226,0.58,14.989100000000002,293.0,11.4471,0.0,1015.28
2020-01-13 17:00:00,3.888888888888889,-0.011111111111110874,0.64,17.71,310.0,11.270000000000001,0.0,1015.4
2020-01-13 18:00:00,2.7777777777777777,-2.5722222222222215,0.76,27.37,290.0,11.270000000000001,0.0,1015.1
2020-01-13 19:00:00,2.2388888888888894,-2.383333333333333,0.79,19.9157,280.0,11.0768,0.0,1015.72
2020-01-13 20:00:00,2.2222222222222223,-3.2888888888888896,0.72,27.37,280.0,9.982000000000001,0.0,1015.6
2020-01-13 21:00:00,2.2222222222222223,-3.455555555555555,0.69,28.98,290.0,16.1,0.0,1015.9
2020-01-13 22:00:00,1.772222222222221,-3.5833333333333335,0.72,24.7135,290.0,15.150100000000002,0.0,1015.87
2020-01-13 23:00:00,1.6666666666666667,-4.177777777777777,0.69,28.98,290.0,16.1,0.0,1016.0
2020-01-14 00:00:00,1.6666666666666667,-4.177777777777777,0.69,28.98,300.0,16.1,0.0,1015.9
2020-01-14 01:00:00,1.6000000000000014,-4.361111111111112,0.7,29.897700000000004,298.0,15.150100000000002,0.0,1015.99
2020-01-14 02:00:00,1.6666666666666667,-3.8333333333333326,0.67,25.76,300.0,16.1,0.0,1016.2
2020-01-14 03:00:00,1.1111111111111112,-3.9499999999999997,0.72,20.93,310.0,16.1,0.0,1015.9
2020-01-14 04:00:00,0.4888888888888903,-4.550000000000001,0.76,19.6098,297.0,15.150100000000002,0.0,1015.82
2020-01-14 05:00:00,0.0,-5.355555555555556,0.82,20.93,290.0,9.982000000000001,0.0,1015.5
2020-01-14 06:00:00,0.0,-5.355555555555556,0.82,20.93,280.0,9.982000000000001,0.0,1015.4
2020-01-14 07:00:00,0.0,-5.322222222222221,0.82,20.6885,280.0,9.982000000000001,0.0,1015.29
2020-01-14 08:00:00,0.0,-4.866666666666668,0.82,17.71,270.0,9.982000000000001,0.0,1015.4
2020-01-14 09:00:00,2.2222222222222223,-2.938888888888888,0.69,24.150000000000002,280.0,9.982000000000001,0.0,1015.1
2020-01-14 10:00:00,3.7333333333333325,-1.683333333333334,0.63,31.137400000000003,297.0,11.0768,0.0,1015.62
2020-01-14 11:00:00,5.0,-0.36666666666666675,0.6,35.42,310.0,11.270000000000001,0.0,1015.4
2020-01-14 12:00:00,5.0,-0.7111111111111117,0.53,40.25,310.0,11.270000000000001,0.0,1014.8
2020-01-14 13:00:00,4.027777777777778,-1.8555555555555554,0.56,38.1409,311.0,11.4471,0.0,1014.79
2020-01-14 14:00:00,3.888888888888889,-1.4333333333333325,0.57,30.590000000000003,300.0,11.270000000000001,0.0,1014.5
2020-01-14 15:00:00,2.7777777777777777,-2.5722222222222215,0.57,27.37,300.0,11.270000000000001,0.0,1014.9
2020-01-14 16:00:00,2.8500000000000014,-1.9444444444444444,0.59,22.4917,309.0,11.4471,0.0,1015.17
2020-01-14 17:00:00,1.1111111111111112,-3.2166666666666663,0.64,16.1,290.0,9.982000000000001,0.0,1015.5
2020-01-14 18:00:00,0.0,-4.866666666666668,0.75,17.71,280.0,9.982000000000001,0.0,1015.8
2020-01-14 19:00:00,1.0777777777777766,-4.055555555555555,0.61,21.413000000000004,289.0,9.982000000000001,0.0,1015.9
2020-01-14 20:00:00,0.0,-5.5777777777777775,0.69,22.540000000000003,290.0,9.982000000000001,0.0,1016.0
2020-01-14 21:00:00,-0.5555555555555556,-6.061111111111111,0.75,20.93,290.0,16.1,0.0,1016.4
2020-01-14 22:00:00,-0.4499999999999993,-5.705555555555555,0.72,19.416600000000003,288.0,15.150100000000002,0.0,1016.48
2020-01-14 23:00:00,-0.5555555555555556,-6.061111111111111,0.69,20.93,290.0,16.1,0.0,1016.4
2020-01-15 00:00:00,-1.6666666666666667,-6.950000000000001,0.75,17.71,290.0,16.1,0.0,1016.5
2020-01-15 01:00:00,-1.4944444444444451,-6.094444444444444,0.75,14.296800000000003,288.0,15.150100000000002,0.0,1016.52
2020-01-15 02:00:00,-0.5555555555555556,-6.694444444444445,0.66,25.76,300.0,16.1,0.0,1016.4
2020-01-15 03:00:00,-1.1111111111111112,-6.761111111111112,0.69,20.93,300.0,16.1,0.0,1016.5
2020-01-15 04:00:00,-0.6222222222222228,-5.594444444444445,0.7,17.3719,299.0,15.150100000000002,0.0,1016.53
2020-01-15 05:00:00,-2.7777777777777777,-6.51111111111111,0.78,9.66,280.0,9.982000000000001,0.0,1016.5
2020-01-15 06:00:00,-2.7777777777777777,-8.33888888888889,0.78,17.71,300.0,9.982000000000001,0.0,1016.7
2020-01-15 07:00:00,-2.8111111111111104,-7.572222222222221,0.79,13.636700000000001,296.0,9.982000000000001,0.0,1016.96
2020-01-15 08:00:00,-2.7777777777777777,-7.355555555555554,0.78,12.88,280.0,9.982000000000001,0.0,1017.3
2020-01-15 09:00:00,-1.1111111111111112,-6.988888888888888,0.75,22.540000000000003,300.0,9.982000000000001,0.0,1017.6
2020-01-15 10:00:00,1.0444444444444458,-4.094444444444445,0.65,21.3486,319.0,11.4471,0.0,1017.67
2020-01-15 11:00:00,2.2222222222222223,-2.938888888888888,0.59,24.150000000000002,310.0,11.270000000000001,0.0,1017.6
2020-01-15 12:00:00,2.2222222222222223,-3.2888888888888896,0.54,27.37,320.0,11.270000000000001,0.0,1017.1
2020-01-15 13:00:00,2.3277777777777766,-2.9277777777777776,0.48,25.2609,320.0,11.4471,0.0,1016.94
2020-01-15 14:00:00,2.7777777777777777,-2.2277777777777787,0.48,24.150000000000002,320.0,11.270000000000001,0.0,1016.7
2020-01-15 15:00:00,2.2222222222222223,-2.094444444444444,0.48,17.71,330.0,11.270000000000001,0.0,1017.1
2020-01-15 16:00:00,1.1833333333333347,-3.944444444444445,0.51,21.557900000000004,329.0,11.4471,0.0,1017.57
2020-01-15 17:00:00,0.0,-4.299999999999999,0.58,14.49,300.0,9.982000000000001,0.0,1017.9
2020-01-15 18:00:00,0.0,-5.355555555555556,0.58,20.93,310.0,9.982000000000001,0.0,1018.0
2020-01-15 19:00:00,-1.0055555555555549,-5.716666666666666,0.63,15.423800000000002,292.0,9.982000000000001,0.0,1018.46
2020-01-15 20:00:00,-1.1111111111111112,-6.988888888888888,0.63,22.540000000000003,300.0,9.982000000000001,0.0,1018.6
2020-01-15 21:00:00,-1.1111111111111112,-6.761111111111112,0.66,20.93,310.0,16.1,0.0,1018.9
2020-01-15 22:00:00,-2.1722222222222225,-7.422222222222222,0.72,16.840600000000002,310.0,15.150100000000002,0.0,1019.36
2020-01-15 23:00:00,-2.7777777777777777,-7.716666666666667,0.71,14.49,340.0,16.1,0.0,1020.1
2020-01-16 00:00:00,-3.888888888888889,-8.3,0.78,11.270000000000001,320.0,16.1,0.0,1020.4
2020-01-16 01:00:00,-4.777777777777779,-9.116666666666667,0.78,10.4006,317.0,15.150100000000002,0.0,1020.62
2020-01-16 02:00:00,-5.0,-5.0,0.81,0.0,0.0,16.1,0.0,1021.2
2020-01-16 03:00:00,-5.0,-7.955555555555555,0.84,6.44,290.0,16.1,0.0,1021.5
2020-01-16 04:00:00,-4.844444444444444,-7.905555555555556,0.84,6.745900000000001,294.0,15.150100000000002,0.0,1021.69
2020-01-16 05:00:00,-5.0,-7.144444444444444,0.81,4.83,310.0,9.982000000000001,0.0,1022.0
2020-01-16 06:00:00,-5.0,-7.144444444444444,0.81,4.83,310.0,9.982000000000001,0.0,1022.5
2020-01-16 07:00:00,-5.750000000000001,-5.750000000000001,0.88,3.9445000000000006,315.0,11.0768,0.0,1023.2
2020-01-16 08:00:00,-3.888888888888889,-3.888888888888889,0.78,4.83,290.0,11.270000000000001,0.0,1023.9
2020-01-16 09:00:00,-2.7777777777777777,-2.7777777777777777,0.78,3.22,340.0,11.270000000000001,0.0,1024.4
2020-01-16 10:00:00,-2.0833333333333335,-2.0833333333333335,0.81,3.703,333.0,11.4471,0.0,1024.67
2020-01-16 11:00:00,-1.1111111111111112,-4.038888888888888,0.63,8.05,330.0,11.270000000000001,0.0,1024.9
2020-01-16 12:00:00,0.0,0.0,0.47,4.83,0.0,11.270000000000001,0.0,1024.5
2020-01-16 13:00:00,1.0222222222222241,-1.2944444444444434,0.44,7.3094,320.0,11.4471,0.0,1023.98
2020-01-16 14:00:00,0.0,-2.7333333333333343,0.47,8.05,310.0,11.270000000000001,0.0,1023.6
2020-01-16 15:00:00,0.0,0.0,0.47,3.22,310.0,11.270000000000001,0.0,1023.7
2020-01-16 16:00:00,0.0,0.0,0.59,3.22,299.0,11.0768,0.0,1023.91
2020-01-16 17:00:00,-1.1111111111111112,-4.038888888888888,0.75,8.05,10.0,11.270000000000001,0.0,1024.1
2020-01-16 18:00:00,-2.2222222222222223,-2.2222222222222223,0.81,3.22,140.0,11.270000000000001,0.0,1024.3
2020-01-16 19:00:00,-2.000000000000001,-2.000000000000001,0.8,0.805,320.0,9.982000000000001,0.0,1024.4
2020-01-16 20:00:00,-2.7777777777777777,-6.961111111111112,0.78,11.270000000000001,280.0,9.982000000000001,0.0,1024.6
2020-01-16 21:00:00,-2.7777777777777777,-6.961111111111112,0.78,11.270000000000001,270.0,16.1,0.0,1024.7
2020-01-16 22:00:00,-4.444444444444445,-7.311111111111111,0.88,6.44,260.0,16.1,0.0,1024.8
2020-01-16 23:00:00,-5.0,-9.63888888888889,0.88,11.270000000000001,280.0,16.1,0.0,1024.7
2020-01-17 00:00:00,-4.444444444444445,-7.311111111111111,0.84,6.44,270.0,16.1,0.0,1024.8
2020-01-17 01:00:00,-5.138888888888889,-9.583333333333334,0.84,10.4972,289.0,15.150100000000002,0.0,1024.93
2020-01-17 02:00:00,-6.111111111111111,-10.977777777777776,0.84,11.270000000000001,290.0,16.1,0.0,1024.9
2020-01-17 03:00:00,-5.555555555555555,-10.305555555555555,0.81,11.270000000000001,280.0,16.1,0.0,1024.9
2020-01-17 04:00:00,-5.816666666666666,-10.605555555555556,0.84,11.2056,272.0,15.150100000000002,0.0,1025.01
2020-01-17 05:00:00,-3.888888888888889,-8.711111111111112,0.78,12.88,270.0,9.982000000000001,0.0,1024.7
2020-01-17 06:00:00,-2.7777777777777777,-7.355555555555554,0.71,12.88,270.0,9.982000000000001,0.0,1024.8
2020-01-17 07:00:00,-2.8277777777777775,-7.422222222222222,0.73,12.8961,261.0,11.0768,0.0,1024.75
2020-01-17 08:00:00,-2.7777777777777777,-7.355555555555554,0.78,12.88,240.0,11.270000000000001,0.0,1024.6
2020-01-17 09:00:00,-2.2222222222222223,-7.033333333333333,0.81,14.49,240.0,9.982000000000001,0.0,1024.4
2020-01-17 10:00:00,-0.1555555555555562,-4.566666666666666,0.71,14.8925,250.0,9.982000000000001,0.0,1024.35
2020-01-17 11:00:00,0.0,-4.866666666666668,0.75,17.71,260.0,1.932,0.0,1024.0
2020-01-17 12:00:00,-1.1111111111111112,-4.949999999999999,0.92,11.270000000000001,250.0,1.932,0.0,1023.4
2020-01-17 13:00:00,-1.0222222222222221,-4.994444444444444,0.93,11.8657,250.0,1.9964000000000002,0.0,1023.04
2020-01-17 14:00:00,-1.1111111111111112,-4.527777777777777,0.92,9.66,260.0,1.932,0.0,1022.6
2020-01-17 15:00:00,0.0,-2.7333333333333343,0.92,8.05,260.0,1.932,0.0,1022.7
2020-01-17 16:00:00,0.0500000000000019,-2.905555555555556,0.93,8.8228,261.0,1.932,0.0,1022.82
2020-01-17 17:00:00,0.0,0.0,0.92,4.83,280.0,3.059,0.0,1023.1
2020-01-17 18:00:00,0.0,-3.611111111111111,0.92,11.270000000000001,300.0,4.025,0.0,1023.6
2020-01-17 19:00:00,0.10555555555555429,-2.461111111111111,0.93,7.567000000000001,352.0,6.2146,0.0,1024.01
2020-01-17 20:00:00,0.0,-3.2055555555555553,0.92,9.66,0.0,6.118,0.0,1024.7
2020-01-17 21:00:00,0.0,-3.611111111111111,0.89,11.270000000000001,10.0,6.118,0.0,1025.6
2020-01-17 22:00:00,-0.4166666666666667,-2.7444444444444454,0.9,6.6493,6.0,6.2146,0.0,1026.45
2020-01-17 23:00:00,-1.1111111111111112,-3.4611111111111112,0.92,6.44,350.0,6.118,0.0,1027.0
2020-01-18 00:00:00,-1.6666666666666667,-4.105555555555556,0.96,6.44,340.0,6.118,0.0,1027.4
2020-01-18 01:00:00,-1.4777777777777779,-3.861111111111111,0.92,6.391700000000001,352.0,5.2647,0.0,1028.07
2020-01-18 02:00:00,-1.6666666666666667,-4.105555555555556,0.92,6.44,30.0,4.9910000000000005,0.0,1028.6
2020-01-18 03:00:00,-1.6666666666666667,-1.6666666666666667,0.88,3.22,40.0,4.508,0.0,1028.9
2020-01-18 04:00:00,-2.116666666666666,-4.4944444444444445,0.93,6.1341,41.0,4.8622000000000005,0.0,1029.39
2020-01-18 05:00:00,-2.2222222222222223,-2.2222222222222223,0.92,0.0,0.0,4.508,0.0,1029.8
2020-01-18 06:00:00,-2.7777777777777777,-2.7777777777777777,0.92,3.22,260.0,3.059,0.0,1030.4
2020-01-18 07:00:00,-3.611111111111111,-3.611111111111111,0.93,4.1055,187.0,2.5438,0.0,1030.86
2020-01-18 08:00:00,-2.7777777777777777,-6.0,1.0,8.05,250.0,1.7710000000000004,0.0,1031.4
2020-01-18 09:00:00,-2.2222222222222223,-2.2222222222222223,0.96,4.83,150.0,3.5420000000000007,0.0,1031.8
2020-01-18 10:00:00,-1.0611111111111111,-5.133333333333332,0.89,12.2843,210.0,6.4078,0.0,1032.05
2020-01-18 11:00:00,-1.1111111111111112,-4.949999999999999,0.88,11.270000000000001,180.0,7.084000000000001,0.0,1032.3
2020-01-18 12:00:00,-1.1111111111111112,-4.949999999999999,0.88,11.270000000000001,190.0,4.508,0.0,1031.9
2020-01-18 13:00:00,-0.8888888888888897,-4.400000000000001,0.89,10.1591,201.0,3.7835000000000005,0.0,1031.63
2020-01-18 14:00:00,0.0,0.0,0.85,4.83,190.0,2.5760000000000005,0.0,1031.3
2020-01-18 15:00:00,0.0,0.0,0.92,3.22,170.0,1.449,0.0,1031.2
2020-01-18 16:00:00,0.10555555555555429,0.10555555555555429,0.93,4.8139,170.0,1.5295,0.0,1031.32
2020-01-18 17:00:00,0.0,0.0,0.92,4.83,160.0,0.966,0.0,1031.6
2020-01-18 18:00:00,0.0,-2.7333333333333343,0.92,8.05,210.0,1.932,0.0,1031.6
2020-01-18 19:00:00,0.1388888888888889,-2.894444444444445,0.93,9.1287,249.0,4.7978000000000005,0.0,1031.72
2020-01-18 20:00:00,-1.1111111111111112,-1.1111111111111112,0.92,4.83,200.0,0.32200000000000006,0.0,1031.4
2020-01-18 21:00:00,-1.6666666666666667,-4.105555555555556,0.92,6.44,190.0,3.059,0.0,1031.7
2020-01-18 22:00:00,-3.283333333333333,-6.138888888888889,0.96,6.8425,204.0,1.1914,0.0,1031.39
2020-01-18 23:00:00,-4.444444444444445,-7.311111111111111,0.92,6.44,180.0,0.16100000000000003,0.0,1031.0
2020-01-19 00:00:00,-3.888888888888889,-8.3,0.96,11.270000000000001,190.0,3.059,0.0,1030.5
2020-01-19 01:00:00,-3.888888888888889,-8.216666666666665,0.93,10.948,188.0,4.1699,0.0,1029.75
2020-01-19 02:00:00,-4.444444444444445,-8.966666666666667,0.92,11.270000000000001,190.0,3.5420000000000007,0.0,1029.2
2020-01-19 03:00:00,-4.444444444444445,-8.966666666666667,0.92,11.270000000000001,190.0,0.0,0.0,1028.6
2020-01-19 04:00:00,-3.544444444444444,-7.861111111111111,0.93,11.1734,183.0,4.1699,0.0,1027.96
2020-01-19 05:00:00,-3.3333333333333335,-8.394444444444444,0.92,14.49,180.0,3.5420000000000007,0.0,1026.7
2020-01-19 06:00:00,-2.7777777777777777,-7.716666666666667,0.92,14.49,180.0,4.025,0.0,1026.2
2020-01-19 07:00:00,-2.0833333333333335,-7.394444444444444,0.96,17.2753,191.0,5.361300000000001,0.0,1025.57
2020-01-19 08:00:00,-1.1111111111111112,-6.255555555555556,0.88,17.71,190.0,6.118,0.0,1025.1
2020-01-19 09:00:00,-1.1111111111111112,-5.972222222222222,0.88,16.1,190.0,11.270000000000001,0.0,1024.6
2020-01-19 10:00:00,0.08888888888888699,-3.2333333333333334,0.83,10.1591,192.0,9.982000000000001,0.0,1025.33
2020-01-19 11:00:00,1.1111111111111112,-2.272222222222222,0.78,11.270000000000001,180.0,9.982000000000001,0.0,1024.0
2020-01-19 12:00:00,1.1111111111111112,-2.933333333333334,0.85,14.49,170.0,9.982000000000001,0.0,1023.3
2020-01-19 13:00:00,2.3277777777777766,-0.5777777777777773,0.85,10.255700000000001,204.0,9.982000000000001,0.0,1022.6
2020-01-19 14:00:00,2.2222222222222223,-0.12777777777777802,0.85,8.05,170.0,9.982000000000001,0.0,1021.6
2020-01-19 15:00:00,2.7777777777777777,0.5277777777777793,0.82,8.05,190.0,9.016,0.0,1021.1
2020-01-19 16:00:00,2.4666666666666655,-0.46111111111111014,0.85,10.465,182.0,8.355900000000002,0.0,1020.27
2020-01-19 17:00:00,2.2222222222222223,-0.9333333333333331,0.92,11.270000000000001,170.0,6.118,0.0,1019.3
2020-01-19 18:00:00,2.2222222222222223,-1.2666666666666673,0.92,12.88,190.0,8.05,0.0,1018.7
2020-01-19 19:00:00,2.2888888888888874,-1.1277777777777784,0.86,12.590200000000001,199.0,8.355900000000002,0.0,1017.67
2020-01-19 20:00:00,2.2222222222222223,-1.5666666666666669,0.85,14.49,200.0,8.05,0.0,1016.5
2020-01-19 21:00:00,1.6666666666666667,-1.6055555555555558,0.92,11.270000000000001,200.0,8.05,0.0,1016.0
2020-01-19 22:00:00,2.983333333333332,-0.5777777777777773,0.85,14.1841,213.0,8.355900000000002,0.0,1015.71
2020-01-19 23:00:00,3.3333333333333335,0.40555555555555384,0.85,11.270000000000001,210.0,8.05,0.0,1015.8
2020-01-20 00:00:00,4.444444444444445,1.161111111111113,0.82,14.49,240.0,8.05,0.0,1015.3
2020-01-20 01:00:00,4.394444444444442,0.7555555555555552,0.83,16.7279,230.0,7.985600000000001,0.0,1014.67
2020-01-20 02:00:00,5.555555555555555,1.6777777777777796,0.82,20.93,250.0,7.084000000000001,0.0,1014.6
2020-01-20 03:00:00,5.555555555555555,2.5277777777777763,0.82,14.49,220.0,8.05,0.0,1013.9
2020-01-20 04:00:00,5.8500000000000005,2.4666666666666655,0.81,17.516800000000003,230.0,7.985600000000001,0.0,1013.23
2020-01-20 05:00:00,5.0,1.8444444444444446,0.86,14.49,240.0,7.084000000000001,0.0,1013.1
2020-01-20 06:00:00,5.0,2.411111111111113,0.86,11.270000000000001,230.0,6.118,0.0,1012.8
2020-01-20 07:00:00,4.000000000000002,4.000000000000002,0.95,4.7978000000000005,238.0,9.982000000000001,0.0,1013.54
2020-01-20 08:00:00,3.888888888888889,1.8333333333333317,0.92,8.05,270.0,8.05,0.0,1013.1
2020-01-20 09:00:00,5.0,2.116666666666668,0.86,12.88,310.0,11.270000000000001,0.0,1013.1
2020-01-20 10:00:00,5.0,2.9277777777777794,0.93,8.8872,204.0,7.792400000000001,0.0,1012.97
2020-01-20 11:00:00,5.0,2.7500000000000018,0.93,9.66,220.0,9.016,0.0,1012.0
2020-01-20 12:00:00,5.0,1.8444444444444446,0.93,14.49,200.0,4.508,0.0,1011.7
2020-01-20 13:00:00,4.927777777777776,1.8388888888888901,0.93,13.9909,200.0,6.4722,0.0,1010.71
2020-01-20 14:00:00,5.0,1.8444444444444446,0.93,14.49,190.0,8.05,0.0,1010.5
2020-01-20 15:00:00,5.0,2.411111111111113,0.93,11.270000000000001,200.0,4.9910000000000005,0.0,1009.7
2020-01-20 16:00:00,5.033333333333335,3.927777777777778,0.94,5.570600000000001,254.0,2.6726,0.0,1010.11
2020-01-20 17:00:00,3.888888888888889,0.22222222222222143,0.89,16.1,310.0,11.270000000000001,0.0,1010.9
2020-01-20 18:00:00,3.888888888888889,0.22222222222222143,0.89,16.1,300.0,9.982000000000001,0.0,1010.8
2020-01-20 19:00:00,3.938888888888891,0.11111111111111269,0.83,17.3236,310.0,11.0768,0.0,1011.3
2020-01-20 20:00:00,2.7777777777777777,-1.3999999999999997,0.82,17.71,290.0,9.982000000000001,0.0,1011.9
2020-01-20 21:00:00,2.7777777777777777,-0.8833333333333333,0.79,14.49,280.0,16.1,0.0,1012.2
2020-01-20 22:00:00,2.8277777777777797,-1.5833333333333341,0.79,19.4971,292.0,15.150100000000002,0.0,1012.26
2020-01-20 23:00:00,2.2222222222222223,-2.094444444444444,0.75,17.71,290.0,16.1,0.0,1011.8
2020-01-21 00:00:00,2.2222222222222223,-2.094444444444444,0.72,17.71,300.0,16.1,0.0,1011.4
2020-01-21 01:00:00,1.1277777777777784,-2.727777777777778,0.78,13.524000000000001,292.0,15.150100000000002,0.0,1011.53
2020-01-21 02:00:00,1.1111111111111112,-3.483333333333333,0.78,17.71,290.0,16.1,0.0,1011.7
2020-01-21 03:00:00,0.5555555555555556,-2.9444444444444446,0.78,11.270000000000001,270.0,16.1,0.0,1012.4
2020-01-21 04:00:00,0.5555555555555556,-4.122222222222224,0.79,17.3719,279.0,15.150100000000002,0.0,1012.93
2020-01-21 05:00:00,1.1111111111111112,-4.361111111111112,0.75,24.150000000000002,300.0,9.982000000000001,0.0,1013.3
2020-01-21 06:00:00,0.0,-4.594444444444444,0.82,16.1,300.0,9.982000000000001,0.0,1013.6
2020-01-21 07:00:00,0.016666666666667298,-4.694444444444445,0.82,16.7923,318.0,10.368400000000001,0.0,1014.23
2020-01-21 08:00:00,0.0,-4.594444444444444,0.82,16.1,330.0,9.982000000000001,0.0,1014.6
2020-01-21 09:00:00,1.1111111111111112,-2.933333333333334,0.78,14.49,320.0,9.982000000000001,0.0,1015.2
2020-01-21 10:00:00,2.294444444444446,-1.3888888888888888,0.78,13.9748,328.0,10.368400000000001,0.0,1016.19
2020-01-21 11:00:00,3.888888888888889,0.22222222222222143,0.7,16.1,330.0,9.982000000000001,0.0,1016.3
2020-01-21 12:00:00,3.888888888888889,0.47777777777777747,0.7,14.49,320.0,11.270000000000001,0.0,1016.4
2020-01-21 13:00:00,5.0166666666666675,1.900000000000001,0.69,14.2807,303.0,11.4471,0.0,1015.6
2020-01-21 14:00:00,5.0,0.9722222222222222,0.6,20.93,300.0,11.270000000000001,0.0,1015.0
2020-01-21 15:00:00,5.0,0.7944444444444443,0.6,22.540000000000003,300.0,11.270000000000001,0.0,1015.1
2020-01-21 16:00:00,3.0388888888888883,-0.39999999999999936,0.65,13.5562,292.0,11.4471,0.0,1015.23
2020-01-21 17:00:00,1.1111111111111112,-2.272222222222222,0.75,11.270000000000001,260.0,11.270000000000001,0.0,1015.5
2020-01-21 18:00:00,1.1111111111111112,-2.622222222222222,0.75,12.88,230.0,9.982000000000001,0.0,1014.8
2020-01-21 19:00:00,0.033333333333334596,-3.0333333333333337,0.83,9.193100000000001,215.0,9.982000000000001,0.0,1014.94
2020-01-21 20:00:00,-1.1111111111111112,-5.327777777777778,0.88,12.88,210.0,9.982000000000001,0.0,1014.4
2020-01-21 21:00:00,0.0,-3.611111111111111,0.82,11.270000000000001,190.0,15.134000000000002,0.0,1013.5
2020-01-21 22:00:00,0.6944444444444444,-3.9722222222222214,0.83,17.516800000000003,200.0,15.150100000000002,0.0,1012.81
2020-01-21 23:00:00,0.5555555555555556,-4.172222222222223,0.85,17.71,190.0,16.1,0.0,1011.8
2020-01-22 00:00:00,1.1111111111111112,-3.9499999999999997,0.78,20.93,190.0,16.1,0.0,1010.5
2020-01-22 01:00:00,1.2166666666666655,-4.572222222222223,0.79,27.1929,189.0,15.150100000000002,0.0,1009.36
2020-01-22 02:00:00,2.2222222222222223,-2.5444444444444434,0.72,20.93,190.0,16.1,0.0,1007.8
2020-01-22 03:00:00,1.6666666666666667,-3.8333333333333326,0.75,25.76,190.0,15.134000000000002,0.0,1007.2
2020-01-22 04:00:00,1.6666666666666667,-2.3000000000000003,0.79,14.7476,191.0,6.7137,0.0,1006.11
2020-01-22 05:00:00,2.2222222222222223,-2.938888888888888,0.72,24.150000000000002,190.0,11.270000000000001,0.0,1004.9
2020-01-22 06:00:00,2.2222222222222223,-1.2666666666666673,0.72,12.88,250.0,8.05,0.0,1004.5
2020-01-22 07:00:00,2.155555555555557,-2.6611111111111105,0.85,21.1715,243.0,10.706500000000002,0.0,1007.21
2020-01-22 08:00:00,2.7777777777777777,-2.2277777777777787,0.89,24.150000000000002,270.0,11.270000000000001,0.0,1006.3
2020-01-22 09:00:00,5.0,1.377777777777776,0.82,17.71,270.0,11.270000000000001,0.0,1007.5
2020-01-22 10:00:00,7.000000000000001,3.2222222222222205,0.72,23.683100000000003,286.0,11.0768,0.0,1008.25
2020-01-22 11:00:00,7.777777777777778,3.6444444444444457,0.68,30.590000000000003,290.0,11.270000000000001,0.0,1008.7
2020-01-22 12:00:00,8.88888888888889,5.1,0.58,30.590000000000003,310.0,11.270000000000001,0.0,1009.3
2020-01-22 13:00:00,8.93888888888889,5.3,0.53,28.7546,292.0,11.4471,0.0,1009.32
2020-01-22 14:00:00,8.88888888888889,4.583333333333333,0.54,38.64,290.0,11.270000000000001,0.0,1009.5
2020-01-22 15:00:00,7.777777777777778,4.3277777777777775,0.53,22.540000000000003,300.0,11.270000000000001,0.0,1010.0
2020-01-22 16:00:00,7.444444444444445,4.811111111111109,0.5,14.7798,296.0,11.4471,0.0,1010.46
2020-01-22 17:00:00,5.0,2.116666666666668,0.6,12.88,260.0,11.270000000000001,0.0,1010.5
2020-01-22 18:00:00,3.888888888888889,1.427777777777778,0.7,9.66,250.0,9.982000000000001,0.0,1010.7
2020-01-22 19:00:00,3.9222222222222234,1.5166666666666648,0.71,9.434600000000001,239.0,9.982000000000001,0.0,1010.85
2020-01-22 20:00:00,3.888888888888889,1.427777777777778,0.7,9.66,210.0,9.982000000000001,0.0,1010.3
2020-01-22 21:00:00,3.3333333333333335,3.3333333333333335,0.79,3.22,340.0,16.1,0.0,1010.2
2020-01-22 22:00:00,4.444444444444445,4.444444444444445,0.78,2.5438,272.0,9.982000000000001,0.0,1010.3
2020-01-22 23:00:00,2.7777777777777777,0.5277777777777793,0.96,8.05,210.0,4.025,0.0,1009.8
2020-01-23 00:00:00,3.888888888888889,0.47777777777777747,0.92,14.49,210.0,4.025,0.0,1010.0
2020-01-23 01:00:00,4.355555555555558,4.355555555555558,0.9,2.3667000000000002,217.0,15.150100000000002,0.0,1009.78
2020-01-23 02:00:00,2.7777777777777777,1.0277777777777786,0.92,6.44,190.0,16.1,0.0,1010.1
2020-01-23 03:00:00,1.6666666666666667,-1.6055555555555558,0.96,11.270000000000001,190.0,16.1,0.0,1010.2
2020-01-23 04:00:00,1.7333333333333318,-1.416666666666667,0.96,10.8031,191.0,15.150100000000002,0.0,1010.38
2020-01-23 05:00:00,2.2222222222222223,-0.561111111111112,0.85,9.66,200.0,9.982000000000001,0.0,1010.5
2020-01-23 06:00:00,0.0,-3.2055555555555553,0.92,9.66,180.0,9.982000000000001,0.0,1010.7
2020-01-23 07:00:00,4.811111111111109,1.211111111111111,0.78,17.1787,259.0,9.982000000000001,0.0,1011.36
2020-01-23 08:00:00,5.0,0.6222222222222208,0.76,24.150000000000002,280.0,11.270000000000001,0.0,1012.1
2020-01-23 09:00:00,7.222222222222222,2.361111111111111,0.71,38.64,290.0,11.270000000000001,0.0,1012.8
2020-01-23 10:00:00,7.8500000000000005,3.7222222222222237,0.67,30.7993,301.0,11.0768,0.0,1013.4
2020-01-23 11:00:00,8.88888888888889,4.777777777777779,0.58,35.42,300.0,11.270000000000001,0.0,1014.0
2020-01-23 12:00:00,8.88888888888889,4.877777777777778,0.63,33.81,300.0,11.270000000000001,0.0,1014.4
2020-01-23 13:00:00,9.07777777777778,5.877777777777776,0.56,23.7958,311.0,11.4471,0.0,1014.57
2020-01-23 14:00:00,10.0,7.022222222222222,0.54,24.150000000000002,300.0,11.270000000000001,0.0,1014.4
2020-01-23 15:00:00,8.88888888888889,5.744444444444446,0.54,22.540000000000003,300.0,11.270000000000001,0.0,1014.7
2020-01-23 16:00:00,7.5,6.033333333333333,0.62,8.227100000000002,281.0,11.4471,0.0,1015.13
2020-01-23 17:00:00,6.111111111111111,4.072222222222221,0.65,9.66,230.0,11.270000000000001,0.0,1015.9
2020-01-23 18:00:00,6.111111111111111,5.422222222222221,0.65,4.83,210.0,9.982000000000001,0.0,1016.0
2020-01-23 19:00:00,5.033333333333335,5.033333333333335,0.71,3.1073,212.0,11.0768,0.0,1016.15
2020-01-23 20:00:00,2.7777777777777777,2.7777777777777777,0.82,3.22,350.0,9.982000000000001,0.0,1016.1
2020-01-23 21:00:00,3.3333333333333335,3.3333333333333335,0.79,3.22,20.0,16.1,0.0,1015.8
2020-01-23 22:00:00,5.205555555555554,2.9111111111111123,0.72,10.0625,275.0,15.150100000000002,0.0,1016.38
2020-01-23 23:00:00,6.111111111111111,2.766666666666665,0.65,17.71,250.0,16.1,0.0,1016.4
2020-01-24 00:00:00,5.555555555555555,3.0833333333333317,0.7,11.270000000000001,230.0,16.1,0.0,1016.3
2020-01-24 01:00:00,4.444444444444445,1.9222222222222227,0.8,10.4006,219.0,15.150100000000002,0.0,1016.09
2020-01-24 02:00:00,3.888888888888889,2.311111111111109,0.79,6.44,250.0,16.1,0.0,1016.0
2020-01-24 03:00:00,5.0,2.411111111111113,0.76,11.270000000000001,240.0,16.1,0.0,1015.8
2020-01-24 04:00:00,3.938888888888891,1.6277777777777775,0.9,9.080400000000001,158.0,15.150100000000002,0.0,1015.43
2020-01-24 05:00:00,3.888888888888889,1.8333333333333317,0.89,8.05,160.0,11.270000000000001,0.0,1015.2
2020-01-24 06:00:00,2.7777777777777777,2.7777777777777777,0.96,1.61,150.0,11.270000000000001,0.0,1014.8
2020-01-24 07:00:00,2.999999999999999,2.999999999999999,0.96,4.2826,18.0,11.0768,0.0,1014.98
2020-01-24 08:00:00,3.888888888888889,3.888888888888889,0.89,4.83,160.0,11.270000000000001,0.0,1015.1
2020-01-24 09:00:00,3.888888888888889,3.888888888888889,0.89,0.0,0.0,11.270000000000001,0.0,1015.2
2020-01-24 10:00:00,3.938888888888891,1.1388888888888873,0.93,11.270000000000001,50.0,9.048200000000001,0.0,1015.08
2020-01-24 11:00:00,3.888888888888889,3.888888888888889,0.92,3.22,170.0,9.982000000000001,0.0,1015.0
2020-01-24 12:00:00,5.0,5.0,0.86,4.83,200.0,11.270000000000001,0.0,1014.4
2020-01-24 13:00:00,3.938888888888891,3.938888888888891,0.92,4.2987,210.0,11.0768,0.0,1014.36
2020-01-24 14:00:00,3.888888888888889,3.888888888888889,0.92,3.22,210.0,11.270000000000001,0.0,1014.0
2020-01-24 15:00:00,5.0,5.0,0.86,3.22,250.0,11.270000000000001,0.0,1013.9
2020-01-24 16:00:00,4.966666666666665,4.966666666666665,0.87,3.3810000000000002,334.0,11.0768,0.0,1013.8
2020-01-24 17:00:00,3.888888888888889,0.7611111111111097,0.89,12.88,340.0,11.270000000000001,0.0,1013.7
2020-01-24 18:00:00,3.888888888888889,1.8333333333333317,0.82,8.05,350.0,11.270000000000001,0.0,1013.9
2020-01-24 19:00:00,2.866666666666665,-0.0611111111111108,0.9,10.8031,330.0,9.982000000000001,0.0,1014.2
2020-01-24 20:00:00,2.7777777777777777,-1.3999999999999997,0.89,17.71,350.0,11.270000000000001,0.0,1014.3
2020-01-24 21:00:00,2.7777777777777777,-1.3999999999999997,0.85,17.71,10.0,16.1,0.0,1014.6
2020-01-24 22:00:00,1.8388888888888901,-2.016666666666666,0.9,14.3612,350.0,15.150100000000002,0.0,1014.62
2020-01-24 23:00:00,1.6666666666666667,-2.7888888888888888,0.89,17.71,0.0,16.1,0.0,1015.0
2020-01-25 00:00:00,1.1111111111111112,-3.483333333333333,0.89,17.71,10.0,16.1,0.0,1015.0
2020-01-25 01:00:00,1.161111111111113,-3.861111111111111,0.84,20.769000000000002,17.0,14.651,0.0,1014.98
2020-01-25 02:00:00,0.5555555555555556,-4.172222222222223,0.82,17.71,10.0,16.1,0.0,1015.3
2020-01-25 03:00:00,0.5555555555555556,-4.650000000000001,0.78,20.93,10.0,16.1,0.0,1015.5
2020-01-25 04:00:00,0.5555555555555556,-4.666666666666666,0.74,21.0427,358.0,15.150100000000002,0.0,1015.32
2020-01-25 05:00:00,0.0,-5.977777777777779,0.69,25.76,10.0,9.982000000000001,0.0,1015.3
2020-01-25 06:00:00,0.0,-5.977777777777779,0.69,25.76,0.0,9.982000000000001,0.0,1015.3
2020-01-25 07:00:00,0.0,-5.938888888888889,0.7,25.4058,358.0,10.368400000000001,0.0,1015.32
2020-01-25 08:00:00,0.0,-5.977777777777779,0.75,25.76,0.0,9.982000000000001,0.0,1015.7
2020-01-25 09:00:00,1.1111111111111112,-4.727777777777779,0.69,27.37,0.0,9.982000000000001,0.0,1015.8
2020-01-25 10:00:00,1.0222222222222241,-4.866666666666668,0.69,27.6276,0.0,11.4471,0.0,1015.89
2020-01-25 11:00:00,1.1111111111111112,-4.9,0.69,28.98,0.0,9.982000000000001,0.0,1016.1
2020-01-25 12:00:00,2.2222222222222223,-3.2888888888888896,0.69,27.37,10.0,11.270000000000001,0.0,1015.7
2020-01-25 13:00:00,2.2388888888888894,-3.5277777777777786,0.68,29.978200000000005,0.0,11.4471,0.0,1015.19
2020-01-25 14:00:00,2.7777777777777777,-2.7333333333333343,0.67,28.98,0.0,9.982000000000001,0.0,1015.0
2020-01-25 15:00:00,2.7777777777777777,-2.883333333333334,0.7,30.590000000000003,10.0,9.982000000000001,0.0,1014.8
2020-01-25 16:00:00,2.794444444444445,-2.322222222222222,0.66,25.212600000000002,0.0,10.368400000000001,0.0,1015.11
2020-01-25 17:00:00,2.2222222222222223,-2.938888888888888,0.69,24.150000000000002,0.0,9.982000000000001,0.0,1015.7
2020-01-25 18:00:00,1.1111111111111112,-4.361111111111112,0.75,24.150000000000002,0.0,9.982000000000001,0.0,1016.1
2020-01-25 19:00:00,1.2166666666666655,-4.461111111111112,0.68,26.1625,0.0,10.368400000000001,0.0,1016.21
2020-01-25 20:00:00,1.1111111111111112,-4.550000000000001,0.69,25.76,0.0,9.982000000000001,0.0,1016.5
2020-01-25 21:00:00,0.5555555555555556,-5.2666666666666675,0.69,25.76,0.0,16.1,0.0,1016.7
2020-01-25 22:00:00,0.6055555555555574,-5.199999999999999,0.69,25.76,0.0,15.520400000000002,0.0,1016.82
2020-01-25 23:00:00,0.0,-5.977777777777779,0.72,25.76,10.0,16.1,0.0,1017.3
2020-01-26 00:00:00,0.0,-5.977777777777779,0.72,25.76,10.0,12.075000000000001,0.0,1017.3
2020-01-26 01:00:00,-0.033333333333332625,-5.322222222222221,0.78,20.3987,9.0,9.982000000000001,0.0,1017.11
2020-01-26 02:00:00,-0.5555555555555556,-6.061111111111111,0.81,20.93,350.0,4.9910000000000005,0.0,1017.6
2020-01-26 03:00:00,-0.5555555555555556,-4.9833333333333325,0.85,14.49,0.0,6.118,0.0,1017.5
2020-01-26 04:00:00,-1.0222222222222221,-6.199999999999999,0.91,18.015900000000002,0.0,4.9588,0.0,1017.25
2020-01-26 05:00:00,-1.1111111111111112,-6.761111111111112,0.92,20.93,0.0,11.270000000000001,0.0,1017.6
2020-01-26 06:00:00,-1.1111111111111112,-6.988888888888888,0.92,22.540000000000003,350.0,11.270000000000001,0.0,1017.7
2020-01-26 07:00:00,-1.0777777777777784,-6.155555555555555,0.92,17.3719,349.0,11.0768,0.0,1017.96
2020-01-26 08:00:00,-1.1111111111111112,-6.761111111111112,0.92,20.93,350.0,11.270000000000001,0.0,1018.5
2020-01-26 09:00:00,-1.1111111111111112,-5.972222222222222,0.92,16.1,350.0,4.508,0.0,1019.0
2020-01-26 10:00:00,-0.04999999999999992,-4.644444444444444,0.86,16.0195,348.0,5.216400000000001,0.0,1019.59
2020-01-26 11:00:00,0.0,-5.355555555555556,0.85,20.93,350.0,7.084000000000001,0.0,1019.8
2020-01-26 12:00:00,0.0,-4.299999999999999,0.85,14.49,350.0,8.05,0.0,1019.7
2020-01-26 13:00:00,0.033333333333334596,-4.722222222222222,0.86,17.0821,349.0,11.0768,0.0,1019.78
2020-01-26 14:00:00,0.0,-4.866666666666668,0.85,17.71,0.0,11.270000000000001,0.0,1019.8
2020-01-26 15:00:00,0.0,-4.594444444444444,0.85,16.1,350.0,11.270000000000001,0.0,1020.1
2020-01-26 16:00:00,0.0500000000000019,-4.4222222222222225,0.86,15.488199999999999,339.0,10.706500000000002,0.0,1020.69
2020-01-26 17:00:00,0.0,-4.299999999999999,0.85,14.49,340.0,4.9910000000000005,0.0,1021.2
2020-01-26 18:00:00,-1.1111111111111112,-5.327777777777778,0.92,12.88,330.0,4.508,0.0,1021.6
2020-01-26 19:00:00,-0.9722222222222222,-4.661111111111111,0.92,10.787,339.0,3.6386,0.0,1021.8
2020-01-26 20:00:00,-1.1111111111111112,-4.949999999999999,0.92,11.270000000000001,330.0,3.059,0.0,1022.1
2020-01-26 21:00:00,-0.5555555555555556,-4.283333333333334,0.92,11.270000000000001,320.0,3.059,0.0,1022.5
2020-01-26 22:00:00,-1.0222222222222221,-4.777777777777779,0.92,10.996300000000002,329.0,3.7674,0.0,1022.96
2020-01-26 23:00:00,-1.1111111111111112,-4.949999999999999,0.92,11.270000000000001,320.0,3.059,0.0,1023.4
2020-01-27 00:00:00,-1.1111111111111112,-4.949999999999999,0.88,11.270000000000001,310.0,3.059,0.0,1023.7
2020-01-27 01:00:00,-1.633333333333334,-5.4944444444444445,0.89,10.9319,307.0,4.9910000000000005,0.0,1024.08
2020-01-27 02:00:00,-1.6666666666666667,-5.622222222222224,0.88,11.270000000000001,300.0,4.508,0.0,1024.7
2020-01-27 03:00:00,-2.2222222222222223,-6.288888888888889,0.88,11.270000000000001,330.0,4.508,0.0,1025.0
2020-01-27 04:00:00,-2.155555555555555,-6.0,0.88,10.4811,321.0,4.9910000000000005,0.0,1025.1
2020-01-27 05:00:00,-2.7777777777777777,-6.961111111111112,0.85,11.270000000000001,340.0,6.118,0.0,1025.4
2020-01-27 06:00:00,-3.888888888888889,-7.838888888888889,0.84,9.66,340.0,6.118,0.0,1026.0
2020-01-27 07:00:00,-4.688888888888889,-8.91111111111111,0.86,10.0464,345.0,5.796,0.0,1026.71
2020-01-27 08:00:00,-3.888888888888889,-8.3,0.78,11.270000000000001,10.0,6.118,0.0,1027.6
2020-01-27 09:00:00,-3.888888888888889,-7.838888888888889,0.78,9.66,10.0,8.05,0.0,1028.0
2020-01-27 10:00:00,-2.638888888888889,-5.844444444444444,0.72,8.0822,330.0,9.4185,0.0,1028.7
2020-01-27 11:00:00,-1.1111111111111112,-4.038888888888888,0.75,8.05,330.0,9.982000000000001,0.0,1029.2
2020-01-27 12:00:00,0.0,-2.7333333333333343,0.69,8.05,340.0,9.982000000000001,0.0,1029.0
2020-01-27 13:00:00,1.25,-1.7833333333333339,0.63,9.9176,340.0,9.982000000000001,0.0,1028.82
2020-01-27 14:00:00,2.2222222222222223,-1.2666666666666673,0.54,12.88,350.0,9.982000000000001,0.0,1028.8
2020-01-27 15:00:00,1.1111111111111112,-2.622222222222222,0.59,12.88,350.0,9.982000000000001,0.0,1029.1
2020-01-27 16:00:00,0.32777777777777967,-3.061111111111112,0.62,10.626,22.0,9.982000000000001,0.0,1029.37
2020-01-27 17:00:00,-1.1111111111111112,-1.1111111111111112,0.75,4.83,20.0,7.084000000000001,0.0,1029.8
2020-01-27 18:00:00,-2.2222222222222223,-5.8500000000000005,0.81,9.66,40.0,7.084000000000001,0.0,1030.3
2020-01-27 19:00:00,-2.638888888888889,-2.638888888888889,0.77,3.1717,37.0,6.2146,0.0,1030.59
2020-01-27 20:00:00,-2.7777777777777777,-2.7777777777777777,0.78,1.61,30.0,6.118,0.0,1030.9
2020-01-27 21:00:00,-3.888888888888889,-3.888888888888889,0.84,3.22,0.0,6.118,0.0,1031.2
2020-01-27 22:00:00,-3.9055555555555563,-3.9055555555555563,0.89,3.0268,338.0,6.2146,0.0,1031.25
2020-01-27 23:00:00,-3.3333333333333335,-3.3333333333333335,0.85,3.22,20.0,6.118,0.0,1031.4
2020-01-28 00:00:00,-3.3333333333333335,-3.3333333333333335,0.85,3.22,350.0,6.118,0.0,1031.6
2020-01-28 01:00:00,-3.283333333333333,-3.283333333333333,0.89,3.22,110.0,5.2647,0.0,1031.54
2020-01-28 02:00:00,-2.7777777777777777,-2.7777777777777777,0.85,3.22,40.0,4.508,0.0,1031.7
2020-01-28 03:00:00,-3.3333333333333335,-3.3333333333333335,0.92,3.22,350.0,4.025,0.0,1031.7
2020-01-28 04:00:00,-2.8277777777777775,-2.8277777777777775,0.9,3.1556,42.0,4.395300000000001,0.0,1031.35
2020-01-28 05:00:00,-2.2222222222222223,-2.2222222222222223,0.88,0.0,0.0,3.059,0.0,1031.5
2020-01-28 06:00:00,-2.2222222222222223,-5.344444444444445,0.96,8.05,140.0,3.059,0.0,1031.8
2020-01-28 07:00:00,-1.25,-4.861111111111111,0.89,10.2718,140.0,2.6887,0.0,1032.0
2020-01-28 08:00:00,-1.1111111111111112,-5.666666666666667,0.92,14.49,160.0,2.5760000000000005,0.0,1032.3
2020-01-28 09:00:00,-1.1111111111111112,-5.972222222222222,0.88,16.1,160.0,4.025,0.0,1032.4
2020-01-28 10:00:00,-1.1444444444444437,-6.022222222222222,0.82,16.1483,166.0,6.166300000000001,0.0,1032.78
2020-01-28 11:00:00,1.1111111111111112,-2.933333333333334,0.69,14.49,180.0,9.982000000000001,0.0,1032.8
2020-01-28 12:00:00,1.1111111111111112,-2.272222222222222,0.69,11.270000000000001,160.0,9.982000000000001,0.0,1032.4
2020-01-28 13:00:00,1.1277777777777784,-2.561111111111111,0.69,12.6868,167.0,11.0768,0.0,1032.08
2020-01-28 14:00:00,2.2222222222222223,-1.5666666666666669,0.59,14.49,150.0,11.270000000000001,0.0,1031.7
2020-01-28 15:00:00,1.1111111111111112,-2.933333333333334,0.59,14.49,180.0,11.270000000000001,0.0,1031.8
2020-01-28 16:00:00,0.016666666666667298,-3.644444444444444,0.64,11.4954,158.0,9.982000000000001,0.0,1031.79
2020-01-28 17:00:00,-1.1111111111111112,-5.972222222222222,0.63,16.1,170.0,9.982000000000001,0.0,1031.8
2020-01-28 18:00:00,-1.1111111111111112,-5.972222222222222,0.69,16.1,180.0,9.982000000000001,0.0,1032.2
2020-01-28 19:00:00,-2.205555555555555,-5.872222222222223,0.7,9.8049,179.0,9.982000000000001,0.0,1032.28
2020-01-28 20:00:00,-2.2222222222222223,-6.683333333333334,0.75,12.88,210.0,9.982000000000001,0.0,1032.4
2020-01-28 21:00:00,-2.2222222222222223,-6.288888888888889,0.69,11.270000000000001,190.0,15.134000000000002,0.0,1032.4
2020-01-28 22:00:00,-2.844444444444445,-7.03888888888889,0.68,11.237800000000002,170.0,14.329,0.0,1032.5
2020-01-28 23:00:00,-3.3333333333333335,-8.394444444444444,0.68,14.49,160.0,15.134000000000002,0.0,1032.5
2020-01-29 00:00:00,-3.3333333333333335,-6.027777777777779,0.71,6.44,170.0,15.134000000000002,0.0,1032.8
2020-01-29 01:00:00,-3.455555555555555,-6.583333333333334,0.74,7.4704,167.0,14.329,0.0,1032.76
2020-01-29 02:00:00,-3.888888888888889,-6.672222222222223,0.78,6.44,190.0,15.134000000000002,0.0,1032.8
2020-01-29 03:00:00,-3.888888888888889,-8.3,0.68,11.270000000000001,180.0,15.134000000000002,0.0,1032.7
2020-01-29 04:00:00,-3.922222222222222,-8.061111111111112,0.69,10.2718,174.0,14.329,0.0,1032.66
2020-01-29 05:00:00,-3.888888888888889,-3.888888888888889,0.65,3.22,170.0,15.134000000000002,0.0,1032.3
2020-01-29 06:00:00,-3.888888888888889,-3.888888888888889,0.68,3.22,100.0,11.270000000000001,0.0,1032.2
2020-01-29 07:00:00,-4.01111111111111,-4.01111111111111,0.7,1.6744,54.0,11.0768,0.0,1032.48
2020-01-29 08:00:00,-2.7777777777777777,-2.7777777777777777,0.68,4.83,80.0,11.270000000000001,0.0,1032.6
2020-01-29 09:00:00,-2.7777777777777777,-2.7777777777777777,0.68,3.22,70.0,11.270000000000001,0.0,1032.7
2020-01-29 10:00:00,-2.272222222222222,-4.361111111111112,0.69,5.425700000000001,88.0,11.0768,0.0,1032.58
2020-01-29 11:00:00,-1.1111111111111112,-4.949999999999999,0.69,11.270000000000001,80.0,11.270000000000001,0.0,1032.6
2020-01-29 12:00:00,0.0,-3.2055555555555553,0.63,9.66,90.0,11.270000000000001,0.0,1032.3
2020-01-29 13:00:00,0.8888888888888897,-1.7944444444444447,0.63,8.3881,130.0,11.0768,0.0,1032.01
2020-01-29 14:00:00,1.1111111111111112,-2.272222222222222,0.64,11.270000000000001,50.0,11.270000000000001,0.0,1031.8
2020-01-29 15:00:00,1.1111111111111112,-2.622222222222222,0.64,12.88,60.0,11.270000000000001,0.0,1031.8
2020-01-29 16:00:00,0.0,-3.33888888888889,0.62,10.1752,63.0,11.0768,0.0,1031.98
2020-01-29 17:00:00,-1.1111111111111112,-4.038888888888888,0.75,8.05,40.0,11.270000000000001,0.0,1032.2
2020-01-29 18:00:00,-2.2222222222222223,-6.288888888888889,0.81,11.270000000000001,30.0,9.982000000000001,0.0,1032.5
2020-01-29 19:00:00,-2.7777777777777777,-2.7777777777777777,0.84,4.008900000000001,43.0,7.5348,0.0,1032.58
2020-01-29 20:00:00,-3.888888888888889,-3.888888888888889,0.84,4.83,20.0,4.9910000000000005,0.0,1032.7
2020-01-29 21:00:00,-4.444444444444445,-4.444444444444445,0.92,3.22,10.0,4.9910000000000005,0.0,1032.7
2020-01-29 22:00:00,-5.833333333333333,-5.833333333333333,0.91,3.2039,342.0,3.7352,0.0,1032.7
2020-01-29 23:00:00,-6.666666666666667,-9.877777777777778,0.92,6.44,300.0,2.5760000000000005,0.0,1032.8
2020-01-30 00:00:00,-6.111111111111111,-9.238888888888889,0.92,6.44,350.0,0.16100000000000003,0.0,1032.9
2020-01-30 01:00:00,-6.527777777777778,-6.527777777777778,0.91,2.898,6.0,1.127,0.0,1032.78
2020-01-30 02:00:00,-6.666666666666667,-6.666666666666667,0.92,3.22,350.0,0.16100000000000003,0.0,1032.9
2020-01-30 03:00:00,-6.666666666666667,-6.666666666666667,0.92,0.0,0.0,0.16100000000000003,0.0,1032.7
2020-01-30 04:00:00,-6.177777777777779,-6.177777777777779,0.92,2.9624,168.0,0.7728,0.0,1032.51
2020-01-30 05:00:00,-6.111111111111111,-6.111111111111111,0.88,0.0,0.0,0.16100000000000003,0.0,1032.5
2020-01-30 06:00:00,-7.222222222222222,-7.222222222222222,0.96,0.0,0.0,0.16100000000000003,0.0,1032.4
2020-01-30 07:00:00,-7.377777777777778,-7.377777777777778,0.96,2.3184,36.0,0.7728,0.0,1032.76
2020-01-30 08:00:00,-7.222222222222222,-7.222222222222222,0.88,0.0,0.0,0.16100000000000003,0.0,1033.0
2020-01-30 09:00:00,-7.222222222222222,-7.222222222222222,0.88,0.0,0.0,1.2880000000000003,0.0,1033.3
2020-01-30 10:00:00,-4.861111111111111,-4.861111111111111,0.8,3.3005,164.0,6.7137,0.0,1033.18
2020-01-30 11:00:00,-5.0,-5.0,0.84,4.83,230.0,9.982000000000001,0.0,1033.4
2020-01-30 12:00:00,-2.7777777777777777,-6.961111111111112,0.63,11.270000000000001,190.0,9.982000000000001,0.0,1033.2
2020-01-30 13:00:00,-1.1444444444444437,-4.9,0.5,10.8997,186.0,9.982000000000001,0.0,1032.71
2020-01-30 14:00:00,-1.1111111111111112,-4.527777777777777,0.51,9.66,190.0,9.982000000000001,0.0,1032.2
2020-01-30 15:00:00,-1.1111111111111112,-4.038888888888888,0.51,8.05,190.0,9.982000000000001,0.0,1032.1
2020-01-30 16:00:00,-2.205555555555555,-4.450000000000001,0.54,5.796,145.0,9.982000000000001,0.0,1032.34
2020-01-30 17:00:00,-2.7777777777777777,-2.7777777777777777,0.63,4.83,150.0,9.982000000000001,0.0,1032.4
2020-01-30 18:00:00,-5.0,-9.63888888888889,0.68,11.270000000000001,170.0,9.982000000000001,0.0,1032.7
2020-01-30 19:00:00,-6.094444444444444,-10.627777777777778,0.73,10.1752,180.0,9.982000000000001,0.0,1033.01
2020-01-30 20:00:00,-7.222222222222222,-13.177777777777777,0.8,14.49,200.0,9.982000000000001,0.0,1033.2
2020-01-30 21:00:00,-7.777777777777778,-13.86111111111111,0.74,14.49,200.0,16.1,0.0,1033.7
2020-01-30 22:00:00,-8.4,-13.466666666666669,0.69,10.4167,178.0,15.150100000000002,0.0,1034.03
2020-01-30 23:00:00,-8.88888888888889,-12.45,0.73,6.44,170.0,16.1,0.0,1034.0
2020-01-31 00:00:00,-10.0,-13.733333333333333,0.77,6.44,150.0,16.1,0.0,1034.0
2020-01-31 01:00:00,-10.033333333333335,-13.383333333333333,0.71,5.7316,164.0,15.150100000000002,0.0,1033.85
2020-01-31 02:00:00,-10.555555555555555,-10.555555555555555,0.76,3.22,150.0,16.1,0.0,1033.8
2020-01-31 03:00:00,-11.11111111111111,-11.11111111111111,0.8,3.22,110.0,16.1,0.0,1033.4
2020-01-31 04:00:00,-11.161111111111111,-11.161111111111111,0.81,3.22,96.0,15.150100000000002,0.0,1032.97
2020-01-31 05:00:00,-11.11111111111111,-11.11111111111111,0.8,4.83,30.0,9.982000000000001,0.0,1032.7
2020-01-31 06:00:00,-11.11111111111111,-15.788888888888891,0.8,8.05,50.0,9.982000000000001,0.0,1032.3
2020-01-31 07:00:00,-11.283333333333335,-16.455555555555556,0.81,9.177000000000001,47.0,9.982000000000001,0.0,1031.87
2020-01-31 08:00:00,-8.88888888888889,-13.788888888888888,0.73,9.66,40.0,9.982000000000001,0.0,1031.9
2020-01-31 09:00:00,-7.222222222222222,-11.216666666666665,0.67,8.05,60.0,9.982000000000001,0.0,1031.9
2020-01-31 10:00:00,-5.155555555555556,-8.933333333333332,0.63,8.4364,53.0,9.982000000000001,0.0,1031.46
2020-01-31 11:00:00,-2.7777777777777777,-6.51111111111111,0.63,9.66,50.0,9.982000000000001,0.0,1031.2
2020-01-31 12:00:00,-1.1111111111111112,-4.527777777777777,0.6,9.66,60.0,9.982000000000001,0.0,1030.3
2020-01-31 13:00:00,-1.0944444444444439,-4.466666666666666,0.53,9.5151,72.0,11.4471,0.0,1029.91
2020-01-31 14:00:00,0.0,0.0,0.51,3.22,50.0,11.270000000000001,0.0,1029.4
2020-01-31 15:00:00,-1.1111111111111112,-4.527777777777777,0.6,9.66,40.0,11.270000000000001,0.0,1029.2
2020-01-31 16:00:00,-2.033333333333333,-5.777777777777777,0.65,10.2074,26.0,10.368400000000001,0.0,1029.15
2020-01-31 17:00:00,-2.7777777777777777,-6.51111111111111,0.71,9.66,40.0,9.982000000000001,0.0,1029.2
2020-01-31 18:00:00,-5.0,-9.63888888888889,0.84,11.270000000000001,40.0,6.118,0.0,1029.3
2020-01-31 19:00:00,-4.966666666666667,-8.81111111111111,0.8,8.7262,51.0,6.7137,0.0,1029.42
2020-01-31 20:00:00,-6.111111111111111,-6.111111111111111,0.88,4.83,70.0,6.118,0.0,1029.4
2020-01-31 21:00:00,-6.111111111111111,-9.238888888888889,0.84,6.44,70.0,6.118,0.0,1029.5
2020-01-31 22:00:00,-7.133333333333334,-7.133333333333334,0.85,3.1073,60.0,6.7137,0.0,1029.51
2020-01-31 23:00:00,-8.333333333333334,-11.805555555555555,0.88,6.44,50.0,6.118,0.0,1029.3
2020-02-01 00:00:00,-8.333333333333334,-8.333333333333334,0.88,3.22,50.0,6.118,0.0,1029.1
2020-02-01 01:00:00,-7.222222222222222,-10.316666666666666,0.78,6.021400000000001,116.0,6.7137,0.0,1029.19
2020-02-01 02:00:00,-7.222222222222222,-10.52222222222222,0.67,6.44,100.0,8.05,0.0,1029.1
2020-02-01 03:00:00,-7.777777777777778,-12.988888888888889,0.67,11.270000000000001,110.0,8.05,0.0,1028.9
2020-02-01 04:00:00,-8.366666666666667,-11.927777777777777,0.68,6.617100000000001,107.0,8.355900000000002,0.0,1028.63
2020-02-01 05:00:00,-7.777777777777778,-11.872222222222222,0.61,8.05,130.0,8.05,0.0,1028.7
2020-02-01 06:00:00,-8.88888888888889,-8.88888888888889,0.61,3.22,140.0,9.982000000000001,0.0,1028.6
2020-02-01 07:00:00,-10.88888888888889,-10.88888888888889,0.8,4.2343,78.0,9.982000000000001,0.0,1028.51
2020-02-01 08:00:00,-7.222222222222222,-12.316666666666668,0.64,11.270000000000001,100.0,9.982000000000001,0.0,1028.5
2020-02-01 09:00:00,-6.111111111111111,-11.81111111111111,0.59,14.49,110.0,9.982000000000001,0.0,1028.3
2020-02-01 10:00:00,-5.122222222222222,-9.666666666666666,0.58,10.867500000000001,111.0,9.982000000000001,0.0,1028.29
2020-02-01 11:00:00,-3.888888888888889,-7.838888888888889,0.52,9.66,130.0,9.982000000000001,0.0,1028.3
2020-02-01 12:00:00,-2.7777777777777777,-6.51111111111111,0.53,9.66,60.0,9.982000000000001,0.0,1027.5
2020-02-01 13:00:00,-2.272222222222222,-5.316666666666666,0.49,7.792400000000001,109.0,10.368400000000001,0.0,1026.82
2020-02-01 14:00:00,-2.2222222222222223,-6.683333333333334,0.46,12.88,120.0,9.982000000000001,0.0,1026.4
2020-02-01 15:00:00,-2.2222222222222223,-6.683333333333334,0.44,12.88,110.0,9.982000000000001,0.0,1026.1
2020-02-01 16:00:00,-2.3111111111111113,-6.194444444444444,0.41,10.513300000000001,106.0,10.368400000000001,0.0,1025.89
2020-02-01 17:00:00,-3.888888888888889,-7.838888888888889,0.52,9.66,80.0,9.982000000000001,0.0,1026.0
2020-02-01 18:00:00,-5.0,-10.06111111111111,0.68,12.88,50.0,9.982000000000001,0.0,1026.3
2020-02-01 19:00:00,-6.161111111111111,-10.072222222222223,0.66,8.3076,64.0,9.982000000000001,0.0,1026.53
2020-02-01 20:00:00,-7.777777777777778,-13.444444444444445,0.61,12.88,170.0,9.982000000000001,0.0,1026.7
2020-02-01 21:00:00,-8.88888888888889,-12.45,0.64,6.44,190.0,16.1,0.0,1027.0
2020-02-01 22:00:00,-9.394444444444444,-9.394444444444444,0.64,3.0107000000000004,139.0,15.150100000000002,0.0,1026.81
2020-02-01 23:00:00,-10.0,-10.0,0.67,3.22,190.0,16.1,0.0,1026.8
2020-02-02 00:00:00,-10.555555555555555,-10.555555555555555,0.73,3.22,260.0,16.1,0.0,1027.2
2020-02-02 01:00:00,-10.988888888888889,-15.11111111111111,0.78,6.9069,268.0,9.982000000000001,0.0,1027.29
2020-02-02 02:00:00,-11.11111111111111,-15.016666666666667,0.73,6.44,290.0,16.1,0.0,1027.4
2020-02-02 03:00:00,-10.555555555555555,-14.372222222222222,0.73,6.44,10.0,16.1,0.0,1027.0
2020-02-02 04:00:00,-12.31111111111111,-17.92222222222222,0.77,9.821,19.0,15.150100000000002,0.0,1027.3
2020-02-02 05:00:00,-12.777777777777779,-20.005555555555553,0.69,14.49,20.0,9.982000000000001,0.0,1027.4
2020-02-02 06:00:00,-12.777777777777779,-19.01111111111111,0.0,11.270000000000001,20.0,9.982000000000001,0.0,1027.6
2020-02-02 07:00:00,-13.905555555555557,-19.427777777777777,0.83,8.855,20.0,9.982000000000001,0.0,1027.61
2020-02-02 08:00:00,-12.777777777777779,-19.01111111111111,0.0,11.270000000000001,20.0,9.982000000000001,0.0,1028.1
2020-02-02 09:00:00,-12.222222222222221,-17.08888888888889,0.66,8.05,30.0,9.982000000000001,0.0,1028.6
2020-02-02 10:00:00,-11.077777777777776,-15.466666666666665,0.63,7.438200000000001,0.0,9.982000000000001,0.0,1028.79
2020-02-02 11:00:00,-10.0,-10.0,0.61,4.83,340.0,9.982000000000001,0.0,1029.2
2020-02-02 12:00:00,-8.88888888888889,-8.88888888888889,0.56,4.83,0.0,9.982000000000001,0.0,1029.2
2020-02-02 13:00:00,-7.727777777777778,-11.61111111111111,0.51,7.567000000000001,352.0,10.368400000000001,0.0,1028.76
2020-02-02 14:00:00,-7.777777777777778,-12.988888888888889,0.56,11.270000000000001,350.0,9.982000000000001,0.0,1028.7
2020-02-02 15:00:00,-6.111111111111111,-10.483333333333333,0.54,9.66,40.0,9.982000000000001,0.0,1028.4
2020-02-02 16:00:00,-7.188888888888889,-11.988888888888887,0.57,10.3362,29.0,10.368400000000001,0.0,1028.65
2020-02-02 17:00:00,-7.777777777777778,-11.872222222222222,0.61,8.05,40.0,9.982000000000001,0.0,1029.1
2020-02-02 18:00:00,-7.777777777777778,-7.777777777777778,0.61,3.22,40.0,9.982000000000001,0.0,1029.4
2020-02-02 19:00:00,-7.866666666666666,-10.533333333333335,0.66,5.0715,8.0,9.982000000000001,0.0,1029.72
2020-02-02 20:00:00,-7.777777777777778,-13.86111111111111,0.51,14.49,50.0,9.982000000000001,0.0,1029.5
2020-02-02 21:00:00,-8.88888888888889,-15.972222222222221,0.53,17.71,40.0,16.1,0.0,1029.8
2020-02-02 22:00:00,-9.305555555555555,-15.449999999999998,0.55,13.4113,48.0,15.150100000000002,0.0,1030.32
2020-02-02 23:00:00,-10.0,-16.58888888888889,0.55,14.49,30.0,16.1,0.0,1030.4
2020-02-03 00:00:00,-10.555555555555555,-18.05,0.58,17.71,30.0,16.1,0.0,1030.7
2020-02-03 01:00:00,-10.866666666666667,-18.255555555555556,0.61,16.888900000000003,29.0,15.150100000000002,0.0,1030.43
2020-02-03 02:00:00,-11.666666666666666,-20.12222222222222,0.58,20.93,30.0,16.1,0.0,1030.5
2020-02-03 03:00:00,-11.666666666666666,-20.12222222222222,0.58,20.93,30.0,16.1,0.0,1030.3
2020-02-03 04:00:00,-12.016666666666667,-20.355555555555554,0.61,19.9157,30.0,14.7798,0.0,1029.96
2020-02-03 05:00:00,-12.222222222222221,-20.133333333333336,0.0,17.71,30.0,9.982000000000001,0.0,1030.0
2020-02-03 06:00:00,-12.222222222222221,-20.82777777777778,0.0,20.93,30.0,9.982000000000001,0.0,1029.4
2020-02-03 07:00:00,-12.655555555555557,-21.15555555555555,0.63,19.851300000000002,20.0,9.4185,0.0,1029.72
2020-02-03 08:00:00,-12.222222222222221,-21.144444444444446,0.0,22.540000000000003,20.0,11.270000000000001,0.0,1029.7
2020-02-03 09:00:00,-12.222222222222221,-20.82777777777778,0.66,20.93,30.0,4.9910000000000005,0.0,1029.1
2020-02-03 10:00:00,-12.188888888888888,-20.644444444444442,0.81,20.253800000000002,19.0,1.7388000000000001,0.0,1028.84
2020-02-03 11:00:00,-12.222222222222221,-21.144444444444446,0.87,22.540000000000003,20.0,1.7710000000000004,0.0,1028.7
2020-02-03 12:00:00,-12.222222222222221,-20.82777777777778,0.87,20.93,10.0,0.966,0.0,1028.7
2020-02-03 13:00:00,-12.133333333333333,-21.083333333333332,0.88,22.8137,9.0,0.7728,0.0,1028.04
2020-02-03 14:00:00,-11.11111111111111,-19.727777777777774,0.8,22.540000000000003,10.0,1.449,0.0,1027.7
2020-02-03 15:00:00,-11.11111111111111,-19.422222222222224,0.87,20.93,10.0,4.9910000000000005,0.0,1027.9
2020-02-03 16:00:00,-10.122222222222222,-17.950000000000003,0.81,19.803,18.0,1.8998,0.0,1027.6
2020-02-03 17:00:00,-10.0,-16.58888888888889,0.84,14.49,10.0,2.254,0.0,1027.9
2020-02-03 18:00:00,-10.0,-16.15,0.84,12.88,10.0,2.5760000000000005,0.0,1028.1
2020-02-03 19:00:00,-10.033333333333335,-15.86111111111111,0.85,11.753,18.0,2.3828,0.0,1028.09
2020-02-03 20:00:00,-10.0,-16.15,0.84,12.88,20.0,1.2880000000000003,0.0,1028.1
2020-02-03 21:00:00,-10.0,-15.666666666666666,0.84,11.270000000000001,20.0,1.2880000000000003,0.0,1028.2
2020-02-03 22:00:00,-9.95,-15.394444444444446,0.85,10.642100000000001,16.0,1.4329,0.0,1028.35
2020-02-03 23:00:00,-10.0,-15.666666666666666,0.84,11.270000000000001,0.0,1.449,0.0,1028.6
2020-02-04 00:00:00,-10.0,-16.58888888888889,0.84,14.49,20.0,1.7710000000000004,0.0,1028.8
2020-02-04 01:00:00,-10.416666666666666,-18.144444444444442,0.86,18.9497,18.0,1.7066000000000001,0.0,1027.92
2020-02-04 02:00:00,-10.555555555555555,-17.272222222222222,0.84,14.49,20.0,1.449,0.0,1028.4
2020-02-04 03:00:00,-10.555555555555555,-16.333333333333332,0.84,11.270000000000001,20.0,1.932,0.0,1028.1
2020-02-04 04:00:00,-10.538888888888888,-17.077777777777776,0.86,13.846,18.0,1.4651,0.0,1027.56
2020-02-04 05:00:00,-11.11111111111111,-19.727777777777774,0.87,22.540000000000003,30.0,1.449,0.0,1027.7
2020-02-04 06:00:00,-11.11111111111111,-19.422222222222224,0.8,20.93,30.0,4.025,0.0,1026.6
2020-02-04 07:00:00,-11.094444444444443,-18.20555555555556,0.82,15.536500000000002,29.0,1.3846,0.0,1027.0
2020-02-04 08:00:00,-11.11111111111111,-17.955555555555556,0.8,14.49,30.0,1.449,0.0,1026.8
2020-02-04 09:00:00,-11.11111111111111,-17.955555555555556,0.8,14.49,20.0,3.864,0.0,1027.2
2020-02-04 10:00:00,-11.094444444444443,-18.311111111111114,0.82,15.955100000000002,19.0,2.8819000000000004,0.0,1026.97
2020-02-04 11:00:00,-11.11111111111111,-18.366666666666667,0.8,16.1,10.0,0.966,0.0,1026.8
2020-02-04 12:00:00,-11.11111111111111,-18.366666666666667,0.87,16.1,10.0,0.805,0.0,1026.3
2020-02-04 13:00:00,-11.094444444444443,-17.977777777777778,0.88,14.651,8.0,1.8837,0.0,1026.06
2020-02-04 14:00:00,-11.11111111111111,-18.366666666666667,0.87,16.1,10.0,4.025,0.0,1026.2
2020-02-04 15:00:00,-11.11111111111111,-18.366666666666667,0.87,16.1,10.0,1.7710000000000004,0.0,1025.9
2020-02-04 16:00:00,-11.005555555555556,-18.47222222222222,0.88,17.0821,9.0,0.8372,0.0,1025.91
2020-02-04 17:00:00,-11.11111111111111,-18.366666666666667,0.87,16.1,10.0,0.966,0.0,1026.1
2020-02-04 18:00:00,-10.0,-16.988888888888887,0.8,16.1,20.0,4.186000000000001,0.0,1026.2
2020-02-04 19:00:00,-10.066666666666666,-16.77777777777778,0.83,14.876400000000002,9.0,5.570600000000001,0.0,1026.52
2020-02-04 20:00:00,-10.0,-15.116666666666667,0.84,9.66,0.0,3.059,0.0,1027.2
2020-02-04 21:00:00,-10.555555555555555,-14.372222222222222,0.87,6.44,330.0,2.5760000000000005,0.0,1027.8
2020-02-04 22:00:00,-10.505555555555555,-15.844444444444443,0.88,10.0142,348.0,3.3971,0.0,1028.23
2020-02-04 23:00:00,-10.555555555555555,-14.372222222222222,0.87,6.44,330.0,7.084000000000001,0.0,1028.8
2020-02-05 00:00:00,-10.555555555555555,-14.372222222222222,0.84,6.44,320.0,15.134000000000002,0.0,1029.5
2020-02-05 01:00:00,-10.505555555555555,-16.1,0.83,10.7548,0.0,13.765500000000001,0.0,1029.53
2020-02-05 02:00:00,-10.555555555555555,-10.555555555555555,0.84,3.22,40.0,15.134000000000002,0.0,1030.2
2020-02-05 03:00:00,-11.11111111111111,-15.016666666666667,0.84,6.44,340.0,15.134000000000002,0.0,1030.0
2020-02-05 04:00:00,-12.155555555555557,-16.166666666666668,0.84,6.3434,17.0,13.9587,0.0,1030.28
2020-02-05 05:00:00,-12.222222222222221,-12.222222222222221,0.87,3.22,100.0,11.270000000000001,0.0,1030.7
2020-02-05 06:00:00,-12.222222222222221,-12.222222222222221,0.8,1.61,310.0,9.982000000000001,0.0,1031.1
2020-02-05 07:00:00,-12.205555555555556,-12.205555555555556,0.88,3.5581,348.0,8.355900000000002,0.0,1031.18
2020-02-05 08:00:00,-12.222222222222221,-15.316666666666666,0.87,4.83,60.0,4.508,0.0,1031.7
2020-02-05 09:00:00,-11.11111111111111,-11.11111111111111,0.87,0.0,0.0,4.025,0.0,1031.9
2020-02-05 10:00:00,-11.077777777777776,-11.077777777777776,0.82,4.7334000000000005,333.0,6.7137,0.0,1032.07
2020-02-05 11:00:00,-10.0,-14.483333333333333,0.73,8.05,350.0,8.05,0.0,1032.1
2020-02-05 12:00:00,-10.0,-14.483333333333333,0.73,8.05,340.0,9.982000000000001,0.0,1031.9
2020-02-05 13:00:00,-9.983333333333333,-13.93888888888889,0.74,6.8908000000000005,8.0,9.982000000000001,0.0,1031.53
2020-02-05 14:00:00,-8.88888888888889,-14.327777777777776,0.61,11.270000000000001,20.0,9.982000000000001,0.0,1031.3
2020-02-05 15:00:00,-10.0,-15.666666666666666,0.67,11.270000000000001,10.0,9.982000000000001,0.0,1031.5
2020-02-05 16:00:00,-9.877777777777778,-14.305555555555555,0.69,7.969500000000001,9.0,9.982000000000001,0.0,1031.43
2020-02-05 17:00:00,-12.222222222222221,-17.08888888888889,0.73,8.05,10.0,9.982000000000001,0.0,1031.5
2020-02-05 18:00:00,-13.88888888888889,-13.88888888888889,0.76,4.83,350.0,6.118,0.0,1031.8
2020-02-05 19:00:00,-16.705555555555556,-22.416666666666668,0.87,8.1788,333.0,2.8819000000000004,0.0,1032.0
2020-02-05 20:00:00,-17.77777777777778,-23.616666666666664,0.0,8.05,320.0,2.5760000000000005,0.0,1032.2
2020-02-05 21:00:00,-16.11111111111111,-16.11111111111111,0.79,4.83,330.0,3.059,0.0,0.0
2020-02-05 22:00:00,-16.894444444444446,-23.87222222222222,0.79,10.996300000000002,331.0,4.1377,0.0,1031.81
2020-02-05 23:00:00,-15.0,-19.505555555555556,0.83,6.44,350.0,3.5420000000000007,0.0,1031.6
2020-02-06 00:00:00,-14.444444444444445,-18.866666666666667,0.79,6.44,0.0,3.5420000000000007,0.0,1031.3
2020-02-06 01:00:00,-13.144444444444444,-19.522222222222222,0.82,11.4632,340.0,4.9588,0.0,1031.09
2020-02-06 02:00:00,-12.777777777777779,-19.01111111111111,0.76,11.270000000000001,0.0,4.025,0.0,1030.3
2020-02-06 03:00:00,-12.777777777777779,-20.005555555555553,0.8,14.49,350.0,4.025,0.0,1029.6
2020-02-06 04:00:00,-12.100000000000001,-19.07777777777778,0.76,14.1358,341.0,6.7137,0.0,1029.56
2020-02-06 05:00:00,-12.222222222222221,-17.08888888888889,0.8,8.05,350.0,6.118,0.0,1029.6
2020-02-06 06:00:00,-12.222222222222221,-17.76111111111111,0.8,9.66,320.0,3.5420000000000007,0.0,1029.4
2020-02-06 07:00:00,-12.172222222222222,-17.766666666666666,0.88,9.837100000000001,348.0,3.0268,0.0,1029.29
2020-02-06 08:00:00,-12.222222222222221,-19.322222222222223,0.87,14.49,0.0,1.932,0.0,1029.1
2020-02-06 09:00:00,-12.222222222222221,-19.322222222222223,0.87,14.49,350.0,0.805,0.0,1029.3
2020-02-06 10:00:00,-11.094444444444443,-17.46666666666667,0.81,12.8317,0.0,5.4096,0.0,1028.99
2020-02-06 11:00:00,-11.11111111111111,-19.422222222222224,0.8,20.93,340.0,6.118,0.0,1028.6
2020-02-06 12:00:00,-11.11111111111111,-17.505555555555556,0.8,12.88,0.0,6.118,0.0,1028.1
2020-02-06 13:00:00,-11.005555555555556,-17.82222222222222,0.81,14.457800000000002,352.0,5.6672,0.0,1028.37
2020-02-06 14:00:00,-11.11111111111111,-17.505555555555556,0.8,12.88,0.0,6.118,0.0,1027.0
2020-02-06 15:00:00,-11.11111111111111,-17.955555555555556,0.8,14.49,0.0,7.084000000000001,0.0,1027.0
2020-02-06 16:00:00,-10.033333333333335,-16.311111111111114,0.75,13.2986,8.0,7.5992,0.0,1026.58
2020-02-06 17:00:00,-10.0,-16.58888888888889,0.73,14.49,0.0,6.118,0.0,1026.4
2020-02-06 18:00:00,-10.0,-16.15,0.73,12.88,0.0,4.9910000000000005,0.0,1026.2
2020-02-06 19:00:00,-10.0,-16.13888888888889,0.81,12.8317,0.0,5.796,0.0,1025.8
2020-02-06 20:00:00,-10.0,-16.988888888888887,0.8,16.1,350.0,6.118,0.0,1025.3
2020-02-06 21:00:00,-10.0,-16.58888888888889,0.77,14.49,350.0,4.025,0.0,1025.3
2020-02-06 22:00:00,-10.033333333333335,-17.216666666666665,0.86,16.888900000000003,349.0,1.7549000000000001,0.0,1024.45
2020-02-06 23:00:00,-10.0,-17.355555555555554,0.84,17.71,350.0,3.5420000000000007,0.0,1023.6
2020-02-07 00:00:00,-9.444444444444445,-14.994444444444447,0.84,11.270000000000001,0.0,3.059,0.0,1023.7
2020-02-07 01:00:00,-9.444444444444445,-15.027777777777779,0.85,11.3666,357.0,6.3434,0.0,1023.21
2020-02-07 02:00:00,-9.444444444444445,-15.905555555555557,0.84,14.49,350.0,6.118,0.0,1022.8
2020-02-07 03:00:00,-9.444444444444445,-16.66111111111111,0.84,17.71,350.0,2.5760000000000005,0.0,1022.2
2020-02-07 04:00:00,-9.427777777777777,-16.405555555555555,0.85,16.6474,359.0,1.4651,0.0,1021.79
2020-02-07 05:00:00,-8.88888888888889,-15.972222222222221,0.84,17.71,350.0,1.932,0.0,1021.6
2020-02-07 06:00:00,-8.88888888888889,-15.972222222222221,0.84,17.71,350.0,1.932,0.0,1021.5
2020-02-07 07:00:00,-8.922222222222224,-16.855555555555554,0.86,22.0409,358.0,1.4329,0.0,1020.91
2020-02-07 08:00:00,-7.777777777777778,-13.444444444444445,0.84,12.88,10.0,1.932,0.0,1021.1
2020-02-07 09:00:00,-7.777777777777778,-13.444444444444445,0.84,12.88,10.0,8.05,0.0,1021.7
2020-02-07 10:00:00,-7.28888888888889,-13.377777777777776,0.77,14.973000000000003,18.0,10.143,0.0,1022.38
2020-02-07 11:00:00,-7.222222222222222,-13.55,0.67,16.1,40.0,11.270000000000001,0.0,1022.4
2020-02-07 12:00:00,-7.222222222222222,-13.88888888888889,0.67,17.71,20.0,11.270000000000001,0.0,1022.5
2020-02-07 13:00:00,-7.066666666666666,-12.877777777777778,0.68,14.0553,2.0,9.4185,0.0,1022.6
2020-02-07 14:00:00,-7.222222222222222,-13.177777777777777,0.67,14.49,10.0,9.982000000000001,0.0,1023.1
2020-02-07 15:00:00,-6.111111111111111,-10.483333333333333,0.68,9.66,10.0,9.982000000000001,0.0,1023.5
2020-02-07 16:00:00,-7.133333333333334,-7.133333333333334,0.74,3.5259,0.0,7.792400000000001,0.0,1023.99
2020-02-07 17:00:00,-7.777777777777778,-7.777777777777778,0.7,3.22,280.0,6.118,0.0,1024.7
2020-02-07 18:00:00,-10.0,-10.0,0.84,0.0,0.0,4.9910000000000005,0.0,1025.6
2020-02-07 19:00:00,-9.95,-9.95,0.86,3.2844,286.0,4.395300000000001,0.0,1025.97
2020-02-07 20:00:00,-11.11111111111111,-11.11111111111111,0.87,0.0,0.0,4.025,0.0,1026.7
2020-02-07 21:00:00,-12.222222222222221,-12.222222222222221,0.91,0.0,0.0,1.932,0.0,1027.4
2020-02-07 22:00:00,-13.005555555555555,-18.86111111111111,0.88,10.0947,182.0,2.4311000000000003,0.0,1028.62
2020-02-07 23:00:00,-13.333333333333334,-17.583333333333332,0.83,6.44,150.0,1.932,0.0,1029.4
2020-02-08 00:00:00,-15.0,-19.505555555555556,0.83,6.44,170.0,1.932,0.0,1030.2
2020-02-08 01:00:00,-15.366666666666667,-20.022222222222222,0.81,6.601,176.0,2.4311000000000003,0.0,1031.04
2020-02-08 02:00:00,-17.22222222222222,-17.22222222222222,0.83,3.22,190.0,1.449,0.0,1031.9
2020-02-08 03:00:00,-17.22222222222222,-24.366666666666667,0.79,11.270000000000001,170.0,1.932,0.0,1032.3
2020-02-08 04:00:00,-16.87777777777778,-21.483333333333334,0.85,6.1341,156.0,2.3345000000000002,0.0,1033.16
2020-02-08 05:00:00,-17.77777777777778,-17.77777777777778,0.0,4.83,200.0,1.932,0.0,1033.9
2020-02-08 06:00:00,-20.0,-20.0,0.78,3.22,170.0,1.932,0.0,1034.3
2020-02-08 07:00:00,-18.51111111111111,-18.51111111111111,0.77,3.22,180.0,1.3846,0.0,1034.72
2020-02-08 08:00:00,-17.77777777777778,-17.77777777777778,0.0,3.22,190.0,0.805,0.0,1035.0
2020-02-08 09:00:00,-16.11111111111111,-16.11111111111111,0.0,0.0,0.0,1.7710000000000004,0.0,1035.7
2020-02-08 10:00:00,-12.205555555555556,-12.205555555555556,0.87,4.0411,183.0,3.8962000000000003,0.0,1036.26
2020-02-08 11:00:00,-11.11111111111111,-17.505555555555556,0.8,12.88,210.0,9.982000000000001,0.0,1036.8
2020-02-08 12:00:00,-10.0,-17.355555555555554,0.61,17.71,210.0,9.982000000000001,0.0,1037.0
2020-02-08 13:00:00,-8.816666666666668,-14.0,0.56,10.513300000000001,200.0,9.982000000000001,0.0,1036.93
2020-02-08 14:00:00,-8.88888888888889,-13.788888888888888,0.61,9.66,210.0,9.982000000000001,0.0,1036.6
2020-02-08 15:00:00,-10.0,-15.116666666666667,0.61,9.66,200.0,9.982000000000001,0.0,1036.5
2020-02-08 16:00:00,-11.927777777777777,-11.927777777777777,0.65,4.1699,200.0,9.982000000000001,0.0,1036.39
2020-02-08 17:00:00,-12.777777777777779,-12.777777777777779,0.0,4.83,180.0,9.982000000000001,0.0,1036.0
2020-02-08 18:00:00,-13.88888888888889,-13.88888888888889,0.76,0.0,0.0,9.982000000000001,0.0,1036.2
2020-02-08 19:00:00,-17.294444444444444,-17.294444444444444,0.91,3.6386,161.0,5.2003,0.0,1035.9
2020-02-08 20:00:00,-17.22222222222222,-22.96666666666667,0.87,8.05,160.0,1.932,0.0,1035.8
2020-02-08 21:00:00,-17.22222222222222,-22.072222222222226,0.83,6.44,160.0,1.932,0.0,1035.8
2020-02-08 22:00:00,-19.77777777777778,-19.77777777777778,0.81,3.0107000000000004,206.0,1.4973,0.0,1035.68
2020-02-08 23:00:00,-20.0,-20.0,0.78,3.22,200.0,1.2880000000000003,0.0,1035.4
2020-02-09 00:00:00,-19.444444444444443,-19.444444444444443,0.78,3.22,180.0,1.449,0.0,1035.1
2020-02-09 01:00:00,-20.05,-25.200000000000003,0.78,6.2146,170.0,1.7066000000000001,0.0,1034.74
2020-02-09 02:00:00,-21.11111111111111,-21.11111111111111,0.74,3.22,200.0,1.932,0.0,1034.3
2020-02-09 03:00:00,-20.555555555555557,-20.555555555555557,0.78,3.22,200.0,4.025,0.0,1033.8
2020-02-09 04:00:00,-20.27777777777778,-25.072222222222223,0.79,5.6672,158.0,1.8032000000000004,0.0,1033.53
2020-02-09 05:00:00,-21.11111111111111,-21.11111111111111,0.78,4.83,180.0,2.5760000000000005,0.0,1033.3
2020-02-09 06:00:00,-21.11111111111111,-21.11111111111111,0.71,3.22,190.0,1.932,0.0,1032.6
2020-02-09 07:00:00,-20.78333333333333,-20.78333333333333,0.8,4.4275,181.0,1.7871000000000004,0.0,1032.33
2020-02-09 08:00:00,-18.88888888888889,-18.88888888888889,0.75,4.83,170.0,2.5760000000000005,0.0,1032.2
2020-02-09 09:00:00,-16.11111111111111,-16.11111111111111,0.79,4.83,200.0,2.898,0.0,1031.7
2020-02-09 10:00:00,-13.7,-18.827777777777776,0.85,8.0661,202.0,3.4293,0.0,1031.32
2020-02-09 11:00:00,-8.88888888888889,-14.799999999999999,0.61,12.88,230.0,9.982000000000001,0.0,1030.6
2020-02-09 12:00:00,-7.777777777777778,-12.988888888888889,0.51,11.270000000000001,220.0,9.982000000000001,0.0,1030.2
2020-02-09 13:00:00,-8.122222222222224,-13.122222222222222,0.54,10.384500000000001,205.0,9.048200000000001,0.0,1030.23
2020-02-09 14:00:00,-7.777777777777778,-12.988888888888889,0.61,11.270000000000001,180.0,9.982000000000001,0.0,1029.4
2020-02-09 15:00:00,-7.777777777777778,-12.988888888888889,0.61,11.270000000000001,180.0,9.982000000000001,0.0,1029.1
2020-02-09 16:00:00,-10.922222222222222,-16.58888888888889,0.68,10.706500000000002,192.0,9.048200000000001,0.0,1028.78
2020-02-09 17:00:00,-12.222222222222221,-17.76111111111111,0.73,9.66,180.0,9.982000000000001,0.0,1028.6
2020-02-09 18:00:00,-13.88888888888889,-19.744444444444444,0.76,9.66,170.0,9.982000000000001,0.0,1028.8
2020-02-09 19:00:00,-13.905555555555557,-13.905555555555557,0.78,4.7495,195.0,9.4185,0.0,1029.11
2020-02-09 20:00:00,-16.11111111111111,-21.66111111111111,0.0,8.05,180.0,4.025,0.0,1029.4
2020-02-09 21:00:00,-16.11111111111111,-16.11111111111111,0.83,3.22,200.0,4.9910000000000005,0.0,1029.6
2020-02-09 22:00:00,-18.405555555555555,-18.405555555555555,0.8,3.0912,326.0,3.1395,0.0,1030.37
2020-02-09 23:00:00,-17.77777777777778,-17.77777777777778,0.0,0.0,0.0,1.449,0.0,1030.6
2020-02-10 00:00:00,-15.555555555555555,-15.555555555555555,0.0,3.22,220.0,3.059,0.0,1030.8
2020-02-10 01:00:00,-15.5,-15.5,0.8,3.2361,212.0,3.9606000000000003,0.0,1031.39
2020-02-10 02:00:00,-16.11111111111111,-20.78888888888889,0.79,6.44,330.0,4.025,0.0,1031.8
2020-02-10 03:00:00,-16.666666666666668,-16.666666666666668,0.83,3.22,330.0,4.025,0.0,1031.9
2020-02-10 04:00:00,-17.655555555555555,-17.655555555555555,0.9,2.7853000000000003,228.0,3.5742000000000007,0.0,1032.18
2020-02-10 05:00:00,-20.0,-26.227777777777778,0.82,8.05,340.0,1.449,0.0,1032.6
2020-02-10 06:00:00,-20.0,-20.0,0.78,3.22,330.0,0.6440000000000001,0.0,1033.3
2020-02-10 07:00:00,-21.822222222222223,-21.822222222222223,0.8,3.0751,323.0,1.3685,0.0,1033.66
2020-02-10 08:00:00,-20.0,-20.0,0.78,4.83,350.0,1.449,0.0,1034.2
2020-02-10 09:00:00,-17.22222222222222,-23.716666666666665,0.87,9.66,340.0,1.449,0.0,1034.5
2020-02-10 10:00:00,-14.927777777777777,-14.927777777777777,0.9,4.3631,2.0,1.5939,0.0,1034.81
2020-02-10 11:00:00,-13.88888888888889,-19.049999999999997,0.83,8.05,330.0,1.932,0.0,1035.2
2020-02-10 12:00:00,-11.11111111111111,-11.11111111111111,0.73,4.83,20.0,2.0930000000000004,0.0,1035.3
2020-02-10 13:00:00,-11.161111111111111,-15.916666666666666,0.7,8.211,352.0,2.0608,0.0,1035.06
2020-02-10 14:00:00,-8.88888888888889,-8.88888888888889,0.56,1.61,320.0,2.5760000000000005,0.0,1034.7
2020-02-10 15:00:00,-10.0,-10.0,0.61,3.22,320.0,3.5420000000000007,0.0,1034.6
2020-02-10 16:00:00,-11.005555555555556,-15.33888888888889,0.66,7.3416,48.0,2.9302,0.0,1034.52
2020-02-10 17:00:00,-12.222222222222221,-12.222222222222221,0.66,1.61,60.0,2.5760000000000005,0.0,1034.1
2020-02-10 18:00:00,-15.0,-15.0,0.0,0.0,0.0,2.5760000000000005,0.0,1034.4
2020-02-10 19:00:00,-16.91111111111111,-16.91111111111111,0.87,3.22,350.0,2.737,0.0,1034.22
2020-02-10 20:00:00,-17.22222222222222,-17.22222222222222,0.87,3.22,0.0,2.5760000000000005,0.0,1034.6
2020-02-10 21:00:00,-17.22222222222222,-17.22222222222222,0.83,3.22,10.0,1.449,0.0,1034.2
2020-02-10 22:00:00,-19.02777777777778,-19.02777777777778,0.8,3.1878,14.0,0.6601,0.0,1033.98
2020-02-10 23:00:00,-19.444444444444443,-24.63888888888889,0.78,6.44,20.0,0.6440000000000001,0.0,1033.7
2020-02-11 00:00:00,-20.0,-27.716666666666665,0.78,11.270000000000001,20.0,0.0,0.0,1033.3
2020-02-11 01:00:00,-19.166666666666668,-24.166666666666668,0.81,6.1985,40.0,1.0626000000000002,0.0,1032.5
2020-02-11 02:00:00,-20.555555555555557,-25.92222222222222,0.78,6.44,30.0,1.449,0.0,1032.1
2020-02-11 03:00:00,-16.666666666666668,-23.7,0.83,11.270000000000001,20.0,2.5760000000000005,0.0,1031.0
2020-02-11 04:00:00,-16.094444444444445,-20.650000000000002,0.82,6.2468,30.0,3.1395,0.0,1030.41
2020-02-11 05:00:00,-16.11111111111111,-21.66111111111111,0.79,8.05,40.0,4.508,0.0,1030.3
2020-02-11 06:00:00,-16.11111111111111,-23.02777777777778,0.0,11.270000000000001,20.0,7.084000000000001,0.0,1029.9
2020-02-11 07:00:00,-14.927777777777777,-21.900000000000002,0.92,12.1072,30.0,6.9713,0.0,1029.67
2020-02-11 08:00:00,-15.0,-22.73888888888889,0.0,14.49,30.0,9.982000000000001,0.0,1029.8
2020-02-11 09:00:00,-13.88888888888889,-20.35,0.0,11.270000000000001,40.0,9.982000000000001,0.0,1029.9
2020-02-11 10:00:00,-12.883333333333333,-17.82777777777778,0.72,7.969500000000001,9.0,4.4275,0.0,1029.87
2020-02-11 11:00:00,-12.222222222222221,-18.34444444444445,0.73,11.270000000000001,0.0,8.05,0.0,1029.7
2020-02-11 12:00:00,-12.222222222222221,-18.855555555555554,0.73,12.88,10.0,4.83,0.0,1029.3
2020-02-11 13:00:00,-11.077777777777776,-11.077777777777776,0.75,3.5420000000000007,330.0,3.6386,0.0,1028.85
2020-02-11 14:00:00,-10.0,-14.483333333333333,0.73,8.05,330.0,4.9910000000000005,0.0,1028.9
2020-02-11 15:00:00,-10.0,-15.116666666666667,0.8,9.66,340.0,6.118,0.0,1029.0
2020-02-11 16:00:00,-9.911111111111111,-14.472222222222221,0.81,8.2754,339.0,6.4722,0.0,1028.88
2020-02-11 17:00:00,-10.0,-10.0,0.8,4.83,0.0,4.508,0.0,1029.0
2020-02-11 18:00:00,-10.0,-10.0,0.84,4.83,0.0,4.9910000000000005,0.0,1029.2
2020-02-11 19:00:00,-10.033333333333335,-10.033333333333335,0.85,0.4508000000000001,330.0,6.2146,0.0,1029.69
2020-02-11 20:00:00,-10.0,-12.799999999999999,0.84,4.83,310.0,6.118,0.0,1029.6
2020-02-11 21:00:00,-10.0,-10.0,0.84,3.22,330.0,6.118,0.0,1029.8
2020-02-11 22:00:00,-9.983333333333333,-9.983333333333333,0.85,3.0268,277.0,6.2146,0.0,1030.08
2020-02-11 23:00:00,-10.0,-13.733333333333333,0.84,6.44,280.0,6.118,0.0,1030.0
2020-02-12 00:00:00,-9.444444444444445,-9.444444444444445,0.8,3.22,340.0,6.118,0.0,1030.0
2020-02-12 01:00:00,-9.47777777777778,-12.866666666666667,0.82,5.9409,331.0,6.166300000000001,0.0,1029.9
2020-02-12 02:00:00,-10.0,-10.0,0.84,3.22,300.0,6.118,0.0,1030.1
2020-02-12 03:00:00,-10.0,-10.0,0.84,0.0,0.0,6.118,0.0,1029.3
2020-02-12 04:00:00,-9.95,-13.405555555555555,0.86,5.9409,349.0,6.1341,0.0,1028.72
2020-02-12 05:00:00,-8.88888888888889,-13.177777777777777,0.77,8.05,0.0,6.118,0.0,1028.8
2020-02-12 06:00:00,-8.88888888888889,-8.88888888888889,0.77,4.83,350.0,6.118,0.0,1028.3
2020-02-12 07:00:00,-8.88888888888889,-13.505555555555555,0.79,8.8711,8.0,6.3434,0.0,1028.14
2020-02-12 08:00:00,-8.88888888888889,-13.177777777777777,0.77,8.05,10.0,6.118,0.0,1028.5
2020-02-12 09:00:00,-8.88888888888889,-15.61111111111111,0.73,16.1,20.0,6.118,0.0,1028.3
2020-02-12 10:00:00,-8.7,-15.005555555555553,0.74,14.5383,19.0,7.1645,0.0,1028.27
2020-02-12 11:00:00,-8.88888888888889,-14.799999999999999,0.67,12.88,0.0,9.982000000000001,0.0,1028.1
2020-02-12 12:00:00,-7.777777777777778,-13.444444444444445,0.61,12.88,0.0,9.982000000000001,0.0,1027.7
2020-02-12 13:00:00,-7.672222222222222,-12.766666666666667,0.58,10.9641,0.0,9.4829,0.0,1027.05
2020-02-12 14:00:00,-7.777777777777778,-11.872222222222222,0.56,8.05,10.0,9.982000000000001,0.0,1026.8
2020-02-12 15:00:00,-7.777777777777778,-7.777777777777778,0.67,3.22,30.0,4.025,0.0,1026.3
2020-02-12 16:00:00,-8.783333333333333,-13.055555555555555,0.85,8.05,341.0,2.8014,0.0,1026.02
2020-02-12 17:00:00,-8.88888888888889,-14.327777777777776,0.84,11.270000000000001,340.0,1.932,0.0,1025.8
2020-02-12 18:00:00,-8.88888888888889,-15.22777777777778,0.84,14.49,340.0,2.5760000000000005,0.0,1025.6
2020-02-12 19:00:00,-7.883333333333334,-7.883333333333334,0.86,4.5724,299.0,1.8354,0.0,1025.79
2020-02-12 20:00:00,-7.777777777777778,-12.466666666666665,0.84,9.66,280.0,1.932,0.0,1025.6
2020-02-12 21:00:00,-8.333333333333334,-11.805555555555555,0.88,6.44,310.0,3.059,0.0,1025.5
2020-02-12 22:00:00,-7.844444444444445,-10.983333333333333,0.86,5.9248,289.0,2.8175000000000003,0.0,1025.52
2020-02-12 23:00:00,-7.777777777777778,-7.777777777777778,0.84,3.22,250.0,1.932,0.0,1025.3
2020-02-13 00:00:00,-7.777777777777778,-11.161111111111111,0.84,6.44,240.0,3.059,0.0,1025.1
2020-02-13 01:00:00,-7.811111111111111,-11.100000000000001,0.86,6.230700000000001,261.0,4.1377,0.0,1025.02
2020-02-13 02:00:00,-7.777777777777778,-11.161111111111111,0.84,6.44,270.0,3.5420000000000007,0.0,1024.5
2020-02-13 03:00:00,-8.333333333333334,-8.333333333333334,0.88,0.0,0.0,4.9910000000000005,0.0,1023.7
2020-02-13 04:00:00,-8.283333333333333,-8.283333333333333,0.89,2.8014,238.0,7.5348,0.0,1023.21
2020-02-13 05:00:00,-7.777777777777778,-7.777777777777778,0.84,3.22,210.0,7.084000000000001,0.0,1022.8
2020-02-13 06:00:00,-7.777777777777778,-11.872222222222222,0.84,8.05,240.0,7.084000000000001,0.0,1022.7
2020-02-13 07:00:00,-7.811111111111111,-7.811111111111111,0.85,3.3810000000000002,249.0,2.8819000000000004,0.0,1022.46
2020-02-13 08:00:00,-7.777777777777778,-7.777777777777778,0.92,3.22,230.0,1.7710000000000004,0.0,1022.2
2020-02-13 09:00:00,-7.222222222222222,-7.222222222222222,0.88,3.22,250.0,1.932,0.0,1021.9
2020-02-13 10:00:00,-6.177777777777779,-6.177777777777779,0.89,4.4758,276.0,2.4633000000000003,0.0,1021.44
2020-02-13 11:00:00,-5.0,-5.0,0.84,3.22,220.0,1.932,0.0,1021.1
2020-02-13 12:00:00,-5.0,-5.0,0.84,4.83,190.0,3.059,0.0,1020.3
2020-02-13 13:00:00,-4.1499999999999995,-6.438888888888889,0.8,5.313,199.0,2.9463000000000004,0.0,1019.8
2020-02-13 14:00:00,-3.888888888888889,-7.305555555555555,0.84,8.05,200.0,3.5420000000000007,0.0,1019.0
2020-02-13 15:00:00,-3.888888888888889,-7.838888888888889,0.78,9.66,210.0,3.059,0.0,1018.7
2020-02-13 16:00:00,-4.877777777777778,-8.394444444444444,0.85,7.856800000000001,208.0,2.8014,0.0,1018.36
2020-02-13 17:00:00,-6.111111111111111,-9.911111111111111,0.88,8.05,190.0,2.5760000000000005,0.0,1018.0
2020-02-13 18:00:00,-6.111111111111111,-9.911111111111111,0.92,8.05,240.0,2.5760000000000005,0.0,1017.7
2020-02-13 19:00:00,-6.127777777777778,-10.72777777777778,0.83,10.3523,277.0,6.9713,0.0,1017.89
2020-02-13 20:00:00,-6.111111111111111,-9.911111111111111,0.74,8.05,270.0,7.084000000000001,0.0,1017.6
2020-02-13 21:00:00,-6.111111111111111,-9.238888888888889,0.71,6.44,270.0,7.084000000000001,0.0,1017.7
2020-02-13 22:00:00,-6.733333333333334,-9.95,0.74,6.423900000000001,249.0,7.1645,0.0,1017.46
2020-02-13 23:00:00,-7.222222222222222,-10.52222222222222,0.7,6.44,240.0,8.05,0.0,1017.3
2020-02-14 00:00:00,-7.777777777777778,-11.161111111111111,0.74,6.44,230.0,8.05,0.0,1017.2
2020-02-14 01:00:00,-8.366666666666667,-8.366666666666667,0.76,3.22,271.0,7.0357,0.0,1016.86
2020-02-14 02:00:00,-8.88888888888889,-8.88888888888889,0.77,3.22,240.0,8.05,0.0,1016.7
2020-02-14 03:00:00,-9.444444444444445,-9.444444444444445,0.77,3.22,230.0,8.05,0.0,1016.5
2020-02-14 04:00:00,-9.549999999999999,-13.16111111111111,0.82,6.3434,244.0,7.856800000000001,0.0,1016.16
2020-02-14 05:00:00,-11.11111111111111,-11.11111111111111,0.87,4.83,230.0,4.9910000000000005,0.0,1016.3
2020-02-14 06:00:00,-12.222222222222221,-12.222222222222221,0.87,4.83,260.0,4.508,0.0,1016.3
2020-02-14 07:00:00,-12.033333333333333,-15.455555555555556,0.88,5.3774,261.0,3.0751,0.0,1016.16
2020-02-14 08:00:00,-12.777777777777779,-12.777777777777779,0.83,4.83,190.0,1.449,0.0,1016.5
2020-02-14 09:00:00,-11.11111111111111,-11.11111111111111,0.87,3.22,200.0,3.059,0.0,1016.9
2020-02-14 10:00:00,-8.88888888888889,-8.88888888888889,0.78,3.5581,180.0,4.717300000000001,0.0,1016.98
2020-02-14 11:00:00,-7.222222222222222,-7.222222222222222,0.74,4.83,180.0,6.118,0.0,1017.2
2020-02-14 12:00:00,-6.111111111111111,-9.911111111111111,0.68,8.05,190.0,7.084000000000001,0.0,1017.0
2020-02-14 13:00:00,-5.033333333333333,-5.033333333333333,0.69,4.717300000000001,177.0,6.601,0.0,1016.4
2020-02-14 14:00:00,-5.0,-9.161111111111113,0.68,9.66,160.0,6.118,0.0,1016.0
2020-02-14 15:00:00,-5.0,-8.61111111111111,0.68,8.05,170.0,6.118,0.0,1015.8
2020-02-14 16:00:00,-5.98888888888889,-10.394444444444446,0.74,9.821,184.0,6.3434,0.0,1015.82
2020-02-14 17:00:00,-7.777777777777778,-12.466666666666665,0.77,9.66,160.0,4.508,0.0,1015.7
2020-02-14 18:00:00,-8.88888888888889,-14.327777777777776,0.77,11.270000000000001,160.0,4.025,0.0,1016.1
2020-02-14 19:00:00,-11.322222222222223,-17.32777777777778,0.88,11.4793,162.0,3.9767000000000006,0.0,1016.32
2020-02-14 20:00:00,-11.11111111111111,-16.438888888888886,0.87,9.66,180.0,3.059,0.0,1016.0
2020-02-14 21:00:00,-10.555555555555555,-16.333333333333332,0.87,11.270000000000001,170.0,3.059,0.0,1015.6
2020-02-14 22:00:00,-8.955555555555556,-12.52222222222222,0.85,6.44,171.0,3.5742000000000007,0.0,1015.48
2020-02-14 23:00:00,-7.777777777777778,-11.161111111111111,0.84,6.44,160.0,3.059,0.0,1014.9
2020-02-15 00:00:00,-6.666666666666667,-9.877777777777778,0.84,6.44,200.0,3.059,0.0,1014.5
2020-02-15 01:00:00,-6.733333333333334,-9.783333333333333,0.85,6.0697,185.0,3.5742000000000007,0.0,1013.97
2020-02-15 02:00:00,-7.777777777777778,-11.161111111111111,0.84,6.44,200.0,3.059,0.0,1013.2
2020-02-15 03:00:00,-11.666666666666666,-17.67222222222222,0.83,11.270000000000001,210.0,3.059,0.0,1012.8
2020-02-15 04:00:00,-11.877777777777778,-17.744444444444447,0.85,10.7387,202.0,3.5742000000000007,0.0,1012.02
2020-02-15 05:00:00,-10.0,-15.666666666666666,0.8,11.270000000000001,180.0,4.025,0.0,1011.4
2020-02-15 06:00:00,-8.88888888888889,-15.22777777777778,0.84,14.49,180.0,4.508,0.0,1010.3
2020-02-15 07:00:00,-8.8,-16.29444444444444,0.85,19.851300000000002,190.0,7.0357,0.0,1008.84
2020-02-15 08:00:00,-7.777777777777778,-15.744444444444444,0.77,24.150000000000002,200.0,7.084000000000001,0.0,1007.5
2020-02-15 09:00:00,-7.222222222222222,-15.033333333333331,0.8,24.150000000000002,200.0,8.05,0.0,1006.6
2020-02-15 10:00:00,-6.022222222222222,-13.72777777777778,0.75,25.6795,199.0,8.355900000000002,0.0,1005.61
2020-02-15 11:00:00,-5.0,-12.844444444444443,0.74,28.98,190.0,7.084000000000001,0.0,1004.2
2020-02-15 12:00:00,-3.888888888888889,-11.399999999999999,0.74,28.98,200.0,9.982000000000001,0.0,1002.2
2020-02-15 13:00:00,-2.844444444444445,-9.53888888888889,0.72,24.9389,199.0,11.0768,0.0,1001.62
2020-02-15 14:00:00,-2.2222222222222223,-9.233333333333333,0.69,28.98,200.0,11.270000000000001,0.0,1000.1
2020-02-15 15:00:00,-2.2222222222222223,-9.233333333333333,0.75,28.98,210.0,11.270000000000001,0.0,999.0
2020-02-15 16:00:00,-1.1444444444444437,-7.411111111111111,0.82,25.3897,246.0,9.1448,0.0,999.6
2020-02-15 17:00:00,-1.1111111111111112,-6.988888888888888,0.88,22.540000000000003,250.0,9.982000000000001,0.0,999.0
2020-02-15 18:00:00,0.0,-5.5777777777777775,0.82,22.540000000000003,250.0,11.270000000000001,0.0,999.6
2020-02-15 19:00:00,-1.0222222222222221,-7.1000000000000005,0.93,24.1822,267.0,0.7567,0.0,1000.34
2020-02-15 20:00:00,-1.1111111111111112,-5.972222222222222,0.92,16.1,240.0,11.270000000000001,0.0,1000.4
2020-02-15 21:00:00,-1.1111111111111112,-6.255555555555556,0.92,17.71,260.0,16.1,0.0,1000.5
2020-02-15 22:00:00,0.0,-5.188888888888889,0.86,19.7708,269.0,15.150100000000002,0.0,1000.69
2020-02-15 23:00:00,0.5555555555555556,-5.622222222222224,0.85,28.98,260.0,9.982000000000001,0.0,1000.4
2020-02-16 00:00:00,0.0,-5.355555555555556,0.85,20.93,250.0,16.1,0.0,1000.7
2020-02-16 01:00:00,0.5222222222222209,-5.46111111111111,0.8,27.0641,277.0,15.150100000000002,0.0,1000.88
2020-02-16 02:00:00,1.1111111111111112,-4.9,0.78,28.98,260.0,16.1,0.0,1000.7
2020-02-16 03:00:00,0.5555555555555556,-6.244444444444444,0.75,35.42,280.0,16.1,0.0,1000.9
2020-02-16 04:00:00,0.46666666666666856,-5.83888888888889,0.73,29.978200000000005,288.0,15.150100000000002,0.0,1001.76
2020-02-16 05:00:00,1.1111111111111112,-5.650000000000001,0.69,37.03,300.0,9.982000000000001,0.0,1002.4
2020-02-16 06:00:00,0.0,-7.26111111111111,0.75,38.64,300.0,11.270000000000001,0.0,1002.9
2020-02-16 07:00:00,0.016666666666667298,-6.594444444444445,0.75,31.620400000000004,308.0,11.4471,0.0,1003.94
2020-02-16 08:00:00,0.0,-6.51111111111111,0.75,30.590000000000003,320.0,11.270000000000001,0.0,1005.2
2020-02-16 09:00:00,0.0,-6.166666666666668,0.69,27.37,320.0,9.982000000000001,0.0,1006.7
2020-02-16 10:00:00,1.0222222222222241,-4.800000000000001,0.6,26.983600000000003,338.0,11.0768,0.0,1008.28
2020-02-16 11:00:00,1.1111111111111112,-5.061111111111111,0.59,30.590000000000003,340.0,9.982000000000001,0.0,1009.7
2020-02-16 12:00:00,1.1111111111111112,-4.727777777777779,0.59,27.37,330.0,9.982000000000001,0.0,1010.7
2020-02-16 13:00:00,1.1277777777777784,-4.716666666666665,0.55,27.4827,330.0,10.368400000000001,0.0,1011.83
2020-02-16 14:00:00,1.1111111111111112,-3.9499999999999997,0.59,20.93,330.0,9.982000000000001,0.0,1012.6
2020-02-16 15:00:00,1.1111111111111112,-4.550000000000001,0.54,25.76,330.0,9.982000000000001,0.0,1012.8
2020-02-16 16:00:00,1.0777777777777766,-4.038888888888888,0.59,21.252,330.0,10.368400000000001,0.0,1013.65
2020-02-16 17:00:00,0.0,-5.977777777777779,0.58,25.76,330.0,9.982000000000001,0.0,1014.6
2020-02-16 18:00:00,-1.1111111111111112,-6.761111111111112,0.63,20.93,320.0,9.982000000000001,0.0,1015.7
2020-02-16 19:00:00,-2.016666666666666,-7.066666666666666,0.68,15.955100000000002,320.0,9.982000000000001,0.0,1016.93
2020-02-16 20:00:00,-2.2222222222222223,-7.644444444444446,0.66,17.71,350.0,9.982000000000001,0.0,1017.8
2020-02-16 21:00:00,-2.7777777777777777,-7.716666666666667,0.63,14.49,340.0,16.1,0.0,1018.7
2020-02-16 22:00:00,-4.272222222222222,-7.4833333333333325,0.69,7.3416,323.0,15.150100000000002,0.0,1019.8
2020-02-16 23:00:00,-8.88888888888889,-12.45,0.73,6.44,320.0,16.1,0.0,1020.2
2020-02-17 00:00:00,-7.777777777777778,-12.988888888888889,0.8,11.270000000000001,300.0,16.1,0.0,1020.6
2020-02-17 01:00:00,-7.5,-11.005555555555556,0.84,6.7942,318.0,15.150100000000002,0.0,1020.77
2020-02-17 02:00:00,-9.444444444444445,-9.444444444444445,0.88,0.0,0.0,15.134000000000002,0.0,1021.4
2020-02-17 03:00:00,-10.555555555555555,-14.372222222222222,0.87,6.44,310.0,9.982000000000001,0.0,1020.9
2020-02-17 04:00:00,-11.355555555555554,-11.355555555555554,0.88,3.22,270.0,3.3649,0.0,1021.06
2020-02-17 05:00:00,-12.777777777777779,-17.744444444444447,0.83,8.05,210.0,1.449,0.0,1021.3
2020-02-17 06:00:00,-12.222222222222221,-17.08888888888889,0.96,8.05,160.0,0.16100000000000003,0.0,1021.4
2020-02-17 07:00:00,-12.394444444444446,-12.394444444444446,0.84,4.652900000000001,201.0,1.0948000000000002,0.0,1021.56
2020-02-17 08:00:00,-10.0,-10.0,0.84,4.83,180.0,4.9910000000000005,0.0,1021.6
2020-02-17 09:00:00,-7.777777777777778,-10.288888888888888,0.84,4.83,220.0,6.118,0.0,1021.2
2020-02-17 10:00:00,-3.75,-6.983333333333333,0.92,7.615300000000001,249.0,2.5277000000000003,0.0,1021.03
2020-02-17 11:00:00,-1.1111111111111112,-4.038888888888888,0.92,8.05,250.0,6.118,0.0,1020.7
2020-02-17 12:00:00,0.0,-2.7333333333333343,0.85,8.05,200.0,3.5420000000000007,0.0,1020.1
2020-02-17 13:00:00,-1.0055555555555549,-5.4944444444444445,0.92,14.2646,191.0,2.0608,0.0,1019.37
2020-02-17 14:00:00,0.0,-3.611111111111111,0.92,11.270000000000001,240.0,1.7710000000000004,0.0,1018.8
2020-02-17 15:00:00,-1.1111111111111112,-6.255555555555556,0.92,17.71,210.0,1.932,0.0,1018.3
2020-02-17 16:00:00,-0.9722222222222222,-4.872222222222222,0.99,11.6242,223.0,1.932,0.0,1017.86
2020-02-17 17:00:00,0.0,-3.2055555555555553,0.92,9.66,240.0,0.32200000000000006,0.0,1017.6
2020-02-17 18:00:00,0.0,-3.2055555555555553,0.92,9.66,240.0,1.932,0.0,1017.4
2020-02-17 19:00:00,0.0,-3.6833333333333322,0.92,11.5759,250.0,10.4811,0.0,1017.59
2020-02-17 20:00:00,0.0,-3.9722222222222214,1.0,12.88,260.0,11.270000000000001,0.0,1017.4
2020-02-17 21:00:00,0.5555555555555556,-2.9444444444444446,0.92,11.270000000000001,260.0,12.075000000000001,0.0,1017.4
2020-02-17 22:00:00,0.6944444444444444,-3.4388888888888896,0.92,14.457800000000002,278.0,14.329,0.0,1017.59
2020-02-17 23:00:00,1.6666666666666667,-2.7888888888888888,0.89,17.71,290.0,16.1,0.0,1017.4
2020-02-18 00:00:00,1.6666666666666667,-2.7888888888888888,0.89,17.71,290.0,16.1,0.0,1017.7
2020-02-18 01:00:00,1.7166666666666686,-2.0388888888888896,0.89,13.7011,289.0,15.150100000000002,0.0,1017.97
2020-02-18 02:00:00,1.6666666666666667,-3.2444444444444445,0.85,20.93,300.0,16.1,0.0,1018.1
2020-02-18 03:00:00,0.5555555555555556,-4.172222222222223,0.85,17.71,300.0,16.1,0.0,1018.5
2020-02-18 04:00:00,-0.10555555555555626,-2.411111111111111,0.9,6.745900000000001,295.0,15.150100000000002,0.0,1018.51
2020-02-18 05:00:00,-5.0,-8.61111111111111,0.92,8.05,230.0,0.805,0.0,1019.1
2020-02-18 06:00:00,-2.2222222222222223,-5.344444444444445,0.96,8.05,260.0,7.084000000000001,0.0,1019.2
2020-02-18 07:00:00,-0.9222222222222223,-0.9222222222222223,0.99,4.781700000000001,197.0,8.355900000000002,0.0,1019.25
2020-02-18 08:00:00,1.1111111111111112,-1.427777777777778,0.85,8.05,290.0,11.270000000000001,0.0,1019.9
2020-02-18 09:00:00,2.7777777777777777,-1.8388888888888881,0.82,20.93,300.0,9.982000000000001,0.0,1020.0
2020-02-18 10:00:00,4.027777777777778,-0.09999999999999984,0.75,19.6581,310.0,9.982000000000001,0.0,1020.23
2020-02-18 11:00:00,5.0,2.116666666666668,0.7,12.88,330.0,11.270000000000001,0.0,1020.8
2020-02-18 12:00:00,5.0,2.116666666666668,0.65,12.88,330.0,11.270000000000001,0.0,1020.9
2020-02-18 13:00:00,6.077777777777777,4.43888888888889,0.64,7.905100000000001,345.0,11.0768,0.0,1020.95
2020-02-18 14:00:00,6.111111111111111,6.111111111111111,0.65,4.83,10.0,11.270000000000001,0.0,1020.9
2020-02-18 15:00:00,7.777777777777778,7.777777777777778,0.58,0.0,0.0,9.982000000000001,0.0,1020.9
2020-02-18 16:00:00,5.205555555555554,5.205555555555554,0.64,2.898,215.0,11.4471,0.0,1020.94
2020-02-18 17:00:00,2.2222222222222223,-0.9333333333333331,0.79,11.270000000000001,130.0,11.270000000000001,0.0,1021.0
2020-02-18 18:00:00,1.1111111111111112,1.1111111111111112,0.85,4.83,150.0,9.982000000000001,0.0,1021.6
2020-02-18 19:00:00,0.10555555555555429,-2.0833333333333335,0.92,6.5044,136.0,9.6117,0.0,1021.68
2020-02-18 20:00:00,-1.1111111111111112,-4.038888888888888,0.92,8.05,140.0,8.05,0.0,1021.5
2020-02-18 21:00:00,-0.5555555555555556,-4.283333333333334,0.92,11.270000000000001,130.0,8.05,0.0,1021.6
2020-02-18 22:00:00,-0.6055555555555555,-2.999999999999999,0.89,6.7620000000000005,149.0,6.3434,0.0,1021.8
2020-02-18 23:00:00,-1.6666666666666667,-4.105555555555556,0.92,6.44,140.0,4.9910000000000005,0.0,1021.9
2020-02-19 00:00:00,-1.1111111111111112,-4.949999999999999,0.92,11.270000000000001,140.0,4.025,0.0,1021.9
2020-02-19 01:00:00,-1.633333333333334,-5.322222222222221,0.93,10.2879,138.0,3.5742000000000007,0.0,1021.82
2020-02-19 02:00:00,-1.6666666666666667,-6.35,0.92,14.49,150.0,3.059,0.0,1021.7
2020-02-19 03:00:00,-1.6666666666666667,-1.6666666666666667,0.88,3.22,150.0,4.025,0.0,1021.6
2020-02-19 04:00:00,-1.594444444444445,-6.199999999999999,0.89,14.1841,140.0,5.3935,0.0,1021.1
2020-02-19 05:00:00,-2.2222222222222223,-7.644444444444446,0.88,17.71,140.0,4.025,0.0,1020.9
2020-02-19 06:00:00,-2.7777777777777777,-8.33888888888889,0.92,17.71,140.0,3.5420000000000007,0.0,1020.7
2020-02-19 07:00:00,-2.844444444444445,-8.72777777777778,0.92,19.4971,139.0,4.8461,0.0,1020.81
2020-02-19 08:00:00,-2.2222222222222223,-8.166666666666666,0.88,20.93,150.0,6.118,0.0,1021.1
2020-02-19 09:00:00,-1.1111111111111112,-6.761111111111112,0.88,20.93,160.0,6.118,0.0,1020.8
2020-02-19 10:00:00,-0.06666666666666722,-5.627777777777776,0.83,22.2663,149.0,9.160900000000002,0.0,1020.64
2020-02-19 11:00:00,0.0,-4.594444444444444,0.85,16.1,170.0,9.982000000000001,0.0,1020.9
2020-02-19 12:00:00,1.1111111111111112,-4.16111111111111,0.78,22.540000000000003,160.0,9.982000000000001,0.0,1020.7
2020-02-19 13:00:00,2.2222222222222223,-2.7444444444444454,0.79,22.507800000000003,150.0,10.368400000000001,0.0,1020.35
2020-02-19 14:00:00,2.2222222222222223,-2.7444444444444454,0.79,22.540000000000003,160.0,9.982000000000001,0.0,1020.1
2020-02-19 15:00:00,2.2222222222222223,-2.094444444444444,0.79,17.71,150.0,9.982000000000001,0.0,1019.6
2020-02-19 16:00:00,2.272222222222224,-1.3999999999999997,0.8,13.894300000000003,159.0,9.982000000000001,0.0,1019.68
2020-02-19 17:00:00,2.2222222222222223,-1.8444444444444446,0.79,16.1,160.0,8.05,0.0,1019.9
2020-02-19 18:00:00,2.2222222222222223,-1.2666666666666673,0.79,12.88,150.0,6.118,0.0,1020.2
2020-02-19 19:00:00,2.3277777777777766,-0.6388888888888881,0.8,10.4972,161.0,8.355900000000002,0.0,1020.83
2020-02-19 20:00:00,2.2222222222222223,-1.2666666666666673,0.79,12.88,160.0,11.270000000000001,0.0,1021.1
2020-02-19 21:00:00,1.1111111111111112,-0.8944444444444442,0.89,6.44,180.0,9.982000000000001,0.0,1021.9
2020-02-19 22:00:00,1.3555555555555543,-1.0500000000000003,0.89,7.728,197.0,7.5348,0.0,1022.58
2020-02-19 23:00:00,1.6666666666666667,1.6666666666666667,0.85,0.0,0.0,7.084000000000001,0.0,1023.4
2020-02-20 00:00:00,1.1111111111111112,1.1111111111111112,0.89,3.22,180.0,7.084000000000001,0.0,1023.9
2020-02-20 01:00:00,1.9611111111111117,1.9611111111111117,0.89,3.0107000000000004,143.0,6.7137,0.0,1024.05
2020-02-20 02:00:00,1.1111111111111112,1.1111111111111112,0.96,3.22,70.0,6.118,0.0,1024.7
2020-02-20 03:00:00,1.6666666666666667,-0.25555555555555604,0.89,6.44,50.0,6.118,0.0,1024.8
2020-02-20 04:00:00,1.1999999999999982,1.1999999999999982,0.89,2.8175000000000003,2.0,6.7137,0.0,1025.23
2020-02-20 05:00:00,1.1111111111111112,-1.8833333333333337,0.85,9.66,0.0,6.118,0.0,1025.6
2020-02-20 06:00:00,1.1111111111111112,-2.272222222222222,0.85,11.270000000000001,340.0,6.118,0.0,1026.1
2020-02-20 07:00:00,1.25,-1.8333333333333337,0.86,10.126900000000001,341.0,5.763800000000001,0.0,1026.77
2020-02-20 08:00:00,1.1111111111111112,-2.622222222222222,0.85,12.88,0.0,6.118,0.0,1027.7
2020-02-20 09:00:00,1.1111111111111112,-2.933333333333334,0.85,14.49,20.0,4.9910000000000005,0.0,1028.1
2020-02-20 10:00:00,1.25,-3.227777777777777,0.86,17.227,358.0,4.9588,0.0,1028.33
2020-02-20 11:00:00,1.1111111111111112,-2.272222222222222,0.92,11.270000000000001,0.0,2.254,0.0,1028.9
2020-02-20 12:00:00,1.1111111111111112,-3.2166666666666663,0.92,16.1,20.0,2.5760000000000005,0.0,1029.4
2020-02-20 13:00:00,1.1111111111111112,-2.9277777777777776,0.93,14.457800000000002,8.0,2.5438,0.0,1029.67
2020-02-20 14:00:00,1.1111111111111112,-2.622222222222222,0.92,12.88,10.0,1.7710000000000004,0.0,1030.0
2020-02-20 15:00:00,0.0,-4.299999999999999,0.92,14.49,0.0,3.5420000000000007,0.0,1030.5
2020-02-20 16:00:00,1.1277777777777784,-2.9499999999999993,0.93,14.6832,0.0,4.395300000000001,0.0,1030.64
2020-02-20 17:00:00,1.1111111111111112,-2.622222222222222,0.92,12.88,350.0,1.932,0.0,1031.0
2020-02-20 18:00:00,0.0,-3.2055555555555553,1.0,9.66,340.0,1.7710000000000004,0.0,1032.0
2020-02-20 19:00:00,1.1277777777777784,-2.6444444444444453,0.93,13.105400000000001,352.0,4.395300000000001,0.0,1032.26
2020-02-20 20:00:00,1.1111111111111112,-2.272222222222222,0.92,11.270000000000001,0.0,6.118,0.0,1032.7
2020-02-20 21:00:00,1.1111111111111112,-0.8944444444444442,0.89,6.44,340.0,7.084000000000001,0.0,1033.3
2020-02-20 22:00:00,0.6611111111111099,-1.3999999999999997,0.93,6.391700000000001,323.0,6.166300000000001,0.0,1033.67
2020-02-20 23:00:00,0.5555555555555556,-1.5388888888888888,0.92,6.44,340.0,4.9910000000000005,0.0,1034.0
2020-02-21 00:00:00,0.5555555555555556,-1.5388888888888888,0.92,6.44,320.0,4.025,0.0,1034.0
2020-02-21 01:00:00,0.6055555555555574,-2.622222222222222,0.9,10.1913,339.0,4.459700000000001,0.0,1034.15
2020-02-21 02:00:00,0.0,-2.177777777777779,0.89,6.44,330.0,4.025,0.0,1034.3
2020-02-21 03:00:00,-1.1111111111111112,-1.1111111111111112,0.92,3.22,310.0,4.025,0.0,1034.3
2020-02-21 04:00:00,-2.033333333333333,-5.938888888888889,0.89,10.8031,350.0,4.395300000000001,0.0,1034.0
2020-02-21 05:00:00,-2.7777777777777777,-6.0,0.85,8.05,10.0,7.084000000000001,0.0,1034.0
2020-02-21 06:00:00,-2.7777777777777777,-6.51111111111111,0.85,9.66,350.0,7.084000000000001,0.0,1034.2
2020-02-21 07:00:00,-3.644444444444444,-5.738888888888888,0.86,5.0715,350.0,7.985600000000001,0.0,1034.26
2020-02-21 08:00:00,-2.2222222222222223,-2.2222222222222223,0.75,4.83,20.0,9.982000000000001,0.0,1034.7
2020-02-21 09:00:00,1.1111111111111112,-2.622222222222222,0.59,12.88,50.0,9.982000000000001,0.0,1034.6
2020-02-21 10:00:00,2.5555555555555562,-1.0222222222222221,0.49,13.7011,66.0,9.982000000000001,0.0,1034.47
2020-02-21 11:00:00,3.888888888888889,0.22222222222222143,0.44,16.1,90.0,9.982000000000001,0.0,1034.2
2020-02-21 12:00:00,3.888888888888889,-0.011111111111110874,0.44,17.71,80.0,9.982000000000001,0.0,1034.2
2020-02-21 13:00:00,4.566666666666666,2.5833333333333326,0.5,8.227100000000002,99.0,9.3702,0.0,1033.82
2020-02-21 14:00:00,6.111111111111111,4.444444444444445,0.45,8.05,150.0,9.982000000000001,0.0,1033.2
2020-02-21 15:00:00,3.888888888888889,3.888888888888889,0.52,4.83,240.0,9.982000000000001,0.0,1033.1
2020-02-21 16:00:00,2.6722222222222234,2.6722222222222234,0.62,3.1556,234.0,9.3702,0.0,1032.97
2020-02-21 17:00:00,1.1111111111111112,1.1111111111111112,0.64,1.61,330.0,9.982000000000001,0.0,1032.8
2020-02-21 18:00:00,-2.2222222222222223,-2.2222222222222223,0.88,4.83,170.0,9.982000000000001,0.0,1033.0
2020-02-21 19:00:00,-4.550000000000001,-4.550000000000001,0.93,3.4776000000000002,174.0,0.6440000000000001,0.0,1033.47
2020-02-21 20:00:00,-3.888888888888889,-7.838888888888889,0.92,9.66,170.0,0.16100000000000003,0.0,1033.7
2020-02-21 21:00:00,-4.444444444444445,-7.311111111111111,0.92,6.44,180.0,0.16100000000000003,0.0,1033.6
2020-02-21 22:00:00,-4.722222222222222,-4.722222222222222,0.93,3.22,180.0,0.16100000000000003,0.0,1033.8
2020-02-21 23:00:00,-5.0,-7.955555555555555,0.92,6.44,210.0,0.16100000000000003,0.0,1034.2
2020-02-22 00:00:00,-6.111111111111111,-6.111111111111111,0.92,3.22,240.0,0.16100000000000003,0.0,1034.4
2020-02-22 01:00:00,-6.15,-6.15,0.89,2.6565,208.0,0.16100000000000003,0.0,1034.06
2020-02-22 02:00:00,-7.777777777777778,-7.777777777777778,0.88,3.22,200.0,0.16100000000000003,0.0,1034.1
2020-02-22 03:00:00,-7.222222222222222,-7.222222222222222,0.92,3.22,200.0,0.16100000000000003,0.0,1033.6
2020-02-22 04:00:00,-7.622222222222222,-7.622222222222222,0.93,2.8658,199.0,0.1932,0.0,1033.58
2020-02-22 05:00:00,-8.88888888888889,-8.88888888888889,0.84,3.22,200.0,0.16100000000000003,0.0,1033.7
2020-02-22 06:00:00,-8.88888888888889,-8.88888888888889,0.84,3.22,200.0,0.16100000000000003,0.0,1033.6
2020-02-22 07:00:00,-8.333333333333334,-8.333333333333334,0.93,2.6726,183.0,2.8175000000000003,0.0,1033.6
2020-02-22 08:00:00,-6.111111111111111,-6.111111111111111,0.88,0.0,0.0,3.22,0.0,1033.5
2020-02-22 09:00:00,-5.0,-5.0,0.92,3.22,180.0,3.5420000000000007,0.0,1033.7
2020-02-22 10:00:00,-2.933333333333334,-4.811111111111111,0.93,4.83,193.0,3.1878,0.0,1034.0
2020-02-22 11:00:00,-1.1111111111111112,-4.038888888888888,0.92,8.05,190.0,3.5420000000000007,0.0,1034.1
2020-02-22 12:00:00,1.1111111111111112,-1.427777777777778,0.85,8.05,160.0,3.5420000000000007,0.0,1033.8
2020-02-22 13:00:00,1.8611111111111118,-0.8222222222222224,0.74,8.9999,166.0,4.652900000000001,0.0,1033.25
2020-02-22 14:00:00,2.2222222222222223,-0.12777777777777802,0.72,8.05,170.0,4.9910000000000005,0.0,1032.6
2020-02-22 15:00:00,1.1111111111111112,-1.8833333333333337,0.78,9.66,170.0,6.118,0.0,1032.3
2020-02-22 16:00:00,0.8888888888888897,-1.6666666666666667,0.8,7.953400000000001,176.0,4.4114,0.0,1032.07
2020-02-22 17:00:00,-1.1111111111111112,-4.527777777777777,0.88,9.66,170.0,4.508,0.0,1031.6
2020-02-22 18:00:00,-2.2222222222222223,-5.344444444444445,0.88,8.05,170.0,3.059,0.0,1031.5
2020-02-22 19:00:00,-2.705555555555556,-6.044444444444443,0.93,8.4364,174.0,4.347,0.0,1031.62
2020-02-22 20:00:00,-5.0,-8.61111111111111,0.92,8.05,170.0,2.5760000000000005,0.0,1031.7
2020-02-22 21:00:00,-6.111111111111111,-9.238888888888889,0.92,6.44,190.0,1.932,0.0,1031.7
2020-02-22 22:00:00,-6.322222222222221,-6.322222222222221,0.93,2.9785000000000004,178.0,1.2236,0.0,1031.72
2020-02-22 23:00:00,-7.222222222222222,-12.316666666666668,0.92,11.270000000000001,180.0,1.449,0.0,1031.3
2020-02-23 00:00:00,-7.222222222222222,-10.52222222222222,0.88,6.44,170.0,2.5760000000000005,0.0,1031.1
2020-02-23 01:00:00,-8.038888888888888,-13.050000000000002,0.93,10.465,182.0,1.0626000000000002,0.0,1030.87
2020-02-23 02:00:00,-8.333333333333334,-11.805555555555555,0.88,6.44,180.0,0.6440000000000001,0.0,1030.3
2020-02-23 03:00:00,-9.444444444444445,-9.444444444444445,0.92,3.22,190.0,0.16100000000000003,0.0,1029.8
2020-02-23 04:00:00,-9.483333333333333,-12.866666666666667,0.9,5.9409,191.0,1.7549000000000001,0.0,1029.16
2020-02-23 05:00:00,-10.0,-10.0,0.92,3.22,160.0,1.2880000000000003,0.0,1029.1
2020-02-23 06:00:00,-8.88888888888889,-13.177777777777777,0.84,8.05,160.0,1.2880000000000003,0.0,1028.4
2020-02-23 07:00:00,-7.811111111111111,-11.805555555555555,0.86,7.776300000000001,159.0,0.32200000000000006,0.0,1028.49
2020-02-23 08:00:00,-7.222222222222222,-11.216666666666665,0.96,8.05,160.0,0.32200000000000006,0.0,1028.2
2020-02-23 09:00:00,-6.111111111111111,-6.111111111111111,0.92,4.83,160.0,0.32200000000000006,0.0,1028.3
2020-02-23 10:00:00,-5.088888888888889,-8.716666666666667,0.93,8.0661,179.0,0.2898,0.0,1027.19
2020-02-23 11:00:00,-3.888888888888889,-7.838888888888889,0.92,9.66,190.0,0.32200000000000006,0.0,1026.7
2020-02-23 12:00:00,-3.888888888888889,-8.711111111111112,0.92,12.88,210.0,0.32200000000000006,0.0,1026.7
2020-02-23 13:00:00,-2.116666666666666,-7.027777777777777,0.96,15.101800000000003,200.0,0.6440000000000001,0.0,1025.99
2020-02-23 14:00:00,-2.2222222222222223,-8.166666666666666,0.96,20.93,190.0,0.6440000000000001,0.0,1024.8
2020-02-23 15:00:00,-2.2222222222222223,-7.644444444444446,1.0,17.71,190.0,0.6440000000000001,0.0,1023.7
2020-02-23 16:00:00,-2.066666666666666,-7.266666666666666,0.96,16.6796,190.0,0.7889,0.0,1023.33
2020-02-23 17:00:00,-2.2222222222222223,-8.166666666666666,0.96,20.93,200.0,0.805,0.0,1022.8
2020-02-23 18:00:00,-2.2222222222222223,-7.3500000000000005,0.96,16.1,200.0,0.805,0.0,1022.6
2020-02-23 19:00:00,-2.066666666666666,-7.26111111111111,0.96,16.6474,194.0,2.2862,0.0,1022.72
2020-02-23 20:00:00,-2.2222222222222223,-6.683333333333334,0.96,12.88,210.0,2.5760000000000005,0.0,1022.5
2020-02-23 21:00:00,-1.6666666666666667,-6.35,0.96,14.49,210.0,3.059,0.0,1022.5
2020-02-23 22:00:00,-0.5055555555555556,-4.866666666666668,0.93,14.2163,215.0,4.459700000000001,0.0,1022.34
2020-02-23 23:00:00,0.5555555555555556,-2.9444444444444446,0.89,11.270000000000001,240.0,4.9910000000000005,0.0,1022.4
2020-02-24 00:00:00,1.6666666666666667,-1.6055555555555558,0.82,11.270000000000001,260.0,7.084000000000001,0.0,1021.8
2020-02-24 01:00:00,2.6055555555555543,-1.4722222222222214,0.81,16.7762,278.0,7.985600000000001,0.0,1021.95
2020-02-24 02:00:00,2.7777777777777777,-0.8833333333333333,0.82,14.49,270.0,8.05,0.0,1022.0
2020-02-24 03:00:00,2.2222222222222223,-2.094444444444444,0.85,17.71,270.0,8.05,0.0,1021.7
2020-02-24 04:00:00,1.2666666666666673,-3.177777777777777,0.9,17.0177,278.0,13.9587,0.0,1021.92
2020-02-24 05:00:00,0.0,-4.594444444444444,0.92,16.1,280.0,9.982000000000001,0.0,1021.7
2020-02-24 06:00:00,1.1111111111111112,-2.933333333333334,0.85,14.49,270.0,8.05,0.0,1021.7
2020-02-24 07:00:00,2.1888888888888878,-1.5666666666666669,0.92,14.2485,269.0,7.985600000000001,0.0,1021.79
2020-02-24 08:00:00,2.7777777777777777,-0.2666666666666669,0.89,11.270000000000001,260.0,8.05,0.0,1022.3
2020-02-24 09:00:00,2.7777777777777777,-0.2666666666666669,0.89,11.270000000000001,230.0,9.982000000000001,0.0,1022.4
2020-02-24 10:00:00,3.888888888888889,0.8222222222222205,0.83,12.5419,233.0,9.982000000000001,0.0,1022.41
2020-02-24 11:00:00,6.111111111111111,3.2111111111111117,0.79,14.49,260.0,9.982000000000001,0.0,1021.8
2020-02-24 12:00:00,6.111111111111111,2.9777777777777774,0.76,16.1,250.0,9.982000000000001,0.0,1021.5
2020-02-24 13:00:00,5.8500000000000005,2.372222222222224,0.71,18.2252,242.0,9.982000000000001,0.0,1020.57
2020-02-24 14:00:00,6.111111111111111,2.0444444444444443,0.7,24.150000000000002,250.0,9.982000000000001,0.0,1019.6
2020-02-24 15:00:00,6.111111111111111,2.9777777777777774,0.7,16.1,260.0,9.982000000000001,0.0,1019.1
2020-02-24 16:00:00,5.033333333333335,3.6055555555555565,0.7,6.5366,226.0,9.982000000000001,0.0,1019.09
2020-02-24 17:00:00,5.0,2.7500000000000018,0.7,9.66,230.0,9.982000000000001,0.0,1019.3
2020-02-24 18:00:00,7.222222222222222,4.577777777777779,0.65,14.49,270.0,9.982000000000001,0.0,1019.2
2020-02-24 19:00:00,4.911111111111113,2.0333333333333314,0.76,12.735100000000001,267.0,9.982000000000001,0.0,1019.07
2020-02-24 20:00:00,5.0,2.116666666666668,0.76,12.88,260.0,9.982000000000001,0.0,1018.8
2020-02-24 21:00:00,4.444444444444445,1.161111111111113,0.79,14.49,280.0,16.1,0.0,1018.3
2020-02-24 22:00:00,5.58888888888889,2.622222222222222,0.79,14.1519,260.0,15.150100000000002,0.0,1018.28
2020-02-24 23:00:00,4.444444444444445,0.6833333333333316,0.85,17.71,280.0,16.1,0.0,1018.1
2020-02-25 00:00:00,4.444444444444445,1.161111111111113,0.85,14.49,280.0,15.134000000000002,0.0,1017.8
2020-02-25 01:00:00,6.25,3.0444444444444425,0.79,16.8728,260.0,14.329,0.0,1017.32
2020-02-25 02:00:00,5.555555555555555,2.0722222222222206,0.82,17.71,290.0,15.134000000000002,0.0,1017.5
2020-02-25 03:00:00,6.666666666666667,2.3277777777777766,0.79,28.98,290.0,0.0,0.0,1016.9
2020-02-25 04:00:00,5.088888888888887,2.433333333333335,0.87,11.7047,264.0,14.329,0.0,1017.03
2020-02-25 05:00:00,6.111111111111111,2.9777777777777774,0.79,16.1,270.0,9.982000000000001,0.0,1016.5
2020-02-25 06:00:00,3.888888888888889,-0.6222222222222228,0.89,22.540000000000003,280.0,9.982000000000001,0.0,1015.7
2020-02-25 07:00:00,4.200000000000001,0.8666666666666679,0.88,14.457800000000002,278.0,9.982000000000001,0.0,1016.32
2020-02-25 08:00:00,7.777777777777778,3.7722222222222217,0.71,28.98,300.0,9.982000000000001,0.0,1016.6
2020-02-25 09:00:00,7.777777777777778,4.17777777777778,0.71,24.150000000000002,310.0,9.982000000000001,0.0,1016.8
2020-02-25 10:00:00,8.961111111111112,5.572222222222223,0.65,25.582900000000002,310.0,10.368400000000001,0.0,1016.91
2020-02-25 11:00:00,10.0,6.244444444444445,0.61,35.42,320.0,11.270000000000001,0.0,1017.2
2020-02-25 12:00:00,10.0,6.061111111111109,0.58,38.64,310.0,11.270000000000001,0.0,1017.1
2020-02-25 13:00:00,10.122222222222222,10.122222222222222,0.5,34.2608,319.0,11.4471,0.0,1016.65
2020-02-25 14:00:00,11.11111111111111,11.11111111111111,0.54,30.590000000000003,320.0,11.270000000000001,0.0,1016.1
2020-02-25 15:00:00,10.0,6.894444444444442,0.54,25.76,310.0,11.270000000000001,0.0,1015.7
2020-02-25 16:00:00,9.100000000000001,6.166666666666668,0.53,20.865600000000004,307.0,11.4471,0.0,1015.76
2020-02-25 17:00:00,7.222222222222222,4.355555555555558,0.65,16.1,290.0,9.982000000000001,0.0,1015.5
2020-02-25 18:00:00,7.222222222222222,4.1499999999999995,0.6,17.71,300.0,9.982000000000001,0.0,1015.4
2020-02-25 19:00:00,5.227777777777776,2.294444444444446,0.69,13.4435,298.0,9.982000000000001,0.0,1015.71
2020-02-25 20:00:00,3.888888888888889,1.427777777777778,0.76,9.66,270.0,9.982000000000001,0.0,1015.4
2020-02-25 21:00:00,2.7777777777777777,-0.2666666666666669,0.79,11.270000000000001,230.0,16.1,0.0,1015.4
2020-02-25 22:00:00,3.3333333333333335,0.4111111111111122,0.8,11.237800000000002,260.0,15.150100000000002,0.0,1015.76
2020-02-25 23:00:00,2.2222222222222223,0.38888888888889045,0.82,6.44,270.0,16.1,0.0,1015.5
2020-02-26 00:00:00,1.6666666666666667,1.6666666666666667,0.85,3.22,250.0,16.1,0.0,1015.5
2020-02-26 01:00:00,2.3444444444444437,0.5500000000000012,0.86,6.3756,279.0,15.150100000000002,0.0,1015.35
2020-02-26 02:00:00,2.2222222222222223,-1.5666666666666669,0.85,14.49,270.0,16.1,0.0,1014.7
2020-02-26 03:00:00,2.2222222222222223,-1.5666666666666669,0.82,14.49,280.0,16.1,0.0,1013.9
2020-02-26 04:00:00,2.794444444444445,-0.027777777777778172,0.81,10.304000000000002,270.0,15.150100000000002,0.0,1013.19
2020-02-26 05:00:00,2.7777777777777777,-0.8833333333333333,0.76,14.49,280.0,9.982000000000001,0.0,1013.0
2020-02-26 06:00:00,2.2222222222222223,-1.5666666666666669,0.79,14.49,280.0,9.982000000000001,0.0,1012.8
2020-02-26 07:00:00,2.794444444444445,-1.1944444444444438,0.78,16.5025,277.0,9.982000000000001,0.0,1013.19
2020-02-26 08:00:00,3.888888888888889,-0.43333333333333396,0.7,20.93,290.0,9.982000000000001,0.0,1013.4
2020-02-26 09:00:00,5.0,0.6222222222222208,0.65,24.150000000000002,310.0,9.982000000000001,0.0,1012.9
2020-02-26 10:00:00,7.049999999999999,3.4500000000000006,0.64,22.0892,299.0,10.368400000000001,0.0,1013.01
2020-02-26 11:00:00,7.777777777777778,3.6444444444444457,0.58,30.590000000000003,310.0,9.982000000000001,0.0,1012.9
2020-02-26 12:00:00,7.777777777777778,3.9000000000000017,0.58,27.37,330.0,11.270000000000001,0.0,1013.1
2020-02-26 13:00:00,8.855555555555554,5.516666666666667,0.49,24.633000000000003,336.0,11.4471,0.0,1012.96
2020-02-26 14:00:00,7.777777777777778,3.9000000000000017,0.49,27.37,340.0,11.270000000000001,0.0,1012.7
2020-02-26 15:00:00,8.88888888888889,5.216666666666667,0.54,28.98,310.0,11.270000000000001,0.0,1012.4
2020-02-26 16:00:00,7.966666666666669,4.688888888888887,0.52,21.3486,330.0,11.4471,0.0,1012.25
2020-02-26 17:00:00,7.222222222222222,3.622222222222224,0.6,22.540000000000003,310.0,11.270000000000001,0.0,1012.5
2020-02-26 18:00:00,3.888888888888889,0.47777777777777747,0.76,14.49,300.0,9.982000000000001,0.0,1013.4
2020-02-26 19:00:00,3.872222222222222,0.44444444444444287,0.71,14.586600000000002,299.0,9.982000000000001,0.0,1014.04
2020-02-26 20:00:00,2.7777777777777777,-1.1555555555555546,0.7,16.1,310.0,9.982000000000001,0.0,1014.4
2020-02-26 21:00:00,2.2222222222222223,-1.5666666666666669,0.75,14.49,320.0,16.1,0.0,1015.4
2020-02-26 22:00:00,0.8333333333333334,-2.6999999999999997,0.82,11.656400000000001,318.0,15.150100000000002,0.0,1016.09
2020-02-26 23:00:00,1.1111111111111112,-2.933333333333334,0.82,14.49,310.0,16.1,0.0,1016.5
2020-02-27 00:00:00,0.5555555555555556,-4.172222222222223,0.82,17.71,340.0,16.1,0.0,1016.9
2020-02-27 01:00:00,0.9888888888888895,-3.0944444444444446,0.8,14.570500000000003,357.0,15.150100000000002,0.0,1017.75
2020-02-27 02:00:00,1.1111111111111112,-3.483333333333333,0.72,17.71,30.0,16.1,0.0,1018.2
2020-02-27 03:00:00,1.1111111111111112,-2.933333333333334,0.72,14.49,10.0,16.1,0.0,1018.7
2020-02-27 04:00:00,0.4500000000000013,-3.533333333333333,0.67,13.4113,9.0,15.150100000000002,0.0,1019.22
2020-02-27 05:00:00,0.0,-4.594444444444444,0.69,16.1,340.0,11.270000000000001,0.0,1019.6
2020-02-27 06:00:00,0.0,-3.9722222222222214,0.69,12.88,330.0,11.270000000000001,0.0,1020.3
2020-02-27 07:00:00,-0.033333333333332625,-5.222222222222221,0.59,19.706400000000002,322.0,11.4471,0.0,1021.12
2020-02-27 08:00:00,0.0,-4.866666666666668,0.58,17.71,320.0,11.270000000000001,0.0,1021.8
2020-02-27 09:00:00,1.1111111111111112,-3.9499999999999997,0.54,20.93,340.0,11.270000000000001,0.0,1022.1
2020-02-27 10:00:00,2.1722222222222203,-2.116666666666666,0.54,17.4524,339.0,11.4471,0.0,1022.19
2020-02-27 11:00:00,2.7777777777777777,-1.1555555555555546,0.48,16.1,0.0,11.270000000000001,0.0,1022.3
2020-02-27 12:00:00,3.888888888888889,1.072222222222222,0.48,11.270000000000001,0.0,11.270000000000001,0.0,1022.3
2020-02-27 13:00:00,3.8555555555555543,0.6722222222222227,0.46,13.1376,348.0,11.4471,0.0,1021.6
2020-02-27 14:00:00,3.888888888888889,0.47777777777777747,0.42,14.49,310.0,11.270000000000001,0.0,1021.1
2020-02-27 15:00:00,3.888888888888889,0.47777777777777747,0.39,14.49,340.0,11.270000000000001,0.0,1020.3
2020-02-27 16:00:00,3.872222222222222,0.2777777777777778,0.43,15.6009,289.0,10.368400000000001,0.0,1020.15
2020-02-27 17:00:00,2.7777777777777777,0.10555555555555429,0.52,9.66,350.0,9.982000000000001,0.0,1020.4
2020-02-27 18:00:00,2.2222222222222223,2.2222222222222223,0.5,4.83,330.0,11.270000000000001,0.0,1020.8
2020-02-27 19:00:00,2.116666666666668,-1.5888888888888886,0.5,13.894300000000003,318.0,10.368400000000001,0.0,1021.15
2020-02-27 20:00:00,0.0,-4.594444444444444,0.63,16.1,330.0,9.982000000000001,0.0,1021.5
2020-02-27 21:00:00,0.0,-3.611111111111111,0.61,11.270000000000001,330.0,16.1,0.0,1021.9
2020-02-27 22:00:00,-1.0055555555555549,-3.0944444444444446,0.68,5.828200000000001,300.0,15.520400000000002,0.0,1022.32
2020-02-27 23:00:00,-1.1111111111111112,-5.666666666666667,0.63,14.49,320.0,16.1,0.0,1022.2
2020-02-28 00:00:00,-1.6666666666666667,-6.35,0.66,14.49,330.0,16.1,0.0,1022.6
2020-02-28 01:00:00,-1.6999999999999993,-5.216666666666667,0.74,9.6117,42.0,15.150100000000002,0.0,1023.17
2020-02-28 02:00:00,-3.3333333333333335,-6.027777777777779,0.85,6.44,10.0,16.1,0.0,1023.2
2020-02-28 03:00:00,-4.444444444444445,-7.311111111111111,0.88,6.44,300.0,16.1,0.0,1023.2
2020-02-28 04:00:00,-4.394444444444444,-7.244444444444444,0.85,6.423900000000001,330.0,15.150100000000002,0.0,1023.25
2020-02-28 05:00:00,-5.0,-8.61111111111111,0.84,8.05,300.0,9.982000000000001,0.0,1023.1
2020-02-28 06:00:00,-5.0,-5.0,0.84,3.22,340.0,9.982000000000001,0.0,1023.2
2020-02-28 07:00:00,-3.9055555555555563,-3.9055555555555563,0.85,0.6440000000000001,319.0,9.982000000000001,0.0,1023.55
2020-02-28 08:00:00,-2.2222222222222223,-4.005555555555556,0.81,4.83,310.0,9.982000000000001,0.0,1024.0
2020-02-28 09:00:00,-1.1111111111111112,-4.038888888888888,0.81,8.05,290.0,11.270000000000001,0.0,1024.1
2020-02-28 10:00:00,0.033333333333334596,-2.3555555555555547,0.59,7.0357,283.0,11.0768,0.0,1023.93
2020-02-28 11:00:00,1.1111111111111112,-2.622222222222222,0.43,12.88,250.0,11.270000000000001,0.0,1023.8
2020-02-28 12:00:00,1.1111111111111112,-2.933333333333334,0.59,14.49,250.0,11.270000000000001,0.0,1023.2
2020-02-28 13:00:00,1.0777777777777766,-2.6722222222222216,0.6,12.9122,251.0,11.4471,0.0,1022.41
2020-02-28 14:00:00,1.1111111111111112,-2.622222222222222,0.59,12.88,240.0,11.270000000000001,0.0,1021.7
2020-02-28 15:00:00,0.0,-3.9722222222222214,0.82,12.88,260.0,8.05,0.0,1021.2
2020-02-28 16:00:00,0.033333333333334596,-3.611111111111111,0.85,11.4471,242.0,11.0768,0.0,1020.63
2020-02-28 17:00:00,-1.1111111111111112,-4.949999999999999,0.92,11.270000000000001,210.0,4.9910000000000005,0.0,1019.8
2020-02-28 18:00:00,-1.1111111111111112,-5.327777777777778,0.92,12.88,200.0,4.508,0.0,1019.0
2020-02-28 19:00:00,-1.0611111111111111,-5.544444444444445,0.93,14.2002,201.0,5.216400000000001,0.0,1018.06
2020-02-28 20:00:00,-1.1111111111111112,-6.255555555555556,0.92,17.71,200.0,2.5760000000000005,0.0,1017.0
2020-02-28 21:00:00,-1.1111111111111112,-5.666666666666667,0.96,14.49,190.0,0.966,0.0,1015.8
2020-02-28 22:00:00,-0.4499999999999993,-4.861111111111111,0.93,14.5222,203.0,1.7227000000000001,0.0,1014.46
2020-02-28 23:00:00,0.0,-3.611111111111111,0.96,11.270000000000001,210.0,3.059,0.0,1013.1
2020-02-29 00:00:00,0.5555555555555556,-3.616666666666668,0.96,14.49,240.0,0.0,0.0,1011.8
2020-02-29 01:00:00,1.6499999999999995,-3.177777777777777,0.96,20.286,267.0,3.7674,0.0,1010.22
2020-02-29 02:00:00,3.3333333333333335,-1.6888888888888884,0.92,25.76,300.0,3.5420000000000007,0.0,1009.1
2020-02-29 03:00:00,4.444444444444445,-0.8444444444444442,0.92,32.2,310.0,4.025,0.0,1008.5
2020-02-29 04:00:00,4.794444444444446,0.39999999999999936,0.89,23.7314,307.0,4.9910000000000005,0.0,1008.15
2020-02-29 05:00:00,7.222222222222222,2.361111111111111,0.86,38.64,320.0,7.084000000000001,0.0,1007.7
2020-02-29 06:00:00,7.222222222222222,2.6833333333333322,0.86,33.81,320.0,11.270000000000001,0.0,1008.1
2020-02-29 07:00:00,7.205555555555555,3.622222222222224,0.86,22.314600000000002,346.0,10.706500000000002,0.0,1008.86
2020-02-29 08:00:00,5.0,1.6000000000000014,0.93,16.1,20.0,11.270000000000001,0.0,1010.8
2020-02-29 09:00:00,3.888888888888889,0.7611111111111097,0.92,12.88,30.0,8.05,0.0,1012.1
2020-02-29 10:00:00,6.372222222222222,3.3444444444444463,0.86,15.794100000000002,38.0,11.0768,0.0,1013.04
2020-02-29 11:00:00,7.777777777777778,5.26111111111111,0.83,14.49,10.0,11.270000000000001,0.0,1014.1
2020-02-29 12:00:00,11.11111111111111,11.11111111111111,0.61,24.150000000000002,10.0,11.270000000000001,0.0,1014.5
2020-02-29 13:00:00,11.06111111111111,11.06111111111111,0.55,20.769000000000002,36.0,11.4471,0.0,1014.52
2020-02-29 14:00:00,11.11111111111111,11.11111111111111,0.54,14.49,40.0,11.270000000000001,0.0,1015.0
2020-02-29 15:00:00,11.11111111111111,11.11111111111111,0.56,12.88,40.0,11.270000000000001,0.0,1015.3
2020-02-29 16:00:00,11.144444444444446,11.144444444444446,0.53,16.4703,29.0,11.4471,0.0,1015.71
2020-02-29 17:00:00,8.88888888888889,7.383333333333332,0.63,9.66,50.0,11.270000000000001,0.0,1016.5
2020-02-29 18:00:00,7.777777777777778,5.26111111111111,0.68,14.49,80.0,11.270000000000001,0.0,1017.6
2020-02-29 19:00:00,6.927777777777777,5.655555555555555,0.73,7.0357,136.0,9.982000000000001,0.0,1018.25
2020-02-29 20:00:00,3.888888888888889,3.888888888888889,0.82,3.22,160.0,9.982000000000001,0.0,1019.1
2020-02-29 21:00:00,3.888888888888889,2.311111111111109,0.82,6.44,180.0,16.1,0.0,1019.6
2020-02-29 22:00:00,1.3166666666666653,1.3166666666666653,0.91,2.9785000000000004,227.0,15.150100000000002,0.0,1020.2
2020-02-29 23:00:00,0.5555555555555556,0.5555555555555556,0.92,3.22,230.0,16.1,0.0,1020.8
2020-03-01 00:00:00,0.0,0.0,0.96,3.22,310.0,16.1,0.0,1021.2
2020-03-01 01:00:00,0.6055555555555574,0.6055555555555574,0.92,3.1234,304.0,15.150100000000002,0.0,1021.61
2020-03-01 02:00:00,1.1111111111111112,-0.8944444444444442,0.89,6.44,300.0,16.1,0.0,1021.5
2020-03-01 03:00:00,0.0,0.0,0.89,3.22,50.0,16.1,0.0,1022.0
2020-03-01 04:00:00,-0.3499999999999994,-2.4333333333333327,0.92,6.0697,350.0,15.150100000000002,0.0,1022.67
2020-03-01 05:00:00,-1.1111111111111112,-4.038888888888888,0.92,8.05,320.0,9.982000000000001,0.0,1023.6
2020-03-01 06:00:00,-1.1111111111111112,-1.1111111111111112,0.92,1.61,350.0,9.982000000000001,0.0,1023.8
2020-03-01 07:00:00,-1.0777777777777784,-2.7611111111111106,0.92,4.9427,320.0,9.982000000000001,0.0,1024.17
2020-03-01 08:00:00,2.2222222222222223,2.2222222222222223,0.85,1.61,290.0,4.9910000000000005,0.0,1024.9
2020-03-01 09:00:00,6.111111111111111,4.072222222222221,0.7,9.66,330.0,9.982000000000001,0.0,1025.1
2020-03-01 10:00:00,7.727777777777776,6.016666666666666,0.62,9.5473,27.0,9.982000000000001,0.0,1025.4
2020-03-01 11:00:00,7.777777777777778,5.761111111111109,0.58,11.270000000000001,350.0,9.982000000000001,0.0,1025.6
2020-03-01 12:00:00,8.88888888888889,7.705555555555555,0.54,8.05,310.0,9.982000000000001,0.0,1025.9
2020-03-01 13:00:00,9.877777777777778,9.877777777777778,0.5,3.6547,22.0,10.368400000000001,0.0,1025.53
2020-03-01 14:00:00,11.11111111111111,11.11111111111111,0.43,1.61,60.0,9.982000000000001,0.0,1025.5
2020-03-01 15:00:00,10.555555555555555,10.555555555555555,0.44,6.44,40.0,16.1,0.0,1025.4
2020-03-01 16:00:00,10.88888888888889,10.88888888888889,0.45,6.8264000000000005,171.0,10.368400000000001,0.0,1024.96
2020-03-01 17:00:00,8.88888888888889,7.705555555555555,0.54,8.05,170.0,9.982000000000001,0.0,1024.8
2020-03-01 18:00:00,7.222222222222222,5.394444444444445,0.6,9.66,150.0,9.982000000000001,0.0,1025.0
2020-03-01 19:00:00,5.122222222222222,2.883333333333332,0.72,9.708300000000001,189.0,9.982000000000001,0.0,1025.04
2020-03-01 20:00:00,5.0,2.411111111111113,0.86,11.270000000000001,200.0,9.982000000000001,0.0,1024.5
2020-03-01 21:00:00,5.0,2.411111111111113,0.86,11.270000000000001,200.0,16.1,0.0,1024.4
2020-03-01 22:00:00,5.466666666666669,3.0777777777777775,0.83,10.7548,218.0,15.150100000000002,0.0,1024.09
2020-03-01 23:00:00,5.555555555555555,4.238888888888891,0.76,6.44,210.0,16.1,0.0,1023.7
2020-03-02 00:00:00,5.555555555555555,3.0833333333333317,0.76,11.270000000000001,220.0,16.1,0.0,1023.4
2020-03-02 01:00:00,5.433333333333334,2.5333333333333345,0.78,13.524000000000001,209.0,15.150100000000002,0.0,1022.87
2020-03-02 02:00:00,5.555555555555555,3.0833333333333317,0.82,11.270000000000001,210.0,16.1,0.0,1022.2
2020-03-02 03:00:00,5.555555555555555,3.0833333333333317,0.82,11.270000000000001,210.0,16.1,0.0,1021.6
2020-03-02 04:00:00,5.3999999999999995,3.888888888888889,0.86,7.0196000000000005,207.0,11.753,0.0,1020.96
2020-03-02 05:00:00,6.111111111111111,4.072222222222221,0.86,9.66,210.0,7.084000000000001,0.0,1020.6
2020-03-02 06:00:00,7.777777777777778,5.761111111111109,0.89,11.270000000000001,270.0,8.05,0.0,1020.1
2020-03-02 07:00:00,8.61111111111111,6.261111111111113,0.9,14.6671,303.0,9.982000000000001,0.0,1020.2
2020-03-02 08:00:00,8.88888888888889,6.422222222222223,0.89,16.1,320.0,9.982000000000001,0.0,1020.3
2020-03-02 09:00:00,11.11111111111111,11.11111111111111,0.8,22.540000000000003,320.0,9.982000000000001,0.0,1020.4
2020-03-02 10:00:00,12.711111111111112,12.711111111111112,0.69,23.0069,331.0,11.0768,0.0,1020.32
2020-03-02 11:00:00,12.777777777777779,12.777777777777779,0.69,17.71,320.0,11.270000000000001,0.0,1019.9
2020-03-02 12:00:00,12.777777777777779,12.777777777777779,0.69,20.93,330.0,11.270000000000001,0.0,1019.7
2020-03-02 13:00:00,14.011111111111111,14.011111111111111,0.62,17.951500000000003,321.0,11.4471,0.0,1019.7
2020-03-02 14:00:00,13.88888888888889,13.88888888888889,0.64,20.93,310.0,11.270000000000001,0.0,1019.6
2020-03-02 15:00:00,12.777777777777779,12.777777777777779,0.64,14.49,350.0,11.270000000000001,0.0,1019.7
2020-03-02 16:00:00,12.36111111111111,12.36111111111111,0.7,9.2736,321.0,11.4471,0.0,1019.71
2020-03-02 17:00:00,11.11111111111111,11.11111111111111,0.8,14.49,120.0,11.270000000000001,0.0,1019.5
2020-03-02 18:00:00,8.88888888888889,7.383333333333332,0.89,9.66,140.0,6.118,0.0,1020.1
2020-03-02 19:00:00,8.855555555555554,7.066666666666666,0.77,11.2217,306.0,9.6117,0.0,1020.82
2020-03-02 20:00:00,7.777777777777778,5.4944444444444445,0.76,12.88,300.0,9.982000000000001,0.0,1020.7
2020-03-02 21:00:00,6.666666666666667,3.8944444444444435,0.79,14.49,310.0,16.1,0.0,1020.9
2020-03-02 22:00:00,5.727777777777779,4.238888888888891,0.8,7.1162,302.0,14.651,0.0,1021.18
2020-03-02 23:00:00,4.444444444444445,1.7444444444444447,0.82,11.270000000000001,300.0,16.1,0.0,1021.6
2020-03-03 00:00:00,3.888888888888889,1.072222222222222,0.82,11.270000000000001,310.0,16.1,0.0,1021.8
2020-03-03 01:00:00,3.455555555555555,0.5333333333333338,0.86,11.3666,305.0,15.150100000000002,0.0,1022.18
2020-03-03 02:00:00,2.7777777777777777,-0.8833333333333333,0.85,14.49,310.0,15.134000000000002,0.0,1022.3
2020-03-03 03:00:00,3.3333333333333335,0.40555555555555384,0.85,11.270000000000001,310.0,15.134000000000002,0.0,1022.3
2020-03-03 04:00:00,3.3333333333333335,1.4611111111111126,0.86,7.084000000000001,331.0,13.8299,0.0,1022.68
2020-03-03 05:00:00,2.7777777777777777,2.7777777777777777,0.89,4.83,330.0,9.982000000000001,0.0,1023.3
2020-03-03 06:00:00,2.7777777777777777,2.7777777777777777,0.89,4.83,320.0,8.05,0.0,1023.4
2020-03-03 07:00:00,2.950000000000001,2.950000000000001,0.95,1.9964000000000002,288.0,6.7137,0.0,1023.91
2020-03-03 08:00:00,3.888888888888889,3.888888888888889,0.89,1.61,290.0,6.118,0.0,1024.6
2020-03-03 09:00:00,5.0,5.0,0.82,3.22,270.0,7.084000000000001,0.0,1024.9
2020-03-03 10:00:00,7.000000000000001,7.000000000000001,0.49,1.5617,11.0,11.4471,0.0,1025.03
2020-03-03 11:00:00,7.777777777777778,7.777777777777778,0.37,3.22,300.0,9.982000000000001,0.0,1025.3
2020-03-03 12:00:00,8.88888888888889,7.705555555555555,0.46,8.05,260.0,11.270000000000001,0.0,1025.0
2020-03-03 13:00:00,8.838888888888887,6.67777777777778,0.42,13.636700000000001,256.0,10.368400000000001,0.0,1024.71
2020-03-03 14:00:00,10.0,7.622222222222222,0.5,17.71,250.0,9.982000000000001,0.0,1024.2
2020-03-03 15:00:00,10.0,7.799999999999999,0.5,16.1,250.0,9.982000000000001,0.0,1023.8
2020-03-03 16:00:00,8.922222222222224,6.877777777777779,0.58,12.960500000000001,276.0,10.368400000000001,0.0,1023.63
2020-03-03 17:00:00,7.777777777777778,7.305555555555555,0.58,4.83,310.0,9.982000000000001,0.0,1023.9
2020-03-03 18:00:00,5.0,5.0,0.65,3.22,270.0,9.982000000000001,0.0,1024.3
2020-03-03 19:00:00,3.1944444444444446,3.1944444444444446,0.74,3.5742000000000007,277.0,9.982000000000001,0.0,1024.65
2020-03-03 20:00:00,2.2222222222222223,-0.12777777777777802,0.72,8.05,280.0,9.982000000000001,0.0,1024.8
2020-03-03 21:00:00,1.6666666666666667,1.6666666666666667,0.75,3.22,250.0,16.1,0.0,1025.0
2020-03-03 22:00:00,0.29444444444444506,0.29444444444444506,0.82,3.4937,275.0,14.329,0.0,1024.98
2020-03-03 23:00:00,0.5555555555555556,-1.5388888888888888,0.75,6.44,280.0,15.134000000000002,0.0,1025.1
2020-03-04 00:00:00,0.5555555555555556,0.5555555555555556,0.72,3.22,290.0,15.134000000000002,0.0,1025.2
2020-03-04 01:00:00,-0.4499999999999993,-2.5555555555555562,0.77,6.0697,266.0,14.329,0.0,1025.37
2020-03-04 02:00:00,-1.1111111111111112,-1.1111111111111112,0.78,3.22,40.0,15.134000000000002,0.0,1025.2
2020-03-04 03:00:00,-1.6666666666666667,-1.6666666666666667,0.78,3.22,90.0,15.134000000000002,0.0,1024.8
2020-03-04 04:00:00,-2.1722222222222225,-4.455555555555555,0.83,5.892600000000001,292.0,14.329,0.0,1024.81
2020-03-04 05:00:00,-2.7777777777777777,-6.0,0.78,8.05,0.0,9.982000000000001,0.0,1024.8
2020-03-04 06:00:00,-3.888888888888889,-3.888888888888889,0.84,1.61,20.0,8.05,0.0,1024.8
2020-03-04 07:00:00,-2.205555555555555,-4.061111111111111,0.82,4.9749,18.0,8.355900000000002,0.0,1024.78
2020-03-04 08:00:00,2.7777777777777777,-1.3999999999999997,0.67,17.71,60.0,9.982000000000001,0.0,1025.0
2020-03-04 09:00:00,3.888888888888889,-0.43333333333333396,0.62,20.93,70.0,9.982000000000001,0.0,1024.9
2020-03-04 10:00:00,6.044444444444446,2.7500000000000018,0.59,17.1626,69.0,9.982000000000001,0.0,1024.96
2020-03-04 11:00:00,7.222222222222222,4.1499999999999995,0.51,17.71,60.0,9.982000000000001,0.0,1025.0
2020-03-04 12:00:00,7.222222222222222,4.1499999999999995,0.38,17.71,70.0,9.982000000000001,0.0,1024.7
2020-03-04 13:00:00,7.8666666666666645,5.877777777777776,0.39,11.2056,80.0,10.368400000000001,0.0,1024.15
2020-03-04 14:00:00,7.777777777777778,6.0555555555555545,0.4,9.66,50.0,9.982000000000001,0.0,1023.6
2020-03-04 15:00:00,7.777777777777778,5.4944444444444445,0.4,12.88,0.0,9.982000000000001,0.0,1023.0
2020-03-04 16:00:00,7.8666666666666645,6.211111111111111,0.39,9.4024,35.0,10.368400000000001,0.0,1022.39
2020-03-04 17:00:00,6.111111111111111,4.444444444444445,0.41,8.05,30.0,9.982000000000001,0.0,1022.4
2020-03-04 18:00:00,5.0,2.7500000000000018,0.41,9.66,60.0,9.982000000000001,0.0,1022.7
2020-03-04 19:00:00,3.683333333333335,1.0500000000000003,0.44,10.2235,66.0,9.982000000000001,0.0,1022.85
2020-03-04 20:00:00,2.7777777777777777,-0.2666666666666669,0.46,11.270000000000001,80.0,9.982000000000001,0.0,1022.9
2020-03-04 21:00:00,2.7777777777777777,-0.2666666666666669,0.48,11.270000000000001,70.0,16.1,0.0,1022.9
2020-03-04 22:00:00,2.449999999999998,0.7222222222222207,0.45,6.230700000000001,84.0,15.150100000000002,0.0,1022.61
2020-03-04 23:00:00,1.6666666666666667,-0.25555555555555604,0.54,6.44,80.0,16.1,0.0,1022.3
2020-03-05 00:00:00,-1.1111111111111112,-3.4611111111111112,0.72,6.44,70.0,16.1,0.0,1022.2
2020-03-05 01:00:00,-2.5166666666666675,-2.5166666666666675,0.74,4.4436,41.0,15.150100000000002,0.0,1022.19
2020-03-05 02:00:00,-2.7777777777777777,-5.388888888888889,0.75,6.44,20.0,16.1,0.0,1022.0
2020-03-05 03:00:00,-1.1111111111111112,-4.949999999999999,0.66,11.270000000000001,50.0,16.1,0.0,1021.6
2020-03-05 04:00:00,-1.1777777777777783,-5.388888888888889,0.67,12.783400000000002,48.0,15.150100000000002,0.0,1021.17
2020-03-05 05:00:00,-2.7777777777777777,-6.51111111111111,0.71,9.66,30.0,9.982000000000001,0.0,1021.3
2020-03-05 06:00:00,-2.7777777777777777,-6.51111111111111,0.71,9.66,30.0,9.982000000000001,0.0,1021.4
2020-03-05 07:00:00,-2.3444444444444437,-6.950000000000001,0.7,13.4113,48.0,9.982000000000001,0.0,1021.53
2020-03-05 08:00:00,0.0,-4.594444444444444,0.58,16.1,50.0,9.982000000000001,0.0,1021.7
2020-03-05 09:00:00,2.7777777777777777,-1.1555555555555546,0.48,16.1,50.0,9.982000000000001,0.0,1021.6
2020-03-05 10:00:00,3.977777777777776,-0.24444444444444516,0.39,20.286,59.0,10.368400000000001,0.0,1021.56
2020-03-05 11:00:00,6.111111111111111,2.9777777777777774,0.38,16.1,70.0,9.982000000000001,0.0,1021.7
2020-03-05 12:00:00,6.111111111111111,3.2111111111111117,0.36,14.49,30.0,9.982000000000001,0.0,1021.6
2020-03-05 13:00:00,7.188888888888887,4.483333333333333,0.37,14.860300000000002,34.0,10.368400000000001,0.0,1021.2
2020-03-05 14:00:00,7.222222222222222,4.1499999999999995,0.41,17.71,40.0,9.982000000000001,0.0,1020.9
2020-03-05 15:00:00,7.222222222222222,4.355555555555558,0.38,16.1,30.0,9.982000000000001,0.0,1020.7
2020-03-05 16:00:00,6.216666666666665,3.377777777777777,0.37,14.2485,27.0,10.368400000000001,0.0,1020.52
2020-03-05 17:00:00,5.0,1.8444444444444446,0.41,14.49,40.0,9.982000000000001,0.0,1020.8
2020-03-05 18:00:00,2.7777777777777777,-0.2666666666666669,0.48,11.270000000000001,50.0,9.982000000000001,0.0,1021.3
2020-03-05 19:00:00,2.116666666666668,-0.7722222222222226,0.51,10.0142,65.0,9.982000000000001,0.0,1021.85
2020-03-05 20:00:00,1.1111111111111112,-2.272222222222222,0.54,11.270000000000001,70.0,9.982000000000001,0.0,1022.2
2020-03-05 21:00:00,0.5555555555555556,-3.616666666666668,0.54,14.49,70.0,16.1,0.0,1022.6
2020-03-05 22:00:00,-1.594444444444445,-1.594444444444445,0.61,3.3971,66.0,15.150100000000002,0.0,1022.81
2020-03-05 23:00:00,-1.6666666666666667,-4.105555555555556,0.63,6.44,70.0,16.1,0.0,1023.0
2020-03-06 00:00:00,-3.3333333333333335,-3.3333333333333335,0.71,3.22,30.0,16.1,0.0,1023.5
2020-03-06 01:00:00,-3.283333333333333,-3.283333333333333,0.72,2.9302,10.0,15.150100000000002,0.0,1023.43
2020-03-06 02:00:00,-5.555555555555555,-5.555555555555555,0.84,3.22,340.0,15.134000000000002,0.0,1023.6
2020-03-06 03:00:00,-5.555555555555555,-8.594444444444443,0.84,6.44,270.0,9.982000000000001,0.0,1023.4
2020-03-06 04:00:00,-5.922222222222222,-5.922222222222222,0.85,3.0751,356.0,9.982000000000001,0.0,1023.2
2020-03-06 05:00:00,-5.0,-7.144444444444444,0.84,4.83,50.0,9.982000000000001,0.0,1023.5
2020-03-06 06:00:00,-6.111111111111111,-6.111111111111111,0.88,0.0,0.0,6.118,0.0,1023.3
2020-03-06 07:00:00,-5.050000000000001,-5.050000000000001,0.85,0.9821000000000001,256.0,6.7137,0.0,1023.75
2020-03-06 08:00:00,-1.1111111111111112,-1.1111111111111112,0.69,4.83,140.0,8.05,0.0,1023.9
2020-03-06 09:00:00,1.1111111111111112,-2.272222222222222,0.51,11.270000000000001,110.0,9.982000000000001,0.0,1024.4
2020-03-06 10:00:00,2.8111111111111122,-0.28888888888888864,0.47,11.5759,89.0,9.982000000000001,0.0,1024.66
2020-03-06 11:00:00,3.888888888888889,0.7611111111111097,0.42,12.88,70.0,9.982000000000001,0.0,1024.8
2020-03-06 12:00:00,5.0,2.116666666666668,0.39,12.88,90.0,9.982000000000001,0.0,1025.0
2020-03-06 13:00:00,5.072222222222224,1.5388888888888905,0.37,17.1304,52.0,10.368400000000001,0.0,1024.78
2020-03-06 14:00:00,5.0,1.8444444444444446,0.36,14.49,70.0,11.270000000000001,0.0,1025.0
2020-03-06 15:00:00,5.0,0.7944444444444443,0.36,22.540000000000003,40.0,11.270000000000001,0.0,1025.4
2020-03-06 16:00:00,3.0555555555555554,-1.6611111111111103,0.41,22.3307,50.0,10.368400000000001,0.0,1025.71
2020-03-06 17:00:00,2.2222222222222223,-2.094444444444444,0.44,17.71,40.0,9.982000000000001,0.0,1026.5
2020-03-06 18:00:00,1.1111111111111112,-3.2166666666666663,0.43,16.1,50.0,9.982000000000001,0.0,1027.1
2020-03-06 19:00:00,-0.016666666666667298,-4.73888888888889,0.44,16.7923,48.0,9.982000000000001,0.0,1027.83
2020-03-06 20:00:00,-1.1111111111111112,-6.761111111111112,0.46,20.93,50.0,9.982000000000001,0.0,1028.7
2020-03-06 21:00:00,-1.6666666666666667,-6.950000000000001,0.46,17.71,50.0,16.1,0.0,1029.4
2020-03-06 22:00:00,-2.361111111111111,-7.96111111111111,0.49,18.5633,57.0,15.150100000000002,0.0,1029.88
2020-03-06 23:00:00,-2.7777777777777777,-7.716666666666667,0.5,14.49,50.0,0.0,0.0,1030.4
2020-03-07 00:00:00,-3.888888888888889,-8.3,0.55,11.270000000000001,30.0,16.1,0.0,1030.8
2020-03-07 01:00:00,-4.966666666666667,-9.366666666666667,0.65,10.465,18.0,15.150100000000002,0.0,1030.98
2020-03-07 02:00:00,-4.444444444444445,-9.761111111111111,0.62,14.49,30.0,16.1,0.0,1031.2
2020-03-07 03:00:00,-5.555555555555555,-11.127777777777778,0.68,14.49,20.0,16.1,0.0,1031.3
2020-03-07 04:00:00,-5.833333333333333,-10.438888888888888,0.7,10.5938,25.0,15.150100000000002,0.0,1031.48
2020-03-07 05:00:00,-6.111111111111111,-11.416666666666666,0.68,12.88,20.0,9.982000000000001,0.0,1031.9
2020-03-07 06:00:00,-7.222222222222222,-11.216666666666665,0.67,8.05,10.0,9.982000000000001,0.0,1031.8
2020-03-07 07:00:00,-6.216666666666667,-8.877777777777778,0.75,5.474,325.0,9.982000000000001,0.0,1032.25
2020-03-07 08:00:00,-2.7777777777777777,-6.51111111111111,0.63,9.66,10.0,9.982000000000001,0.0,1032.5
2020-03-07 09:00:00,-1.1111111111111112,-4.527777777777777,0.51,9.66,50.0,9.982000000000001,0.0,1032.6
2020-03-07 10:00:00,1.0611111111111091,-2.333333333333333,0.41,11.253900000000002,42.0,10.368400000000001,0.0,1032.73
2020-03-07 11:00:00,2.2222222222222223,-0.561111111111112,0.33,9.66,40.0,9.982000000000001,0.0,1032.6
2020-03-07 12:00:00,2.7777777777777777,-0.2666666666666669,0.32,11.270000000000001,0.0,9.982000000000001,0.0,1032.2
2020-03-07 13:00:00,3.8555555555555543,1.3000000000000018,0.3,10.0303,27.0,10.368400000000001,0.0,1031.29
2020-03-07 14:00:00,3.888888888888889,1.072222222222222,0.28,11.270000000000001,70.0,9.982000000000001,0.0,1030.3
2020-03-07 15:00:00,3.888888888888889,1.8333333333333317,0.28,8.05,140.0,9.982000000000001,0.0,1029.4
2020-03-07 16:00:00,3.888888888888889,3.888888888888889,0.28,4.83,120.0,10.368400000000001,0.0,1028.53
2020-03-07 17:00:00,2.7777777777777777,0.5277777777777793,0.31,8.05,140.0,9.982000000000001,0.0,1028.1
2020-03-07 18:00:00,1.1111111111111112,-0.23333333333333428,0.35,4.83,130.0,9.982000000000001,0.0,1028.0
2020-03-07 19:00:00,-1.0777777777777784,-1.0777777777777784,0.43,4.524100000000001,129.0,10.368400000000001,0.0,1027.81
2020-03-07 20:00:00,-2.2222222222222223,-5.8500000000000005,0.46,9.66,120.0,9.982000000000001,0.0,1027.6
2020-03-07 21:00:00,-2.2222222222222223,-4.744444444444444,0.44,6.44,120.0,16.1,0.0,1027.2
2020-03-07 22:00:00,-2.6888888888888887,-6.749999999999999,0.45,10.867500000000001,129.0,15.150100000000002,0.0,1026.92
2020-03-07 23:00:00,-3.3333333333333335,-7.627777777777778,0.55,11.270000000000001,130.0,16.1,0.0,1026.5
2020-03-08 00:00:00,-3.888888888888889,-8.3,0.65,11.270000000000001,140.0,16.1,0.0,1026.0
2020-03-08 01:00:00,-4.811111111111111,-7.866666666666666,0.78,6.745900000000001,140.0,15.150100000000002,0.0,1025.66
2020-03-08 02:00:00,-5.555555555555555,-8.594444444444443,0.77,6.44,140.0,16.1,0.0,1025.2
2020-03-08 03:00:00,-5.555555555555555,-8.594444444444443,0.81,6.44,140.0,16.1,0.0,1024.4
2020-03-08 04:00:00,-5.0,-9.461111111111112,0.83,10.6582,127.0,15.150100000000002,0.0,1024.07
2020-03-08 05:00:00,-5.0,-10.444444444444445,0.84,14.49,110.0,9.982000000000001,0.0,1023.7
2020-03-08 06:00:00,-3.888888888888889,-8.3,0.78,11.270000000000001,130.0,9.982000000000001,0.0,1023.4
2020-03-08 07:00:00,-2.999999999999999,-7.03888888888889,0.73,10.5455,134.0,9.982000000000001,0.0,1023.65
2020-03-08 08:00:00,-2.2222222222222223,-5.8500000000000005,0.75,9.66,120.0,9.982000000000001,0.0,1023.8
2020-03-08 09:00:00,0.0,-4.299999999999999,0.63,14.49,120.0,9.982000000000001,0.0,1023.8
2020-03-08 10:00:00,2.1499999999999986,-1.3888888888888888,0.52,13.0571,122.0,9.982000000000001,0.0,1023.93
2020-03-08 11:00:00,3.888888888888889,0.7611111111111097,0.44,12.88,130.0,9.982000000000001,0.0,1023.9
2020-03-08 12:00:00,5.0,1.8444444444444446,0.39,14.49,110.0,9.982000000000001,0.0,1023.9
2020-03-08 13:00:00,6.111111111111111,3.672222222222222,0.36,11.7047,108.0,10.368400000000001,0.0,1023.53
2020-03-08 14:00:00,7.222222222222222,7.222222222222222,0.34,4.83,70.0,9.982000000000001,0.0,1023.5
2020-03-08 15:00:00,6.111111111111111,6.111111111111111,0.33,4.83,150.0,9.982000000000001,0.0,1023.7
2020-03-08 16:00:00,7.255555555555556,5.983333333333335,0.31,7.245,106.0,10.368400000000001,0.0,1023.75
2020-03-08 17:00:00,6.111111111111111,6.111111111111111,0.3,0.0,0.0,9.982000000000001,0.0,1024.4
2020-03-08 18:00:00,3.888888888888889,1.8333333333333317,0.42,8.05,40.0,11.270000000000001,0.0,1025.2
2020-03-08 19:00:00,2.933333333333334,0.49444444444444474,0.46,8.8389,19.0,10.368400000000001,0.0,1025.83
2020-03-08 20:00:00,2.2222222222222223,1.0222222222222241,0.5,4.83,50.0,9.982000000000001,0.0,1026.7
2020-03-08 21:00:00,0.5555555555555556,0.5555555555555556,0.56,3.22,20.0,16.1,0.0,1027.5
2020-03-08 22:00:00,0.18888888888889077,0.18888888888889077,0.59,3.5098000000000003,9.0,15.520400000000002,0.0,1028.11
2020-03-08 23:00:00,-0.5555555555555556,-0.5555555555555556,0.66,3.22,350.0,16.1,0.0,1028.7
2020-03-09 00:00:00,-2.2222222222222223,-4.744444444444444,0.69,6.44,300.0,0.0,0.0,1029.8
2020-03-09 01:00:00,-0.43333333333333396,-0.43333333333333396,0.65,3.3971,2.0,15.150100000000002,0.0,1030.2
2020-03-09 02:00:00,-0.5555555555555556,-2.822222222222221,0.69,6.44,330.0,16.1,0.0,1030.9
2020-03-09 03:00:00,-0.5555555555555556,-2.822222222222221,0.72,6.44,350.0,16.1,0.0,1031.0
2020-03-09 04:00:00,-1.4944444444444451,-3.7722222222222217,0.71,6.118,341.0,15.150100000000002,0.0,1031.53
2020-03-09 05:00:00,-3.888888888888889,-3.888888888888889,0.78,4.83,340.0,9.982000000000001,0.0,1032.2
2020-03-09 06:00:00,-2.7777777777777777,-6.0,0.78,8.05,340.0,4.9910000000000005,0.0,1032.6
2020-03-09 07:00:00,-2.205555555555555,-3.994444444444445,0.8,4.8461,338.0,6.7137,0.0,1033.47
2020-03-09 08:00:00,0.0,0.0,0.75,3.22,350.0,8.05,0.0,1034.3
2020-03-09 09:00:00,2.7777777777777777,2.7777777777777777,0.61,4.83,350.0,9.016,0.0,1034.5
2020-03-09 10:00:00,4.877777777777778,4.877777777777778,0.48,3.9123000000000006,91.0,9.982000000000001,0.0,1034.84
2020-03-09 11:00:00,6.111111111111111,5.422222222222221,0.45,4.83,250.0,9.982000000000001,0.0,1035.5
2020-03-09 12:00:00,7.222222222222222,7.222222222222222,0.45,4.83,90.0,11.270000000000001,0.0,1035.6
2020-03-09 13:00:00,7.23888888888889,6.144444444444446,0.41,6.5849,326.0,10.368400000000001,0.0,1035.38
2020-03-09 14:00:00,7.777777777777778,7.777777777777778,0.43,3.22,250.0,9.982000000000001,0.0,1035.0
2020-03-09 15:00:00,7.777777777777778,7.777777777777778,0.43,3.22,260.0,9.982000000000001,0.0,1034.8
2020-03-09 16:00:00,7.727777777777776,7.727777777777776,0.44,3.5903,13.0,9.982000000000001,0.0,1034.76
2020-03-09 17:00:00,6.111111111111111,4.444444444444445,0.49,8.05,30.0,9.982000000000001,0.0,1035.1
2020-03-09 18:00:00,3.888888888888889,3.888888888888889,0.57,4.83,30.0,9.982000000000001,0.0,1035.5
2020-03-09 19:00:00,2.411111111111113,2.411111111111113,0.65,1.6261,53.0,9.982000000000001,0.0,1036.08
2020-03-09 20:00:00,-1.1111111111111112,-1.1111111111111112,0.75,1.61,270.0,9.982000000000001,0.0,1036.4
2020-03-09 21:00:00,-1.6666666666666667,-1.6666666666666667,0.78,3.22,300.0,9.982000000000001,0.0,1036.9
2020-03-09 22:00:00,-1.4611111111111106,-1.4611111111111106,0.82,3.3810000000000002,264.0,6.7137,0.0,1037.03
2020-03-09 23:00:00,-2.2222222222222223,-2.2222222222222223,0.81,3.22,240.0,8.05,0.0,1037.1
2020-03-10 00:00:00,-1.6666666666666667,-1.6666666666666667,0.81,3.22,300.0,9.982000000000001,0.0,1036.8
2020-03-10 01:00:00,-3.544444444444444,-3.544444444444444,0.89,4.347,303.0,6.7137,0.0,1036.78
2020-03-10 02:00:00,-3.3333333333333335,-3.3333333333333335,0.88,3.22,200.0,4.9910000000000005,0.0,1036.8
2020-03-10 03:00:00,-4.444444444444445,-4.444444444444445,0.92,0.0,0.0,4.9910000000000005,0.0,1036.5
2020-03-10 04:00:00,-3.5944444444444437,-6.26111111111111,0.93,6.279,348.0,6.7137,0.0,1036.12
2020-03-10 05:00:00,-3.888888888888889,-3.888888888888889,0.92,3.22,20.0,6.118,0.0,1036.0
2020-03-10 06:00:00,-5.0,-5.0,0.92,3.22,290.0,2.5760000000000005,0.0,1036.1
2020-03-10 07:00:00,-2.7777777777777777,-2.7777777777777777,0.93,0.32200000000000006,0.0,4.0411,0.0,1036.36
2020-03-10 08:00:00,0.0,0.0,0.85,1.61,40.0,4.025,0.0,1036.5
2020-03-10 09:00:00,3.888888888888889,3.888888888888889,0.64,3.22,60.0,4.9910000000000005,0.0,1036.5
2020-03-10 10:00:00,6.25,4.816666666666667,0.46,7.228900000000001,99.0,6.3434,0.0,1036.35
2020-03-10 11:00:00,7.777777777777778,7.777777777777778,0.4,3.22,140.0,7.084000000000001,0.0,1036.1
2020-03-10 12:00:00,8.88888888888889,7.705555555555555,0.34,8.05,60.0,9.982000000000001,0.0,1035.6
2020-03-10 13:00:00,9.966666666666665,9.327777777777776,0.34,6.4722,296.0,9.982000000000001,0.0,1034.68
2020-03-10 14:00:00,10.0,8.705555555555556,0.34,9.66,60.0,9.982000000000001,0.0,1033.7
2020-03-10 15:00:00,10.0,9.822222222222223,0.34,4.83,310.0,9.982000000000001,0.0,1032.8
2020-03-10 16:00:00,10.0,10.0,0.34,3.6386,20.0,9.982000000000001,0.0,1032.2
2020-03-10 17:00:00,7.777777777777778,7.777777777777778,0.4,4.83,350.0,9.982000000000001,0.0,1031.7
2020-03-10 18:00:00,6.111111111111111,6.111111111111111,0.45,3.22,0.0,8.05,0.0,1031.4
2020-03-10 19:00:00,3.072222222222223,3.072222222222223,0.56,0.22540000000000004,20.0,9.982000000000001,0.0,1031.62
2020-03-10 20:00:00,1.1111111111111112,1.1111111111111112,0.64,1.61,200.0,9.982000000000001,0.0,1031.8
2020-03-10 21:00:00,0.0,0.0,0.69,3.22,220.0,9.982000000000001,0.0,1031.3
2020-03-10 22:00:00,-0.8500000000000006,-0.8500000000000006,0.76,2.7531000000000003,226.0,9.982000000000001,0.0,1031.31
2020-03-10 23:00:00,-1.1111111111111112,-1.1111111111111112,0.78,0.0,0.0,7.084000000000001,0.0,1030.8
2020-03-11 00:00:00,-2.7777777777777777,-2.7777777777777777,0.85,3.22,270.0,6.118,0.0,1030.4
2020-03-11 01:00:00,-2.000000000000001,-2.000000000000001,0.85,3.1073,302.0,6.7137,0.0,1029.83
2020-03-11 02:00:00,-3.3333333333333335,-3.3333333333333335,0.85,3.22,270.0,4.9910000000000005,0.0,1029.4
2020-03-11 03:00:00,-1.6666666666666667,-1.6666666666666667,0.78,3.22,190.0,4.025,0.0,1028.1
2020-03-11 04:00:00,-1.9111111111111119,-1.9111111111111119,0.8,3.1717,220.0,4.9588,0.0,1027.62
2020-03-11 05:00:00,-2.7777777777777777,-4.633333333333334,0.85,4.83,220.0,1.932,0.0,1026.7
2020-03-11 06:00:00,-2.2222222222222223,-5.344444444444445,0.81,8.05,210.0,4.025,0.0,1026.1
2020-03-11 07:00:00,0.9555555555555549,-0.5055555555555556,0.79,5.0393,223.0,7.985600000000001,0.0,1025.58
2020-03-11 08:00:00,5.0,2.411111111111113,0.57,11.270000000000001,270.0,11.270000000000001,0.0,1024.8
2020-03-11 09:00:00,7.222222222222222,4.355555555555558,0.51,16.1,280.0,9.982000000000001,0.0,1023.3
2020-03-11 10:00:00,7.688888888888891,4.466666666666666,0.57,20.0928,278.0,9.982000000000001,0.0,1022.43
2020-03-11 11:00:00,7.222222222222222,3.788888888888889,0.6,20.93,280.0,11.270000000000001,0.0,1021.6
2020-03-11 12:00:00,7.222222222222222,4.1499999999999995,0.65,17.71,270.0,11.270000000000001,0.0,1020.7
2020-03-11 13:00:00,8.627777777777778,5.222222222222221,0.63,24.665200000000002,279.0,11.4471,0.0,1018.97
2020-03-11 14:00:00,10.0,6.661111111111112,0.61,28.98,290.0,11.270000000000001,0.0,1017.3
2020-03-11 15:00:00,11.11111111111111,11.11111111111111,0.54,28.98,310.0,11.270000000000001,0.0,1016.0
2020-03-11 16:00:00,10.972222222222221,10.972222222222221,0.51,35.4844,308.0,11.4471,0.0,1015.02
2020-03-11 17:00:00,8.88888888888889,4.583333333333333,0.63,38.64,320.0,11.270000000000001,0.0,1014.8
2020-03-11 18:00:00,3.888888888888889,-2.5222222222222217,0.89,45.080000000000005,40.0,11.270000000000001,0.0,1015.9
2020-03-11 19:00:00,3.0888888888888903,-2.3666666666666676,0.88,29.3825,45.0,11.4471,0.0,1017.19
2020-03-11 20:00:00,2.7777777777777777,-0.5944444444444446,0.89,12.88,330.0,11.270000000000001,0.0,1018.3
2020-03-11 21:00:00,2.7777777777777777,-0.2666666666666669,0.85,11.270000000000001,320.0,16.1,0.0,1018.5
2020-03-11 22:00:00,2.361111111111111,-1.3499999999999999,0.83,14.2324,331.0,15.150100000000002,0.0,1018.5
2020-03-11 23:00:00,1.1111111111111112,-2.933333333333334,0.85,14.49,320.0,16.1,0.0,1018.6
2020-03-12 00:00:00,1.1111111111111112,-2.272222222222222,0.85,11.270000000000001,330.0,9.982000000000001,0.0,0.0
2020-03-12 01:00:00,0.6777777777777771,-3.366666666666666,0.83,13.9587,329.0,15.150100000000002,0.0,1018.64
2020-03-12 02:00:00,-0.5555555555555556,-4.9833333333333325,0.78,14.49,330.0,16.1,0.0,1018.9
2020-03-12 03:00:00,-1.1111111111111112,-5.666666666666667,0.75,14.49,330.0,16.1,0.0,1018.7
2020-03-12 04:00:00,-1.4055555555555561,-5.294444444444445,0.76,11.2056,338.0,15.150100000000002,0.0,1018.83
2020-03-12 05:00:00,-2.2222222222222223,-6.683333333333334,0.75,12.88,340.0,9.982000000000001,0.0,1019.0
2020-03-12 06:00:00,-2.2222222222222223,-5.344444444444445,0.75,8.05,330.0,9.982000000000001,0.0,1019.3
2020-03-12 07:00:00,0.0,-3.672222222222222,0.69,11.527600000000001,339.0,9.982000000000001,0.0,1019.57
2020-03-12 08:00:00,3.888888888888889,0.7611111111111097,0.57,12.88,350.0,9.982000000000001,0.0,1020.0
2020-03-12 09:00:00,5.0,0.9722222222222222,0.57,20.93,0.0,9.982000000000001,0.0,1020.2
2020-03-12 10:00:00,7.116666666666668,3.494444444444444,0.44,22.4917,0.0,10.368400000000001,0.0,1020.16
2020-03-12 11:00:00,8.88888888888889,5.216666666666667,0.3,28.98,10.0,9.982000000000001,0.0,1019.9
2020-03-12 12:00:00,8.88888888888889,5.338888888888889,0.27,27.37,20.0,9.982000000000001,0.0,1019.8
2020-03-12 13:00:00,9.894444444444446,6.877777777777779,0.26,24.3432,0.0,10.368400000000001,0.0,1019.48
2020-03-12 14:00:00,11.11111111111111,11.11111111111111,0.24,25.76,0.0,9.982000000000001,0.0,1019.1
2020-03-12 15:00:00,11.11111111111111,11.11111111111111,0.18,25.76,0.0,9.982000000000001,0.0,1018.7
2020-03-12 16:00:00,11.094444444444443,11.094444444444443,0.2,23.377200000000002,17.0,10.368400000000001,0.0,1018.67
2020-03-12 17:00:00,8.88888888888889,6.849999999999999,0.25,12.88,30.0,9.982000000000001,0.0,1018.8
2020-03-12 18:00:00,7.222222222222222,5.394444444444445,0.31,9.66,40.0,9.982000000000001,0.0,1019.3
2020-03-12 19:00:00,4.966666666666665,2.950000000000001,0.36,8.629600000000002,57.0,10.368400000000001,0.0,1019.89
2020-03-12 20:00:00,3.888888888888889,3.888888888888889,0.42,3.22,50.0,9.982000000000001,0.0,1020.9
2020-03-12 21:00:00,4.444444444444445,4.444444444444445,0.39,3.22,40.0,16.1,0.0,1021.5
2020-03-12 22:00:00,4.133333333333332,4.133333333333332,0.42,3.1717,19.0,15.520400000000002,0.0,1022.33
2020-03-12 23:00:00,3.888888888888889,3.888888888888889,0.48,3.22,30.0,16.1,0.0,1023.1
2020-03-13 00:00:00,3.3333333333333335,1.6722222222222212,0.54,6.44,330.0,16.1,0.0,1023.5
2020-03-13 01:00:00,3.227777777777779,1.7499999999999991,0.57,5.8765,322.0,15.520400000000002,0.0,1024.07
2020-03-13 02:00:00,4.444444444444445,1.7444444444444447,0.57,11.270000000000001,340.0,16.1,0.0,1024.1
2020-03-13 03:00:00,3.888888888888889,2.311111111111109,0.62,6.44,330.0,16.1,0.0,1024.5
2020-03-13 04:00:00,3.3333333333333335,1.849999999999999,0.61,5.9248,339.0,15.150100000000002,0.0,1024.57
2020-03-13 05:00:00,2.7777777777777777,2.7777777777777777,0.67,3.22,330.0,9.982000000000001,0.0,1024.5
2020-03-13 06:00:00,3.888888888888889,3.888888888888889,0.57,3.22,10.0,11.270000000000001,0.0,1024.7
2020-03-13 07:00:00,3.938888888888891,3.938888888888891,0.61,0.6440000000000001,290.0,11.0768,0.0,1025.39
2020-03-13 08:00:00,6.111111111111111,6.111111111111111,0.55,1.61,70.0,11.270000000000001,0.0,1025.6
2020-03-13 09:00:00,7.777777777777778,7.777777777777778,0.47,1.61,170.0,9.982000000000001,0.0,1025.7
2020-03-13 10:00:00,8.783333333333335,8.783333333333335,0.47,3.3488,27.0,10.368400000000001,0.0,1025.77
2020-03-13 11:00:00,8.88888888888889,8.88888888888889,0.4,4.83,350.0,9.982000000000001,0.0,1026.0
2020-03-13 12:00:00,10.0,10.0,0.41,4.83,330.0,9.982000000000001,0.0,1026.1
2020-03-13 13:00:00,12.066666666666666,12.066666666666666,0.42,12.3004,18.0,10.368400000000001,0.0,1025.48
2020-03-13 14:00:00,12.222222222222221,12.222222222222221,0.43,11.270000000000001,10.0,9.982000000000001,0.0,1024.9
2020-03-13 15:00:00,12.222222222222221,12.222222222222221,0.43,11.270000000000001,10.0,9.982000000000001,0.0,1024.7
2020-03-13 16:00:00,12.116666666666667,12.116666666666667,0.44,11.3666,27.0,10.368400000000001,0.0,1024.48
2020-03-13 17:00:00,11.11111111111111,11.11111111111111,0.46,8.05,50.0,9.982000000000001,0.0,1024.2
2020-03-13 18:00:00,8.88888888888889,8.566666666666668,0.54,4.83,60.0,9.982000000000001,0.0,1024.5
2020-03-13 19:00:00,7.777777777777778,5.844444444444446,0.6,10.787,86.0,9.982000000000001,0.0,1024.78
2020-03-13 20:00:00,5.0,5.0,0.7,1.61,160.0,9.982000000000001,0.0,1024.9
2020-03-13 21:00:00,2.7777777777777777,1.0277777777777786,0.73,6.44,240.0,15.134000000000002,0.0,1025.2
2020-03-13 22:00:00,2.7777777777777777,1.0388888888888874,0.75,6.4078,251.0,14.329,0.0,1025.24
2020-03-13 23:00:00,2.7777777777777777,1.0277777777777786,0.79,6.44,250.0,15.134000000000002,0.0,1024.8
2020-03-14 00:00:00,1.6666666666666667,1.6666666666666667,0.82,3.22,270.0,15.134000000000002,0.0,1024.7
2020-03-14 01:00:00,1.9944444444444462,-0.9333333333333331,0.86,10.0786,298.0,11.753,0.0,1024.61
2020-03-14 02:00:00,1.6666666666666667,1.6666666666666667,0.89,3.22,300.0,9.982000000000001,0.0,1024.3
2020-03-14 03:00:00,1.6666666666666667,-0.25555555555555604,0.85,6.44,300.0,8.05,0.0,1023.9
2020-03-14 04:00:00,1.2833333333333345,-0.7500000000000008,0.9,6.5849,286.0,8.355900000000002,0.0,1024.08
2020-03-14 05:00:00,3.888888888888889,0.7611111111111097,0.82,12.88,300.0,8.05,0.0,1024.2
2020-03-14 06:00:00,2.7777777777777777,-0.5944444444444446,0.82,12.88,300.0,9.982000000000001,0.0,1024.2
2020-03-14 07:00:00,4.01111111111111,1.4222222222222234,0.83,10.304000000000002,299.0,9.982000000000001,0.0,1024.31
2020-03-14 08:00:00,7.222222222222222,3.622222222222224,0.71,22.540000000000003,310.0,9.982000000000001,0.0,1024.3
2020-03-14 09:00:00,8.88888888888889,5.744444444444446,0.63,22.540000000000003,340.0,11.270000000000001,0.0,1024.3
2020-03-14 10:00:00,9.911111111111113,7.172222222222221,0.59,21.1876,347.0,11.0768,0.0,1024.6
2020-03-14 11:00:00,10.0,8.205555555555557,0.58,12.88,340.0,11.270000000000001,0.0,1024.8
2020-03-14 12:00:00,11.11111111111111,11.11111111111111,0.54,9.66,10.0,11.270000000000001,0.0,1024.7
2020-03-14 13:00:00,11.022222222222224,11.022222222222224,0.54,12.799500000000002,312.0,11.4471,0.0,1024.33
2020-03-14 14:00:00,11.11111111111111,11.11111111111111,0.54,8.05,320.0,11.270000000000001,0.0,1023.9
2020-03-14 15:00:00,12.222222222222221,12.222222222222221,0.5,8.05,320.0,11.270000000000001,0.0,1023.6
2020-03-14 16:00:00,12.116666666666667,12.116666666666667,0.5,2.4955000000000003,76.0,11.4471,0.0,1023.3
2020-03-14 17:00:00,12.222222222222221,12.222222222222221,0.47,12.88,320.0,11.270000000000001,0.0,1023.1
2020-03-14 18:00:00,11.11111111111111,11.11111111111111,0.5,20.93,300.0,11.270000000000001,0.0,1023.2
2020-03-14 19:00:00,10.016666666666667,10.016666666666667,0.54,19.2073,310.0,11.0768,0.0,1023.85
2020-03-14 20:00:00,8.88888888888889,5.894444444444444,0.63,20.93,300.0,9.982000000000001,0.0,1024.2
2020-03-14 21:00:00,8.333333333333334,5.538888888888888,0.6,17.71,320.0,16.1,0.0,1024.6
2020-03-14 22:00:00,8.299999999999999,5.56111111111111,0.6,17.1304,310.0,15.150100000000002,0.0,1024.93
2020-03-14 23:00:00,7.777777777777778,4.488888888888888,0.63,20.93,310.0,16.1,0.0,1025.3
2020-03-15 00:00:00,6.666666666666667,3.0833333333333317,0.68,20.93,310.0,16.1,0.0,1025.5
2020-03-15 01:00:00,5.66111111111111,1.9222222222222227,0.72,19.931800000000003,290.0,15.150100000000002,0.0,1025.53
2020-03-15 02:00:00,5.0,0.9722222222222222,0.73,20.93,310.0,16.1,0.0,1025.9
2020-03-15 03:00:00,3.3333333333333335,-0.7055555555555553,0.82,17.71,320.0,16.1,0.0,1026.1
2020-03-15 04:00:00,2.377777777777778,-0.6666666666666663,0.83,10.9158,324.0,15.150100000000002,0.0,1026.38
2020-03-15 05:00:00,2.7777777777777777,-1.3999999999999997,0.82,17.71,310.0,9.982000000000001,0.0,1026.7
2020-03-15 06:00:00,2.7777777777777777,0.5277777777777793,0.89,8.05,320.0,11.270000000000001,0.0,1027.1
2020-03-15 07:00:00,3.9055555555555563,1.3944444444444433,0.82,9.8854,302.0,11.0768,0.0,1027.61
2020-03-15 08:00:00,5.0,1.6000000000000014,0.76,16.1,310.0,11.270000000000001,0.0,1028.0
2020-03-15 09:00:00,7.222222222222222,4.577777777777779,0.71,14.49,330.0,11.270000000000001,0.0,1028.5
2020-03-15 10:00:00,8.766666666666667,6.672222222222221,0.64,13.089300000000001,330.0,11.4471,0.0,1028.98
2020-03-15 11:00:00,10.0,8.705555555555556,0.54,9.66,320.0,11.270000000000001,0.0,1028.7
2020-03-15 12:00:00,12.222222222222221,12.222222222222221,0.47,12.88,280.0,11.270000000000001,0.0,1028.4
2020-03-15 13:00:00,12.711111111111112,12.711111111111112,0.41,14.5222,305.0,10.368400000000001,0.0,1028.44
2020-03-15 14:00:00,12.777777777777779,12.777777777777779,0.41,14.49,340.0,9.982000000000001,0.0,1027.8
2020-03-15 15:00:00,13.88888888888889,13.88888888888889,0.39,14.49,10.0,9.982000000000001,0.0,1027.7
2020-03-15 16:00:00,12.933333333333334,12.933333333333334,0.38,10.722600000000002,20.0,10.368400000000001,0.0,1027.43
2020-03-15 17:00:00,12.222222222222221,12.222222222222221,0.37,9.66,50.0,9.982000000000001,0.0,1027.4
2020-03-15 18:00:00,8.88888888888889,8.88888888888889,0.46,1.61,60.0,9.982000000000001,0.0,1028.1
2020-03-15 19:00:00,6.300000000000002,6.300000000000002,0.55,0.0,0.0,10.368400000000001,0.0,1028.45
2020-03-15 20:00:00,5.0,5.0,0.65,3.22,110.0,9.982000000000001,0.0,1028.9
2020-03-15 21:00:00,2.7777777777777777,2.7777777777777777,0.73,3.22,140.0,16.1,0.0,1029.4
2020-03-15 22:00:00,2.1000000000000005,2.1000000000000005,0.76,3.3166,132.0,15.150100000000002,0.0,1029.69
2020-03-15 23:00:00,3.3333333333333335,1.6722222222222212,0.7,6.44,140.0,16.1,0.0,1029.9
2020-03-16 00:00:00,3.3333333333333335,1.6722222222222212,0.7,6.44,130.0,16.1,0.0,1030.2
2020-03-16 01:00:00,2.727777777777776,2.727777777777776,0.66,2.9785000000000004,144.0,15.150100000000002,0.0,1030.6
2020-03-16 02:00:00,1.1111111111111112,-0.8944444444444442,0.61,6.44,130.0,16.1,0.0,1030.6
2020-03-16 03:00:00,0.5555555555555556,0.5555555555555556,0.61,3.22,150.0,16.1,0.0,1030.7
2020-03-16 04:00:00,1.1444444444444457,-0.6611111111111119,0.56,5.9248,139.0,15.150100000000002,0.0,1030.61
2020-03-16 05:00:00,0.0,-2.7333333333333343,0.56,8.05,180.0,9.982000000000001,0.0,1030.2
2020-03-16 06:00:00,0.0,0.0,0.56,4.83,170.0,9.982000000000001,0.0,1030.1
2020-03-16 07:00:00,2.411111111111113,2.411111111111113,0.61,4.717300000000001,170.0,9.982000000000001,0.0,1030.12
2020-03-16 08:00:00,7.222222222222222,5.394444444444445,0.38,9.66,180.0,9.982000000000001,0.0,1030.2
2020-03-16 09:00:00,11.11111111111111,11.11111111111111,0.35,16.1,190.0,9.982000000000001,0.0,1030.1
2020-03-16 10:00:00,12.622222222222222,12.622222222222222,0.36,15.0696,189.0,10.368400000000001,0.0,1029.99
2020-03-16 11:00:00,13.88888888888889,13.88888888888889,0.36,11.270000000000001,230.0,9.982000000000001,0.0,1029.6
2020-03-16 12:00:00,15.0,15.0,0.36,9.66,190.0,9.982000000000001,0.0,1029.1
2020-03-16 13:00:00,16.06111111111111,16.06111111111111,0.33,10.722600000000002,222.0,10.368400000000001,0.0,1028.32
2020-03-16 14:00:00,17.22222222222222,17.22222222222222,0.31,12.88,240.0,9.982000000000001,0.0,1027.5
2020-03-16 15:00:00,17.77777777777778,17.77777777777778,0.28,12.88,230.0,9.982000000000001,0.0,1026.8
2020-03-16 16:00:00,17.116666666666667,17.116666666666667,0.31,12.075000000000001,238.0,10.368400000000001,0.0,1026.32
2020-03-16 17:00:00,15.0,15.0,0.33,9.66,200.0,9.982000000000001,0.0,1025.9
2020-03-16 18:00:00,12.777777777777779,12.777777777777779,0.38,8.05,170.0,9.982000000000001,0.0,1026.1
2020-03-16 19:00:00,11.144444444444446,11.144444444444446,0.42,7.4543,172.0,10.368400000000001,0.0,1026.1
2020-03-16 20:00:00,7.777777777777778,6.400000000000002,0.49,8.05,170.0,9.982000000000001,0.0,1026.1
2020-03-16 21:00:00,7.777777777777778,6.805555555555555,0.51,6.44,180.0,16.1,0.0,1026.3
2020-03-16 22:00:00,6.872222222222221,5.761111111111109,0.56,6.44,160.0,15.150100000000002,0.0,1026.32
2020-03-16 23:00:00,4.444444444444445,2.9555555555555557,0.64,6.44,160.0,16.1,0.0,1026.3
2020-03-17 00:00:00,4.444444444444445,2.9555555555555557,0.64,6.44,170.0,16.1,0.0,1026.2
2020-03-17 01:00:00,3.2611111111111097,1.7277777777777774,0.72,6.0375000000000005,153.0,15.150100000000002,0.0,1026.3
2020-03-17 02:00:00,2.7777777777777777,1.0277777777777786,0.7,6.44,150.0,16.1,0.0,1026.3
2020-03-17 03:00:00,2.2222222222222223,0.38888888888889045,0.72,6.44,160.0,16.1,0.0,1025.9
2020-03-17 04:00:00,2.049999999999999,-0.8611111111111115,0.72,10.0464,142.0,15.150100000000002,0.0,1026.02
2020-03-17 05:00:00,2.2222222222222223,-1.2666666666666673,0.69,12.88,140.0,9.982000000000001,0.0,1025.8
2020-03-17 06:00:00,1.1111111111111112,-2.272222222222222,0.69,11.270000000000001,150.0,9.982000000000001,0.0,1026.0
2020-03-17 07:00:00,3.872222222222222,1.1500000000000001,0.66,10.8192,169.0,9.982000000000001,0.0,1026.23
2020-03-17 08:00:00,7.222222222222222,4.822222222222222,0.55,12.88,160.0,9.982000000000001,0.0,1026.4
2020-03-17 09:00:00,12.222222222222221,12.222222222222221,0.47,11.270000000000001,160.0,9.982000000000001,0.0,1026.0
2020-03-17 10:00:00,16.044444444444444,16.044444444444444,0.36,12.2843,171.0,9.982000000000001,0.0,1025.73
2020-03-17 11:00:00,20.0,20.0,0.26,14.49,200.0,9.982000000000001,0.0,1025.2
2020-03-17 12:00:00,21.11111111111111,21.11111111111111,0.21,12.88,230.0,9.982000000000001,0.0,1024.6
2020-03-17 13:00:00,21.822222222222223,21.822222222222223,0.23,16.7601,205.0,10.368400000000001,0.0,1023.8
2020-03-17 14:00:00,22.22222222222222,22.22222222222222,0.21,20.93,200.0,9.982000000000001,0.0,1022.8
2020-03-17 15:00:00,22.77777777777778,22.77777777777778,0.18,17.71,200.0,9.982000000000001,0.0,1022.0
2020-03-17 16:00:00,21.961111111111112,21.961111111111112,0.19,15.922900000000002,209.0,10.368400000000001,0.0,1021.39
2020-03-17 17:00:00,20.0,20.0,0.24,12.88,190.0,9.982000000000001,0.0,1021.1
2020-03-17 18:00:00,16.11111111111111,16.11111111111111,0.28,11.270000000000001,190.0,9.982000000000001,0.0,1021.4
2020-03-17 19:00:00,13.072222222222223,13.072222222222223,0.38,10.4972,189.0,10.368400000000001,0.0,1021.85
2020-03-17 20:00:00,11.11111111111111,11.11111111111111,0.43,11.270000000000001,170.0,9.982000000000001,0.0,1021.9
2020-03-17 21:00:00,10.0,9.372222222222222,0.44,6.44,170.0,16.1,0.0,1021.9
2020-03-17 22:00:00,9.616666666666667,7.705555555555555,0.49,13.105400000000001,172.0,15.520400000000002,0.0,1022.41
2020-03-17 23:00:00,8.88888888888889,7.1000000000000005,0.44,11.270000000000001,210.0,9.982000000000001,0.0,0.0
2020-03-18 00:00:00,7.777777777777778,6.0555555555555545,0.49,9.66,190.0,9.982000000000001,0.0,0.0
2020-03-18 01:00:00,7.550000000000002,5.677777777777777,0.49,10.2235,186.0,15.150100000000002,0.0,1022.53
2020-03-18 02:00:00,5.0,2.411111111111113,0.57,11.270000000000001,170.0,9.982000000000001,0.0,0.0
2020-03-18 03:00:00,4.444444444444445,1.7444444444444447,0.57,11.270000000000001,170.0,16.1,0.0,1022.1
2020-03-18 04:00:00,4.444444444444445,1.2833333333333345,0.63,13.7494,193.0,15.150100000000002,0.0,1022.16
2020-03-18 05:00:00,3.888888888888889,1.072222222222222,0.62,11.270000000000001,200.0,9.982000000000001,0.0,1022.0
2020-03-18 06:00:00,5.0,2.411111111111113,0.6,11.270000000000001,180.0,9.982000000000001,0.0,1022.2
2020-03-18 07:00:00,7.1000000000000005,4.827777777777777,0.6,11.9623,190.0,9.982000000000001,0.0,1022.39
2020-03-18 08:00:00,12.777777777777779,12.777777777777779,0.41,20.93,200.0,9.982000000000001,0.0,1022.4
2020-03-18 09:00:00,17.22222222222222,17.22222222222222,0.31,25.76,220.0,9.982000000000001,0.0,1022.1
2020-03-18 10:00:00,18.733333333333334,18.733333333333334,0.29,27.933500000000002,239.0,10.368400000000001,0.0,1022.1
2020-03-18 11:00:00,21.11111111111111,21.11111111111111,0.26,33.81,240.0,9.982000000000001,0.0,1021.6
2020-03-18 12:00:00,22.22222222222222,22.22222222222222,0.25,27.37,220.0,9.982000000000001,0.0,1021.2
2020-03-18 13:00:00,21.994444444444447,21.994444444444447,0.23,26.8226,230.0,10.368400000000001,0.0,1020.67
2020-03-18 14:00:00,22.77777777777778,22.77777777777778,0.22,22.540000000000003,220.0,9.982000000000001,0.0,1019.7
2020-03-18 15:00:00,22.77777777777778,22.77777777777778,0.2,25.76,240.0,9.982000000000001,0.0,1019.2
2020-03-18 16:00:00,22.188888888888886,22.188888888888886,0.23,15.262800000000002,238.0,10.368400000000001,0.0,1018.89
2020-03-18 17:00:00,21.11111111111111,21.11111111111111,0.26,4.83,290.0,9.982000000000001,0.0,1018.5
2020-03-18 18:00:00,17.22222222222222,17.22222222222222,0.34,0.0,0.0,9.982000000000001,0.0,1018.4
2020-03-18 19:00:00,14.166666666666666,14.166666666666666,0.41,3.3488,195.0,9.982000000000001,0.0,1018.56
2020-03-18 20:00:00,10.0,9.011111111111111,0.5,8.05,220.0,9.982000000000001,0.0,1019.0
2020-03-18 21:00:00,10.0,9.372222222222222,0.48,6.44,250.0,16.1,0.0,1019.3
2020-03-18 22:00:00,11.944444444444445,11.944444444444445,0.5,13.491800000000001,269.0,15.150100000000002,0.0,1019.8
2020-03-18 23:00:00,9.444444444444445,8.733333333333333,0.58,6.44,200.0,16.1,0.0,1020.2
2020-03-19 00:00:00,9.444444444444445,7.766666666666664,0.61,11.270000000000001,210.0,16.1,0.0,1020.1
2020-03-19 01:00:00,9.616666666666667,7.950000000000001,0.64,11.4471,210.0,15.150100000000002,0.0,1020.57
2020-03-19 02:00:00,8.333333333333334,7.444444444444445,0.68,6.44,190.0,16.1,0.0,1020.9
2020-03-19 03:00:00,6.111111111111111,2.766666666666665,0.76,17.71,180.0,16.1,0.0,1020.5
2020-03-19 04:00:00,6.611111111111111,4.33888888888889,0.76,11.382700000000002,204.0,15.150100000000002,0.0,1020.93
2020-03-19 05:00:00,6.111111111111111,3.75,0.79,11.270000000000001,230.0,11.270000000000001,0.0,1021.2
2020-03-19 06:00:00,8.88888888888889,6.2333333333333325,0.71,17.71,230.0,9.982000000000001,0.0,1021.5
2020-03-19 07:00:00,11.944444444444445,11.944444444444445,0.63,15.439900000000002,228.0,9.982000000000001,0.0,1022.02
2020-03-19 08:00:00,15.0,15.0,0.51,16.1,250.0,9.982000000000001,0.0,1022.7
2020-03-19 09:00:00,16.11111111111111,16.11111111111111,0.48,28.98,290.0,9.982000000000001,0.0,1023.2
2020-03-19 10:00:00,17.727777777777774,17.727777777777774,0.46,27.273400000000002,269.0,10.368400000000001,0.0,1023.47
2020-03-19 11:00:00,17.77777777777778,17.77777777777778,0.46,25.76,280.0,9.982000000000001,0.0,1023.3
2020-03-19 12:00:00,18.88888888888889,18.88888888888889,0.43,24.150000000000002,280.0,9.982000000000001,0.0,1023.8
2020-03-19 13:00:00,19.894444444444446,19.894444444444446,0.38,26.8226,290.0,10.368400000000001,0.0,1023.58
2020-03-19 14:00:00,20.0,20.0,0.37,25.76,290.0,9.982000000000001,0.0,1023.7
2020-03-19 15:00:00,20.0,20.0,0.35,24.150000000000002,280.0,9.982000000000001,0.0,1023.7
2020-03-19 16:00:00,18.95555555555556,18.95555555555556,0.4,13.1537,309.0,10.368400000000001,0.0,1023.72
2020-03-19 17:00:00,17.22222222222222,17.22222222222222,0.41,9.66,310.0,9.982000000000001,0.0,1024.0
2020-03-19 18:00:00,15.0,15.0,0.44,9.66,330.0,9.982000000000001,0.0,1024.7
2020-03-19 19:00:00,12.950000000000001,12.950000000000001,0.51,9.982000000000001,339.0,10.368400000000001,0.0,1025.71
2020-03-19 20:00:00,11.11111111111111,11.11111111111111,0.56,8.05,350.0,9.982000000000001,0.0,1026.7
2020-03-19 21:00:00,11.11111111111111,11.11111111111111,0.56,11.270000000000001,340.0,16.1,0.0,1027.4
2020-03-19 22:00:00,10.122222222222222,10.122222222222222,0.6,13.9909,340.0,15.150100000000002,0.0,1028.24
2020-03-19 23:00:00,8.88888888888889,6.627777777777777,0.63,14.49,340.0,16.1,0.0,1029.1
2020-03-20 00:00:00,7.777777777777778,5.26111111111111,0.68,14.49,340.0,16.1,0.0,1029.6
2020-03-20 01:00:00,9.011111111111111,6.961111111111112,0.63,13.1537,338.0,15.150100000000002,0.0,1030.33
2020-03-20 02:00:00,8.88888888888889,7.1000000000000005,0.66,11.270000000000001,340.0,16.1,0.0,1030.7
2020-03-20 03:00:00,8.333333333333334,8.333333333333334,0.71,3.22,310.0,16.1,0.0,1031.1
2020-03-20 04:00:00,6.927777777777777,4.816666666666667,0.71,10.8192,340.0,15.150100000000002,0.0,1031.74
2020-03-20 05:00:00,5.0,2.411111111111113,0.76,11.270000000000001,0.0,9.982000000000001,0.0,1032.2
2020-03-20 06:00:00,7.222222222222222,5.394444444444445,0.6,9.66,10.0,9.982000000000001,0.0,1032.8
2020-03-20 07:00:00,7.711111111111112,6.461111111111112,0.56,7.4543,7.0,9.982000000000001,0.0,1033.31
2020-03-20 08:00:00,8.88888888888889,6.627777777777777,0.46,14.49,60.0,9.982000000000001,0.0,1034.2
2020-03-20 09:00:00,11.11111111111111,11.11111111111111,0.38,11.270000000000001,50.0,9.982000000000001,0.0,1034.8
2020-03-20 10:00:00,12.711111111111112,12.711111111111112,0.36,5.0071,29.0,10.368400000000001,0.0,1034.97
2020-03-20 11:00:00,13.88888888888889,13.88888888888889,0.31,9.66,350.0,9.982000000000001,0.0,1034.9
2020-03-20 12:00:00,15.0,15.0,0.29,9.66,330.0,9.982000000000001,0.0,1034.8
2020-03-20 13:00:00,17.1,17.1,0.27,9.2575,332.0,10.368400000000001,0.0,1034.19
2020-03-20 14:00:00,17.77777777777778,17.77777777777778,0.26,11.270000000000001,300.0,9.982000000000001,0.0,1033.6
2020-03-20 15:00:00,17.22222222222222,17.22222222222222,0.26,9.66,330.0,9.982000000000001,0.0,1033.2
2020-03-20 16:00:00,17.744444444444444,17.744444444444444,0.27,7.615300000000001,331.0,10.368400000000001,0.0,1032.59
2020-03-20 17:00:00,16.11111111111111,16.11111111111111,0.28,11.270000000000001,320.0,9.982000000000001,0.0,1032.4
2020-03-20 18:00:00,12.777777777777779,12.777777777777779,0.34,9.66,320.0,9.982000000000001,0.0,1032.7
2020-03-20 19:00:00,11.333333333333334,11.333333333333334,0.39,9.982000000000001,331.0,9.982000000000001,0.0,1033.28
2020-03-20 20:00:00,8.88888888888889,8.88888888888889,0.46,3.22,340.0,9.982000000000001,0.0,1033.8
2020-03-20 21:00:00,8.333333333333334,8.333333333333334,0.47,3.22,300.0,16.1,0.0,1034.0
2020-03-20 22:00:00,6.2333333333333325,6.2333333333333325,0.58,2.9463000000000004,289.0,15.150100000000002,0.0,1034.32
2020-03-20 23:00:00,5.0,3.5944444444444437,0.67,6.44,320.0,16.1,0.0,1034.6
2020-03-21 00:00:00,4.444444444444445,4.444444444444445,0.59,3.22,320.0,16.1,0.0,1034.8
2020-03-21 01:00:00,4.788888888888888,3.383333333333335,0.62,6.3434,332.0,15.150100000000002,0.0,1034.97
2020-03-21 02:00:00,2.7777777777777777,2.7777777777777777,0.67,3.22,270.0,16.1,0.0,1035.0
2020-03-21 03:00:00,2.2222222222222223,2.2222222222222223,0.75,3.22,290.0,16.1,0.0,1035.1
2020-03-21 04:00:00,2.6555555555555563,0.9833333333333351,0.74,6.166300000000001,298.0,15.150100000000002,0.0,1035.1
2020-03-21 05:00:00,2.2222222222222223,2.2222222222222223,0.72,3.22,220.0,9.982000000000001,0.0,1035.0
2020-03-21 06:00:00,2.2222222222222223,2.2222222222222223,0.72,1.61,240.0,9.982000000000001,0.0,1035.3
2020-03-21 07:00:00,6.1833333333333345,6.1833333333333345,0.66,3.1878,279.0,9.982000000000001,0.0,1035.32
2020-03-21 08:00:00,12.222222222222221,12.222222222222221,0.37,11.270000000000001,310.0,9.982000000000001,0.0,1035.4
2020-03-21 09:00:00,13.88888888888889,13.88888888888889,0.31,16.1,300.0,9.982000000000001,0.0,1035.5
2020-03-21 10:00:00,16.077777777777776,16.077777777777776,0.28,15.3111,316.0,10.368400000000001,0.0,1035.11
2020-03-21 11:00:00,17.22222222222222,17.22222222222222,0.21,16.1,310.0,9.982000000000001,0.0,1034.6
2020-03-21 12:00:00,17.77777777777778,17.77777777777778,0.19,16.1,270.0,9.982000000000001,0.0,1034.2
2020-03-21 13:00:00,18.8,18.8,0.2,10.948,306.0,10.368400000000001,0.0,1033.64
2020-03-21 14:00:00,18.88888888888889,18.88888888888889,0.21,16.1,300.0,9.982000000000001,0.0,1032.7
2020-03-21 15:00:00,20.0,20.0,0.21,14.49,320.0,9.982000000000001,0.0,1032.2
2020-03-21 16:00:00,18.977777777777774,18.977777777777774,0.24,13.8621,291.0,10.368400000000001,0.0,1031.73
2020-03-21 17:00:00,17.77777777777778,17.77777777777778,0.26,11.270000000000001,300.0,9.982000000000001,0.0,1031.2
2020-03-21 18:00:00,13.88888888888889,13.88888888888889,0.31,9.66,300.0,9.982000000000001,0.0,1031.4
2020-03-21 19:00:00,11.561111111111112,11.561111111111112,0.37,7.502600000000001,290.0,9.982000000000001,0.0,1031.82
2020-03-21 20:00:00,10.0,9.011111111111111,0.42,8.05,280.0,9.982000000000001,0.0,1032.2
2020-03-21 21:00:00,9.444444444444445,9.444444444444445,0.44,3.22,280.0,16.1,0.0,1032.3
2020-03-21 22:00:00,8.677777777777777,8.677777777777777,0.48,3.4776000000000002,288.0,15.150100000000002,0.0,1032.37
2020-03-21 23:00:00,7.222222222222222,7.222222222222222,0.55,3.22,270.0,16.1,0.0,1032.5
2020-03-22 00:00:00,7.222222222222222,7.222222222222222,0.53,3.22,290.0,16.1,0.0,1032.5
2020-03-22 01:00:00,6.1833333333333345,6.1833333333333345,0.59,3.22,280.0,15.150100000000002,0.0,1032.51
2020-03-22 02:00:00,5.555555555555555,5.555555555555555,0.6,3.22,260.0,16.1,0.0,1032.2
2020-03-22 03:00:00,4.444444444444445,4.444444444444445,0.64,0.0,0.0,16.1,0.0,1032.1
2020-03-22 04:00:00,3.872222222222222,3.872222222222222,0.71,3.4937,273.0,15.150100000000002,0.0,1032.15
2020-03-22 05:00:00,2.7777777777777777,2.7777777777777777,0.7,0.0,0.0,9.982000000000001,0.0,1032.1
2020-03-22 06:00:00,2.2222222222222223,2.2222222222222223,0.69,3.22,310.0,9.982000000000001,0.0,1032.2
2020-03-22 07:00:00,7.116666666666668,7.116666666666668,0.57,3.22,331.0,9.982000000000001,0.0,1032.48
2020-03-22 08:00:00,11.11111111111111,11.11111111111111,0.46,3.22,0.0,9.982000000000001,0.0,1032.4
2020-03-22 09:00:00,15.0,15.0,0.39,1.61,10.0,9.982000000000001,0.0,1032.2
2020-03-22 10:00:00,17.17222222222222,17.17222222222222,0.37,3.6708,19.0,10.368400000000001,0.0,1032.11
2020-03-22 11:00:00,18.88888888888889,18.88888888888889,0.33,8.05,40.0,9.982000000000001,0.0,1031.9
2020-03-22 12:00:00,20.0,20.0,0.28,1.61,140.0,9.982000000000001,0.0,1031.3
2020-03-22 13:00:00,20.05,20.05,0.28,4.9910000000000005,168.0,10.368400000000001,0.0,1030.71
2020-03-22 14:00:00,21.11111111111111,21.11111111111111,0.29,3.22,270.0,9.982000000000001,0.0,1030.1
2020-03-22 15:00:00,21.11111111111111,21.11111111111111,0.24,3.22,230.0,9.982000000000001,0.0,1029.2
2020-03-22 16:00:00,21.06111111111111,21.06111111111111,0.24,2.0447,234.0,10.368400000000001,0.0,1028.78
2020-03-22 17:00:00,18.88888888888889,18.88888888888889,0.3,3.22,180.0,9.982000000000001,0.0,1028.4
2020-03-22 18:00:00,16.11111111111111,16.11111111111111,0.31,3.22,190.0,9.982000000000001,0.0,1028.5
2020-03-22 19:00:00,12.5,12.5,0.39,1.4329,188.0,9.982000000000001,0.0,1028.72
2020-03-22 20:00:00,11.11111111111111,11.11111111111111,0.43,0.0,0.0,9.982000000000001,0.0,1029.0
2020-03-22 21:00:00,9.444444444444445,9.444444444444445,0.5,0.0,0.0,16.1,0.0,1029.0
2020-03-22 22:00:00,8.905555555555557,8.905555555555557,0.58,3.22,0.0,15.150100000000002,0.0,1029.02
2020-03-22 23:00:00,6.666666666666667,6.666666666666667,0.65,0.0,0.0,16.1,0.0,1029.2
2020-03-23 00:00:00,7.777777777777778,6.805555555555555,0.58,6.44,60.0,16.1,0.0,1029.1
2020-03-23 01:00:00,6.2333333333333325,6.2333333333333325,0.72,3.4132000000000002,63.0,15.150100000000002,0.0,1029.03
2020-03-23 02:00:00,4.444444444444445,4.444444444444445,0.79,0.0,0.0,16.1,0.0,1028.6
2020-03-23 03:00:00,4.444444444444445,4.444444444444445,0.82,3.22,0.0,16.1,0.0,1028.2
2020-03-23 04:00:00,3.611111111111111,1.988888888888888,0.81,6.44,50.0,15.150100000000002,0.0,1027.81
2020-03-23 05:00:00,2.7777777777777777,2.7777777777777777,0.82,0.0,0.0,9.982000000000001,0.0,1027.7
2020-03-23 06:00:00,2.7777777777777777,2.7777777777777777,0.82,0.0,0.0,9.982000000000001,0.0,1027.6
2020-03-23 07:00:00,7.033333333333331,7.033333333333331,0.72,3.22,160.0,9.982000000000001,0.0,1027.63
2020-03-23 08:00:00,12.222222222222221,12.222222222222221,0.52,1.61,150.0,9.982000000000001,0.0,1027.4
2020-03-23 09:00:00,15.0,15.0,0.47,0.0,0.0,9.982000000000001,0.0,1027.3
2020-03-23 10:00:00,18.7,18.7,0.33,0.3381,214.0,10.368400000000001,0.0,1027.3
2020-03-23 11:00:00,20.0,20.0,0.24,4.83,230.0,9.982000000000001,0.0,1026.6
2020-03-23 12:00:00,21.11111111111111,21.11111111111111,0.2,9.66,340.0,9.982000000000001,0.0,1026.2
2020-03-23 13:00:00,22.1,22.1,0.2,7.792400000000001,298.0,10.368400000000001,0.0,1025.62
2020-03-23 14:00:00,22.22222222222222,22.22222222222222,0.19,9.66,300.0,9.982000000000001,0.0,1024.7
2020-03-23 15:00:00,22.22222222222222,22.22222222222222,0.19,11.270000000000001,0.0,9.982000000000001,0.0,1023.9
2020-03-23 16:00:00,22.22222222222222,22.22222222222222,0.2,6.488300000000001,343.0,10.368400000000001,0.0,1023.53
2020-03-23 17:00:00,21.11111111111111,21.11111111111111,0.21,0.0,0.0,9.982000000000001,0.0,1023.0
2020-03-23 18:00:00,17.22222222222222,17.22222222222222,0.26,0.0,0.0,9.982000000000001,0.0,1023.0
2020-03-23 19:00:00,13.211111111111112,13.211111111111112,0.37,3.1073,38.0,10.368400000000001,0.0,1023.3
2020-03-23 20:00:00,12.222222222222221,12.222222222222221,0.4,0.0,0.0,9.982000000000001,0.0,1023.7
2020-03-23 21:00:00,10.0,10.0,0.52,3.22,330.0,16.1,0.0,1023.9
2020-03-23 22:00:00,9.616666666666667,9.616666666666667,0.53,3.22,20.0,15.150100000000002,0.0,1023.98
2020-03-23 23:00:00,7.777777777777778,7.777777777777778,0.6,0.0,0.0,0.0,0.0,1023.9
2020-03-24 00:00:00,6.666666666666667,6.666666666666667,0.68,3.22,340.0,16.1,0.0,1023.9
2020-03-24 01:00:00,6.755555555555554,6.755555555555554,0.65,3.1717,20.0,15.150100000000002,0.0,1023.89
2020-03-24 02:00:00,6.111111111111111,6.111111111111111,0.65,0.0,0.0,16.1,0.0,1023.6
2020-03-24 03:00:00,4.444444444444445,4.444444444444445,0.76,0.0,0.0,16.1,0.0,1023.4
2020-03-24 04:00:00,4.044444444444445,4.044444444444445,0.75,3.1717,352.0,9.982000000000001,0.0,1023.45
2020-03-24 05:00:00,3.888888888888889,3.888888888888889,0.76,3.22,10.0,9.982000000000001,0.0,1023.5
2020-03-24 06:00:00,3.888888888888889,3.888888888888889,0.82,4.83,20.0,8.05,0.0,1023.8
2020-03-24 07:00:00,8.405555555555557,6.894444444444442,0.65,9.193100000000001,49.0,9.982000000000001,0.0,1024.0
2020-03-24 08:00:00,12.222222222222221,12.222222222222221,0.5,8.05,50.0,9.982000000000001,0.0,1023.9
2020-03-24 09:00:00,15.0,15.0,0.42,3.22,50.0,9.982000000000001,0.0,1024.0
2020-03-24 10:00:00,18.8,18.8,0.34,3.703,57.0,9.982000000000001,0.0,1023.83
2020-03-24 11:00:00,20.0,20.0,0.32,4.83,80.0,9.982000000000001,0.0,1023.5
2020-03-24 12:00:00,20.0,20.0,0.32,4.83,90.0,9.982000000000001,0.0,1023.2
2020-03-24 13:00:00,22.133333333333336,22.133333333333336,0.27,7.438200000000001,8.0,10.368400000000001,0.0,1022.66
2020-03-24 14:00:00,22.22222222222222,22.22222222222222,0.25,8.05,30.0,9.982000000000001,0.0,1022.0
2020-03-24 15:00:00,22.22222222222222,22.22222222222222,0.23,9.66,350.0,9.982000000000001,0.0,1021.7
2020-03-24 16:00:00,21.2,21.2,0.26,12.8961,351.0,10.368400000000001,0.0,1021.11
2020-03-24 17:00:00,20.0,20.0,0.28,11.270000000000001,40.0,9.982000000000001,0.0,1020.9
2020-03-24 18:00:00,17.77777777777778,17.77777777777778,0.3,4.83,50.0,9.982000000000001,0.0,1021.1
2020-03-24 19:00:00,14.149999999999999,14.149999999999999,0.41,4.7495,39.0,10.368400000000001,0.0,1021.39
2020-03-24 20:00:00,11.11111111111111,11.11111111111111,0.5,3.22,20.0,9.982000000000001,0.0,1021.9
2020-03-24 21:00:00,9.444444444444445,9.444444444444445,0.56,3.22,30.0,16.1,0.0,1022.2
2020-03-24 22:00:00,9.25,9.25,0.61,3.1556,37.0,15.520400000000002,0.0,1022.37
2020-03-24 23:00:00,7.222222222222222,7.222222222222222,0.63,3.22,330.0,16.1,0.0,1022.5
2020-03-25 00:00:00,7.222222222222222,7.222222222222222,0.68,3.22,330.0,16.1,0.0,1022.4
2020-03-25 01:00:00,7.8999999999999995,7.8999999999999995,0.64,3.4615,12.0,15.150100000000002,0.0,1022.51
2020-03-25 03:00:00,5.555555555555555,5.555555555555555,0.73,3.22,330.0,16.1,0.0,1022.7
2020-03-25 04:00:00,4.444444444444445,4.444444444444445,0.73,0.0,0.0,16.1,0.0,1022.5
2020-03-25 05:00:00,4.272222222222221,2.922222222222221,0.76,5.9248,331.0,15.150100000000002,0.0,1022.72
2020-03-25 06:00:00,5.0,5.0,0.76,3.22,20.0,9.982000000000001,0.0,1022.7
2020-03-25 07:00:00,3.888888888888889,3.888888888888889,0.76,4.83,290.0,9.982000000000001,0.0,1023.1
2020-03-25 08:00:00,7.655555555555556,6.722222222222223,0.7,6.2468,299.0,9.982000000000001,0.0,1023.21
2020-03-25 09:00:00,13.88888888888889,13.88888888888889,0.47,3.22,0.0,9.982000000000001,0.0,1023.2
2020-03-25 10:00:00,16.11111111111111,16.11111111111111,0.41,8.05,320.0,9.982000000000001,0.0,1023.1
2020-03-25 11:00:00,17.811111111111114,17.811111111111114,0.37,7.4704,327.0,9.982000000000001,0.0,1022.98
2020-03-25 12:00:00,20.0,20.0,0.31,11.270000000000001,300.0,9.982000000000001,0.0,1022.6
2020-03-25 13:00:00,21.11111111111111,21.11111111111111,0.29,12.88,310.0,9.982000000000001,0.0,1022.2
2020-03-25 14:00:00,22.049999999999997,22.049999999999997,0.25,16.711800000000004,288.0,10.368400000000001,0.0,1021.63
2020-03-25 15:00:00,22.22222222222222,22.22222222222222,0.23,20.93,300.0,11.270000000000001,0.0,1020.7
2020-03-25 16:00:00,22.22222222222222,22.22222222222222,0.19,20.93,320.0,9.982000000000001,0.0,1020.1
2020-03-25 17:00:00,21.11111111111111,21.11111111111111,0.18,22.3307,326.0,10.368400000000001,0.0,1019.83
2020-03-25 18:00:00,20.0,20.0,0.18,22.540000000000003,320.0,9.982000000000001,0.0,1019.5
2020-03-25 19:00:00,17.77777777777778,17.77777777777778,0.28,16.1,310.0,9.982000000000001,0.0,1019.7
2020-03-25 20:00:00,15.172222222222224,15.172222222222224,0.33,14.844200000000003,300.0,10.368400000000001,0.0,1019.93
2020-03-25 21:00:00,12.777777777777779,12.777777777777779,0.38,14.49,300.0,9.982000000000001,0.0,1020.4
2020-03-25 22:00:00,13.333333333333334,13.333333333333334,0.38,14.49,300.0,16.1,0.0,1020.5
2020-03-25 23:00:00,12.377777777777778,12.377777777777778,0.4,14.0714,318.0,15.150100000000002,0.0,1020.84
2020-03-26 00:00:00,11.11111111111111,11.11111111111111,0.39,14.49,340.0,16.1,0.0,1021.3
2020-03-26 01:00:00,9.444444444444445,7.311111111111109,0.4,14.49,340.0,16.1,0.0,1021.7
2020-03-26 02:00:00,10.105555555555554,10.105555555555554,0.34,13.894300000000003,339.0,15.150100000000002,0.0,1022.03
2020-03-26 03:00:00,8.88888888888889,6.627777777777777,0.35,14.49,350.0,16.1,0.0,1022.5
2020-03-26 04:00:00,7.222222222222222,4.577777777777779,0.37,14.49,340.0,16.1,0.0,1022.8
2020-03-26 05:00:00,6.2333333333333325,3.511111111111111,0.42,13.507900000000001,339.0,15.150100000000002,0.0,1023.53
2020-03-26 06:00:00,7.222222222222222,5.088888888888887,0.51,11.270000000000001,20.0,9.982000000000001,0.0,1024.3
2020-03-26 07:00:00,6.111111111111111,4.072222222222221,0.49,9.66,40.0,9.982000000000001,0.0,1025.1
2020-03-26 08:00:00,7.272222222222224,4.027777777777778,0.39,19.336100000000002,27.0,9.982000000000001,0.0,1025.94
2020-03-26 09:00:00,8.88888888888889,5.744444444444446,0.34,22.540000000000003,30.0,9.982000000000001,0.0,1026.6
2020-03-26 10:00:00,11.11111111111111,11.11111111111111,0.27,22.540000000000003,30.0,9.982000000000001,0.0,1027.1
2020-03-26 11:00:00,12.555555555555555,12.555555555555555,0.23,28.0301,17.0,10.368400000000001,0.0,1027.42
2020-03-26 12:00:00,12.777777777777779,12.777777777777779,0.16,28.98,20.0,9.982000000000001,0.0,1027.8
2020-03-26 13:00:00,13.88888888888889,13.88888888888889,0.12,28.98,10.0,9.982000000000001,0.0,1028.0
2020-03-26 14:00:00,14.844444444444443,14.844444444444443,0.15,25.454100000000004,351.0,10.368400000000001,0.0,1027.89
2020-03-26 15:00:00,15.0,15.0,0.14,20.93,0.0,9.982000000000001,0.0,1027.7
2020-03-26 16:00:00,15.0,15.0,0.17,17.71,20.0,9.982000000000001,0.0,1027.4
2020-03-26 17:00:00,15.016666666666667,15.016666666666667,0.18,22.4434,8.0,10.368400000000001,0.0,1027.01
2020-03-26 18:00:00,15.0,15.0,0.21,17.71,0.0,9.982000000000001,0.0,1026.9
2020-03-26 19:00:00,12.222222222222221,12.222222222222221,0.24,16.1,60.0,9.982000000000001,0.0,1027.1
2020-03-26 20:00:00,9.11111111111111,7.6277777777777755,0.3,9.7727,56.0,9.982000000000001,0.0,1027.97
2020-03-26 21:00:00,8.88888888888889,6.627777777777777,0.31,14.49,70.0,9.982000000000001,0.0,1028.3
2020-03-26 22:00:00,8.88888888888889,6.2333333333333325,0.31,17.71,70.0,16.1,0.0,1028.9
2020-03-26 23:00:00,6.561111111111113,5.511111111111112,0.36,6.0697,47.0,15.150100000000002,0.0,1029.69
2020-03-27 00:00:00,4.444444444444445,2.9555555555555557,0.41,6.44,20.0,16.1,0.0,1030.2
2020-03-27 01:00:00,5.0,2.411111111111113,0.37,11.270000000000001,40.0,16.1,0.0,1030.2
2020-03-27 02:00:00,3.8055555555555562,2.1888888888888878,0.41,6.5044,25.0,15.150100000000002,0.0,1030.36
2020-03-27 03:00:00,2.7777777777777777,2.7777777777777777,0.44,3.22,40.0,16.1,0.0,1030.1
2020-03-27 04:00:00,1.1111111111111112,-0.8944444444444442,0.51,6.44,340.0,16.1,0.0,1029.9
2020-03-27 05:00:00,0.1722222222222235,0.1722222222222235,0.58,3.4132000000000002,340.0,15.150100000000002,0.0,1029.9
2020-03-27 06:00:00,-1.1111111111111112,-1.1111111111111112,0.69,4.83,290.0,9.982000000000001,0.0,1029.8
2020-03-27 07:00:00,-1.1111111111111112,-1.1111111111111112,0.6,4.83,330.0,9.982000000000001,0.0,1030.0
2020-03-27 08:00:00,3.838888888888887,1.1388888888888873,0.49,10.6743,322.0,9.982000000000001,0.0,1029.67
2020-03-27 09:00:00,7.222222222222222,5.088888888888887,0.38,11.270000000000001,330.0,9.982000000000001,0.0,1029.6
2020-03-27 10:00:00,11.11111111111111,11.11111111111111,0.29,9.66,290.0,9.982000000000001,0.0,1029.0
2020-03-27 11:00:00,12.066666666666666,12.066666666666666,0.29,9.2897,260.0,10.368400000000001,0.0,1028.39
2020-03-27 12:00:00,12.777777777777779,12.777777777777779,0.24,16.1,290.0,9.982000000000001,0.0,1027.5
2020-03-27 13:00:00,13.88888888888889,13.88888888888889,0.21,22.540000000000003,280.0,9.982000000000001,0.0,1025.9
2020-03-27 14:00:00,15.905555555555557,15.905555555555557,0.18,23.3933,286.0,10.368400000000001,0.0,1024.85
2020-03-27 15:00:00,16.11111111111111,16.11111111111111,0.16,24.150000000000002,280.0,9.982000000000001,0.0,1023.2
2020-03-27 16:00:00,15.0,15.0,0.2,27.37,300.0,9.982000000000001,0.0,1022.2
2020-03-27 17:00:00,15.088888888888887,15.088888888888887,0.25,26.033700000000003,299.0,10.368400000000001,0.0,1021.36
2020-03-27 18:00:00,15.0,15.0,0.25,22.540000000000003,290.0,9.982000000000001,0.0,1020.1
2020-03-27 19:00:00,12.777777777777779,12.777777777777779,0.26,14.49,290.0,9.982000000000001,0.0,1019.9
2020-03-27 20:00:00,11.372222222222222,11.372222222222222,0.29,12.348700000000001,280.0,10.368400000000001,0.0,1019.76
2020-03-27 21:00:00,11.11111111111111,11.11111111111111,0.35,12.88,290.0,9.982000000000001,0.0,1019.3
2020-03-27 22:00:00,11.666666666666666,11.666666666666666,0.33,14.49,290.0,16.1,0.0,1019.1
2020-03-27 23:00:00,11.094444444444443,11.094444444444443,0.36,16.7601,298.0,15.150100000000002,0.0,1019.15
2020-03-28 00:00:00,10.0,7.98888888888889,0.39,14.49,310.0,16.1,0.0,1019.6
2020-03-28 01:00:00,7.777777777777778,5.761111111111109,0.49,11.270000000000001,350.0,16.1,0.0,1020.5
2020-03-28 02:00:00,7.222222222222222,5.799999999999999,0.58,7.824600000000001,343.0,15.150100000000002,0.0,1021.36
2020-03-28 03:00:00,5.555555555555555,3.0833333333333317,0.6,11.270000000000001,320.0,16.1,0.0,1021.8
2020-03-28 04:00:00,5.0,2.411111111111113,0.65,11.270000000000001,340.0,16.1,0.0,1022.0
2020-03-28 05:00:00,3.6944444444444438,1.988888888888888,0.7,6.7620000000000005,296.0,15.150100000000002,0.0,1022.91
2020-03-28 06:00:00,2.7777777777777777,0.10555555555555429,0.76,9.66,320.0,9.982000000000001,0.0,1023.6
2020-03-28 07:00:00,3.888888888888889,1.8333333333333317,0.64,8.05,330.0,9.982000000000001,0.0,1024.3
2020-03-28 08:00:00,8.577777777777776,8.577777777777776,0.53,4.8139,288.0,9.982000000000001,0.0,1024.53
2020-03-28 09:00:00,11.11111111111111,11.11111111111111,0.43,9.66,0.0,9.982000000000001,0.0,1024.7
2020-03-28 10:00:00,12.777777777777779,12.777777777777779,0.35,9.66,350.0,9.982000000000001,0.0,1025.1
2020-03-28 11:00:00,13.905555555555557,13.905555555555557,0.37,10.465,10.0,10.368400000000001,0.0,1024.72
2020-03-28 12:00:00,15.0,15.0,0.3,3.22,70.0,9.982000000000001,0.0,1024.5
2020-03-28 13:00:00,16.11111111111111,16.11111111111111,0.28,9.66,10.0,9.982000000000001,0.0,1024.1
2020-03-28 14:00:00,17.133333333333336,17.133333333333336,0.29,1.4812,46.0,10.368400000000001,0.0,1023.38
2020-03-28 15:00:00,17.77777777777778,17.77777777777778,0.28,4.83,310.0,9.982000000000001,0.0,1022.3
2020-03-28 16:00:00,17.77777777777778,17.77777777777778,0.3,8.05,310.0,9.982000000000001,0.0,1021.5
2020-03-28 17:00:00,17.76111111111111,17.76111111111111,0.3,11.3505,318.0,10.368400000000001,0.0,1020.92
2020-03-28 18:00:00,17.22222222222222,17.22222222222222,0.29,11.270000000000001,320.0,9.982000000000001,0.0,1020.2
2020-03-28 19:00:00,15.0,15.0,0.33,8.05,250.0,9.982000000000001,0.0,1019.7
2020-03-28 20:00:00,12.966666666666669,12.966666666666669,0.38,10.2718,232.0,10.368400000000001,0.0,1019.56
2020-03-28 21:00:00,12.222222222222221,12.222222222222221,0.4,11.270000000000001,230.0,9.982000000000001,0.0,1019.2
2020-03-28 22:00:00,11.666666666666666,11.666666666666666,0.43,11.270000000000001,240.0,16.1,0.0,1018.8
2020-03-28 23:00:00,13.594444444444443,13.594444444444443,0.41,16.6796,240.0,15.520400000000002,0.0,1018.02
2020-03-29 00:00:00,13.333333333333334,13.333333333333334,0.45,17.71,250.0,0.0,0.0,1017.3
2020-03-29 01:00:00,11.666666666666666,11.666666666666666,0.5,14.49,240.0,16.1,0.0,1017.1
2020-03-29 02:00:00,11.700000000000001,11.700000000000001,0.52,14.296800000000003,250.0,15.520400000000002,0.0,1016.62
2020-03-29 03:00:00,10.555555555555555,10.555555555555555,0.56,11.270000000000001,240.0,16.1,0.0,1015.8
2020-03-29 04:00:00,11.11111111111111,11.11111111111111,0.56,17.71,280.0,16.1,0.0,1015.0
2020-03-29 05:00:00,10.155555555555557,10.155555555555557,0.63,16.6635,269.0,15.520400000000002,0.0,1014.9
2020-03-29 06:00:00,11.11111111111111,11.11111111111111,0.56,20.93,270.0,9.982000000000001,0.0,1014.4
2020-03-29 07:00:00,11.11111111111111,11.11111111111111,0.56,14.49,260.0,9.982000000000001,0.0,1014.0
2020-03-29 08:00:00,11.927777777777777,11.927777777777777,0.54,15.520400000000002,259.0,10.368400000000001,0.0,1013.82
2020-03-29 09:00:00,13.88888888888889,13.88888888888889,0.42,25.76,290.0,9.982000000000001,0.0,1013.4
2020-03-29 10:00:00,15.0,15.0,0.36,28.98,280.0,9.982000000000001,0.0,1012.9
2020-03-29 11:00:00,16.755555555555553,16.755555555555553,0.34,33.0694,289.0,10.3201,0.0,1012.31
2020-03-29 12:00:00,17.566666666666666,17.566666666666666,0.32,36.2894,282.0,9.982000000000001,0.0,1011.26
2020-03-29 13:00:00,17.77777777777778,17.77777777777778,0.3,38.64,290.0,11.270000000000001,0.0,1010.7
2020-03-29 14:00:00,18.75,18.75,0.25,32.6347,297.0,11.4471,0.0,1010.14
2020-03-29 15:00:00,18.88888888888889,18.88888888888889,0.19,41.86,300.0,11.270000000000001,0.0,1009.0
2020-03-29 16:00:00,17.77777777777778,17.77777777777778,0.28,27.37,260.0,11.270000000000001,0.0,1008.2
2020-03-29 17:00:00,17.811111111111114,17.811111111111114,0.26,23.1518,270.0,11.4471,0.0,1007.35
2020-03-29 18:00:00,16.11111111111111,16.11111111111111,0.28,12.88,280.0,11.270000000000001,0.0,1006.9
2020-03-29 19:00:00,15.0,15.0,0.3,11.270000000000001,310.0,11.270000000000001,0.0,1006.7
2020-03-29 20:00:00,15.122222222222222,15.122222222222222,0.31,25.051600000000004,338.0,11.4471,0.0,1006.91
2020-03-29 21:00:00,13.88888888888889,13.88888888888889,0.33,30.590000000000003,330.0,9.982000000000001,0.0,1007.9
2020-03-29 22:00:00,13.333333333333334,13.333333333333334,0.35,17.71,320.0,16.1,0.0,1007.8
2020-03-29 23:00:00,12.727777777777776,12.727777777777776,0.38,27.8047,312.0,15.520400000000002,0.0,1008.35
2020-03-30 00:00:00,10.0,6.4444444444444455,0.54,32.2,320.0,16.1,0.0,1008.8
2020-03-30 01:00:00,9.444444444444445,5.938888888888887,0.54,28.98,310.0,16.1,0.0,1008.3
2020-03-30 02:00:00,8.977777777777776,5.6722222222222225,0.56,24.6008,300.0,15.150100000000002,0.0,1008.38
2020-03-30 03:00:00,8.333333333333334,4.749999999999998,0.6,25.76,290.0,16.1,0.0,1007.7
2020-03-30 04:00:00,8.333333333333334,5.1944444444444455,0.6,20.93,280.0,16.1,0.0,1007.3
2020-03-30 05:00:00,8.855555555555554,5.566666666666668,0.61,24.0534,278.0,15.150100000000002,0.0,1006.9
2020-03-30 06:00:00,7.222222222222222,3.4666666666666677,0.79,24.150000000000002,290.0,11.270000000000001,0.0,1006.9
2020-03-30 07:00:00,7.222222222222222,3.3222222222222206,0.79,25.76,270.0,9.982000000000001,0.0,1006.9
2020-03-30 08:00:00,7.655555555555556,3.250000000000001,0.79,33.8744,288.0,11.0768,0.0,1006.87
2020-03-30 09:00:00,8.88888888888889,4.677777777777779,0.71,37.03,300.0,11.270000000000001,0.0,1006.9
2020-03-30 10:00:00,10.0,5.977777777777777,0.61,40.25,300.0,11.270000000000001,0.0,1006.7
2020-03-30 11:00:00,11.91111111111111,11.91111111111111,0.49,38.0443,317.0,11.4471,0.0,1007.17
2020-03-30 12:00:00,12.777777777777779,12.777777777777779,0.41,41.86,320.0,11.270000000000001,0.0,1007.1
2020-03-30 13:00:00,12.777777777777779,12.777777777777779,0.38,33.81,310.0,9.982000000000001,0.0,1007.1
2020-03-30 14:00:00,13.75,13.75,0.34,34.2769,303.0,10.368400000000001,0.0,1007.18
2020-03-30 15:00:00,12.777777777777779,12.777777777777779,0.35,35.42,300.0,11.270000000000001,0.0,1006.7
2020-03-30 16:00:00,12.222222222222221,12.222222222222221,0.37,41.86,290.0,9.982000000000001,0.0,1006.7
2020-03-30 17:00:00,12.272222222222224,12.272222222222224,0.38,28.6419,307.0,10.368400000000001,0.0,1006.73
2020-03-30 18:00:00,12.222222222222221,12.222222222222221,0.37,30.590000000000003,300.0,9.982000000000001,0.0,1006.8
2020-03-30 19:00:00,12.222222222222221,12.222222222222221,0.4,27.37,290.0,9.982000000000001,0.0,1006.8
2020-03-30 20:00:00,10.0,6.933333333333332,0.59,25.2609,270.0,11.4471,0.0,1007.63
2020-03-30 21:00:00,10.0,6.55,0.61,30.590000000000003,280.0,11.270000000000001,0.0,1008.2
2020-03-30 22:00:00,9.444444444444445,5.716666666666666,0.68,32.2,280.0,0.0,0.0,1008.3
2020-03-30 23:00:00,8.88888888888889,5.316666666666666,0.76,27.643700000000006,271.0,15.150100000000002,0.0,1008.52
2020-03-31 00:00:00,8.333333333333334,4.255555555555554,0.83,32.2,280.0,16.1,0.0,1008.3
2020-03-31 01:00:00,8.333333333333334,5.1944444444444455,0.86,20.93,280.0,16.1,0.0,1008.4
2020-03-31 02:00:00,8.438888888888888,5.744444444444446,0.86,17.0821,278.0,15.150100000000002,0.0,1008.2
2020-03-31 03:00:00,8.333333333333334,4.749999999999998,0.83,25.76,280.0,16.1,0.0,1007.7
2020-03-31 04:00:00,8.333333333333334,4.494444444444446,0.8,28.98,280.0,16.1,0.0,1007.4
2020-03-31 05:00:00,8.383333333333335,5.66111111111111,0.84,17.2109,270.0,15.150100000000002,0.0,1007.42
2020-03-31 06:00:00,7.777777777777778,5.4944444444444445,0.83,12.88,280.0,11.270000000000001,0.0,1007.0
2020-03-31 07:00:00,8.88888888888889,5.599999999999999,0.77,24.150000000000002,290.0,9.982000000000001,0.0,1006.9
2020-03-31 08:00:00,9.877777777777778,6.91111111111111,0.69,23.6509,296.0,9.982000000000001,0.0,1006.77
2020-03-31 09:00:00,12.222222222222221,12.222222222222221,0.57,33.81,300.0,9.982000000000001,0.0,1006.6
2020-03-31 10:00:00,13.88888888888889,13.88888888888889,0.51,30.590000000000003,280.0,11.270000000000001,0.0,1006.1
2020-03-31 11:00:00,14.794444444444444,14.794444444444444,0.46,27.4827,279.0,16.1,0.0,1005.6
2020-03-31 12:00:00,15.0,15.0,0.44,27.37,280.0,11.270000000000001,0.0,1004.9
2020-03-31 13:00:00,15.0,15.0,0.44,17.71,260.0,11.270000000000001,0.0,1004.0
2020-03-31 14:00:00,16.25,16.25,0.39,15.439900000000002,240.0,11.4471,0.0,1002.96
2020-03-31 15:00:00,17.22222222222222,17.22222222222222,0.37,11.270000000000001,320.0,11.270000000000001,0.0,1001.6
2020-03-31 16:00:00,17.77777777777778,17.77777777777778,0.35,9.66,270.0,9.982000000000001,0.0,1000.5
2020-03-31 17:00:00,18.038888888888888,18.038888888888888,0.36,11.1895,336.0,10.368400000000001,0.0,999.55
2020-03-31 18:00:00,15.0,15.0,0.44,28.98,350.0,9.982000000000001,0.0,999.7
2020-03-31 19:00:00,13.88888888888889,13.88888888888889,0.47,20.93,340.0,9.982000000000001,0.0,1000.3
2020-03-31 20:00:00,13.800000000000002,13.800000000000002,0.4,37.802800000000005,331.0,11.4471,0.0,1000.85
2020-03-31 21:00:00,12.777777777777779,12.777777777777779,0.38,22.540000000000003,330.0,11.270000000000001,0.0,1000.9
2020-03-31 22:00:00,12.222222222222221,12.222222222222221,0.4,20.93,320.0,16.1,0.0,1001.1
2020-03-31 23:00:00,11.683333333333334,11.683333333333334,0.41,23.8119,320.0,15.150100000000002,0.0,1001.37
2020-04-01 00:00:00,9.444444444444445,5.511111111111112,0.52,35.42,340.0,16.1,0.0,1002.8
2020-04-01 01:00:00,8.333333333333334,5.1944444444444455,0.45,20.93,320.0,16.1,0.0,1004.1
2020-04-01 02:00:00,6.855555555555558,2.244444444444444,0.54,33.2304,322.0,15.150100000000002,0.0,1004.97
2020-04-01 03:00:00,6.111111111111111,1.8888888888888882,0.57,25.76,310.0,16.1,0.0,1005.9
2020-04-01 04:00:00,6.111111111111111,1.6055555555555558,0.51,28.98,310.0,16.1,0.0,1006.0
2020-04-01 05:00:00,5.0666666666666655,0.3166666666666668,0.46,28.223300000000002,320.0,15.150100000000002,0.0,1007.0
2020-04-01 06:00:00,3.888888888888889,-0.8055555555555551,0.48,24.150000000000002,330.0,9.982000000000001,0.0,1008.3
2020-04-01 07:00:00,2.7777777777777777,-2.0388888888888896,0.52,22.540000000000003,320.0,9.982000000000001,0.0,1010.3
2020-04-01 08:00:00,3.872222222222222,-1.1166666666666676,0.48,26.983600000000003,311.0,10.368400000000001,0.0,1011.16
2020-04-01 09:00:00,3.888888888888889,-1.7055555555555557,0.52,33.81,310.0,11.270000000000001,0.0,1011.9
2020-04-01 10:00:00,7.222222222222222,2.6833333333333322,0.41,33.81,310.0,11.270000000000001,0.0,1012.5
2020-04-01 11:00:00,7.711111111111112,3.9000000000000017,0.38,26.323500000000003,329.0,10.368400000000001,0.0,1012.74
2020-04-01 12:00:00,8.88888888888889,5.466666666666669,0.34,25.76,310.0,9.982000000000001,0.0,1012.7
2020-04-01 13:00:00,8.88888888888889,5.466666666666669,0.31,25.76,310.0,9.982000000000001,0.0,1012.6
2020-04-01 14:00:00,9.86111111111111,6.833333333333332,0.29,24.294900000000002,304.0,10.368400000000001,0.0,1012.55
2020-04-01 15:00:00,10.0,6.894444444444442,0.25,25.76,320.0,9.982000000000001,0.0,1012.4
2020-04-01 16:00:00,10.0,6.7777777777777795,0.28,27.37,290.0,9.982000000000001,0.0,1012.3
2020-04-01 17:00:00,9.949999999999998,6.683333333333334,0.28,27.675900000000002,299.0,10.368400000000001,0.0,1012.62
2020-04-01 18:00:00,8.88888888888889,5.599999999999999,0.31,24.150000000000002,310.0,9.982000000000001,0.0,1012.9
2020-04-01 19:00:00,7.222222222222222,4.1499999999999995,0.34,17.71,290.0,9.982000000000001,0.0,1013.4
2020-04-01 20:00:00,4.200000000000001,1.81111111111111,0.41,9.6117,272.0,10.368400000000001,0.0,1014.29
2020-04-01 21:00:00,2.7777777777777777,2.7777777777777777,0.46,4.83,270.0,9.982000000000001,0.0,1015.2
2020-04-01 22:00:00,3.3333333333333335,-0.2055555555555561,0.46,14.49,310.0,16.1,0.0,1015.6
2020-04-01 23:00:00,1.9444444444444444,-1.6722222222222232,0.52,13.218100000000002,289.0,15.520400000000002,0.0,1015.98
2020-04-02 00:00:00,0.0,-3.611111111111111,0.61,11.270000000000001,230.0,16.1,0.0,1016.2
2020-04-02 01:00:00,-0.5555555555555556,-2.822222222222221,0.61,6.44,200.0,16.1,0.0,1016.5
2020-04-02 02:00:00,-0.19444444444444522,-2.394444444444444,0.6,6.423900000000001,242.0,15.150100000000002,0.0,1016.47
2020-04-02 03:00:00,-0.5555555555555556,-0.5555555555555556,0.63,3.22,210.0,16.1,0.0,1016.1
2020-04-02 04:00:00,-2.7777777777777777,-5.388888888888889,0.68,6.44,200.0,16.1,0.0,1016.0
2020-04-02 05:00:00,-1.7888888888888883,-5.677777777777777,0.7,10.9158,201.0,15.150100000000002,0.0,1015.89
2020-04-02 06:00:00,-2.2222222222222223,-6.683333333333334,0.69,12.88,210.0,9.982000000000001,0.0,1015.7
2020-04-02 07:00:00,0.0,-2.7333333333333343,0.63,8.05,220.0,9.982000000000001,0.0,1015.5
2020-04-02 08:00:00,4.73888888888889,1.5888888888888886,0.47,14.1197,219.0,9.982000000000001,0.0,1015.72
2020-04-02 09:00:00,8.88888888888889,5.466666666666669,0.34,25.76,230.0,9.982000000000001,0.0,1015.5
2020-04-02 10:00:00,11.11111111111111,11.11111111111111,0.27,27.37,230.0,9.982000000000001,0.0,1015.7
2020-04-02 11:00:00,12.0,12.0,0.26,23.715300000000003,219.0,10.368400000000001,0.0,1015.41
2020-04-02 12:00:00,12.777777777777779,12.777777777777779,0.23,27.37,220.0,9.982000000000001,0.0,1014.8
2020-04-02 13:00:00,13.88888888888889,13.88888888888889,0.2,22.540000000000003,230.0,9.982000000000001,0.0,1014.2
2020-04-02 14:00:00,14.844444444444443,14.844444444444443,0.19,24.3593,218.0,10.9319,0.0,1013.52
2020-04-02 15:00:00,16.11111111111111,16.11111111111111,0.17,24.150000000000002,230.0,9.982000000000001,0.0,1012.6
2020-04-02 16:00:00,16.11111111111111,16.11111111111111,0.17,24.150000000000002,210.0,9.982000000000001,0.0,1011.8
2020-04-02 17:00:00,15.905555555555557,15.905555555555557,0.2,23.715300000000003,217.0,10.368400000000001,0.0,1011.52
2020-04-02 18:00:00,15.0,15.0,0.21,17.71,210.0,9.982000000000001,0.0,1010.9
2020-04-02 19:00:00,12.222222222222221,12.222222222222221,0.27,11.270000000000001,190.0,9.982000000000001,0.0,1011.0
2020-04-02 20:00:00,11.199999999999998,11.199999999999998,0.3,9.6439,170.0,10.9319,0.0,1011.34
2020-04-02 21:00:00,7.777777777777778,5.761111111111109,0.37,11.270000000000001,140.0,9.982000000000001,0.0,1011.5
2020-04-02 22:00:00,7.777777777777778,5.26111111111111,0.35,14.49,150.0,16.1,0.0,1011.5
2020-04-02 23:00:00,7.222222222222222,4.688888888888887,0.35,13.7333,160.0,15.520400000000002,0.0,1011.62
2020-04-03 00:00:00,5.555555555555555,2.5277777777777763,0.38,14.49,140.0,16.1,0.0,1011.6
2020-04-03 01:00:00,5.0,1.8444444444444446,0.41,14.49,150.0,16.1,0.0,1011.3
2020-04-03 02:00:00,4.027777777777778,1.3666666666666671,0.46,10.6743,139.0,15.150100000000002,0.0,1011.03
2020-04-03 03:00:00,3.888888888888889,0.47777777777777747,0.52,14.49,150.0,16.1,0.0,1010.5
2020-04-03 04:00:00,3.3333333333333335,-0.2055555555555561,0.54,14.49,150.0,16.1,0.0,1010.1
2020-04-03 05:00:00,3.9055555555555563,1.2555555555555544,0.59,10.4972,159.0,15.150100000000002,0.0,1010.15
2020-04-03 06:00:00,2.2222222222222223,-0.12777777777777802,0.69,8.05,170.0,9.982000000000001,0.0,1010.0
2020-04-03 07:00:00,3.888888888888889,1.427777777777778,0.64,9.66,150.0,9.982000000000001,0.0,1010.3
2020-04-03 08:00:00,7.294444444444445,5.150000000000002,0.56,11.414900000000001,162.0,9.982000000000001,0.0,1010.62
2020-04-03 09:00:00,11.11111111111111,11.11111111111111,0.43,14.49,190.0,9.982000000000001,0.0,1010.7
2020-04-03 10:00:00,12.222222222222221,12.222222222222221,0.43,16.1,190.0,9.982000000000001,0.0,1011.3
2020-04-03 11:00:00,15.88888888888889,15.88888888888889,0.37,16.1483,200.0,10.368400000000001,0.0,1011.33
2020-04-03 12:00:00,17.77777777777778,17.77777777777778,0.35,25.76,210.0,9.982000000000001,0.0,1011.0
2020-04-03 13:00:00,18.88888888888889,18.88888888888889,0.34,20.93,250.0,11.270000000000001,0.0,1010.5
2020-04-03 14:00:00,20.727777777777778,20.727777777777778,0.33,22.218000000000004,201.0,10.368400000000001,0.0,1010.25
2020-04-03 15:00:00,21.11111111111111,21.11111111111111,0.35,24.150000000000002,230.0,9.982000000000001,0.0,1009.5
2020-04-03 16:00:00,20.0,20.0,0.37,24.150000000000002,220.0,9.982000000000001,0.0,1009.2
2020-04-03 17:00:00,19.87777777777778,19.87777777777778,0.4,17.291400000000003,237.0,10.368400000000001,0.0,1009.09
2020-04-03 18:00:00,18.88888888888889,18.88888888888889,0.4,22.540000000000003,230.0,9.982000000000001,0.0,1008.8
2020-04-03 19:00:00,16.11111111111111,16.11111111111111,0.48,9.66,220.0,9.982000000000001,0.0,1009.2
2020-04-03 20:00:00,14.166666666666666,14.166666666666666,0.55,9.305800000000001,226.0,10.368400000000001,0.0,1009.82
2020-04-03 21:00:00,12.222222222222221,12.222222222222221,0.57,8.05,210.0,9.982000000000001,0.0,1010.5
2020-04-03 22:00:00,12.222222222222221,12.222222222222221,0.59,6.44,210.0,16.1,0.0,1011.0
2020-04-03 23:00:00,11.57777777777778,11.57777777777778,0.63,11.1734,183.0,15.150100000000002,0.0,1011.11
2020-04-04 00:00:00,11.11111111111111,11.11111111111111,0.63,11.270000000000001,190.0,16.1,0.0,1011.2
2020-04-04 01:00:00,9.444444444444445,7.766666666666664,0.74,11.270000000000001,190.0,16.1,0.0,1011.2
2020-04-04 02:00:00,9.844444444444443,9.27222222222222,0.77,6.118,181.0,15.150100000000002,0.0,1011.14
2020-04-04 03:00:00,10.555555555555555,10.555555555555555,0.74,6.44,190.0,16.1,0.0,1011.2
2020-04-04 04:00:00,10.555555555555555,10.555555555555555,0.74,6.44,180.0,16.1,0.0,1011.2
2020-04-04 05:00:00,10.799999999999999,10.799999999999999,0.76,6.1985,171.0,15.150100000000002,0.0,1011.2
2020-04-04 06:00:00,11.11111111111111,11.11111111111111,0.71,9.66,170.0,9.982000000000001,0.0,0.0
2020-04-04 07:00:00,12.222222222222221,12.222222222222221,0.72,4.83,170.0,9.982000000000001,0.0,1011.2
2020-04-04 08:00:00,12.727777777777776,12.727777777777776,0.71,10.642100000000001,161.0,9.982000000000001,0.0,1011.23
2020-04-04 09:00:00,15.0,15.0,0.62,8.05,160.0,9.982000000000001,0.0,1011.1
2020-04-04 10:00:00,18.88888888888889,18.88888888888889,0.48,12.88,180.0,9.982000000000001,0.0,1011.1
2020-04-04 11:00:00,19.983333333333334,19.983333333333334,0.44,14.49,180.0,10.368400000000001,0.0,1010.65
2020-04-04 12:00:00,22.22222222222222,22.22222222222222,0.38,12.88,180.0,9.982000000000001,0.0,1010.3
2020-04-04 13:00:00,22.77777777777778,22.77777777777778,0.34,16.1,230.0,9.982000000000001,0.0,1009.9
2020-04-04 14:00:00,23.7,23.7,0.32,17.3719,183.0,10.368400000000001,0.0,1009.43
2020-04-04 15:00:00,22.77777777777778,22.77777777777778,0.37,14.49,190.0,9.982000000000001,0.0,1008.7
2020-04-04 16:00:00,23.88888888888889,23.88888888888889,0.32,12.88,230.0,9.982000000000001,0.0,1008.2
2020-04-04 17:00:00,22.727777777777774,22.727777777777774,0.33,12.590200000000001,231.0,10.368400000000001,0.0,1008.02
2020-04-04 18:00:00,22.77777777777778,22.77777777777778,0.32,9.66,260.0,9.982000000000001,0.0,1007.6
2020-04-04 19:00:00,20.0,20.0,0.4,0.0,0.0,9.982000000000001,0.0,1007.7
2020-04-04 20:00:00,16.51111111111111,16.51111111111111,0.51,3.22,209.0,10.368400000000001,0.0,1008.46
2020-04-04 21:00:00,15.0,15.0,0.55,3.22,200.0,9.982000000000001,0.0,1009.1
2020-04-04 22:00:00,14.444444444444445,14.444444444444445,0.6,14.49,190.0,16.1,0.0,1009.8
2020-04-04 23:00:00,15.050000000000002,15.050000000000002,0.71,16.856700000000004,199.0,15.150100000000002,0.0,1010.66
2020-04-05 00:00:00,12.777777777777779,12.777777777777779,0.77,11.270000000000001,200.0,16.1,0.0,1010.8
2020-04-05 01:00:00,13.333333333333334,13.333333333333334,0.74,14.49,230.0,16.1,0.0,1010.7
2020-04-05 02:00:00,11.91111111111111,11.91111111111111,0.81,6.423900000000001,199.0,15.150100000000002,0.0,1010.92
2020-04-05 03:00:00,11.11111111111111,11.11111111111111,0.8,6.44,200.0,16.1,0.0,1010.6
2020-04-05 04:00:00,10.0,9.372222222222222,0.86,6.44,160.0,16.1,0.0,1010.3
2020-04-05 05:00:00,9.844444444444443,8.455555555555556,0.87,9.9981,145.0,15.150100000000002,0.0,1010.66
2020-04-05 06:00:00,7.777777777777778,6.0555555555555545,0.96,9.66,150.0,9.982000000000001,0.0,1010.8
2020-04-05 07:00:00,10.0,8.205555555555557,0.86,12.88,160.0,9.982000000000001,0.0,1011.3
2020-04-05 08:00:00,14.81111111111111,14.81111111111111,0.74,7.550900000000001,187.0,9.982000000000001,0.0,1011.69
2020-04-05 09:00:00,17.77777777777778,17.77777777777778,0.6,16.1,210.0,9.982000000000001,0.0,1011.7
2020-04-05 10:00:00,21.11111111111111,21.11111111111111,0.49,12.88,210.0,9.982000000000001,0.0,1011.8
2020-04-05 11:00:00,22.083333333333332,22.083333333333332,0.44,10.143,197.0,10.368400000000001,0.0,1011.53
2020-04-05 12:00:00,22.77777777777778,22.77777777777778,0.38,9.66,160.0,9.982000000000001,0.0,1011.1
2020-04-05 13:00:00,23.88888888888889,23.88888888888889,0.38,12.88,160.0,9.982000000000001,0.0,1010.3
2020-04-05 14:00:00,24.72222222222222,24.72222222222222,0.36,10.787,179.0,10.368400000000001,0.0,1009.52
2020-04-05 15:00:00,23.88888888888889,23.88888888888889,0.34,8.05,130.0,9.982000000000001,0.0,1008.5
2020-04-05 16:00:00,25.0,25.0,0.32,11.270000000000001,170.0,9.982000000000001,0.0,1007.9
2020-04-05 17:00:00,23.922222222222224,23.922222222222224,0.36,5.2647,138.0,10.368400000000001,0.0,1007.35
2020-04-05 18:00:00,22.77777777777778,22.77777777777778,0.38,8.05,170.0,9.982000000000001,0.0,1006.8
2020-04-05 19:00:00,21.11111111111111,21.11111111111111,0.42,1.61,160.0,9.982000000000001,0.0,1006.8
2020-04-05 20:00:00,18.022222222222222,18.022222222222222,0.51,4.7656,89.0,10.368400000000001,0.0,1007.09
2020-04-05 21:00:00,16.11111111111111,16.11111111111111,0.56,1.61,110.0,9.982000000000001,0.0,1007.1
2020-04-05 22:00:00,15.555555555555555,15.555555555555555,0.58,3.22,70.0,16.1,0.0,1007.1
2020-04-05 23:00:00,12.844444444444443,12.844444444444443,0.65,6.488300000000001,47.0,15.150100000000002,0.0,1007.0
2020-04-06 00:00:00,14.444444444444445,14.444444444444445,0.6,6.44,90.0,16.1,0.0,1006.8
2020-04-06 01:00:00,12.222222222222221,12.222222222222221,0.64,3.22,90.0,16.1,0.0,1006.6
2020-04-06 02:00:00,11.961111111111112,11.961111111111112,0.68,6.4722,55.0,15.150100000000002,0.0,1006.07
2020-04-06 03:00:00,12.777777777777779,12.777777777777779,0.69,11.270000000000001,40.0,16.1,0.0,1006.0
2020-04-06 04:00:00,11.666666666666666,11.666666666666666,0.8,17.71,40.0,15.134000000000002,0.0,1005.4
2020-04-06 05:00:00,11.316666666666666,11.316666666666666,0.8,15.423800000000002,49.0,14.329,0.0,1005.17
2020-04-06 06:00:00,12.222222222222221,12.222222222222221,0.74,24.150000000000002,340.0,9.982000000000001,0.0,1006.3
2020-04-06 07:00:00,12.222222222222221,12.222222222222221,0.8,17.71,20.0,11.270000000000001,0.0,1006.0
2020-04-06 08:00:00,12.727777777777776,12.727777777777776,0.78,22.9586,29.0,9.982000000000001,0.0,1006.02
2020-04-06 09:00:00,13.88888888888889,13.88888888888889,0.72,27.37,50.0,9.982000000000001,0.0,1005.6
2020-04-06 10:00:00,15.0,15.0,0.67,25.76,50.0,9.982000000000001,0.0,1005.2
2020-04-06 11:00:00,17.68888888888889,17.68888888888889,0.56,7.0035,46.0,10.368400000000001,0.0,1005.29
2020-04-06 12:00:00,20.0,20.0,0.49,4.83,340.0,11.270000000000001,0.0,1005.5
2020-04-06 13:00:00,21.11111111111111,21.11111111111111,0.46,11.270000000000001,300.0,11.270000000000001,0.0,1005.0
2020-04-06 14:00:00,20.888888888888886,20.888888888888886,0.48,12.477500000000001,302.0,11.4471,0.0,1004.67
2020-04-06 15:00:00,21.11111111111111,21.11111111111111,0.49,22.540000000000003,300.0,11.270000000000001,0.0,1004.3
2020-04-06 16:00:00,20.0,20.0,0.53,20.93,300.0,11.270000000000001,0.0,1003.9
2020-04-06 17:00:00,18.81666666666667,18.81666666666667,0.57,19.416600000000003,288.0,11.4471,0.0,1003.66
2020-04-06 18:00:00,17.22222222222222,17.22222222222222,0.63,22.540000000000003,300.0,11.270000000000001,0.0,1003.5
2020-04-06 19:00:00,15.0,15.0,0.78,22.540000000000003,300.0,11.270000000000001,0.0,1004.2
2020-04-06 20:00:00,14.183333333333334,14.183333333333334,0.77,13.9265,310.0,11.4471,0.0,1004.61
2020-04-06 21:00:00,13.88888888888889,13.88888888888889,0.77,16.1,310.0,11.270000000000001,0.0,1005.0
2020-04-06 22:00:00,12.777777777777779,12.777777777777779,0.83,20.93,300.0,15.134000000000002,0.0,1005.5
2020-04-06 23:00:00,11.805555555555555,11.805555555555555,0.91,13.234200000000001,290.0,7.5348,0.0,1005.71
2020-04-07 00:00:00,11.11111111111111,11.11111111111111,0.89,11.270000000000001,290.0,6.118,0.0,1005.8
2020-04-07 01:00:00,11.11111111111111,11.11111111111111,0.89,17.71,290.0,4.9910000000000005,0.0,1005.7
2020-04-07 02:00:00,10.677777777777777,10.677777777777777,0.87,10.8031,280.0,5.216400000000001,0.0,1005.6
2020-04-07 03:00:00,9.444444444444445,7.311111111111109,0.89,14.49,280.0,4.9910000000000005,0.0,1005.5
2020-04-07 04:00:00,8.333333333333334,6.427777777777778,0.89,11.270000000000001,300.0,4.9910000000000005,0.0,1005.0
2020-04-07 05:00:00,8.499999999999998,7.5166666666666675,0.87,6.923,250.0,6.5044,0.0,1005.13
2020-04-07 06:00:00,7.777777777777778,7.777777777777778,0.89,4.83,260.0,4.9910000000000005,0.0,1005.2
2020-04-07 07:00:00,7.777777777777778,7.777777777777778,0.96,4.83,230.0,4.9910000000000005,0.0,1005.7
2020-04-07 08:00:00,10.033333333333335,10.033333333333335,0.84,7.776300000000001,281.0,11.0768,0.0,1005.67
2020-04-07 09:00:00,10.0,9.011111111111111,0.77,8.05,290.0,11.270000000000001,0.0,1005.8
2020-04-07 10:00:00,11.11111111111111,11.11111111111111,0.71,4.83,250.0,9.982000000000001,0.0,1006.0
2020-04-07 11:00:00,13.716666666666665,13.716666666666665,0.6,7.1967,199.0,11.0768,0.0,1005.3
2020-04-07 12:00:00,13.88888888888889,13.88888888888889,0.64,9.66,190.0,11.270000000000001,0.0,1005.1
2020-04-07 13:00:00,13.88888888888889,13.88888888888889,0.64,11.270000000000001,200.0,11.270000000000001,0.0,1004.3
2020-04-07 14:00:00,15.105555555555554,15.105555555555554,0.62,14.1358,181.0,11.4471,0.0,1003.61
2020-04-07 15:00:00,16.11111111111111,16.11111111111111,0.58,11.270000000000001,160.0,11.270000000000001,0.0,1002.0
2020-04-07 16:00:00,16.11111111111111,16.11111111111111,0.58,9.66,180.0,11.270000000000001,0.0,1000.5
2020-04-07 17:00:00,17.344444444444445,17.344444444444445,0.54,9.2414,156.0,11.4471,0.0,999.72
2020-04-07 18:00:00,11.11111111111111,11.11111111111111,0.93,9.66,200.0,8.05,0.0,999.1
2020-04-07 19:00:00,12.222222222222221,12.222222222222221,0.86,16.1,290.0,11.270000000000001,0.0,998.9
2020-04-07 20:00:00,12.31111111111111,12.31111111111111,0.87,2.6887,103.0,11.0768,0.0,998.83
2020-04-07 21:00:00,11.11111111111111,11.11111111111111,0.93,8.05,340.0,11.270000000000001,0.0,998.3
2020-04-07 22:00:00,11.11111111111111,11.11111111111111,0.93,14.49,330.0,16.1,0.0,998.9
2020-04-07 23:00:00,10.677777777777777,10.677777777777777,0.93,10.4167,319.0,7.5348,0.0,999.16
2020-04-08 00:00:00,10.555555555555555,10.555555555555555,0.93,17.71,330.0,15.134000000000002,0.0,999.1
2020-04-08 01:00:00,9.444444444444445,6.927777777777777,0.89,17.71,330.0,16.1,0.0,999.3
2020-04-08 02:00:00,8.977777777777776,6.0555555555555545,0.86,20.4309,340.0,15.150100000000002,0.0,999.22
2020-04-08 03:00:00,8.333333333333334,4.749999999999998,0.8,25.76,330.0,16.1,0.0,999.4
2020-04-08 04:00:00,7.222222222222222,3.050000000000001,0.73,28.98,320.0,16.1,0.0,999.4
2020-04-08 05:00:00,6.177777777777776,2.0388888888888896,0.64,25.116,323.0,15.150100000000002,0.0,999.41
2020-04-08 06:00:00,5.0,0.016666666666667298,0.65,30.590000000000003,320.0,9.982000000000001,0.0,999.6
2020-04-08 07:00:00,3.888888888888889,-0.9722222222222222,0.64,25.76,310.0,9.982000000000001,0.0,999.9
2020-04-08 08:00:00,5.050000000000002,0.9555555555555549,0.69,21.6384,316.0,9.982000000000001,0.0,1001.03
2020-04-08 09:00:00,6.111111111111111,1.6055555555555558,0.6,28.98,320.0,9.982000000000001,0.0,1001.4
2020-04-08 10:00:00,6.111111111111111,1.2222222222222239,0.55,33.81,320.0,9.982000000000001,0.0,1001.6
2020-04-08 11:00:00,7.23888888888889,3.066666666666668,0.5,29.0444,329.0,10.368400000000001,0.0,1002.33
2020-04-08 12:00:00,7.222222222222222,3.050000000000001,0.51,28.98,320.0,9.982000000000001,0.0,1002.5
2020-04-08 13:00:00,7.777777777777778,3.7722222222222217,0.49,28.98,320.0,11.270000000000001,0.0,1002.8
2020-04-08 14:00:00,8.733333333333333,5.005555555555555,0.46,29.0927,320.0,11.4471,0.0,1002.98
2020-04-08 15:00:00,8.88888888888889,5.216666666666667,0.46,28.98,310.0,9.982000000000001,0.0,1003.0
2020-04-08 16:00:00,8.88888888888889,5.338888888888889,0.44,27.37,320.0,9.982000000000001,0.0,1002.9
2020-04-08 17:00:00,8.93888888888889,5.599999999999999,0.43,24.9711,311.0,10.368400000000001,0.0,1003.15
2020-04-08 18:00:00,7.777777777777778,3.7722222222222217,0.43,28.98,310.0,9.982000000000001,0.0,1003.6
2020-04-08 19:00:00,7.222222222222222,2.5722222222222237,0.38,35.42,310.0,9.982000000000001,0.0,1004.1
2020-04-08 20:00:00,6.177777777777776,1.722222222222223,0.41,28.6419,311.0,10.368400000000001,0.0,1005.16
2020-04-08 21:00:00,5.0,0.6222222222222208,0.65,24.150000000000002,30.0,11.270000000000001,0.0,1006.2
2020-04-08 22:00:00,3.888888888888889,-0.43333333333333396,0.64,20.93,50.0,16.1,0.0,1007.4
2020-04-08 23:00:00,3.977777777777776,-0.26111111111111046,0.59,20.4309,36.0,15.150100000000002,0.0,1008.39
2020-04-09 00:00:00,3.888888888888889,0.47777777777777747,0.59,14.49,20.0,16.1,0.0,1009.0
2020-04-09 01:00:00,3.888888888888889,-0.011111111111110874,0.57,17.71,0.0,16.1,0.0,1009.7
2020-04-09 02:00:00,3.3500000000000005,-0.6222222222222228,0.59,17.2753,9.0,15.150100000000002,0.0,1009.81
2020-04-09 03:00:00,2.7777777777777777,-2.4055555555555546,0.59,25.76,20.0,16.1,0.0,1009.7
2020-04-09 04:00:00,2.7777777777777777,-1.8388888888888881,0.64,20.93,0.0,16.1,0.0,1010.1
2020-04-09 05:00:00,1.7388888888888903,-2.6333333333333324,0.82,17.2753,330.0,15.150100000000002,0.0,1010.27
2020-04-09 06:00:00,1.1111111111111112,-3.9499999999999997,0.78,20.93,330.0,9.982000000000001,0.0,1010.6
2020-04-09 07:00:00,2.2222222222222223,-2.094444444444444,0.72,17.71,330.0,9.982000000000001,0.0,1011.2
2020-04-09 08:00:00,2.688888888888891,-1.4833333333333343,0.69,17.5329,338.0,9.982000000000001,0.0,1011.81
2020-04-09 09:00:00,2.7777777777777777,-1.8388888888888881,0.67,20.93,340.0,11.270000000000001,0.0,1012.3
2020-04-09 10:00:00,3.888888888888889,0.47777777777777747,0.48,14.49,10.0,11.270000000000001,0.0,1012.7
2020-04-09 11:00:00,4.966666666666665,1.1111111111111112,0.45,19.4327,19.0,11.4471,0.0,1012.87
2020-04-09 12:00:00,5.0,2.116666666666668,0.41,12.88,350.0,11.270000000000001,0.0,1012.9
2020-04-09 13:00:00,5.0,2.116666666666668,0.41,12.88,330.0,11.270000000000001,0.0,1012.7
2020-04-09 14:00:00,6.283333333333335,4.344444444444445,0.41,9.338000000000001,348.0,11.4471,0.0,1012.39
2020-04-09 15:00:00,6.111111111111111,4.072222222222221,0.45,9.66,290.0,11.270000000000001,0.0,1012.2
2020-04-09 16:00:00,6.111111111111111,4.444444444444445,0.45,8.05,320.0,11.270000000000001,0.0,1012.1
2020-04-09 17:00:00,6.199999999999998,6.199999999999998,0.44,1.4168,294.0,10.368400000000001,0.0,1012.28
2020-04-09 18:00:00,6.111111111111111,6.111111111111111,0.41,1.61,20.0,9.982000000000001,0.0,1012.3
2020-04-09 19:00:00,5.0,5.0,0.53,3.22,320.0,9.982000000000001,0.0,1012.5
2020-04-09 20:00:00,2.950000000000001,2.950000000000001,0.64,3.9928000000000003,264.0,10.368400000000001,0.0,1013.1
2020-04-09 21:00:00,1.1111111111111112,1.1111111111111112,0.75,1.61,300.0,9.982000000000001,0.0,1013.5
2020-04-09 22:00:00,0.0,0.0,0.75,3.22,250.0,16.1,0.0,1013.6
2020-04-09 23:00:00,0.08888888888888699,0.08888888888888699,0.78,3.2039,341.0,15.150100000000002,0.0,1013.81
2020-04-10 00:00:00,-0.5555555555555556,-0.5555555555555556,0.78,0.0,0.0,16.1,0.0,1014.3
2020-04-10 01:00:00,-2.2222222222222223,-2.2222222222222223,0.92,0.0,0.0,3.5420000000000007,0.0,1014.6
2020-04-10 02:00:00,-1.6499999999999995,-1.6499999999999995,0.92,2.9302,10.0,4.1377,0.0,1014.7
2020-04-10 03:00:00,-2.7777777777777777,-2.7777777777777777,0.92,3.22,220.0,3.059,0.0,1014.7
2020-04-10 04:00:00,-2.2222222222222223,-2.2222222222222223,0.92,0.0,0.0,3.5420000000000007,0.0,1014.9
2020-04-10 05:00:00,-2.6555555555555563,-2.6555555555555563,0.92,3.22,250.0,4.9588,0.0,1014.97
2020-04-10 06:00:00,-3.888888888888889,-3.888888888888889,0.92,4.83,120.0,0.32200000000000006,0.0,1015.2
2020-04-10 07:00:00,-1.1111111111111112,-1.1111111111111112,0.88,4.83,170.0,6.118,0.0,1015.6
2020-04-10 08:00:00,2.7611111111111106,0.6166666666666664,0.7,7.6636,163.0,8.355900000000002,0.0,1015.98
2020-04-10 09:00:00,6.111111111111111,4.072222222222221,0.53,9.66,150.0,9.982000000000001,0.0,1016.2
2020-04-10 10:00:00,7.777777777777778,5.761111111111109,0.43,11.270000000000001,170.0,9.982000000000001,0.0,1016.0
2020-04-10 11:00:00,8.93888888888889,6.805555555555555,0.36,13.636700000000001,206.0,10.368400000000001,0.0,1015.8
2020-04-10 12:00:00,10.0,7.98888888888889,0.34,14.49,170.0,9.982000000000001,0.0,1015.4
2020-04-10 13:00:00,11.11111111111111,11.11111111111111,0.29,14.49,210.0,9.982000000000001,0.0,1014.8
2020-04-10 14:00:00,12.133333333333335,12.133333333333335,0.3,12.799500000000002,190.0,10.368400000000001,0.0,1014.51
2020-04-10 15:00:00,12.777777777777779,12.777777777777779,0.29,12.88,180.0,9.982000000000001,0.0,1013.5
2020-04-10 16:00:00,12.777777777777779,12.777777777777779,0.26,12.88,190.0,9.982000000000001,0.0,1012.5
2020-04-10 17:00:00,12.777777777777779,12.777777777777779,0.3,12.799500000000002,170.0,10.368400000000001,0.0,1011.72
2020-04-10 18:00:00,12.222222222222221,12.222222222222221,0.3,12.88,160.0,9.982000000000001,0.0,1011.0
2020-04-10 19:00:00,10.0,8.438888888888888,0.34,11.270000000000001,160.0,9.982000000000001,0.0,1010.7
2020-04-10 20:00:00,8.072222222222223,6.3611111111111125,0.45,9.8854,132.0,10.368400000000001,0.0,1010.69
2020-04-10 21:00:00,6.111111111111111,4.072222222222221,0.53,9.66,140.0,9.982000000000001,0.0,1010.9
2020-04-10 22:00:00,6.111111111111111,3.75,0.51,11.270000000000001,130.0,16.1,0.0,1010.8
2020-04-10 23:00:00,5.188888888888891,2.744444444444443,0.55,10.7387,138.0,15.150100000000002,0.0,1010.58
2020-04-11 00:00:00,6.666666666666667,3.8944444444444435,0.51,14.49,110.0,16.1,0.0,1009.3
2020-04-11 01:00:00,5.555555555555555,3.0833333333333317,0.55,11.270000000000001,150.0,16.1,0.0,1009.5
2020-04-11 02:00:00,4.927777777777776,1.4944444444444431,0.61,16.2449,138.0,15.150100000000002,0.0,1008.71
2020-04-11 03:00:00,5.555555555555555,2.0722222222222206,0.62,17.71,140.0,16.1,0.0,1007.7
2020-04-11 04:00:00,4.444444444444445,0.6833333333333316,0.67,17.71,150.0,16.1,0.0,1007.4
2020-04-11 05:00:00,2.8111111111111122,-0.5722222222222229,0.77,12.992700000000001,140.0,9.982000000000001,0.0,1007.38
2020-04-11 06:00:00,2.7777777777777777,-0.5944444444444446,0.76,12.88,150.0,9.982000000000001,0.0,1006.7
2020-04-11 07:00:00,3.888888888888889,0.47777777777777747,0.76,14.49,160.0,9.982000000000001,0.0,1006.5
2020-04-11 08:00:00,7.76111111111111,5.172222222222223,0.68,14.973000000000003,151.0,9.982000000000001,0.0,1006.42
2020-04-11 09:00:00,11.11111111111111,11.11111111111111,0.54,16.1,160.0,9.982000000000001,0.0,1006.0
2020-04-11 10:00:00,12.777777777777779,12.777777777777779,0.49,14.49,200.0,9.982000000000001,0.0,1005.7
2020-04-11 11:00:00,14.966666666666665,14.966666666666665,0.42,12.7512,165.0,10.368400000000001,0.0,1005.13
2020-04-11 12:00:00,17.22222222222222,17.22222222222222,0.31,11.270000000000001,180.0,9.982000000000001,0.0,1004.7
2020-04-11 13:00:00,17.77777777777778,17.77777777777778,0.28,11.270000000000001,170.0,9.982000000000001,0.0,1004.3
2020-04-11 14:00:00,17.82777777777778,17.82777777777778,0.3,12.590200000000001,164.0,10.368400000000001,0.0,1003.92
2020-04-11 15:00:00,18.88888888888889,18.88888888888889,0.28,12.88,160.0,9.982000000000001,0.0,1003.1
2020-04-11 16:00:00,19.01666666666667,19.01666666666667,0.26,14.876400000000002,163.0,9.982000000000001,0.0,1002.4
2020-04-11 17:00:00,18.022222222222222,18.022222222222222,0.27,14.441700000000003,173.0,10.3362,0.0,1001.95
2020-04-11 18:00:00,17.849999999999998,17.849999999999998,0.28,13.7977,169.0,9.982000000000001,0.0,1001.79
2020-04-11 19:00:00,16.322222222222223,16.322222222222223,0.32,10.8192,151.0,9.982000000000001,0.0,1001.6
2020-04-11 20:00:00,14.07777777777778,14.07777777777778,0.39,9.2897,141.0,10.368400000000001,0.0,1001.9
2020-04-11 21:00:00,12.566666666666666,12.566666666666666,0.43,9.016,159.0,9.982000000000001,0.0,1001.92
2020-04-11 22:00:00,12.92777777777778,12.92777777777778,0.47,17.6295,197.0,16.1,0.0,1002.2
2020-04-11 23:00:00,11.494444444444444,11.494444444444444,0.54,13.363000000000001,167.0,15.520400000000002,0.0,1002.48
2020-04-12 00:00:00,10.100000000000001,10.100000000000001,0.61,11.3666,180.0,16.1,0.0,1002.25
2020-04-12 01:00:00,10.183333333333332,10.183333333333332,0.64,7.212800000000001,150.0,16.1,0.0,1002.05
2020-04-12 02:00:00,10.350000000000001,10.350000000000001,0.64,11.2217,132.0,15.520400000000002,0.0,1001.85
2020-04-12 03:00:00,10.699999999999998,10.699999999999998,0.7,14.699300000000003,133.0,16.1,0.0,1001.42
2020-04-12 04:00:00,9.744444444444444,8.02222222222222,0.73,11.9623,142.0,16.1,0.0,1001.11
2020-04-12 05:00:00,9.016666666666664,6.883333333333334,0.74,13.7494,143.0,15.150100000000002,0.0,1001.07
2020-04-12 06:00:00,8.88888888888889,6.627777777777777,0.77,14.49,170.0,9.982000000000001,0.0,1001.0
2020-04-12 07:00:00,10.055555555555555,10.055555555555555,0.76,13.9748,213.0,11.109000000000002,0.0,1001.22
2020-04-12 08:00:00,10.155555555555557,10.155555555555557,0.83,14.168000000000003,224.0,10.948,0.0,1002.04
2020-04-12 09:00:00,12.011111111111111,12.011111111111111,0.75,12.1716,230.0,11.109000000000002,0.0,1002.7
2020-04-12 10:00:00,14.716666666666669,14.716666666666669,0.59,24.794,248.0,11.109000000000002,0.0,1002.78
2020-04-12 11:00:00,15.92222222222222,15.92222222222222,0.5,21.252,224.0,11.286100000000001,0.0,1003.06
2020-04-12 12:00:00,17.17777777777778,17.17777777777778,0.42,25.3414,221.0,11.157300000000001,0.0,1002.61
2020-04-12 13:00:00,16.183333333333334,16.183333333333334,0.41,28.2877,221.0,11.109000000000002,0.0,1002.67
2020-04-12 14:00:00,17.016666666666666,17.016666666666666,0.39,24.005100000000002,231.0,11.3505,0.0,1003.01
2020-04-12 15:00:00,16.183333333333334,16.183333333333334,0.47,24.2466,238.0,11.157300000000001,0.0,1002.65
2020-04-12 16:00:00,16.244444444444447,16.244444444444447,0.43,29.8816,258.0,11.157300000000001,0.0,1002.91
2020-04-12 17:00:00,16.022222222222226,16.022222222222226,0.44,27.643700000000006,258.0,11.3505,0.0,1003.63
2020-04-12 18:00:00,15.18333333333333,15.18333333333333,0.5,26.8548,287.0,11.157300000000001,0.0,1003.79
2020-04-12 19:00:00,12.455555555555556,12.455555555555556,0.52,17.6134,286.0,11.157300000000001,0.0,1004.83
2020-04-12 20:00:00,9.727777777777776,8.355555555555554,0.6,9.7727,311.0,10.3201,0.0,1005.95
2020-04-12 21:00:00,7.9833333333333325,7.9833333333333325,0.7,1.7388000000000001,305.0,11.592,0.0,1006.85
2020-04-12 22:00:00,6.905555555555555,6.905555555555555,0.77,2.1091,112.0,16.1,0.0,1006.81
2020-04-12 23:00:00,6.277777777777776,6.277777777777776,0.85,2.5438,112.0,15.150100000000002,0.0,1006.4
2020-04-13 00:00:00,5.283333333333332,5.283333333333332,0.86,3.7996,131.0,16.1,0.0,1006.68
2020-04-13 01:00:00,4.688888888888887,3.1333333333333337,0.83,6.7781,162.0,16.1,0.0,1007.08
2020-04-13 02:00:00,4.516666666666668,4.516666666666668,0.88,3.864,157.0,15.150100000000002,0.0,1007.08
2020-04-13 03:00:00,4.533333333333331,2.944444444444443,0.86,6.7942,138.0,16.1,0.0,1007.0
2020-04-13 04:00:00,3.4666666666666677,3.4666666666666677,0.9,4.2343,131.0,16.1,0.0,1006.8
2020-04-13 05:00:00,3.3611111111111094,3.3611111111111094,0.9,4.0572,132.0,15.150100000000002,0.0,1006.51
2020-04-13 06:00:00,2.4555555555555566,1.0999999999999983,0.93,5.2647,145.0,11.270000000000001,0.0,1006.38
2020-04-13 07:00:00,6.111111111111111,6.111111111111111,0.79,4.83,140.0,9.982000000000001,0.0,1006.9
2020-04-13 08:00:00,9.877777777777778,8.649999999999999,0.72,9.160900000000002,138.0,9.982000000000001,0.0,1007.15
2020-04-13 09:00:00,12.777777777777779,12.777777777777779,0.64,11.270000000000001,150.0,9.982000000000001,0.0,1006.5
2020-04-13 10:00:00,15.044444444444443,15.044444444444443,0.52,11.0607,167.0,9.982000000000001,0.0,1006.08
2020-04-13 11:00:00,16.16111111111111,16.16111111111111,0.47,12.348700000000001,150.0,11.4471,0.0,1005.91
2020-04-13 12:00:00,17.849999999999998,17.849999999999998,0.42,11.688600000000001,130.0,9.982000000000001,0.0,1004.89
2020-04-13 13:00:00,17.83333333333333,17.83333333333333,0.4,9.9015,126.0,9.982000000000001,0.0,1004.24
2020-04-13 14:00:00,17.872222222222224,17.872222222222224,0.37,10.996300000000002,135.0,10.3201,0.0,1003.56
2020-04-13 15:00:00,17.922222222222224,17.922222222222224,0.37,10.8192,98.0,9.982000000000001,0.0,1002.95
2020-04-13 16:00:00,17.944444444444443,17.944444444444443,0.36,13.4435,79.0,9.982000000000001,0.0,1002.63
2020-04-13 17:00:00,17.866666666666664,17.866666666666664,0.35,12.348700000000001,60.0,10.368400000000001,0.0,1002.15
2020-04-13 18:00:00,17.349999999999998,17.349999999999998,0.38,12.654600000000002,49.0,9.982000000000001,0.0,1001.05
2020-04-13 19:00:00,17.22222222222222,17.22222222222222,0.37,11.253900000000002,41.0,11.157300000000001,0.0,1000.92
2020-04-13 20:00:00,16.077777777777776,16.077777777777776,0.4,12.042800000000002,53.0,10.368400000000001,0.0,1001.06
2020-04-13 21:00:00,14.899999999999999,14.899999999999999,0.43,8.1305,57.0,11.109000000000002,0.0,1000.7
2020-04-13 22:00:00,15.42222222222222,15.42222222222222,0.46,13.1698,75.0,16.1,0.0,1000.66
2020-04-13 23:00:00,14.222222222222221,14.222222222222221,0.47,6.230700000000001,67.0,15.150100000000002,0.0,1000.22
2020-04-14 00:00:00,12.611111111111112,12.611111111111112,0.62,5.2647,55.0,16.1,0.0,999.78
2020-04-14 01:00:00,11.155555555555555,11.155555555555555,0.85,3.5420000000000007,149.0,16.1,0.0,999.72
2020-04-14 02:00:00,10.616666666666667,10.616666666666667,0.94,6.1019000000000005,31.0,15.150100000000002,0.0,998.82
2020-04-14 03:00:00,9.627777777777776,8.11111111111111,0.94,10.5294,14.0,16.1,0.0,998.15
2020-04-14 04:00:00,9.588888888888887,8.050000000000002,0.94,10.6099,31.0,16.1,0.0,997.64
2020-04-14 05:00:00,9.627777777777776,7.750000000000002,0.94,12.863900000000001,32.0,15.150100000000002,0.0,997.15
2020-04-14 06:00:00,9.100000000000001,6.977777777777779,0.94,13.7977,24.0,11.270000000000001,0.0,996.45
2020-04-14 07:00:00,8.88888888888889,6.849999999999999,0.93,12.88,20.0,8.05,0.0,996.3
2020-04-14 08:00:00,9.07777777777778,7.26111111111111,0.99,11.7047,33.0,8.355900000000002,0.0,996.15
2020-04-14 09:00:00,10.166666666666664,10.166666666666664,0.94,12.9444,35.0,11.109000000000002,0.0,995.84
2020-04-14 10:00:00,10.283333333333331,10.283333333333331,0.94,10.9158,38.0,3.9445000000000006,0.0,995.92
2020-04-14 11:00:00,11.472222222222221,11.472222222222221,0.93,10.432800000000002,42.0,7.8084999999999996,0.0,995.93
2020-04-14 12:00:00,12.47777777777778,12.47777777777778,0.92,5.635000000000001,21.0,11.157300000000001,0.0,995.53
2020-04-14 13:00:00,12.92222222222222,12.92222222222222,0.89,7.486500000000001,5.0,11.109000000000002,0.0,995.15
2020-04-14 14:00:00,13.95,13.95,0.82,7.0357,347.0,10.448900000000002,0.0,994.83
2020-04-14 15:00:00,13.833333333333334,13.833333333333334,0.78,8.7101,16.0,8.211,0.0,994.5
2020-04-14 16:00:00,12.822222222222221,12.822222222222221,0.9,7.711900000000001,97.0,11.157300000000001,0.0,994.29
2020-04-14 17:00:00,12.86111111111111,12.86111111111111,0.91,3.8157000000000005,91.0,6.488300000000001,0.0,994.21
2020-04-14 18:00:00,12.822222222222221,12.822222222222221,0.96,9.4829,44.0,8.211,0.0,993.94
2020-04-14 19:00:00,12.33888888888889,12.33888888888889,1.0,3.7513000000000005,45.0,5.635000000000001,0.0,994.04
2020-04-14 20:00:00,12.31111111111111,12.31111111111111,0.93,4.4758,38.0,4.7978000000000005,0.0,994.32
2020-04-14 21:00:00,11.322222222222223,11.322222222222223,1.0,5.0232,1.0,4.781700000000001,0.0,994.9
2020-04-14 22:00:00,11.738888888888889,11.738888888888889,0.94,6.8747,15.0,4.025,0.0,994.83
2020-04-14 23:00:00,11.805555555555555,11.805555555555555,0.94,7.2772,357.0,4.025,0.0,994.85
2020-04-15 00:00:00,11.694444444444443,11.694444444444443,0.94,10.867500000000001,350.0,4.025,0.0,994.72
2020-04-15 01:00:00,11.183333333333334,11.183333333333334,0.96,10.4811,17.0,4.025,0.0,994.63
2020-04-15 02:00:00,11.25,11.25,0.96,6.6493,332.0,4.588500000000001,0.0,994.39
2020-04-15 03:00:00,11.155555555555555,11.155555555555555,0.94,11.753,341.0,4.025,0.0,994.22
2020-04-15 04:00:00,10.627777777777778,10.627777777777778,0.96,13.4435,330.0,0.0,0.0,994.14
2020-04-15 05:00:00,10.644444444444442,10.644444444444442,0.94,10.770900000000001,339.0,4.8622000000000005,0.0,994.46
2020-04-15 06:00:00,10.100000000000001,10.100000000000001,0.94,8.6135,331.0,6.118,0.0,994.54
2020-04-15 07:00:00,10.100000000000001,10.100000000000001,0.94,5.635000000000001,332.0,5.8443000000000005,0.0,994.94
2020-04-15 08:00:00,11.11111111111111,11.11111111111111,0.87,9.450700000000001,320.0,7.985600000000001,0.0,995.54
2020-04-15 09:00:00,12.07777777777778,12.07777777777778,0.87,11.253900000000002,321.0,10.3523,0.0,995.46
2020-04-15 10:00:00,12.66111111111111,12.66111111111111,0.85,10.787,336.0,10.642100000000001,0.0,995.85
2020-04-15 11:00:00,14.655555555555557,14.655555555555557,0.82,9.6278,320.0,10.5455,0.0,995.96
2020-04-15 12:00:00,14.883333333333333,14.883333333333333,0.7,11.4471,299.0,10.6743,0.0,996.0
2020-04-15 13:00:00,16.883333333333333,16.883333333333333,0.61,9.4829,308.0,11.109000000000002,0.0,996.1
2020-04-15 14:00:00,16.994444444444447,16.994444444444447,0.6,10.5455,286.0,11.286100000000001,0.0,996.18
2020-04-15 15:00:00,17.633333333333336,17.633333333333336,0.57,12.6868,260.0,11.157300000000001,0.0,996.19
2020-04-15 16:00:00,17.15,17.15,0.59,13.0088,234.0,11.157300000000001,0.0,996.21
2020-04-15 17:00:00,17.03888888888889,17.03888888888889,0.57,13.781600000000001,244.0,11.3505,0.0,996.58
2020-04-15 18:00:00,16.11111111111111,16.11111111111111,0.63,11.0285,236.0,9.982000000000001,0.0,996.99
2020-04-15 19:00:00,14.972222222222221,14.972222222222221,0.64,12.075000000000001,241.0,9.982000000000001,0.0,997.5
2020-04-15 20:00:00,14.949999999999998,14.949999999999998,0.69,8.0983,230.0,11.0768,0.0,998.4
2020-04-15 21:00:00,13.861111111111112,13.861111111111112,0.75,11.656400000000001,232.0,9.982000000000001,0.0,999.0
2020-04-15 22:00:00,13.18333333333333,13.18333333333333,0.8,7.0518,239.0,16.1,0.0,999.54
2020-04-15 23:00:00,13.244444444444447,13.244444444444447,0.76,11.7369,238.0,15.150100000000002,0.0,1000.01
2020-04-16 00:00:00,12.694444444444445,12.694444444444445,0.79,14.4739,240.0,16.1,0.0,1000.21
2020-04-16 01:00:00,11.666666666666666,11.666666666666666,0.8,14.49,250.0,16.1,0.0,1001.0
2020-04-16 02:00:00,10.744444444444447,10.744444444444447,0.88,7.6796999999999995,239.0,15.150100000000002,0.0,1001.32
2020-04-16 03:00:00,10.583333333333332,10.583333333333332,0.87,11.4632,245.0,16.1,0.0,1001.54
2020-04-16 04:00:00,10.583333333333332,10.583333333333332,0.87,6.6654,269.0,15.134000000000002,0.0,1001.82
2020-04-16 05:00:00,10.13888888888889,10.13888888888889,0.88,7.0035,252.0,14.329,0.0,1002.09
2020-04-16 06:00:00,10.0,8.933333333333332,0.87,8.4364,239.0,9.982000000000001,0.0,1002.59
2020-04-16 07:00:00,10.100000000000001,10.100000000000001,0.87,9.2575,254.0,6.9874,0.0,1002.83
2020-04-16 08:00:00,10.205555555555556,10.205555555555556,0.86,9.3702,241.0,6.166300000000001,0.0,1003.82
2020-04-16 09:00:00,11.183333333333334,11.183333333333334,0.82,9.8049,251.0,7.4543,0.0,1004.1
2020-04-16 10:00:00,12.277777777777779,12.277777777777779,0.75,13.1859,258.0,11.109000000000002,0.0,1004.61
2020-04-16 11:00:00,13.083333333333332,13.083333333333332,0.8,12.719000000000001,273.0,10.948,0.0,1004.99
2020-04-16 12:00:00,15.027777777777779,15.027777777777779,0.62,13.089300000000001,270.0,11.157300000000001,0.0,1004.98
2020-04-16 13:00:00,16.183333333333334,16.183333333333334,0.58,10.0786,275.0,11.109000000000002,0.0,1004.9
2020-04-16 14:00:00,17.183333333333334,17.183333333333334,0.53,10.4167,256.0,11.286100000000001,0.0,1004.82
2020-04-16 15:00:00,17.366666666666664,17.366666666666664,0.48,8.694,221.0,11.157300000000001,0.0,1004.76
2020-04-16 16:00:00,17.22222222222222,17.22222222222222,0.52,9.66,300.0,11.270000000000001,0.0,1004.4
2020-04-16 17:00:00,17.31111111111111,17.31111111111111,0.51,6.9069,334.0,11.4471,0.0,1004.97
2020-04-16 18:00:00,16.366666666666667,16.366666666666667,0.55,12.799500000000002,335.0,11.157300000000001,0.0,1004.92
2020-04-16 19:00:00,15.13888888888889,15.13888888888889,0.59,13.3147,336.0,9.982000000000001,0.0,1005.23
2020-04-16 20:00:00,12.711111111111112,12.711111111111112,0.64,18.756500000000003,341.0,9.982000000000001,0.0,1005.77
2020-04-16 21:00:00,11.505555555555556,11.505555555555556,0.71,19.1751,341.0,9.982000000000001,0.0,1006.64
2020-04-16 22:00:00,10.877777777777776,10.877777777777776,0.76,20.6402,342.0,16.1,0.0,1007.04
2020-04-16 23:00:00,9.83888888888889,7.205555555555555,0.79,19.7547,343.0,15.150100000000002,0.0,1007.37
2020-04-17 00:00:00,9.155555555555553,6.25,0.81,20.752900000000004,341.0,15.134000000000002,0.0,1007.67
2020-04-17 01:00:00,8.527777777777779,5.499999999999999,0.84,20.334300000000002,333.0,9.982000000000001,0.0,1007.59
2020-04-17 02:00:00,8.027777777777779,4.622222222222223,0.88,22.8137,341.0,9.982000000000001,0.0,1007.24
2020-04-17 03:00:00,7.222222222222222,4.1499999999999995,0.86,17.71,330.0,9.982000000000001,0.0,1007.4
2020-04-17 04:00:00,6.877777777777779,3.75,0.87,17.5007,325.0,8.05,0.0,1006.62
2020-04-17 05:00:00,6.683333333333334,3.544444444444446,0.9,17.1787,331.0,8.355900000000002,0.0,1006.33
2020-04-17 06:00:00,7.8500000000000005,4.516666666666668,0.9,21.574,10.0,4.025,0.0,1006.05
2020-04-17 07:00:00,7.3888888888888875,3.6500000000000004,0.94,24.488100000000003,11.0,4.025,0.0,1006.4
2020-04-17 08:00:00,7.544444444444443,4.1499999999999995,0.88,21.3647,10.0,5.570600000000001,0.0,1006.76
2020-04-17 09:00:00,7.349999999999998,3.555555555555555,0.88,24.955000000000002,19.0,5.8443000000000005,0.0,1007.08
2020-04-17 10:00:00,7.349999999999998,3.5166666666666657,0.88,25.3414,11.0,10.3523,0.0,1007.19
2020-04-17 11:00:00,7.316666666666667,3.7277777777777783,0.89,22.6688,9.0,9.7566,0.0,1007.35
2020-04-17 12:00:00,7.861111111111111,4.01111111111111,0.85,27.273400000000002,10.0,8.5974,0.0,1007.33
2020-04-17 13:00:00,7.927777777777781,4.57222222222222,0.84,22.024800000000003,10.0,7.5348,0.0,1007.32
2020-04-17 14:00:00,7.96111111111111,4.588888888888888,0.9,22.282400000000003,8.0,8.5974,0.0,1007.48
2020-04-17 15:00:00,7.777777777777778,4.488888888888888,0.89,20.93,10.0,11.270000000000001,0.0,1007.9
2020-04-17 16:00:00,7.805555555555554,5.155555555555556,0.9,15.488199999999999,6.0,10.6743,0.0,1007.18
2020-04-17 17:00:00,7.933333333333334,5.777777777777777,0.95,12.3004,24.0,9.160900000000002,0.0,1007.2
2020-04-17 18:00:00,7.805555555555554,5.8833333333333355,0.96,10.7548,335.0,10.6743,0.0,1006.89
2020-04-17 19:00:00,7.777777777777778,5.905555555555557,0.9,10.448900000000002,336.0,10.3523,0.0,1006.72
2020-04-17 20:00:00,7.799999999999999,6.050000000000001,0.9,9.837100000000001,350.0,9.965900000000001,0.0,1006.95
2020-04-17 21:00:00,7.777777777777778,6.400000000000002,0.89,8.05,10.0,8.05,0.0,1007.6
2020-04-17 22:00:00,7.777777777777778,7.777777777777778,0.93,3.22,0.0,8.05,0.0,1007.6
2020-04-17 23:00:00,7.794444444444445,6.644444444444445,0.94,7.1001,322.0,7.856800000000001,0.0,1007.19
2020-04-18 00:00:00,7.777777777777778,5.8500000000000005,0.94,10.770900000000001,296.0,9.982000000000001,0.0,1006.93
2020-04-18 01:00:00,7.750000000000002,5.877777777777776,0.9,10.432800000000002,320.0,12.075000000000001,0.0,1006.29
2020-04-18 02:00:00,7.794444444444445,6.894444444444442,0.91,6.1824,346.0,9.6117,0.0,1005.4
2020-04-18 03:00:00,7.777777777777778,6.805555555555555,0.89,6.44,330.0,9.982000000000001,0.0,1005.1
2020-04-18 04:00:00,7.705555555555555,5.811111111111112,0.85,10.513300000000001,358.0,15.134000000000002,0.0,1004.27
2020-04-18 05:00:00,6.844444444444445,5.027777777777776,0.83,9.2575,27.0,14.7798,0.0,1003.86
2020-04-18 06:00:00,6.255555555555555,4.083333333333334,0.88,10.432800000000002,0.0,9.982000000000001,0.0,1003.32
2020-04-18 07:00:00,6.255555555555555,3.888888888888889,0.94,11.4471,0.0,8.919400000000001,0.0,1003.05
2020-04-18 08:00:00,6.366666666666667,4.05,0.93,11.3022,7.0,9.708300000000001,0.0,1002.76
2020-04-18 09:00:00,7.322222222222223,5.350000000000001,0.93,10.4972,10.0,7.2611,0.0,1002.52
2020-04-18 10:00:00,7.222222222222222,5.088888888888887,0.93,11.270000000000001,0.0,4.9910000000000005,0.0,1002.4
2020-04-18 11:00:00,7.922222222222221,6.238888888888887,0.96,9.595600000000001,14.0,5.6833,0.0,1002.08
2020-04-18 12:00:00,8.961111111111112,7.5,0.93,9.4829,354.0,6.8264000000000005,0.0,1001.83
2020-04-18 13:00:00,9.005555555555556,7.055555555555557,0.89,12.4292,1.0,10.642100000000001,0.0,1001.44
2020-04-18 14:00:00,9.894444444444446,7.98888888888889,0.86,13.524000000000001,29.0,11.0768,0.0,1001.33
2020-04-18 15:00:00,10.0,8.438888888888888,0.86,11.270000000000001,0.0,11.270000000000001,0.0,1000.5
2020-04-18 16:00:00,10.0,8.705555555555556,0.83,9.66,350.0,11.270000000000001,0.0,1000.0
2020-04-18 17:00:00,9.966666666666665,9.705555555555556,0.87,5.0715,340.0,11.0768,0.0,999.77
2020-04-18 18:00:00,10.0,10.0,0.86,3.22,320.0,11.270000000000001,0.0,999.5
2020-04-18 19:00:00,11.11111111111111,11.11111111111111,0.8,0.0,0.0,11.270000000000001,0.0,999.3
2020-04-18 20:00:00,10.016666666666667,10.016666666666667,0.84,1.7227000000000001,261.0,7.5348,0.0,999.49
2020-04-18 21:00:00,7.777777777777778,7.777777777777778,0.96,3.22,230.0,6.118,0.0,999.8
2020-04-18 22:00:00,7.222222222222222,7.222222222222222,0.93,3.22,200.0,4.9910000000000005,0.0,999.7
2020-04-18 23:00:00,7.427777777777777,7.427777777777777,0.93,3.5420000000000007,220.0,4.588500000000001,0.0,999.67
2020-04-19 00:00:00,7.777777777777778,5.761111111111109,0.89,11.270000000000001,250.0,2.5760000000000005,0.0,999.7
2020-04-19 01:00:00,6.666666666666667,4.4222222222222225,0.93,11.270000000000001,260.0,1.932,0.0,999.7
2020-04-19 02:00:00,5.916666666666666,5.916666666666666,0.93,3.1556,215.0,0.9016000000000002,0.0,999.31
2020-04-19 03:00:00,3.888888888888889,3.888888888888889,0.96,3.22,180.0,0.16100000000000003,0.0,999.0
2020-04-19 04:00:00,2.7777777777777777,1.0277777777777786,0.96,6.44,190.0,0.16100000000000003,0.0,999.6
2020-04-19 05:00:00,3.800000000000002,3.800000000000002,0.96,3.0268,185.0,0.43470000000000003,0.0,999.09
2020-04-19 06:00:00,2.7777777777777777,0.5277777777777793,1.0,8.05,190.0,0.16100000000000003,0.0,999.3
2020-04-19 07:00:00,5.0,3.138888888888888,0.93,8.05,190.0,1.449,0.0,999.9
2020-04-19 08:00:00,7.172222222222221,5.511111111111112,0.93,8.8067,201.0,4.5563,0.0,999.67
2020-04-19 09:00:00,10.0,8.438888888888888,0.86,11.270000000000001,200.0,11.270000000000001,0.0,999.4
2020-04-19 10:00:00,12.222222222222221,12.222222222222221,0.74,9.66,220.0,11.270000000000001,0.0,999.2
2020-04-19 11:00:00,12.711111111111112,12.711111111111112,0.72,11.4793,208.0,11.0768,0.0,999.17
2020-04-19 12:00:00,13.88888888888889,13.88888888888889,0.67,16.1,210.0,11.270000000000001,0.0,998.8
2020-04-19 13:00:00,15.0,15.0,0.72,16.1,200.0,11.270000000000001,0.0,998.7
2020-04-19 14:00:00,16.022222222222226,16.022222222222226,0.58,12.8317,187.0,11.0768,0.0,998.48
2020-04-19 15:00:00,15.0,15.0,0.67,16.1,190.0,11.270000000000001,0.0,997.9
2020-04-19 16:00:00,15.0,15.0,0.62,14.49,190.0,11.270000000000001,0.0,997.8
2020-04-19 17:00:00,14.027777777777779,14.027777777777779,0.71,17.2753,221.0,11.0768,0.0,997.97
2020-04-19 18:00:00,12.777777777777779,12.777777777777779,0.77,12.88,240.0,11.270000000000001,0.0,998.1
2020-04-19 19:00:00,12.777777777777779,12.777777777777779,0.77,8.05,250.0,11.270000000000001,0.0,997.9
2020-04-19 20:00:00,12.222222222222221,12.222222222222221,0.81,8.9677,193.0,11.0768,0.0,998.37
2020-04-19 21:00:00,11.11111111111111,11.11111111111111,0.86,9.66,180.0,8.05,0.0,998.9
2020-04-19 22:00:00,10.555555555555555,10.555555555555555,0.86,11.270000000000001,160.0,8.05,0.0,999.1
2020-04-19 23:00:00,9.11111111111111,8.283333333333331,0.9,6.6976,178.0,7.5348,0.0,999.31
2020-04-20 00:00:00,8.88888888888889,8.08888888888889,0.93,6.44,160.0,6.118,0.0,999.3
2020-04-20 01:00:00,7.777777777777778,6.805555555555555,0.96,6.44,180.0,4.025,0.0,999.4
2020-04-20 02:00:00,7.533333333333335,6.4444444444444455,0.93,6.7298,188.0,4.1699,0.0,999.43
2020-04-20 03:00:00,7.777777777777778,6.805555555555555,0.96,6.44,180.0,3.059,0.0,999.0
2020-04-20 04:00:00,7.222222222222222,6.161111111111113,0.96,6.44,180.0,1.449,0.0,998.9
2020-04-20 05:00:00,6.83888888888889,5.677777777777777,0.96,6.601,192.0,1.8676,0.0,998.78
2020-04-20 06:00:00,5.0,2.411111111111113,1.0,11.270000000000001,150.0,0.32200000000000006,0.0,999.0
2020-04-20 07:00:00,7.777777777777778,6.400000000000002,0.96,8.05,170.0,4.508,0.0,999.2
2020-04-20 08:00:00,8.905555555555557,8.905555555555557,0.89,4.524100000000001,173.0,7.792400000000001,0.0,999.64
2020-04-20 09:00:00,12.777777777777779,12.777777777777779,0.72,4.83,160.0,9.982000000000001,0.0,999.9
2020-04-20 10:00:00,15.0,15.0,0.62,4.83,230.0,11.270000000000001,0.0,1000.0
2020-04-20 11:00:00,16.961111111111112,16.961111111111112,0.46,4.5402000000000005,157.0,11.4471,0.0,999.97
2020-04-20 12:00:00,17.77777777777778,17.77777777777778,0.43,12.88,150.0,11.270000000000001,0.0,999.7
2020-04-20 13:00:00,17.22222222222222,17.22222222222222,0.44,14.49,160.0,11.270000000000001,0.0,999.5
2020-04-20 14:00:00,17.82777777777778,17.82777777777778,0.45,11.785200000000001,179.0,11.4471,0.0,999.61
2020-04-20 15:00:00,17.77777777777778,17.77777777777778,0.46,9.66,170.0,11.270000000000001,0.0,999.3
2020-04-20 16:00:00,17.77777777777778,17.77777777777778,0.43,11.270000000000001,190.0,11.270000000000001,0.0,998.9
2020-04-20 17:00:00,17.76111111111111,17.76111111111111,0.45,8.4525,174.0,11.4471,0.0,999.06
2020-04-20 18:00:00,17.22222222222222,17.22222222222222,0.52,9.66,170.0,11.270000000000001,0.0,998.9
2020-04-20 19:00:00,15.0,15.0,0.6,11.270000000000001,90.0,11.270000000000001,0.0,999.2
2020-04-20 20:00:00,14.11111111111111,14.11111111111111,0.65,8.1949,117.0,11.4471,0.0,999.74
2020-04-20 21:00:00,13.88888888888889,13.88888888888889,0.67,11.270000000000001,90.0,11.270000000000001,0.0,1000.6
2020-04-20 22:00:00,13.333333333333334,13.333333333333334,0.74,14.49,100.0,16.1,0.0,1000.8
2020-04-20 23:00:00,11.788888888888888,11.788888888888888,0.8,13.8138,175.0,15.150100000000002,0.0,1001.27
2020-04-21 00:00:00,11.666666666666666,11.666666666666666,0.8,17.71,200.0,16.1,0.0,1001.6
2020-04-21 01:00:00,11.11111111111111,11.11111111111111,0.86,11.270000000000001,200.0,16.1,0.0,1001.9
2020-04-21 02:00:00,11.127777777777778,11.127777777777778,0.84,13.9587,190.0,15.150100000000002,0.0,1002.1
2020-04-21 03:00:00,10.555555555555555,10.555555555555555,0.89,11.270000000000001,170.0,16.1,0.0,1002.1
2020-04-21 04:00:00,10.0,8.438888888888888,0.89,11.270000000000001,180.0,16.1,0.0,1002.3
2020-04-21 05:00:00,10.472222222222221,10.472222222222221,0.87,11.8979,224.0,15.150100000000002,0.0,1002.31
2020-04-21 06:00:00,10.0,7.98888888888889,0.93,14.49,240.0,4.025,0.0,1002.6
2020-04-21 07:00:00,10.0,8.205555555555557,0.86,12.88,250.0,11.270000000000001,0.0,1003.5
2020-04-21 08:00:00,10.088888888888887,10.088888888888887,0.88,11.237800000000002,240.0,11.0768,0.0,1004.14
2020-04-21 09:00:00,10.0,9.011111111111111,0.93,8.05,190.0,11.270000000000001,0.0,1004.9
2020-04-21 10:00:00,11.11111111111111,11.11111111111111,0.93,9.66,170.0,11.270000000000001,0.0,1005.3
2020-04-21 11:00:00,14.094444444444443,14.094444444444443,0.75,13.4757,239.0,11.4471,0.0,1005.71
2020-04-21 12:00:00,16.11111111111111,16.11111111111111,0.67,11.270000000000001,280.0,11.270000000000001,0.0,1005.8
2020-04-21 13:00:00,17.22222222222222,17.22222222222222,0.54,16.1,260.0,11.270000000000001,0.0,1005.6
2020-04-21 14:00:00,14.983333333333333,14.983333333333333,0.66,15.778000000000002,248.0,11.4471,0.0,1005.83
2020-04-21 15:00:00,17.22222222222222,17.22222222222222,0.67,17.71,240.0,11.270000000000001,0.0,1006.4
2020-04-21 16:00:00,15.0,15.0,0.67,20.93,240.0,11.270000000000001,0.0,1006.1
2020-04-21 17:00:00,16.91111111111111,16.91111111111111,0.59,16.6957,237.0,11.4471,0.0,1006.5
2020-04-21 18:00:00,13.88888888888889,13.88888888888889,0.77,11.270000000000001,60.0,11.270000000000001,0.0,1006.7
2020-04-21 19:00:00,12.777777777777779,12.777777777777779,0.9,8.05,130.0,11.270000000000001,0.0,1007.4
2020-04-21 20:00:00,12.483333333333333,12.483333333333333,0.84,4.3631,154.0,11.4471,0.0,1008.17
2020-04-21 21:00:00,11.11111111111111,11.11111111111111,0.8,11.270000000000001,160.0,11.270000000000001,0.0,1008.9
2020-04-21 22:00:00,10.555555555555555,10.555555555555555,0.86,14.49,170.0,16.1,0.0,1009.4
2020-04-21 23:00:00,10.0,8.438888888888888,0.81,11.253900000000002,205.0,15.520400000000002,0.0,1009.53
2020-04-22 00:00:00,10.0,8.438888888888888,0.8,11.270000000000001,220.0,16.1,0.0,1009.7
2020-04-22 01:00:00,8.88888888888889,8.08888888888889,0.83,6.44,200.0,16.1,0.0,1009.7
2020-04-22 02:00:00,8.072222222222223,6.155555555555555,0.89,11.012400000000001,215.0,15.150100000000002,0.0,1009.85
2020-04-22 03:00:00,7.222222222222222,5.088888888888887,0.86,11.270000000000001,210.0,16.1,0.0,1009.8
2020-04-22 04:00:00,6.666666666666667,4.4222222222222225,0.89,11.270000000000001,180.0,16.1,0.0,1009.9
2020-04-22 05:00:00,6.022222222222224,3.1666666666666683,0.92,14.0875,183.0,15.150100000000002,0.0,1010.2
2020-04-22 06:00:00,6.111111111111111,3.75,0.86,11.270000000000001,170.0,11.270000000000001,0.0,1010.2
2020-04-22 07:00:00,7.222222222222222,5.750000000000001,0.93,8.05,180.0,11.270000000000001,0.0,1010.3
2020-04-22 08:00:00,10.033333333333335,10.033333333333335,0.83,10.8031,190.0,11.0768,0.0,1010.52
2020-04-22 09:00:00,12.777777777777779,12.777777777777779,0.83,12.88,200.0,11.270000000000001,0.0,1010.5
2020-04-22 10:00:00,16.11111111111111,16.11111111111111,0.72,17.71,200.0,11.270000000000001,0.0,1010.5
2020-04-22 11:00:00,17.205555555555556,17.205555555555556,0.54,23.683100000000003,226.0,11.4471,0.0,1010.35
2020-04-22 12:00:00,17.77777777777778,17.77777777777778,0.52,25.76,230.0,11.270000000000001,0.0,1010.0
2020-04-22 13:00:00,17.77777777777778,17.77777777777778,0.56,25.76,210.0,11.270000000000001,0.0,1009.5
2020-04-22 14:00:00,19.01111111111111,19.01111111111111,0.46,24.890600000000003,213.0,11.4471,0.0,1009.18
2020-04-22 15:00:00,18.88888888888889,18.88888888888889,0.47,25.76,210.0,11.270000000000001,0.0,1008.7
2020-04-22 16:00:00,20.0,20.0,0.4,20.93,240.0,11.270000000000001,0.0,1008.1
2020-04-22 17:00:00,18.022222222222222,18.022222222222222,0.5,9.5312,305.0,11.4471,0.0,1008.08
2020-04-22 18:00:00,15.0,15.0,0.72,11.270000000000001,260.0,11.270000000000001,0.0,1008.5
2020-04-22 19:00:00,13.88888888888889,13.88888888888889,0.77,0.0,0.0,11.270000000000001,0.0,1009.0
2020-04-22 20:00:00,13.038888888888888,13.038888888888888,0.87,4.4275,68.0,11.0768,0.0,1009.2
2020-04-22 21:00:00,12.222222222222221,12.222222222222221,0.86,11.270000000000001,40.0,11.270000000000001,0.0,1011.4
2020-04-22 22:00:00,11.666666666666666,11.666666666666666,0.93,3.22,320.0,12.075000000000001,0.0,1010.5
2020-04-22 23:00:00,12.188888888888888,12.188888888888888,0.87,5.313,228.0,9.982000000000001,0.0,1010.68
2020-04-23 00:00:00,11.11111111111111,11.11111111111111,0.93,3.22,200.0,16.1,0.0,1010.6
2020-04-23 01:00:00,11.11111111111111,11.11111111111111,0.93,3.22,240.0,16.1,0.0,1011.0
2020-04-23 02:00:00,11.25,11.25,0.96,7.0518,206.0,15.150100000000002,0.0,1010.98
2020-04-23 03:00:00,11.11111111111111,11.11111111111111,0.93,11.270000000000001,220.0,16.1,0.0,1010.9
2020-04-23 04:00:00,11.11111111111111,11.11111111111111,0.89,14.49,270.0,16.1,0.0,1011.5
2020-04-23 05:00:00,10.066666666666666,10.066666666666666,0.89,10.980200000000002,251.0,15.150100000000002,0.0,1012.17
2020-04-23 06:00:00,8.88888888888889,7.383333333333332,0.93,9.66,260.0,9.982000000000001,0.0,1012.4
2020-04-23 07:00:00,8.88888888888889,7.1000000000000005,0.93,11.270000000000001,280.0,11.270000000000001,0.0,1013.1
2020-04-23 08:00:00,10.050000000000002,10.050000000000002,0.87,10.787,289.0,11.0768,0.0,1013.56
2020-04-23 09:00:00,12.222222222222221,12.222222222222221,0.72,8.05,280.0,11.270000000000001,0.0,1013.6
2020-04-23 10:00:00,12.777777777777779,12.777777777777779,0.69,1.61,230.0,11.270000000000001,0.0,1013.7
2020-04-23 11:00:00,13.855555555555554,13.855555555555554,0.64,3.5259,211.0,11.4471,0.0,1013.61
2020-04-23 12:00:00,15.0,15.0,0.55,4.83,190.0,11.270000000000001,0.0,1013.2
2020-04-23 13:00:00,16.11111111111111,16.11111111111111,0.62,9.66,210.0,11.270000000000001,0.0,1012.6
2020-04-23 14:00:00,17.116666666666667,17.116666666666667,0.63,8.1788,188.0,11.4471,0.0,1011.93
2020-04-23 15:00:00,17.77777777777778,17.77777777777778,0.56,9.66,180.0,11.270000000000001,0.0,1011.4
2020-04-23 16:00:00,17.77777777777778,17.77777777777778,0.56,9.66,170.0,11.270000000000001,0.0,1010.8
2020-04-23 17:00:00,17.17222222222222,17.17222222222222,0.59,7.550900000000001,161.0,11.4471,0.0,1010.12
2020-04-23 18:00:00,16.11111111111111,16.11111111111111,0.72,9.66,290.0,11.270000000000001,0.0,1010.1
2020-04-23 19:00:00,13.88888888888889,13.88888888888889,0.9,9.66,270.0,8.05,0.0,1009.9
2020-04-23 20:00:00,12.777777777777779,12.777777777777779,0.91,11.253900000000002,125.0,6.601,0.0,1009.72
2020-04-23 21:00:00,12.777777777777779,12.777777777777779,0.9,16.1,260.0,8.05,0.0,1010.1
2020-04-23 22:00:00,12.777777777777779,12.777777777777779,0.9,14.49,240.0,9.982000000000001,0.0,1010.5
2020-04-23 23:00:00,11.666666666666666,11.666666666666666,0.91,9.3541,131.0,9.982000000000001,0.0,1009.58
2020-04-24 00:00:00,11.11111111111111,11.11111111111111,0.93,6.44,170.0,9.982000000000001,0.0,1009.5
2020-04-24 01:00:00,11.666666666666666,11.666666666666666,0.86,14.49,170.0,12.075000000000001,0.0,1009.3
2020-04-24 02:00:00,11.216666666666665,11.216666666666665,0.94,20.752900000000004,193.0,11.382700000000002,0.0,1009.29
2020-04-24 03:00:00,10.555555555555555,10.555555555555555,0.93,14.49,190.0,15.134000000000002,0.0,1008.8
2020-04-24 04:00:00,10.555555555555555,10.555555555555555,0.89,14.49,210.0,15.134000000000002,0.0,1009.4
2020-04-24 05:00:00,9.149999999999999,7.294444444444445,0.93,12.0267,199.0,15.150100000000002,0.0,1009.49
2020-04-24 06:00:00,7.777777777777778,6.0555555555555545,1.0,9.66,170.0,11.270000000000001,0.0,1009.4
2020-04-24 07:00:00,10.0,8.438888888888888,0.93,11.270000000000001,170.0,9.982000000000001,0.0,1009.4
2020-04-24 08:00:00,12.066666666666666,12.066666666666666,0.83,15.1984,161.0,9.982000000000001,0.0,1009.25
2020-04-24 09:00:00,13.88888888888889,13.88888888888889,0.83,22.540000000000003,150.0,11.270000000000001,0.0,1008.9
2020-04-24 10:00:00,16.11111111111111,16.11111111111111,0.78,24.150000000000002,150.0,11.270000000000001,0.0,1008.7
2020-04-24 11:00:00,17.188888888888886,17.188888888888886,0.67,22.8459,151.0,11.4471,0.0,1008.26
2020-04-24 12:00:00,17.77777777777778,17.77777777777778,0.65,22.540000000000003,160.0,11.270000000000001,0.0,1007.7
2020-04-24 13:00:00,18.88888888888889,18.88888888888889,0.61,20.93,170.0,11.270000000000001,0.0,1006.7
2020-04-24 14:00:00,20.0,20.0,0.52,23.1518,180.0,11.4471,0.0,1006.2
2020-04-24 15:00:00,20.0,20.0,0.53,20.93,170.0,11.270000000000001,0.0,1005.6
2020-04-24 16:00:00,20.0,20.0,0.53,17.71,170.0,11.270000000000001,0.0,1004.9
2020-04-24 17:00:00,20.12222222222222,20.12222222222222,0.52,20.0928,151.0,11.4471,0.0,1004.59
2020-04-24 18:00:00,20.0,20.0,0.57,20.93,160.0,11.270000000000001,0.0,1003.7
2020-04-24 19:00:00,18.88888888888889,18.88888888888889,0.61,20.93,170.0,11.270000000000001,0.0,1003.2
2020-04-24 20:00:00,17.31111111111111,17.31111111111111,0.62,12.9122,188.0,10.368400000000001,0.0,1003.83
2020-04-24 21:00:00,16.11111111111111,16.11111111111111,0.67,12.88,170.0,9.982000000000001,0.0,1004.1
2020-04-24 22:00:00,15.555555555555555,15.555555555555555,0.72,11.270000000000001,210.0,16.1,0.0,1004.4
2020-04-24 23:00:00,14.494444444444447,14.494444444444447,0.75,22.9586,278.0,15.150100000000002,0.0,1005.59
2020-04-25 00:00:00,13.333333333333334,13.333333333333334,0.77,14.49,290.0,16.1,0.0,1006.2
2020-04-25 01:00:00,12.777777777777779,12.777777777777779,0.74,11.270000000000001,290.0,16.1,0.0,1006.4
2020-04-25 02:00:00,12.744444444444444,12.744444444444444,0.74,6.0697,301.0,15.150100000000002,0.0,1006.41
2020-04-25 03:00:00,12.222222222222221,12.222222222222221,0.74,3.22,280.0,16.1,0.0,1006.7
2020-04-25 04:00:00,11.666666666666666,11.666666666666666,0.8,3.22,290.0,16.1,0.0,1006.9
2020-04-25 05:00:00,11.199999999999998,11.199999999999998,0.83,3.1717,278.0,15.150100000000002,0.0,1007.28
2020-04-25 06:00:00,11.11111111111111,11.11111111111111,0.8,4.83,340.0,11.270000000000001,0.0,1007.6
2020-04-25 07:00:00,11.11111111111111,11.11111111111111,0.8,11.270000000000001,320.0,11.270000000000001,0.0,1008.2
2020-04-25 08:00:00,11.127777777777778,11.127777777777778,0.82,15.295000000000002,339.0,11.4471,0.0,1008.86
2020-04-25 09:00:00,10.0,7.799999999999999,0.86,16.1,320.0,11.270000000000001,0.0,1009.3
2020-04-25 10:00:00,10.0,7.799999999999999,0.83,16.1,350.0,11.270000000000001,0.0,1009.7
2020-04-25 11:00:00,10.088888888888887,10.088888888888887,0.84,12.2521,349.0,11.0768,0.0,1010.43
2020-04-25 12:00:00,11.11111111111111,11.11111111111111,0.77,14.49,350.0,11.270000000000001,0.0,1010.7
2020-04-25 13:00:00,12.222222222222221,12.222222222222221,0.74,9.66,310.0,11.270000000000001,0.0,1011.3
2020-04-25 14:00:00,12.916666666666666,12.916666666666666,0.75,4.025,242.0,11.4471,0.0,1011.76
2020-04-25 15:00:00,16.11111111111111,16.11111111111111,0.52,22.540000000000003,310.0,11.270000000000001,0.0,1011.1
2020-04-25 16:00:00,17.22222222222222,17.22222222222222,0.52,25.76,310.0,11.270000000000001,0.0,1011.0
2020-04-25 17:00:00,17.155555555555555,17.155555555555555,0.48,19.561500000000002,315.0,11.4471,0.0,1011.87
2020-04-25 18:00:00,17.22222222222222,17.22222222222222,0.48,20.93,270.0,11.270000000000001,0.0,1012.0
2020-04-25 19:00:00,15.0,15.0,0.6,11.270000000000001,260.0,9.982000000000001,0.0,1012.2
2020-04-25 20:00:00,12.966666666666669,12.966666666666669,0.7,12.5741,238.0,10.368400000000001,0.0,1012.88
2020-04-25 21:00:00,11.11111111111111,11.11111111111111,0.8,8.05,200.0,9.982000000000001,0.0,1014.0
2020-04-25 22:00:00,9.444444444444445,8.733333333333333,0.86,6.44,200.0,16.1,0.0,1014.4
2020-04-25 23:00:00,8.800000000000002,7.1000000000000005,0.88,10.626,211.0,15.150100000000002,0.0,1014.82
2020-04-26 00:00:00,8.333333333333334,7.444444444444445,0.89,6.44,180.0,16.1,0.0,1015.1
2020-04-26 01:00:00,7.777777777777778,5.761111111111109,0.89,11.270000000000001,190.0,15.134000000000002,0.0,1015.7
2020-04-26 02:00:00,8.177777777777777,6.144444444444446,0.88,11.8496,199.0,14.329,0.0,1015.8
2020-04-26 03:00:00,6.666666666666667,5.522222222222221,0.93,6.44,170.0,15.134000000000002,0.0,1016.1
2020-04-26 04:00:00,6.666666666666667,4.4222222222222225,0.89,11.270000000000001,160.0,15.134000000000002,0.0,1016.3
2020-04-26 05:00:00,6.944444444444445,4.872222222222224,0.89,10.642100000000001,164.0,14.329,0.0,1016.31
2020-04-26 06:00:00,7.222222222222222,5.750000000000001,0.86,8.05,180.0,9.982000000000001,0.0,1016.5
2020-04-26 07:00:00,10.0,9.011111111111111,0.83,8.05,170.0,9.982000000000001,0.0,1017.0
2020-04-26 08:00:00,12.63888888888889,12.63888888888889,0.74,13.218100000000002,190.0,9.982000000000001,0.0,1017.6
2020-04-26 09:00:00,16.11111111111111,16.11111111111111,0.62,12.88,200.0,9.982000000000001,0.0,1017.8
2020-04-26 10:00:00,17.77777777777778,17.77777777777778,0.52,16.1,200.0,9.982000000000001,0.0,1018.0
2020-04-26 11:00:00,19.777777777777775,19.777777777777775,0.49,22.0087,190.0,11.4471,0.0,1017.93
2020-04-26 12:00:00,21.11111111111111,21.11111111111111,0.41,24.150000000000002,200.0,9.982000000000001,0.0,1017.7
2020-04-26 13:00:00,22.22222222222222,22.22222222222222,0.38,22.540000000000003,200.0,9.982000000000001,0.0,1017.3
2020-04-26 14:00:00,22.016666666666666,22.016666666666666,0.38,21.026600000000002,191.0,10.368400000000001,0.0,1017.11
2020-04-26 15:00:00,22.77777777777778,22.77777777777778,0.34,17.71,210.0,9.982000000000001,0.0,1016.8
2020-04-26 16:00:00,22.77777777777778,22.77777777777778,0.37,17.71,200.0,9.982000000000001,0.0,1016.7
2020-04-26 17:00:00,22.188888888888886,22.188888888888886,0.37,15.552600000000002,208.0,10.368400000000001,0.0,1016.59
2020-04-26 18:00:00,22.22222222222222,22.22222222222222,0.38,14.49,160.0,9.982000000000001,0.0,1016.3
2020-04-26 19:00:00,18.88888888888889,18.88888888888889,0.48,14.49,150.0,9.982000000000001,0.0,1016.5
2020-04-26 20:00:00,17.394444444444446,17.394444444444446,0.53,12.1716,140.0,10.368400000000001,0.0,1016.95
2020-04-26 21:00:00,16.11111111111111,16.11111111111111,0.62,14.49,130.0,9.982000000000001,0.0,1017.6
2020-04-26 22:00:00,15.555555555555555,15.555555555555555,0.62,14.49,130.0,16.1,0.0,1017.9
2020-04-26 23:00:00,14.511111111111111,14.511111111111111,0.63,13.4435,139.0,15.520400000000002,0.0,1018.03
2020-04-27 00:00:00,13.88888888888889,13.88888888888889,0.64,11.270000000000001,150.0,9.982000000000001,0.0,0.0
2020-04-27 01:00:00,12.222222222222221,12.222222222222221,0.72,11.270000000000001,140.0,9.982000000000001,0.0,0.0
2020-04-27 02:00:00,11.372222222222222,11.372222222222222,0.74,6.359500000000001,137.0,15.520400000000002,0.0,1018.33
2020-04-27 03:00:00,11.11111111111111,11.11111111111111,0.74,6.44,150.0,16.1,0.0,1018.3
2020-04-27 04:00:00,10.555555555555555,10.555555555555555,0.77,11.270000000000001,140.0,16.1,0.0,1018.3
2020-04-27 05:00:00,9.5,8.922222222222224,0.85,5.957000000000001,143.0,15.488199999999999,0.0,1018.39
2020-04-27 06:00:00,7.777777777777778,7.777777777777778,0.89,3.22,150.0,9.982000000000001,0.0,1018.7
2020-04-27 07:00:00,12.222222222222221,12.222222222222221,0.74,0.0,0.0,9.982000000000001,0.0,1019.0
2020-04-27 08:00:00,14.983333333333333,14.983333333333333,0.68,7.953400000000001,148.0,9.982000000000001,0.0,1019.18
2020-04-27 09:00:00,17.77777777777778,17.77777777777778,0.65,4.83,160.0,9.982000000000001,0.0,1019.1
2020-04-27 10:00:00,20.0,20.0,0.57,8.05,150.0,9.982000000000001,0.0,1019.1
2020-04-27 11:00:00,22.555555555555554,22.555555555555554,0.38,10.8836,162.0,10.368400000000001,0.0,1019.19
2020-04-27 12:00:00,22.77777777777778,22.77777777777778,0.37,14.49,160.0,9.982000000000001,0.0,1019.2
2020-04-27 13:00:00,23.88888888888889,23.88888888888889,0.36,16.1,170.0,9.982000000000001,0.0,1019.0
2020-04-27 14:00:00,24.894444444444446,24.894444444444446,0.31,15.3272,190.0,10.368400000000001,0.0,1018.98
2020-04-27 15:00:00,25.0,25.0,0.3,12.88,170.0,9.982000000000001,0.0,1018.8
2020-04-27 16:00:00,26.11111111111111,26.11111111111111,0.3,12.88,180.0,9.982000000000001,0.0,1018.7
2020-04-27 17:00:00,25.08888888888889,25.08888888888889,0.32,11.4471,184.0,10.368400000000001,0.0,1018.59
2020-04-27 18:00:00,25.0,25.0,0.33,8.05,150.0,9.982000000000001,0.0,1018.7
2020-04-27 19:00:00,23.88888888888889,23.88888888888889,0.41,3.22,130.0,9.982000000000001,0.0,1018.6
2020-04-27 20:00:00,20.26111111111111,20.26111111111111,0.51,7.1323,62.0,10.368400000000001,0.0,1018.93
2020-04-27 21:00:00,18.88888888888889,18.88888888888889,0.56,9.66,80.0,9.982000000000001,0.0,1019.8
2020-04-27 22:00:00,18.333333333333332,18.333333333333332,0.58,11.270000000000001,80.0,16.1,0.0,1020.2
2020-04-27 23:00:00,18.144444444444442,18.144444444444442,0.53,10.722600000000002,99.0,15.150100000000002,0.0,1020.67
2020-04-28 00:00:00,17.77777777777778,17.77777777777778,0.54,11.270000000000001,110.0,16.1,0.0,1021.3
2020-04-28 01:00:00,16.666666666666668,16.666666666666668,0.58,11.270000000000001,110.0,16.1,0.0,1021.6
2020-04-28 02:00:00,13.555555555555555,13.555555555555555,0.74,5.3291,97.0,15.150100000000002,0.0,1021.82
2020-04-28 03:00:00,12.777777777777779,12.777777777777779,0.77,3.22,80.0,16.1,0.0,1022.3
2020-04-28 04:00:00,11.666666666666666,11.666666666666666,0.83,6.44,90.0,16.1,0.0,1022.5
2020-04-28 05:00:00,11.805555555555555,11.805555555555555,0.83,6.423900000000001,99.0,15.150100000000002,0.0,1022.54
2020-04-28 06:00:00,11.11111111111111,11.11111111111111,0.86,4.83,110.0,9.982000000000001,0.0,1022.9
2020-04-28 07:00:00,17.22222222222222,17.22222222222222,0.63,8.05,110.0,9.982000000000001,0.0,1023.1
2020-04-28 08:00:00,19.6,19.6,0.55,11.237800000000002,107.0,9.982000000000001,0.0,1023.25
2020-04-28 09:00:00,21.11111111111111,21.11111111111111,0.57,11.270000000000001,160.0,9.982000000000001,0.0,1023.4
2020-04-28 10:00:00,22.77777777777778,22.77777777777778,0.51,12.88,150.0,9.982000000000001,0.0,1023.5
2020-04-28 11:00:00,24.983333333333334,24.983333333333334,0.42,15.295000000000002,147.0,10.368400000000001,0.0,1023.56
2020-04-28 12:00:00,26.11111111111111,26.11111111111111,0.36,12.88,140.0,9.982000000000001,0.0,1023.3
2020-04-28 13:00:00,27.22222222222222,26.64444444444444,0.32,12.88,130.0,9.982000000000001,0.0,1022.9
2020-04-28 14:00:00,27.17222222222222,26.805555555555557,0.36,12.4131,129.0,10.368400000000001,0.0,1022.45
2020-04-28 15:00:00,27.77777777777778,27.077777777777776,0.33,11.270000000000001,130.0,9.982000000000001,0.0,1021.8
2020-04-28 16:00:00,27.77777777777778,26.98333333333333,0.31,9.66,120.0,9.982000000000001,0.0,1021.2
2020-04-28 17:00:00,27.744444444444444,26.944444444444443,0.31,14.2807,103.0,10.368400000000001,0.0,1020.89
2020-04-28 18:00:00,27.22222222222222,26.977777777777778,0.39,11.270000000000001,150.0,9.982000000000001,0.0,1020.5
2020-04-28 19:00:00,25.0,25.0,0.39,4.83,160.0,9.982000000000001,0.0,1020.4
2020-04-28 20:00:00,22.42777777777778,22.42777777777778,0.45,4.7978000000000005,151.0,10.368400000000001,0.0,1020.69
2020-04-28 21:00:00,20.0,20.0,0.53,4.83,130.0,9.982000000000001,0.0,1021.4
2020-04-28 22:00:00,18.88888888888889,18.88888888888889,0.58,6.44,140.0,16.1,0.0,1021.6
2020-04-28 23:00:00,18.555555555555557,18.555555555555557,0.56,10.1913,142.0,15.150100000000002,0.0,1021.54
2020-04-29 00:00:00,17.77777777777778,17.77777777777778,0.58,11.270000000000001,140.0,16.1,0.0,1021.7
2020-04-29 01:00:00,14.444444444444445,14.444444444444445,0.75,6.44,130.0,16.1,0.0,1021.7
2020-04-29 02:00:00,14.444444444444445,14.444444444444445,0.75,3.1717,122.0,15.150100000000002,0.0,1021.4
2020-04-29 03:00:00,13.88888888888889,13.88888888888889,0.75,6.44,130.0,16.1,0.0,1021.0
2020-04-29 04:00:00,15.0,15.0,0.64,11.270000000000001,130.0,16.1,0.0,1020.8
2020-04-29 05:00:00,14.47777777777778,14.47777777777778,0.68,6.923,118.0,15.150100000000002,0.0,1020.7
2020-04-29 06:00:00,15.0,15.0,0.67,8.05,130.0,9.982000000000001,0.0,1020.9
2020-04-29 07:00:00,17.22222222222222,17.22222222222222,0.63,8.05,140.0,9.982000000000001,0.0,1021.0
2020-04-29 08:00:00,19.777777777777775,19.777777777777775,0.53,12.075000000000001,140.0,10.368400000000001,0.0,1021.21
2020-04-29 09:00:00,22.77777777777778,22.77777777777778,0.48,20.93,150.0,9.982000000000001,0.0,1021.0
2020-04-29 10:00:00,25.0,25.0,0.32,27.37,160.0,9.982000000000001,0.0,1020.7
2020-04-29 11:00:00,26.077777777777776,26.077777777777776,0.29,34.776,151.0,10.368400000000001,0.0,1020.61
2020-04-29 12:00:00,27.22222222222222,26.34444444444445,0.24,40.25,150.0,9.982000000000001,0.0,1020.2
2020-04-29 13:00:00,27.22222222222222,26.255555555555556,0.21,37.03,160.0,9.982000000000001,0.0,1019.2
2020-04-29 14:00:00,27.744444444444444,26.633333333333333,0.22,35.017500000000005,160.0,10.368400000000001,0.0,1018.63
2020-04-29 15:00:00,27.77777777777778,26.738888888888887,0.25,33.81,160.0,9.982000000000001,0.0,1017.9
2020-04-29 16:00:00,27.77777777777778,26.738888888888887,0.25,25.76,150.0,9.982000000000001,0.0,1017.5
2020-04-29 17:00:00,27.82777777777778,26.694444444444443,0.22,23.0391,160.0,10.368400000000001,0.0,1016.84
2020-04-29 18:00:00,27.22222222222222,26.34444444444445,0.24,22.540000000000003,160.0,9.982000000000001,0.0,1016.7
2020-04-29 19:00:00,23.88888888888889,23.88888888888889,0.32,14.49,150.0,9.982000000000001,0.0,1016.6
2020-04-29 20:00:00,22.344444444444445,22.344444444444445,0.33,10.722600000000002,169.0,10.368400000000001,0.0,1016.66
2020-04-29 21:00:00,18.88888888888889,18.88888888888889,0.43,12.88,160.0,9.982000000000001,0.0,1016.9
2020-04-29 22:00:00,19.444444444444443,19.444444444444443,0.42,14.49,160.0,16.1,0.0,1016.7
2020-04-29 23:00:00,19.305555555555557,19.305555555555557,0.4,16.8084,158.0,15.150100000000002,0.0,1016.41
2020-04-30 00:00:00,16.666666666666668,16.666666666666668,0.5,11.270000000000001,170.0,16.1,0.0,1016.6
2020-04-30 01:00:00,14.444444444444445,14.444444444444445,0.57,6.44,160.0,16.1,0.0,1016.7
2020-04-30 02:00:00,13.555555555555555,13.555555555555555,0.64,3.2039,137.0,15.150100000000002,0.0,1016.69
2020-04-30 03:00:00,12.777777777777779,12.777777777777779,0.69,6.44,180.0,16.1,0.0,1016.6
2020-04-30 04:00:00,11.11111111111111,11.11111111111111,0.74,3.22,120.0,16.1,0.0,1016.6
2020-04-30 05:00:00,13.366666666666667,13.366666666666667,0.67,3.0751,105.0,14.329,0.0,1016.61
2020-04-30 06:00:00,13.88888888888889,13.88888888888889,0.67,0.0,0.0,9.982000000000001,0.0,1016.6
2020-04-30 07:00:00,17.22222222222222,17.22222222222222,0.58,4.83,120.0,9.982000000000001,0.0,1017.2
2020-04-30 08:00:00,19.72222222222222,19.72222222222222,0.5,10.7548,119.0,10.368400000000001,0.0,1017.18
2020-04-30 09:00:00,22.77777777777778,22.77777777777778,0.44,12.88,130.0,9.982000000000001,0.0,1017.1
2020-04-30 10:00:00,25.0,25.0,0.42,16.1,150.0,9.982000000000001,0.0,1016.9
2020-04-30 11:00:00,27.049999999999997,26.816666666666663,0.38,15.987300000000001,161.0,10.368400000000001,0.0,1016.97
2020-04-30 12:00:00,27.22222222222222,26.733333333333334,0.34,22.540000000000003,150.0,9.982000000000001,0.0,1016.7
2020-04-30 13:00:00,28.88888888888889,28.172222222222217,0.36,16.1,180.0,9.982000000000001,0.0,1016.3
2020-04-30 14:00:00,28.872222222222224,27.91111111111111,0.32,15.3433,162.0,10.368400000000001,0.0,1015.93
2020-04-30 15:00:00,30.0,28.68333333333333,0.29,11.270000000000001,180.0,9.982000000000001,0.0,1015.2
2020-04-30 16:00:00,30.0,28.68333333333333,0.29,11.270000000000001,150.0,9.982000000000001,0.0,1014.8
2020-04-30 17:00:00,28.977777777777774,27.655555555555555,0.26,11.141200000000001,167.0,10.368400000000001,0.0,1014.55
2020-04-30 18:00:00,28.88888888888889,27.43333333333333,0.22,12.88,110.0,9.982000000000001,0.0,1014.4
2020-04-30 19:00:00,27.22222222222222,26.411111111111115,0.26,9.66,100.0,9.982000000000001,0.0,1014.5
2020-04-30 20:00:00,23.000000000000004,23.000000000000004,0.37,7.921200000000001,91.0,10.368400000000001,0.0,1014.9
2020-04-30 21:00:00,17.77777777777778,17.77777777777778,0.6,1.61,120.0,9.982000000000001,0.0,1015.5
2020-04-30 22:00:00,18.333333333333332,18.333333333333332,0.56,6.44,100.0,16.1,0.0,1015.8
2020-04-30 23:00:00,17.533333333333335,17.533333333333335,0.57,3.0912,126.0,15.150100000000002,0.0,1015.67
2020-05-01 00:00:00,18.333333333333332,18.333333333333332,0.5,14.49,130.0,16.1,0.0,1015.8
2020-05-01 01:00:00,17.77777777777778,17.77777777777778,0.52,6.44,140.0,16.1,0.0,1016.1
2020-05-01 02:00:00,16.355555555555554,16.355555555555554,0.61,3.4293,171.0,15.150100000000002,0.0,1016.07
2020-05-01 03:00:00,13.88888888888889,13.88888888888889,0.72,6.44,100.0,16.1,0.0,1016.4
2020-05-01 04:00:00,13.333333333333334,13.333333333333334,0.74,0.0,0.0,16.1,0.0,1016.4
2020-05-01 05:00:00,12.82777777777778,12.82777777777778,0.78,1.9159,141.0,15.150100000000002,0.0,1016.28
2020-05-01 06:00:00,12.222222222222221,12.222222222222221,0.83,3.22,100.0,16.1,0.0,1016.5
2020-05-01 07:00:00,17.77777777777778,17.77777777777778,0.6,4.83,100.0,9.982000000000001,0.0,1016.7
2020-05-01 08:00:00,20.85,20.85,0.54,4.83,132.0,9.982000000000001,0.0,1016.88
2020-05-01 09:00:00,23.88888888888889,23.88888888888889,0.41,8.05,150.0,9.982000000000001,0.0,1017.0
2020-05-01 10:00:00,25.0,25.0,0.39,9.66,160.0,9.982000000000001,0.0,1016.9
2020-05-01 11:00:00,27.133333333333336,26.805555555555557,0.37,13.0249,157.0,10.368400000000001,0.0,1016.77
2020-05-01 12:00:00,28.88888888888889,27.96111111111111,0.33,12.88,140.0,9.982000000000001,0.0,0.0
2020-05-01 13:00:00,28.88888888888889,27.727777777777774,0.29,12.88,110.0,9.982000000000001,0.0,0.0
2020-05-01 14:00:00,29.877777777777776,28.561111111111106,0.29,15.826300000000002,119.0,10.368400000000001,0.0,1015.5
2020-05-01 15:00:00,30.0,28.555555555555557,0.27,11.270000000000001,160.0,9.982000000000001,0.0,1015.0
2020-05-01 16:00:00,30.0,28.444444444444443,0.25,11.270000000000001,110.0,9.982000000000001,0.0,1014.4
2020-05-01 17:00:00,28.977777777777774,27.63888888888889,0.26,8.227100000000002,133.0,10.368400000000001,0.0,1014.07
2020-05-01 18:00:00,27.77777777777778,26.849999999999998,0.28,4.83,140.0,9.982000000000001,0.0,1013.9
2020-05-01 19:00:00,27.22222222222222,26.522222222222222,0.29,3.22,110.0,9.982000000000001,0.0,1013.7
2020-05-01 20:00:00,23.15555555555556,23.15555555555556,0.37,2.8014,73.0,10.368400000000001,0.0,1013.83
2020-05-01 21:00:00,20.0,20.0,0.49,0.0,0.0,9.982000000000001,0.0,1014.3
2020-05-01 22:00:00,18.88888888888889,18.88888888888889,0.54,0.0,0.0,16.1,0.0,1014.5
2020-05-01 23:00:00,17.84444444444445,17.84444444444445,0.6,3.22,110.0,15.520400000000002,0.0,1014.63
2020-05-02 00:00:00,15.555555555555555,15.555555555555555,0.72,0.0,0.0,16.1,0.0,1014.7
2020-05-02 01:00:00,15.0,15.0,0.8,3.22,260.0,16.1,0.0,1014.5
2020-05-02 02:00:00,15.294444444444444,15.294444444444444,0.78,0.9982000000000001,99.0,15.150100000000002,0.0,1014.81
2020-05-02 03:00:00,13.88888888888889,13.88888888888889,0.8,3.22,300.0,16.1,0.0,1014.7
2020-05-02 04:00:00,13.333333333333334,13.333333333333334,0.83,0.0,0.0,16.1,0.0,1014.5
2020-05-02 05:00:00,13.350000000000001,13.350000000000001,0.83,2.7692,38.0,15.150100000000002,0.0,1014.48
2020-05-02 06:00:00,13.88888888888889,13.88888888888889,0.83,1.61,70.0,9.982000000000001,0.0,1014.4
2020-05-02 07:00:00,17.77777777777778,17.77777777777778,0.73,0.0,0.0,9.982000000000001,0.0,1014.6
2020-05-02 08:00:00,21.927777777777777,21.927777777777777,0.56,2.4794,180.0,9.982000000000001,0.0,1014.21
2020-05-02 09:00:00,25.0,25.0,0.45,8.05,170.0,9.982000000000001,0.0,1014.1
2020-05-02 10:00:00,26.11111111111111,26.11111111111111,0.42,11.270000000000001,170.0,9.982000000000001,0.0,1013.9
2020-05-02 11:00:00,28.68333333333333,27.77777777777778,0.33,12.8317,140.0,10.368400000000001,0.0,1013.73
2020-05-02 12:00:00,28.88888888888889,27.83888888888889,0.31,12.88,160.0,9.982000000000001,0.0,1013.2
2020-05-02 13:00:00,30.0,29.077777777777783,0.34,11.270000000000001,150.0,9.982000000000001,0.0,1012.6
2020-05-02 14:00:00,29.966666666666665,28.377777777777776,0.24,10.8192,155.0,10.368400000000001,0.0,1012.03
2020-05-02 15:00:00,31.11111111111111,29.32222222222222,0.23,8.05,140.0,9.982000000000001,0.0,1011.3
2020-05-02 16:00:00,31.11111111111111,29.32222222222222,0.23,14.49,130.0,9.982000000000001,0.0,1010.6
2020-05-02 17:00:00,30.050000000000004,28.811111111111114,0.3,10.110800000000001,199.0,10.368400000000001,0.0,1010.14
2020-05-02 18:00:00,28.88888888888889,27.727777777777774,0.29,8.05,170.0,9.982000000000001,0.0,1009.6
2020-05-02 19:00:00,27.22222222222222,26.872222222222224,0.37,3.22,190.0,9.982000000000001,0.0,1009.1
2020-05-02 20:00:00,23.261111111111113,23.261111111111113,0.42,1.2558,9.0,10.368400000000001,0.0,1009.13
2020-05-02 21:00:00,18.88888888888889,18.88888888888889,0.65,3.22,200.0,9.982000000000001,0.0,1009.6
2020-05-02 22:00:00,18.333333333333332,18.333333333333332,0.63,0.0,0.0,16.1,0.0,1009.9
2020-05-02 23:00:00,18.055555555555557,18.055555555555557,0.64,3.22,70.0,15.520400000000002,0.0,1009.68
2020-05-03 00:00:00,16.666666666666668,16.666666666666668,0.78,0.0,0.0,16.1,0.0,1009.9
2020-05-03 01:00:00,16.11111111111111,16.11111111111111,0.67,11.270000000000001,190.0,16.1,0.0,1010.2
2020-05-03 02:00:00,20.58888888888889,20.58888888888889,0.48,17.9032,247.0,15.520400000000002,0.0,1009.41
2020-05-03 03:00:00,20.0,20.0,0.47,14.49,270.0,16.1,0.0,1008.9
2020-05-03 04:00:00,18.333333333333332,18.333333333333332,0.54,6.44,280.0,16.1,0.0,1008.7
2020-05-03 05:00:00,17.327777777777776,17.327777777777776,0.6,4.4436,259.0,15.150100000000002,0.0,1008.35
2020-05-03 06:00:00,17.77777777777778,17.77777777777778,0.6,4.83,0.0,9.982000000000001,0.0,1008.1
2020-05-03 07:00:00,18.88888888888889,18.88888888888889,0.65,8.05,140.0,11.270000000000001,0.0,1008.4
2020-05-03 08:00:00,20.97222222222222,20.97222222222222,0.59,10.513300000000001,180.0,11.0768,0.0,1008.9
2020-05-03 09:00:00,22.77777777777778,22.77777777777778,0.48,8.05,190.0,9.982000000000001,0.0,1009.2
2020-05-03 10:00:00,25.0,25.0,0.45,8.05,190.0,9.982000000000001,0.0,1009.0
2020-05-03 11:00:00,26.03888888888889,26.03888888888889,0.39,4.3631,186.0,10.368400000000001,0.0,1008.74
2020-05-03 12:00:00,27.22222222222222,26.872222222222224,0.37,4.83,210.0,9.982000000000001,0.0,1008.1
2020-05-03 13:00:00,27.77777777777778,27.077777777777776,0.33,4.83,130.0,9.982000000000001,0.0,1007.5
2020-05-03 14:00:00,27.866666666666664,27.12222222222222,0.33,7.438200000000001,180.0,10.368400000000001,0.0,1006.89
2020-05-03 15:00:00,30.0,28.827777777777776,0.31,3.22,250.0,9.982000000000001,0.0,1006.0
2020-05-03 16:00:00,30.0,28.555555555555557,0.27,3.22,110.0,9.982000000000001,0.0,1005.1
2020-05-03 17:00:00,28.922222222222224,27.75555555555555,0.29,3.3971,16.0,11.4471,0.0,1004.37
2020-05-03 18:00:00,27.22222222222222,26.64444444444444,0.32,4.83,150.0,11.270000000000001,0.0,1003.8
2020-05-03 19:00:00,26.11111111111111,26.11111111111111,0.34,4.83,120.0,11.270000000000001,0.0,1003.6
2020-05-03 20:00:00,22.983333333333334,22.983333333333334,0.44,2.2862,69.0,10.368400000000001,0.0,1003.85
2020-05-03 21:00:00,22.22222222222222,22.22222222222222,0.46,20.93,320.0,11.270000000000001,0.0,1004.3
2020-05-03 22:00:00,19.444444444444443,19.444444444444443,0.65,32.2,260.0,8.05,0.0,1006.4
2020-05-03 23:00:00,17.23888888888889,17.23888888888889,0.82,20.5436,276.0,14.2485,0.0,1007.34
2020-05-04 00:00:00,16.11111111111111,16.11111111111111,0.84,20.93,270.0,9.982000000000001,0.0,1009.5
2020-05-04 01:00:00,15.0,15.0,0.93,17.71,350.0,6.118,0.0,1008.6
2020-05-04 02:00:00,15.033333333333335,15.033333333333335,0.93,13.620600000000001,48.0,9.982000000000001,0.0,1006.1
2020-05-04 03:00:00,15.555555555555555,15.555555555555555,0.87,17.71,350.0,15.134000000000002,0.0,1004.7
2020-05-04 04:00:00,14.444444444444445,14.444444444444445,0.93,6.44,120.0,15.134000000000002,0.0,1005.7
2020-05-04 05:00:00,14.061111111111112,14.061111111111112,0.93,10.304000000000002,191.0,6.7137,0.0,1006.75
2020-05-04 06:00:00,13.88888888888889,13.88888888888889,0.93,4.83,210.0,6.118,0.0,1007.0
2020-05-04 07:00:00,15.0,15.0,0.93,9.66,250.0,8.05,0.0,1007.3
2020-05-04 08:00:00,17.188888888888886,17.188888888888886,0.83,10.7548,268.0,9.982000000000001,0.0,1007.32
2020-05-04 09:00:00,17.77777777777778,17.77777777777778,0.84,11.270000000000001,250.0,11.270000000000001,0.0,1007.1
2020-05-04 10:00:00,19.444444444444443,19.444444444444443,0.76,11.270000000000001,230.0,16.1,0.0,1007.0
2020-05-04 11:00:00,21.06111111111111,21.06111111111111,0.63,7.647500000000001,214.0,11.4471,0.0,1006.86
2020-05-04 12:00:00,22.22222222222222,22.22222222222222,0.59,12.88,240.0,11.270000000000001,0.0,1006.8
2020-05-04 13:00:00,22.22222222222222,22.22222222222222,0.59,12.88,280.0,11.270000000000001,0.0,1006.6
2020-05-04 14:00:00,22.255555555555556,22.255555555555556,0.58,13.9587,269.0,11.4471,0.0,1006.62
2020-05-04 15:00:00,22.77777777777778,22.77777777777778,0.57,12.88,270.0,11.270000000000001,0.0,1006.3
2020-05-04 16:00:00,22.77777777777778,22.77777777777778,0.53,16.1,280.0,11.270000000000001,0.0,1005.7
2020-05-04 17:00:00,22.811111111111114,22.811111111111114,0.52,14.699300000000003,288.0,11.4471,0.0,1005.72
2020-05-04 18:00:00,22.22222222222222,22.22222222222222,0.53,16.1,280.0,11.270000000000001,0.0,1005.6
2020-05-04 19:00:00,21.11111111111111,21.11111111111111,0.57,14.49,280.0,11.270000000000001,0.0,1005.6
2020-05-04 20:00:00,17.983333333333334,17.983333333333334,0.64,15.021300000000002,289.0,11.4471,0.0,1006.24
2020-05-04 21:00:00,16.11111111111111,16.11111111111111,0.72,9.66,290.0,9.982000000000001,0.0,1007.0
2020-05-04 22:00:00,15.0,15.0,0.78,6.44,290.0,16.1,0.0,1007.3
2020-05-04 23:00:00,14.583333333333334,14.583333333333334,0.75,2.9302,210.0,15.150100000000002,0.0,1007.62
2020-05-05 00:00:00,12.777777777777779,12.777777777777779,0.83,6.44,190.0,16.1,0.0,1007.9
2020-05-05 01:00:00,11.666666666666666,11.666666666666666,0.86,6.44,220.0,16.1,0.0,1007.9
2020-05-05 02:00:00,12.36111111111111,12.36111111111111,0.87,6.1502,224.0,15.150100000000002,0.0,1007.92
2020-05-05 03:00:00,10.555555555555555,10.555555555555555,0.89,3.22,190.0,15.134000000000002,0.0,1008.2
2020-05-05 04:00:00,10.555555555555555,10.555555555555555,0.89,6.44,200.0,9.982000000000001,0.0,1008.3
2020-05-05 05:00:00,10.416666666666666,10.416666666666666,0.93,6.0375000000000005,185.0,9.982000000000001,0.0,1008.32
2020-05-05 06:00:00,11.11111111111111,11.11111111111111,0.93,4.83,130.0,11.270000000000001,0.0,1008.5
2020-05-05 07:00:00,12.777777777777779,12.777777777777779,0.9,8.05,180.0,11.270000000000001,0.0,1008.6
2020-05-05 08:00:00,16.2,16.2,0.8,9.3702,194.0,11.4471,0.0,1009.11
2020-05-05 09:00:00,17.77777777777778,17.77777777777778,0.73,16.1,190.0,11.270000000000001,0.0,1009.4
2020-05-05 10:00:00,20.0,20.0,0.68,12.88,200.0,11.270000000000001,0.0,1009.4
2020-05-05 11:00:00,21.06111111111111,21.06111111111111,0.58,15.922900000000002,211.0,11.4471,0.0,1009.39
2020-05-05 12:00:00,22.22222222222222,22.22222222222222,0.53,20.93,200.0,11.270000000000001,0.0,1009.1
2020-05-05 13:00:00,22.77777777777778,22.77777777777778,0.53,17.71,190.0,11.270000000000001,0.0,1008.7
2020-05-05 14:00:00,23.83888888888889,23.83888888888889,0.45,17.693900000000003,212.0,10.368400000000001,0.0,1008.45
2020-05-05 15:00:00,25.0,25.0,0.45,22.540000000000003,200.0,9.982000000000001,0.0,1007.9
2020-05-05 16:00:00,25.0,25.0,0.36,22.540000000000003,210.0,9.982000000000001,0.0,1007.6
2020-05-05 17:00:00,24.894444444444446,24.894444444444446,0.31,19.9157,219.0,10.368400000000001,0.0,1007.39
2020-05-05 18:00:00,23.88888888888889,23.88888888888889,0.34,16.1,230.0,11.270000000000001,0.0,1007.2
2020-05-05 19:00:00,22.22222222222222,22.22222222222222,0.39,9.66,230.0,11.270000000000001,0.0,1007.0
2020-05-05 20:00:00,18.316666666666666,18.316666666666666,0.53,5.474,217.0,11.4471,0.0,1007.56
2020-05-05 21:00:00,17.22222222222222,17.22222222222222,0.54,4.83,200.0,9.982000000000001,0.0,1008.3
2020-05-05 22:00:00,16.11111111111111,16.11111111111111,0.65,6.44,180.0,16.1,0.0,1008.9
2020-05-05 23:00:00,15.294444444444444,15.294444444444444,0.7,6.1985,218.0,15.150100000000002,0.0,1009.23
2020-05-06 00:00:00,15.0,15.0,0.67,3.22,180.0,16.1,0.0,1009.6
2020-05-06 01:00:00,12.777777777777779,12.777777777777779,0.77,6.44,180.0,16.1,0.0,1010.3
2020-05-06 02:00:00,14.649999999999999,14.649999999999999,0.6,11.543700000000001,239.0,15.150100000000002,0.0,1010.64
2020-05-06 03:00:00,14.444444444444445,14.444444444444445,0.57,14.49,240.0,16.1,0.0,1010.7
2020-05-06 04:00:00,14.444444444444445,14.444444444444445,0.57,14.49,240.0,16.1,0.0,1011.0
2020-05-06 05:00:00,13.872222222222222,13.872222222222222,0.64,11.0929,229.0,15.150100000000002,0.0,1011.06
2020-05-06 06:00:00,12.777777777777779,12.777777777777779,0.72,11.270000000000001,210.0,9.982000000000001,0.0,1011.3
2020-05-06 07:00:00,15.0,15.0,0.62,16.1,220.0,9.982000000000001,0.0,1011.6
2020-05-06 08:00:00,17.255555555555556,17.255555555555556,0.58,12.863900000000001,210.0,10.368400000000001,0.0,1011.88
2020-05-06 09:00:00,20.0,20.0,0.45,22.540000000000003,230.0,9.982000000000001,0.0,1012.0
2020-05-06 10:00:00,22.22222222222222,22.22222222222222,0.39,22.540000000000003,240.0,9.982000000000001,0.0,1012.1
2020-05-06 11:00:00,22.672222222222224,22.672222222222224,0.38,21.1232,239.0,10.368400000000001,0.0,1012.33
2020-05-06 12:00:00,23.88888888888889,23.88888888888889,0.38,17.71,240.0,9.982000000000001,0.0,1012.3
2020-05-06 13:00:00,23.88888888888889,23.88888888888889,0.34,20.93,220.0,9.982000000000001,0.0,1012.1
2020-05-06 14:00:00,24.827777777777776,24.827777777777776,0.33,16.067800000000002,248.0,10.368400000000001,0.0,1012.05
2020-05-06 15:00:00,25.0,25.0,0.3,20.93,240.0,9.982000000000001,0.0,1011.8
2020-05-06 16:00:00,25.0,25.0,0.33,12.88,210.0,9.982000000000001,0.0,1011.4
2020-05-06 17:00:00,24.044444444444444,24.044444444444444,0.33,8.533,251.0,10.368400000000001,0.0,1010.86
2020-05-06 18:00:00,23.88888888888889,23.88888888888889,0.32,12.88,230.0,9.982000000000001,0.0,1010.8
2020-05-06 19:00:00,22.22222222222222,22.22222222222222,0.43,3.22,210.0,9.982000000000001,0.0,1010.7
2020-05-06 20:00:00,20.26111111111111,20.26111111111111,0.48,4.6851,151.0,10.368400000000001,0.0,1010.97
2020-05-06 21:00:00,17.77777777777778,17.77777777777778,0.6,3.22,160.0,9.982000000000001,0.0,1011.5
2020-05-06 22:00:00,18.333333333333332,18.333333333333332,0.58,3.22,230.0,16.1,0.0,1012.0
2020-05-06 23:00:00,17.466666666666665,17.466666666666665,0.65,6.5849,167.0,15.520400000000002,0.0,1012.39
2020-05-07 00:00:00,18.88888888888889,18.88888888888889,0.61,6.44,270.0,16.1,0.0,1012.5
2020-05-07 01:00:00,17.77777777777778,17.77777777777778,0.65,11.270000000000001,310.0,16.1,0.0,1012.7
2020-05-07 02:00:00,17.77777777777778,17.77777777777778,0.6,9.4024,321.0,15.520400000000002,0.0,1012.54
2020-05-07 03:00:00,16.666666666666668,16.666666666666668,0.67,6.44,330.0,16.1,0.0,1012.3
2020-05-07 04:00:00,17.22222222222222,17.22222222222222,0.65,6.44,310.0,16.1,0.0,1012.2
2020-05-07 05:00:00,16.683333333333334,16.683333333333334,0.65,3.1717,348.0,15.520400000000002,0.0,1012.47
2020-05-07 06:00:00,16.11111111111111,16.11111111111111,0.78,4.83,230.0,9.982000000000001,0.0,1012.9
2020-05-07 07:00:00,16.11111111111111,16.11111111111111,0.78,11.270000000000001,330.0,9.982000000000001,0.0,1013.3
2020-05-07 08:00:00,16.177777777777777,16.177777777777777,0.78,8.0822,352.0,10.368400000000001,0.0,1012.82
2020-05-07 09:00:00,17.22222222222222,17.22222222222222,0.72,4.83,320.0,11.270000000000001,0.0,1013.2
2020-05-07 10:00:00,16.11111111111111,16.11111111111111,0.81,9.66,320.0,11.270000000000001,0.0,1013.6
2020-05-07 11:00:00,15.32777777777778,15.32777777777778,0.86,8.9999,321.0,11.4471,0.0,1013.96
2020-05-07 12:00:00,16.11111111111111,16.11111111111111,0.81,4.83,350.0,11.270000000000001,0.0,1014.0
2020-05-07 13:00:00,16.11111111111111,16.11111111111111,0.87,12.88,40.0,11.270000000000001,0.0,1013.9
2020-05-07 14:00:00,16.43888888888889,16.43888888888889,0.86,9.209200000000001,63.0,11.4471,0.0,1013.25
2020-05-07 15:00:00,17.77777777777778,17.77777777777778,0.78,4.83,40.0,11.270000000000001,0.0,1013.1
2020-05-07 16:00:00,17.77777777777778,17.77777777777778,0.84,9.66,40.0,11.270000000000001,0.0,1012.6
2020-05-07 17:00:00,17.5,17.5,0.8,21.4613,287.0,11.4471,0.0,1012.39
2020-05-07 18:00:00,16.11111111111111,16.11111111111111,0.87,22.540000000000003,330.0,11.270000000000001,0.0,1012.9
2020-05-07 19:00:00,16.11111111111111,16.11111111111111,0.87,14.49,310.0,11.270000000000001,0.0,1013.8
2020-05-07 20:00:00,15.0,15.0,0.87,14.49,300.0,11.270000000000001,0.0,0.0
2020-05-07 21:00:00,13.88888888888889,13.88888888888889,0.93,12.88,290.0,11.270000000000001,0.0,1015.2
2020-05-07 22:00:00,13.88888888888889,13.88888888888889,0.9,11.270000000000001,290.0,16.1,0.0,1015.6
2020-05-07 23:00:00,13.93888888888889,13.93888888888889,0.91,11.237800000000002,269.0,15.150100000000002,0.0,1015.82
2020-05-08 00:00:00,13.88888888888889,13.88888888888889,0.93,11.270000000000001,280.0,15.134000000000002,0.0,1015.9
2020-05-08 01:00:00,13.88888888888889,13.88888888888889,0.9,14.49,280.0,16.1,0.0,1015.8
2020-05-08 02:00:00,13.350000000000001,13.350000000000001,0.94,13.5401,278.0,15.150100000000002,0.0,1015.58
2020-05-08 03:00:00,13.333333333333334,13.333333333333334,0.93,11.270000000000001,270.0,15.134000000000002,0.0,1015.8
2020-05-08 04:00:00,13.333333333333334,13.333333333333334,0.93,6.44,260.0,9.982000000000001,0.0,1015.9
2020-05-08 05:00:00,12.811111111111112,12.811111111111112,0.96,10.626,307.0,8.355900000000002,0.0,1015.9
2020-05-08 06:00:00,12.222222222222221,12.222222222222221,0.93,16.1,330.0,4.9910000000000005,0.0,1016.3
2020-05-08 07:00:00,11.11111111111111,11.11111111111111,0.93,16.1,0.0,8.05,0.0,1017.0
2020-05-08 08:00:00,12.288888888888888,12.288888888888888,0.87,12.735100000000001,339.0,11.0768,0.0,1017.41
2020-05-08 09:00:00,12.777777777777779,12.777777777777779,0.83,11.270000000000001,340.0,11.270000000000001,0.0,1018.0
2020-05-08 10:00:00,12.777777777777779,12.777777777777779,0.83,16.1,330.0,11.270000000000001,0.0,1018.2
2020-05-08 11:00:00,13.994444444444444,13.994444444444444,0.78,12.348700000000001,12.0,11.4471,0.0,1018.68
2020-05-08 12:00:00,15.0,15.0,0.78,11.270000000000001,310.0,11.270000000000001,0.0,1019.0
2020-05-08 13:00:00,16.11111111111111,16.11111111111111,0.67,8.05,350.0,11.270000000000001,0.0,1018.7
2020-05-08 14:00:00,16.183333333333334,16.183333333333334,0.67,5.2969,11.0,11.4471,0.0,1018.68
2020-05-08 15:00:00,17.22222222222222,17.22222222222222,0.67,3.22,290.0,11.270000000000001,0.0,1018.4
2020-05-08 16:00:00,17.77777777777778,17.77777777777778,0.6,4.83,140.0,11.270000000000001,0.0,1018.4
2020-05-08 17:00:00,18.88888888888889,18.88888888888889,0.55,2.0930000000000004,123.0,11.4471,0.0,1018.04
2020-05-08 18:00:00,18.88888888888889,18.88888888888889,0.56,0.0,0.0,11.270000000000001,0.0,1017.9
2020-05-08 19:00:00,17.22222222222222,17.22222222222222,0.67,8.05,130.0,11.270000000000001,0.0,1017.8
2020-05-08 20:00:00,16.183333333333334,16.183333333333334,0.7,7.406,107.0,10.368400000000001,0.0,1018.18
2020-05-08 21:00:00,15.0,15.0,0.78,11.270000000000001,120.0,9.982000000000001,0.0,1018.6
2020-05-08 22:00:00,13.333333333333334,13.333333333333334,0.83,6.44,130.0,16.1,0.0,1019.2
2020-05-08 23:00:00,11.83888888888889,11.83888888888889,0.86,6.327300000000001,135.0,15.150100000000002,0.0,1019.28
2020-05-09 00:00:00,11.11111111111111,11.11111111111111,0.86,6.44,160.0,16.1,0.0,1019.7
2020-05-09 01:00:00,10.555555555555555,10.555555555555555,0.89,3.22,160.0,16.1,0.0,1019.8
2020-05-09 02:00:00,10.605555555555558,10.605555555555558,0.93,5.7477,124.0,14.329,0.0,1019.91
2020-05-09 03:00:00,10.555555555555555,10.555555555555555,0.93,6.44,100.0,9.982000000000001,0.0,1019.9
2020-05-09 04:00:00,9.444444444444445,9.444444444444445,0.96,3.22,110.0,8.05,0.0,1019.9
2020-05-09 05:00:00,9.894444444444446,9.894444444444446,0.94,2.8497000000000003,109.0,7.985600000000001,0.0,1020.09
2020-05-09 06:00:00,12.222222222222221,12.222222222222221,0.86,8.05,110.0,6.118,0.0,1020.3
2020-05-09 07:00:00,12.777777777777779,12.777777777777779,0.9,8.05,110.0,11.270000000000001,0.0,1020.6
2020-05-09 08:00:00,13.716666666666665,13.716666666666665,0.8,8.8389,115.0,10.513300000000001,0.0,1020.99
2020-05-09 09:00:00,15.0,15.0,0.78,9.66,130.0,9.982000000000001,0.0,1021.3
2020-05-09 10:00:00,17.22222222222222,17.22222222222222,0.67,8.05,120.0,11.270000000000001,0.0,1021.3
2020-05-09 11:00:00,18.96111111111111,18.96111111111111,0.6,1.6583,169.0,11.4471,0.0,1021.36
2020-05-09 12:00:00,20.0,20.0,0.61,8.05,130.0,11.270000000000001,0.0,1021.2
2020-05-09 13:00:00,21.11111111111111,21.11111111111111,0.49,4.83,90.0,11.270000000000001,0.0,1021.0
2020-05-09 14:00:00,22.17222222222222,22.17222222222222,0.45,3.3971,26.0,11.4471,0.0,1020.68
2020-05-09 15:00:00,22.22222222222222,22.22222222222222,0.38,8.05,50.0,9.982000000000001,0.0,1020.6
2020-05-09 16:00:00,22.77777777777778,22.77777777777778,0.38,9.66,40.0,9.982000000000001,0.0,1020.3
2020-05-09 17:00:00,22.15555555555555,22.15555555555555,0.39,11.0929,59.0,10.368400000000001,0.0,1020.22
2020-05-09 18:00:00,22.22222222222222,22.22222222222222,0.38,4.83,310.0,9.982000000000001,0.0,1020.2
2020-05-09 19:00:00,21.11111111111111,21.11111111111111,0.42,9.66,50.0,9.982000000000001,0.0,1020.3
2020-05-09 20:00:00,18.93888888888889,18.93888888888889,0.51,7.228900000000001,69.0,10.368400000000001,0.0,1020.78
2020-05-09 21:00:00,16.11111111111111,16.11111111111111,0.67,8.05,70.0,9.982000000000001,0.0,1021.3
2020-05-09 22:00:00,15.555555555555555,15.555555555555555,0.67,6.44,70.0,16.1,0.0,1021.7
2020-05-09 23:00:00,14.444444444444445,14.444444444444445,0.75,2.8175000000000003,198.0,15.150100000000002,0.0,1022.1
2020-05-10 00:00:00,12.222222222222221,12.222222222222221,0.83,0.0,0.0,16.1,0.0,1022.8
2020-05-10 01:00:00,11.666666666666666,11.666666666666666,0.9,0.0,0.0,16.1,0.0,1023.1
2020-05-10 02:00:00,11.144444444444446,11.144444444444446,0.89,3.22,20.0,15.150100000000002,0.0,1023.28
2020-05-10 03:00:00,10.555555555555555,10.555555555555555,0.93,3.22,0.0,16.1,0.0,1023.4
2020-05-10 04:00:00,10.0,10.0,0.93,3.22,330.0,16.1,0.0,1023.7
2020-05-10 05:00:00,10.0,10.0,0.96,3.22,29.0,15.150100000000002,0.0,1023.87
2020-05-10 06:00:00,11.11111111111111,11.11111111111111,0.93,4.83,330.0,9.982000000000001,0.0,1024.1
2020-05-10 07:00:00,13.88888888888889,13.88888888888889,0.83,4.83,330.0,9.982000000000001,0.0,1024.7
2020-05-10 08:00:00,17.76111111111111,17.76111111111111,0.72,4.7334000000000005,23.0,9.982000000000001,0.0,1024.98
2020-05-10 09:00:00,20.0,20.0,0.57,4.83,50.0,9.982000000000001,0.0,1025.4
2020-05-10 10:00:00,22.22222222222222,22.22222222222222,0.49,8.05,50.0,11.270000000000001,0.0,1025.4
2020-05-10 11:00:00,22.744444444444444,22.744444444444444,0.41,9.3702,14.0,11.4471,0.0,1025.58
2020-05-10 12:00:00,22.77777777777778,22.77777777777778,0.41,12.88,70.0,9.982000000000001,0.0,1025.3
2020-05-10 13:00:00,23.88888888888889,23.88888888888889,0.38,11.270000000000001,80.0,9.982000000000001,0.0,1025.2
2020-05-10 14:00:00,24.81111111111111,24.81111111111111,0.33,9.032100000000002,15.0,10.368400000000001,0.0,1024.96
2020-05-10 15:00:00,25.0,25.0,0.36,8.05,20.0,9.982000000000001,0.0,1024.7
2020-05-10 16:00:00,25.0,25.0,0.39,8.05,340.0,9.982000000000001,0.0,1024.1
2020-05-10 17:00:00,25.0,25.0,0.35,10.143,30.0,10.368400000000001,0.0,1023.79
2020-05-10 18:00:00,23.88888888888889,23.88888888888889,0.41,9.66,20.0,9.982000000000001,0.0,1023.7
2020-05-10 19:00:00,22.77777777777778,22.77777777777778,0.41,3.22,40.0,9.982000000000001,0.0,1023.7
2020-05-10 20:00:00,20.361111111111114,20.361111111111114,0.54,1.7549000000000001,47.0,10.368400000000001,0.0,1024.0
2020-05-10 21:00:00,17.77777777777778,17.77777777777778,0.65,0.0,0.0,9.982000000000001,0.0,1024.8
2020-05-10 22:00:00,16.666666666666668,16.666666666666668,0.7,0.0,0.0,16.1,0.0,1025.3
2020-05-10 23:00:00,15.555555555555555,15.555555555555555,0.75,2.8658,213.0,15.150100000000002,0.0,1025.55
2020-05-11 00:00:00,13.88888888888889,13.88888888888889,0.83,0.0,0.0,16.1,0.0,1025.6
2020-05-11 01:00:00,13.88888888888889,13.88888888888889,0.83,6.44,0.0,16.1,0.0,1025.8
2020-05-11 02:00:00,13.299999999999999,13.299999999999999,0.83,3.1556,6.0,15.150100000000002,0.0,1025.95
2020-05-11 03:00:00,12.222222222222221,12.222222222222221,0.86,3.22,340.0,16.1,0.0,1025.9
2020-05-11 04:00:00,12.222222222222221,12.222222222222221,0.9,3.22,340.0,16.1,0.0,1026.0
2020-05-11 05:00:00,10.866666666666667,10.866666666666667,0.92,3.4937,343.0,15.150100000000002,0.0,1025.8
2020-05-11 06:00:00,12.222222222222221,12.222222222222221,0.86,3.22,330.0,9.982000000000001,0.0,1025.9
2020-05-11 07:00:00,17.22222222222222,17.22222222222222,0.75,1.61,350.0,9.982000000000001,0.0,1026.3
2020-05-11 08:00:00,20.866666666666667,20.866666666666667,0.57,4.7656,15.0,10.368400000000001,0.0,1026.39
2020-05-11 09:00:00,22.77777777777778,22.77777777777778,0.51,8.05,350.0,9.982000000000001,0.0,1026.6
2020-05-11 10:00:00,23.88888888888889,23.88888888888889,0.38,9.66,0.0,9.982000000000001,0.0,1026.5
2020-05-11 11:00:00,26.04444444444444,26.04444444444444,0.34,7.8084999999999996,24.0,10.368400000000001,0.0,1026.35
2020-05-11 12:00:00,26.11111111111111,26.11111111111111,0.34,4.83,0.0,9.982000000000001,0.0,1026.2
2020-05-11 13:00:00,27.22222222222222,26.733333333333334,0.34,4.83,270.0,9.982000000000001,0.0,1025.7
2020-05-11 14:00:00,27.744444444444444,27.016666666666666,0.32,5.9892,5.0,10.368400000000001,0.0,1025.12
2020-05-11 15:00:00,27.77777777777778,27.077777777777776,0.33,8.05,350.0,9.982000000000001,0.0,1024.7
2020-05-11 16:00:00,27.77777777777778,26.849999999999998,0.28,4.83,30.0,9.982000000000001,0.0,1024.1
2020-05-11 17:00:00,27.82777777777778,27.077777777777776,0.32,4.4114,354.0,10.368400000000001,0.0,1023.73
2020-05-11 18:00:00,27.77777777777778,26.98333333333333,0.31,3.22,330.0,9.982000000000001,0.0,1023.5
2020-05-11 19:00:00,26.11111111111111,26.11111111111111,0.47,3.22,20.0,9.982000000000001,0.0,1022.9
2020-05-11 20:00:00,22.672222222222224,22.672222222222224,0.55,0.3542,36.0,10.368400000000001,0.0,1022.73
2020-05-11 21:00:00,18.88888888888889,18.88888888888889,0.73,0.0,0.0,9.982000000000001,0.0,1023.0
2020-05-11 22:00:00,18.88888888888889,18.88888888888889,0.68,0.0,0.0,16.1,0.0,1023.0
2020-05-11 23:00:00,17.516666666666666,17.516666666666666,0.72,3.059,294.0,15.520400000000002,0.0,1023.13
2020-05-12 00:00:00,16.666666666666668,16.666666666666668,0.75,0.0,0.0,16.1,0.0,1022.9
2020-05-12 01:00:00,15.0,15.0,0.83,3.22,290.0,16.1,0.0,1022.7
2020-05-12 02:00:00,15.13888888888889,15.13888888888889,0.81,6.230700000000001,302.0,15.520400000000002,0.0,1022.41
2020-05-12 03:00:00,14.444444444444445,14.444444444444445,0.8,0.0,0.0,9.982000000000001,0.0,1021.7
2020-05-12 04:00:00,12.777777777777779,12.777777777777779,0.9,0.0,0.0,15.134000000000002,0.0,1021.5
2020-05-12 05:00:00,12.983333333333333,12.983333333333333,0.89,5.152000000000001,270.0,14.715400000000002,0.0,1021.06
2020-05-12 06:00:00,13.88888888888889,13.88888888888889,0.9,8.05,270.0,9.982000000000001,0.0,1020.5
2020-05-12 07:00:00,18.88888888888889,18.88888888888889,0.68,0.0,0.0,9.982000000000001,0.0,1020.3
2020-05-12 08:00:00,22.116666666666667,22.116666666666667,0.5,2.898,354.0,10.368400000000001,0.0,1020.02
2020-05-12 09:00:00,25.0,25.0,0.45,1.61,180.0,9.982000000000001,0.0,1019.9
2020-05-12 10:00:00,26.11111111111111,26.11111111111111,0.47,4.83,180.0,9.982000000000001,0.0,1019.7
2020-05-12 11:00:00,27.22222222222222,26.833333333333332,0.36,4.459700000000001,182.0,10.368400000000001,0.0,1019.39
2020-05-12 12:00:00,27.77777777777778,27.077777777777776,0.33,8.05,260.0,9.982000000000001,0.0,1018.8
2020-05-12 13:00:00,28.88888888888889,28.172222222222217,0.36,9.66,210.0,9.982000000000001,0.0,1018.3
2020-05-12 14:00:00,28.90555555555555,27.82222222222222,0.3,2.6404,175.0,10.368400000000001,0.0,1017.67
2020-05-12 15:00:00,30.0,28.68333333333333,0.29,4.83,300.0,9.982000000000001,0.0,1016.8
2020-05-12 16:00:00,30.0,28.827777777777776,0.31,9.66,300.0,9.982000000000001,0.0,1016.1
2020-05-12 17:00:00,29.93333333333333,28.59444444444445,0.29,12.042800000000002,309.0,10.368400000000001,0.0,1015.62
2020-05-12 18:00:00,28.88888888888889,27.83888888888889,0.31,11.270000000000001,310.0,9.982000000000001,0.0,1015.1
2020-05-12 19:00:00,26.11111111111111,26.11111111111111,0.39,12.88,330.0,9.982000000000001,0.0,1015.0
2020-05-12 20:00:00,24.250000000000004,24.250000000000004,0.46,3.1878,318.0,10.368400000000001,0.0,1015.19
2020-05-12 21:00:00,22.22222222222222,22.22222222222222,0.59,28.98,320.0,7.084000000000001,0.0,1015.9
2020-05-12 22:00:00,20.555555555555557,20.555555555555557,0.68,32.2,320.0,7.084000000000001,0.0,1017.1
2020-05-12 23:00:00,18.383333333333336,18.383333333333336,0.68,31.105200000000004,321.0,9.982000000000001,0.0,1018.12
2020-05-13 00:00:00,15.555555555555555,15.555555555555555,0.72,40.25,320.0,9.982000000000001,0.0,1019.1
2020-05-13 01:00:00,12.777777777777779,12.777777777777779,0.9,35.42,330.0,9.982000000000001,0.0,1019.9
2020-05-13 02:00:00,12.86111111111111,12.86111111111111,0.92,21.7833,358.0,5.0071,0.0,1020.16
2020-05-13 03:00:00,11.666666666666666,11.666666666666666,0.93,20.93,10.0,6.118,0.0,1020.4
2020-05-13 04:00:00,10.555555555555555,10.555555555555555,0.93,25.76,0.0,8.05,0.0,1020.5
2020-05-13 05:00:00,9.566666666666666,5.911111111111111,0.9,31.668700000000005,359.0,6.166300000000001,0.0,1021.07
2020-05-13 06:00:00,8.88888888888889,5.338888888888889,0.93,27.37,0.0,11.270000000000001,0.0,1022.1
2020-05-13 07:00:00,10.0,7.022222222222222,0.86,24.150000000000002,350.0,11.270000000000001,0.0,1022.8
2020-05-13 08:00:00,9.911111111111113,7.000000000000001,0.85,23.087400000000002,358.0,11.0768,0.0,1023.35
2020-05-13 09:00:00,8.88888888888889,5.466666666666669,0.89,25.76,10.0,11.270000000000001,0.0,1023.8
2020-05-13 10:00:00,8.88888888888889,5.466666666666669,0.83,25.76,10.0,11.270000000000001,0.0,1024.0
2020-05-13 11:00:00,8.922222222222224,5.977777777777777,0.85,20.5436,358.0,10.513300000000001,0.0,1024.11
2020-05-13 12:00:00,10.0,7.799999999999999,0.83,16.1,0.0,11.270000000000001,0.0,1023.7
2020-05-13 13:00:00,11.11111111111111,11.11111111111111,0.71,20.93,350.0,11.270000000000001,0.0,1023.3
2020-05-13 14:00:00,11.97777777777778,11.97777777777778,0.69,17.0177,356.0,11.0768,0.0,1022.74
2020-05-13 15:00:00,12.777777777777779,12.777777777777779,0.59,22.540000000000003,20.0,11.270000000000001,0.0,1022.0
2020-05-13 16:00:00,12.777777777777779,12.777777777777779,0.59,14.49,20.0,11.270000000000001,0.0,1021.3
2020-05-13 17:00:00,12.711111111111112,12.711111111111112,0.59,13.910400000000001,350.0,11.4471,0.0,1020.94
2020-05-13 18:00:00,12.777777777777779,12.777777777777779,0.69,11.270000000000001,340.0,11.270000000000001,0.0,1020.4
2020-05-13 19:00:00,12.777777777777779,12.777777777777779,0.64,12.88,350.0,11.270000000000001,0.0,1020.3
2020-05-13 20:00:00,12.100000000000001,12.100000000000001,0.73,8.758400000000002,338.0,11.4471,0.0,1020.23
2020-05-13 21:00:00,11.11111111111111,11.11111111111111,0.77,4.83,10.0,9.982000000000001,0.0,1020.3
2020-05-13 22:00:00,11.666666666666666,11.666666666666666,0.74,6.44,10.0,16.1,0.0,1020.1
2020-05-13 23:00:00,11.544444444444444,11.544444444444444,0.67,10.2074,4.0,15.150100000000002,0.0,1019.73
2020-05-14 00:00:00,11.11111111111111,11.11111111111111,0.59,14.49,20.0,16.1,0.0,1019.3
2020-05-14 01:00:00,10.555555555555555,10.555555555555555,0.61,17.71,10.0,16.1,0.0,1018.8
2020-05-14 02:00:00,9.494444444444447,7.094444444444446,0.68,16.7762,8.0,15.150100000000002,0.0,1018.06
2020-05-14 03:00:00,9.444444444444445,6.927777777777777,0.66,17.71,10.0,16.1,0.0,1017.4
2020-05-14 04:00:00,9.444444444444445,6.600000000000001,0.68,20.93,0.0,16.1,0.0,1016.7
2020-05-14 05:00:00,9.322222222222223,6.844444444444445,0.7,17.0821,9.0,15.150100000000002,0.0,1016.32
2020-05-14 06:00:00,8.88888888888889,6.2333333333333325,0.71,17.71,20.0,9.982000000000001,0.0,1015.7
2020-05-14 07:00:00,8.88888888888889,6.2333333333333325,0.77,17.71,20.0,11.270000000000001,0.0,1015.9
2020-05-14 08:00:00,7.883333333333332,5.050000000000002,0.89,17.0821,8.0,10.5616,0.0,1015.71
2020-05-14 09:00:00,7.777777777777778,5.044444444444443,0.96,16.1,20.0,8.05,0.0,1015.5
2020-05-14 10:00:00,8.88888888888889,6.849999999999999,0.89,12.88,40.0,11.270000000000001,0.0,1015.5
2020-05-14 11:00:00,8.872222222222222,6.772222222222221,0.94,13.2664,31.0,10.513300000000001,0.0,1015.26
2020-05-14 12:00:00,8.88888888888889,6.2333333333333325,0.93,17.71,40.0,6.118,0.0,1015.2
2020-05-14 13:00:00,10.0,7.622222222222222,0.93,17.71,40.0,11.270000000000001,0.0,1014.9
2020-05-14 14:00:00,10.0,8.294444444444444,0.93,12.2199,51.0,7.5348,0.0,1014.53
2020-05-14 15:00:00,11.11111111111111,11.11111111111111,0.86,11.270000000000001,100.0,9.016,0.0,1014.2
2020-05-14 16:00:00,11.11111111111111,11.11111111111111,0.93,12.88,110.0,11.270000000000001,0.0,1013.8
2020-05-14 17:00:00,10.988888888888889,10.988888888888889,0.88,12.799500000000002,100.0,11.0768,0.0,1013.8
2020-05-14 18:00:00,11.11111111111111,11.11111111111111,0.93,11.270000000000001,100.0,11.270000000000001,0.0,1013.6
2020-05-14 19:00:00,11.11111111111111,11.11111111111111,0.86,9.66,100.0,11.270000000000001,0.0,1013.5
2020-05-14 20:00:00,10.050000000000002,10.050000000000002,0.93,7.905100000000001,117.0,11.0768,0.0,1013.61
2020-05-14 21:00:00,10.0,10.0,0.93,1.61,70.0,11.270000000000001,0.0,1013.6
2020-05-14 22:00:00,10.555555555555555,10.555555555555555,0.89,0.0,0.0,12.075000000000001,0.0,1013.4
2020-05-14 23:00:00,9.966666666666665,9.966666666666665,0.96,3.703,29.0,9.982000000000001,0.0,1013.12
2020-05-15 00:00:00,10.555555555555555,10.555555555555555,0.93,6.44,30.0,15.134000000000002,0.0,1012.9
2020-05-15 01:00:00,10.0,9.372222222222222,0.96,6.44,10.0,15.134000000000002,0.0,1012.3
2020-05-15 02:00:00,10.0,9.383333333333333,0.93,6.391700000000001,357.0,13.9587,0.0,1011.57
2020-05-15 03:00:00,10.0,8.438888888888888,0.93,11.270000000000001,0.0,16.1,0.0,1010.9
2020-05-15 04:00:00,9.444444444444445,7.766666666666664,0.93,11.270000000000001,0.0,15.134000000000002,0.0,1010.4
2020-05-15 05:00:00,9.47777777777778,7.88888888888889,0.94,10.787,359.0,9.6117,0.0,1010.11
2020-05-15 06:00:00,10.0,8.438888888888888,0.93,11.270000000000001,0.0,11.270000000000001,0.0,1010.3
2020-05-15 07:00:00,10.0,8.438888888888888,0.93,11.270000000000001,0.0,11.270000000000001,0.0,1010.2
2020-05-15 08:00:00,10.088888888888887,10.088888888888887,0.93,11.253900000000002,8.0,11.0768,0.0,1010.11
2020-05-15 09:00:00,11.11111111111111,11.11111111111111,0.86,12.88,0.0,11.270000000000001,0.0,1010.3
2020-05-15 10:00:00,12.222222222222221,12.222222222222221,0.8,11.270000000000001,0.0,11.270000000000001,0.0,1010.2
2020-05-15 11:00:00,12.188888888888888,12.188888888888888,0.87,11.012400000000001,0.0,11.0768,0.0,1010.35
2020-05-15 12:00:00,12.777777777777779,12.777777777777779,0.83,12.88,350.0,11.270000000000001,0.0,1010.1
2020-05-15 13:00:00,12.777777777777779,12.777777777777779,0.9,9.66,10.0,11.270000000000001,0.0,1010.0
2020-05-15 14:00:00,12.82777777777778,12.82777777777778,0.9,14.3934,340.0,11.0768,0.0,1009.39
2020-05-15 15:00:00,13.88888888888889,13.88888888888889,0.83,12.88,350.0,11.270000000000001,0.0,1009.0
2020-05-15 16:00:00,13.88888888888889,13.88888888888889,0.77,12.88,0.0,11.270000000000001,0.0,1008.7
2020-05-15 17:00:00,13.855555555555554,13.855555555555554,0.83,10.8031,331.0,11.0768,0.0,1008.54
2020-05-15 18:00:00,12.777777777777779,12.777777777777779,0.9,9.66,330.0,11.270000000000001,0.0,1008.3
2020-05-15 19:00:00,12.777777777777779,12.777777777777779,0.9,9.66,340.0,11.270000000000001,0.0,1008.1
2020-05-15 20:00:00,12.82777777777778,12.82777777777778,0.9,7.792400000000001,320.0,11.0768,0.0,1008.22
2020-05-15 21:00:00,12.777777777777779,12.777777777777779,0.9,3.22,340.0,11.270000000000001,0.0,1008.4
2020-05-15 22:00:00,12.777777777777779,12.777777777777779,0.9,3.22,280.0,15.134000000000002,0.0,1008.7
2020-05-15 23:00:00,12.272222222222224,12.272222222222224,0.93,6.923,280.0,11.753,0.0,1008.23
2020-05-16 00:00:00,12.222222222222221,12.222222222222221,0.9,6.44,270.0,12.075000000000001,0.0,1007.9
2020-05-16 01:00:00,12.222222222222221,12.222222222222221,0.9,11.270000000000001,280.0,12.075000000000001,0.0,1007.5
2020-05-16 02:00:00,12.272222222222224,12.272222222222224,0.87,12.992700000000001,289.0,11.753,0.0,1007.06
2020-05-16 03:00:00,12.222222222222221,12.222222222222221,0.83,14.49,290.0,12.075000000000001,0.0,1006.6
2020-05-16 04:00:00,11.666666666666666,11.666666666666666,0.86,14.49,290.0,12.075000000000001,0.0,1006.6
2020-05-16 05:00:00,11.755555555555553,11.755555555555553,0.84,10.8031,299.0,14.329,0.0,1006.66
2020-05-16 06:00:00,12.222222222222221,12.222222222222221,0.8,12.88,290.0,9.982000000000001,0.0,1006.6
2020-05-16 07:00:00,12.222222222222221,12.222222222222221,0.8,17.71,300.0,9.982000000000001,0.0,1006.8
2020-05-16 08:00:00,12.777777777777779,12.777777777777779,0.78,16.8084,308.0,9.982000000000001,0.0,1007.05
2020-05-16 09:00:00,13.88888888888889,13.88888888888889,0.72,17.71,310.0,9.982000000000001,0.0,1007.0
2020-05-16 10:00:00,13.88888888888889,13.88888888888889,0.67,22.540000000000003,310.0,9.982000000000001,0.0,1007.0
2020-05-16 11:00:00,15.92222222222222,15.92222222222222,0.62,15.955100000000002,309.0,11.0768,0.0,1006.97
2020-05-16 12:00:00,17.22222222222222,17.22222222222222,0.58,16.1,330.0,11.270000000000001,0.0,1007.0
2020-05-16 13:00:00,17.22222222222222,17.22222222222222,0.58,20.93,310.0,11.270000000000001,0.0,1007.0
2020-05-16 14:00:00,17.744444444444444,17.744444444444444,0.54,15.536500000000002,317.0,11.4471,0.0,1006.78
2020-05-16 15:00:00,17.77777777777778,17.77777777777778,0.52,17.71,320.0,11.270000000000001,0.0,1006.6
2020-05-16 16:00:00,17.77777777777778,17.77777777777778,0.56,14.49,330.0,11.270000000000001,0.0,1006.3
2020-05-16 17:00:00,17.41111111111111,17.41111111111111,0.63,9.064300000000001,30.0,11.4471,0.0,1006.25
2020-05-16 18:00:00,15.0,15.0,0.83,22.540000000000003,20.0,11.270000000000001,0.0,1006.2
2020-05-16 19:00:00,12.777777777777779,12.777777777777779,0.9,22.540000000000003,50.0,11.270000000000001,0.0,1007.0
2020-05-16 20:00:00,12.550000000000002,12.550000000000002,0.8,23.167900000000003,47.0,11.0768,0.0,1007.91
2020-05-16 21:00:00,11.11111111111111,11.11111111111111,0.86,24.150000000000002,50.0,11.270000000000001,0.0,1008.9
2020-05-16 22:00:00,11.11111111111111,11.11111111111111,0.86,14.49,30.0,15.134000000000002,0.0,1009.6
2020-05-16 23:00:00,10.605555555555558,10.605555555555558,0.87,11.286100000000001,4.0,14.329,0.0,1009.91
2020-05-17 00:00:00,10.555555555555555,10.555555555555555,0.89,14.49,350.0,15.134000000000002,0.0,1009.9
2020-05-17 01:00:00,10.555555555555555,10.555555555555555,0.86,14.49,340.0,16.1,0.0,1010.2
2020-05-17 02:00:00,10.52222222222222,10.52222222222222,0.87,14.3612,330.0,14.329,0.0,1010.18
2020-05-17 03:00:00,10.555555555555555,10.555555555555555,0.86,14.49,330.0,16.1,0.0,1010.3
2020-05-17 04:00:00,10.555555555555555,10.555555555555555,0.86,14.49,330.0,16.1,0.0,1010.4
2020-05-17 05:00:00,10.505555555555553,10.505555555555553,0.79,20.334300000000002,338.0,15.150100000000002,0.0,1010.72
2020-05-17 06:00:00,10.0,7.305555555555555,0.77,20.93,320.0,9.982000000000001,0.0,1011.2
2020-05-17 07:00:00,10.0,7.305555555555555,0.71,20.93,330.0,9.982000000000001,0.0,1011.7
2020-05-17 08:00:00,11.944444444444445,11.944444444444445,0.72,26.0176,330.0,9.982000000000001,0.0,1012.41
2020-05-17 09:00:00,12.222222222222221,12.222222222222221,0.66,24.150000000000002,340.0,9.982000000000001,0.0,1013.0
2020-05-17 10:00:00,12.222222222222221,12.222222222222221,0.66,27.37,340.0,9.982000000000001,0.0,1013.7
2020-05-17 11:00:00,12.744444444444444,12.744444444444444,0.63,23.2967,330.0,11.4471,0.0,1014.16
2020-05-17 12:00:00,12.777777777777779,12.777777777777779,0.59,24.150000000000002,330.0,11.270000000000001,0.0,1014.6
2020-05-17 13:00:00,12.777777777777779,12.777777777777779,0.59,16.1,350.0,11.270000000000001,0.0,1014.6
2020-05-17 14:00:00,13.005555555555553,13.005555555555553,0.66,13.7977,60.0,11.4471,0.0,1014.83
2020-05-17 15:00:00,12.222222222222221,12.222222222222221,0.66,14.49,70.0,11.270000000000001,0.0,1015.4
2020-05-17 16:00:00,12.777777777777779,12.777777777777779,0.69,8.05,60.0,11.270000000000001,0.0,1015.7
2020-05-17 17:00:00,12.82777777777778,12.82777777777778,0.64,7.921200000000001,4.0,11.4471,0.0,1015.5
2020-05-17 18:00:00,12.777777777777779,12.777777777777779,0.69,11.270000000000001,60.0,11.270000000000001,0.0,1015.6
2020-05-17 19:00:00,12.222222222222221,12.222222222222221,0.66,12.88,40.0,11.270000000000001,0.0,1016.1
2020-05-17 20:00:00,12.272222222222224,12.272222222222224,0.62,8.8228,56.0,11.4471,0.0,1016.7
2020-05-17 21:00:00,11.11111111111111,11.11111111111111,0.71,4.83,40.0,11.270000000000001,0.0,1017.2
2020-05-17 22:00:00,10.555555555555555,10.555555555555555,0.74,3.22,20.0,16.1,0.0,1017.6
2020-05-17 23:00:00,10.105555555555554,10.105555555555554,0.8,6.0697,351.0,15.150100000000002,0.0,1017.89
2020-05-18 00:00:00,10.0,9.372222222222222,0.83,6.44,330.0,16.1,0.0,1018.0
2020-05-18 01:00:00,10.0,9.372222222222222,0.8,6.44,320.0,16.1,0.0,1018.1
2020-05-18 02:00:00,9.444444444444445,8.622222222222225,0.83,6.8747,324.0,15.150100000000002,0.0,1018.3
2020-05-18 03:00:00,9.444444444444445,8.733333333333333,0.8,6.44,330.0,16.1,0.0,1018.5
2020-05-18 04:00:00,7.777777777777778,5.761111111111109,0.86,11.270000000000001,340.0,16.1,0.0,1018.6
2020-05-18 05:00:00,7.638888888888889,5.68888888888889,0.79,10.722600000000002,348.0,9.982000000000001,0.0,1018.57
2020-05-18 06:00:00,8.88888888888889,7.383333333333332,0.66,9.66,0.0,9.982000000000001,0.0,1018.7
2020-05-18 07:00:00,10.0,8.205555555555557,0.58,12.88,0.0,11.270000000000001,0.0,1018.6
2020-05-18 08:00:00,11.127777777777778,11.127777777777778,0.6,16.856700000000004,26.0,11.4471,0.0,1018.92
2020-05-18 09:00:00,12.222222222222221,12.222222222222221,0.57,14.49,30.0,9.982000000000001,0.0,1019.1
2020-05-18 10:00:00,12.777777777777779,12.777777777777779,0.51,14.49,0.0,9.982000000000001,0.0,1019.1
2020-05-18 11:00:00,13.994444444444444,13.994444444444444,0.5,12.2521,5.0,11.4471,0.0,1019.08
2020-05-18 12:00:00,16.11111111111111,16.11111111111111,0.48,11.270000000000001,10.0,11.270000000000001,0.0,1018.8
2020-05-18 13:00:00,17.22222222222222,17.22222222222222,0.48,14.49,20.0,11.270000000000001,0.0,1018.4
2020-05-18 14:00:00,16.3,16.3,0.47,15.0374,29.0,11.4471,0.0,1018.1
2020-05-18 15:00:00,17.22222222222222,17.22222222222222,0.48,14.49,10.0,11.270000000000001,0.0,1017.8
2020-05-18 16:00:00,17.22222222222222,17.22222222222222,0.44,11.270000000000001,70.0,11.270000000000001,0.0,1017.6
2020-05-18 17:00:00,17.188888888888886,17.188888888888886,0.47,10.8031,29.0,11.4471,0.0,1017.53
2020-05-18 18:00:00,17.77777777777778,17.77777777777778,0.43,1.61,70.0,11.270000000000001,0.0,1017.4
2020-05-18 19:00:00,17.22222222222222,17.22222222222222,0.48,4.83,80.0,11.270000000000001,0.0,1017.2
2020-05-18 20:00:00,15.13888888888889,15.13888888888889,0.59,3.22,141.0,11.4471,0.0,1017.78
2020-05-18 21:00:00,13.88888888888889,13.88888888888889,0.67,3.22,120.0,11.270000000000001,0.0,1018.3
2020-05-18 22:00:00,12.222222222222221,12.222222222222221,0.74,0.0,0.0,16.1,0.0,1018.6
2020-05-18 23:00:00,11.161111111111113,11.161111111111113,0.82,11.270000000000001,160.0,15.150100000000002,0.0,1018.79
2020-05-19 00:00:00,10.0,10.0,0.86,0.0,0.0,15.134000000000002,0.0,1018.9
2020-05-19 01:00:00,9.444444444444445,9.444444444444445,0.93,0.0,0.0,15.134000000000002,0.0,1018.7
2020-05-19 02:00:00,8.972222222222221,8.972222222222221,0.9,3.0268,114.0,11.753,0.0,1018.58
2020-05-19 03:00:00,8.333333333333334,8.333333333333334,0.89,3.22,40.0,12.075000000000001,0.0,1018.4
2020-05-19 04:00:00,7.777777777777778,7.777777777777778,0.93,3.22,50.0,9.982000000000001,0.0,1018.4
2020-05-19 05:00:00,7.305555555555555,7.305555555555555,0.94,1.9159,69.0,8.355900000000002,0.0,1018.51
2020-05-19 06:00:00,8.88888888888889,8.88888888888889,0.93,0.0,0.0,6.118,0.0,1018.7
2020-05-19 07:00:00,12.777777777777779,12.777777777777779,0.83,0.0,0.0,8.05,0.0,1019.0
2020-05-19 08:00:00,15.833333333333334,15.833333333333334,0.65,0.49910000000000004,70.0,9.982000000000001,0.0,1019.07
2020-05-19 09:00:00,17.22222222222222,17.22222222222222,0.58,4.83,110.0,9.982000000000001,0.0,1019.0
2020-05-19 10:00:00,17.77777777777778,17.77777777777778,0.56,3.22,170.0,16.1,0.0,1018.7
2020-05-19 11:00:00,18.855555555555554,18.855555555555554,0.52,4.717300000000001,62.0,11.4471,0.0,1018.39
2020-05-19 12:00:00,20.0,20.0,0.57,4.83,60.0,11.270000000000001,0.0,1018.1
2020-05-19 13:00:00,21.11111111111111,21.11111111111111,0.46,8.05,40.0,11.270000000000001,0.0,1017.4
2020-05-19 14:00:00,21.144444444444446,21.144444444444446,0.52,7.969500000000001,29.0,11.4471,0.0,1017.03
2020-05-19 15:00:00,22.22222222222222,22.22222222222222,0.49,8.05,10.0,11.270000000000001,0.0,1016.5
2020-05-19 16:00:00,22.22222222222222,22.22222222222222,0.49,8.05,10.0,11.270000000000001,0.0,1016.0
2020-05-19 17:00:00,22.255555555555556,22.255555555555556,0.45,4.2826,2.0,10.368400000000001,0.0,1015.42
2020-05-19 18:00:00,22.77777777777778,22.77777777777778,0.44,3.22,20.0,9.982000000000001,0.0,1015.0
2020-05-19 19:00:00,21.11111111111111,21.11111111111111,0.53,8.05,340.0,9.982000000000001,0.0,1015.0
2020-05-19 20:00:00,19.272222222222222,19.272222222222222,0.59,5.2647,340.0,10.368400000000001,0.0,1015.16
2020-05-19 21:00:00,16.11111111111111,16.11111111111111,0.78,3.22,310.0,9.982000000000001,0.0,1015.6
2020-05-19 22:00:00,15.555555555555555,15.555555555555555,0.75,3.22,300.0,16.1,0.0,1015.9
2020-05-19 23:00:00,14.47777777777778,14.47777777777778,0.8,6.295100000000001,340.0,15.520400000000002,0.0,1015.97
2020-05-20 00:00:00,13.333333333333334,13.333333333333334,0.83,0.0,0.0,16.1,0.0,1015.7
2020-05-20 01:00:00,12.777777777777779,12.777777777777779,0.86,3.22,330.0,16.1,0.0,1015.4
2020-05-20 02:00:00,12.883333333333333,12.883333333333333,0.83,6.3756,349.0,15.520400000000002,0.0,1015.32
2020-05-20 03:00:00,10.555555555555555,10.555555555555555,0.89,3.22,330.0,16.1,0.0,1015.0
2020-05-20 04:00:00,10.555555555555555,10.555555555555555,0.89,6.44,330.0,16.1,0.0,1014.9
2020-05-20 05:00:00,10.277777777777779,10.277777777777779,0.92,6.166300000000001,332.0,14.715400000000002,0.0,1014.94
2020-05-20 06:00:00,12.222222222222221,12.222222222222221,0.86,4.83,350.0,9.982000000000001,0.0,1014.9
2020-05-20 07:00:00,15.0,15.0,0.83,3.22,350.0,9.982000000000001,0.0,1014.8
2020-05-20 08:00:00,17.811111111111114,17.811111111111114,0.7,5.0393,12.0,10.368400000000001,0.0,1014.88
2020-05-20 09:00:00,21.11111111111111,21.11111111111111,0.57,14.49,30.0,9.982000000000001,0.0,1014.9
2020-05-20 10:00:00,22.22222222222222,22.22222222222222,0.55,9.66,20.0,9.982000000000001,0.0,1014.7
2020-05-20 11:00:00,22.794444444444444,22.794444444444444,0.51,9.579500000000001,54.0,11.4471,0.0,1014.4
2020-05-20 12:00:00,23.88888888888889,23.88888888888889,0.5,11.270000000000001,70.0,11.270000000000001,0.0,1013.7
2020-05-20 13:00:00,25.0,25.0,0.47,8.05,350.0,11.270000000000001,0.0,1013.5
2020-05-20 14:00:00,24.966666666666665,24.966666666666665,0.48,7.7440999999999995,346.0,10.368400000000001,0.0,1012.98
2020-05-20 15:00:00,26.11111111111111,26.11111111111111,0.42,3.22,220.0,9.982000000000001,0.0,1012.6
2020-05-20 16:00:00,27.22222222222222,26.977777777777778,0.39,4.83,160.0,9.982000000000001,0.0,1012.5
2020-05-20 17:00:00,26.11111111111111,26.11111111111111,0.36,4.4275,196.0,10.368400000000001,0.0,1012.46
2020-05-20 18:00:00,26.11111111111111,26.11111111111111,0.44,8.05,140.0,9.982000000000001,0.0,1011.8
2020-05-20 19:00:00,25.0,25.0,0.45,4.83,100.0,9.982000000000001,0.0,1011.6
2020-05-20 20:00:00,22.394444444444446,22.394444444444446,0.52,5.2647,101.0,10.368400000000001,0.0,1011.51
2020-05-20 21:00:00,21.11111111111111,21.11111111111111,0.57,4.83,100.0,9.982000000000001,0.0,1011.4
2020-05-20 22:00:00,19.444444444444443,19.444444444444443,0.63,6.44,120.0,16.1,0.0,1011.0
2020-05-20 23:00:00,18.8,18.8,0.69,10.448900000000002,129.0,15.150100000000002,0.0,1011.15
2020-05-21 00:00:00,17.22222222222222,17.22222222222222,0.72,11.270000000000001,140.0,16.1,0.0,1011.6
2020-05-21 01:00:00,16.11111111111111,16.11111111111111,0.81,11.270000000000001,150.0,16.1,0.0,1011.5
2020-05-21 02:00:00,15.105555555555554,15.105555555555554,0.84,3.4776000000000002,146.0,15.150100000000002,0.0,1011.58
2020-05-21 03:00:00,13.88888888888889,13.88888888888889,0.86,3.22,130.0,16.1,0.0,1011.1
2020-05-21 04:00:00,13.88888888888889,13.88888888888889,0.9,6.44,140.0,16.1,0.0,1010.8
2020-05-21 05:00:00,13.93888888888889,13.93888888888889,0.87,10.642100000000001,137.0,15.150100000000002,0.0,1010.45
2020-05-21 06:00:00,15.0,15.0,0.83,16.1,130.0,9.982000000000001,0.0,1010.5
2020-05-21 07:00:00,17.77777777777778,17.77777777777778,0.78,17.71,140.0,9.982000000000001,0.0,1010.6
2020-05-21 08:00:00,19.894444444444446,19.894444444444446,0.74,21.7833,138.0,9.982000000000001,0.0,1010.49
2020-05-21 09:00:00,22.22222222222222,22.22222222222222,0.59,27.37,140.0,9.982000000000001,0.0,1010.0
2020-05-21 10:00:00,22.77777777777778,22.77777777777778,0.62,25.76,140.0,9.982000000000001,0.0,1009.7
2020-05-21 11:00:00,23.8,23.8,0.57,25.309200000000004,140.0,10.368400000000001,0.0,1009.78
2020-05-21 12:00:00,25.0,25.0,0.5,27.37,150.0,9.982000000000001,0.0,1009.3
2020-05-21 13:00:00,26.11111111111111,26.11111111111111,0.44,27.37,150.0,9.982000000000001,0.0,1008.9
2020-05-21 14:00:00,26.077777777777776,26.077777777777776,0.42,25.1965,142.0,10.368400000000001,0.0,1008.21
2020-05-21 15:00:00,26.11111111111111,26.11111111111111,0.44,28.98,150.0,9.982000000000001,0.0,1007.9
2020-05-21 16:00:00,25.0,25.0,0.39,24.150000000000002,150.0,9.982000000000001,0.0,1007.7
2020-05-21 17:00:00,25.08888888888889,25.08888888888889,0.44,20.881700000000002,152.0,10.368400000000001,0.0,1007.37
2020-05-21 18:00:00,25.0,25.0,0.47,16.1,150.0,9.982000000000001,0.0,1007.0
2020-05-21 19:00:00,22.77777777777778,22.77777777777778,0.53,17.71,150.0,11.270000000000001,0.0,1007.1
2020-05-21 20:00:00,21.283333333333335,21.283333333333335,0.61,11.9784,140.0,11.0768,0.0,1007.08
2020-05-21 21:00:00,22.22222222222222,22.22222222222222,0.55,16.1,120.0,11.270000000000001,0.0,1007.3
2020-05-21 22:00:00,21.11111111111111,21.11111111111111,0.61,17.71,140.0,15.134000000000002,0.0,1007.5
2020-05-21 23:00:00,20.522222222222222,20.522222222222222,0.62,14.699300000000003,108.0,15.150100000000002,0.0,1007.39
2020-05-22 00:00:00,20.555555555555557,20.555555555555557,0.61,17.71,130.0,16.1,0.0,1007.1
2020-05-22 01:00:00,20.555555555555557,20.555555555555557,0.61,17.71,120.0,16.1,0.0,1006.7
2020-05-22 02:00:00,19.966666666666665,19.966666666666665,0.64,17.1304,130.0,15.150100000000002,0.0,1006.61
2020-05-22 03:00:00,19.444444444444443,19.444444444444443,0.68,14.49,140.0,16.1,0.0,1007.0
2020-05-22 04:00:00,17.77777777777778,17.77777777777778,0.81,3.22,170.0,16.1,0.0,1006.7
2020-05-22 05:00:00,17.655555555555555,17.655555555555555,0.83,7.245,108.0,15.150100000000002,0.0,1006.26
2020-05-22 06:00:00,17.22222222222222,17.22222222222222,0.81,11.270000000000001,100.0,11.270000000000001,0.0,1005.6
2020-05-22 07:00:00,17.77777777777778,17.77777777777778,0.84,11.270000000000001,70.0,11.270000000000001,0.0,1005.2
2020-05-22 08:00:00,18.75,18.75,0.85,12.380900000000002,70.0,11.0768,0.0,1004.5
2020-05-22 09:00:00,20.0,20.0,0.73,12.88,70.0,11.270000000000001,0.0,1004.2
2020-05-22 10:00:00,18.88888888888889,18.88888888888889,0.84,14.49,90.0,11.270000000000001,0.0,1004.3
2020-05-22 11:00:00,17.744444444444444,17.744444444444444,0.9,10.110800000000001,83.0,11.0768,0.0,1004.9
2020-05-22 12:00:00,17.77777777777778,17.77777777777778,0.84,11.270000000000001,120.0,11.270000000000001,0.0,1004.9
2020-05-22 13:00:00,17.22222222222222,17.22222222222222,0.87,3.22,160.0,11.270000000000001,0.0,1005.1
2020-05-22 14:00:00,17.17222222222222,17.17222222222222,0.94,5.425700000000001,101.0,7.422100000000001,0.0,1005.01
2020-05-22 15:00:00,17.22222222222222,17.22222222222222,0.93,14.49,160.0,11.270000000000001,0.0,1004.8
2020-05-22 16:00:00,15.0,15.0,0.93,20.93,200.0,11.270000000000001,0.0,1005.0
2020-05-22 17:00:00,15.105555555555554,15.105555555555554,0.93,10.513300000000001,200.0,9.5473,0.0,1005.3
2020-05-22 18:00:00,15.0,15.0,0.93,3.22,10.0,11.270000000000001,0.0,1004.4
2020-05-22 19:00:00,15.0,15.0,0.93,0.0,0.0,11.270000000000001,0.0,1005.0
2020-05-22 20:00:00,15.088888888888887,15.088888888888887,0.93,3.4615,97.0,11.4471,0.0,1006.14
2020-05-22 21:00:00,15.0,15.0,0.93,12.88,240.0,11.270000000000001,0.0,1006.7
2020-05-22 22:00:00,15.0,15.0,0.93,11.270000000000001,260.0,9.982000000000001,0.0,1007.0
2020-05-22 23:00:00,14.966666666666665,14.966666666666665,0.93,1.7227000000000001,259.0,11.0768,0.0,1006.92
2020-05-23 00:00:00,14.444444444444445,14.444444444444445,0.96,6.44,350.0,16.1,0.0,1007.4
2020-05-23 01:00:00,14.444444444444445,14.444444444444445,0.96,0.0,0.0,15.134000000000002,0.0,1007.3
2020-05-23 02:00:00,14.394444444444442,14.394444444444442,0.96,3.2039,249.0,11.382700000000002,0.0,1007.16
2020-05-23 03:00:00,14.444444444444445,14.444444444444445,0.96,6.44,260.0,8.05,0.0,1007.1
2020-05-23 04:00:00,14.444444444444445,14.444444444444445,0.96,3.22,270.0,4.9910000000000005,0.0,1007.2
2020-05-23 05:00:00,14.911111111111113,14.911111111111113,0.96,3.1556,276.0,4.588500000000001,0.0,1007.3
2020-05-23 06:00:00,15.0,15.0,1.0,0.0,0.0,1.449,0.0,1007.5
2020-05-23 07:00:00,16.11111111111111,16.11111111111111,0.93,3.22,310.0,3.864,0.0,1007.8
2020-05-23 08:00:00,17.016666666666666,17.016666666666666,0.94,7.792400000000001,311.0,6.601,0.0,1007.65
2020-05-23 09:00:00,17.22222222222222,17.22222222222222,0.93,8.05,270.0,11.270000000000001,0.0,1008.1
2020-05-23 10:00:00,17.77777777777778,17.77777777777778,0.9,8.05,310.0,11.270000000000001,0.0,1008.5
2020-05-23 11:00:00,18.88888888888889,18.88888888888889,0.84,3.5259,309.0,11.0768,0.0,1008.94
2020-05-23 12:00:00,20.0,20.0,0.78,8.05,60.0,11.270000000000001,0.0,1009.5
2020-05-23 13:00:00,22.22222222222222,22.22222222222222,0.68,8.05,40.0,11.270000000000001,0.0,1009.8
2020-05-23 14:00:00,22.133333333333336,22.133333333333336,0.68,8.903300000000002,29.0,11.4471,0.0,1009.61
2020-05-23 15:00:00,22.77777777777778,22.77777777777778,0.71,9.66,60.0,11.270000000000001,0.0,1009.5
2020-05-23 16:00:00,22.77777777777778,22.77777777777778,0.66,9.66,80.0,11.270000000000001,0.0,1009.7
2020-05-23 17:00:00,23.7,23.7,0.58,11.237800000000002,105.0,11.4471,0.0,1009.69
2020-05-23 18:00:00,23.88888888888889,23.88888888888889,0.54,1.61,30.0,11.270000000000001,0.0,1010.1
2020-05-23 19:00:00,21.11111111111111,21.11111111111111,0.68,16.1,10.0,11.270000000000001,0.0,1011.2
2020-05-23 20:00:00,19.15,19.15,0.81,3.059,27.0,11.4471,0.0,1011.49
2020-05-23 21:00:00,17.22222222222222,17.22222222222222,0.87,1.61,310.0,11.270000000000001,0.0,1011.6
2020-05-23 22:00:00,16.666666666666668,16.666666666666668,0.9,6.44,320.0,16.1,0.0,1012.0
2020-05-23 23:00:00,16.37222222222222,16.37222222222222,0.92,6.5688,307.0,15.520400000000002,0.0,1012.3
2020-05-24 00:00:00,15.555555555555555,15.555555555555555,0.93,6.44,300.0,16.1,0.0,1012.0
2020-05-24 01:00:00,15.555555555555555,15.555555555555555,0.93,11.270000000000001,330.0,16.1,0.0,1011.8
2020-05-24 02:00:00,15.666666666666666,15.666666666666666,0.93,14.49,340.0,15.488199999999999,0.0,1011.46
2020-05-24 03:00:00,16.11111111111111,16.11111111111111,0.9,11.270000000000001,10.0,16.1,0.0,1011.6
2020-05-24 04:00:00,15.555555555555555,15.555555555555555,0.9,14.49,20.0,16.1,0.0,1011.6
2020-05-24 05:00:00,15.488888888888889,15.488888888888889,0.91,13.9587,9.0,15.150100000000002,0.0,1011.61
2020-05-24 06:00:00,16.11111111111111,16.11111111111111,0.87,12.88,10.0,9.982000000000001,0.0,1012.1
2020-05-24 07:00:00,17.77777777777778,17.77777777777778,0.78,16.1,20.0,9.982000000000001,0.0,1011.9
2020-05-24 08:00:00,19.777777777777775,19.777777777777775,0.79,14.039200000000001,23.0,9.982000000000001,0.0,1012.16
2020-05-24 09:00:00,21.11111111111111,21.11111111111111,0.73,22.540000000000003,30.0,11.270000000000001,0.0,1012.3
2020-05-24 10:00:00,21.11111111111111,21.11111111111111,0.73,24.150000000000002,30.0,11.270000000000001,0.0,0.0
2020-05-24 11:00:00,22.22222222222222,22.22222222222222,0.64,22.765400000000003,48.0,11.4471,0.0,1012.56
2020-05-24 12:00:00,22.77777777777778,22.77777777777778,0.66,37.03,30.0,11.270000000000001,0.0,0.0
2020-05-24 13:00:00,22.77777777777778,22.77777777777778,0.71,30.590000000000003,30.0,11.270000000000001,0.0,0.0
2020-05-24 14:00:00,24.07777777777778,24.07777777777778,0.57,32.4093,21.0,11.4471,0.0,1012.09
2020-05-24 15:00:00,22.77777777777778,22.77777777777778,0.62,27.37,10.0,11.270000000000001,0.0,0.0
2020-05-24 16:00:00,22.77777777777778,22.77777777777778,0.62,22.540000000000003,30.0,11.270000000000001,0.0,0.0
2020-05-24 17:00:00,24.844444444444445,24.844444444444445,0.46,31.137400000000003,27.0,11.4471,0.0,1011.29
2020-05-24 18:00:00,23.88888888888889,23.88888888888889,0.45,28.98,20.0,11.270000000000001,0.0,1011.1
2020-05-24 19:00:00,22.22222222222222,22.22222222222222,0.53,24.150000000000002,20.0,11.270000000000001,0.0,1012.0
2020-05-24 20:00:00,21.355555555555554,21.355555555555554,0.58,20.108900000000002,10.0,10.3201,0.0,1012.36
2020-05-24 21:00:00,20.055555555555554,20.055555555555554,0.63,24.890600000000003,18.0,11.109000000000002,0.0,1012.94
2020-05-24 22:00:00,19.95555555555556,19.95555555555556,0.66,21.010500000000004,17.0,16.1,0.0,1013.38
2020-05-24 23:00:00,19.400000000000002,19.400000000000002,0.66,24.1983,18.0,15.150100000000002,0.0,1013.19
2020-05-25 00:00:00,18.333333333333332,18.333333333333332,0.65,20.93,10.0,16.1,0.0,1013.8
2020-05-25 01:00:00,18.150000000000002,18.150000000000002,0.68,20.2699,20.0,16.1,0.0,1013.87
2020-05-25 02:00:00,17.61111111111111,17.61111111111111,0.7,18.611600000000003,18.0,15.150100000000002,0.0,1013.89
2020-05-25 03:00:00,17.55,17.55,0.69,19.851300000000002,18.0,16.1,0.0,1014.02
2020-05-25 04:00:00,17.105555555555554,17.105555555555554,0.67,20.5919,19.0,16.1,0.0,1013.74
2020-05-25 05:00:00,16.727777777777778,16.727777777777778,0.64,23.747500000000002,20.0,15.150100000000002,0.0,1014.16
2020-05-25 06:00:00,16.13888888888889,16.13888888888889,0.65,23.5543,29.0,9.982000000000001,0.0,1014.21
2020-05-25 07:00:00,16.01111111111111,16.01111111111111,0.63,22.137500000000003,11.0,9.982000000000001,0.0,1014.6
2020-05-25 08:00:00,16.144444444444446,16.144444444444446,0.63,22.652700000000003,9.0,10.3201,0.0,1014.71
2020-05-25 09:00:00,17.77777777777778,17.77777777777778,0.6,25.76,30.0,9.982000000000001,0.0,1015.2
2020-05-25 10:00:00,18.93333333333333,18.93333333333333,0.61,24.005100000000002,2.0,9.982000000000001,0.0,1015.1
2020-05-25 11:00:00,19.983333333333334,19.983333333333334,0.53,23.4738,17.0,10.368400000000001,0.0,1015.55
2020-05-25 12:00:00,21.18333333333333,21.18333333333333,0.49,25.3736,10.0,11.157300000000001,0.0,1015.4
2020-05-25 13:00:00,21.255555555555556,21.255555555555556,0.43,24.3593,10.0,9.982000000000001,0.0,1015.59
2020-05-25 14:00:00,22.211111111111116,22.211111111111116,0.43,23.522100000000002,10.0,10.3201,0.0,1015.51
2020-05-25 15:00:00,21.25,21.25,0.42,25.76,10.0,9.982000000000001,0.0,1015.53
2020-05-25 16:00:00,20.0,20.0,0.44,25.76,0.0,9.982000000000001,0.0,1016.0
2020-05-25 17:00:00,20.033333333333335,20.033333333333335,0.43,23.3289,1.0,10.368400000000001,0.0,1016.14
2020-05-25 18:00:00,19.033333333333335,19.033333333333335,0.47,18.6921,359.0,9.982000000000001,0.0,1016.01
2020-05-25 19:00:00,17.77777777777778,17.77777777777778,0.46,16.1,10.0,9.982000000000001,0.0,0.0
2020-05-25 20:00:00,17.477777777777778,17.477777777777778,0.47,13.8299,7.0,10.3201,0.0,1016.7
2020-05-25 21:00:00,16.194444444444443,16.194444444444443,0.52,14.2002,17.0,9.982000000000001,0.0,1017.14
2020-05-25 22:00:00,15.511111111111113,15.511111111111113,0.55,11.8335,7.0,16.1,0.0,1017.64
2020-05-25 23:00:00,14.444444444444445,14.444444444444445,0.58,13.7977,13.0,15.150100000000002,0.0,1017.47
2020-05-26 00:00:00,13.38888888888889,13.38888888888889,0.61,11.8335,359.0,16.1,0.0,1017.53
2020-05-26 01:00:00,11.833333333333332,11.833333333333332,0.68,11.431000000000001,324.0,16.1,0.0,1017.73
2020-05-26 02:00:00,10.644444444444442,10.644444444444442,0.71,11.109000000000002,327.0,15.150100000000002,0.0,1017.49
2020-05-26 03:00:00,9.488888888888887,7.822222222222221,0.76,11.270000000000001,320.0,16.1,0.0,1017.16
2020-05-26 04:00:00,9.372222222222222,7.244444444444444,0.77,14.312900000000003,319.0,16.1,0.0,1016.69
2020-05-26 05:00:00,8.91111111111111,7.205555555555555,0.78,10.787,335.0,15.150100000000002,0.0,1016.62
2020-05-26 06:00:00,9.849999999999998,8.299999999999999,0.79,10.9641,328.0,9.982000000000001,0.0,1016.89
2020-05-26 07:00:00,12.094444444444447,12.094444444444447,0.68,14.441700000000003,338.0,9.982000000000001,0.0,1016.69
2020-05-26 08:00:00,13.866666666666667,13.866666666666667,0.64,15.713600000000001,350.0,10.3362,0.0,1016.85
2020-05-26 09:00:00,13.88888888888889,13.88888888888889,0.59,17.71,340.0,9.982000000000001,0.0,1017.1
2020-05-26 10:00:00,16.983333333333334,16.983333333333334,0.55,21.3325,329.0,11.109000000000002,0.0,1016.78
2020-05-26 11:00:00,17.40555555555555,17.40555555555555,0.56,22.2019,338.0,11.3505,0.0,1016.69
2020-05-26 12:00:00,17.82222222222222,17.82222222222222,0.6,21.3164,348.0,11.157300000000001,0.0,1016.79
2020-05-26 13:00:00,17.938888888888894,17.938888888888894,0.6,20.334300000000002,10.0,11.109000000000002,0.0,1016.86
2020-05-26 14:00:00,19.050000000000004,19.050000000000004,0.54,18.531100000000002,9.0,11.286100000000001,0.0,1016.79
2020-05-26 15:00:00,17.861111111111114,17.861111111111114,0.57,20.93,8.0,11.157300000000001,0.0,1016.76
2020-05-26 16:00:00,17.84444444444445,17.84444444444445,0.58,14.425600000000003,8.0,11.157300000000001,0.0,1016.86
2020-05-26 17:00:00,17.227777777777774,17.227777777777774,0.57,15.166200000000002,17.0,11.3505,0.0,1016.73
2020-05-26 18:00:00,17.22222222222222,17.22222222222222,0.58,12.88,30.0,11.270000000000001,0.0,1016.9
2020-05-26 19:00:00,16.13888888888889,16.13888888888889,0.7,11.012400000000001,1.0,11.109000000000002,0.0,1016.71
2020-05-26 20:00:00,16.06666666666667,16.06666666666667,0.7,8.9516,354.0,10.3201,0.0,1016.61
2020-05-26 21:00:00,16.06666666666667,16.06666666666667,0.7,9.450700000000001,21.0,9.982000000000001,0.0,1016.8
2020-05-26 22:00:00,15.0,15.0,0.72,6.44,20.0,16.1,0.0,1017.3
2020-05-26 23:00:00,14.122222222222224,14.122222222222224,0.8,10.384500000000001,341.0,15.150100000000002,0.0,1017.2
2020-05-27 00:00:00,13.461111111111109,13.461111111111109,0.82,10.642100000000001,350.0,16.1,0.0,1017.39
2020-05-27 01:00:00,11.97777777777778,11.97777777777778,0.87,7.0518,11.0,16.1,0.0,1017.2
2020-05-27 02:00:00,11.661111111111113,11.661111111111113,0.86,10.8031,358.0,15.150100000000002,0.0,1017.14
2020-05-27 03:00:00,10.894444444444444,10.894444444444444,0.9,7.1001,355.0,16.1,0.0,1016.98
2020-05-27 04:00:00,10.555555555555555,10.555555555555555,0.89,11.270000000000001,0.0,16.1,0.0,1017.0
2020-05-27 05:00:00,10.100000000000001,10.100000000000001,0.93,11.0607,8.0,15.150100000000002,0.0,1016.67
2020-05-27 06:00:00,10.250000000000002,10.250000000000002,0.87,8.694,1.0,9.982000000000001,0.0,1016.96
2020-05-27 07:00:00,12.277777777777779,12.277777777777779,0.77,11.0285,9.0,9.982000000000001,0.0,1016.99
2020-05-27 08:00:00,14.738888888888889,14.738888888888889,0.71,10.0303,1.0,9.982000000000001,0.0,1017.05
2020-05-27 09:00:00,17.061111111111114,17.061111111111114,0.65,11.141200000000001,2.0,9.982000000000001,0.0,1017.12
2020-05-27 10:00:00,17.68888888888889,17.68888888888889,0.65,14.1358,352.0,9.982000000000001,0.0,1016.92
2020-05-27 11:00:00,18.950000000000003,18.950000000000003,0.51,15.922900000000002,16.0,11.286100000000001,0.0,1016.99
2020-05-27 12:00:00,20.0,20.0,0.45,16.309300000000004,19.0,11.157300000000001,0.0,1016.57
2020-05-27 13:00:00,21.11111111111111,21.11111111111111,0.41,16.1,10.0,9.982000000000001,0.0,1016.3
2020-05-27 14:00:00,20.06666666666667,20.06666666666667,0.43,19.8674,18.0,10.3201,0.0,1015.72
2020-05-27 15:00:00,21.022222222222226,21.022222222222226,0.38,17.919300000000003,20.0,9.982000000000001,0.0,1015.41
2020-05-27 16:00:00,21.06666666666667,21.06666666666667,0.38,14.9247,28.0,9.982000000000001,0.0,1014.82
2020-05-27 17:00:00,21.12777777777778,21.12777777777778,0.37,15.278900000000002,353.0,10.3362,0.0,1014.7
2020-05-27 18:00:00,21.03888888888889,21.03888888888889,0.38,14.5383,1.0,9.982000000000001,0.0,1014.21
2020-05-27 19:00:00,18.88888888888889,18.88888888888889,0.43,9.66,50.0,9.982000000000001,0.0,1014.3
2020-05-27 20:00:00,17.605555555555554,17.605555555555554,0.51,1.2719,1.0,11.286100000000001,0.0,1014.26
2020-05-27 21:00:00,13.88888888888889,13.88888888888889,0.72,8.05,350.0,11.270000000000001,0.0,1014.5
2020-05-27 22:00:00,16.283333333333335,16.283333333333335,0.55,10.2718,351.0,16.1,0.0,1014.47
2020-05-27 23:00:00,13.58888888888889,13.58888888888889,0.64,5.0071,68.0,15.520400000000002,0.0,1014.52
2020-05-28 00:00:00,11.083333333333336,11.083333333333336,0.76,6.1502,322.0,16.1,0.0,1014.63
2020-05-28 01:00:00,10.0,10.0,0.82,3.6225,339.0,16.1,0.0,1014.44
2020-05-28 02:00:00,9.933333333333334,9.933333333333334,0.84,3.5259,341.0,15.150100000000002,0.0,1014.21
2020-05-28 03:00:00,8.677777777777777,8.08888888888889,0.9,5.570600000000001,307.0,16.1,0.0,1013.85
2020-05-28 04:00:00,7.733333333333334,7.733333333333334,0.9,3.5581,325.0,16.1,0.0,1013.55
2020-05-28 05:00:00,7.766666666666664,6.949999999999999,0.89,5.892600000000001,348.0,15.150100000000002,0.0,1013.5
2020-05-28 06:00:00,10.0,10.0,0.86,0.0,0.0,11.270000000000001,0.0,1013.7
2020-05-28 07:00:00,13.88888888888889,13.88888888888889,0.72,4.83,10.0,11.270000000000001,0.0,1013.6
2020-05-28 08:00:00,15.0,15.0,0.69,4.1699,25.0,10.948,0.0,1013.52
2020-05-28 09:00:00,17.716666666666665,17.716666666666665,0.61,4.2987,37.0,9.982000000000001,0.0,1013.35
2020-05-28 10:00:00,19.88333333333334,19.88333333333334,0.46,8.903300000000002,7.0,11.109000000000002,0.0,1013.04
2020-05-28 11:00:00,20.02777777777778,20.02777777777778,0.44,8.227100000000002,357.0,10.3201,0.0,1012.79
2020-05-28 12:00:00,21.11111111111111,21.11111111111111,0.41,14.49,20.0,9.982000000000001,0.0,1012.5
2020-05-28 13:00:00,20.149999999999995,20.149999999999995,0.43,16.9372,356.0,9.982000000000001,0.0,1012.03
2020-05-28 14:00:00,15.950000000000001,15.950000000000001,0.62,29.0444,332.0,5.3291,0.0,1011.66
2020-05-28 15:00:00,20.26666666666667,20.26666666666667,0.47,5.1037,332.0,11.157300000000001,0.0,1011.36
2020-05-28 16:00:00,19.97222222222222,19.97222222222222,0.45,11.382700000000002,351.0,11.157300000000001,0.0,1010.74
2020-05-28 17:00:00,20.20555555555556,20.20555555555556,0.47,12.88,3.0,11.3505,0.0,1010.39
2020-05-28 18:00:00,19.099999999999998,19.099999999999998,0.5,10.126900000000001,308.0,11.157300000000001,0.0,1010.14
2020-05-28 19:00:00,17.533333333333335,17.533333333333335,0.56,13.0088,247.0,11.109000000000002,0.0,1010.33
2020-05-28 20:00:00,15.105555555555554,15.105555555555554,0.74,11.1734,262.0,11.4471,0.0,1010.76
2020-05-28 21:00:00,13.972222222222221,13.972222222222221,0.77,10.996300000000002,261.0,11.109000000000002,0.0,1011.01
2020-05-28 22:00:00,14.416666666666666,14.416666666666666,0.79,10.980200000000002,262.0,16.1,0.0,1011.07
2020-05-28 23:00:00,14.327777777777776,14.327777777777776,0.82,11.237800000000002,308.0,15.150100000000002,0.0,1010.91
2020-05-29 00:00:00,13.816666666666666,13.816666666666666,0.84,6.6654,319.0,16.1,0.0,1010.92
2020-05-29 01:00:00,12.794444444444444,12.794444444444444,0.85,11.0285,320.0,16.1,0.0,1010.7
2020-05-29 02:00:00,12.444444444444445,12.444444444444445,0.85,10.448900000000002,330.0,15.150100000000002,0.0,1010.48
2020-05-29 03:00:00,12.805555555555554,12.805555555555554,0.82,10.5294,302.0,16.1,0.0,1010.5
2020-05-29 04:00:00,11.11111111111111,11.11111111111111,0.86,6.44,300.0,16.1,0.0,1010.5
2020-05-29 05:00:00,10.311111111111112,10.311111111111112,0.93,3.4937,297.0,15.150100000000002,0.0,1010.6
2020-05-29 06:00:00,12.222222222222221,12.222222222222221,0.93,8.05,310.0,9.982000000000001,0.0,1010.8
2020-05-29 07:00:00,13.88888888888889,13.88888888888889,0.83,9.66,330.0,9.982000000000001,0.0,1010.9
2020-05-29 08:00:00,15.0,15.0,0.84,9.5151,327.0,9.982000000000001,0.0,1011.19
2020-05-29 09:00:00,17.22222222222222,17.22222222222222,0.72,9.66,350.0,11.270000000000001,0.0,1011.0
2020-05-29 10:00:00,17.77777777777778,17.77777777777778,0.6,11.270000000000001,340.0,11.270000000000001,0.0,0.0
2020-05-29 11:00:00,19.73888888888889,19.73888888888889,0.61,3.3649,36.0,11.4471,0.0,1010.92
2020-05-29 12:00:00,18.88888888888889,18.88888888888889,0.52,8.05,0.0,11.270000000000001,0.0,0.0
2020-05-29 13:00:00,20.0,20.0,0.61,14.49,350.0,11.270000000000001,0.0,0.0
2020-05-29 14:00:00,19.894444444444446,19.894444444444446,0.53,14.5383,356.0,11.0768,0.0,1010.36
2020-05-29 15:00:00,18.88888888888889,18.88888888888889,0.52,16.1,20.0,11.270000000000001,0.0,0.0
2020-05-29 16:00:00,20.0,20.0,0.53,9.66,0.0,11.270000000000001,0.0,0.0
2020-05-29 17:00:00,18.922222222222224,18.922222222222224,0.56,8.9516,358.0,11.4471,0.0,1010.18
2020-05-29 18:00:00,20.0,20.0,0.53,8.05,0.0,11.270000000000001,0.0,0.0
2020-05-29 19:00:00,17.22222222222222,17.22222222222222,0.67,8.05,340.0,11.270000000000001,0.0,0.0
2020-05-29 20:00:00,17.327777777777776,17.327777777777776,0.65,7.2772,334.0,11.4471,0.0,1010.89
2020-05-29 21:00:00,15.0,15.0,0.78,0.0,0.0,9.982000000000001,0.0,0.0
2020-05-29 22:00:00,13.88888888888889,13.88888888888889,0.83,1.61,290.0,9.982000000000001,0.0,0.0
2020-05-29 23:00:00,13.0,13.0,0.89,11.270000000000001,250.0,15.150100000000002,0.0,1012.41
2020-05-30 00:00:00,11.11111111111111,11.11111111111111,0.93,3.22,190.0,9.982000000000001,0.0,0.0
2020-05-30 01:00:00,10.0,10.0,0.93,3.22,250.0,9.982000000000001,0.0,0.0
2020-05-30 02:00:00,11.405555555555557,11.405555555555557,0.93,3.1878,278.0,11.382700000000002,0.0,1012.81
2020-05-30 03:00:00,10.0,10.0,0.93,0.0,0.0,11.270000000000001,0.0,0.0
2020-05-30 04:00:00,10.0,10.0,0.93,4.83,180.0,7.084000000000001,0.0,0.0
2020-05-30 05:00:00,10.72777777777778,10.72777777777778,0.93,5.2808,165.0,7.1645,0.0,1013.01
2020-05-30 06:00:00,12.222222222222221,12.222222222222221,0.93,8.05,180.0,8.05,0.0,0.0
2020-05-30 07:00:00,16.11111111111111,16.11111111111111,0.81,3.22,210.0,9.982000000000001,0.0,0.0
2020-05-30 08:00:00,17.84444444444445,17.84444444444445,0.78,7.3899,212.0,9.982000000000001,0.0,1013.85
2020-05-30 09:00:00,20.0,20.0,0.68,4.83,220.0,9.982000000000001,0.0,1014.0
2020-05-30 10:00:00,22.055555555555557,22.055555555555557,0.56,9.193100000000001,210.0,9.982000000000001,0.0,1014.02
2020-05-30 11:00:00,22.661111111111115,22.661111111111115,0.56,11.012400000000001,237.0,10.3201,0.0,1014.22
2020-05-30 12:00:00,23.88888888888889,23.88888888888889,0.5,4.83,270.0,11.270000000000001,0.0,1014.3
2020-05-30 13:00:00,23.88888888888889,23.88888888888889,0.5,9.66,290.0,11.270000000000001,0.0,1014.3
2020-05-30 14:00:00,25.11666666666666,25.11666666666666,0.46,10.304000000000002,259.0,11.286100000000001,0.0,1013.89
2020-05-30 15:00:00,25.0,25.0,0.42,14.49,310.0,9.982000000000001,0.0,1013.1
2020-05-30 16:00:00,25.04444444444444,25.04444444444444,0.45,16.1,305.0,9.982000000000001,0.0,1012.96
2020-05-30 17:00:00,24.922222222222224,24.922222222222224,0.45,10.7387,274.0,10.3362,0.0,1012.83
2020-05-30 18:00:00,24.961111111111116,24.961111111111116,0.34,18.788700000000002,307.0,9.982000000000001,0.0,1012.49
2020-05-30 19:00:00,23.833333333333336,23.833333333333336,0.4,12.2682,320.0,9.982000000000001,0.0,1012.95
2020-05-30 20:00:00,21.37222222222222,21.37222222222222,0.46,10.4811,287.0,10.368400000000001,0.0,1013.75
2020-05-30 21:00:00,18.916666666666668,18.916666666666668,0.54,9.724400000000001,271.0,9.982000000000001,0.0,1012.94
2020-05-30 22:00:00,17.616666666666667,17.616666666666667,0.63,11.141200000000001,280.0,16.1,0.0,1014.73
2020-05-30 23:00:00,17.0,17.0,0.64,10.239600000000001,294.0,15.150100000000002,0.0,1015.27
2020-05-31 00:00:00,14.905555555555553,14.905555555555553,0.77,11.2217,282.0,16.1,0.0,1015.53
2020-05-31 01:00:00,14.444444444444445,14.444444444444445,0.77,6.44,270.0,16.1,0.0,1015.8
2020-05-31 02:00:00,14.61111111111111,14.61111111111111,0.8,10.432800000000002,297.0,15.150100000000002,0.0,1015.85
2020-05-31 03:00:00,14.694444444444445,14.694444444444445,0.8,10.9158,291.0,16.1,0.0,1015.85
2020-05-31 04:00:00,13.711111111111112,13.711111111111112,0.84,6.9874,296.0,16.1,0.0,1015.87
2020-05-31 05:00:00,13.716666666666665,13.716666666666665,0.85,6.9874,297.0,15.150100000000002,0.0,1016.11
2020-05-31 06:00:00,14.600000000000001,14.600000000000001,0.8,7.583100000000001,299.0,9.982000000000001,0.0,1016.53
2020-05-31 07:00:00,16.894444444444442,16.894444444444442,0.75,14.844200000000003,310.0,9.982000000000001,0.0,1016.75
2020-05-31 08:00:00,18.600000000000005,18.600000000000005,0.7,14.2163,320.0,10.3201,0.0,1016.91
2020-05-31 09:00:00,20.87222222222222,20.87222222222222,0.6,12.6224,311.0,9.982000000000001,0.0,1017.15
2020-05-31 10:00:00,22.61111111111111,22.61111111111111,0.54,8.4525,301.0,9.982000000000001,0.0,1017.16
2020-05-31 11:00:00,23.783333333333335,23.783333333333335,0.43,7.969500000000001,312.0,10.3201,0.0,1017.11
2020-05-31 12:00:00,25.0,25.0,0.42,9.66,350.0,9.982000000000001,0.0,1017.1
2020-05-31 13:00:00,25.0,25.0,0.39,8.05,270.0,9.982000000000001,0.0,1017.0
2020-05-31 14:00:00,26.094444444444445,26.094444444444445,0.35,4.9910000000000005,311.0,10.368400000000001,0.0,1016.59
2020-05-31 15:00:00,25.0,25.0,0.42,12.88,270.0,9.982000000000001,0.0,1015.6
2020-05-31 16:00:00,26.11111111111111,26.11111111111111,0.47,8.05,310.0,9.982000000000001,0.0,1015.3
2020-05-31 17:00:00,24.183333333333334,24.183333333333334,0.43,11.9945,327.0,10.368400000000001,0.0,1014.8
2020-05-31 18:00:00,25.0,25.0,0.42,11.270000000000001,310.0,9.982000000000001,0.0,1014.7
2020-05-31 19:00:00,23.88888888888889,23.88888888888889,0.45,11.270000000000001,300.0,9.982000000000001,0.0,1014.5
2020-05-31 20:00:00,20.37777777777778,20.37777777777778,0.56,8.6618,302.0,10.368400000000001,0.0,1015.22
2020-05-31 21:00:00,18.88888888888889,18.88888888888889,0.65,3.22,280.0,9.982000000000001,0.0,1015.5
2020-05-31 22:00:00,18.333333333333332,18.333333333333332,0.68,6.44,260.0,16.1,0.0,1015.8
2020-05-31 23:00:00,17.02777777777778,17.02777777777778,0.75,5.7799000000000005,204.0,15.150100000000002,0.0,1015.43
2020-06-01 00:00:00,17.13888888888889,17.13888888888889,0.73,3.3649,270.0,15.826300000000002,0.0,1015.31
2020-06-01 01:00:00,15.977777777777776,15.977777777777776,0.79,3.3005,233.0,15.826300000000002,0.0,1015.19
2020-06-01 02:00:00,15.72777777777778,15.72777777777778,0.83,3.3971,219.0,14.9569,0.0,1014.59
2020-06-01 03:00:00,15.32777777777778,15.32777777777778,0.82,3.2522,201.0,15.826300000000002,0.0,1013.97
2020-06-01 04:00:00,13.777777777777777,13.777777777777777,0.9,6.2146,181.0,15.826300000000002,0.0,1013.38
2020-06-01 05:00:00,13.699999999999998,13.699999999999998,0.93,5.7799000000000005,174.0,14.168000000000003,0.0,1012.93
2020-06-01 06:00:00,14.86111111111111,14.86111111111111,0.93,4.6368,189.0,9.982000000000001,0.0,1012.76
2020-06-01 07:00:00,17.11111111111111,17.11111111111111,0.87,7.969500000000001,190.0,9.982000000000001,0.0,1012.56
2020-06-01 08:00:00,17.805555555555557,17.805555555555557,0.84,12.2521,202.0,10.0303,0.0,1012.4
2020-06-01 09:00:00,19.74444444444445,19.74444444444445,0.7,16.711800000000004,212.0,9.9015,0.0,1011.91
2020-06-01 10:00:00,18.79444444444444,18.79444444444444,0.79,17.1626,251.0,11.270000000000001,0.0,1011.95
2020-06-01 11:00:00,19.95555555555556,19.95555555555556,0.72,17.6456,258.0,11.4471,0.0,1012.65
2020-06-01 12:00:00,18.916666666666668,18.916666666666668,0.78,13.3952,262.0,11.270000000000001,0.0,1012.79
2020-06-01 13:00:00,20.07222222222222,20.07222222222222,0.68,13.0088,263.0,11.270000000000001,0.0,1012.65
2020-06-01 14:00:00,21.861111111111107,21.861111111111107,0.61,15.697500000000002,270.0,11.0768,0.0,1012.55
2020-06-01 15:00:00,21.288888888888884,21.288888888888884,0.62,17.71,262.0,11.2056,0.0,1011.87
2020-06-01 16:00:00,23.744444444444444,23.744444444444444,0.54,23.8119,272.0,11.270000000000001,0.0,1011.51
2020-06-01 17:00:00,22.87777777777778,22.87777777777778,0.48,21.847700000000003,294.0,11.4471,0.0,1011.57
2020-06-01 18:00:00,22.17222222222222,22.17222222222222,0.43,23.8441,319.0,11.270000000000001,0.0,1011.82
2020-06-01 19:00:00,22.127777777777776,22.127777777777776,0.46,17.7422,299.0,11.2056,0.0,1012.3
2020-06-01 20:00:00,20.100000000000005,20.100000000000005,0.49,13.218100000000002,301.0,11.398800000000001,0.0,1012.87
2020-06-01 21:00:00,17.26111111111111,17.26111111111111,0.62,10.9158,282.0,9.982000000000001,0.0,1013.6
2020-06-01 22:00:00,17.15,17.15,0.6,14.312900000000003,271.0,15.826300000000002,0.0,1014.5
2020-06-01 23:00:00,16.77777777777778,16.77777777777778,0.6,12.863900000000001,280.0,15.3111,0.0,1014.93
2020-06-02 00:00:00,16.038888888888888,16.038888888888888,0.63,11.157300000000001,288.0,15.826300000000002,0.0,1015.32
2020-06-02 01:00:00,15.461111111111109,15.461111111111109,0.68,14.2807,289.0,15.826300000000002,0.0,1015.69
2020-06-02 02:00:00,15.738888888888887,15.738888888888887,0.66,10.239600000000001,289.0,15.3111,0.0,1015.64
2020-06-02 03:00:00,15.38888888888889,15.38888888888889,0.68,11.398800000000001,281.0,15.826300000000002,0.0,1015.72
2020-06-02 04:00:00,14.86111111111111,14.86111111111111,0.73,14.2807,299.0,15.826300000000002,0.0,1015.92
2020-06-02 05:00:00,14.43888888888889,14.43888888888889,0.73,6.262900000000001,297.0,15.262800000000002,0.0,1016.03
2020-06-02 06:00:00,14.81111111111111,14.81111111111111,0.74,9.4829,309.0,9.982000000000001,0.0,1016.62
2020-06-02 07:00:00,14.883333333333333,14.883333333333333,0.79,1.3524,199.0,11.2056,0.0,1017.29
2020-06-02 08:00:00,16.15555555555555,16.15555555555555,0.73,4.588500000000001,296.0,10.3523,0.0,1017.41
2020-06-02 09:00:00,17.17777777777778,17.17777777777778,0.64,4.347,3.0,9.982000000000001,0.0,1017.97
2020-06-02 10:00:00,18.772222222222226,18.772222222222226,0.57,3.1073,193.0,11.2056,0.0,1017.98
2020-06-02 11:00:00,19.638888888888886,19.638888888888886,0.56,12.397,204.0,11.398800000000001,0.0,1018.05
2020-06-02 12:00:00,18.911111111111115,18.911111111111115,0.61,15.2145,240.0,11.270000000000001,0.0,1018.1
2020-06-02 13:00:00,20.022222222222226,20.022222222222226,0.61,9.579500000000001,265.0,11.270000000000001,0.0,1017.97
2020-06-02 14:00:00,21.188888888888886,21.188888888888886,0.5,11.7691,210.0,11.398800000000001,0.0,1017.38
2020-06-02 15:00:00,22.127777777777776,22.127777777777776,0.53,12.7512,230.0,11.270000000000001,0.0,1016.69
2020-06-02 16:00:00,22.127777777777776,22.127777777777776,0.5,13.9909,210.0,11.270000000000001,0.0,1016.09
2020-06-02 17:00:00,22.644444444444446,22.644444444444446,0.49,12.2843,174.0,10.4006,0.0,1015.65
2020-06-02 18:00:00,22.17222222222222,22.17222222222222,0.5,10.5938,210.0,11.270000000000001,0.0,1015.3
2020-06-02 19:00:00,20.966666666666665,20.966666666666665,0.58,9.9981,189.0,9.982000000000001,0.0,1015.38
2020-06-02 20:00:00,19.111111111111114,19.111111111111114,0.67,4.025,186.0,10.3523,0.0,1015.37
2020-06-02 21:00:00,17.58888888888889,17.58888888888889,0.74,4.4919,169.0,9.982000000000001,0.0,1015.69
2020-06-02 22:00:00,16.5,16.5,0.79,6.1824,179.0,15.826300000000002,0.0,1015.82
2020-06-02 23:00:00,16.272222222222222,16.272222222222222,0.81,5.892600000000001,178.0,15.3111,0.0,1016.22
2020-06-03 00:00:00,15.994444444444444,15.994444444444444,0.82,6.0858,158.0,15.826300000000002,0.0,1015.99
2020-06-03 01:00:00,14.927777777777777,14.927777777777777,0.88,6.279,170.0,15.826300000000002,0.0,1015.95
2020-06-03 02:00:00,14.700000000000001,14.700000000000001,0.88,5.8604,159.0,14.9569,0.0,1015.68
2020-06-03 03:00:00,13.933333333333332,13.933333333333332,0.9,3.2039,159.0,15.826300000000002,0.0,1015.35
2020-06-03 04:00:00,14.422222222222224,14.422222222222224,0.91,6.44,160.0,15.874600000000001,0.0,1014.88
2020-06-03 05:00:00,14.233333333333333,14.233333333333333,0.94,6.295100000000001,168.0,14.9569,0.0,1015.01
2020-06-03 06:00:00,16.06111111111111,16.06111111111111,0.87,7.824600000000001,170.0,10.0464,0.0,1014.85
2020-06-03 07:00:00,17.733333333333334,17.733333333333334,0.84,4.83,180.0,11.2056,0.0,1014.74
2020-06-03 08:00:00,20.038888888888884,20.038888888888884,0.79,12.332600000000001,199.0,11.0285,0.0,1014.91
2020-06-03 09:00:00,21.25,21.25,0.78,12.6224,201.0,11.270000000000001,0.0,1014.7
2020-06-03 10:00:00,25.0,25.0,0.64,15.6009,202.0,11.270000000000001,0.0,1014.03
2020-06-03 11:00:00,26.98333333333333,27.45,0.51,21.5257,235.0,11.4471,0.0,1013.44
2020-06-03 12:00:00,27.22222222222222,27.677777777777774,0.51,25.0838,240.0,11.270000000000001,0.0,1013.05
2020-06-03 13:00:00,27.800000000000004,27.694444444444443,0.43,26.565,240.0,11.2056,0.0,1012.75
2020-06-03 14:00:00,28.733333333333334,28.36111111111111,0.4,24.6813,238.0,10.3523,0.0,1012.45
2020-06-03 15:00:00,28.86666666666666,28.47222222222222,0.4,20.5275,230.0,9.982000000000001,0.0,1011.94
2020-06-03 16:00:00,27.800000000000004,27.883333333333333,0.46,21.992600000000003,230.0,9.982000000000001,0.0,1011.25
2020-06-03 17:00:00,27.938888888888894,27.972222222222218,0.45,18.128600000000002,225.0,10.3523,0.0,1010.72
2020-06-03 18:00:00,27.82222222222222,28.133333333333333,0.49,13.363000000000001,230.0,9.982000000000001,0.0,1010.34
2020-06-03 19:00:00,27.22222222222222,27.68333333333333,0.51,11.0768,220.0,9.982000000000001,0.0,1010.04
2020-06-03 20:00:00,25.149999999999995,25.149999999999995,0.62,9.0965,181.0,10.3523,0.0,1009.78
2020-06-03 21:00:00,22.849999999999998,22.849999999999998,0.66,10.6904,171.0,9.982000000000001,0.0,1009.64
2020-06-03 22:00:00,21.71666666666667,21.71666666666667,0.68,6.230700000000001,172.0,15.826300000000002,0.0,1009.55
2020-06-03 23:00:00,20.961111111111116,20.961111111111116,0.77,10.867500000000001,207.0,14.9569,0.0,1009.88
2020-06-04 00:00:00,21.57777777777778,21.57777777777778,0.71,11.012400000000001,192.0,15.826300000000002,0.0,1009.75
2020-06-04 01:00:00,21.04444444444444,21.04444444444444,0.73,11.012400000000001,238.0,15.826300000000002,0.0,1010.04
2020-06-04 02:00:00,20.46111111111111,20.46111111111111,0.73,10.0625,236.0,14.9569,0.0,1009.97
2020-06-04 03:00:00,17.9,17.9,0.83,11.511500000000002,211.0,15.826300000000002,0.0,1009.54
2020-06-04 04:00:00,16.81666666666667,16.81666666666667,0.83,10.980200000000002,211.0,15.826300000000002,0.0,1009.43
2020-06-04 05:00:00,17.13888888888889,17.13888888888889,0.83,10.6582,214.0,14.9569,0.0,1009.42
2020-06-04 06:00:00,19.777777777777775,19.777777777777775,0.69,13.089300000000001,241.0,9.982000000000001,0.0,1009.66
2020-06-04 07:00:00,20.933333333333337,20.933333333333337,0.69,12.719000000000001,213.0,9.982000000000001,0.0,1010.06
2020-06-04 08:00:00,22.75555555555555,22.75555555555555,0.62,15.150100000000002,232.0,10.3523,0.0,1010.22
2020-06-04 09:00:00,23.86666666666666,23.86666666666666,0.54,17.0177,262.0,10.0464,0.0,1010.06
2020-06-04 10:00:00,25.022222222222226,25.022222222222226,0.5,14.1519,260.0,10.0464,0.0,1009.97
2020-06-04 11:00:00,26.06666666666667,26.06666666666667,0.49,12.654600000000002,236.0,10.3523,0.0,1009.86
2020-06-04 12:00:00,27.22222222222222,27.649999999999995,0.5,13.6689,240.0,11.2056,0.0,1009.57
2020-06-04 13:00:00,27.77777777777778,27.477777777777774,0.4,12.4936,249.0,9.982000000000001,0.0,1009.07
2020-06-04 14:00:00,28.833333333333332,28.35,0.39,7.792400000000001,223.0,10.3523,0.0,1008.41
2020-06-04 15:00:00,28.911111111111115,28.49444444444445,0.4,11.0607,203.0,9.982000000000001,0.0,1007.66
2020-06-04 16:00:00,29.949999999999996,29.11111111111111,0.35,12.0267,153.0,9.982000000000001,0.0,1006.97
2020-06-04 17:00:00,28.88888888888889,28.377777777777776,0.39,8.9999,148.0,10.3523,0.0,1006.23
2020-06-04 18:00:00,27.17777777777778,27.394444444444446,0.47,7.695800000000001,202.0,10.0464,0.0,1005.99
2020-06-04 19:00:00,25.716666666666672,25.716666666666672,0.51,8.162700000000001,130.0,10.0464,0.0,1005.86
2020-06-04 20:00:00,21.03888888888889,21.03888888888889,0.61,23.2967,297.0,11.2056,0.0,1006.07
2020-06-04 21:00:00,17.68888888888889,17.68888888888889,0.79,15.407700000000002,340.0,11.270000000000001,0.0,1007.21
2020-06-04 22:00:00,17.68888888888889,17.68888888888889,0.82,18.901400000000002,329.0,14.9569,0.0,1007.46
2020-06-04 23:00:00,16.34444444444445,16.34444444444445,0.96,1.5778,264.0,9.2414,0.0,1008.13
2020-06-05 00:00:00,17.15,17.15,0.93,5.7155000000000005,87.0,15.826300000000002,0.0,1006.98
2020-06-05 01:00:00,16.6,16.6,0.93,2.898,20.0,15.826300000000002,0.0,1006.76
2020-06-05 02:00:00,16.133333333333333,16.133333333333333,0.97,5.5384,301.0,14.9569,0.0,1006.54
2020-06-05 03:00:00,15.027777777777779,15.027777777777779,0.96,6.44,310.0,14.812,0.0,1006.26
2020-06-05 04:00:00,14.97777777777778,14.97777777777778,0.96,3.6064000000000007,247.0,14.9086,0.0,1006.62
2020-06-05 05:00:00,15.405555555555553,15.405555555555553,0.96,6.4078,300.0,9.982000000000001,0.0,1006.89
2020-06-05 06:00:00,14.905555555555553,14.905555555555553,0.93,9.193100000000001,329.0,11.270000000000001,0.0,1007.15
2020-06-05 07:00:00,14.905555555555553,14.905555555555553,0.88,17.404100000000003,319.0,11.0768,0.0,1006.96
2020-06-05 08:00:00,16.16111111111111,16.16111111111111,0.88,16.6152,336.0,10.722600000000002,0.0,1007.33
2020-06-05 09:00:00,17.59444444444445,17.59444444444445,0.79,22.024800000000003,310.0,11.270000000000001,0.0,1007.54
2020-06-05 10:00:00,17.711111111111112,17.711111111111112,0.78,22.0087,310.0,11.270000000000001,0.0,1007.57
2020-06-05 11:00:00,18.72222222222222,18.72222222222222,0.74,22.7332,328.0,11.0768,0.0,1008.38
2020-06-05 12:00:00,17.68888888888889,17.68888888888889,0.78,23.4738,320.0,11.270000000000001,0.0,1008.78
2020-06-05 13:00:00,17.76111111111111,17.76111111111111,0.78,25.309200000000004,320.0,11.270000000000001,0.0,1009.25
2020-06-05 14:00:00,17.73888888888889,17.73888888888889,0.79,27.160700000000002,318.0,11.4471,0.0,1009.3
2020-06-05 15:00:00,17.366666666666664,17.366666666666664,0.8,22.169700000000002,311.0,11.270000000000001,0.0,1009.45
2020-06-05 16:00:00,18.86666666666666,18.86666666666666,0.72,16.599100000000004,310.0,11.270000000000001,0.0,1009.74
2020-06-05 17:00:00,18.86666666666666,18.86666666666666,0.6,25.3736,310.0,11.4471,0.0,1009.91
2020-06-05 18:00:00,18.86111111111111,18.86111111111111,0.51,27.5149,320.0,11.2056,0.0,1010.25
2020-06-05 19:00:00,17.755555555555556,17.755555555555556,0.51,33.005,319.0,9.982000000000001,0.0,1010.79
2020-06-05 20:00:00,16.29444444444444,16.29444444444444,0.51,20.4148,309.0,11.398800000000001,0.0,1012.09
2020-06-05 21:00:00,13.838888888888887,13.838888888888887,0.59,23.828000000000003,300.0,9.982000000000001,0.0,1013.07
2020-06-05 22:00:00,13.77222222222222,13.77222222222222,0.59,20.736800000000002,299.0,15.826300000000002,0.0,1014.05
2020-06-05 23:00:00,12.227777777777776,12.227777777777776,0.65,22.652700000000003,299.0,15.3111,0.0,1014.13
2020-06-06 00:00:00,10.6,10.6,0.74,17.2753,290.0,15.826300000000002,0.0,1014.05
2020-06-06 01:00:00,10.02222222222222,10.02222222222222,0.77,14.570500000000003,290.0,15.826300000000002,0.0,1014.21
2020-06-06 02:00:00,9.227777777777778,7.1333333333333355,0.83,13.8138,280.0,15.3111,0.0,1014.08
2020-06-06 03:00:00,10.438888888888888,10.438888888888888,0.81,14.329,290.0,15.826300000000002,0.0,1013.85
2020-06-06 04:00:00,9.86111111111111,7.527777777777776,0.81,16.985500000000002,290.0,15.826300000000002,0.0,1013.94
2020-06-06 05:00:00,9.777777777777779,7.927777777777781,0.82,12.88,305.0,15.3111,0.0,1014.21
2020-06-06 06:00:00,9.866666666666665,8.11111111111111,0.84,12.397,281.0,11.2056,0.0,1014.33
2020-06-06 07:00:00,11.116666666666665,11.116666666666665,0.77,14.039200000000001,300.0,9.982000000000001,0.0,1014.51
2020-06-06 08:00:00,12.733333333333334,12.733333333333334,0.76,13.507900000000001,306.0,10.3523,0.0,1014.54
2020-06-06 09:00:00,15.027777777777779,15.027777777777779,0.67,11.0446,271.0,9.982000000000001,0.0,1014.62
2020-06-06 10:00:00,17.22222222222222,17.22222222222222,0.63,9.5151,262.0,11.270000000000001,0.0,1014.69
2020-06-06 11:00:00,17.788888888888884,17.788888888888884,0.63,7.953400000000001,289.0,11.4471,0.0,1014.53
2020-06-06 12:00:00,18.93888888888889,18.93888888888889,0.56,7.824600000000001,297.0,11.270000000000001,0.0,1014.3
2020-06-06 13:00:00,21.03888888888889,21.03888888888889,0.56,4.781700000000001,218.0,11.270000000000001,0.0,1014.09
2020-06-06 14:00:00,20.161111111111115,20.161111111111115,0.52,5.7477,267.0,11.398800000000001,0.0,1013.47
2020-06-06 15:00:00,21.20555555555556,21.20555555555556,0.48,4.9105,258.0,11.2056,0.0,1013.36
2020-06-06 16:00:00,21.227777777777774,21.227777777777774,0.48,5.0071,232.0,11.2056,0.0,1012.78
2020-06-06 17:00:00,22.16111111111111,22.16111111111111,0.42,7.695800000000001,210.0,11.398800000000001,0.0,1012.41
2020-06-06 18:00:00,21.20555555555556,21.20555555555556,0.48,10.787,222.0,9.982000000000001,0.0,1011.77
2020-06-06 19:00:00,21.11111111111111,21.11111111111111,0.48,9.563400000000001,239.0,9.982000000000001,0.0,1011.67
2020-06-06 20:00:00,18.294444444444448,18.294444444444448,0.61,8.1788,236.0,10.3523,0.0,1011.65
2020-06-06 21:00:00,16.183333333333334,16.183333333333334,0.67,7.647500000000001,200.0,9.982000000000001,0.0,1011.99
2020-06-06 22:00:00,14.983333333333333,14.983333333333333,0.72,6.423900000000001,219.0,15.826300000000002,0.0,1012.56
2020-06-06 23:00:00,14.711111111111109,14.711111111111109,0.74,6.1341,175.0,14.9569,0.0,1012.68
2020-06-07 00:00:00,13.338888888888887,13.338888888888887,0.77,6.295100000000001,172.0,15.826300000000002,0.0,1012.78
2020-06-07 01:00:00,12.761111111111111,12.761111111111111,0.83,6.0697,170.0,15.826300000000002,0.0,1012.77
2020-06-07 02:00:00,13.08888888888889,13.08888888888889,0.82,6.1824,175.0,14.9569,0.0,1012.78
2020-06-07 03:00:00,12.227777777777776,12.227777777777776,0.86,3.3005,173.0,15.826300000000002,0.0,1012.77
2020-06-07 04:00:00,11.716666666666669,11.716666666666669,0.9,3.1878,153.0,15.826300000000002,0.0,1012.76
2020-06-07 05:00:00,11.800000000000002,11.800000000000002,0.9,6.359500000000001,140.0,14.9569,0.0,1012.86
2020-06-07 06:00:00,12.227777777777776,12.227777777777776,0.86,8.9838,140.0,9.982000000000001,0.0,1013.06
2020-06-07 07:00:00,13.961111111111112,13.961111111111112,0.83,9.1126,160.0,9.982000000000001,0.0,1013.05
2020-06-07 08:00:00,17.783333333333335,17.783333333333335,0.7,7.8084999999999996,179.0,11.0285,0.0,1012.87
2020-06-07 09:00:00,21.06666666666667,21.06666666666667,0.59,9.080400000000001,184.0,11.2056,0.0,1012.87
2020-06-07 10:00:00,22.24444444444445,22.24444444444445,0.55,12.0106,183.0,11.270000000000001,0.0,1012.66
2020-06-07 11:00:00,23.8,23.8,0.53,11.125100000000002,202.0,11.4471,0.0,1012.57
2020-06-07 12:00:00,24.95,24.95,0.5,10.4972,212.0,11.270000000000001,0.0,1012.18
2020-06-07 13:00:00,26.088888888888885,26.088888888888885,0.5,10.851400000000002,251.0,11.2056,0.0,1011.98
2020-06-07 14:00:00,26.211111111111116,26.211111111111116,0.47,11.801300000000001,241.0,10.3523,0.0,1011.54
2020-06-07 15:00:00,27.199999999999996,27.044444444444448,0.41,10.626,231.0,9.982000000000001,0.0,1011.07
2020-06-07 16:00:00,27.24444444444445,27.1,0.41,10.8997,222.0,9.982000000000001,0.0,1010.57
2020-06-07 17:00:00,27.272222222222226,27.211111111111116,0.43,8.5652,208.0,10.3523,0.0,1010.03
2020-06-07 18:00:00,27.22222222222222,27.066666666666666,0.41,10.867500000000001,220.0,9.982000000000001,0.0,1009.77
2020-06-07 19:00:00,26.088888888888885,26.088888888888885,0.49,9.3541,220.0,9.982000000000001,0.0,1009.77
2020-06-07 20:00:00,23.244444444444447,23.244444444444447,0.59,7.5187,210.0,10.3523,0.0,1009.71
2020-06-07 21:00:00,20.161111111111115,20.161111111111115,0.72,7.760200000000001,191.0,9.982000000000001,0.0,1010.06
2020-06-07 22:00:00,18.93888888888889,18.93888888888889,0.78,10.5938,161.0,15.826300000000002,0.0,1010.65
2020-06-07 23:00:00,18.68333333333333,18.68333333333333,0.78,5.9892,172.0,14.9569,0.0,1010.49
2020-06-08 00:00:00,18.28888888888889,18.28888888888889,0.78,6.4561,172.0,15.826300000000002,0.0,1010.16
2020-06-08 01:00:00,17.244444444444444,17.244444444444444,0.84,6.279,161.0,15.826300000000002,0.0,1010.05
2020-06-08 02:00:00,18.194444444444443,18.194444444444443,0.8,7.148400000000001,173.0,14.9569,0.0,1009.92
2020-06-08 03:00:00,18.200000000000003,18.200000000000003,0.82,3.4937,173.0,15.826300000000002,0.0,1009.87
2020-06-08 04:00:00,18.15555555555556,18.15555555555556,0.84,6.423900000000001,209.0,15.826300000000002,0.0,1010.25
2020-06-08 05:00:00,17.322222222222223,17.322222222222223,0.85,11.0607,189.0,14.9569,0.0,1010.57
2020-06-08 06:00:00,17.68888888888889,17.68888888888889,0.85,7.776300000000001,171.0,9.982000000000001,0.0,1010.64
2020-06-08 07:00:00,19.938888888888886,19.938888888888886,0.78,9.2575,190.0,9.982000000000001,0.0,1010.65
2020-06-08 08:00:00,22.25,22.25,0.67,14.329,201.0,10.3523,0.0,1010.85
2020-06-08 09:00:00,23.81666666666667,23.81666666666667,0.58,17.1626,220.0,9.982000000000001,0.0,1010.83
2020-06-08 10:00:00,24.92777777777778,24.92777777777778,0.54,23.055200000000003,221.0,11.2056,0.0,1010.46
2020-06-08 11:00:00,26.03888888888889,26.03888888888889,0.53,18.0481,232.0,11.398800000000001,0.0,1010.48
2020-06-08 12:00:00,27.194444444444443,27.672222222222224,0.51,16.9211,249.0,11.270000000000001,0.0,1010.57
2020-06-08 13:00:00,27.77777777777778,28.116666666666667,0.49,20.0606,251.0,10.0464,0.0,1010.49
2020-06-08 14:00:00,28.772222222222226,28.911111111111115,0.46,16.6474,240.0,10.3523,0.0,1010.58
2020-06-08 15:00:00,28.90555555555555,29.383333333333333,0.49,14.49,269.0,9.982000000000001,0.0,1010.47
2020-06-08 16:00:00,28.977777777777774,29.12777777777778,0.46,15.939000000000002,261.0,9.982000000000001,0.0,1010.27
2020-06-08 17:00:00,29.08888888888889,29.372222222222224,0.47,13.7172,265.0,10.3523,0.0,1010.27
2020-06-08 18:00:00,28.93333333333333,28.79444444444444,0.43,17.4524,270.0,9.982000000000001,0.0,1010.29
2020-06-08 19:00:00,27.77777777777778,28.105555555555558,0.49,12.477500000000001,242.0,9.982000000000001,0.0,1010.47
2020-06-08 20:00:00,25.450000000000003,25.450000000000003,0.52,5.216400000000001,241.0,10.3523,0.0,1010.82
2020-06-08 21:00:00,22.338888888888885,22.338888888888885,0.68,7.7440999999999995,171.0,9.982000000000001,0.0,1010.85
2020-06-08 22:00:00,22.16111111111111,22.16111111111111,0.66,6.1985,151.0,15.826300000000002,0.0,1011.38
2020-06-08 23:00:00,19.81111111111111,19.81111111111111,0.81,3.4293,177.0,14.9569,0.0,1012.21
2020-06-09 00:00:00,19.983333333333334,19.983333333333334,0.78,10.6099,172.0,15.826300000000002,0.0,1012.75
2020-06-09 01:00:00,19.494444444444447,19.494444444444447,0.81,11.0929,162.0,15.826300000000002,0.0,1012.94
2020-06-09 02:00:00,19.53888888888889,19.53888888888889,0.82,5.425700000000001,169.0,14.9569,0.0,1012.82
2020-06-09 03:00:00,18.899999999999995,18.899999999999995,0.84,6.0697,176.0,15.826300000000002,0.0,1012.48
2020-06-09 04:00:00,17.299999999999997,17.299999999999997,0.87,6.0858,155.0,15.826300000000002,0.0,1012.57
2020-06-09 05:00:00,17.855555555555554,17.855555555555554,0.87,5.8443000000000005,142.0,14.168000000000003,0.0,1012.56
2020-06-09 06:00:00,18.77777777777778,18.77777777777778,0.9,0.5474000000000001,273.0,8.1305,0.0,1013.09
2020-06-09 07:00:00,22.52777777777778,22.52777777777778,0.74,6.1502,279.0,9.982000000000001,0.0,1013.29
2020-06-09 08:00:00,24.66111111111111,24.66111111111111,0.63,1.6261,202.0,10.3523,0.0,1013.55
2020-06-09 09:00:00,26.900000000000002,27.633333333333333,0.55,6.5849,273.0,9.982000000000001,0.0,1013.43
2020-06-09 10:00:00,27.56666666666667,27.783333333333335,0.47,3.6064000000000007,272.0,9.982000000000001,0.0,1013.53
2020-06-09 11:00:00,28.761111111111106,29.205555555555552,0.49,8.533,306.0,10.3523,0.0,1013.73
2020-06-09 12:00:00,27.77777777777778,28.438888888888886,0.53,9.5312,308.0,10.0464,0.0,1014.09
2020-06-09 13:00:00,30.877777777777776,31.399999999999995,0.44,3.703,110.0,9.982000000000001,0.0,1013.73
2020-06-09 14:00:00,31.199999999999996,31.088888888888885,0.39,9.6922,268.0,10.3523,0.0,1013.55
2020-06-09 15:00:00,32.01111111111111,32.016666666666666,0.38,1.0304,44.0,9.982000000000001,0.0,1012.73
2020-06-09 16:00:00,32.0611111111111,32.69444444444444,0.42,2.7209,63.0,9.982000000000001,0.0,1012.27
2020-06-09 17:00:00,31.061111111111106,31.61111111111111,0.44,7.615300000000001,36.0,9.982000000000001,0.0,1011.84
2020-06-09 18:00:00,30.900000000000002,31.011111111111106,0.42,2.5277000000000003,73.0,9.982000000000001,0.0,1011.46
2020-06-09 19:00:00,28.79444444444444,28.994444444444444,0.46,4.459700000000001,63.0,10.0464,0.0,1011.55
2020-06-09 20:00:00,26.43888888888889,26.43888888888889,0.58,10.642100000000001,15.0,11.4471,0.0,1011.25
2020-06-09 21:00:00,25.900000000000002,25.900000000000002,0.6,13.250300000000001,358.0,10.0464,0.0,1011.54
2020-06-09 22:00:00,25.12222222222222,25.12222222222222,0.64,14.441700000000003,350.0,15.874600000000001,0.0,1012.2
2020-06-09 23:00:00,23.688888888888886,23.688888888888886,0.63,15.713600000000001,20.0,15.3111,0.0,1012.02
2020-06-10 00:00:00,20.90555555555555,20.90555555555555,0.73,23.8763,40.0,15.826300000000002,0.0,1012.17
2020-06-10 01:00:00,19.327777777777783,19.327777777777783,0.82,10.1752,21.0,15.874600000000001,0.0,1012.49
2020-06-10 02:00:00,19.81111111111111,19.81111111111111,0.78,26.1464,325.0,15.3111,0.0,1014.66
2020-06-10 03:00:00,19.283333333333328,19.283333333333328,0.79,19.561500000000002,21.0,15.826300000000002,0.0,1013.55
2020-06-10 04:00:00,18.772222222222226,18.772222222222226,0.82,16.3576,51.0,15.826300000000002,0.0,1012.81
2020-06-10 05:00:00,18.41666666666667,18.41666666666667,0.82,16.7279,58.0,15.3111,0.0,1012.69
2020-06-10 06:00:00,18.727777777777774,18.727777777777774,0.75,15.504300000000002,80.0,9.982000000000001,0.0,1012.51
2020-06-10 07:00:00,19.838888888888885,19.838888888888885,0.75,15.504300000000002,90.0,10.0464,0.0,1012.13
2020-06-10 08:00:00,21.03888888888889,21.03888888888889,0.73,10.448900000000002,104.0,10.4006,0.0,1011.75
2020-06-10 09:00:00,23.56111111111111,23.56111111111111,0.64,0.5474000000000001,37.0,10.0464,0.0,1011.73
2020-06-10 10:00:00,23.63333333333334,23.63333333333334,0.64,3.2039,89.0,10.0464,0.0,1011.06
2020-06-10 11:00:00,24.86111111111111,24.86111111111111,0.63,3.6869,117.0,11.4471,0.0,1011.04
2020-06-10 12:00:00,26.894444444444442,27.772222222222222,0.57,3.059,152.0,10.0464,0.0,1010.26
2020-06-10 13:00:00,26.872222222222224,27.76666666666667,0.58,10.5455,179.0,10.0464,0.0,1010.31
2020-06-10 14:00:00,28.505555555555556,29.838888888888885,0.57,8.2432,180.0,11.4471,0.0,1009.78
2020-06-10 15:00:00,28.42777777777778,29.683333333333337,0.57,7.502600000000001,176.0,11.270000000000001,0.0,1009.12
2020-06-10 16:00:00,27.477777777777774,28.255555555555556,0.55,7.502600000000001,218.0,11.270000000000001,0.0,1008.58
2020-06-10 17:00:00,27.23333333333333,27.88888888888889,0.54,6.552700000000001,156.0,11.398800000000001,0.0,1007.32
2020-06-10 18:00:00,27.061111111111106,27.399999999999995,0.49,11.801300000000001,260.0,9.982000000000001,0.0,1006.44
2020-06-10 19:00:00,24.86111111111111,24.86111111111111,0.63,2.6243,163.0,11.2056,0.0,1006.15
2020-06-10 20:00:00,23.138888888888893,23.138888888888893,0.7,3.7674,313.0,11.398800000000001,0.0,1006.77
2020-06-10 21:00:00,22.17777777777778,22.17777777777778,0.82,7.953400000000001,119.0,11.2056,0.0,1007.41
2020-06-10 22:00:00,21.04444444444444,21.04444444444444,0.88,2.9624,22.0,15.826300000000002,0.0,1006.6
2020-06-10 23:00:00,19.899999999999995,19.899999999999995,0.83,18.241300000000003,137.0,14.9569,0.0,1007.25
2020-06-11 00:00:00,19.361111111111107,19.361111111111107,0.85,10.9158,141.0,15.729700000000001,0.0,1007.1
2020-06-11 01:00:00,17.849999999999998,17.849999999999998,0.9,6.3756,198.0,15.826300000000002,0.0,1007.28
2020-06-11 02:00:00,18.455555555555556,18.455555555555556,0.9,4.0572,153.0,14.9569,0.0,1007.53
2020-06-11 03:00:00,18.177777777777777,18.177777777777777,0.88,11.270000000000001,188.0,15.826300000000002,0.0,1007.23
2020-06-11 04:00:00,17.644444444444442,17.644444444444442,0.91,6.262900000000001,180.0,15.826300000000002,0.0,1006.66
2020-06-11 05:00:00,17.244444444444444,17.244444444444444,0.91,5.763800000000001,173.0,11.688600000000001,0.0,1006.34
2020-06-11 06:00:00,17.666666666666668,17.666666666666668,0.96,4.8783,187.0,11.2056,0.0,1006.11
2020-06-11 07:00:00,18.711111111111116,18.711111111111116,0.9,8.3076,214.0,11.270000000000001,0.0,1006.31
2020-06-11 08:00:00,17.933333333333334,17.933333333333334,0.96,7.6636,277.0,11.4471,0.0,1006.83
2020-06-11 09:00:00,18.8,18.8,0.79,12.525800000000002,299.0,11.2056,0.0,1006.4
2020-06-11 10:00:00,20.97222222222222,20.97222222222222,0.69,12.477500000000001,278.0,10.0464,0.0,1005.44
2020-06-11 11:00:00,22.62777777777778,22.62777777777778,0.66,5.216400000000001,234.0,11.4471,0.0,1005.93
2020-06-11 12:00:00,22.31111111111111,22.31111111111111,0.64,14.5222,222.0,11.270000000000001,0.0,1005.79
2020-06-11 13:00:00,23.883333333333333,23.883333333333333,0.54,14.2807,205.0,11.270000000000001,0.0,1005.77
2020-06-11 14:00:00,24.88888888888889,24.88888888888889,0.51,18.6277,240.0,11.4471,0.0,1005.43
2020-06-11 15:00:00,23.95555555555556,23.95555555555556,0.62,19.4649,203.0,11.270000000000001,0.0,1004.9
2020-06-11 16:00:00,22.31111111111111,22.31111111111111,0.72,13.7494,213.0,8.1949,0.0,1005.16
2020-06-11 17:00:00,24.033333333333335,24.033333333333335,0.67,12.8156,319.0,11.4471,0.0,1004.53
2020-06-11 18:00:00,22.70555555555556,22.70555555555556,0.66,10.787,327.0,11.270000000000001,0.0,1004.79
2020-06-11 19:00:00,21.13333333333334,21.13333333333334,0.73,3.0268,12.0,11.270000000000001,0.0,1005.19
2020-06-11 20:00:00,21.049999999999997,21.049999999999997,0.81,2.5277000000000003,355.0,11.4471,0.0,1005.54
2020-06-11 21:00:00,17.800000000000004,17.800000000000004,0.96,3.1717,152.0,11.270000000000001,0.0,1005.59
2020-06-11 22:00:00,18.216666666666672,18.216666666666672,0.91,6.0375000000000005,150.0,15.826300000000002,0.0,1005.96
2020-06-11 23:00:00,18.266666666666666,18.266666666666666,0.92,3.0268,144.0,14.9569,0.0,1005.86
2020-06-12 00:00:00,17.63888888888889,17.63888888888889,0.97,6.2146,142.0,15.874600000000001,0.0,1005.91
2020-06-12 01:00:00,17.572222222222223,17.572222222222223,0.94,6.423900000000001,171.0,15.826300000000002,0.0,1006.19
2020-06-12 02:00:00,15.883333333333335,15.883333333333335,0.96,5.5384,258.0,14.9569,0.0,1006.56
2020-06-12 03:00:00,16.461111111111112,16.461111111111112,0.97,3.2522,161.0,15.826300000000002,0.0,1006.27
2020-06-12 04:00:00,16.43888888888889,16.43888888888889,0.97,6.0375000000000005,160.0,15.874600000000001,0.0,1005.88
2020-06-12 05:00:00,16.394444444444442,16.394444444444442,0.96,6.8586,180.0,15.552600000000002,0.0,1005.92
2020-06-12 06:00:00,17.566666666666666,17.566666666666666,0.97,7.760200000000001,159.0,11.2056,0.0,1005.66
2020-06-12 07:00:00,19.79444444444444,19.79444444444444,0.85,10.5455,170.0,11.2056,0.0,1005.56
2020-06-12 08:00:00,20.98888888888889,20.98888888888889,0.79,13.3147,158.0,11.2056,0.0,1005.55
2020-06-12 09:00:00,23.444444444444443,23.444444444444443,0.64,13.4113,160.0,10.851400000000002,0.0,1005.13
2020-06-12 10:00:00,24.511111111111113,24.511111111111113,0.64,15.649200000000002,150.0,11.270000000000001,0.0,1004.66
2020-06-12 11:00:00,24.505555555555556,24.505555555555556,0.64,16.711800000000004,167.0,11.4471,0.0,1004.23
2020-06-12 12:00:00,24.650000000000002,24.650000000000002,0.7,12.042800000000002,179.0,11.270000000000001,0.0,1004.02
2020-06-12 13:00:00,21.988888888888887,21.988888888888887,0.82,9.2897,239.0,10.980200000000002,0.0,1003.88
2020-06-12 14:00:00,22.211111111111116,22.211111111111116,0.81,6.1019000000000005,352.0,11.3183,0.0,1003.57
2020-06-12 15:00:00,19.78888888888889,19.78888888888889,0.93,21.4774,289.0,10.980200000000002,0.0,1003.75
2020-06-12 16:00:00,19.81666666666667,19.81666666666667,0.85,18.8531,291.0,11.270000000000001,0.0,1003.84
2020-06-12 17:00:00,19.01111111111111,19.01111111111111,0.89,12.445300000000001,293.0,7.2611,0.0,1003.86
2020-06-12 18:00:00,17.783333333333335,17.783333333333335,0.9,2.2218,338.0,11.270000000000001,0.0,1003.97
2020-06-12 19:00:00,17.733333333333334,17.733333333333334,0.91,15.810200000000002,259.0,11.270000000000001,0.0,1004.78
2020-06-12 20:00:00,17.349999999999998,17.349999999999998,0.88,4.2987,243.0,11.4471,0.0,1004.81
2020-06-12 21:00:00,17.17777777777778,17.17777777777778,0.93,10.8192,219.0,11.270000000000001,0.0,1005.0
2020-06-12 22:00:00,16.6,16.6,0.94,11.0285,197.0,14.9569,0.0,1006.31
2020-06-12 23:00:00,16.61111111111111,16.61111111111111,0.93,10.1752,134.0,11.688600000000001,0.0,1004.88
2020-06-13 00:00:00,16.08888888888889,16.08888888888889,0.91,16.744000000000003,170.0,11.9784,0.0,1005.46
2020-06-13 01:00:00,15.511111111111113,15.511111111111113,0.93,20.108900000000002,190.0,11.9784,0.0,1005.9
2020-06-13 02:00:00,15.627777777777778,15.627777777777778,0.94,11.527600000000001,198.0,11.688600000000001,0.0,1005.41
2020-06-13 03:00:00,15.416666666666666,15.416666666666666,0.93,11.237800000000002,171.0,8.1305,0.0,1006.02
2020-06-13 04:00:00,15.394444444444446,15.394444444444446,0.93,10.948,180.0,8.1305,0.0,1006.05
2020-06-13 05:00:00,15.5,15.5,0.96,10.9641,194.0,9.982000000000001,0.0,1006.43
2020-06-13 06:00:00,16.0,16.0,0.93,10.996300000000002,192.0,9.982000000000001,0.0,1006.95
2020-06-13 07:00:00,17.11111111111111,17.11111111111111,0.93,15.439900000000002,201.0,11.2056,0.0,1007.44
2020-06-13 08:00:00,18.82222222222222,18.82222222222222,0.84,19.642,210.0,11.4471,0.0,1007.84
2020-06-13 09:00:00,20.949999999999996,20.949999999999996,0.64,21.5096,231.0,11.270000000000001,0.0,1008.27
2020-06-13 10:00:00,21.03888888888889,21.03888888888889,0.59,21.686700000000002,250.0,11.270000000000001,0.0,1008.48
2020-06-13 11:00:00,22.08888888888889,22.08888888888889,0.55,23.184,251.0,11.4471,0.0,1009.19
2020-06-13 12:00:00,22.1,22.1,0.54,20.736800000000002,260.0,11.270000000000001,0.0,1009.8
2020-06-13 13:00:00,22.54444444444444,22.54444444444444,0.54,17.7905,272.0,11.270000000000001,0.0,1010.52
2020-06-13 14:00:00,22.600000000000005,22.600000000000005,0.56,21.7511,278.0,11.4471,0.0,1010.69
2020-06-13 15:00:00,22.649999999999995,22.649999999999995,0.57,22.314600000000002,280.0,11.270000000000001,0.0,0.0
2020-06-13 16:00:00,22.17222222222222,22.17222222222222,0.55,24.1983,270.0,11.270000000000001,0.0,0.0
2020-06-13 17:00:00,22.23888888888889,22.23888888888889,0.57,21.429100000000002,281.0,11.4471,0.0,1011.79
2020-06-13 18:00:00,21.11111111111111,21.11111111111111,0.57,17.6456,308.0,11.270000000000001,0.0,0.0
2020-06-13 19:00:00,19.95,19.95,0.61,15.890699999999999,318.0,11.270000000000001,0.0,0.0
2020-06-13 20:00:00,18.09444444444444,18.09444444444444,0.7,12.2682,310.0,10.3523,0.0,1012.54
2020-06-13 21:00:00,16.11111111111111,16.11111111111111,0.81,9.8693,299.0,9.982000000000001,0.0,0.0
2020-06-13 22:00:00,15.0,15.0,0.87,3.703,297.0,9.982000000000001,0.0,0.0
2020-06-13 23:00:00,15.583333333333334,15.583333333333334,0.84,10.6099,299.0,15.3111,0.0,1014.86
2020-06-14 00:00:00,13.88888888888889,13.88888888888889,0.9,8.1949,307.0,9.982000000000001,0.0,0.0
2020-06-14 01:00:00,13.88888888888889,13.88888888888889,0.9,4.8139,206.0,9.982000000000001,0.0,0.0
2020-06-14 02:00:00,13.68888888888889,13.68888888888889,0.9,6.295100000000001,287.0,15.3111,0.0,1015.83
2020-06-14 03:00:00,12.82777777777778,12.82777777777778,0.96,3.3649,218.0,9.982000000000001,0.0,0.0
2020-06-14 04:00:00,12.82777777777778,12.82777777777778,0.9,3.3649,260.0,9.982000000000001,0.0,0.0
2020-06-14 05:00:00,12.094444444444447,12.094444444444447,0.93,7.1162,256.0,15.3111,0.0,1016.43
2020-06-14 06:00:00,13.838888888888887,13.838888888888887,0.9,3.5259,296.0,9.982000000000001,0.0,0.0
2020-06-14 07:00:00,16.11111111111111,16.11111111111111,0.78,9.8693,281.0,9.982000000000001,0.0,0.0
2020-06-14 08:00:00,17.755555555555556,17.755555555555556,0.7,13.894300000000003,297.0,10.3523,0.0,1018.03
2020-06-14 09:00:00,19.95,19.95,0.61,16.3898,308.0,11.270000000000001,0.0,0.0
2020-06-14 10:00:00,20.0,20.0,0.63,14.6188,289.0,11.270000000000001,0.0,0.0
2020-06-14 11:00:00,22.072222222222226,22.072222222222226,0.62,13.8621,267.0,11.4471,0.0,1018.12
2020-06-14 12:00:00,22.22222222222222,22.22222222222222,0.55,17.693900000000003,280.0,11.270000000000001,0.0,0.0
2020-06-14 13:00:00,22.22222222222222,22.22222222222222,0.53,13.250300000000001,270.0,11.270000000000001,0.0,0.0
2020-06-14 14:00:00,23.711111111111116,23.711111111111116,0.53,16.8728,274.0,11.398800000000001,0.0,1017.88
2020-06-14 15:00:00,23.83888888888889,23.83888888888889,0.5,13.234200000000001,269.0,11.2056,0.0,0.0
2020-06-14 16:00:00,23.83888888888889,23.83888888888889,0.48,11.382700000000002,263.0,11.2056,0.0,0.0
2020-06-14 17:00:00,23.88888888888889,23.88888888888889,0.43,14.3451,285.0,15.3111,0.0,1017.12
2020-06-14 18:00:00,23.83888888888889,23.83888888888889,0.45,13.234200000000001,281.0,9.982000000000001,0.0,0.0
2020-06-14 19:00:00,22.75,22.75,0.48,11.414900000000001,290.0,9.982000000000001,0.0,0.0
2020-06-14 20:00:00,20.383333333333333,20.383333333333333,0.58,7.1001,316.0,10.3523,0.0,1017.79
2020-06-14 21:00:00,17.25,17.25,0.71,4.7334000000000005,319.0,9.982000000000001,0.0,0.0
2020-06-14 22:00:00,17.22222222222222,17.22222222222222,0.72,3.2039,329.0,9.982000000000001,0.0,0.0
2020-06-14 23:00:00,14.788888888888888,14.788888888888888,0.79,3.1556,286.0,14.9569,0.0,1019.23
2020-06-15 00:00:00,13.88888888888889,13.88888888888889,0.83,6.44,290.0,9.982000000000001,0.0,0.0
2020-06-15 01:00:00,12.3,12.3,0.93,3.2039,271.0,9.982000000000001,0.0,0.0
2020-06-15 02:00:00,12.044444444444444,12.044444444444444,0.93,3.1878,293.0,14.9569,0.0,1019.92
2020-06-15 03:00:00,11.161111111111113,11.161111111111113,1.0,0.0,0.0,9.982000000000001,0.0,0.0
2020-06-15 04:00:00,11.161111111111113,11.161111111111113,0.93,3.1073,357.0,8.1305,0.0,0.0
2020-06-15 05:00:00,10.911111111111111,10.911111111111111,0.93,3.0429,292.0,8.420300000000001,0.0,1020.28
2020-06-15 06:00:00,13.88888888888889,13.88888888888889,0.9,0.0,0.0,9.982000000000001,0.0,0.0
2020-06-15 07:00:00,18.83888888888889,18.83888888888889,0.68,0.0,0.0,9.982000000000001,0.0,0.0
2020-06-15 08:00:00,21.927777777777777,21.927777777777777,0.5,3.4615,104.0,10.4006,0.0,1021.0
2020-06-15 09:00:00,23.727777777777774,23.727777777777774,0.5,1.3685,350.0,9.982000000000001,0.0,1021.4
2020-06-15 10:00:00,23.744444444444444,23.744444444444444,0.46,4.2182,264.0,9.982000000000001,0.0,1021.4
2020-06-15 11:00:00,23.899999999999995,23.899999999999995,0.44,6.8586,268.0,10.3523,0.0,1021.39
2020-06-15 12:00:00,24.95,24.95,0.42,8.919400000000001,209.0,9.982000000000001,0.0,1021.49
2020-06-15 13:00:00,25.99444444444445,25.99444444444445,0.35,7.486500000000001,122.0,9.982000000000001,0.0,1021.4
2020-06-15 14:00:00,26.055555555555557,26.055555555555557,0.38,2.7692,308.0,10.3523,0.0,1021.1
2020-06-15 15:00:00,26.18333333333333,26.18333333333333,0.39,7.969500000000001,231.0,9.982000000000001,0.0,1020.9
2020-06-15 16:00:00,27.150000000000002,26.694444444444443,0.34,7.1645,123.0,9.982000000000001,0.0,1020.78
2020-06-15 17:00:00,27.11111111111111,26.816666666666663,0.37,9.6922,220.0,10.3523,0.0,1020.78
2020-06-15 18:00:00,27.17222222222222,26.833333333333332,0.37,7.824600000000001,175.0,9.982000000000001,0.0,1020.59
2020-06-15 19:00:00,26.088888888888885,26.088888888888885,0.42,7.969500000000001,241.0,9.982000000000001,0.0,1020.6
2020-06-15 20:00:00,23.144444444444442,23.144444444444442,0.5,4.6046000000000005,202.0,10.3523,0.0,1020.91
2020-06-15 21:00:00,19.00555555555555,19.00555555555555,0.73,1.5295,180.0,9.982000000000001,0.0,1021.48
2020-06-15 22:00:00,17.805555555555557,17.805555555555557,0.76,3.22,210.0,15.826300000000002,0.0,1021.98
2020-06-15 23:00:00,16.977777777777778,16.977777777777778,0.8,5.570600000000001,139.0,14.9569,0.0,1022.18
2020-06-16 00:00:00,15.533333333333335,15.533333333333335,0.85,0.0,0.0,15.826300000000002,0.0,1022.28
2020-06-16 01:00:00,14.472222222222221,14.472222222222221,0.9,3.22,150.0,15.826300000000002,0.0,1022.19
2020-06-16 02:00:00,15.083333333333334,15.083333333333334,0.87,6.391700000000001,132.0,14.9569,0.0,1022.19
2020-06-16 03:00:00,14.333333333333334,14.333333333333334,0.88,6.44,150.0,15.826300000000002,0.0,1022.09
2020-06-16 04:00:00,12.272222222222224,12.272222222222224,0.93,3.22,150.0,15.826300000000002,0.0,1022.17
2020-06-16 05:00:00,12.505555555555553,12.505555555555553,0.93,5.2486,154.0,14.9569,0.0,1022.16
2020-06-16 06:00:00,15.933333333333334,15.933333333333334,0.87,1.61,150.0,9.982000000000001,0.0,1022.48
2020-06-16 07:00:00,20.799999999999997,20.799999999999997,0.65,4.6851,168.0,9.982000000000001,0.0,1022.69
2020-06-16 08:00:00,22.488888888888894,22.488888888888894,0.55,8.372000000000002,171.0,10.3523,0.0,1023.18
2020-06-16 09:00:00,23.88888888888889,23.88888888888889,0.51,9.3863,170.0,9.982000000000001,0.0,1023.38
2020-06-16 10:00:00,26.088888888888885,26.088888888888885,0.42,5.1681,170.0,9.982000000000001,0.0,1023.27
2020-06-16 11:00:00,27.1,26.944444444444443,0.4,9.160900000000002,146.0,10.3523,0.0,1023.18
2020-06-16 12:00:00,27.75555555555555,27.45,0.4,9.853200000000001,153.0,9.982000000000001,0.0,1023.06
2020-06-16 13:00:00,28.838888888888885,27.950000000000003,0.33,7.8729,188.0,9.982000000000001,0.0,1022.68
2020-06-16 14:00:00,28.855555555555554,27.816666666666663,0.31,4.6207,141.0,10.3523,0.0,1022.38
2020-06-16 15:00:00,29.400000000000002,28.727777777777774,0.37,10.996300000000002,149.0,15.826300000000002,0.0,1021.88
2020-06-16 16:00:00,29.92777777777778,28.988888888888894,0.34,11.0446,141.0,9.982000000000001,0.0,1021.47
2020-06-16 17:00:00,29.39444444444444,28.52777777777778,0.35,10.8997,154.0,15.3111,0.0,1021.34
2020-06-16 18:00:00,28.88888888888889,28.16111111111111,0.36,12.7029,140.0,9.982000000000001,0.0,1020.97
2020-06-16 19:00:00,27.77777777777778,27.344444444444445,0.38,11.0768,140.0,9.982000000000001,0.0,1020.96
2020-06-16 20:00:00,25.222222222222225,25.222222222222225,0.45,5.425700000000001,139.0,10.3523,0.0,1020.98
2020-06-16 21:00:00,21.255555555555556,21.255555555555556,0.63,4.8944,131.0,9.982000000000001,0.0,1020.97
2020-06-16 22:00:00,21.0,21.0,0.6,6.295100000000001,120.0,15.826300000000002,0.0,1021.18
2020-06-16 23:00:00,18.788888888888884,18.788888888888884,0.71,9.965900000000001,82.0,14.9569,0.0,1020.99
2020-06-17 00:00:00,16.83888888888889,16.83888888888889,0.8,3.4615,106.0,15.826300000000002,0.0,1021.08
2020-06-17 01:00:00,18.827777777777776,18.827777777777776,0.68,6.118,102.0,15.826300000000002,0.0,1020.79
2020-06-17 02:00:00,19.88888888888889,19.88888888888889,0.66,9.6117,109.0,14.9569,0.0,1020.61
2020-06-17 03:00:00,19.099999999999998,19.099999999999998,0.69,10.7548,100.0,15.826300000000002,0.0,1020.41
2020-06-17 04:00:00,15.488888888888889,15.488888888888889,0.85,3.1717,138.0,15.826300000000002,0.0,1020.5
2020-06-17 05:00:00,16.444444444444443,16.444444444444443,0.8,5.618900000000001,122.0,14.9569,0.0,1020.67
2020-06-17 06:00:00,17.666666666666668,17.666666666666668,0.84,0.0,0.0,9.982000000000001,0.0,1020.81
2020-06-17 07:00:00,22.505555555555556,22.505555555555556,0.67,1.8193,83.0,9.982000000000001,0.0,1020.89
2020-06-17 08:00:00,24.67222222222222,24.67222222222222,0.56,8.372000000000002,125.0,10.3523,0.0,1020.96
2020-06-17 09:00:00,26.088888888888885,26.088888888888885,0.54,16.840600000000002,140.0,9.982000000000001,0.0,1020.99
2020-06-17 10:00:00,27.77777777777778,27.90555555555556,0.46,16.8245,149.0,9.982000000000001,0.0,1021.07
2020-06-17 11:00:00,28.82222222222222,28.672222222222224,0.43,17.146500000000003,147.0,10.3523,0.0,1020.91
2020-06-17 12:00:00,29.949999999999996,29.63333333333334,0.4,17.1626,131.0,9.982000000000001,0.0,1020.89
2020-06-17 13:00:00,30.0,29.672222222222217,0.4,15.826300000000002,149.0,9.982000000000001,0.0,1020.69
2020-06-17 14:00:00,31.022222222222226,30.050000000000004,0.33,15.7458,140.0,10.3523,0.0,1020.17
2020-06-17 15:00:00,31.13333333333334,30.766666666666666,0.38,12.4292,140.0,9.982000000000001,0.0,1019.99
2020-06-17 16:00:00,31.15555555555555,31.172222222222224,0.4,8.0661,121.0,9.982000000000001,0.0,1019.69
2020-06-17 17:00:00,31.116666666666667,30.016666666666666,0.32,10.577700000000002,123.0,10.3523,0.0,1019.32
2020-06-17 18:00:00,31.11111111111111,30.36666666666666,0.35,4.8783,138.0,9.982000000000001,0.0,1019.1
2020-06-17 19:00:00,29.95555555555556,29.62222222222222,0.4,7.4704,168.0,9.982000000000001,0.0,1019.11
2020-06-17 20:00:00,27.416666666666664,27.538888888888884,0.46,2.7209,144.0,10.3523,0.0,1019.4
2020-06-17 21:00:00,23.93888888888889,23.93888888888889,0.58,4.6368,62.0,9.982000000000001,0.0,1019.81
2020-06-17 22:00:00,21.605555555555554,21.605555555555554,0.71,3.1234,57.0,15.826300000000002,0.0,1020.41
2020-06-17 23:00:00,20.755555555555556,20.755555555555556,0.72,5.957000000000001,51.0,15.3111,0.0,1020.51
2020-06-18 00:00:00,19.383333333333333,19.383333333333333,0.79,0.0,0.0,15.826300000000002,0.0,1020.51
2020-06-18 01:00:00,17.294444444444444,17.294444444444444,0.87,0.0,0.0,15.826300000000002,0.0,1020.79
2020-06-18 02:00:00,17.15,17.15,0.89,2.4794,161.0,15.3111,0.0,1020.71
2020-06-18 03:00:00,16.761111111111113,16.761111111111113,0.9,0.0,0.0,15.826300000000002,0.0,1020.59
2020-06-18 04:00:00,16.183333333333334,16.183333333333334,0.9,3.0751,50.0,15.826300000000002,0.0,1020.3
2020-06-18 05:00:00,16.116666666666664,16.116666666666664,0.92,3.0751,50.0,15.3111,0.0,1020.18
2020-06-18 06:00:00,18.805555555555554,18.805555555555554,0.9,1.6744,21.0,9.982000000000001,0.0,1020.11
2020-06-18 07:00:00,24.616666666666667,24.616666666666667,0.64,4.7334000000000005,99.0,9.982000000000001,0.0,1020.11
2020-06-18 08:00:00,26.77777777777778,27.344444444444445,0.52,10.126900000000001,154.0,10.3523,0.0,1020.13
2020-06-18 09:00:00,27.733333333333334,27.855555555555554,0.46,15.407700000000002,159.0,9.982000000000001,0.0,1019.89
2020-06-18 10:00:00,28.88888888888889,29.061111111111114,0.46,15.488199999999999,150.0,9.982000000000001,0.0,1019.78
2020-06-18 11:00:00,30.83888888888889,30.799999999999997,0.41,13.5723,148.0,10.3523,0.0,1019.58
2020-06-18 12:00:00,31.11111111111111,30.40555555555556,0.35,11.2056,148.0,9.982000000000001,0.0,1019.37
2020-06-18 13:00:00,32.150000000000006,32.12777777777777,0.38,11.0446,139.0,9.982000000000001,0.0,1018.89
2020-06-18 14:00:00,31.238888888888894,30.799999999999997,0.37,15.3433,118.0,10.3523,0.0,1018.66
2020-06-18 15:00:00,32.24444444444445,31.75555555555555,0.35,17.259200000000003,120.0,9.982000000000001,0.0,1018.08
2020-06-18 16:00:00,32.24444444444445,31.744444444444444,0.35,14.296800000000003,121.0,9.982000000000001,0.0,1017.47
2020-06-18 17:00:00,32.17222222222222,31.54444444444444,0.34,14.8925,141.0,10.3523,0.0,1017.17
2020-06-18 18:00:00,31.13333333333334,30.73333333333333,0.38,12.6385,131.0,9.982000000000001,0.0,1016.78
2020-06-18 19:00:00,31.03888888888889,30.672222222222217,0.38,11.0446,159.0,9.982000000000001,0.0,1016.77
2020-06-18 20:00:00,27.45,27.788888888888884,0.49,8.8228,141.0,10.3523,0.0,1016.76
2020-06-18 21:00:00,23.96111111111111,23.96111111111111,0.58,7.969500000000001,150.0,9.982000000000001,0.0,1017.06
2020-06-18 22:00:00,22.76111111111111,22.76111111111111,0.63,3.22,160.0,15.826300000000002,0.0,1017.57
2020-06-18 23:00:00,22.366666666666667,22.366666666666667,0.63,6.5044,142.0,14.9569,0.0,1017.57
2020-06-19 00:00:00,19.466666666666672,19.466666666666672,0.76,3.22,170.0,15.826300000000002,0.0,1017.89
2020-06-19 01:00:00,17.849999999999998,17.849999999999998,0.84,3.22,160.0,15.826300000000002,0.0,1017.98
2020-06-19 02:00:00,19.122222222222224,19.122222222222224,0.78,3.1878,143.0,14.9569,0.0,1017.87
2020-06-19 03:00:00,18.244444444444447,18.244444444444447,0.82,6.279,139.0,15.826300000000002,0.0,1017.69
2020-06-19 04:00:00,17.22222222222222,17.22222222222222,0.85,6.44,110.0,15.826300000000002,0.0,1017.68
2020-06-19 05:00:00,19.572222222222226,19.572222222222226,0.76,10.368400000000001,109.0,15.005200000000002,0.0,1017.68
2020-06-19 06:00:00,21.83888888888889,21.83888888888889,0.7,9.2253,110.0,9.982000000000001,0.0,1017.91
2020-06-19 07:00:00,24.755555555555556,24.755555555555556,0.59,10.9319,140.0,9.982000000000001,0.0,1017.9
2020-06-19 08:00:00,26.761111111111113,27.16111111111111,0.49,12.9444,146.0,10.3523,0.0,1018.26
2020-06-19 09:00:00,28.772222222222226,29.25555555555555,0.49,14.2646,141.0,9.982000000000001,0.0,1018.37
2020-06-19 10:00:00,29.977777777777774,29.377777777777776,0.37,17.114300000000004,141.0,9.982000000000001,0.0,1017.99
2020-06-19 11:00:00,30.11111111111111,29.766666666666666,0.4,15.1984,133.0,10.3523,0.0,1017.99
2020-06-19 12:00:00,31.13333333333334,31.144444444444446,0.4,9.9015,103.0,9.982000000000001,0.0,1017.58
2020-06-19 13:00:00,32.22222222222222,32.17777777777778,0.38,12.5097,150.0,9.982000000000001,0.0,1017.2
2020-06-19 14:00:00,32.62222222222223,32.138888888888886,0.34,12.960500000000001,128.0,10.3523,0.0,1016.89
2020-06-19 15:00:00,32.75,32.78333333333333,0.37,12.6868,139.0,9.982000000000001,0.0,0.0
2020-06-19 16:00:00,32.77777777777778,32.82777777777778,0.37,4.9588,115.0,9.982000000000001,0.0,0.0
2020-06-19 17:00:00,32.75555555555555,33.083333333333336,0.38,8.420300000000001,106.0,10.3523,0.0,1016.05
2020-06-19 18:00:00,32.22222222222222,32.72222222222222,0.41,7.969500000000001,70.0,9.982000000000001,0.0,0.0
2020-06-19 19:00:00,31.11111111111111,31.188888888888886,0.41,7.8729,82.0,9.982000000000001,0.0,0.0
2020-06-19 20:00:00,30.083333333333332,30.766666666666666,0.47,3.3488,119.0,15.3111,0.0,1015.45
2020-06-19 21:00:00,25.0,25.0,0.64,4.83,110.0,9.982000000000001,0.0,0.0
2020-06-19 22:00:00,22.77777777777778,22.77777777777778,0.73,7.760200000000001,99.0,9.982000000000001,0.0,0.0
2020-06-19 23:00:00,22.061111111111106,22.061111111111106,0.72,3.22,98.0,15.3111,0.0,1016.53
2020-06-20 00:00:00,21.16111111111111,21.16111111111111,0.79,3.22,190.0,9.982000000000001,0.0,0.0
2020-06-20 01:00:00,20.05,20.05,0.78,4.83,140.0,9.982000000000001,0.0,0.0
2020-06-20 02:00:00,19.766666666666666,19.766666666666666,0.81,3.3810000000000002,133.0,14.9569,0.0,1016.47
2020-06-20 03:00:00,18.88888888888889,18.88888888888889,0.84,4.83,140.0,9.982000000000001,0.0,0.0
2020-06-20 04:00:00,17.82777777777778,17.82777777777778,0.9,4.83,130.0,10.0464,0.0,0.0
2020-06-20 05:00:00,18.905555555555555,18.905555555555555,0.8,5.8443000000000005,137.0,15.005200000000002,0.0,1015.73
2020-06-20 06:00:00,20.05,20.05,0.84,3.22,180.0,9.982000000000001,0.0,0.0
2020-06-20 07:00:00,23.93888888888889,23.93888888888889,0.62,11.012400000000001,141.0,9.982000000000001,0.0,0.0
2020-06-20 08:00:00,27.077777777777776,27.561111111111114,0.51,13.9426,150.0,10.3523,0.0,1015.27
2020-06-20 09:00:00,28.88888888888889,29.366666666666667,0.49,20.6402,140.0,9.982000000000001,0.0,0.0
2020-06-20 10:00:00,30.050000000000004,30.088888888888885,0.43,17.549000000000003,160.0,9.982000000000001,0.0,0.0
2020-06-20 11:00:00,32.00555555555556,31.938888888888886,0.38,15.939000000000002,167.0,10.3523,0.0,1014.92
2020-06-20 12:00:00,32.75,33.30555555555556,0.4,16.1161,188.0,9.982000000000001,0.0,0.0
2020-06-20 13:00:00,32.77777777777778,32.81111111111111,0.37,17.693900000000003,160.0,9.982000000000001,0.0,0.0
2020-06-20 14:00:00,33.80555555555556,33.25,0.31,17.243100000000002,152.0,10.3523,0.0,1013.65
2020-06-20 15:00:00,33.888888888888886,33.11666666666667,0.3,16.1322,141.0,9.982000000000001,0.0,0.0
2020-06-20 16:00:00,33.888888888888886,32.81666666666666,0.28,16.1322,159.0,9.982000000000001,0.0,0.0
2020-06-20 17:00:00,33.83888888888888,32.96666666666667,0.29,12.719000000000001,159.0,10.3523,0.0,1011.85
2020-06-20 18:00:00,33.83888888888888,32.75555555555555,0.28,14.4739,160.0,9.982000000000001,0.0,0.0
2020-06-20 19:00:00,32.22222222222222,31.450000000000003,0.33,12.960500000000001,140.0,9.982000000000001,0.0,0.0
2020-06-20 20:00:00,29.13888888888889,28.872222222222224,0.41,9.4024,131.0,10.3523,0.0,1010.89
2020-06-20 21:00:00,25.177777777777774,25.177777777777774,0.57,5.2325,158.0,9.982000000000001,0.0,0.0
2020-06-20 22:00:00,25.0,25.0,0.5,11.012400000000001,131.0,9.982000000000001,0.0,0.0
2020-06-20 23:00:00,24.95555555555556,24.95555555555556,0.52,10.8031,150.0,14.9569,0.0,1011.55
2020-06-21 00:00:00,24.95,24.95,0.54,12.799500000000002,150.0,9.982000000000001,0.0,0.0
2020-06-21 01:00:00,22.77777777777778,22.77777777777778,0.57,11.270000000000001,150.0,9.982000000000001,0.0,0.0
2020-06-21 02:00:00,21.27777777777778,21.27777777777778,0.63,10.8031,141.0,14.9569,0.0,1011.57
2020-06-21 03:00:00,21.11111111111111,21.11111111111111,0.63,14.3451,140.0,9.982000000000001,0.0,0.0
2020-06-21 04:00:00,20.05,20.05,0.63,14.329,140.0,9.982000000000001,0.0,0.0
2020-06-21 05:00:00,18.09444444444444,18.09444444444444,0.73,6.745900000000001,160.0,14.9569,0.0,1010.78
2020-06-21 06:00:00,21.06111111111111,21.06111111111111,0.59,15.874600000000001,140.0,9.982000000000001,0.0,0.0
2020-06-21 07:00:00,22.77777777777778,22.77777777777778,0.57,12.783400000000002,151.0,9.982000000000001,0.0,0.0
2020-06-21 08:00:00,26.027777777777775,26.027777777777775,0.48,16.5347,159.0,10.3523,0.0,1010.42
2020-06-21 09:00:00,28.838888888888885,28.45555555555556,0.4,17.4202,160.0,9.982000000000001,0.0,0.0
2020-06-21 10:00:00,31.061111111111106,30.355555555555554,0.35,23.570400000000003,180.0,9.982000000000001,0.0,0.0
2020-06-21 11:00:00,31.127777777777776,31.172222222222224,0.41,15.536500000000002,178.0,10.3523,0.0,1010.14
2020-06-21 12:00:00,32.77777777777778,32.3111111111111,0.34,17.388,189.0,9.982000000000001,0.0,0.0
2020-06-21 13:00:00,33.888888888888886,34.038888888888884,0.35,15.987300000000001,199.0,9.982000000000001,0.0,0.0
2020-06-21 14:00:00,34.73888888888889,34.08888888888889,0.29,15.665300000000002,181.0,10.3523,0.0,1009.07
2020-06-21 15:00:00,35.0,34.28888888888889,0.28,15.278900000000002,162.0,9.982000000000001,0.0,0.0
2020-06-21 16:00:00,35.0,35.30555555555556,0.33,17.0338,172.0,9.982000000000001,0.0,0.0
2020-06-21 17:00:00,34.82222222222222,35.38333333333333,0.34,12.332600000000001,176.0,10.3523,0.0,1008.07
2020-06-21 18:00:00,34.949999999999996,35.25,0.33,15.4721,182.0,9.982000000000001,0.0,0.0
2020-06-21 19:00:00,32.77777777777778,33.43888888888889,0.4,10.770900000000001,173.0,9.982000000000001,0.0,0.0
2020-06-21 20:00:00,30.300000000000004,30.71111111111111,0.45,8.5974,172.0,10.3523,0.0,1008.03
2020-06-21 21:00:00,27.77777777777778,28.144444444444442,0.49,10.7548,170.0,9.982000000000001,0.0,0.0
2020-06-21 22:00:00,27.25,27.494444444444444,0.48,10.706500000000002,171.0,9.982000000000001,0.0,0.0
2020-06-21 23:00:00,26.083333333333332,26.083333333333332,0.5,11.0446,166.0,14.9569,0.0,1008.94
2020-06-22 00:00:00,22.87777777777778,22.87777777777778,0.63,4.6046000000000005,180.0,9.982000000000001,0.0,0.0
2020-06-22 01:00:00,22.87777777777778,22.87777777777778,0.62,4.717300000000001,169.0,9.982000000000001,0.0,0.0
2020-06-22 02:00:00,22.438888888888886,22.438888888888886,0.59,6.5205,167.0,14.9569,0.0,1009.05
2020-06-22 03:00:00,22.77777777777778,22.77777777777778,0.58,9.5151,150.0,9.982000000000001,0.0,0.0
2020-06-22 04:00:00,22.77777777777778,22.77777777777778,0.58,10.2718,163.0,11.270000000000001,0.0,0.0
2020-06-22 05:00:00,22.955555555555552,22.955555555555552,0.59,12.960500000000001,158.0,14.5222,0.0,1009.12
2020-06-22 06:00:00,23.88888888888889,23.88888888888889,0.58,7.4704,199.0,11.2056,0.0,0.0
2020-06-22 07:00:00,24.87222222222222,24.87222222222222,0.55,11.6081,148.0,11.270000000000001,0.0,0.0
2020-06-22 08:00:00,22.644444444444446,22.644444444444446,0.83,7.0679,7.0,11.4471,0.0,1010.16
2020-06-22 09:00:00,23.811111111111114,23.811111111111114,0.7,17.001600000000003,30.0,11.270000000000001,0.0,0.0
2020-06-22 10:00:00,24.87222222222222,24.87222222222222,0.65,27.675900000000002,40.0,11.270000000000001,0.0,0.0
2020-06-22 11:00:00,25.961111111111116,25.961111111111116,0.66,19.8835,29.0,11.270000000000001,0.0,1013.2
2020-06-22 12:00:00,25.0,25.0,0.69,16.599100000000004,88.0,11.270000000000001,0.0,0.0
2020-06-22 13:00:00,27.22222222222222,28.08888888888889,0.56,12.992700000000001,348.0,11.270000000000001,0.0,0.0
2020-06-22 14:00:00,27.63888888888889,28.572222222222226,0.56,11.141200000000001,341.0,11.4471,0.0,1013.76
2020-06-22 15:00:00,28.838888888888885,29.61111111111111,0.51,11.3344,322.0,11.270000000000001,0.0,0.0
2020-06-22 16:00:00,28.88888888888889,29.62222222222222,0.51,17.549000000000003,330.0,11.2056,0.0,0.0
2020-06-22 17:00:00,29.055555555555557,29.78888888888889,0.5,19.8996,322.0,11.4471,0.0,1013.75
2020-06-22 18:00:00,27.849999999999998,28.67777777777778,0.54,16.261,339.0,11.270000000000001,0.0,1013.94
2020-06-22 19:00:00,27.733333333333334,28.56666666666667,0.55,15.971200000000001,330.0,11.270000000000001,0.0,1014.45
2020-06-22 20:00:00,27.22222222222222,28.038888888888888,0.56,13.250300000000001,315.0,11.4471,0.0,1014.89
2020-06-22 21:00:00,23.93888888888889,23.93888888888889,0.65,11.2217,320.0,11.2056,0.0,1015.48
2020-06-22 22:00:00,23.194444444444443,23.194444444444443,0.67,11.0446,329.0,15.826300000000002,0.0,1016.57
2020-06-22 23:00:00,22.633333333333333,22.633333333333333,0.69,10.770900000000001,322.0,15.3111,0.0,1016.94
2020-06-23 00:00:00,20.533333333333328,20.533333333333328,0.78,10.513300000000001,331.0,15.874600000000001,0.0,1017.46
2020-06-23 01:00:00,18.88888888888889,18.88888888888889,0.87,6.021400000000001,0.0,15.874600000000001,0.0,1018.03
2020-06-23 02:00:00,19.966666666666665,19.966666666666665,0.85,6.1985,7.0,15.359399999999999,0.0,1018.12
2020-06-23 03:00:00,19.377777777777776,19.377777777777776,0.84,10.7387,20.0,15.826300000000002,0.0,1018.27
2020-06-23 04:00:00,19.283333333333328,19.283333333333328,0.82,10.6904,19.0,15.826300000000002,0.0,1018.64
2020-06-23 05:00:00,18.277777777777782,18.277777777777782,0.84,10.2074,15.0,15.3111,0.0,1018.93
2020-06-23 06:00:00,19.844444444444445,19.844444444444445,0.7,14.9408,29.0,9.9015,0.0,1019.58
2020-06-23 07:00:00,21.0,21.0,0.65,16.9694,12.0,11.2056,0.0,1020.16
2020-06-23 08:00:00,22.12222222222222,22.12222222222222,0.65,20.0445,18.0,11.398800000000001,0.0,1020.38
2020-06-23 09:00:00,23.88888888888889,23.88888888888889,0.58,17.1948,22.0,9.982000000000001,0.0,1020.53
2020-06-23 10:00:00,26.11111111111111,26.11111111111111,0.45,20.076700000000002,30.0,10.0464,0.0,1020.43
2020-06-23 11:00:00,27.1,26.955555555555552,0.4,16.8084,12.0,10.4006,0.0,1020.38
2020-06-23 12:00:00,27.800000000000004,27.394444444444446,0.38,19.931800000000003,10.0,9.982000000000001,0.0,1020.44
2020-06-23 13:00:00,28.838888888888885,28.22222222222222,0.37,15.794100000000002,20.0,9.982000000000001,0.0,1020.24
2020-06-23 14:00:00,28.994444444444444,28.45555555555556,0.38,15.456,355.0,10.3523,0.0,1019.79
2020-06-23 15:00:00,29.92777777777778,29.272222222222222,0.37,15.278900000000002,349.0,9.982000000000001,0.0,1019.54
2020-06-23 16:00:00,29.949999999999996,29.27777777777778,0.37,11.0446,9.0,9.982000000000001,0.0,1019.23
2020-06-23 17:00:00,29.97222222222222,29.066666666666663,0.34,10.867500000000001,5.0,10.3523,0.0,1018.72
2020-06-23 18:00:00,28.911111111111115,28.16111111111111,0.36,12.5097,350.0,9.982000000000001,0.0,1018.45
2020-06-23 19:00:00,27.75555555555555,27.16666666666667,0.35,10.787,10.0,9.982000000000001,0.0,1018.65
2020-06-23 20:00:00,26.188888888888886,26.188888888888886,0.39,11.6081,18.0,10.3523,0.0,1018.7
2020-06-23 21:00:00,23.911111111111115,23.911111111111115,0.42,9.2897,45.0,9.982000000000001,0.0,1019.43
2020-06-23 22:00:00,22.77777777777778,22.77777777777778,0.47,10.513300000000001,48.0,15.826300000000002,0.0,1020.33
2020-06-23 23:00:00,23.055555555555557,23.055555555555557,0.48,9.305800000000001,64.0,14.9569,0.0,1020.48
2020-06-24 00:00:00,20.511111111111113,20.511111111111113,0.58,6.0858,38.0,15.826300000000002,0.0,1020.74
2020-06-24 01:00:00,18.83888888888889,18.83888888888889,0.64,6.166300000000001,10.0,15.826300000000002,0.0,1020.64
2020-06-24 02:00:00,17.066666666666666,17.066666666666666,0.72,6.423900000000001,344.0,14.9569,0.0,1020.7
2020-06-24 03:00:00,15.766666666666667,15.766666666666667,0.78,6.488300000000001,341.0,15.826300000000002,0.0,1020.63
2020-06-24 04:00:00,15.211111111111112,15.211111111111112,0.82,10.9158,351.0,15.826300000000002,0.0,1020.54
2020-06-24 05:00:00,15.444444444444445,15.444444444444445,0.82,6.5849,1.0,14.9569,0.0,1020.73
2020-06-24 06:00:00,18.805555555555554,18.805555555555554,0.73,7.631400000000001,10.0,9.982000000000001,0.0,1020.74
2020-06-24 07:00:00,20.977777777777778,20.977777777777778,0.64,10.8836,30.0,9.982000000000001,0.0,1020.63
2020-06-24 08:00:00,22.655555555555555,22.655555555555555,0.54,13.6045,28.0,10.3523,0.0,1020.45
2020-06-24 09:00:00,23.983333333333334,23.983333333333334,0.5,14.039200000000001,50.0,9.982000000000001,0.0,1020.33
2020-06-24 10:00:00,26.11111111111111,26.11111111111111,0.47,12.316500000000001,22.0,9.982000000000001,0.0,1020.12
2020-06-24 11:00:00,27.772222222222222,27.42777777777778,0.39,9.8049,34.0,10.3523,0.0,1019.8
2020-06-24 12:00:00,28.81666666666667,28.194444444444443,0.37,7.969500000000001,31.0,9.982000000000001,0.0,1019.23
2020-06-24 13:00:00,28.911111111111115,28.249999999999996,0.37,10.1752,40.0,9.982000000000001,0.0,1018.62
2020-06-24 14:00:00,29.87222222222222,28.711111111111116,0.31,6.423900000000001,59.0,10.3523,0.0,1017.71
2020-06-24 15:00:00,30.97222222222222,29.349999999999998,0.26,4.6207,312.0,9.982000000000001,0.0,1017.2
2020-06-24 16:00:00,30.022222222222226,28.833333333333332,0.31,7.615300000000001,291.0,9.982000000000001,0.0,1016.31
2020-06-24 17:00:00,29.916666666666668,28.93333333333333,0.33,6.6976,342.0,10.3523,0.0,1015.71
2020-06-24 18:00:00,29.92777777777778,28.77777777777778,0.31,8.790600000000001,354.0,9.982000000000001,0.0,1015.31
2020-06-24 19:00:00,28.79444444444444,28.099999999999998,0.36,8.162700000000001,139.0,9.982000000000001,0.0,1014.99
2020-06-24 20:00:00,25.372222222222224,25.372222222222224,0.48,2.8819000000000004,121.0,10.3523,0.0,1014.87
2020-06-24 21:00:00,22.24444444444445,22.24444444444445,0.59,8.05,110.0,9.982000000000001,0.0,1014.59
2020-06-24 22:00:00,21.555555555555557,21.555555555555557,0.65,6.295100000000001,120.0,15.826300000000002,0.0,1014.88
2020-06-24 23:00:00,20.633333333333333,20.633333333333333,0.64,6.44,119.0,15.3111,0.0,1014.65
2020-06-25 00:00:00,18.311111111111106,18.311111111111106,0.71,3.0751,150.0,15.826300000000002,0.0,1014.68
2020-06-25 01:00:00,19.261111111111113,19.261111111111113,0.66,6.44,170.0,15.826300000000002,0.0,1014.19
2020-06-25 02:00:00,18.48888888888889,18.48888888888889,0.71,6.4078,156.0,14.9569,0.0,1014.08
2020-06-25 03:00:00,17.68888888888889,17.68888888888889,0.71,6.44,140.0,15.826300000000002,0.0,1013.59
2020-06-25 04:00:00,16.62777777777778,16.62777777777778,0.73,3.22,160.0,15.826300000000002,0.0,1013.3
2020-06-25 05:00:00,15.872222222222222,15.872222222222222,0.82,5.2808,142.0,14.9569,0.0,1013.28
2020-06-25 06:00:00,18.761111111111106,18.761111111111106,0.84,2.9463000000000004,175.0,9.982000000000001,0.0,1013.28
2020-06-25 07:00:00,21.094444444444445,21.094444444444445,0.78,9.821,159.0,9.982000000000001,0.0,1012.82
2020-06-25 08:00:00,23.855555555555554,23.855555555555554,0.69,5.828200000000001,271.0,9.982000000000001,0.0,1012.62
2020-06-25 09:00:00,25.161111111111115,25.161111111111115,0.62,0.7406,13.0,9.982000000000001,0.0,1012.77
2020-06-25 10:00:00,27.75555555555555,28.322222222222226,0.52,5.2325,46.0,11.2056,0.0,1012.48
2020-06-25 11:00:00,28.788888888888884,28.63888888888889,0.43,4.5563,67.0,10.3523,0.0,1011.75
2020-06-25 12:00:00,28.766666666666666,28.838888888888885,0.45,3.7191000000000005,38.0,9.982000000000001,0.0,1011.34
2020-06-25 13:00:00,29.833333333333332,30.09444444444445,0.45,3.8318,312.0,9.982000000000001,0.0,1010.95
2020-06-25 14:00:00,29.716666666666665,29.35555555555556,0.4,5.570600000000001,341.0,10.3523,0.0,1010.48
2020-06-25 15:00:00,27.47222222222222,27.16666666666667,0.39,17.7583,8.0,11.2056,0.0,1010.04
2020-06-25 16:00:00,26.750000000000004,26.83888888888889,0.43,23.9085,8.0,11.270000000000001,0.0,1010.5
2020-06-25 17:00:00,23.883333333333333,23.883333333333333,0.54,35.3717,341.0,11.3183,0.0,1010.95
2020-06-25 18:00:00,19.766666666666666,19.766666666666666,0.7,35.1463,340.0,11.270000000000001,0.0,1012.43
2020-06-25 19:00:00,17.711111111111112,17.711111111111112,0.85,24.375400000000003,1.0,11.2056,0.0,1013.51
2020-06-25 20:00:00,17.227777777777774,17.227777777777774,0.88,20.3182,357.0,11.4471,0.0,1013.35
2020-06-25 21:00:00,17.105555555555554,17.105555555555554,0.93,9.338000000000001,357.0,11.270000000000001,0.0,1013.2
2020-06-25 22:00:00,16.6,16.6,0.93,10.8836,318.0,15.874600000000001,0.0,1014.02
2020-06-25 23:00:00,16.67222222222222,16.67222222222222,0.94,12.960500000000001,318.0,14.9569,0.0,1014.59
2020-06-26 00:00:00,16.08888888888889,16.08888888888889,0.93,10.9158,299.0,15.826300000000002,0.0,1015.62
2020-06-26 01:00:00,16.06666666666667,16.06666666666667,0.9,11.398800000000001,289.0,15.826300000000002,0.0,1015.66
2020-06-26 02:00:00,15.699999999999998,15.699999999999998,0.91,6.9552000000000005,283.0,14.9569,0.0,1015.9
2020-06-26 03:00:00,15.488888888888889,15.488888888888889,0.87,11.0768,280.0,15.826300000000002,0.0,1016.23
2020-06-26 04:00:00,15.38888888888889,15.38888888888889,0.82,14.039200000000001,300.0,15.826300000000002,0.0,1016.72
2020-06-26 05:00:00,15.394444444444446,15.394444444444446,0.77,13.1698,298.0,15.3111,0.0,1017.17
2020-06-26 06:00:00,14.905555555555553,14.905555555555553,0.79,11.270000000000001,290.0,9.982000000000001,0.0,1017.44
2020-06-26 07:00:00,17.644444444444442,17.644444444444442,0.71,11.1895,299.0,9.982000000000001,0.0,1017.75
2020-06-26 08:00:00,18.8,18.8,0.65,15.262800000000002,309.0,10.3523,0.0,1018.52
2020-06-26 09:00:00,19.977777777777774,19.977777777777774,0.57,20.9783,301.0,10.0464,0.0,1018.51
2020-06-26 10:00:00,22.10555555555556,22.10555555555556,0.44,23.683100000000003,300.0,11.270000000000001,0.0,1018.53
2020-06-26 11:00:00,22.583333333333336,22.583333333333336,0.38,21.896,301.0,10.4006,0.0,1018.76
2020-06-26 12:00:00,23.772222222222226,23.772222222222226,0.33,24.922800000000002,319.0,9.982000000000001,0.0,1018.54
2020-06-26 13:00:00,22.661111111111115,22.661111111111115,0.38,26.5167,320.0,9.982000000000001,0.0,1018.35
2020-06-26 14:00:00,22.972222222222218,22.972222222222218,0.36,21.879900000000003,321.0,10.3523,0.0,1018.53
2020-06-26 15:00:00,23.93333333333333,23.93333333333333,0.34,26.436200000000003,300.0,9.982000000000001,0.0,1018.6
2020-06-26 16:00:00,23.911111111111115,23.911111111111115,0.34,23.683100000000003,310.0,9.982000000000001,0.0,1018.51
2020-06-26 17:00:00,23.93888888888889,23.93888888888889,0.31,23.6992,320.0,10.3523,0.0,1018.17
2020-06-26 18:00:00,23.86111111111111,23.86111111111111,0.32,17.7905,319.0,9.982000000000001,0.0,1018.02
2020-06-26 19:00:00,22.77777777777778,22.77777777777778,0.34,17.243100000000002,319.0,9.982000000000001,0.0,1018.21
2020-06-26 20:00:00,21.31666666666667,21.31666666666667,0.37,10.465,320.0,10.3523,0.0,1018.62
2020-06-26 21:00:00,17.244444444444444,17.244444444444444,0.55,0.1449,310.0,9.982000000000001,0.0,1018.81
2020-06-26 22:00:00,15.488888888888889,15.488888888888889,0.63,6.0536,301.0,15.826300000000002,0.0,1019.41
2020-06-26 23:00:00,14.344444444444443,14.344444444444443,0.67,6.2468,299.0,14.9569,0.0,1019.65
2020-06-27 00:00:00,12.733333333333334,12.733333333333334,0.75,3.22,270.0,15.826300000000002,0.0,1019.81
2020-06-27 01:00:00,11.716666666666669,11.716666666666669,0.81,3.1878,262.0,15.826300000000002,0.0,1020.02
2020-06-27 02:00:00,12.227777777777776,12.227777777777776,0.78,5.1037,288.0,14.9569,0.0,1020.12
2020-06-27 03:00:00,11.627777777777778,11.627777777777778,0.81,3.22,300.0,15.826300000000002,0.0,1020.11
2020-06-27 04:00:00,10.050000000000002,10.050000000000002,0.86,3.22,280.0,15.826300000000002,0.0,1020.02
2020-06-27 05:00:00,10.105555555555554,10.105555555555554,0.88,3.5098000000000003,248.0,14.9569,0.0,1020.23
2020-06-27 06:00:00,12.600000000000001,12.600000000000001,0.84,3.22,310.0,9.982000000000001,0.0,1020.41
2020-06-27 07:00:00,15.961111111111109,15.961111111111109,0.73,3.3488,292.0,9.982000000000001,0.0,1020.32
2020-06-27 08:00:00,19.755555555555556,19.755555555555556,0.59,3.3005,281.0,10.3523,0.0,1020.37
2020-06-27 09:00:00,22.199999999999996,22.199999999999996,0.47,1.4973,219.0,10.0464,0.0,1020.23
2020-06-27 10:00:00,22.800000000000004,22.800000000000004,0.48,12.590200000000001,264.0,9.982000000000001,0.0,1020.02
2020-06-27 11:00:00,23.061111111111114,23.061111111111114,0.43,15.005200000000002,300.0,10.3523,0.0,1020.05
2020-06-27 12:00:00,24.92777777777778,24.92777777777778,0.33,20.5919,308.0,9.982000000000001,0.0,1019.82
2020-06-27 13:00:00,26.016666666666666,26.016666666666666,0.34,16.2771,281.0,9.982000000000001,0.0,1019.44
2020-06-27 14:00:00,26.049999999999997,26.049999999999997,0.3,21.091,311.0,10.3523,0.0,1018.85
2020-06-27 15:00:00,26.06111111111111,26.06111111111111,0.31,16.1322,284.0,9.982000000000001,0.0,1018.44
2020-06-27 16:00:00,26.06111111111111,26.06111111111111,0.3,20.5275,310.0,9.982000000000001,0.0,1018.04
2020-06-27 17:00:00,26.04444444444444,26.04444444444444,0.27,16.9694,293.0,10.3523,0.0,1017.64
2020-06-27 18:00:00,24.97222222222222,24.97222222222222,0.28,17.388,300.0,9.982000000000001,0.0,1017.33
2020-06-27 19:00:00,23.911111111111115,23.911111111111115,0.29,17.0821,309.0,9.982000000000001,0.0,1017.31
2020-06-27 20:00:00,22.416666666666664,22.416666666666664,0.35,8.919400000000001,327.0,10.3523,0.0,1017.25
2020-06-27 21:00:00,17.31111111111111,17.31111111111111,0.52,0.2898,290.0,9.982000000000001,0.0,1017.6
2020-06-27 22:00:00,15.627777777777778,15.627777777777778,0.61,3.1878,298.0,15.826300000000002,0.0,1018.08
2020-06-27 23:00:00,14.705555555555556,14.705555555555556,0.63,4.379200000000001,289.0,15.3111,0.0,1017.92
2020-06-28 00:00:00,13.894444444444442,13.894444444444442,0.69,3.1234,163.0,15.826300000000002,0.0,1017.87
2020-06-28 01:00:00,13.850000000000001,13.850000000000001,0.7,6.1985,151.0,15.826300000000002,0.0,1017.49
2020-06-28 02:00:00,13.672222222222222,13.672222222222222,0.71,5.2325,155.0,15.3111,0.0,1017.4
2020-06-28 03:00:00,12.905555555555553,12.905555555555553,0.72,6.4078,211.0,15.826300000000002,0.0,1017.08
2020-06-28 04:00:00,12.372222222222225,12.372222222222225,0.77,6.488300000000001,183.0,15.826300000000002,0.0,1016.79
2020-06-28 05:00:00,12.777777777777779,12.777777777777779,0.75,5.8121,179.0,15.3111,0.0,1016.71
2020-06-28 06:00:00,13.927777777777777,13.927777777777777,0.77,4.9588,175.0,9.982000000000001,0.0,1016.65
2020-06-28 07:00:00,18.833333333333336,18.833333333333336,0.57,7.7440999999999995,210.0,9.982000000000001,0.0,1016.46
2020-06-28 08:00:00,22.138888888888886,22.138888888888886,0.49,12.2682,202.0,10.3523,0.0,1016.3
2020-06-28 09:00:00,25.0,25.0,0.39,15.488199999999999,212.0,9.982000000000001,0.0,1016.06
2020-06-28 10:00:00,26.12777777777778,26.12777777777778,0.42,14.1358,241.0,9.982000000000001,0.0,1015.94
2020-06-28 11:00:00,27.083333333333332,26.877777777777776,0.39,12.4936,244.0,10.3523,0.0,1015.65
2020-06-28 12:00:00,27.794444444444444,27.366666666666667,0.38,9.5151,232.0,9.982000000000001,0.0,1015.18
2020-06-28 13:00:00,27.31111111111111,27.03333333333333,0.39,11.141200000000001,258.0,9.982000000000001,0.0,1014.88
2020-06-28 14:00:00,27.933333333333334,27.516666666666666,0.39,11.3022,252.0,10.3523,0.0,1014.59
2020-06-28 15:00:00,28.950000000000003,28.216666666666672,0.36,7.9373000000000005,294.0,9.982000000000001,0.0,1013.98
2020-06-28 16:00:00,27.90555555555556,27.438888888888886,0.38,11.9945,326.0,10.0464,0.0,1013.6
2020-06-28 17:00:00,26.738888888888887,26.861111111111107,0.44,1.8354,314.0,11.4471,0.0,1013.77
2020-06-28 18:00:00,27.31111111111111,27.305555555555557,0.44,4.6207,272.0,9.982000000000001,0.0,1013.65
2020-06-28 19:00:00,26.227777777777774,26.227777777777774,0.53,11.270000000000001,280.0,9.982000000000001,0.0,1013.28
2020-06-28 20:00:00,25.26111111111111,25.26111111111111,0.56,1.3846,329.0,10.3523,0.0,1013.39
2020-06-28 21:00:00,22.75555555555555,22.75555555555555,0.7,3.22,350.0,9.982000000000001,0.0,1013.59
2020-06-28 22:00:00,21.57777777777778,21.57777777777778,0.71,3.22,260.0,15.826300000000002,0.0,1014.18
2020-06-28 23:00:00,21.533333333333335,21.533333333333335,0.72,0.5635,0.0,14.9569,0.0,1014.16
2020-06-29 00:00:00,20.883333333333336,20.883333333333336,0.77,6.44,0.0,15.826300000000002,0.0,1014.31
2020-06-29 01:00:00,19.772222222222226,19.772222222222226,0.82,6.44,30.0,15.826300000000002,0.0,1014.31
2020-06-29 02:00:00,18.79444444444444,18.79444444444444,0.82,2.9302,10.0,14.9569,0.0,1014.45
2020-06-29 03:00:00,19.194444444444443,19.194444444444443,0.77,3.3327,47.0,15.826300000000002,0.0,1014.33
2020-06-29 04:00:00,16.06666666666667,16.06666666666667,0.88,3.1395,305.0,15.729700000000001,0.0,1014.51
2020-06-29 05:00:00,16.311111111111114,16.311111111111114,0.87,2.9302,41.0,14.7637,0.0,1014.51
2020-06-29 06:00:00,17.666666666666668,17.666666666666668,0.85,3.3649,30.0,9.7566,0.0,1014.4
2020-06-29 07:00:00,21.900000000000002,21.900000000000002,0.69,3.3005,19.0,9.982000000000001,0.0,1014.41
2020-06-29 08:00:00,24.716666666666665,24.716666666666665,0.59,3.0107000000000004,55.0,10.3523,0.0,1014.5
2020-06-29 09:00:00,27.055555555555557,27.54444444444444,0.51,9.4829,81.0,9.982000000000001,0.0,1014.53
2020-06-29 10:00:00,27.772222222222222,27.511111111111106,0.41,7.711900000000001,33.0,9.982000000000001,0.0,1014.71
2020-06-29 11:00:00,29.799999999999997,29.66111111111111,0.42,2.1252000000000004,308.0,10.3523,0.0,1014.87
2020-06-29 12:00:00,31.016666666666666,30.633333333333333,0.38,4.025,259.0,9.982000000000001,0.0,1014.8
2020-06-29 13:00:00,32.12777777777777,31.34444444444445,0.33,7.3416,189.0,9.982000000000001,0.0,1014.77
2020-06-29 14:00:00,32.21666666666667,31.355555555555554,0.32,2.3345000000000002,142.0,10.3523,0.0,1014.14
2020-06-29 15:00:00,32.705555555555556,31.650000000000002,0.3,10.7548,148.0,9.982000000000001,0.0,1013.69
2020-06-29 16:00:00,32.705555555555556,31.52777777777778,0.29,7.4704,216.0,9.982000000000001,0.0,1013.29
2020-06-29 17:00:00,32.794444444444444,31.66111111111111,0.29,8.4686,151.0,10.3523,0.0,1013.03
2020-06-29 18:00:00,32.77777777777778,31.988888888888887,0.32,8.9516,187.0,9.982000000000001,0.0,1012.69
2020-06-29 19:00:00,31.13333333333334,30.383333333333333,0.35,7.4704,188.0,9.982000000000001,0.0,1012.98
2020-06-29 20:00:00,28.127777777777776,28.072222222222223,0.44,4.9105,172.0,10.3523,0.0,1013.21
2020-06-29 21:00:00,25.005555555555556,25.005555555555556,0.54,4.9588,135.0,9.982000000000001,0.0,1013.3
2020-06-29 22:00:00,23.827777777777776,23.827777777777776,0.59,3.4293,143.0,15.826300000000002,0.0,1013.99
2020-06-29 23:00:00,23.93333333333333,23.93333333333333,0.55,10.239600000000001,106.0,15.3111,0.0,1014.27
2020-06-30 00:00:00,23.666666666666664,23.666666666666664,0.61,11.012400000000001,128.0,15.826300000000002,0.0,1014.49
2020-06-30 01:00:00,23.083333333333332,23.083333333333332,0.63,6.279,129.0,15.826300000000002,0.0,1014.7
2020-06-30 02:00:00,22.061111111111106,22.061111111111106,0.66,6.391700000000001,121.0,14.9569,0.0,1014.97
2020-06-30 03:00:00,20.450000000000003,20.450000000000003,0.74,6.423900000000001,139.0,15.826300000000002,0.0,1015.18
2020-06-30 04:00:00,19.40555555555556,19.40555555555556,0.78,6.488300000000001,139.0,15.826300000000002,0.0,1014.79
2020-06-30 05:00:00,19.333333333333332,19.333333333333332,0.79,3.1073,118.0,14.9569,0.0,1014.87
2020-06-30 06:00:00,20.933333333333337,20.933333333333337,0.74,4.6690000000000005,148.0,9.982000000000001,0.0,1014.91
2020-06-30 07:00:00,22.694444444444443,22.694444444444443,0.71,7.7440999999999995,139.0,9.982000000000001,0.0,1015.38
2020-06-30 08:00:00,25.944444444444443,25.944444444444443,0.54,11.688600000000001,159.0,10.3523,0.0,1015.37
2020-06-30 09:00:00,28.79444444444444,29.261111111111113,0.49,10.835300000000002,160.0,9.982000000000001,0.0,1015.28
2020-06-30 10:00:00,31.016666666666666,31.04444444444444,0.41,12.1072,188.0,9.982000000000001,0.0,1015.17
2020-06-30 11:00:00,32.666666666666664,31.90555555555556,0.32,12.3004,197.0,10.3523,0.0,1015.28
2020-06-30 12:00:00,33.35555555555556,32.86666666666666,0.33,14.2163,188.0,15.826300000000002,0.0,1015.16
2020-06-30 13:00:00,33.96111111111111,33.522222222222226,0.32,10.7548,218.0,9.982000000000001,0.0,1014.86
2020-06-30 14:00:00,34.922222222222224,34.07222222222222,0.28,11.8496,199.0,10.3523,0.0,1014.53
2020-06-30 15:00:00,36.13333333333334,35.06111111111111,0.24,9.209200000000001,172.0,9.982000000000001,0.0,1014.17
2020-06-30 16:00:00,36.111111111111114,35.03333333333333,0.24,9.3541,159.0,9.982000000000001,0.0,1013.87
2020-06-30 17:00:00,35.98333333333333,34.84444444444445,0.24,5.2647,210.0,10.3523,0.0,1013.57
2020-06-30 18:00:00,35.022222222222226,33.81111111111111,0.25,5.0071,159.0,9.982000000000001,0.0,1013.17
2020-06-30 19:00:00,33.91111111111112,33.46666666666667,0.32,8.05,176.0,9.982000000000001,0.0,1013.27
2020-06-30 20:00:00,30.40555555555556,29.727777777777778,0.36,8.7262,140.0,10.3523,0.0,1013.72
2020-06-30 21:00:00,27.82777777777778,27.955555555555552,0.46,10.867500000000001,150.0,9.982000000000001,0.0,1014.16
2020-06-30 22:00:00,26.605555555555554,26.605555555555554,0.48,10.5294,148.0,15.826300000000002,0.0,1014.58
2020-06-30 23:00:00,24.400000000000002,24.400000000000002,0.56,4.1699,139.0,15.3111,0.0,1014.77
2020-07-01 00:00:00,24.95555555555556,24.95555555555556,0.53,10.722600000000002,110.0,15.826300000000002,0.0,1014.98
2020-07-01 01:00:00,21.20555555555556,21.20555555555556,0.68,3.2361,144.0,15.826300000000002,0.0,1015.08
2020-07-01 02:00:00,21.405555555555555,21.405555555555555,0.71,5.828200000000001,153.0,14.9569,0.0,1014.98
2020-07-01 03:00:00,22.11111111111111,22.11111111111111,0.69,10.722600000000002,139.0,15.826300000000002,0.0,1014.69
2020-07-01 04:00:00,21.605555555555554,21.605555555555554,0.73,10.722600000000002,130.0,15.826300000000002,0.0,1014.78
2020-07-01 05:00:00,20.483333333333334,20.483333333333334,0.77,3.3488,120.0,14.9569,0.0,1014.99
2020-07-01 06:00:00,22.577777777777776,22.577777777777776,0.74,7.6796999999999995,120.0,9.982000000000001,0.0,1015.17
2020-07-01 07:00:00,24.822222222222226,24.822222222222226,0.65,9.724400000000001,139.0,9.982000000000001,0.0,1015.19
2020-07-01 08:00:00,27.044444444444448,27.933333333333334,0.57,8.5491,164.0,10.3523,0.0,1015.29
2020-07-01 09:00:00,30.07222222222222,30.766666666666666,0.47,8.1144,121.0,9.982000000000001,0.0,1015.16
2020-07-01 10:00:00,32.77777777777778,33.333333333333336,0.4,9.708300000000001,149.0,9.982000000000001,0.0,1015.05
2020-07-01 11:00:00,33.81666666666667,33.87777777777778,0.35,8.790600000000001,145.0,10.3523,0.0,1014.91
2020-07-01 12:00:00,35.044444444444444,35.25,0.32,9.3541,194.0,9.982000000000001,0.0,1014.97
2020-07-01 13:00:00,35.06666666666667,36.00555555555556,0.35,12.187700000000001,85.0,9.982000000000001,0.0,1014.86
2020-07-01 14:00:00,35.15555555555555,35.27222222222222,0.32,12.8961,77.0,10.3523,0.0,1014.62
2020-07-01 15:00:00,36.199999999999996,37.07222222222222,0.32,8.355900000000002,132.0,9.982000000000001,0.0,1014.17
2020-07-01 16:00:00,35.15555555555555,35.41111111111111,0.32,12.2843,63.0,9.982000000000001,0.0,1013.97
2020-07-01 17:00:00,36.03888888888889,35.78333333333333,0.28,8.5169,102.0,10.3523,0.0,1013.74
2020-07-01 18:00:00,35.09444444444445,34.711111111111116,0.3,8.0983,74.0,9.982000000000001,0.0,1013.48
2020-07-01 19:00:00,32.89444444444444,32.416666666666664,0.34,8.1788,93.0,9.982000000000001,0.0,1013.48
2020-07-01 20:00:00,31.305555555555557,30.88333333333334,0.37,7.1001,104.0,10.3523,0.0,1013.55
2020-07-01 21:00:00,28.84444444444445,28.75,0.43,9.499,91.0,9.982000000000001,0.0,1013.97
2020-07-01 22:00:00,28.105555555555558,28.15555555555556,0.45,6.1502,137.0,15.826300000000002,0.0,1014.39
2020-07-01 23:00:00,26.816666666666663,27.255555555555556,0.5,6.279,109.0,14.9569,0.0,1014.88
2020-07-02 00:00:00,26.305555555555554,26.305555555555554,0.53,11.270000000000001,110.0,15.826300000000002,0.0,1015.43
2020-07-02 01:00:00,24.194444444444443,24.194444444444443,0.59,6.1824,129.0,15.826300000000002,0.0,1015.91
2020-07-02 02:00:00,24.044444444444444,24.044444444444444,0.63,9.5151,138.0,14.9569,0.0,1016.01
2020-07-02 03:00:00,22.016666666666666,22.016666666666666,0.69,6.0053,140.0,15.826300000000002,0.0,1016.3
2020-07-02 04:00:00,20.46111111111111,20.46111111111111,0.77,2.9463000000000004,115.0,15.826300000000002,0.0,1016.51
2020-07-02 05:00:00,19.288888888888888,19.288888888888888,0.82,9.321900000000001,103.0,14.9569,0.0,1016.82
2020-07-02 06:00:00,20.977777777777778,20.977777777777778,0.8,1.5295,100.0,9.982000000000001,0.0,1017.18
2020-07-02 07:00:00,25.84444444444444,25.84444444444444,0.61,7.824600000000001,150.0,9.982000000000001,0.0,1017.1
2020-07-02 08:00:00,27.58888888888889,28.35555555555556,0.54,12.525800000000002,148.0,9.982000000000001,0.0,1017.22
2020-07-02 09:00:00,30.95555555555556,31.52777777777778,0.44,14.9086,160.0,9.982000000000001,0.0,1017.31
2020-07-02 10:00:00,32.75555555555555,33.36666666666667,0.4,13.7977,169.0,9.982000000000001,0.0,1017.49
2020-07-02 11:00:00,33.65555555555555,33.733333333333334,0.35,14.168000000000003,166.0,10.3523,0.0,1017.51
2020-07-02 12:00:00,32.9388888888889,32.983333333333334,0.36,14.1036,168.0,9.982000000000001,0.0,1017.28
2020-07-02 13:00:00,34.00555555555555,34.12777777777778,0.34,14.1519,169.0,9.982000000000001,0.0,1017.06
2020-07-02 14:00:00,34.92777777777778,35.47777777777778,0.34,13.1859,134.0,10.3523,0.0,1016.79
2020-07-02 15:00:00,35.138888888888886,35.8111111111111,0.34,14.1358,130.0,9.982000000000001,0.0,1016.17
2020-07-02 16:00:00,35.11666666666666,35.349999999999994,0.32,12.6224,112.0,9.982000000000001,0.0,1015.68
2020-07-02 17:00:00,35.044444444444444,35.1888888888889,0.32,13.5562,134.0,10.3523,0.0,1015.46
2020-07-02 18:00:00,35.022222222222226,34.638888888888886,0.3,12.525800000000002,149.0,9.982000000000001,0.0,1014.97
2020-07-02 19:00:00,33.888888888888886,33.99444444444444,0.35,11.1895,159.0,9.982000000000001,0.0,1014.96
2020-07-02 20:00:00,31.22222222222222,31.18333333333333,0.4,13.1537,159.0,10.3523,0.0,1015.17
2020-07-02 21:00:00,28.872222222222224,28.79444444444444,0.43,12.558,149.0,9.982000000000001,0.0,1015.87
2020-07-02 22:00:00,27.694444444444443,27.866666666666664,0.47,10.9319,149.0,15.826300000000002,0.0,1016.26
2020-07-02 23:00:00,26.544444444444444,26.544444444444444,0.49,13.4113,159.0,15.3111,0.0,1016.3
2020-07-03 00:00:00,25.0,25.0,0.54,10.7387,150.0,15.826300000000002,0.0,1016.5
2020-07-03 01:00:00,22.31666666666667,22.31666666666667,0.64,6.230700000000001,188.0,15.826300000000002,0.0,1016.67
2020-07-03 02:00:00,21.605555555555554,21.605555555555554,0.66,6.230700000000001,149.0,15.3111,0.0,1016.59
2020-07-03 03:00:00,22.23888888888889,22.23888888888889,0.64,6.1502,159.0,15.826300000000002,0.0,1016.08
2020-07-03 04:00:00,19.650000000000002,19.650000000000002,0.72,6.0375000000000005,187.0,15.826300000000002,0.0,1016.25
2020-07-03 05:00:00,21.13888888888889,21.13888888888889,0.67,10.1591,131.0,15.3111,0.0,1016.11
2020-07-03 06:00:00,22.199999999999996,22.199999999999996,0.59,15.134000000000002,139.0,9.982000000000001,0.0,1015.87
2020-07-03 07:00:00,24.95555555555556,24.95555555555556,0.5,13.9587,149.0,9.982000000000001,0.0,1015.97
2020-07-03 08:00:00,27.63888888888889,27.37777777777778,0.4,16.2288,142.0,10.3523,0.0,1016.05
2020-07-03 09:00:00,29.90555555555555,28.988888888888894,0.34,26.436200000000003,150.0,9.982000000000001,0.0,1015.99
2020-07-03 10:00:00,31.11111111111111,30.033333333333335,0.32,27.9013,150.0,9.982000000000001,0.0,1015.97
2020-07-03 11:00:00,32.13333333333334,30.99444444444445,0.3,24.906700000000004,150.0,10.3523,0.0,1015.91
2020-07-03 12:00:00,32.33888888888888,31.266666666666666,0.3,25.0999,140.0,9.982000000000001,0.0,1015.74
2020-07-03 13:00:00,33.955555555555556,32.7,0.27,21.815500000000004,149.0,9.982000000000001,0.0,1015.34
2020-07-03 14:00:00,33.94444444444444,32.794444444444444,0.27,20.0606,132.0,10.3523,0.0,1014.5
2020-07-03 15:00:00,34.02777777777778,33.14444444444444,0.29,16.0034,121.0,9.982000000000001,0.0,1013.96
2020-07-03 16:00:00,35.11666666666666,33.95,0.25,15.955100000000002,149.0,9.982000000000001,0.0,1013.37
2020-07-03 17:00:00,34.87777777777777,33.72222222222222,0.26,15.005200000000002,163.0,10.3523,0.0,1012.74
2020-07-03 18:00:00,33.983333333333334,33.150000000000006,0.29,14.5061,140.0,9.982000000000001,0.0,1012.08
2020-07-03 19:00:00,32.849999999999994,32.00555555555556,0.31,12.847800000000001,141.0,9.982000000000001,0.0,1011.99
2020-07-03 20:00:00,30.25,29.78888888888889,0.38,7.406,169.0,10.3523,0.0,1012.03
2020-07-03 21:00:00,26.211111111111116,26.211111111111116,0.49,7.760200000000001,189.0,9.982000000000001,0.0,1012.4
2020-07-03 22:00:00,26.049999999999997,26.049999999999997,0.52,6.1019000000000005,169.0,15.826300000000002,0.0,1013.05
2020-07-03 23:00:00,25.46111111111111,25.46111111111111,0.49,12.5741,152.0,14.9569,0.0,1012.91
2020-07-04 00:00:00,23.77777777777778,23.77777777777778,0.51,10.513300000000001,170.0,15.826300000000002,0.0,1013.28
2020-07-04 01:00:00,22.744444444444444,22.744444444444444,0.5,10.948,143.0,15.826300000000002,0.0,1013.3
2020-07-04 02:00:00,19.461111111111112,19.461111111111112,0.66,2.3828,111.0,14.9569,0.0,1013.56
2020-07-04 03:00:00,17.89444444444444,17.89444444444444,0.7,0.0,0.0,15.826300000000002,0.0,1013.18
2020-07-04 04:00:00,18.40555555555555,18.40555555555555,0.68,3.22,110.0,15.826300000000002,0.0,1013.08
2020-07-04 05:00:00,19.87222222222222,19.87222222222222,0.58,6.44,116.0,14.9569,0.0,1012.93
2020-07-04 06:00:00,18.87777777777778,18.87777777777778,0.73,1.5295,120.0,9.982000000000001,0.0,1013.1
2020-07-04 07:00:00,23.811111111111114,23.811111111111114,0.49,9.193100000000001,139.0,9.982000000000001,0.0,1013.11
2020-07-04 08:00:00,26.877777777777776,26.794444444444448,0.4,9.9498,162.0,10.3523,0.0,1012.83
2020-07-04 09:00:00,29.88333333333334,28.950000000000003,0.34,10.787,151.0,9.982000000000001,0.0,1012.89
2020-07-04 10:00:00,31.088888888888885,30.06666666666667,0.32,12.3648,170.0,9.982000000000001,0.0,1012.7
2020-07-04 11:00:00,32.18333333333334,30.61111111111111,0.26,10.384500000000001,175.0,10.3523,0.0,1012.45
2020-07-04 12:00:00,33.888888888888886,32.727777777777774,0.27,11.0446,149.0,9.982000000000001,0.0,1012.19
2020-07-04 13:00:00,34.949999999999996,33.83888888888888,0.26,9.3702,167.0,9.982000000000001,0.0,1011.88
2020-07-04 14:00:00,34.855555555555554,33.705555555555556,0.26,8.8228,145.0,10.3523,0.0,1011.26
2020-07-04 15:00:00,35.09444444444445,33.96111111111111,0.26,4.5563,93.0,9.982000000000001,0.0,1010.79
2020-07-04 16:00:00,35.022222222222226,33.88333333333333,0.26,9.4829,161.0,9.982000000000001,0.0,1010.38
2020-07-04 17:00:00,35.111111111111114,34.48888888888889,0.28,3.4937,269.0,10.3523,0.0,1009.9
2020-07-04 18:00:00,35.022222222222226,34.166666666666664,0.27,3.3327,192.0,9.982000000000001,0.0,1009.5
2020-07-04 19:00:00,33.888888888888886,32.738888888888894,0.28,7.2772,24.0,9.982000000000001,0.0,1009.51
2020-07-04 20:00:00,31.283333333333335,30.549999999999997,0.35,1.2558,5.0,10.3523,0.0,1009.98
2020-07-04 21:00:00,27.17777777777778,27.82222222222222,0.53,0.0,0.0,9.982000000000001,0.0,1010.6
2020-07-04 22:00:00,26.488888888888894,26.488888888888894,0.52,3.22,160.0,15.826300000000002,0.0,1011.0
2020-07-04 23:00:00,24.099999999999998,24.099999999999998,0.61,2.6243,151.0,15.3111,0.0,1010.98
2020-07-05 00:00:00,22.694444444444443,22.694444444444443,0.66,3.0751,190.0,15.826300000000002,0.0,1010.92
2020-07-05 01:00:00,21.072222222222226,21.072222222222226,0.69,3.22,40.0,15.826300000000002,0.0,1010.85
2020-07-05 02:00:00,20.41111111111111,20.41111111111111,0.75,3.9767000000000006,330.0,9.982000000000001,0.0,1011.04
2020-07-05 03:00:00,20.011111111111106,20.011111111111106,0.78,6.44,10.0,14.9086,0.0,1010.94
2020-07-05 04:00:00,18.988888888888894,18.988888888888894,0.73,9.499,351.0,9.982000000000001,0.0,0.0
2020-07-05 05:00:00,18.811111111111114,18.811111111111114,0.76,2.9624,25.0,14.9569,0.0,1011.16
2020-07-05 06:00:00,20.955555555555556,20.955555555555556,0.74,4.7656,9.0,9.982000000000001,0.0,1011.31
2020-07-05 07:00:00,23.733333333333334,23.733333333333334,0.69,6.44,80.0,9.982000000000001,0.0,1011.21
2020-07-05 08:00:00,27.772222222222222,28.138888888888893,0.49,1.4651,80.0,10.3523,0.0,1011.26
2020-07-05 09:00:00,30.016666666666666,30.43333333333333,0.46,7.953400000000001,71.0,9.982000000000001,0.0,1011.31
2020-07-05 10:00:00,32.82222222222222,32.41111111111112,0.34,4.781700000000001,107.0,9.982000000000001,0.0,1011.3
2020-07-05 11:00:00,33.94444444444444,32.94444444444444,0.28,7.3094,88.0,10.3523,0.0,1011.22
2020-07-05 12:00:00,35.09444444444445,33.988888888888894,0.26,7.567000000000001,81.0,9.982000000000001,0.0,1011.1
2020-07-05 13:00:00,36.0611111111111,35.93333333333334,0.29,9.048200000000001,78.0,9.982000000000001,0.0,1010.8
2020-07-05 14:00:00,36.93333333333334,35.62777777777777,0.22,4.5724,166.0,10.3523,0.0,1010.35
2020-07-05 15:00:00,37.150000000000006,36.18333333333333,0.23,9.1448,88.0,9.982000000000001,0.0,1009.71
2020-07-05 16:00:00,37.24444444444445,35.86666666666667,0.21,7.293300000000001,197.0,9.982000000000001,0.0,1009.3
2020-07-05 17:00:00,37.08888888888889,35.72222222222222,0.21,10.0142,144.0,10.3523,0.0,1008.98
2020-07-05 18:00:00,36.11666666666667,34.62222222222222,0.22,12.2682,160.0,9.982000000000001,0.0,1008.6
2020-07-05 19:00:00,34.977777777777774,33.544444444444444,0.24,10.6904,151.0,10.0464,0.0,1008.8
2020-07-05 20:00:00,30.416666666666668,29.40555555555556,0.33,8.935500000000001,141.0,10.4006,0.0,1009.42
2020-07-05 21:00:00,26.34444444444445,26.34444444444445,0.44,3.3649,150.0,10.0464,0.0,1009.88
2020-07-05 22:00:00,25.100000000000005,25.100000000000005,0.46,2.5116,162.0,15.874600000000001,0.0,1010.28
2020-07-05 23:00:00,23.438888888888886,23.438888888888886,0.54,2.1252000000000004,196.0,14.9569,0.0,1010.55
2020-07-06 00:00:00,21.811111111111114,21.811111111111114,0.61,6.3434,303.0,15.826300000000002,0.0,1010.61
2020-07-06 01:00:00,22.322222222222226,22.322222222222226,0.55,11.0285,351.0,15.826300000000002,0.0,1010.68
2020-07-06 02:00:00,23.34444444444444,23.34444444444444,0.59,10.0142,33.0,14.9569,0.0,1010.44
2020-07-06 03:00:00,22.61666666666666,22.61666666666666,0.6,11.0446,60.0,15.826300000000002,0.0,1010.58
2020-07-06 04:00:00,23.66111111111111,23.66111111111111,0.57,11.157300000000001,58.0,15.826300000000002,0.0,1010.49
2020-07-06 05:00:00,21.238888888888894,21.238888888888894,0.66,6.166300000000001,50.0,14.168000000000003,0.0,1010.74
2020-07-06 06:00:00,23.594444444444445,23.594444444444445,0.63,15.375500000000002,80.0,9.982000000000001,0.0,1010.74
2020-07-06 07:00:00,25.84444444444444,25.84444444444444,0.59,9.4829,109.0,9.982000000000001,0.0,1010.65
2020-07-06 08:00:00,27.29444444444444,27.816666666666663,0.52,9.338000000000001,126.0,9.982000000000001,0.0,1010.85
2020-07-06 09:00:00,29.93333333333333,30.349999999999998,0.46,10.835300000000002,138.0,9.982000000000001,0.0,1010.71
2020-07-06 10:00:00,31.18333333333333,31.805555555555557,0.44,10.6743,159.0,9.982000000000001,0.0,1010.69
2020-07-06 11:00:00,32.849999999999994,33.34444444444444,0.39,13.5884,187.0,10.3523,0.0,1010.54
2020-07-06 12:00:00,35.07222222222222,35.72222222222222,0.34,12.2843,171.0,9.982000000000001,0.0,1010.36
2020-07-06 13:00:00,35.138888888888886,35.79444444444445,0.34,12.5419,190.0,9.982000000000001,0.0,1009.97
2020-07-06 14:00:00,36.0611111111111,36.75555555555555,0.32,9.965900000000001,204.0,10.4006,0.0,1009.69
2020-07-06 15:00:00,36.17777777777778,36.46666666666667,0.3,11.0768,217.0,10.0464,0.0,1009.08
2020-07-06 16:00:00,37.02777777777778,36.93333333333334,0.27,8.5813,201.0,10.0464,0.0,1008.49
2020-07-06 17:00:00,36.266666666666666,35.75555555555556,0.27,12.075000000000001,200.0,11.4471,0.0,1008.02
2020-07-06 18:00:00,32.92777777777778,32.13333333333334,0.32,23.683100000000003,131.0,11.270000000000001,0.0,1008.12
2020-07-06 19:00:00,32.261111111111106,31.488888888888894,0.33,16.2932,72.0,8.1949,0.0,1009.04
2020-07-06 20:00:00,29.12777777777778,28.45555555555556,0.37,12.397,68.0,11.4471,0.0,1010.27
2020-07-06 21:00:00,26.272222222222226,26.272222222222226,0.47,22.169700000000002,110.0,11.2056,0.0,1011.35
2020-07-06 22:00:00,24.761111111111106,24.761111111111106,0.64,3.5903,158.0,14.9086,0.0,1011.19
2020-07-06 23:00:00,26.961111111111112,27.23888888888889,0.48,15.584800000000001,144.0,11.0768,0.0,1011.02
2020-07-07 00:00:00,25.511111111111113,25.511111111111113,0.5,15.262800000000002,201.0,15.874600000000001,0.0,1010.74
2020-07-07 01:00:00,23.86666666666666,23.86666666666666,0.62,10.1752,135.0,15.874600000000001,0.0,1010.76
2020-07-07 02:00:00,23.549999999999997,23.549999999999997,0.7,3.7996,142.0,15.005200000000002,0.0,1011.47
2020-07-07 03:00:00,23.35555555555556,23.35555555555556,0.65,6.3756,71.0,15.874600000000001,0.0,1011.75
2020-07-07 04:00:00,22.22222222222222,22.22222222222222,0.75,3.4454000000000002,69.0,15.874600000000001,0.0,1011.69
2020-07-07 05:00:00,21.27777777777778,21.27777777777778,0.76,5.425700000000001,13.0,15.005200000000002,0.0,1011.36
2020-07-07 06:00:00,20.09444444444445,20.09444444444445,0.83,0.2898,90.0,11.2056,0.0,1011.48
2020-07-07 07:00:00,22.227777777777778,22.227777777777778,0.76,2.6404,93.0,11.2056,0.0,1011.51
2020-07-07 08:00:00,25.022222222222226,25.022222222222226,0.64,3.6225,234.0,11.0285,0.0,1012.0
2020-07-07 09:00:00,27.77777777777778,28.42777777777778,0.53,8.0822,168.0,11.2056,0.0,1012.09
2020-07-07 10:00:00,29.92777777777778,29.983333333333334,0.43,4.8139,134.0,9.982000000000001,0.0,1011.6
2020-07-07 11:00:00,29.699999999999996,30.688888888888886,0.5,1.8032000000000004,82.0,10.3523,0.0,1011.56
2020-07-07 12:00:00,32.28888888888889,32.76666666666667,0.4,2.9141000000000004,296.0,9.982000000000001,0.0,1011.68
2020-07-07 13:00:00,33.861111111111114,33.49444444444445,0.32,7.4543,210.0,9.982000000000001,0.0,1011.18
2020-07-07 14:00:00,33.92777777777778,33.2,0.3,6.5688,160.0,10.3523,0.0,1010.99
2020-07-07 15:00:00,34.99444444444444,34.650000000000006,0.3,2.9624,111.0,9.982000000000001,0.0,1010.38
2020-07-07 16:00:00,35.06666666666667,34.67777777777778,0.3,7.1323,153.0,10.0464,0.0,1009.99
2020-07-07 17:00:00,34.166666666666664,34.15555555555556,0.33,7.3899,356.0,10.4006,0.0,1009.63
2020-07-07 18:00:00,33.90555555555555,34.02777777777778,0.35,8.227100000000002,6.0,10.0464,0.0,1009.19
2020-07-07 19:00:00,32.800000000000004,32.81666666666666,0.37,3.22,70.0,10.0464,0.0,1009.2
2020-07-07 20:00:00,30.26666666666667,30.63888888888889,0.45,3.5098000000000003,37.0,10.4006,0.0,1009.54
2020-07-07 21:00:00,27.338888888888885,28.127777777777776,0.55,1.3524,10.0,11.270000000000001,0.0,1009.8
2020-07-07 22:00:00,25.583333333333332,25.583333333333332,0.66,3.22,160.0,15.874600000000001,0.0,1010.5
2020-07-07 23:00:00,25.005555555555556,25.005555555555556,0.63,2.8658,136.0,15.3111,0.0,1010.62
2020-07-08 00:00:00,23.28888888888889,23.28888888888889,0.76,3.0751,210.0,15.826300000000002,0.0,1010.71
2020-07-08 01:00:00,22.17777777777778,22.17777777777778,0.79,0.0,0.0,15.826300000000002,0.0,1010.52
2020-07-08 02:00:00,21.45555555555556,21.45555555555556,0.81,3.22,281.0,15.3111,0.0,1010.58
2020-07-08 03:00:00,20.561111111111114,20.561111111111114,0.84,3.22,270.0,15.826300000000002,0.0,1010.81
2020-07-08 04:00:00,20.494444444444444,20.494444444444444,0.87,0.0,0.0,15.826300000000002,0.0,1010.81
2020-07-08 05:00:00,19.90555555555555,19.90555555555555,0.85,5.4096,350.0,15.3111,0.0,1010.95
2020-07-08 06:00:00,22.072222222222226,22.072222222222226,0.81,1.4973,165.0,9.982000000000001,0.0,1010.92
2020-07-08 07:00:00,25.866666666666667,25.866666666666667,0.69,0.2898,290.0,9.982000000000001,0.0,1010.92
2020-07-08 08:00:00,28.572222222222226,29.716666666666665,0.55,1.6261,332.0,10.3523,0.0,1010.92
2020-07-08 09:00:00,32.0,32.58888888888888,0.42,2.7853000000000003,308.0,9.982000000000001,0.0,1010.53
2020-07-08 10:00:00,33.666666666666664,34.71666666666667,0.39,2.7209,131.0,9.982000000000001,0.0,1010.52
2020-07-08 11:00:00,33.833333333333336,34.349999999999994,0.37,6.6493,269.0,10.3523,0.0,1010.35
2020-07-08 12:00:00,34.955555555555556,35.227777777777774,0.33,2.2218,215.0,9.982000000000001,0.0,1010.22
2020-07-08 13:00:00,37.06666666666667,37.544444444444444,0.29,7.9373000000000005,214.0,9.982000000000001,0.0,1009.91
2020-07-08 14:00:00,36.80555555555556,37.800000000000004,0.31,12.558,223.0,10.4006,0.0,1009.36
2020-07-08 15:00:00,36.03888888888889,36.888888888888886,0.33,16.9372,211.0,10.0464,0.0,1008.89
2020-07-08 16:00:00,36.08888888888888,36.455555555555556,0.31,17.5007,212.0,10.0464,0.0,1008.3
2020-07-08 17:00:00,35.916666666666664,36.227777777777774,0.31,16.8084,227.0,10.4006,0.0,1007.87
2020-07-08 18:00:00,34.977777777777774,35.66111111111111,0.34,16.1,241.0,11.270000000000001,0.0,1007.7
2020-07-08 19:00:00,33.772222222222226,33.86666666666666,0.35,14.441700000000003,241.0,10.0464,0.0,1007.61
2020-07-08 20:00:00,31.27777777777778,31.227777777777774,0.4,9.821,241.0,10.4006,0.0,1007.83
2020-07-08 21:00:00,27.805555555555557,28.055555555555557,0.48,9.499,231.0,11.270000000000001,0.0,1008.41
2020-07-08 22:00:00,27.049999999999997,27.272222222222226,0.47,11.0446,260.0,15.826300000000002,0.0,1009.11
2020-07-08 23:00:00,23.727777777777774,23.727777777777774,0.58,4.0572,226.0,14.9569,0.0,1009.61
2020-07-09 00:00:00,22.83888888888889,22.83888888888889,0.61,6.488300000000001,193.0,15.826300000000002,0.0,1009.77
2020-07-09 01:00:00,20.73333333333333,20.73333333333333,0.67,6.552700000000001,193.0,15.826300000000002,0.0,1009.87
2020-07-09 02:00:00,20.272222222222222,20.272222222222222,0.7,6.0536,182.0,14.9569,0.0,1010.02
2020-07-09 03:00:00,19.59444444444444,19.59444444444444,0.72,6.1985,173.0,15.826300000000002,0.0,1010.07
2020-07-09 04:00:00,19.499999999999996,19.499999999999996,0.72,6.3434,182.0,15.826300000000002,0.0,1010.17
2020-07-09 05:00:00,19.488888888888887,19.488888888888887,0.73,6.1502,189.0,14.9569,0.0,1010.39
2020-07-09 06:00:00,21.005555555555556,21.005555555555556,0.68,5.055400000000001,223.0,9.982000000000001,0.0,1010.49
2020-07-09 07:00:00,24.755555555555556,24.755555555555556,0.55,12.3648,241.0,9.982000000000001,0.0,1010.4
2020-07-09 08:00:00,27.055555555555557,27.56666666666667,0.52,10.2718,267.0,10.3523,0.0,1010.47
2020-07-09 09:00:00,28.772222222222226,28.97222222222222,0.46,8.017800000000001,263.0,9.982000000000001,0.0,1010.51
2020-07-09 10:00:00,29.949999999999996,30.40555555555556,0.46,12.960500000000001,280.0,9.982000000000001,0.0,1010.3
2020-07-09 11:00:00,31.049999999999997,31.13888888888889,0.41,14.007,279.0,11.398800000000001,0.0,1010.49
2020-07-09 12:00:00,32.17222222222222,32.17222222222222,0.38,15.584800000000001,261.0,10.0464,0.0,1010.43
2020-07-09 13:00:00,32.75555555555555,33.3111111111111,0.4,15.456,271.0,10.0464,0.0,1010.31
2020-07-09 14:00:00,33.888888888888886,33.53888888888889,0.32,16.8728,266.0,10.4006,0.0,1009.76
2020-07-09 15:00:00,33.888888888888886,33.12222222222223,0.3,20.0606,262.0,10.0464,0.0,1009.23
2020-07-09 16:00:00,33.888888888888886,33.449999999999996,0.32,24.294900000000002,271.0,10.0464,0.0,1008.9
2020-07-09 17:00:00,33.91111111111112,33.17222222222222,0.3,20.253800000000002,271.0,10.4006,0.0,1009.04
2020-07-09 18:00:00,33.81666666666667,33.06666666666666,0.3,19.9962,312.0,11.270000000000001,0.0,1009.03
2020-07-09 19:00:00,32.17222222222222,31.427777777777774,0.33,15.633100000000002,302.0,10.0464,0.0,0.0
2020-07-09 20:00:00,30.25,29.561111111111106,0.36,14.1197,340.0,10.4006,0.0,1009.39
2020-07-09 21:00:00,27.17222222222222,27.422222222222224,0.47,10.8997,0.0,9.982000000000001,0.0,0.0
2020-07-09 22:00:00,27.022222222222222,27.561111111111114,0.52,11.2056,31.0,9.982000000000001,0.0,0.0
2020-07-09 23:00:00,25.216666666666665,25.216666666666665,0.63,13.0249,46.0,15.3111,0.0,1010.53
2020-07-10 00:00:00,23.61111111111111,23.61111111111111,0.69,6.1502,37.0,15.826300000000002,0.0,1010.75
2020-07-10 01:00:00,22.61111111111111,22.61111111111111,0.71,6.0697,18.0,15.826300000000002,0.0,1010.85
2020-07-10 02:00:00,21.194444444444446,21.194444444444446,0.79,1.3041000000000003,43.0,14.9569,0.0,1011.68
2020-07-10 03:00:00,20.955555555555556,20.955555555555556,0.79,7.760200000000001,321.0,11.2056,0.0,1011.55
2020-07-10 04:00:00,20.85555555555556,20.85555555555556,0.81,5.828200000000001,212.0,9.982000000000001,0.0,1012.11
2020-07-10 05:00:00,20.90555555555555,20.90555555555555,0.78,10.2718,1.0,14.9569,0.0,1011.4
2020-07-10 06:00:00,19.91111111111111,19.91111111111111,0.78,14.973000000000003,19.0,11.270000000000001,0.0,1011.58
2020-07-10 07:00:00,22.11111111111111,22.11111111111111,0.69,13.765500000000001,29.0,11.2056,0.0,1011.65
2020-07-10 08:00:00,23.77777777777778,23.77777777777778,0.67,9.821,41.0,11.398800000000001,0.0,1012.2
2020-07-10 09:00:00,26.11111111111111,26.11111111111111,0.54,11.398800000000001,9.0,10.0464,0.0,0.0
2020-07-10 10:00:00,27.77777777777778,28.09444444444444,0.49,3.6225,330.0,11.2056,0.0,1013.18
2020-07-10 11:00:00,28.63888888888889,29.050000000000004,0.49,12.2199,7.0,10.3523,0.0,1012.88
2020-07-10 12:00:00,31.016666666666666,31.055555555555557,0.41,13.7172,11.0,10.0464,0.0,1012.52
2020-07-10 13:00:00,32.12777777777777,32.0611111111111,0.38,7.695800000000001,17.0,10.0464,0.0,1012.14
2020-07-10 14:00:00,32.58888888888888,32.083333333333336,0.34,9.3541,333.0,10.4006,0.0,1011.88
2020-07-10 15:00:00,32.17222222222222,32.099999999999994,0.38,3.6708,268.0,11.270000000000001,0.0,1011.35
2020-07-10 16:00:00,28.099999999999998,28.322222222222226,0.47,11.8496,224.0,8.1949,0.0,1010.87
2020-07-10 17:00:00,28.84444444444445,29.422222222222217,0.5,7.5348,56.0,11.398800000000001,0.0,1011.23
2020-07-10 18:00:00,31.15555555555555,30.700000000000003,0.37,12.2682,357.0,10.0464,0.0,1010.75
2020-07-10 19:00:00,31.061111111111106,30.272222222222222,0.35,12.0911,357.0,9.982000000000001,0.0,1011.22
2020-07-10 20:00:00,28.827777777777776,28.244444444444447,0.38,10.143,329.0,11.398800000000001,0.0,1011.32
2020-07-10 21:00:00,24.97222222222222,24.97222222222222,0.45,8.9677,350.0,9.982000000000001,0.0,1012.11
2020-07-10 22:00:00,23.79444444444444,23.79444444444444,0.5,6.0375000000000005,30.0,15.826300000000002,0.0,1012.61
2020-07-10 23:00:00,22.299999999999997,22.299999999999997,0.55,5.5867,342.0,14.9569,0.0,1012.74
2020-07-11 00:00:00,20.555555555555557,20.555555555555557,0.65,3.1556,348.0,15.826300000000002,0.0,1012.91
2020-07-11 01:00:00,19.444444444444443,19.444444444444443,0.68,3.0751,200.0,15.826300000000002,0.0,1013.02
2020-07-11 02:00:00,18.62222222222222,18.62222222222222,0.72,3.22,80.0,14.9569,0.0,1013.13
2020-07-11 03:00:00,17.22222222222222,17.22222222222222,0.72,0.0,0.0,15.826300000000002,0.0,1013.12
2020-07-11 04:00:00,16.71666666666667,16.71666666666667,0.78,3.22,210.0,15.826300000000002,0.0,1013.12
2020-07-11 05:00:00,17.31111111111111,17.31111111111111,0.77,4.2182,317.0,14.9569,0.0,1013.13
2020-07-11 06:00:00,18.82222222222222,18.82222222222222,0.73,1.5778,299.0,11.2056,0.0,1013.33
2020-07-11 07:00:00,22.666666666666668,22.666666666666668,0.66,1.5778,27.0,9.982000000000001,0.0,1013.5
2020-07-11 08:00:00,26.811111111111114,27.488888888888894,0.54,2.6243,6.0,10.3523,0.0,1013.4
2020-07-11 09:00:00,29.683333333333337,29.41111111111111,0.41,9.2897,285.0,9.982000000000001,0.0,1013.05
2020-07-11 10:00:00,30.616666666666667,30.63888888888889,0.42,5.2969,285.0,11.270000000000001,0.0,1013.26
2020-07-11 11:00:00,23.311111111111106,23.311111111111106,0.61,28.8995,293.0,11.398800000000001,0.0,1014.25
2020-07-11 12:00:00,27.24444444444445,28.033333333333328,0.55,11.656400000000001,319.0,11.270000000000001,0.0,1013.64
2020-07-11 13:00:00,30.022222222222226,29.988888888888894,0.42,4.6851,188.0,10.0464,0.0,1013.58
2020-07-11 14:00:00,32.22222222222222,31.17777777777778,0.31,4.379200000000001,113.0,10.0464,0.0,1012.78
2020-07-11 15:00:00,32.7,32.16111111111111,0.34,7.953400000000001,183.0,10.0464,0.0,1012.0
2020-07-11 16:00:00,32.77777777777778,32.78333333333333,0.37,9.3541,154.0,10.0464,0.0,0.0
2020-07-11 17:00:00,32.727777777777774,32.577777777777776,0.36,11.8496,192.0,10.4006,0.0,1010.71
2020-07-11 18:00:00,32.75,32.75555555555555,0.37,10.448900000000002,143.0,10.0464,0.0,0.0
2020-07-11 19:00:00,32.17222222222222,31.666666666666668,0.35,4.459700000000001,166.0,10.0464,0.0,0.0
2020-07-11 20:00:00,28.244444444444447,28.838888888888885,0.51,1.3041000000000003,87.0,10.4006,0.0,1009.43
2020-07-11 21:00:00,26.11111111111111,26.11111111111111,0.54,4.524100000000001,119.0,10.0464,0.0,0.0
2020-07-11 22:00:00,24.899999999999995,24.899999999999995,0.62,2.7692,102.0,9.982000000000001,0.0,0.0
2020-07-11 23:00:00,24.21666666666667,24.21666666666667,0.63,3.2361,142.0,15.3111,0.0,1009.42
2020-07-12 00:00:00,23.66111111111111,23.66111111111111,0.75,13.2664,199.0,1.7388000000000001,0.0,0.0
2020-07-12 01:00:00,19.90555555555555,19.90555555555555,0.88,21.3164,322.0,11.2056,0.0,1012.38
2020-07-12 02:00:00,19.0,19.0,0.91,11.1895,8.0,14.9569,0.0,1011.97
2020-07-12 03:00:00,18.28888888888889,18.28888888888889,0.93,13.250300000000001,39.0,9.982000000000001,0.0,1011.73
2020-07-12 04:00:00,18.28888888888889,18.28888888888889,0.93,9.982000000000001,37.0,14.9086,0.0,1010.68
2020-07-12 05:00:00,18.294444444444448,18.294444444444448,0.93,2.415,10.0,14.9569,0.0,1011.7
2020-07-12 06:00:00,17.755555555555556,17.755555555555556,0.97,4.717300000000001,243.0,11.270000000000001,0.0,1013.01
2020-07-12 07:00:00,18.894444444444446,18.894444444444446,0.93,4.8783,207.0,11.2056,0.0,1011.69
2020-07-12 08:00:00,20.933333333333337,20.933333333333337,0.83,15.1984,279.0,11.0285,0.0,1012.7
2020-07-12 09:00:00,22.12222222222222,22.12222222222222,0.76,17.7422,302.0,11.270000000000001,0.0,0.0
2020-07-12 10:00:00,22.733333333333334,22.733333333333334,0.73,20.5436,301.0,11.270000000000001,0.0,1013.65
2020-07-12 11:00:00,23.761111111111106,23.761111111111106,0.69,21.1876,301.0,11.4471,0.0,1014.05
2020-07-12 12:00:00,26.06666666666667,26.06666666666667,0.57,23.828000000000003,320.0,11.270000000000001,0.0,1014.22
2020-07-12 13:00:00,26.03888888888889,26.03888888888889,0.57,23.570400000000003,329.0,11.270000000000001,0.0,1014.25
2020-07-12 14:00:00,27.066666666666666,27.23888888888889,0.46,20.1572,348.0,10.3523,0.0,1014.06
2020-07-12 15:00:00,27.733333333333334,27.422222222222224,0.4,15.7458,349.0,9.982000000000001,0.0,1013.74
2020-07-12 16:00:00,27.199999999999996,26.933333333333337,0.39,14.1841,359.0,9.982000000000001,0.0,1013.32
2020-07-12 17:00:00,27.38333333333334,26.927777777777777,0.36,12.187700000000001,344.0,10.3523,0.0,1013.18
2020-07-12 18:00:00,27.199999999999996,26.827777777777783,0.36,14.0875,359.0,9.982000000000001,0.0,1012.73
2020-07-12 19:00:00,26.088888888888885,26.088888888888885,0.41,10.9319,15.0,9.982000000000001,0.0,1012.86
2020-07-12 20:00:00,24.122222222222224,24.122222222222224,0.5,4.9105,352.0,10.3523,0.0,1013.26
2020-07-12 21:00:00,21.03888888888889,21.03888888888889,0.57,12.735100000000001,329.0,9.982000000000001,0.0,1014.5
2020-07-12 22:00:00,19.400000000000002,19.400000000000002,0.68,6.2468,321.0,15.826300000000002,0.0,1015.03
2020-07-12 23:00:00,18.216666666666672,18.216666666666672,0.73,3.5581,320.0,15.3111,0.0,1015.51
2020-07-13 00:00:00,16.783333333333335,16.783333333333335,0.77,6.7620000000000005,320.0,15.826300000000002,0.0,1015.93
2020-07-13 01:00:00,17.872222222222224,17.872222222222224,0.65,10.948,329.0,9.982000000000001,0.0,1016.2
2020-07-13 02:00:00,16.605555555555554,16.605555555555554,0.72,6.8264000000000005,337.0,15.3111,0.0,1016.26
2020-07-13 03:00:00,15.255555555555556,15.255555555555556,0.79,10.722600000000002,340.0,15.826300000000002,0.0,1016.12
2020-07-13 04:00:00,15.18888888888889,15.18888888888889,0.79,11.0446,329.0,15.826300000000002,0.0,1015.73
2020-07-13 05:00:00,15.366666666666665,15.366666666666665,0.78,6.2468,16.0,15.3111,0.0,1015.76
2020-07-13 06:00:00,16.233333333333334,16.233333333333334,0.8,4.8461,346.0,9.982000000000001,0.0,1015.61
2020-07-13 07:00:00,18.87222222222222,18.87222222222222,0.68,7.550900000000001,49.0,9.982000000000001,0.0,1015.68
2020-07-13 08:00:00,20.98333333333333,20.98333333333333,0.57,11.6242,48.0,10.3523,0.0,1015.21
2020-07-13 09:00:00,22.70555555555556,22.70555555555556,0.51,7.776300000000001,79.0,9.982000000000001,0.0,1014.81
2020-07-13 10:00:00,23.83888888888889,23.83888888888889,0.5,9.499,91.0,9.982000000000001,0.0,0.0
2020-07-13 11:00:00,26.13333333333334,26.13333333333334,0.38,11.3505,98.0,10.3523,0.0,1013.54
2020-07-13 12:00:00,27.700000000000003,27.394444444444446,0.4,7.695800000000001,176.0,9.982000000000001,0.0,0.0
2020-07-13 13:00:00,28.838888888888885,28.09444444444444,0.36,10.770900000000001,117.0,9.982000000000001,0.0,0.0
2020-07-13 14:00:00,28.922222222222224,28.15555555555556,0.35,10.770900000000001,111.0,10.3523,0.0,1010.68
2020-07-13 15:00:00,29.949999999999996,28.772222222222226,0.31,8.2593,168.0,9.982000000000001,0.0,0.0
2020-07-13 16:00:00,29.949999999999996,29.08888888888889,0.35,12.9444,159.0,9.982000000000001,0.0,0.0
2020-07-13 17:00:00,29.04444444444444,28.299999999999997,0.36,12.397,199.0,10.3523,0.0,1009.18
2020-07-13 18:00:00,28.838888888888885,28.661111111111115,0.42,4.6690000000000005,214.0,9.982000000000001,0.0,1008.64
2020-07-13 19:00:00,27.61111111111111,28.188888888888886,0.52,4.6690000000000005,295.0,10.0464,0.0,1008.91
2020-07-13 20:00:00,26.36111111111111,26.36111111111111,0.51,7.2772,310.0,10.4006,0.0,1008.67
2020-07-13 21:00:00,22.1,22.1,0.72,8.033900000000001,296.0,11.270000000000001,0.0,1009.08
2020-07-13 22:00:00,20.944444444444443,20.944444444444443,0.7,6.6493,295.0,15.826300000000002,0.0,1009.91
2020-07-13 23:00:00,20.549999999999997,20.549999999999997,0.6,15.4721,337.0,14.9569,0.0,1010.65
2020-07-14 00:00:00,18.166666666666668,18.166666666666668,0.69,13.9587,329.0,15.826300000000002,0.0,1010.93
2020-07-14 01:00:00,17.633333333333336,17.633333333333336,0.71,13.765500000000001,349.0,15.826300000000002,0.0,1010.66
2020-07-14 02:00:00,17.627777777777776,17.627777777777776,0.74,12.783400000000002,350.0,14.9569,0.0,1010.82
2020-07-14 03:00:00,16.5,16.5,0.79,5.9087000000000005,28.0,15.826300000000002,0.0,1010.45
2020-07-14 04:00:00,16.38888888888889,16.38888888888889,0.79,2.9785000000000004,58.0,15.826300000000002,0.0,1010.43
2020-07-14 05:00:00,14.994444444444447,14.994444444444447,0.87,6.391700000000001,347.0,14.9569,0.0,1010.57
2020-07-14 06:00:00,16.95,16.95,0.82,1.5295,340.0,9.982000000000001,0.0,1011.02
2020-07-14 07:00:00,18.63888888888889,18.63888888888889,0.74,3.1878,45.0,9.982000000000001,0.0,1011.21
2020-07-14 08:00:00,20.894444444444446,20.894444444444446,0.68,2.1735,112.0,10.3523,0.0,1011.41
2020-07-14 09:00:00,24.772222222222226,24.772222222222226,0.58,0.5152,154.0,9.982000000000001,0.0,1011.01
2020-07-14 10:00:00,27.016666666666666,27.261111111111106,0.47,3.5903,175.0,9.982000000000001,0.0,1011.01
2020-07-14 11:00:00,28.661111111111115,28.49444444444445,0.43,5.1037,234.0,10.3523,0.0,1010.84
2020-07-14 12:00:00,28.93333333333333,28.788888888888884,0.43,6.617100000000001,218.0,15.826300000000002,0.0,1010.48
2020-07-14 13:00:00,32.150000000000006,31.63888888888889,0.35,3.5581,231.0,9.982000000000001,0.0,1010.06
2020-07-14 14:00:00,32.24444444444445,31.072222222222226,0.3,10.835300000000002,212.0,9.982000000000001,0.0,1009.57
2020-07-14 15:00:00,32.77777777777778,31.950000000000003,0.32,11.2056,222.0,9.982000000000001,0.0,1009.07
2020-07-14 16:00:00,32.77777777777778,31.694444444444443,0.3,12.6224,229.0,9.982000000000001,0.0,1008.65
2020-07-14 17:00:00,32.91111111111111,31.744444444444444,0.29,13.8621,223.0,10.3523,0.0,1008.49
2020-07-14 18:00:00,32.28888888888889,31.483333333333334,0.33,10.948,268.0,9.982000000000001,0.0,1008.25
2020-07-14 19:00:00,31.15555555555555,31.127777777777776,0.4,5.2647,261.0,9.982000000000001,0.0,1007.98
2020-07-14 20:00:00,28.255555555555556,29.18333333333333,0.54,1.1109,290.0,10.3523,0.0,1008.01
2020-07-14 21:00:00,24.90555555555555,24.90555555555555,0.64,19.1107,319.0,11.2056,0.0,1008.1
2020-07-14 22:00:00,23.63888888888889,23.63888888888889,0.7,4.379200000000001,339.0,15.826300000000002,0.0,1008.95
2020-07-14 23:00:00,22.127777777777776,22.127777777777776,0.65,18.9497,331.0,15.3111,0.0,1010.18
2020-07-15 00:00:00,20.92777777777778,20.92777777777778,0.68,17.291400000000003,331.0,15.826300000000002,0.0,1010.46
2020-07-15 01:00:00,19.305555555555557,19.305555555555557,0.65,16.6474,331.0,15.826300000000002,0.0,1010.33
2020-07-15 02:00:00,19.383333333333333,19.383333333333333,0.68,13.5562,355.0,14.9569,0.0,1009.75
2020-07-15 03:00:00,18.772222222222226,18.772222222222226,0.7,10.9319,8.0,15.826300000000002,0.0,1009.73
2020-07-15 04:00:00,18.216666666666672,18.216666666666672,0.71,17.5973,338.0,15.826300000000002,0.0,1010.97
2020-07-15 05:00:00,17.711111111111112,17.711111111111112,0.71,19.0624,339.0,15.005200000000002,0.0,1011.81
2020-07-15 06:00:00,17.616666666666667,17.616666666666667,0.74,19.642,359.0,10.0464,0.0,1012.35
2020-07-15 07:00:00,18.733333333333334,18.733333333333334,0.69,21.1876,350.0,9.982000000000001,0.0,1012.37
2020-07-15 08:00:00,20.827777777777776,20.827777777777776,0.61,13.8621,7.0,10.3523,0.0,1012.64
2020-07-15 09:00:00,22.10555555555556,22.10555555555556,0.59,12.1233,38.0,9.982000000000001,0.0,1012.72
2020-07-15 10:00:00,22.733333333333334,22.733333333333334,0.57,8.0017,17.0,9.982000000000001,0.0,1012.34
2020-07-15 11:00:00,23.005555555555553,23.005555555555553,0.6,10.722600000000002,1.0,10.4006,0.0,1011.57
2020-07-15 12:00:00,24.772222222222226,24.772222222222226,0.51,9.708300000000001,8.0,11.270000000000001,0.0,1012.54
2020-07-15 13:00:00,24.86111111111111,24.86111111111111,0.47,12.88,0.0,10.0464,0.0,1011.75
2020-07-15 14:00:00,25.172222222222224,25.172222222222224,0.49,15.536500000000002,8.0,10.4006,0.0,1011.11
2020-07-15 15:00:00,26.03888888888889,26.03888888888889,0.47,14.2002,359.0,10.0464,0.0,1010.98
2020-07-15 16:00:00,26.016666666666666,26.016666666666666,0.44,14.1358,8.0,10.0464,0.0,1010.78
2020-07-15 17:00:00,26.244444444444444,26.244444444444444,0.46,16.6957,6.0,10.4006,0.0,1010.91
2020-07-15 18:00:00,24.92777777777778,24.92777777777778,0.45,22.218000000000004,339.0,11.2056,0.0,1011.26
2020-07-15 19:00:00,24.72222222222222,24.72222222222222,0.48,9.9176,15.0,9.982000000000001,0.0,1011.6
2020-07-15 20:00:00,23.072222222222223,23.072222222222223,0.53,22.507800000000003,329.0,10.3523,0.0,1012.12
2020-07-15 21:00:00,20.900000000000002,20.900000000000002,0.6,15.7458,339.0,9.982000000000001,0.0,1013.48
2020-07-15 22:00:00,19.27777777777778,19.27777777777778,0.69,16.6313,329.0,15.826300000000002,0.0,1014.66
2020-07-15 23:00:00,18.23333333333333,18.23333333333333,0.71,13.7333,330.0,14.9569,0.0,1015.62
2020-07-16 00:00:00,16.544444444444444,16.544444444444444,0.79,11.012400000000001,329.0,15.826300000000002,0.0,1016.13
2020-07-16 01:00:00,15.950000000000001,15.950000000000001,0.79,16.7762,328.0,15.826300000000002,0.0,1016.54
2020-07-16 02:00:00,14.533333333333331,14.533333333333331,0.84,6.3756,325.0,14.9569,0.0,1016.84
2020-07-16 03:00:00,13.405555555555557,13.405555555555557,0.86,6.9069,298.0,15.826300000000002,0.0,1017.02
2020-07-16 04:00:00,13.333333333333334,13.333333333333334,0.9,6.6976,307.0,15.826300000000002,0.0,1017.12
2020-07-16 05:00:00,13.433333333333334,13.433333333333334,0.9,10.7548,301.0,14.9569,0.0,1017.33
2020-07-16 06:00:00,14.97777777777778,14.97777777777778,0.83,17.3558,319.0,9.982000000000001,0.0,1017.57
2020-07-16 07:00:00,17.105555555555554,17.105555555555554,0.68,22.169700000000002,319.0,9.982000000000001,0.0,1018.16
2020-07-16 08:00:00,18.783333333333335,18.783333333333335,0.62,23.892400000000002,320.0,10.3523,0.0,1018.82
2020-07-16 09:00:00,20.97222222222222,20.97222222222222,0.54,23.6992,329.0,10.0464,0.0,1019.16
2020-07-16 10:00:00,22.066666666666666,22.066666666666666,0.53,24.0695,320.0,11.270000000000001,0.0,1019.27
2020-07-16 11:00:00,22.577777777777776,22.577777777777776,0.44,25.7922,319.0,10.4006,0.0,1019.81
2020-07-16 12:00:00,22.58888888888889,22.58888888888889,0.48,29.8172,311.0,11.270000000000001,0.0,1019.99
2020-07-16 13:00:00,22.733333333333334,22.733333333333334,0.44,33.971000000000004,329.0,10.0464,0.0,1020.09
2020-07-16 14:00:00,23.86111111111111,23.86111111111111,0.4,25.4058,330.0,10.4006,0.0,1020.07
2020-07-16 15:00:00,24.88333333333334,24.88333333333334,0.36,20.9783,301.0,9.982000000000001,0.0,1019.65
2020-07-16 16:00:00,23.911111111111115,23.911111111111115,0.4,25.5185,291.0,9.982000000000001,0.0,1019.36
2020-07-16 17:00:00,23.93333333333333,23.93333333333333,0.36,21.944300000000002,316.0,10.3523,0.0,1019.64
2020-07-16 18:00:00,23.83888888888889,23.83888888888889,0.36,25.3736,319.0,9.982000000000001,0.0,1019.65
2020-07-16 19:00:00,22.75555555555555,22.75555555555555,0.38,26.870900000000002,311.0,9.982000000000001,0.0,1020.15
2020-07-16 20:00:00,21.255555555555556,21.255555555555556,0.41,19.4649,320.0,10.3523,0.0,1020.77
2020-07-16 21:00:00,19.90555555555555,19.90555555555555,0.49,12.654600000000002,301.0,9.982000000000001,0.0,1021.45
2020-07-16 22:00:00,18.79444444444444,18.79444444444444,0.5,14.312900000000003,300.0,15.826300000000002,0.0,1022.25
2020-07-16 23:00:00,18.099999999999998,18.099999999999998,0.55,13.4274,301.0,14.9569,0.0,1022.86
2020-07-17 00:00:00,17.061111111111114,17.061111111111114,0.61,11.2217,299.0,15.826300000000002,0.0,1023.05
2020-07-17 01:00:00,14.927777777777777,14.927777777777777,0.68,6.7620000000000005,308.0,15.826300000000002,0.0,1023.25
2020-07-17 02:00:00,14.027777777777779,14.027777777777779,0.72,7.1967,296.0,14.9569,0.0,1023.43
2020-07-17 03:00:00,14.283333333333335,14.283333333333335,0.7,14.3451,310.0,15.826300000000002,0.0,1023.34
2020-07-17 04:00:00,13.794444444444444,13.794444444444444,0.7,13.894300000000003,310.0,15.826300000000002,0.0,1023.23
2020-07-17 05:00:00,12.622222222222222,12.622222222222222,0.76,10.9319,310.0,15.3111,0.0,1023.42
2020-07-17 06:00:00,13.594444444444443,13.594444444444443,0.73,12.4131,320.0,9.982000000000001,0.0,1023.42
2020-07-17 07:00:00,15.866666666666667,15.866666666666667,0.64,20.736800000000002,319.0,9.982000000000001,0.0,1023.04
2020-07-17 08:00:00,17.788888888888884,17.788888888888884,0.59,16.6796,322.0,10.3523,0.0,1023.06
2020-07-17 09:00:00,20.022222222222226,20.022222222222226,0.49,14.312900000000003,310.0,9.982000000000001,0.0,1022.74
2020-07-17 10:00:00,22.22222222222222,22.22222222222222,0.42,13.0571,338.0,9.982000000000001,0.0,1022.7
2020-07-17 11:00:00,22.794444444444444,22.794444444444444,0.34,12.445300000000001,315.0,10.3523,0.0,1022.45
2020-07-17 12:00:00,23.911111111111115,23.911111111111115,0.36,15.906800000000002,310.0,9.982000000000001,0.0,1022.09
2020-07-17 13:00:00,24.97222222222222,24.97222222222222,0.32,12.976600000000001,336.0,9.982000000000001,0.0,1021.59
2020-07-17 14:00:00,25.077777777777776,25.077777777777776,0.32,16.4864,307.0,10.3523,0.0,1020.95
2020-07-17 15:00:00,25.966666666666665,25.966666666666665,0.31,21.6223,318.0,9.982000000000001,0.0,1020.62
2020-07-17 16:00:00,26.06111111111111,26.06111111111111,0.31,20.366500000000002,328.0,9.982000000000001,0.0,1020.22
2020-07-17 17:00:00,26.033333333333335,26.033333333333335,0.3,22.024800000000003,321.0,10.3523,0.0,1019.81
2020-07-17 18:00:00,24.92777777777778,24.92777777777778,0.33,15.616999999999999,318.0,9.982000000000001,0.0,1019.41
2020-07-17 19:00:00,23.86111111111111,23.86111111111111,0.34,16.180500000000002,327.0,9.982000000000001,0.0,1019.4
2020-07-17 20:00:00,22.816666666666663,22.816666666666663,0.37,11.6081,322.0,10.3523,0.0,1019.71
2020-07-17 21:00:00,22.150000000000002,22.150000000000002,0.4,13.8138,309.0,9.982000000000001,0.0,1020.02
2020-07-17 22:00:00,21.50555555555555,21.50555555555555,0.43,14.2324,319.0,15.826300000000002,0.0,1020.71
2020-07-17 23:00:00,20.87222222222222,20.87222222222222,0.47,10.2718,307.0,15.3111,0.0,1020.86
2020-07-18 00:00:00,20.38888888888889,20.38888888888889,0.5,14.4095,319.0,15.826300000000002,0.0,1021.02
2020-07-18 01:00:00,19.349999999999998,19.349999999999998,0.53,16.7601,318.0,15.826300000000002,0.0,1021.14
2020-07-18 02:00:00,18.772222222222226,18.772222222222226,0.56,15.649200000000002,300.0,15.3111,0.0,1021.24
2020-07-18 03:00:00,17.66111111111111,17.66111111111111,0.61,14.2807,309.0,15.826300000000002,0.0,1021.13
2020-07-18 04:00:00,14.466666666666665,14.466666666666665,0.75,6.6493,289.0,15.826300000000002,0.0,1021.12
2020-07-18 05:00:00,13.722222222222223,13.722222222222223,0.79,6.279,298.0,15.3111,0.0,1020.97
2020-07-18 06:00:00,15.050000000000002,15.050000000000002,0.78,9.6117,271.0,9.982000000000001,0.0,1021.11
2020-07-18 07:00:00,17.755555555555556,17.755555555555556,0.7,14.168000000000003,299.0,9.982000000000001,0.0,1021.01
2020-07-18 08:00:00,19.93333333333333,19.93333333333333,0.62,19.2556,320.0,10.3523,0.0,1021.14
2020-07-18 09:00:00,21.11111111111111,21.11111111111111,0.59,13.363000000000001,337.0,11.270000000000001,0.0,1020.83
2020-07-18 10:00:00,22.266666666666666,22.266666666666666,0.53,16.1,320.0,11.270000000000001,0.0,1021.09
2020-07-18 11:00:00,23.761111111111106,23.761111111111106,0.47,13.685,310.0,11.398800000000001,0.0,1020.72
2020-07-18 12:00:00,23.93333333333333,23.93333333333333,0.41,15.922900000000002,309.0,9.982000000000001,0.0,1020.22
2020-07-18 13:00:00,26.083333333333332,26.083333333333332,0.36,15.939000000000002,310.0,9.982000000000001,0.0,1019.89
2020-07-18 14:00:00,26.961111111111112,26.65,0.36,13.507900000000001,300.0,10.3523,0.0,1019.15
2020-07-18 15:00:00,27.083333333333332,26.633333333333333,0.34,19.851300000000002,282.0,9.982000000000001,0.0,1018.54
2020-07-18 16:00:00,26.11111111111111,26.11111111111111,0.36,12.5097,311.0,9.982000000000001,0.0,1018.6
2020-07-18 17:00:00,27.077777777777776,26.544444444444444,0.32,11.382700000000002,282.0,10.3523,0.0,1018.04
2020-07-18 18:00:00,26.13333333333334,26.13333333333334,0.36,15.713600000000001,291.0,9.982000000000001,0.0,1017.5
2020-07-18 19:00:00,25.022222222222226,25.022222222222226,0.36,12.6868,300.0,9.982000000000001,0.0,1017.39
2020-07-18 20:00:00,23.122222222222224,23.122222222222224,0.42,5.119800000000001,282.0,10.3523,0.0,1017.37
2020-07-18 21:00:00,20.05,20.05,0.57,1.61,204.0,9.982000000000001,0.0,1017.59
2020-07-18 22:00:00,17.733333333333334,17.733333333333334,0.65,3.0751,210.0,15.826300000000002,0.0,1017.99
2020-07-18 23:00:00,16.86111111111111,16.86111111111111,0.66,3.0751,184.0,14.9569,0.0,1018.13
2020-07-19 00:00:00,16.583333333333332,16.583333333333332,0.7,6.262900000000001,169.0,15.826300000000002,0.0,1017.97
2020-07-19 01:00:00,15.955555555555556,15.955555555555556,0.71,3.1878,168.0,15.826300000000002,0.0,1017.68
2020-07-19 02:00:00,15.555555555555555,15.555555555555555,0.75,3.2522,172.0,14.9569,0.0,1017.64
2020-07-19 03:00:00,14.400000000000002,14.400000000000002,0.77,6.118,169.0,15.826300000000002,0.0,1017.08
2020-07-19 04:00:00,14.31111111111111,14.31111111111111,0.78,6.44,160.0,15.826300000000002,0.0,1016.87
2020-07-19 05:00:00,14.633333333333335,14.633333333333335,0.76,6.1502,172.0,14.9569,0.0,1016.71
2020-07-19 06:00:00,14.88888888888889,14.88888888888889,0.78,7.760200000000001,170.0,9.982000000000001,0.0,1016.66
2020-07-19 07:00:00,18.855555555555554,18.855555555555554,0.65,8.0661,179.0,9.982000000000001,0.0,1016.55
2020-07-19 08:00:00,22.62222222222222,22.62222222222222,0.52,14.651,188.0,10.3523,0.0,1016.47
2020-07-19 09:00:00,26.094444444444445,26.094444444444445,0.39,17.243100000000002,181.0,9.982000000000001,0.0,1015.95
2020-07-19 10:00:00,27.22222222222222,26.855555555555558,0.37,17.436300000000003,190.0,9.982000000000001,0.0,1016.02
2020-07-19 11:00:00,27.816666666666663,27.327777777777776,0.37,19.931800000000003,189.0,10.3523,0.0,1015.88
2020-07-19 12:00:00,29.02777777777778,28.044444444444448,0.32,20.511400000000002,190.0,9.982000000000001,0.0,1015.21
2020-07-19 13:00:00,31.13888888888889,29.74444444444445,0.29,20.479200000000002,190.0,9.982000000000001,0.0,1014.49
2020-07-19 14:00:00,31.127777777777776,29.916666666666668,0.31,21.429100000000002,180.0,10.3523,0.0,1013.64
2020-07-19 15:00:00,32.266666666666666,30.822222222222226,0.27,23.667,172.0,9.982000000000001,0.0,1012.7
2020-07-19 16:00:00,32.266666666666666,30.63888888888889,0.25,23.7314,180.0,9.982000000000001,0.0,1011.89
2020-07-19 17:00:00,32.199999999999996,30.57222222222222,0.26,22.395100000000003,189.0,10.3523,0.0,1010.76
2020-07-19 18:00:00,31.227777777777774,29.522222222222222,0.24,28.2555,171.0,9.982000000000001,0.0,1009.6
2020-07-19 19:00:00,31.13333333333334,29.450000000000003,0.25,25.0838,180.0,9.982000000000001,0.0,1009.03
2020-07-19 20:00:00,27.677777777777774,26.988888888888887,0.33,14.023100000000003,162.0,10.3523,0.0,1009.19
2020-07-19 21:00:00,26.18333333333333,26.18333333333333,0.34,13.8138,160.0,9.982000000000001,0.0,1009.32
2020-07-19 22:00:00,24.400000000000002,24.400000000000002,0.38,12.348700000000001,163.0,15.874600000000001,0.0,1009.2
2020-07-19 23:00:00,20.38888888888889,20.38888888888889,0.51,3.8479000000000005,152.0,15.3111,0.0,1010.12
2020-07-20 00:00:00,20.022222222222226,20.022222222222226,0.54,5.313,179.0,15.826300000000002,0.0,1010.26
2020-07-20 01:00:00,21.016666666666666,21.016666666666666,0.49,3.3327,342.0,15.826300000000002,0.0,1010.77
2020-07-20 02:00:00,20.866666666666667,20.866666666666667,0.55,11.0768,35.0,14.9569,0.0,1010.89
2020-07-20 03:00:00,19.833333333333332,19.833333333333332,0.69,16.599100000000004,350.0,15.826300000000002,0.0,1011.41
2020-07-20 04:00:00,18.7,18.7,0.76,13.5562,339.0,15.826300000000002,0.0,1012.06
2020-07-20 05:00:00,18.09444444444444,18.09444444444444,0.78,12.5097,347.0,14.9569,0.0,1012.56
2020-07-20 06:00:00,17.68888888888889,17.68888888888889,0.85,9.1448,339.0,9.982000000000001,0.0,1013.26
2020-07-20 07:00:00,19.79444444444444,19.79444444444444,0.79,10.5294,330.0,9.982000000000001,0.0,1013.85
2020-07-20 08:00:00,22.649999999999995,22.649999999999995,0.66,11.672500000000001,339.0,10.3523,0.0,1014.12
2020-07-20 09:00:00,24.92777777777778,24.92777777777778,0.58,12.525800000000002,9.0,9.982000000000001,0.0,1014.43
2020-07-20 10:00:00,27.10555555555556,27.52777777777778,0.5,13.0088,349.0,9.982000000000001,0.0,1014.35
2020-07-20 11:00:00,27.800000000000004,27.62777777777778,0.42,15.3272,352.0,10.3523,0.0,1014.61
2020-07-20 12:00:00,28.744444444444444,28.333333333333332,0.4,14.2163,0.0,9.982000000000001,0.0,1014.74
2020-07-20 13:00:00,29.855555555555554,29.00555555555555,0.35,10.3201,78.0,9.982000000000001,0.0,1014.43
2020-07-20 14:00:00,31.116666666666667,30.050000000000004,0.32,3.7191000000000005,59.0,10.3523,0.0,1013.99
2020-07-20 15:00:00,31.016666666666666,30.21111111111111,0.34,4.4919,72.0,9.982000000000001,0.0,1013.54
2020-07-20 16:00:00,31.03888888888889,30.038888888888884,0.33,11.8979,56.0,9.982000000000001,0.0,1013.13
2020-07-20 17:00:00,31.266666666666666,30.055555555555557,0.3,13.7494,20.0,10.3523,0.0,1012.46
2020-07-20 18:00:00,29.90555555555555,28.744444444444444,0.31,15.633100000000002,29.0,9.982000000000001,0.0,1012.04
2020-07-20 19:00:00,28.838888888888885,28.111111111111107,0.36,14.3934,48.0,9.982000000000001,0.0,1011.73
2020-07-20 20:00:00,27.366666666666667,26.944444444444443,0.36,12.461400000000001,39.0,10.3523,0.0,1011.51
2020-07-20 21:00:00,24.90555555555555,24.90555555555555,0.39,13.9909,29.0,9.982000000000001,0.0,1011.73
2020-07-20 22:00:00,24.261111111111113,24.261111111111113,0.4,13.8782,39.0,15.826300000000002,0.0,1012.22
2020-07-20 23:00:00,23.15555555555556,23.15555555555556,0.42,10.3201,38.0,14.9569,0.0,1012.16
2020-07-21 00:00:00,21.950000000000003,21.950000000000003,0.46,11.270000000000001,40.0,15.826300000000002,0.0,1012.13
2020-07-21 01:00:00,20.32777777777778,20.32777777777778,0.53,6.552700000000001,37.0,15.826300000000002,0.0,1011.76
2020-07-21 02:00:00,19.488888888888887,19.488888888888887,0.55,10.4811,36.0,14.9569,0.0,1011.42
2020-07-21 03:00:00,19.349999999999998,19.349999999999998,0.54,14.3773,342.0,15.826300000000002,0.0,1011.49
2020-07-21 04:00:00,19.305555555555557,19.305555555555557,0.57,14.007,0.0,15.826300000000002,0.0,1011.36
2020-07-21 05:00:00,18.7,18.7,0.59,16.8084,8.0,14.9569,0.0,1011.2
2020-07-21 06:00:00,18.75,18.75,0.62,21.9282,359.0,9.982000000000001,0.0,1011.58
2020-07-21 07:00:00,19.86111111111111,19.86111111111111,0.61,24.9389,0.0,9.982000000000001,0.0,1011.93
2020-07-21 08:00:00,21.91111111111111,21.91111111111111,0.56,24.4237,8.0,10.3523,0.0,1012.03
2020-07-21 09:00:00,22.666666666666668,22.666666666666668,0.57,27.9174,28.0,9.982000000000001,0.0,1012.23
2020-07-21 10:00:00,24.79444444444444,24.79444444444444,0.5,24.037300000000002,359.0,9.982000000000001,0.0,1012.37
2020-07-21 11:00:00,25.86111111111111,25.86111111111111,0.45,27.3539,350.0,10.4006,0.0,1013.15
2020-07-21 12:00:00,27.016666666666666,26.950000000000003,0.41,29.5113,350.0,9.982000000000001,0.0,1013.59
2020-07-21 13:00:00,26.03888888888889,26.03888888888889,0.44,17.404100000000003,8.0,9.982000000000001,0.0,1013.66
2020-07-21 14:00:00,27.322222222222226,27.12222222222222,0.4,20.9622,354.0,10.3523,0.0,1013.12
2020-07-21 15:00:00,27.61111111111111,27.350000000000005,0.4,12.799500000000002,357.0,9.982000000000001,0.0,1013.16
2020-07-21 16:00:00,27.61666666666666,27.344444444444445,0.4,14.2485,357.0,9.982000000000001,0.0,1012.79
2020-07-21 17:00:00,27.694444444444443,27.28888888888889,0.38,14.2646,11.0,10.3523,0.0,1012.8
2020-07-21 18:00:00,26.988888888888887,26.833333333333332,0.4,16.9211,27.0,9.982000000000001,0.0,1012.41
2020-07-21 19:00:00,25.85555555555556,25.85555555555556,0.43,17.259200000000003,7.0,9.982000000000001,0.0,1012.83
2020-07-21 20:00:00,23.788888888888884,23.788888888888884,0.48,23.087400000000002,346.0,10.3523,0.0,1013.47
2020-07-21 21:00:00,22.061111111111106,22.061111111111106,0.54,23.3611,349.0,10.0464,0.0,1014.48
2020-07-21 22:00:00,21.45555555555556,21.45555555555556,0.56,24.906700000000004,349.0,15.826300000000002,0.0,1015.1
2020-07-21 23:00:00,20.827777777777776,20.827777777777776,0.63,19.5454,341.0,15.3111,0.0,1015.07
2020-07-22 00:00:00,20.25555555555555,20.25555555555555,0.7,17.0499,358.0,15.874600000000001,0.0,1015.03
2020-07-22 01:00:00,18.727777777777774,18.727777777777774,0.76,17.3075,330.0,15.874600000000001,0.0,1015.97
2020-07-22 02:00:00,17.727777777777774,17.727777777777774,0.83,13.363000000000001,330.0,15.005200000000002,0.0,1016.05
2020-07-22 03:00:00,17.616666666666667,17.616666666666667,0.82,13.8299,329.0,15.729700000000001,0.0,1016.19
2020-07-22 04:00:00,17.105555555555554,17.105555555555554,0.88,13.4435,309.0,15.729700000000001,0.0,1017.08
2020-07-22 05:00:00,16.63888888888889,16.63888888888889,0.9,10.4811,329.0,14.3451,0.0,1017.18
2020-07-22 06:00:00,17.083333333333332,17.083333333333332,0.88,9.064300000000001,348.0,10.948,0.0,1017.25
2020-07-22 07:00:00,17.083333333333332,17.083333333333332,0.88,9.2253,311.0,10.980200000000002,0.0,1017.27
2020-07-22 08:00:00,17.07222222222222,17.07222222222222,0.87,14.1036,320.0,11.4471,0.0,1018.03
2020-07-22 09:00:00,16.16111111111111,16.16111111111111,0.93,16.6474,350.0,11.270000000000001,0.0,1018.15
2020-07-22 10:00:00,16.27777777777778,16.27777777777778,0.92,14.023100000000003,342.0,12.042800000000002,0.0,1018.72
2020-07-22 11:00:00,18.83888888888889,18.83888888888889,0.79,14.9247,7.0,11.4471,0.0,1018.9
2020-07-22 12:00:00,20.02777777777778,20.02777777777778,0.72,15.616999999999999,352.0,11.270000000000001,0.0,1018.74
2020-07-22 13:00:00,22.133333333333336,22.133333333333336,0.59,14.1358,353.0,11.270000000000001,0.0,1018.73
2020-07-22 14:00:00,22.305555555555557,22.305555555555557,0.58,14.2485,15.0,11.398800000000001,0.0,1018.68
2020-07-22 15:00:00,22.266666666666666,22.266666666666666,0.55,21.686700000000002,11.0,11.2056,0.0,1018.45
2020-07-22 16:00:00,22.783333333333335,22.783333333333335,0.53,22.0892,21.0,11.2056,0.0,1018.81
2020-07-22 17:00:00,22.788888888888884,22.788888888888884,0.52,20.2377,17.0,11.398800000000001,0.0,1018.57
2020-07-22 18:00:00,22.800000000000004,22.800000000000004,0.52,23.457700000000003,31.0,11.2056,0.0,1018.53
2020-07-22 19:00:00,22.17222222222222,22.17222222222222,0.55,21.7994,40.0,11.2056,0.0,1018.76
2020-07-22 20:00:00,21.083333333333332,21.083333333333332,0.57,22.942500000000003,22.0,11.398800000000001,0.0,1019.27
2020-07-22 21:00:00,19.95,19.95,0.61,15.7458,21.0,9.982000000000001,0.0,1019.68
2020-07-22 22:00:00,19.238888888888887,19.238888888888887,0.62,14.168000000000003,21.0,15.826300000000002,0.0,1020.85
2020-07-22 23:00:00,18.205555555555552,18.205555555555552,0.64,14.039200000000001,9.0,15.3111,0.0,1021.06
2020-07-23 00:00:00,17.68888888888889,17.68888888888889,0.66,16.985500000000002,10.0,15.826300000000002,0.0,1021.17
2020-07-23 01:00:00,17.155555555555555,17.155555555555555,0.66,19.931800000000003,10.0,15.826300000000002,0.0,1020.61
2020-07-23 02:00:00,16.77777777777778,16.77777777777778,0.65,19.5454,18.0,15.3111,0.0,1020.39
2020-07-23 03:00:00,16.57777777777778,16.57777777777778,0.67,16.9533,19.0,15.826300000000002,0.0,1020.57
2020-07-23 04:00:00,15.511111111111113,15.511111111111113,0.72,13.8299,10.0,15.826300000000002,0.0,1020.71
2020-07-23 05:00:00,16.06111111111111,16.06111111111111,0.67,16.744000000000003,7.0,15.3111,0.0,1020.85
2020-07-23 06:00:00,16.044444444444444,16.044444444444444,0.67,21.3486,10.0,9.982000000000001,0.0,1021.03
2020-07-23 07:00:00,17.133333333333336,17.133333333333336,0.63,21.670600000000004,10.0,9.982000000000001,0.0,1021.4
2020-07-23 08:00:00,17.75,17.75,0.64,23.634800000000002,19.0,10.3523,0.0,1021.57
2020-07-23 09:00:00,18.916666666666668,18.916666666666668,0.64,23.634800000000002,40.0,9.982000000000001,0.0,1021.48
2020-07-23 10:00:00,20.11666666666666,20.11666666666666,0.62,20.7207,30.0,9.982000000000001,0.0,1022.03
2020-07-23 11:00:00,22.694444444444443,22.694444444444443,0.56,16.9372,17.0,10.3523,0.0,1021.51
2020-07-23 12:00:00,25.005555555555556,25.005555555555556,0.53,15.874600000000001,39.0,9.982000000000001,0.0,1021.17
2020-07-23 13:00:00,25.11666666666666,25.11666666666666,0.53,15.826300000000002,59.0,9.982000000000001,0.0,1021.79
2020-07-23 14:00:00,26.33888888888889,26.33888888888889,0.49,15.4721,51.0,10.3523,0.0,1021.53
2020-07-23 15:00:00,27.89444444444444,27.950000000000003,0.45,11.4793,41.0,9.982000000000001,0.0,1021.01
2020-07-23 16:00:00,27.89444444444444,27.950000000000003,0.45,20.1572,21.0,9.982000000000001,0.0,1020.35
2020-07-23 17:00:00,28.005555555555553,27.977777777777778,0.44,20.7851,22.0,10.3523,0.0,1020.07
2020-07-23 18:00:00,27.800000000000004,27.87777777777778,0.46,22.024800000000003,31.0,9.982000000000001,0.0,1019.76
2020-07-23 19:00:00,27.24444444444445,27.438888888888886,0.47,21.960400000000003,31.0,9.982000000000001,0.0,1019.65
2020-07-23 20:00:00,26.18333333333333,26.18333333333333,0.49,19.303900000000002,31.0,10.3523,0.0,1019.8
2020-07-23 21:00:00,24.92777777777778,24.92777777777778,0.54,23.2967,20.0,9.982000000000001,0.0,1019.97
2020-07-23 22:00:00,24.305555555555557,24.305555555555557,0.54,20.4148,30.0,15.826300000000002,0.0,1020.64
2020-07-23 23:00:00,23.377777777777776,23.377777777777776,0.57,23.5865,31.0,14.9569,0.0,1020.39
2020-07-24 00:00:00,22.61666666666666,22.61666666666666,0.58,20.334300000000002,30.0,15.826300000000002,0.0,1020.28
2020-07-24 01:00:00,21.550000000000004,21.550000000000004,0.6,20.1894,30.0,15.826300000000002,0.0,1019.97
2020-07-24 02:00:00,20.650000000000002,20.650000000000002,0.63,18.9658,31.0,14.9569,0.0,1019.7
2020-07-24 03:00:00,19.92777777777778,19.92777777777778,0.66,14.1519,30.0,15.826300000000002,0.0,1019.75
2020-07-24 04:00:00,19.422222222222217,19.422222222222217,0.68,17.243100000000002,30.0,15.826300000000002,0.0,1019.55
2020-07-24 05:00:00,18.850000000000005,18.850000000000005,0.71,11.125100000000002,39.0,14.9569,0.0,1019.57
2020-07-24 06:00:00,17.783333333333335,17.783333333333335,0.78,11.2056,30.0,9.982000000000001,0.0,1019.64
2020-07-24 07:00:00,18.894444444444446,18.894444444444446,0.73,12.783400000000002,30.0,9.982000000000001,0.0,1019.43
2020-07-24 08:00:00,21.077777777777776,21.077777777777776,0.68,12.187700000000001,34.0,10.3523,0.0,1019.51
2020-07-24 09:00:00,22.75555555555555,22.75555555555555,0.66,12.590200000000001,68.0,9.982000000000001,0.0,1019.22
2020-07-24 10:00:00,25.09444444444445,25.09444444444445,0.57,12.590200000000001,98.0,9.982000000000001,0.0,1019.19
2020-07-24 11:00:00,26.977777777777778,27.483333333333334,0.51,9.6922,161.0,11.398800000000001,0.0,1019.09
2020-07-24 12:00:00,26.18333333333333,26.18333333333333,0.54,10.8997,128.0,11.2056,0.0,1018.89
2020-07-24 13:00:00,21.57777777777778,21.57777777777778,0.78,17.404100000000003,129.0,11.2056,0.0,1019.81
2020-07-24 14:00:00,21.266666666666666,21.266666666666666,0.87,7.1645,64.0,11.0768,0.0,1019.54
2020-07-24 15:00:00,21.18333333333333,21.18333333333333,0.81,16.583000000000002,70.0,7.2772,0.0,1018.57
2020-07-24 16:00:00,20.21111111111111,20.21111111111111,0.86,17.1787,70.0,7.2772,0.0,1018.01
2020-07-24 17:00:00,20.427777777777774,20.427777777777774,0.83,21.896,71.0,5.9731000000000005,0.0,1017.44
2020-07-24 18:00:00,21.22222222222222,21.22222222222222,0.79,22.2663,71.0,6.1985,0.0,1015.81
2020-07-24 19:00:00,20.11111111111111,20.11111111111111,0.84,12.1555,20.0,11.125100000000002,0.0,1015.77
2020-07-24 20:00:00,19.33888888888889,19.33888888888889,0.91,7.422100000000001,19.0,11.286100000000001,0.0,1015.54
2020-07-24 21:00:00,20.04444444444444,20.04444444444444,0.87,0.2898,350.0,11.270000000000001,0.0,1015.7
2020-07-24 22:00:00,19.511111111111113,19.511111111111113,0.9,6.3112,20.0,9.9015,0.0,1015.52
2020-07-24 23:00:00,20.09444444444445,20.09444444444445,0.88,2.7853000000000003,289.0,3.3649,0.0,1014.98
2020-07-25 00:00:00,19.466666666666672,19.466666666666672,0.93,6.295100000000001,284.0,6.166300000000001,0.0,1014.94
2020-07-25 01:00:00,18.93888888888889,18.93888888888889,0.97,6.2468,25.0,4.1216,0.0,1015.65
2020-07-25 02:00:00,18.911111111111115,18.911111111111115,0.97,10.432800000000002,49.0,7.1645,0.0,1014.86
2020-07-25 03:00:00,18.916666666666668,18.916666666666668,0.97,11.270000000000001,70.0,6.166300000000001,0.0,1015.07
2020-07-25 04:00:00,19.422222222222217,19.422222222222217,0.97,17.806600000000003,89.0,6.166300000000001,0.0,1013.51
2020-07-25 05:00:00,19.183333333333334,19.183333333333334,0.96,8.033900000000001,117.0,8.3076,0.0,1014.39
2020-07-25 06:00:00,18.88888888888889,18.88888888888889,0.91,9.209200000000001,119.0,10.8997,0.0,1014.4
2020-07-25 07:00:00,19.977777777777774,19.977777777777774,0.88,9.1126,130.0,10.948,0.0,1014.31
2020-07-25 08:00:00,19.95,19.95,0.94,7.760200000000001,125.0,9.2575,0.0,1014.49
2020-07-25 09:00:00,21.06111111111111,21.06111111111111,0.88,0.5957,88.0,11.125100000000002,0.0,1014.98
2020-07-25 10:00:00,21.11111111111111,21.11111111111111,0.87,4.8783,56.0,11.125100000000002,0.0,1015.08
2020-07-25 11:00:00,22.82222222222222,22.82222222222222,0.84,3.2039,135.0,11.4471,0.0,1015.13
2020-07-25 12:00:00,24.93333333333333,24.93333333333333,0.69,2.1252000000000004,113.0,11.270000000000001,0.0,1014.89
2020-07-25 13:00:00,24.02777777777778,24.02777777777778,0.78,4.83,76.0,11.270000000000001,0.0,1014.38
2020-07-25 14:00:00,24.105555555555554,24.105555555555554,0.77,9.8693,75.0,11.0768,0.0,1014.2
2020-07-25 15:00:00,25.08888888888889,25.08888888888889,0.69,2.0447,81.0,11.270000000000001,0.0,1013.97
2020-07-25 16:00:00,25.155555555555555,25.155555555555555,0.68,10.722600000000002,90.0,11.270000000000001,0.0,1013.67
2020-07-25 17:00:00,25.133333333333333,25.133333333333333,0.72,4.652900000000001,44.0,11.4471,0.0,1013.15
2020-07-25 18:00:00,24.066666666666663,24.066666666666663,0.78,9.2575,50.0,11.2056,0.0,1013.57
2020-07-25 19:00:00,24.97222222222222,24.97222222222222,0.69,4.9588,45.0,11.2056,0.0,1012.72
2020-07-25 20:00:00,22.438888888888886,22.438888888888886,0.86,3.8157000000000005,89.0,9.982000000000001,0.0,1012.9
2020-07-25 21:00:00,21.083333333333332,21.083333333333332,0.87,0.1449,310.0,9.982000000000001,0.0,1013.31
2020-07-25 22:00:00,20.0,20.0,0.97,0.0,0.0,9.9015,0.0,1013.42
2020-07-25 23:00:00,19.522222222222222,19.522222222222222,0.97,3.3166,53.0,9.9015,0.0,1013.89
2020-07-26 00:00:00,18.86666666666666,18.86666666666666,0.97,3.22,20.0,6.9874,0.0,1013.9
2020-07-26 01:00:00,19.377777777777776,19.377777777777776,0.97,6.44,110.0,7.084000000000001,0.0,1014.86
2020-07-26 02:00:00,19.400000000000002,19.400000000000002,0.94,5.1037,138.0,7.1645,0.0,1014.67
2020-07-26 03:00:00,19.422222222222217,19.422222222222217,0.93,0.0,0.0,7.084000000000001,0.0,1014.51
2020-07-26 04:00:00,18.35555555555556,18.35555555555556,0.97,3.22,80.0,4.9910000000000005,0.0,1014.1
2020-07-26 05:00:00,17.933333333333334,17.933333333333334,0.98,3.22,0.0,3.7996,0.0,1013.92
2020-07-26 06:00:00,17.31111111111111,17.31111111111111,1.0,1.61,350.0,1.9159,0.0,1014.0
2020-07-26 07:00:00,19.95,19.95,0.93,3.1878,2.0,4.4275,0.0,1014.02
2020-07-26 08:00:00,21.15555555555555,21.15555555555555,0.88,6.9069,356.0,6.359500000000001,0.0,1014.11
2020-07-26 09:00:00,22.75,22.75,0.84,4.6207,8.0,10.980200000000002,0.0,1014.41
2020-07-26 10:00:00,23.86111111111111,23.86111111111111,0.79,9.3702,332.0,11.270000000000001,0.0,1014.33
2020-07-26 11:00:00,25.05,25.05,0.73,9.499,354.0,11.4471,0.0,1014.56
2020-07-26 12:00:00,25.016666666666666,25.016666666666666,0.74,12.4936,20.0,11.270000000000001,0.0,1014.71
2020-07-26 13:00:00,26.15555555555555,26.15555555555555,0.65,14.039200000000001,352.0,11.270000000000001,0.0,1014.39
2020-07-26 14:00:00,24.95,24.95,0.72,11.125100000000002,18.0,11.4471,0.0,1014.0
2020-07-26 15:00:00,24.87777777777778,24.87777777777778,0.74,7.567000000000001,12.0,11.270000000000001,0.0,1014.2
2020-07-26 16:00:00,24.922222222222224,24.922222222222224,0.74,0.1771,343.0,11.270000000000001,0.0,1014.0
2020-07-26 17:00:00,23.727777777777774,23.727777777777774,0.8,4.9588,308.0,11.4471,0.0,1013.84
2020-07-26 18:00:00,23.93333333333333,23.93333333333333,0.79,3.8318,294.0,11.270000000000001,0.0,1013.23
2020-07-26 19:00:00,22.82222222222222,22.82222222222222,0.84,9.563400000000001,291.0,9.982000000000001,0.0,1013.51
2020-07-26 20:00:00,22.266666666666666,22.266666666666666,0.87,10.0464,290.0,9.982000000000001,0.0,1013.53
2020-07-26 21:00:00,21.03888888888889,21.03888888888889,0.93,9.4829,309.0,9.982000000000001,0.0,1013.93
2020-07-26 22:00:00,20.488888888888887,20.488888888888887,0.93,6.44,290.0,11.801300000000001,0.0,1014.22
2020-07-26 23:00:00,19.544444444444448,19.544444444444448,0.97,6.2146,290.0,11.4471,0.0,1014.16
2020-07-27 00:00:00,19.377777777777776,19.377777777777776,0.94,6.0858,320.0,9.708300000000001,0.0,1014.8
2020-07-27 01:00:00,18.86666666666666,18.86666666666666,0.97,6.44,290.0,14.6349,0.0,1014.23
2020-07-27 02:00:00,18.527777777777775,18.527777777777775,0.97,6.1824,298.0,9.708300000000001,0.0,1014.22
2020-07-27 03:00:00,18.216666666666672,18.216666666666672,0.97,6.2468,309.0,9.6439,0.0,1014.02
2020-07-27 04:00:00,17.711111111111112,17.711111111111112,0.97,6.3434,308.0,4.83,0.0,1013.82
2020-07-27 05:00:00,17.816666666666663,17.816666666666663,0.97,3.6869,298.0,3.8801000000000005,0.0,1013.95
2020-07-27 06:00:00,17.68888888888889,17.68888888888889,0.97,3.22,290.0,1.8676,0.0,1014.22
2020-07-27 07:00:00,18.850000000000005,18.850000000000005,0.94,4.6690000000000005,312.0,3.1395,0.0,1014.51
2020-07-27 08:00:00,20.05,20.05,0.93,5.0232,326.0,4.524100000000001,0.0,1014.47
2020-07-27 09:00:00,22.805555555555557,22.805555555555557,0.84,7.776300000000001,320.0,6.295100000000001,0.0,1014.24
2020-07-27 10:00:00,26.06666666666667,26.06666666666667,0.6,10.642100000000001,301.0,11.270000000000001,0.0,1014.21
2020-07-27 11:00:00,27.5,28.394444444444446,0.56,2.9302,347.0,11.0768,0.0,1014.07
2020-07-27 12:00:00,28.81666666666667,30.038888888888884,0.55,4.6368,318.0,11.2056,0.0,1014.01
2020-07-27 13:00:00,28.88888888888889,29.616666666666667,0.51,2.7048,88.0,11.2056,0.0,1013.61
2020-07-27 14:00:00,29.738888888888887,30.349999999999998,0.48,7.760200000000001,344.0,11.4471,0.0,1013.16
2020-07-27 15:00:00,27.45,28.577777777777776,0.59,13.0088,69.0,11.270000000000001,0.0,1012.82
2020-07-27 16:00:00,27.89444444444444,29.077777777777783,0.58,12.332600000000001,69.0,11.270000000000001,0.0,1012.7
2020-07-27 17:00:00,27.016666666666666,28.216666666666672,0.62,8.3237,57.0,10.8997,0.0,1012.87
2020-07-27 18:00:00,28.883333333333333,29.62222222222222,0.51,4.5563,168.0,11.270000000000001,0.0,1012.48
2020-07-27 19:00:00,27.82222222222222,29.400000000000002,0.62,3.1395,120.0,11.270000000000001,0.0,1012.2
2020-07-27 20:00:00,24.227777777777778,24.227777777777778,0.74,6.923,79.0,11.398800000000001,0.0,1012.46
2020-07-27 21:00:00,22.28888888888889,22.28888888888889,0.81,4.717300000000001,119.0,9.982000000000001,0.0,1012.79
2020-07-27 22:00:00,21.694444444444443,21.694444444444443,0.84,3.22,120.0,15.826300000000002,0.0,1013.19
2020-07-27 23:00:00,20.744444444444447,20.744444444444447,0.87,0.3542,217.0,15.3111,0.0,1013.19
2020-07-28 00:00:00,19.53888888888889,19.53888888888889,0.93,1.5295,110.0,15.826300000000002,0.0,1013.11
2020-07-28 01:00:00,18.96111111111111,18.96111111111111,0.93,3.22,90.0,15.826300000000002,0.0,1012.91
2020-07-28 02:00:00,18.63888888888889,18.63888888888889,0.96,2.7853000000000003,340.0,15.3111,0.0,1012.85
2020-07-28 03:00:00,18.86666666666666,18.86666666666666,0.93,3.22,240.0,11.801300000000001,0.0,1012.61
2020-07-28 04:00:00,17.82777777777778,17.82777777777778,0.97,3.0751,0.0,7.905100000000001,0.0,1012.72
2020-07-28 05:00:00,18.37222222222222,18.37222222222222,0.97,2.8819000000000004,48.0,6.6493,0.0,1012.92
2020-07-28 06:00:00,17.849999999999998,17.849999999999998,1.0,3.1878,62.0,4.4919,0.0,1013.18
2020-07-28 07:00:00,22.577777777777776,22.577777777777776,0.85,1.6583,73.0,7.0357,0.0,1013.29
2020-07-28 08:00:00,24.711111111111116,24.711111111111116,0.72,4.4436,106.0,9.982000000000001,0.0,1013.2
2020-07-28 09:00:00,27.150000000000002,28.305555555555557,0.6,11.270000000000001,110.0,9.982000000000001,0.0,1013.09
2020-07-28 10:00:00,27.82222222222222,28.694444444444443,0.55,3.1234,118.0,11.2056,0.0,1012.91
2020-07-28 11:00:00,28.77777777777778,29.88888888888889,0.54,3.3327,130.0,11.4471,0.0,1012.92
2020-07-28 12:00:00,30.022222222222226,30.444444444444443,0.46,3.3166,226.0,11.2056,0.0,1012.68
2020-07-28 13:00:00,31.13333333333334,31.799999999999997,0.44,4.781700000000001,171.0,11.2056,0.0,1012.29
2020-07-28 14:00:00,32.02777777777778,32.46666666666667,0.41,3.2844,277.0,10.3523,0.0,1011.83
2020-07-28 15:00:00,32.71111111111111,33.43888888888889,0.41,4.717300000000001,191.0,9.982000000000001,0.0,1011.21
2020-07-28 16:00:00,32.24444444444445,32.75,0.41,3.2039,121.0,9.982000000000001,0.0,1010.99
2020-07-28 17:00:00,32.272222222222226,32.57222222222222,0.39,2.7531000000000003,173.0,10.3523,0.0,1010.63
2020-07-28 18:00:00,32.22222222222222,32.211111111111116,0.38,1.8032000000000004,174.0,9.982000000000001,0.0,1010.1
2020-07-28 19:00:00,30.07222222222222,30.511111111111113,0.46,7.760200000000001,196.0,9.982000000000001,0.0,1010.29
2020-07-28 20:00:00,27.727777777777774,28.461111111111116,0.54,3.3810000000000002,184.0,10.3523,0.0,1010.6
2020-07-28 21:00:00,25.09444444444445,25.09444444444445,0.69,4.5563,167.0,9.982000000000001,0.0,1010.88
2020-07-28 22:00:00,23.96111111111111,23.96111111111111,0.74,3.3327,148.0,15.826300000000002,0.0,1011.15
2020-07-28 23:00:00,23.177777777777777,23.177777777777777,0.76,6.6654,134.0,14.9569,0.0,1010.98
2020-07-29 00:00:00,21.71666666666667,21.71666666666667,0.81,6.1502,150.0,15.826300000000002,0.0,1010.88
2020-07-29 01:00:00,21.16111111111111,21.16111111111111,0.84,1.5295,110.0,15.826300000000002,0.0,1011.19
2020-07-29 02:00:00,20.555555555555557,20.555555555555557,0.85,3.6708,178.0,14.9569,0.0,1011.26
2020-07-29 03:00:00,19.488888888888887,19.488888888888887,0.93,1.5295,110.0,15.826300000000002,0.0,1010.89
2020-07-29 04:00:00,18.594444444444445,18.594444444444445,0.92,12.332600000000001,325.0,15.826300000000002,0.0,1011.1
2020-07-29 05:00:00,18.93888888888889,18.93888888888889,0.91,5.3452,20.0,14.168000000000003,0.0,1011.26
2020-07-29 06:00:00,21.18333333333333,21.18333333333333,0.86,11.0768,20.0,9.982000000000001,0.0,1011.69
2020-07-29 07:00:00,22.71111111111111,22.71111111111111,0.73,15.262800000000002,31.0,9.982000000000001,0.0,1011.95
2020-07-29 08:00:00,23.899999999999995,23.899999999999995,0.67,14.812,61.0,9.6278,0.0,1011.88
2020-07-29 09:00:00,26.18333333333333,26.18333333333333,0.6,13.894300000000003,70.0,9.982000000000001,0.0,1011.59
2020-07-29 10:00:00,27.89444444444444,29.077777777777783,0.58,15.826300000000002,90.0,9.982000000000001,0.0,1011.55
2020-07-29 11:00:00,29.92777777777778,31.033333333333335,0.51,12.6224,100.0,9.982000000000001,0.0,1011.17
2020-07-29 12:00:00,32.199999999999996,34.33888888888889,0.48,12.992700000000001,140.0,9.982000000000001,0.0,1010.46
2020-07-29 13:00:00,32.77777777777778,33.416666666666664,0.4,12.7512,158.0,9.982000000000001,0.0,1009.77
2020-07-29 14:00:00,33.75555555555556,34.705555555555556,0.39,13.0571,151.0,10.3523,0.0,1009.2
2020-07-29 15:00:00,33.861111111111114,35.34444444444445,0.41,12.6224,141.0,9.982000000000001,0.0,1008.32
2020-07-29 16:00:00,32.666666666666664,34.138888888888886,0.44,9.2736,132.0,10.0464,0.0,1007.75
2020-07-29 17:00:00,28.45555555555556,29.12777777777778,0.51,23.345000000000002,240.0,6.3434,0.0,1008.04
2020-07-29 18:00:00,22.944444444444443,22.944444444444443,0.73,16.5025,200.0,7.2772,0.0,1010.0
2020-07-29 19:00:00,23.127777777777776,23.127777777777776,0.65,16.7762,113.0,11.270000000000001,0.0,1010.53
2020-07-29 20:00:00,22.88888888888889,22.88888888888889,0.67,10.7548,136.0,11.0768,0.0,1010.43
2020-07-29 21:00:00,22.31666666666667,22.31666666666667,0.73,9.4185,222.0,11.270000000000001,0.0,1010.03
2020-07-29 22:00:00,20.694444444444443,20.694444444444443,0.77,11.0607,267.0,15.874600000000001,0.0,1010.82
2020-07-29 23:00:00,20.372222222222224,20.372222222222224,0.8,8.3881,277.0,14.9569,0.0,1012.07
2020-07-30 00:00:00,20.0,20.0,0.81,5.763800000000001,288.0,15.826300000000002,0.0,1012.73
2020-07-30 01:00:00,20.511111111111113,20.511111111111113,0.78,16.180500000000002,60.0,15.826300000000002,0.0,1013.1
2020-07-30 02:00:00,20.883333333333336,20.883333333333336,0.78,14.3612,68.0,14.9569,0.0,1012.35
2020-07-30 03:00:00,19.377777777777776,19.377777777777776,0.87,6.7942,291.0,15.826300000000002,0.0,1012.91
2020-07-30 04:00:00,18.28888888888889,18.28888888888889,0.9,10.722600000000002,300.0,15.826300000000002,0.0,1013.46
2020-07-30 05:00:00,17.800000000000004,17.800000000000004,0.97,9.9176,326.0,9.982000000000001,0.0,1014.07
2020-07-30 06:00:00,17.805555555555557,17.805555555555557,0.97,4.7495,327.0,9.982000000000001,0.0,1013.57
2020-07-30 07:00:00,20.955555555555556,20.955555555555556,0.8,9.3541,355.0,9.982000000000001,0.0,1014.14
2020-07-30 08:00:00,22.055555555555557,22.055555555555557,0.77,9.6117,355.0,9.982000000000001,0.0,1014.7
2020-07-30 09:00:00,23.84444444444445,23.84444444444445,0.69,9.2897,350.0,10.0464,0.0,1014.82
2020-07-30 10:00:00,25.0,25.0,0.69,9.3541,321.0,11.270000000000001,0.0,1015.12
2020-07-30 11:00:00,26.0,26.0,0.6,7.921200000000001,320.0,11.4471,0.0,1015.18
2020-07-30 12:00:00,27.24444444444445,28.36111111111111,0.6,8.211,348.0,11.270000000000001,0.0,1015.02
2020-07-30 13:00:00,27.77777777777778,28.600000000000005,0.55,9.708300000000001,305.0,11.2056,0.0,1014.83
2020-07-30 14:00:00,27.933333333333334,28.48333333333333,0.51,11.414900000000001,344.0,11.398800000000001,0.0,1014.72
2020-07-30 15:00:00,28.86666666666666,29.327777777777783,0.49,11.4632,0.0,11.2056,0.0,1014.54
2020-07-30 16:00:00,28.911111111111115,29.377777777777776,0.49,8.2593,8.0,11.2056,0.0,1014.24
2020-07-30 17:00:00,28.86666666666666,28.96111111111111,0.45,10.577700000000002,357.0,11.398800000000001,0.0,1014.06
2020-07-30 18:00:00,28.838888888888885,28.733333333333334,0.43,15.536500000000002,358.0,10.0464,0.0,1014.05
2020-07-30 19:00:00,27.61111111111111,27.800000000000004,0.47,13.1537,10.0,10.0464,0.0,1014.27
2020-07-30 20:00:00,26.06111111111111,26.06111111111111,0.54,8.6618,358.0,10.3523,0.0,1014.49
2020-07-30 21:00:00,24.81111111111111,24.81111111111111,0.59,10.787,18.0,9.982000000000001,0.0,1015.16
2020-07-30 22:00:00,23.166666666666668,23.166666666666668,0.67,10.6582,9.0,15.826300000000002,0.0,1015.75
2020-07-30 23:00:00,22.049999999999997,22.049999999999997,0.77,9.8693,16.0,14.9569,0.0,1016.23
2020-07-31 00:00:00,20.483333333333334,20.483333333333334,0.84,11.0768,330.0,15.826300000000002,0.0,1016.46
2020-07-31 01:00:00,19.422222222222217,19.422222222222217,0.89,11.0768,330.0,15.826300000000002,0.0,1016.65
2020-07-31 02:00:00,18.950000000000003,18.950000000000003,0.9,6.44,340.0,14.168000000000003,0.0,1016.49
2020-07-31 03:00:00,18.333333333333332,18.333333333333332,0.92,6.166300000000001,330.0,14.9086,0.0,1016.34
2020-07-31 04:00:00,18.244444444444447,18.244444444444447,0.93,6.021400000000001,340.0,14.9086,0.0,1016.37
2020-07-31 05:00:00,17.800000000000004,17.800000000000004,0.93,10.2235,348.0,6.488300000000001,0.0,1016.65
2020-07-31 06:00:00,18.70555555555556,18.70555555555556,0.93,7.5992,359.0,6.295100000000001,0.0,1016.86
2020-07-31 07:00:00,20.888888888888886,20.888888888888886,0.81,10.642100000000001,9.0,9.982000000000001,0.0,1016.87
2020-07-31 08:00:00,22.644444444444446,22.644444444444446,0.71,14.0553,18.0,9.982000000000001,0.0,1017.15
2020-07-31 09:00:00,23.87222222222222,23.87222222222222,0.65,15.906800000000002,10.0,9.982000000000001,0.0,1016.86
2020-07-31 10:00:00,26.04444444444444,26.04444444444444,0.58,15.616999999999999,352.0,9.982000000000001,0.0,1016.95
2020-07-31 11:00:00,27.055555555555557,27.68333333333333,0.53,16.2771,342.0,10.3523,0.0,1016.66
2020-07-31 12:00:00,27.800000000000004,27.89444444444444,0.46,20.0123,351.0,11.2056,0.0,1016.44
2020-07-31 13:00:00,27.849999999999998,27.916666666666668,0.45,17.0821,349.0,9.982000000000001,0.0,1015.95
2020-07-31 14:00:00,29.783333333333335,29.150000000000002,0.37,17.0821,341.0,10.3523,0.0,1015.6
2020-07-31 15:00:00,29.88333333333334,29.11666666666666,0.36,23.1518,320.0,9.982000000000001,0.0,1014.78
2020-07-31 16:00:00,30.949999999999996,30.02777777777778,0.33,17.0982,349.0,9.982000000000001,0.0,1014.27
2020-07-31 17:00:00,29.88888888888889,29.02777777777778,0.35,20.6563,350.0,10.3523,0.0,1014.1
2020-07-31 18:00:00,29.86111111111111,29.02777777777778,0.35,15.7458,348.0,9.982000000000001,0.0,1013.78
2020-07-31 19:00:00,27.75555555555555,27.800000000000004,0.45,15.681400000000002,338.0,9.982000000000001,0.0,1013.89
2020-07-31 20:00:00,26.17777777777778,26.17777777777778,0.47,11.414900000000001,328.0,10.3523,0.0,1014.55
2020-07-31 21:00:00,22.75555555555555,22.75555555555555,0.61,9.6761,319.0,9.982000000000001,0.0,1014.96
2020-07-31 22:00:00,23.127777777777776,23.127777777777776,0.55,11.0446,319.0,15.826300000000002,0.0,1015.56
2020-07-31 23:00:00,21.116666666666667,21.116666666666667,0.61,6.4078,326.0,14.9569,0.0,1015.84
2020-08-01 00:00:00,19.91111111111111,19.91111111111111,0.66,10.7387,320.0,15.826300000000002,0.0,1015.77
2020-08-01 01:00:00,18.805555555555554,18.805555555555554,0.73,6.423900000000001,339.0,15.826300000000002,0.0,1015.85
2020-08-01 02:00:00,18.400000000000002,18.400000000000002,0.74,6.1985,332.0,14.9569,0.0,1015.65
2020-08-01 03:00:00,17.644444444444442,17.644444444444442,0.79,11.0446,350.0,15.826300000000002,0.0,1015.56
2020-08-01 04:00:00,17.116666666666667,17.116666666666667,0.84,6.295100000000001,0.0,15.826300000000002,0.0,1015.56
2020-08-01 05:00:00,16.783333333333335,16.783333333333335,0.88,6.359500000000001,343.0,14.9569,0.0,1015.81
2020-08-01 06:00:00,17.6,17.6,0.9,4.5563,341.0,9.982000000000001,0.0,1016.05
2020-08-01 07:00:00,20.822222222222226,20.822222222222226,0.79,4.8139,9.0,9.982000000000001,0.0,1016.15
2020-08-01 08:00:00,22.55,22.55,0.67,9.9981,44.0,9.982000000000001,0.0,1016.35
2020-08-01 09:00:00,24.91111111111111,24.91111111111111,0.54,12.397,0.0,9.982000000000001,0.0,1016.54
2020-08-01 10:00:00,26.13888888888889,26.13888888888889,0.5,11.0768,10.0,9.982000000000001,0.0,1016.53
2020-08-01 11:00:00,27.76111111111111,27.783333333333335,0.45,11.946200000000001,351.0,10.3523,0.0,1016.2
2020-08-01 12:00:00,28.911111111111115,28.277777777777782,0.37,13.9748,9.0,9.982000000000001,0.0,1015.84
2020-08-01 13:00:00,29.97222222222222,29.627777777777776,0.4,10.787,19.0,9.982000000000001,0.0,1015.43
2020-08-01 14:00:00,30.88333333333334,29.86111111111111,0.33,12.0267,358.0,10.3523,0.0,1014.74
2020-08-01 15:00:00,31.11111111111111,30.133333333333333,0.33,13.8782,358.0,9.982000000000001,0.0,1014.51
2020-08-01 16:00:00,31.13333333333334,30.038888888888884,0.32,10.996300000000002,350.0,9.982000000000001,0.0,1013.93
2020-08-01 17:00:00,31.072222222222226,29.90555555555555,0.31,12.0106,4.0,10.3523,0.0,1013.91
2020-08-01 18:00:00,31.016666666666666,29.966666666666665,0.32,10.851400000000002,340.0,9.982000000000001,0.0,1013.45
2020-08-01 19:00:00,29.92777777777778,29.11666666666666,0.35,13.685,351.0,9.982000000000001,0.0,1013.53
2020-08-01 20:00:00,27.77777777777778,27.61666666666666,0.42,6.9713,354.0,10.3523,0.0,1013.73
2020-08-01 21:00:00,26.900000000000002,27.41111111111111,0.52,7.7440999999999995,39.0,9.982000000000001,0.0,1014.24
2020-08-01 22:00:00,25.78888888888889,25.78888888888889,0.55,6.3434,88.0,15.826300000000002,0.0,1014.65
2020-08-01 23:00:00,22.738888888888894,22.738888888888894,0.69,2.3184,132.0,15.3111,0.0,1014.83
2020-08-02 00:00:00,21.538888888888884,21.538888888888884,0.76,4.508,25.0,15.826300000000002,0.0,1015.22
2020-08-02 01:00:00,20.450000000000003,20.450000000000003,0.76,4.8944,357.0,15.826300000000002,0.0,1015.23
2020-08-02 02:00:00,19.53888888888889,19.53888888888889,0.84,3.2844,44.0,15.3111,0.0,1015.16
2020-08-02 03:00:00,18.316666666666666,18.316666666666666,0.87,11.270000000000001,20.0,15.826300000000002,0.0,1015.11
2020-08-02 04:00:00,17.73888888888889,17.73888888888889,0.9,11.270000000000001,30.0,15.826300000000002,0.0,1014.83
2020-08-02 05:00:00,17.433333333333334,17.433333333333334,0.87,3.1717,12.0,15.3111,0.0,1014.89
2020-08-02 06:00:00,17.716666666666665,17.716666666666665,0.9,3.5742000000000007,11.0,9.982000000000001,0.0,1015.03
2020-08-02 07:00:00,21.933333333333337,21.933333333333337,0.77,0.5152,20.0,9.982000000000001,0.0,1015.12
2020-08-02 08:00:00,23.572222222222226,23.572222222222226,0.75,4.3309,135.0,9.982000000000001,0.0,1015.28
2020-08-02 09:00:00,26.088888888888885,26.088888888888885,0.65,1.1914,169.0,9.982000000000001,0.0,1015.61
2020-08-02 10:00:00,27.800000000000004,28.65555555555555,0.55,4.7656,41.0,9.982000000000001,0.0,1015.69
2020-08-02 11:00:00,29.81666666666667,30.427777777777774,0.48,2.7692,67.0,10.3523,0.0,1015.25
2020-08-02 12:00:00,30.04444444444444,30.716666666666672,0.47,1.61,105.0,9.982000000000001,0.0,1015.01
2020-08-02 13:00:00,31.04444444444444,31.561111111111114,0.44,1.6905000000000001,55.0,9.982000000000001,0.0,1014.71
2020-08-02 14:00:00,31.966666666666672,31.86111111111111,0.38,2.6243,144.0,10.3523,0.0,1014.24
2020-08-02 15:00:00,32.266666666666666,32.24444444444445,0.38,2.737,11.0,10.0464,0.0,1013.8
2020-08-02 16:00:00,32.800000000000004,32.05,0.32,1.1109,7.0,11.270000000000001,0.0,1013.11
2020-08-02 17:00:00,32.27777777777778,32.12777777777777,0.37,2.7531000000000003,65.0,11.4471,0.0,1012.85
2020-08-02 18:00:00,31.227777777777774,31.71111111111111,0.43,8.6618,80.0,11.270000000000001,0.0,1013.08
2020-08-02 19:00:00,30.022222222222226,30.43333333333333,0.46,4.2826,337.0,11.270000000000001,0.0,1013.28
2020-08-02 20:00:00,27.538888888888884,28.5,0.57,3.9445000000000006,34.0,11.398800000000001,0.0,1013.35
2020-08-02 21:00:00,25.022222222222226,25.022222222222226,0.64,2.9302,70.0,9.982000000000001,0.0,1013.7
2020-08-02 22:00:00,24.327777777777783,24.327777777777783,0.71,3.22,110.0,15.826300000000002,0.0,1014.09
2020-08-02 23:00:00,22.38333333333334,22.38333333333334,0.78,1.4812,248.0,15.3111,0.0,1014.13
2020-08-03 00:00:00,21.16111111111111,21.16111111111111,0.84,0.0,0.0,15.826300000000002,0.0,1014.39
2020-08-03 01:00:00,21.11111111111111,21.11111111111111,0.84,2.9785000000000004,118.0,15.826300000000002,0.0,1014.21
2020-08-03 02:00:00,20.711111111111112,20.711111111111112,0.83,2.9946,140.0,14.9569,0.0,1014.14
2020-08-03 03:00:00,18.35555555555556,18.35555555555556,0.87,2.9302,149.0,15.826300000000002,0.0,1014.2
2020-08-03 04:00:00,18.28888888888889,18.28888888888889,0.9,3.22,350.0,15.826300000000002,0.0,1014.01
2020-08-03 05:00:00,18.449999999999996,18.449999999999996,0.89,3.22,120.0,14.9569,0.0,1014.08
2020-08-03 06:00:00,19.866666666666667,19.866666666666667,0.85,7.631400000000001,139.0,9.982000000000001,0.0,1014.1
2020-08-03 07:00:00,22.555555555555554,22.555555555555554,0.74,4.524100000000001,169.0,9.982000000000001,0.0,1014.1
2020-08-03 08:00:00,25.683333333333337,25.683333333333337,0.67,3.3971,159.0,9.982000000000001,0.0,1014.22
2020-08-03 09:00:00,28.84444444444445,30.055555555555557,0.55,3.2039,119.0,9.982000000000001,0.0,1013.91
2020-08-03 10:00:00,31.03888888888889,31.744444444444444,0.45,3.22,150.0,9.982000000000001,0.0,1013.8
2020-08-03 11:00:00,32.00555555555556,31.966666666666672,0.38,3.9445000000000006,176.0,10.3523,0.0,1013.76
2020-08-03 12:00:00,31.272222222222226,31.34444444444445,0.4,2.8014,261.0,9.982000000000001,0.0,1013.61
2020-08-03 13:00:00,32.266666666666666,32.23888888888889,0.38,2.7531000000000003,90.0,11.2056,0.0,1013.3
2020-08-03 14:00:00,28.872222222222224,29.27777777777778,0.48,8.1466,237.0,11.4471,0.0,1013.19
2020-08-03 15:00:00,32.31666666666667,32.92777777777778,0.41,1.8354,96.0,10.0464,0.0,1012.76
2020-08-03 16:00:00,32.333333333333336,32.28333333333333,0.37,0.2576,9.0,10.0464,0.0,1012.28
2020-08-03 17:00:00,31.105555555555554,31.88888888888889,0.45,4.4758,266.0,10.4006,0.0,1012.09
2020-08-03 18:00:00,31.03888888888889,31.71111111111111,0.45,4.7656,274.0,11.270000000000001,0.0,1011.93
2020-08-03 19:00:00,29.855555555555554,30.333333333333332,0.47,11.0285,291.0,9.982000000000001,0.0,1012.04
2020-08-03 20:00:00,27.43333333333333,28.733333333333334,0.61,3.1073,294.0,10.3523,0.0,1012.38
2020-08-03 21:00:00,24.97222222222222,24.97222222222222,0.64,3.1556,331.0,9.982000000000001,0.0,1013.02
2020-08-03 22:00:00,23.86111111111111,23.86111111111111,0.71,6.118,340.0,15.826300000000002,0.0,1013.51
2020-08-03 23:00:00,22.583333333333336,22.583333333333336,0.77,3.0912,329.0,14.9569,0.0,1013.43
2020-08-04 00:00:00,21.17777777777778,21.17777777777778,0.78,6.488300000000001,327.0,15.826300000000002,0.0,1013.83
2020-08-04 01:00:00,20.04444444444444,20.04444444444444,0.81,6.295100000000001,309.0,15.826300000000002,0.0,1014.02
2020-08-04 02:00:00,20.34444444444445,20.34444444444445,0.81,3.4615,340.0,14.9569,0.0,1013.85
2020-08-04 03:00:00,18.96111111111111,18.96111111111111,0.87,6.1985,327.0,15.826300000000002,0.0,1013.84
2020-08-04 04:00:00,17.96111111111111,17.96111111111111,0.9,6.488300000000001,319.0,15.826300000000002,0.0,1014.02
2020-08-04 05:00:00,19.683333333333337,19.683333333333337,0.87,6.295100000000001,331.0,14.168000000000003,0.0,1013.84
2020-08-04 06:00:00,20.05,20.05,0.87,11.0607,310.0,9.982000000000001,0.0,1013.95
2020-08-04 07:00:00,22.644444444444446,22.644444444444446,0.74,9.5151,0.0,9.982000000000001,0.0,1014.42
2020-08-04 08:00:00,22.977777777777778,22.977777777777778,0.72,10.8031,359.0,9.982000000000001,0.0,1014.5
2020-08-04 09:00:00,27.061111111111106,28.172222222222217,0.6,11.0285,357.0,9.982000000000001,0.0,1014.43
2020-08-04 10:00:00,28.772222222222226,29.961111111111116,0.55,9.2253,9.0,9.982000000000001,0.0,1014.62
2020-08-04 11:00:00,30.91111111111111,31.88888888888889,0.47,11.5759,7.0,10.3523,0.0,1014.54
2020-08-04 12:00:00,32.10555555555556,32.538888888888884,0.41,7.486500000000001,6.0,9.982000000000001,0.0,1014.41
2020-08-04 13:00:00,32.75555555555555,32.72222222222222,0.36,2.7209,50.0,9.982000000000001,0.0,1014.12
2020-08-04 14:00:00,34.699999999999996,35.0,0.34,4.717300000000001,288.0,10.3523,0.0,1013.64
2020-08-04 15:00:00,34.861111111111114,35.044444444444444,0.33,4.508,206.0,11.2056,0.0,1013.21
2020-08-04 16:00:00,33.90555555555555,33.455555555555556,0.32,1.7066000000000001,300.0,9.982000000000001,0.0,1012.7
2020-08-04 17:00:00,33.9,33.28888888888889,0.31,6.601,289.0,10.3523,0.0,1012.28
2020-08-04 18:00:00,33.861111111111114,33.394444444444446,0.32,0.1771,341.0,11.2056,0.0,1011.91
2020-08-04 19:00:00,32.19444444444444,32.62222222222223,0.4,2.8014,153.0,9.982000000000001,0.0,1011.8
2020-08-04 20:00:00,27.76666666666667,28.383333333333336,0.52,3.5259,115.0,10.3523,0.0,1011.96
2020-08-04 21:00:00,27.055555555555557,27.76111111111111,0.55,4.524100000000001,109.0,11.2056,0.0,1012.69
2020-08-04 22:00:00,25.97222222222222,25.97222222222222,0.59,6.279,130.0,15.874600000000001,0.0,1012.9
2020-08-04 23:00:00,24.583333333333332,24.583333333333332,0.68,3.1717,147.0,15.005200000000002,0.0,1013.12
2020-08-05 00:00:00,23.388888888888886,23.388888888888886,0.73,6.44,130.0,15.826300000000002,0.0,1013.41
2020-08-05 01:00:00,22.76111111111111,22.76111111111111,0.73,3.2039,329.0,15.826300000000002,0.0,1013.4
2020-08-05 02:00:00,21.877777777777776,21.877777777777776,0.78,5.635000000000001,90.0,14.9569,0.0,1013.28
2020-08-05 03:00:00,21.166666666666664,21.166666666666664,0.81,3.3649,90.0,15.826300000000002,0.0,1012.99
2020-08-05 04:00:00,19.544444444444448,19.544444444444448,0.86,3.22,110.0,15.826300000000002,0.0,1012.89
2020-08-05 05:00:00,19.711111111111116,19.711111111111116,0.87,3.3005,73.0,14.9569,0.0,1013.12
2020-08-05 06:00:00,18.894444444444446,18.894444444444446,0.93,3.0912,94.0,15.826300000000002,0.0,1013.38
2020-08-05 07:00:00,23.666666666666664,23.666666666666664,0.7,7.550900000000001,138.0,9.982000000000001,0.0,1013.29
2020-08-05 08:00:00,25.888888888888886,25.888888888888886,0.66,7.615300000000001,112.0,9.982000000000001,0.0,1013.4
2020-08-05 09:00:00,29.95555555555556,30.71111111111111,0.48,9.3863,150.0,9.982000000000001,0.0,1013.47
2020-08-05 10:00:00,32.199999999999996,32.93333333333333,0.42,12.5097,151.0,9.982000000000001,0.0,1013.37
2020-08-05 11:00:00,32.76111111111111,33.416666666666664,0.4,14.4095,147.0,15.3111,0.0,1013.37
2020-08-05 12:00:00,34.949999999999996,35.166666666666664,0.33,15.922900000000002,141.0,9.982000000000001,0.0,1013.16
2020-08-05 13:00:00,36.0611111111111,35.961111111111116,0.29,12.847800000000001,159.0,10.0464,0.0,1012.68
2020-08-05 14:00:00,35.90555555555555,34.983333333333334,0.25,10.126900000000001,127.0,10.4006,0.0,1012.32
2020-08-05 15:00:00,36.083333333333336,35.955555555555556,0.29,10.996300000000002,114.0,10.0464,0.0,1011.88
2020-08-05 16:00:00,37.10555555555556,36.583333333333336,0.25,14.1358,159.0,10.0464,0.0,1011.38
2020-08-05 17:00:00,36.022222222222226,35.42777777777778,0.27,10.384500000000001,177.0,10.4006,0.0,1011.21
2020-08-05 18:00:00,36.0611111111111,35.53333333333333,0.27,14.3451,170.0,10.0464,0.0,1010.77
2020-08-05 19:00:00,33.861111111111114,33.41111111111111,0.32,9.2253,151.0,10.0464,0.0,1010.87
2020-08-05 20:00:00,30.355555555555554,30.26666666666667,0.41,10.3201,139.0,10.4006,0.0,1011.18
2020-08-05 21:00:00,27.76111111111111,27.88888888888889,0.46,9.2575,140.0,9.982000000000001,0.0,1011.66
2020-08-05 22:00:00,27.644444444444446,27.855555555555554,0.47,10.6904,130.0,15.826300000000002,0.0,1011.87
2020-08-05 23:00:00,25.300000000000004,25.300000000000004,0.55,10.642100000000001,140.0,15.3111,0.0,1011.93
2020-08-06 00:00:00,24.95,24.95,0.54,10.8997,140.0,9.982000000000001,0.0,0.0
2020-08-06 01:00:00,23.466666666666665,23.466666666666665,0.61,6.44,160.0,15.826300000000002,0.0,1012.08
2020-08-06 02:00:00,22.83888888888889,22.83888888888889,0.65,4.0572,157.0,15.3111,0.0,1012.3
2020-08-06 03:00:00,22.199999999999996,22.199999999999996,0.68,11.012400000000001,149.0,15.826300000000002,0.0,1012.49
2020-08-06 04:00:00,20.677777777777777,20.677777777777777,0.75,6.230700000000001,158.0,15.826300000000002,0.0,1012.57
2020-08-06 05:00:00,21.761111111111113,21.761111111111113,0.75,6.7781,140.0,11.930100000000001,0.0,1012.64
2020-08-06 06:00:00,23.594444444444445,23.594444444444445,0.67,9.2414,150.0,9.982000000000001,0.0,1012.69
2020-08-06 07:00:00,23.666666666666664,23.666666666666664,0.67,12.1555,150.0,9.982000000000001,0.0,1012.9
2020-08-06 08:00:00,25.933333333333337,25.933333333333337,0.62,8.9999,170.0,9.982000000000001,0.0,1013.3
2020-08-06 09:00:00,28.983333333333334,29.727777777777778,0.51,7.776300000000001,191.0,9.982000000000001,0.0,1013.15
2020-08-06 10:00:00,32.22222222222222,33.42222222222222,0.44,4.9105,215.0,9.982000000000001,0.0,1013.08
2020-08-06 11:00:00,34.65555555555555,34.888888888888886,0.33,5.4579,243.0,10.3523,0.0,1013.18
2020-08-06 12:00:00,36.13333333333334,35.55,0.27,5.0071,266.0,9.982000000000001,0.0,1012.7
2020-08-06 13:00:00,37.19444444444444,36.016666666666666,0.22,14.007,251.0,9.982000000000001,0.0,1012.49
2020-08-06 14:00:00,37.65,36.11666666666667,0.2,12.783400000000002,286.0,10.3523,0.0,1012.35
2020-08-06 15:00:00,37.800000000000004,37.01111111111111,0.23,10.9641,286.0,9.982000000000001,0.0,1011.8
2020-08-06 16:00:00,37.82222222222222,36.82222222222222,0.22,15.439900000000002,211.0,9.982000000000001,0.0,1011.4
2020-08-06 17:00:00,37.738888888888894,36.361111111111114,0.2,15.134000000000002,231.0,10.3523,0.0,1011.39
2020-08-06 18:00:00,37.24444444444445,36.05555555555556,0.22,14.1036,229.0,9.982000000000001,0.0,1011.06
2020-08-06 19:00:00,35.07222222222222,34.29444444444445,0.28,8.033900000000001,217.0,9.982000000000001,0.0,1011.15
2020-08-06 20:00:00,31.444444444444443,30.65555555555556,0.34,9.9176,171.0,10.3523,0.0,1011.34
2020-08-06 21:00:00,27.82777777777778,27.91111111111111,0.46,9.321900000000001,171.0,9.982000000000001,0.0,1011.56
2020-08-06 22:00:00,27.644444444444446,27.772222222222222,0.46,10.722600000000002,160.0,15.826300000000002,0.0,1011.66
2020-08-06 23:00:00,27.811111111111114,27.76666666666667,0.44,13.6045,173.0,15.3111,0.0,1011.81
2020-08-07 00:00:00,25.65555555555556,25.65555555555556,0.55,10.9319,183.0,15.826300000000002,0.0,1012.0
2020-08-07 01:00:00,25.477777777777778,25.477777777777778,0.57,14.312900000000003,211.0,15.826300000000002,0.0,1012.95
2020-08-07 02:00:00,24.650000000000002,24.650000000000002,0.59,10.0303,209.0,14.9569,0.0,1013.1
2020-08-07 03:00:00,23.644444444444446,23.644444444444446,0.55,14.860300000000002,253.0,9.982000000000001,0.0,1013.12
2020-08-07 04:00:00,25.811111111111106,25.811111111111106,0.46,21.026600000000002,301.0,15.826300000000002,0.0,1014.18
2020-08-07 05:00:00,22.261111111111106,22.261111111111106,0.65,24.5042,320.0,14.9569,0.0,1015.79
2020-08-07 06:00:00,21.088888888888885,21.088888888888885,0.68,23.425500000000003,320.0,9.982000000000001,0.0,1016.73
2020-08-07 07:00:00,22.15555555555555,22.15555555555555,0.59,20.608000000000004,318.0,9.982000000000001,0.0,1017.52
2020-08-07 08:00:00,23.75,23.75,0.5,25.3736,329.0,10.0464,0.0,1018.14
2020-08-07 09:00:00,25.933333333333337,25.933333333333337,0.44,27.2895,330.0,9.982000000000001,0.0,1018.74
2020-08-07 10:00:00,27.066666666666666,26.988888888888887,0.42,26.7099,329.0,9.982000000000001,0.0,1018.95
2020-08-07 11:00:00,27.605555555555554,27.37777777777778,0.41,21.6062,320.0,10.3523,0.0,1019.42
2020-08-07 12:00:00,28.75,28.133333333333333,0.37,23.5865,301.0,9.982000000000001,0.0,1019.46
2020-08-07 13:00:00,29.838888888888885,29.166666666666668,0.37,20.736800000000002,310.0,9.982000000000001,0.0,1019.64
2020-08-07 14:00:00,30.822222222222226,29.86111111111111,0.33,19.3844,318.0,10.3523,0.0,1019.18
2020-08-07 15:00:00,30.97222222222222,29.61111111111111,0.29,17.3719,327.0,9.982000000000001,0.0,1018.86
2020-08-07 16:00:00,30.97222222222222,29.60555555555556,0.29,20.334300000000002,328.0,9.982000000000001,0.0,1018.75
2020-08-07 17:00:00,31.005555555555556,29.505555555555556,0.27,19.078500000000002,328.0,10.3523,0.0,1018.59
2020-08-07 18:00:00,29.86111111111111,28.549999999999997,0.29,21.8316,329.0,9.982000000000001,0.0,1018.25
2020-08-07 19:00:00,27.75555555555555,26.955555555555552,0.31,20.2377,329.0,9.982000000000001,0.0,1018.35
2020-08-07 20:00:00,26.100000000000005,26.100000000000005,0.34,13.765500000000001,331.0,10.3523,0.0,1018.55
2020-08-07 21:00:00,22.70555555555556,22.70555555555556,0.41,12.042800000000002,330.0,9.982000000000001,0.0,1019.16
2020-08-07 22:00:00,22.56666666666667,22.56666666666667,0.42,13.652800000000001,329.0,15.826300000000002,0.0,1019.57
2020-08-07 23:00:00,21.37777777777778,21.37777777777778,0.47,11.157300000000001,329.0,14.9569,0.0,1019.87
2020-08-08 00:00:00,20.216666666666665,20.216666666666665,0.51,11.3344,328.0,15.826300000000002,0.0,1020.25
2020-08-08 01:00:00,16.583333333333332,16.583333333333332,0.67,3.703,320.0,15.826300000000002,0.0,1020.35
2020-08-08 02:00:00,16.827777777777776,16.827777777777776,0.64,10.0786,339.0,14.9569,0.0,1020.53
2020-08-08 03:00:00,16.466666666666665,16.466666666666665,0.66,6.44,330.0,15.826300000000002,0.0,1020.43
2020-08-08 04:00:00,14.511111111111111,14.511111111111111,0.75,10.9158,319.0,15.826300000000002,0.0,1020.25
2020-08-08 05:00:00,14.755555555555556,14.755555555555556,0.71,10.2235,329.0,14.9569,0.0,1020.37
2020-08-08 06:00:00,15.100000000000001,15.100000000000001,0.72,7.969500000000001,349.0,9.982000000000001,0.0,1020.72
2020-08-08 07:00:00,18.716666666666665,18.716666666666665,0.62,12.799500000000002,350.0,9.982000000000001,0.0,1020.74
2020-08-08 08:00:00,21.98333333333333,21.98333333333333,0.5,14.9569,8.0,10.3523,0.0,1020.58
2020-08-08 09:00:00,24.91111111111111,24.91111111111111,0.45,12.590200000000001,1.0,9.982000000000001,0.0,1020.64
2020-08-08 10:00:00,27.17777777777778,26.927777777777777,0.39,14.2002,39.0,9.982000000000001,0.0,1020.45
2020-08-08 11:00:00,27.76111111111111,27.16111111111111,0.35,15.504300000000002,25.0,10.3523,0.0,1020.27
2020-08-08 12:00:00,29.88333333333334,28.56666666666667,0.29,14.2485,0.0,9.982000000000001,0.0,1020.23
2020-08-08 13:00:00,30.944444444444443,29.299999999999997,0.25,17.7744,358.0,10.0464,0.0,1020.04
2020-08-08 14:00:00,31.0,29.450000000000003,0.27,17.1626,348.0,10.3523,0.0,1019.16
2020-08-08 15:00:00,30.944444444444443,29.422222222222217,0.27,12.799500000000002,358.0,9.982000000000001,0.0,1019.08
2020-08-08 16:00:00,30.97222222222222,29.455555555555552,0.27,14.4095,358.0,9.982000000000001,0.0,1018.59
2020-08-08 17:00:00,30.077777777777776,28.699999999999996,0.28,21.1071,359.0,10.3523,0.0,1018.14
2020-08-08 18:00:00,28.838888888888885,27.68888888888889,0.29,23.2645,359.0,9.982000000000001,0.0,1018.16
2020-08-08 19:00:00,27.70555555555556,27.022222222222222,0.33,20.108900000000002,8.0,9.982000000000001,0.0,1018.44
2020-08-08 20:00:00,25.272222222222222,25.272222222222222,0.37,10.110800000000001,351.0,10.3523,0.0,1018.83
2020-08-08 21:00:00,23.81666666666667,23.81666666666667,0.45,12.2521,359.0,9.982000000000001,0.0,1019.56
2020-08-08 22:00:00,22.727777777777774,22.727777777777774,0.46,10.7387,349.0,15.826300000000002,0.0,1019.95
2020-08-08 23:00:00,22.216666666666665,22.216666666666665,0.46,13.379100000000001,347.0,14.9569,0.0,1019.95
2020-08-09 00:00:00,19.561111111111106,19.561111111111106,0.52,11.141200000000001,338.0,15.826300000000002,0.0,1020.05
2020-08-09 01:00:00,18.42777777777778,18.42777777777778,0.58,11.0607,339.0,15.826300000000002,0.0,1020.24
2020-08-09 02:00:00,17.52777777777778,17.52777777777778,0.62,6.7137,338.0,14.9569,0.0,1020.32
2020-08-09 03:00:00,16.67222222222222,16.67222222222222,0.67,3.3649,339.0,15.826300000000002,0.0,1020.43
2020-08-09 04:00:00,15.116666666666667,15.116666666666667,0.74,3.5581,339.0,15.826300000000002,0.0,1020.15
2020-08-09 05:00:00,16.561111111111114,16.561111111111114,0.71,10.110800000000001,330.0,14.9569,0.0,1020.18
2020-08-09 06:00:00,15.933333333333334,15.933333333333334,0.73,9.2897,339.0,9.982000000000001,0.0,1020.45
2020-08-09 07:00:00,18.644444444444446,18.644444444444446,0.66,9.321900000000001,349.0,9.982000000000001,0.0,1020.46
2020-08-09 08:00:00,21.822222222222223,21.822222222222223,0.51,12.976600000000001,7.0,10.3523,0.0,1020.77
2020-08-09 09:00:00,23.8,23.8,0.45,16.583000000000002,29.0,9.982000000000001,0.0,1020.74
2020-08-09 10:00:00,26.04444444444444,26.04444444444444,0.39,15.391600000000002,348.0,9.982000000000001,0.0,1020.65
2020-08-09 11:00:00,27.061111111111106,26.633333333333333,0.34,15.810200000000002,349.0,10.3523,0.0,1020.56
2020-08-09 12:00:00,27.75555555555555,26.961111111111112,0.31,12.348700000000001,6.0,9.982000000000001,0.0,1020.33
2020-08-09 13:00:00,28.838888888888885,27.783333333333335,0.31,15.826300000000002,320.0,9.982000000000001,0.0,1020.02
2020-08-09 14:00:00,28.87777777777778,27.788888888888884,0.3,11.4632,322.0,10.3523,0.0,1019.49
2020-08-09 15:00:00,29.86111111111111,28.42222222222222,0.27,17.404100000000003,318.0,9.982000000000001,0.0,1018.83
2020-08-09 16:00:00,29.86111111111111,28.322222222222226,0.25,23.4738,310.0,9.982000000000001,0.0,1018.44
2020-08-09 17:00:00,28.938888888888894,27.62222222222222,0.26,19.159000000000002,309.0,10.3523,0.0,1018.26
2020-08-09 18:00:00,27.199999999999996,26.394444444444446,0.26,23.312800000000003,329.0,9.982000000000001,0.0,1017.96
2020-08-09 19:00:00,26.03888888888889,26.03888888888889,0.3,20.366500000000002,321.0,9.982000000000001,0.0,1018.15
2020-08-09 20:00:00,24.133333333333333,24.133333333333333,0.33,10.6904,314.0,10.3523,0.0,1018.39
2020-08-09 21:00:00,22.70555555555556,22.70555555555556,0.37,10.8836,319.0,9.982000000000001,0.0,1018.66
2020-08-09 22:00:00,22.54444444444444,22.54444444444444,0.36,10.9158,319.0,15.826300000000002,0.0,1019.05
2020-08-09 23:00:00,21.25,21.25,0.4,6.7942,316.0,15.3111,0.0,1019.38
2020-08-10 00:00:00,21.31666666666667,21.31666666666667,0.4,14.329,320.0,15.826300000000002,0.0,1019.29
2020-08-10 01:00:00,21.17777777777778,21.17777777777778,0.41,14.2807,319.0,15.826300000000002,0.0,1019.38
2020-08-10 02:00:00,19.577777777777776,19.577777777777776,0.46,11.286100000000001,328.0,10.3523,0.0,1019.86
2020-08-10 03:00:00,16.544444444444444,16.544444444444444,0.55,11.270000000000001,330.0,15.826300000000002,0.0,1019.48
2020-08-10 04:00:00,16.01111111111111,16.01111111111111,0.59,10.722600000000002,348.0,15.826300000000002,0.0,1019.37
2020-08-10 05:00:00,14.183333333333334,14.183333333333334,0.66,10.5616,339.0,14.9569,0.0,1019.48
2020-08-10 06:00:00,13.883333333333335,13.883333333333335,0.68,10.6743,339.0,9.982000000000001,0.0,1019.66
2020-08-10 07:00:00,17.644444444444442,17.644444444444442,0.61,11.0446,10.0,9.982000000000001,0.0,1019.86
2020-08-10 08:00:00,19.81111111111111,19.81111111111111,0.53,14.9086,16.0,9.982000000000001,0.0,1019.87
2020-08-10 09:00:00,22.17777777777778,22.17777777777778,0.46,13.8621,21.0,9.982000000000001,0.0,1020.06
2020-08-10 10:00:00,23.83888888888889,23.83888888888889,0.41,15.101800000000003,1.0,9.982000000000001,0.0,1020.24
2020-08-10 11:00:00,25.961111111111116,25.961111111111116,0.38,10.5455,14.0,10.3523,0.0,1019.93
2020-08-10 12:00:00,27.10555555555556,26.566666666666663,0.32,12.445300000000001,0.0,9.982000000000001,0.0,1019.53
2020-08-10 13:00:00,27.194444444444443,26.616666666666664,0.32,13.765500000000001,27.0,9.982000000000001,0.0,1018.92
2020-08-10 14:00:00,27.75,26.794444444444448,0.27,9.9015,20.0,10.3523,0.0,1018.3
2020-08-10 15:00:00,27.216666666666665,26.472222222222225,0.28,11.237800000000002,6.0,9.982000000000001,0.0,1017.64
2020-08-10 16:00:00,27.216666666666665,26.472222222222225,0.28,14.3451,7.0,9.982000000000001,0.0,1017.15
2020-08-10 17:00:00,27.672222222222224,26.77777777777778,0.28,20.881700000000002,348.0,10.3523,0.0,1016.85
2020-08-10 18:00:00,26.083333333333332,26.083333333333332,0.3,14.7637,330.0,9.982000000000001,0.0,1016.58
2020-08-10 19:00:00,24.97222222222222,24.97222222222222,0.3,29.318100000000005,340.0,9.982000000000001,0.0,1016.58
2020-08-10 20:00:00,22.82222222222222,22.82222222222222,0.36,13.9909,340.0,10.3523,0.0,1017.31
2020-08-10 21:00:00,19.97222222222222,19.97222222222222,0.4,10.722600000000002,320.0,9.982000000000001,0.0,1018.4
2020-08-10 22:00:00,18.400000000000002,18.400000000000002,0.45,6.262900000000001,321.0,15.826300000000002,0.0,1018.15
2020-08-10 23:00:00,17.538888888888888,17.538888888888888,0.49,10.626,322.0,15.3111,0.0,1018.23
2020-08-11 00:00:00,16.5,16.5,0.53,6.1341,339.0,15.826300000000002,0.0,1018.46
2020-08-11 01:00:00,14.416666666666666,14.416666666666666,0.62,10.722600000000002,340.0,15.826300000000002,0.0,1018.07
2020-08-11 02:00:00,14.161111111111113,14.161111111111113,0.64,10.4972,350.0,14.9569,0.0,1017.27
2020-08-11 03:00:00,13.222222222222221,13.222222222222221,0.67,10.9158,330.0,15.826300000000002,0.0,1017.86
2020-08-11 04:00:00,13.638888888888888,13.638888888888888,0.65,10.851400000000002,339.0,15.826300000000002,0.0,1017.86
2020-08-11 05:00:00,13.15,13.15,0.72,10.239600000000001,3.0,14.9569,0.0,1017.44
2020-08-11 06:00:00,15.583333333333334,15.583333333333334,0.6,10.465,18.0,9.982000000000001,0.0,1017.28
2020-08-11 07:00:00,16.79444444444444,16.79444444444444,0.56,10.8192,9.0,9.982000000000001,0.0,1017.18
2020-08-11 08:00:00,18.511111111111106,18.511111111111106,0.51,11.930100000000001,16.0,10.3523,0.0,1017.06
2020-08-11 09:00:00,20.005555555555556,20.005555555555556,0.49,10.6904,30.0,9.982000000000001,0.0,1017.05
2020-08-11 10:00:00,22.199999999999996,22.199999999999996,0.39,8.9516,48.0,9.982000000000001,0.0,1016.93
2020-08-11 11:00:00,24.699999999999996,24.699999999999996,0.33,10.9158,350.0,10.3523,0.0,1016.57
2020-08-11 12:00:00,25.949999999999996,25.949999999999996,0.31,9.5151,348.0,9.982000000000001,0.0,1016.05
2020-08-11 13:00:00,24.95,24.95,0.3,10.239600000000001,24.0,9.982000000000001,0.0,1015.64
2020-08-11 14:00:00,24.95555555555556,24.95555555555556,0.3,9.7566,6.0,10.3523,0.0,1015.43
2020-08-11 15:00:00,24.838888888888885,24.838888888888885,0.31,11.6242,327.0,9.982000000000001,0.0,1015.07
2020-08-11 16:00:00,23.72222222222222,23.72222222222222,0.36,27.1124,319.0,10.0464,0.0,1014.77
2020-08-11 17:00:00,23.72222222222222,23.72222222222222,0.36,22.4434,319.0,10.4006,0.0,1014.91
2020-08-11 18:00:00,20.005555555555556,20.005555555555556,0.4,28.078400000000002,319.0,10.0464,0.0,1015.46
2020-08-11 19:00:00,18.84444444444445,18.84444444444445,0.52,21.4613,319.0,11.270000000000001,0.0,1015.72
2020-08-11 20:00:00,16.555555555555557,16.555555555555557,0.68,7.583100000000001,273.0,10.3523,0.0,1015.94
2020-08-11 21:00:00,16.06111111111111,16.06111111111111,0.71,9.2253,271.0,9.982000000000001,0.0,1016.34
2020-08-11 22:00:00,15.0,15.0,0.77,6.6332,271.0,9.982000000000001,0.0,1016.25
2020-08-11 23:00:00,14.97777777777778,14.97777777777778,0.7,12.9444,301.0,14.9569,0.0,1016.45
2020-08-12 00:00:00,14.327777777777776,14.327777777777776,0.67,13.8782,299.0,15.826300000000002,0.0,1016.43
2020-08-12 01:00:00,12.727777777777776,12.727777777777776,0.72,10.948,290.0,15.826300000000002,0.0,1016.24
2020-08-12 02:00:00,11.366666666666667,11.366666666666667,0.81,10.996300000000002,290.0,14.9569,0.0,1016.12
2020-08-12 03:00:00,10.183333333333332,10.183333333333332,0.86,6.4561,282.0,15.874600000000001,0.0,1016.03
2020-08-12 04:00:00,9.633333333333335,9.633333333333335,0.86,3.2683,274.0,15.874600000000001,0.0,1015.93
2020-08-12 05:00:00,8.972222222222221,7.349999999999998,0.89,10.384500000000001,280.0,15.005200000000002,0.0,1015.87
2020-08-12 06:00:00,9.07777777777778,7.677777777777777,0.93,9.2575,280.0,8.1949,0.0,1015.84
2020-08-12 07:00:00,12.227777777777776,12.227777777777776,0.93,12.525800000000002,329.0,9.1126,0.0,1015.85
2020-08-12 08:00:00,13.81111111111111,13.81111111111111,0.84,9.595600000000001,326.0,11.4471,0.0,1016.16
2020-08-12 09:00:00,17.105555555555554,17.105555555555554,0.72,9.2253,310.0,11.270000000000001,0.0,1016.13
2020-08-12 10:00:00,17.68888888888889,17.68888888888889,0.7,4.7656,322.0,11.270000000000001,0.0,1016.15
2020-08-12 11:00:00,19.62222222222222,19.62222222222222,0.58,9.5151,8.0,11.4471,0.0,1016.08
2020-08-12 12:00:00,21.016666666666666,21.016666666666666,0.49,12.4131,340.0,11.270000000000001,0.0,1015.75
2020-08-12 13:00:00,21.03888888888889,21.03888888888889,0.49,14.023100000000003,0.0,11.270000000000001,0.0,1015.45
2020-08-12 14:00:00,22.488888888888894,22.488888888888894,0.39,10.3362,333.0,11.398800000000001,0.0,1015.08
2020-08-12 15:00:00,22.71111111111111,22.71111111111111,0.38,12.348700000000001,320.0,9.982000000000001,0.0,1014.62
2020-08-12 16:00:00,22.24444444444445,22.24444444444445,0.39,14.023100000000003,302.0,9.982000000000001,0.0,1014.52
2020-08-12 17:00:00,22.733333333333334,22.733333333333334,0.38,11.0446,305.0,10.4006,0.0,1014.49
2020-08-12 18:00:00,23.72222222222222,23.72222222222222,0.36,17.001600000000003,322.0,10.0464,0.0,1014.22
2020-08-12 19:00:00,22.150000000000002,22.150000000000002,0.39,13.636700000000001,0.0,9.982000000000001,0.0,1014.13
2020-08-12 20:00:00,19.977777777777774,19.977777777777774,0.45,6.8264000000000005,15.0,10.3523,0.0,1014.54
2020-08-12 21:00:00,18.63888888888889,18.63888888888889,0.61,7.953400000000001,51.0,11.2056,0.0,1015.21
2020-08-12 22:00:00,16.95,16.95,0.66,6.1502,40.0,15.826300000000002,0.0,1015.33
2020-08-12 23:00:00,15.405555555555553,15.405555555555553,0.7,6.1341,42.0,14.9569,0.0,1015.53
2020-08-13 00:00:00,12.716666666666667,12.716666666666667,0.8,6.44,10.0,15.826300000000002,0.0,1015.71
2020-08-13 01:00:00,11.627777777777778,11.627777777777778,0.84,6.44,30.0,15.826300000000002,0.0,1015.73
2020-08-13 02:00:00,10.783333333333331,10.783333333333331,0.84,3.9284000000000003,5.0,14.9569,0.0,1015.6
2020-08-13 03:00:00,9.961111111111112,9.961111111111112,0.87,3.22,20.0,15.826300000000002,0.0,1015.62
2020-08-13 04:00:00,10.933333333333334,10.933333333333334,0.9,6.279,39.0,15.729700000000001,0.0,1015.44
2020-08-13 05:00:00,9.644444444444444,9.294444444444443,0.93,5.2325,289.0,14.7637,0.0,1015.7
2020-08-13 06:00:00,8.872222222222222,8.872222222222222,0.93,4.7495,351.0,9.7566,0.0,1015.91
2020-08-13 07:00:00,13.644444444444446,13.644444444444446,0.84,1.8193,352.0,9.982000000000001,0.0,1016.02
2020-08-13 08:00:00,15.966666666666669,15.966666666666669,0.74,9.3541,48.0,9.982000000000001,0.0,1016.13
2020-08-13 09:00:00,17.849999999999998,17.849999999999998,0.64,7.711900000000001,52.0,9.982000000000001,0.0,1016.31
2020-08-13 10:00:00,20.022222222222226,20.022222222222226,0.56,4.8139,61.0,11.270000000000001,0.0,1016.29
2020-08-13 11:00:00,21.999999999999996,21.999999999999996,0.46,6.681500000000001,322.0,11.398800000000001,0.0,1016.03
2020-08-13 12:00:00,22.727777777777774,22.727777777777774,0.44,8.6779,351.0,9.982000000000001,0.0,1015.8
2020-08-13 13:00:00,23.83888888888889,23.83888888888889,0.38,7.631400000000001,340.0,9.982000000000001,0.0,1015.29
2020-08-13 14:00:00,24.727777777777778,24.727777777777778,0.33,7.969500000000001,342.0,10.3523,0.0,1014.95
2020-08-13 15:00:00,23.950000000000003,23.950000000000003,0.34,4.7495,5.0,10.0464,0.0,1014.39
2020-08-13 16:00:00,25.016666666666666,25.016666666666666,0.33,10.6582,346.0,10.0464,0.0,1013.99
2020-08-13 17:00:00,24.21666666666667,24.21666666666667,0.32,3.9767000000000006,20.0,10.3523,0.0,1013.53
2020-08-13 18:00:00,24.97222222222222,24.97222222222222,0.32,9.6278,358.0,9.982000000000001,0.0,1013.31
2020-08-13 19:00:00,22.77777777777778,22.77777777777778,0.37,7.969500000000001,310.0,9.982000000000001,0.0,1013.4
2020-08-13 20:00:00,19.272222222222222,19.272222222222222,0.46,2.9624,45.0,10.3523,0.0,1013.54
2020-08-13 21:00:00,16.13888888888889,16.13888888888889,0.58,4.6046000000000005,290.0,9.982000000000001,0.0,1014.1
2020-08-13 22:00:00,14.400000000000002,14.400000000000002,0.64,3.5581,307.0,15.826300000000002,0.0,1014.22
2020-08-13 23:00:00,13.216666666666665,13.216666666666665,0.7,2.6565,236.0,15.3111,0.0,1014.33
2020-08-14 00:00:00,11.694444444444443,11.694444444444443,0.74,6.44,260.0,15.826300000000002,0.0,1014.33
2020-08-14 01:00:00,11.605555555555556,11.605555555555556,0.71,3.3005,263.0,15.826300000000002,0.0,1014.34
2020-08-14 02:00:00,12.883333333333333,12.883333333333333,0.69,2.7048,280.0,15.3111,0.0,1014.34
2020-08-14 03:00:00,10.466666666666669,10.466666666666669,0.77,6.44,290.0,15.826300000000002,0.0,1014.15
2020-08-14 04:00:00,9.927777777777777,9.288888888888888,0.75,6.44,280.0,15.826300000000002,0.0,1014.22
2020-08-14 05:00:00,10.850000000000001,10.850000000000001,0.72,3.703,280.0,15.262800000000002,0.0,1013.98
2020-08-14 06:00:00,11.11111111111111,11.11111111111111,0.72,5.152000000000001,281.0,9.982000000000001,0.0,1014.12
2020-08-14 07:00:00,14.905555555555553,14.905555555555553,0.62,8.1949,290.0,9.982000000000001,0.0,1014.02
2020-08-14 08:00:00,18.41666666666667,18.41666666666667,0.49,14.4739,318.0,10.3523,0.0,1014.09
2020-08-14 09:00:00,20.955555555555556,20.955555555555556,0.39,21.702800000000003,310.0,9.982000000000001,0.0,1013.94
2020-08-14 10:00:00,22.71111111111111,22.71111111111111,0.29,23.312800000000003,310.0,9.982000000000001,0.0,1013.93
2020-08-14 11:00:00,23.84444444444445,23.84444444444445,0.28,22.137500000000003,328.0,10.3523,0.0,1013.97
2020-08-14 12:00:00,24.88333333333334,24.88333333333334,0.26,21.879900000000003,328.0,9.982000000000001,0.0,1013.91
2020-08-14 13:00:00,26.016666666666666,26.016666666666666,0.26,22.2663,301.0,9.982000000000001,0.0,1013.61
2020-08-14 14:00:00,26.03888888888889,26.03888888888889,0.28,24.5364,291.0,10.3523,0.0,1013.3
2020-08-14 15:00:00,27.17222222222222,26.311111111111114,0.24,23.683100000000003,300.0,9.982000000000001,0.0,1013.01
2020-08-14 16:00:00,26.105555555555554,26.105555555555554,0.22,24.9711,290.0,9.982000000000001,0.0,1012.61
2020-08-14 17:00:00,26.12222222222222,26.12222222222222,0.21,21.7994,301.0,10.3523,0.0,1012.63
2020-08-14 18:00:00,26.083333333333332,26.083333333333332,0.24,20.5436,320.0,9.982000000000001,0.0,1012.61
2020-08-14 19:00:00,23.83888888888889,23.83888888888889,0.27,17.4846,331.0,9.982000000000001,0.0,1012.81
2020-08-14 20:00:00,20.41111111111111,20.41111111111111,0.34,10.143,322.0,10.3523,0.0,1013.27
2020-08-14 21:00:00,18.75,18.75,0.41,14.168000000000003,342.0,9.982000000000001,0.0,1014.26
2020-08-14 22:00:00,18.549999999999997,18.549999999999997,0.48,13.8299,0.0,15.826300000000002,0.0,1015.14
2020-08-14 23:00:00,16.29444444444444,16.29444444444444,0.54,10.4972,349.0,15.3111,0.0,1015.54
2020-08-15 00:00:00,14.17222222222222,14.17222222222222,0.63,6.44,350.0,15.826300000000002,0.0,1015.72
2020-08-15 01:00:00,12.066666666666666,12.066666666666666,0.7,3.2039,251.0,9.982000000000001,0.0,1015.93
2020-08-15 02:00:00,11.22777777777778,11.22777777777778,0.75,5.618900000000001,282.0,14.9569,0.0,1015.84
2020-08-15 03:00:00,9.988888888888887,9.988888888888887,0.77,3.22,280.0,15.826300000000002,0.0,1016.01
2020-08-15 04:00:00,9.405555555555557,9.405555555555557,0.8,3.1395,205.0,15.826300000000002,0.0,1015.9
2020-08-15 05:00:00,8.761111111111113,8.761111111111113,0.83,3.5420000000000007,253.0,14.9569,0.0,1015.73
2020-08-15 06:00:00,9.022222222222224,9.022222222222224,0.88,3.2039,231.0,9.982000000000001,0.0,1015.79
2020-08-15 07:00:00,14.788888888888888,14.788888888888888,0.67,1.8998,232.0,9.982000000000001,0.0,1015.81
2020-08-15 08:00:00,18.48333333333333,18.48333333333333,0.54,8.017800000000001,251.0,9.982000000000001,0.0,1015.84
2020-08-15 09:00:00,22.11111111111111,22.11111111111111,0.39,12.9444,261.0,9.982000000000001,0.0,1015.7
2020-08-15 10:00:00,23.83888888888889,23.83888888888889,0.38,11.141200000000001,251.0,9.982000000000001,0.0,1015.6
2020-08-15 11:00:00,24.81666666666667,24.81666666666667,0.32,13.8138,267.0,10.3523,0.0,1015.46
2020-08-15 12:00:00,27.150000000000002,26.466666666666665,0.29,9.9015,317.0,9.982000000000001,0.0,1014.99
2020-08-15 13:00:00,27.68333333333333,26.744444444444444,0.27,8.3881,308.0,9.982000000000001,0.0,1014.39
2020-08-15 14:00:00,28.15555555555556,26.98333333333333,0.25,15.697500000000002,313.0,10.3523,0.0,1013.66
2020-08-15 15:00:00,28.838888888888885,27.394444444444446,0.22,12.960500000000001,300.0,9.982000000000001,0.0,1013.1
2020-08-15 16:00:00,28.86111111111111,27.41111111111111,0.22,12.8961,300.0,9.982000000000001,0.0,1012.69
2020-08-15 17:00:00,27.994444444444444,26.811111111111114,0.23,13.3469,317.0,10.3523,0.0,1012.59
2020-08-15 18:00:00,27.794444444444444,26.65555555555556,0.22,12.590200000000001,328.0,9.982000000000001,0.0,1012.28
2020-08-15 19:00:00,26.149999999999995,26.149999999999995,0.26,7.776300000000001,349.0,9.982000000000001,0.0,1012.29
2020-08-15 20:00:00,23.077777777777783,23.077777777777783,0.34,3.4293,9.0,10.3523,0.0,1012.53
2020-08-15 21:00:00,18.983333333333334,18.983333333333334,0.47,3.1234,7.0,9.982000000000001,0.0,1012.91
2020-08-15 22:00:00,17.22222222222222,17.22222222222222,0.54,3.1073,357.0,15.826300000000002,0.0,1013.4
2020-08-15 23:00:00,15.899999999999999,15.899999999999999,0.57,2.3345000000000002,347.0,14.9569,0.0,1013.49
2020-08-16 00:00:00,13.405555555555557,13.405555555555557,0.66,3.3005,243.0,15.826300000000002,0.0,1013.51
2020-08-16 01:00:00,13.333333333333334,13.333333333333334,0.66,3.1878,262.0,15.826300000000002,0.0,1013.92
2020-08-16 02:00:00,13.15,13.15,0.68,3.2844,333.0,14.9569,0.0,1013.81
2020-08-16 03:00:00,11.761111111111113,11.761111111111113,0.71,6.44,10.0,15.826300000000002,0.0,1013.72
2020-08-16 04:00:00,10.694444444444445,10.694444444444445,0.77,3.22,10.0,15.826300000000002,0.0,1013.64
2020-08-16 05:00:00,10.999999999999998,10.999999999999998,0.76,6.0536,341.0,14.9569,0.0,1013.81
2020-08-16 06:00:00,11.22777777777778,11.22777777777778,0.77,7.8084999999999996,341.0,9.982000000000001,0.0,1014.04
2020-08-16 07:00:00,15.955555555555556,15.955555555555556,0.63,8.1949,20.0,9.982000000000001,0.0,1014.44
2020-08-16 08:00:00,18.666666666666664,18.666666666666664,0.57,3.6064000000000007,19.0,10.3523,0.0,1014.45
2020-08-16 09:00:00,22.68333333333333,22.68333333333333,0.48,10.6582,23.0,9.982000000000001,0.0,1014.52
2020-08-16 10:00:00,24.95,24.95,0.42,12.042800000000002,22.0,9.982000000000001,0.0,1014.74
2020-08-16 11:00:00,27.127777777777776,26.65,0.34,11.1734,344.0,10.3523,0.0,1014.86
2020-08-16 12:00:00,28.788888888888884,27.649999999999995,0.29,12.2199,29.0,9.982000000000001,0.0,1014.91
2020-08-16 13:00:00,28.90555555555555,27.727777777777774,0.29,13.4757,28.0,9.982000000000001,0.0,1014.62
2020-08-16 14:00:00,29.033333333333335,27.77777777777778,0.28,13.6689,355.0,10.3523,0.0,1014.41
2020-08-16 15:00:00,29.92777777777778,28.383333333333336,0.25,15.665300000000002,9.0,9.982000000000001,0.0,1014.3
2020-08-16 16:00:00,29.90555555555555,28.35555555555556,0.25,15.649200000000002,8.0,9.982000000000001,0.0,1013.93
2020-08-16 17:00:00,29.11111111111111,27.727777777777774,0.25,13.5562,359.0,10.3523,0.0,1013.81
2020-08-16 18:00:00,27.800000000000004,26.98333333333333,0.31,12.1072,27.0,9.982000000000001,0.0,1013.83
2020-08-16 19:00:00,27.17222222222222,26.494444444444444,0.29,12.042800000000002,29.0,9.982000000000001,0.0,1014.22
2020-08-16 20:00:00,24.16111111111111,24.16111111111111,0.34,7.357700000000001,8.0,10.3523,0.0,1014.83
2020-08-16 21:00:00,20.07222222222222,20.07222222222222,0.49,7.824600000000001,40.0,9.982000000000001,0.0,1015.43
2020-08-16 22:00:00,20.39444444444444,20.39444444444444,0.48,6.0536,37.0,15.826300000000002,0.0,1016.22
2020-08-16 23:00:00,17.15,17.15,0.6,2.3184,10.0,14.9569,0.0,1016.66
2020-08-17 00:00:00,15.044444444444443,15.044444444444443,0.61,3.2039,9.0,15.826300000000002,0.0,1017.03
2020-08-17 01:00:00,15.0,15.0,0.69,3.0751,316.0,15.826300000000002,0.0,1017.43
2020-08-17 02:00:00,14.355555555555558,14.355555555555558,0.69,5.506200000000001,324.0,14.9569,0.0,1017.69
2020-08-17 03:00:00,13.399999999999999,13.399999999999999,0.74,2.9463000000000004,341.0,15.826300000000002,0.0,1017.82
2020-08-17 04:00:00,13.394444444444444,13.394444444444444,0.77,3.22,0.0,15.826300000000002,0.0,1017.81
2020-08-17 05:00:00,12.766666666666664,12.766666666666664,0.77,3.059,347.0,14.9569,0.0,1017.89
2020-08-17 06:00:00,12.983333333333333,12.983333333333333,0.83,1.6905000000000001,11.0,9.982000000000001,0.0,1018.41
2020-08-17 07:00:00,17.127777777777776,17.127777777777776,0.68,0.0,0.0,9.982000000000001,0.0,1018.43
2020-08-17 08:00:00,22.061111111111106,22.061111111111106,0.51,3.1717,37.0,10.3523,0.0,1018.48
2020-08-17 09:00:00,25.811111111111106,25.811111111111106,0.41,3.1234,21.0,9.982000000000001,0.0,1018.54
2020-08-17 10:00:00,27.016666666666666,26.64444444444444,0.35,4.6851,109.0,9.982000000000001,0.0,1018.93
2020-08-17 11:00:00,27.055555555555557,26.65555555555556,0.35,3.2522,1.0,10.3523,0.0,1019.04
2020-08-17 12:00:00,28.70555555555556,27.738888888888894,0.32,4.2826,256.0,9.982000000000001,0.0,1018.93
2020-08-17 13:00:00,29.833333333333332,28.572222222222226,0.3,4.508,275.0,9.982000000000001,0.0,1018.54
2020-08-17 14:00:00,30.63888888888889,29.299999999999997,0.29,9.466800000000001,352.0,10.3523,0.0,1018.18
2020-08-17 15:00:00,30.944444444444443,29.616666666666667,0.29,13.9587,40.0,9.982000000000001,0.0,1017.75
2020-08-17 16:00:00,30.966666666666665,29.63333333333334,0.29,7.9373000000000005,19.0,9.982000000000001,0.0,1017.55
2020-08-17 17:00:00,29.02777777777778,28.033333333333328,0.32,9.821,24.0,10.3523,0.0,1017.52
2020-08-17 18:00:00,28.86111111111111,28.138888888888893,0.36,15.278900000000002,30.0,9.982000000000001,0.0,1017.63
2020-08-17 19:00:00,27.216666666666665,26.866666666666667,0.37,13.8138,41.0,9.982000000000001,0.0,1017.71
2020-08-17 20:00:00,24.21666666666667,24.21666666666667,0.44,9.466800000000001,48.0,10.3523,0.0,1018.27
2020-08-17 21:00:00,22.22222222222222,22.22222222222222,0.49,9.3702,50.0,9.982000000000001,0.0,1018.91
2020-08-17 22:00:00,21.477777777777774,21.477777777777774,0.5,10.835300000000002,39.0,15.826300000000002,0.0,1019.32
2020-08-17 23:00:00,20.294444444444444,20.294444444444444,0.55,5.8604,58.0,15.3111,0.0,1019.56
2020-08-18 00:00:00,17.711111111111112,17.711111111111112,0.66,3.1556,28.0,15.826300000000002,0.0,1019.93
2020-08-18 01:00:00,16.71666666666667,16.71666666666667,0.67,3.5742000000000007,41.0,15.826300000000002,0.0,1020.23
2020-08-18 02:00:00,16.005555555555556,16.005555555555556,0.72,3.5420000000000007,8.0,15.3111,0.0,1020.29
2020-08-18 03:00:00,17.133333333333336,17.133333333333336,0.66,10.5938,30.0,15.826300000000002,0.0,1020.54
2020-08-18 04:00:00,16.555555555555557,16.555555555555557,0.71,10.8997,30.0,15.826300000000002,0.0,1020.74
2020-08-18 05:00:00,16.988888888888887,16.988888888888887,0.72,12.4131,18.0,15.3111,0.0,1020.75
2020-08-18 06:00:00,17.083333333333332,17.083333333333332,0.73,13.9748,30.0,9.982000000000001,0.0,1021.04
2020-08-18 07:00:00,18.733333333333334,18.733333333333334,0.69,13.685,30.0,9.982000000000001,0.0,1021.33
2020-08-18 08:00:00,20.84444444444444,20.84444444444444,0.61,13.0571,30.0,10.3523,0.0,1021.55
2020-08-18 09:00:00,22.800000000000004,22.800000000000004,0.53,14.023100000000003,50.0,9.982000000000001,0.0,1021.82
2020-08-18 10:00:00,25.022222222222226,25.022222222222226,0.47,11.0285,32.0,9.982000000000001,0.0,1021.84
2020-08-18 11:00:00,27.049999999999997,26.872222222222224,0.39,12.1555,0.0,10.3523,0.0,1021.92
2020-08-18 12:00:00,27.70555555555556,27.133333333333336,0.35,16.888900000000003,29.0,9.982000000000001,0.0,1021.73
2020-08-18 13:00:00,28.838888888888885,27.922222222222224,0.33,15.423800000000002,10.0,9.982000000000001,0.0,1021.43
2020-08-18 14:00:00,28.966666666666665,27.88888888888889,0.31,9.579500000000001,22.0,10.3523,0.0,1021.17
2020-08-18 15:00:00,29.949999999999996,28.63333333333334,0.29,16.6635,341.0,9.982000000000001,0.0,1020.63
2020-08-18 16:00:00,29.949999999999996,28.627777777777776,0.29,15.4721,9.0,9.982000000000001,0.0,1020.33
2020-08-18 17:00:00,29.88888888888889,28.56666666666667,0.29,15.4721,26.0,10.3523,0.0,1020.45
2020-08-18 18:00:00,28.838888888888885,27.68888888888889,0.29,16.9211,20.0,9.982000000000001,0.0,1020.32
2020-08-18 19:00:00,27.194444444444443,26.633333333333333,0.32,12.187700000000001,30.0,9.982000000000001,0.0,1020.71
2020-08-18 20:00:00,23.22222222222222,23.22222222222222,0.4,4.5724,4.0,10.3523,0.0,1021.16
2020-08-18 21:00:00,22.150000000000002,22.150000000000002,0.49,4.83,50.0,9.982000000000001,0.0,1021.91
2020-08-18 22:00:00,19.377777777777776,19.377777777777776,0.55,6.44,60.0,15.826300000000002,0.0,1022.31
2020-08-18 23:00:00,19.822222222222226,19.822222222222226,0.53,5.9248,55.0,14.9569,0.0,1022.52
2020-08-19 00:00:00,19.172222222222224,19.172222222222224,0.54,6.44,60.0,15.826300000000002,0.0,1022.83
2020-08-19 01:00:00,16.555555555555557,16.555555555555557,0.61,6.44,40.0,15.826300000000002,0.0,1023.03
2020-08-19 02:00:00,15.32777777777778,15.32777777777778,0.68,6.279,19.0,14.9569,0.0,1023.0
2020-08-19 03:00:00,13.93888888888889,13.93888888888889,0.72,6.279,29.0,15.826300000000002,0.0,1023.13
2020-08-19 04:00:00,12.805555555555554,12.805555555555554,0.75,6.1985,8.0,15.826300000000002,0.0,1023.34
2020-08-19 05:00:00,13.25,13.25,0.74,6.295100000000001,359.0,14.9569,0.0,1023.51
2020-08-19 06:00:00,12.711111111111112,12.711111111111112,0.78,9.3541,330.0,9.982000000000001,0.0,1023.75
2020-08-19 07:00:00,16.977777777777778,16.977777777777778,0.68,7.824600000000001,340.0,9.982000000000001,0.0,1024.04
2020-08-19 08:00:00,20.749999999999996,20.749999999999996,0.55,11.7691,17.0,10.3523,0.0,1024.0
2020-08-19 09:00:00,23.86666666666666,23.86666666666666,0.45,15.6009,11.0,9.982000000000001,0.0,1024.04
2020-08-19 10:00:00,27.10555555555556,26.783333333333328,0.37,12.2682,12.0,9.982000000000001,0.0,1024.22
2020-08-19 11:00:00,27.644444444444446,26.894444444444442,0.31,14.3612,37.0,10.3523,0.0,1024.09
2020-08-19 12:00:00,28.86111111111111,27.805555555555557,0.31,15.359399999999999,29.0,9.982000000000001,0.0,1024.02
2020-08-19 13:00:00,29.97222222222222,28.77777777777778,0.31,13.765500000000001,331.0,11.2056,0.0,1023.81
2020-08-19 14:00:00,30.799999999999997,29.283333333333328,0.27,14.1036,1.0,10.3523,0.0,1023.3
2020-08-19 15:00:00,31.083333333333332,29.416666666666668,0.25,14.7476,340.0,9.982000000000001,0.0,1022.81
2020-08-19 16:00:00,31.083333333333332,29.416666666666668,0.25,12.236,351.0,9.982000000000001,0.0,1022.23
2020-08-19 17:00:00,31.03888888888889,29.36111111111111,0.25,13.0732,350.0,10.3523,0.0,1021.94
2020-08-19 18:00:00,30.022222222222226,28.555555555555557,0.27,9.209200000000001,359.0,9.982000000000001,0.0,1021.72
2020-08-19 19:00:00,28.838888888888885,27.788888888888884,0.31,8.919400000000001,0.0,9.982000000000001,0.0,1021.61
2020-08-19 20:00:00,24.15,24.15,0.4,3.3005,0.0,10.3523,0.0,1021.91
2020-08-19 21:00:00,20.11666666666666,20.11666666666666,0.56,0.0,0.0,9.982000000000001,0.0,1022.3
2020-08-19 22:00:00,18.894444444444446,18.894444444444446,0.58,0.0,0.0,15.826300000000002,0.0,1022.41
2020-08-19 23:00:00,17.55,17.55,0.64,3.1234,308.0,14.9569,0.0,1022.5
2020-08-20 00:00:00,15.627777777777778,15.627777777777778,0.72,0.0,0.0,15.826300000000002,0.0,1022.7
2020-08-20 01:00:00,15.511111111111113,15.511111111111113,0.68,3.22,300.0,15.826300000000002,0.0,1022.71
2020-08-20 02:00:00,15.627777777777778,15.627777777777778,0.71,2.9302,10.0,14.9569,0.0,1022.59
2020-08-20 03:00:00,13.894444444444442,13.894444444444442,0.77,3.22,300.0,15.826300000000002,0.0,1022.71
2020-08-20 04:00:00,13.872222222222222,13.872222222222222,0.76,3.22,300.0,15.826300000000002,0.0,1022.61
2020-08-20 05:00:00,13.16111111111111,13.16111111111111,0.8,3.3166,282.0,14.9569,0.0,1022.6
2020-08-20 06:00:00,12.805555555555554,12.805555555555554,0.78,0.0,0.0,15.826300000000002,0.0,1022.71
2020-08-20 07:00:00,17.633333333333336,17.633333333333336,0.7,0.0,0.0,9.982000000000001,0.0,1022.81
2020-08-20 08:00:00,23.400000000000002,23.400000000000002,0.49,1.6905000000000001,287.0,10.3523,0.0,1022.81
2020-08-20 09:00:00,27.22222222222222,26.738888888888887,0.34,5.0071,278.0,9.982000000000001,0.0,1022.69
2020-08-20 10:00:00,30.0,28.67777777777778,0.29,4.4919,355.0,9.982000000000001,0.0,1022.68
2020-08-20 11:00:00,30.966666666666665,29.583333333333332,0.29,5.9409,92.0,10.3523,0.0,1022.53
2020-08-20 12:00:00,32.75555555555555,31.09444444444445,0.25,7.357700000000001,194.0,9.982000000000001,0.0,1022.09
2020-08-20 13:00:00,32.77777777777778,31.105555555555554,0.25,7.1967,133.0,9.982000000000001,0.0,1021.49
2020-08-20 14:00:00,33.77777777777778,31.988888888888887,0.23,6.2468,154.0,10.3523,0.0,1020.99
2020-08-20 15:00:00,34.949999999999996,33.21111111111111,0.22,3.3166,290.0,9.982000000000001,0.0,1020.09
2020-08-20 16:00:00,33.93333333333333,32.06666666666667,0.22,1.6422,289.0,9.982000000000001,0.0,1019.5
2020-08-20 17:00:00,34.93888888888889,33.166666666666664,0.22,2.3989000000000003,256.0,10.3523,0.0,1019.13
2020-08-20 18:00:00,34.92777777777778,33.461111111111116,0.24,0.5957,274.0,9.982000000000001,0.0,1018.6
2020-08-20 19:00:00,31.18333333333333,30.149999999999995,0.32,1.6583,213.0,9.982000000000001,0.0,1018.4
2020-08-20 20:00:00,26.483333333333334,26.483333333333334,0.41,4.379200000000001,161.0,10.3523,0.0,1018.66
2020-08-20 21:00:00,22.805555555555557,22.805555555555557,0.53,3.22,160.0,9.982000000000001,0.0,1018.98
2020-08-20 22:00:00,22.133333333333336,22.133333333333336,0.57,6.44,180.0,15.826300000000002,0.0,1018.88
2020-08-20 23:00:00,22.11111111111111,22.11111111111111,0.53,5.763800000000001,193.0,14.9569,0.0,1018.93
2020-08-21 00:00:00,19.311111111111114,19.311111111111114,0.62,3.2361,234.0,15.826300000000002,0.0,1019.0
2020-08-21 01:00:00,18.316666666666666,18.316666666666666,0.7,3.059,173.0,15.826300000000002,0.0,1018.91
2020-08-21 02:00:00,18.41666666666667,18.41666666666667,0.7,5.2486,177.0,14.9569,0.0,1018.89
2020-08-21 03:00:00,17.183333333333334,17.183333333333334,0.75,3.1878,182.0,15.826300000000002,0.0,1018.81
2020-08-21 04:00:00,15.633333333333333,15.633333333333333,0.75,3.0751,150.0,15.826300000000002,0.0,1018.5
2020-08-21 05:00:00,15.833333333333334,15.833333333333334,0.73,3.1395,191.0,14.9569,0.0,1018.44
2020-08-21 06:00:00,17.07222222222222,17.07222222222222,0.75,7.615300000000001,171.0,9.982000000000001,0.0,1018.49
2020-08-21 07:00:00,19.833333333333332,19.833333333333332,0.68,2.9302,170.0,9.982000000000001,0.0,1018.59
2020-08-21 08:00:00,26.84444444444444,26.855555555555558,0.42,0.1449,300.0,9.982000000000001,0.0,1018.6
2020-08-21 09:00:00,29.911111111111115,29.061111111111114,0.35,6.44,320.0,9.982000000000001,0.0,1018.49
2020-08-21 10:00:00,32.22222222222222,31.03888888888889,0.3,1.7227000000000001,222.0,9.982000000000001,0.0,1018.3
2020-08-21 11:00:00,33.58888888888888,32.3111111111111,0.27,3.8479000000000005,235.0,10.3523,0.0,1018.01
2020-08-21 12:00:00,33.93333333333333,32.4,0.25,7.550900000000001,220.0,9.982000000000001,0.0,1017.59
2020-08-21 13:00:00,35.99444444444445,34.32777777777778,0.21,3.0107000000000004,213.0,9.982000000000001,0.0,1017.19
2020-08-21 14:00:00,35.022222222222226,33.11666666666667,0.2,2.7209,141.0,10.3523,0.0,1016.78
2020-08-21 15:00:00,36.13333333333334,34.45555555555555,0.21,4.9749,206.0,9.982000000000001,0.0,1015.99
2020-08-21 16:00:00,36.15555555555555,34.19444444444444,0.19,3.4937,295.0,9.982000000000001,0.0,1015.5
2020-08-21 17:00:00,36.016666666666666,34.31111111111111,0.21,6.279,263.0,10.3523,0.0,1015.07
2020-08-21 18:00:00,36.083333333333336,34.11666666666666,0.19,0.6118,260.0,9.982000000000001,0.0,1014.8
2020-08-21 19:00:00,32.19444444444444,31.088888888888885,0.3,0.1449,280.0,9.982000000000001,0.0,1014.61
2020-08-21 20:00:00,26.633333333333333,26.633333333333333,0.41,1.9642000000000002,90.0,10.3523,0.0,1015.02
2020-08-21 21:00:00,23.916666666666668,23.916666666666668,0.5,14.49,290.0,9.982000000000001,0.0,1015.3
2020-08-21 22:00:00,22.9,22.9,0.58,2.7692,213.0,15.826300000000002,0.0,1015.52
2020-08-21 23:00:00,22.933333333333334,22.933333333333334,0.57,2.9302,201.0,15.3111,0.0,1015.61
2020-08-22 00:00:00,21.533333333333335,21.533333333333335,0.62,6.44,290.0,15.826300000000002,0.0,1015.75
2020-08-22 01:00:00,19.961111111111116,19.961111111111116,0.62,3.5259,306.0,15.826300000000002,0.0,1015.83
2020-08-22 02:00:00,18.944444444444443,18.944444444444443,0.69,6.0375000000000005,319.0,15.3111,0.0,1015.79
2020-08-22 03:00:00,17.855555555555554,17.855555555555554,0.73,6.44,280.0,15.826300000000002,0.0,1015.62
2020-08-22 04:00:00,17.73888888888889,17.73888888888889,0.74,6.295100000000001,300.0,15.826300000000002,0.0,1015.33
2020-08-22 05:00:00,17.950000000000003,17.950000000000003,0.76,5.7799000000000005,327.0,15.3111,0.0,1015.24
2020-08-22 06:00:00,17.183333333333334,17.183333333333334,0.81,1.5295,140.0,9.982000000000001,0.0,1015.11
2020-08-22 07:00:00,19.87777777777778,19.87777777777778,0.73,1.4651,181.0,9.982000000000001,0.0,1015.42
2020-08-22 08:00:00,24.627777777777776,24.627777777777776,0.59,4.83,219.0,9.982000000000001,0.0,1015.63
2020-08-22 09:00:00,28.800000000000004,28.988888888888894,0.46,3.3005,223.0,9.982000000000001,0.0,1015.39
2020-08-22 10:00:00,32.17777777777778,32.13333333333334,0.38,7.695800000000001,192.0,9.982000000000001,0.0,1015.39
2020-08-22 11:00:00,34.66111111111111,33.87222222222223,0.28,7.502600000000001,193.0,10.3523,0.0,1015.2
2020-08-22 12:00:00,36.0611111111111,34.961111111111116,0.24,10.851400000000002,193.0,9.982000000000001,0.0,1014.88
2020-08-22 13:00:00,37.17222222222222,35.77222222222222,0.21,11.0768,212.0,9.982000000000001,0.0,1014.59
2020-08-22 14:00:00,37.516666666666666,36.03333333333333,0.2,10.642100000000001,240.0,10.3523,0.0,1014.33
2020-08-22 15:00:00,37.727777777777774,35.75555555555556,0.17,11.1895,251.0,9.982000000000001,0.0,1013.7
2020-08-22 16:00:00,37.727777777777774,35.75555555555556,0.17,9.5151,213.0,11.2056,0.0,1013.02
2020-08-22 17:00:00,37.15555555555555,35.38333333333333,0.19,9.837100000000001,262.0,10.3523,0.0,1012.81
2020-08-22 18:00:00,36.15555555555555,34.49444444444445,0.21,9.2414,229.0,9.982000000000001,0.0,1012.49
2020-08-22 19:00:00,32.86666666666666,31.66111111111111,0.29,4.7334000000000005,227.0,9.982000000000001,0.0,1012.5
2020-08-22 20:00:00,28.200000000000003,27.744444444444444,0.39,0.4186,180.0,10.3523,0.0,1013.16
2020-08-22 21:00:00,27.16111111111111,26.950000000000003,0.39,7.550900000000001,162.0,9.982000000000001,0.0,1013.51
2020-08-22 22:00:00,25.011111111111106,25.011111111111106,0.45,2.9463000000000004,175.0,15.826300000000002,0.0,1013.72
2020-08-22 23:00:00,23.966666666666665,23.966666666666665,0.54,5.7799000000000005,173.0,15.3111,0.0,1014.04
2020-08-23 00:00:00,21.738888888888887,21.738888888888887,0.59,6.1502,250.0,15.826300000000002,0.0,1014.6
2020-08-23 01:00:00,23.177777777777777,23.177777777777777,0.51,6.3756,242.0,15.826300000000002,0.0,1014.33
2020-08-23 02:00:00,23.188888888888886,23.188888888888886,0.53,5.796,212.0,15.3111,0.0,1014.42
2020-08-23 03:00:00,22.09444444444444,22.09444444444444,0.56,3.2039,261.0,15.826300000000002,0.0,1014.41
2020-08-23 04:00:00,19.988888888888894,19.988888888888894,0.58,0.0,0.0,15.826300000000002,0.0,1014.13
2020-08-23 05:00:00,19.577777777777776,19.577777777777776,0.61,5.361300000000001,0.0,14.9569,0.0,1013.96
2020-08-23 06:00:00,17.76111111111111,17.76111111111111,0.71,4.6207,26.0,9.982000000000001,0.0,1014.01
2020-08-23 07:00:00,22.511111111111106,22.511111111111106,0.63,3.1234,13.0,9.982000000000001,0.0,1014.07
2020-08-23 08:00:00,27.116666666666667,27.58888888888889,0.51,3.059,39.0,9.982000000000001,0.0,1013.89
2020-08-23 09:00:00,28.800000000000004,28.983333333333334,0.46,8.1305,23.0,9.982000000000001,0.0,1014.31
2020-08-23 10:00:00,31.13333333333334,31.172222222222224,0.41,9.4185,86.0,9.982000000000001,0.0,1014.29
2020-08-23 11:00:00,33.583333333333336,33.18333333333334,0.33,9.321900000000001,71.0,10.3523,0.0,1014.04
2020-08-23 12:00:00,34.92777777777778,34.166666666666664,0.28,9.450700000000001,97.0,9.982000000000001,0.0,1013.63
2020-08-23 13:00:00,37.05555555555556,35.92777777777778,0.22,8.919400000000001,151.0,9.982000000000001,0.0,1013.14
2020-08-23 14:00:00,37.449999999999996,35.98333333333333,0.2,7.889000000000001,202.0,10.3523,0.0,1012.74
2020-08-23 15:00:00,37.611111111111114,35.70555555555555,0.18,9.321900000000001,260.0,9.982000000000001,0.0,1012.08
2020-08-23 16:00:00,37.56666666666667,36.00555555555556,0.19,3.1556,13.0,9.982000000000001,0.0,1011.59
2020-08-23 17:00:00,37.04444444444445,35.47777777777778,0.2,7.4704,288.0,10.3523,0.0,1011.36
2020-08-23 18:00:00,35.94444444444444,35.02777777777778,0.25,15.6009,348.0,9.982000000000001,0.0,1011.1
2020-08-23 19:00:00,32.61666666666666,31.86111111111111,0.32,27.0641,330.0,9.982000000000001,0.0,1011.66
2020-08-23 20:00:00,30.02777777777778,29.400000000000002,0.37,6.7781,344.0,10.3523,0.0,1011.88
2020-08-23 21:00:00,26.04444444444444,26.04444444444444,0.5,4.6046000000000005,310.0,9.982000000000001,0.0,1012.35
2020-08-23 22:00:00,24.86111111111111,24.86111111111111,0.53,6.279,311.0,15.826300000000002,0.0,1012.73
2020-08-23 23:00:00,23.7,23.7,0.53,6.423900000000001,348.0,14.9569,0.0,1013.08
2020-08-24 00:00:00,22.59444444444445,22.59444444444445,0.65,6.44,350.0,15.826300000000002,0.0,1013.11
2020-08-24 01:00:00,21.555555555555557,21.555555555555557,0.68,6.295100000000001,300.0,15.826300000000002,0.0,1012.93
2020-08-24 02:00:00,20.86111111111111,20.86111111111111,0.67,2.9624,327.0,14.9569,0.0,1013.02
2020-08-24 03:00:00,19.377777777777776,19.377777777777776,0.78,3.22,190.0,15.826300000000002,0.0,1012.81
2020-08-24 04:00:00,18.266666666666666,18.266666666666666,0.71,0.0,0.0,15.826300000000002,0.0,1012.6
2020-08-24 05:00:00,18.077777777777783,18.077777777777783,0.78,3.22,290.0,14.9569,0.0,1012.4
2020-08-24 06:00:00,18.75,18.75,0.84,4.83,170.0,9.982000000000001,0.0,1012.12
2020-08-24 07:00:00,21.955555555555552,21.955555555555552,0.73,0.0,0.0,9.982000000000001,0.0,1012.4
2020-08-24 08:00:00,25.827777777777776,25.827777777777776,0.57,7.148400000000001,180.0,9.982000000000001,0.0,1012.42
2020-08-24 09:00:00,29.911111111111115,29.616666666666667,0.4,9.3702,171.0,9.982000000000001,0.0,1011.79
2020-08-24 10:00:00,32.71111111111111,32.261111111111106,0.34,16.840600000000002,180.0,9.982000000000001,0.0,1011.78
2020-08-24 11:00:00,34.52222222222222,34.24444444444444,0.31,13.7011,180.0,10.3523,0.0,1011.66
2020-08-24 12:00:00,37.17222222222222,37.11666666666667,0.27,15.665300000000002,202.0,9.982000000000001,0.0,1011.38
2020-08-24 13:00:00,37.77777777777778,37.22777777777778,0.24,15.761899999999999,231.0,9.982000000000001,0.0,1010.97
2020-08-24 14:00:00,38.638888888888886,37.88333333333333,0.21,13.0732,233.0,10.3523,0.0,1010.67
2020-08-24 15:00:00,38.861111111111114,37.327777777777776,0.18,17.388,232.0,9.982000000000001,0.0,1009.89
2020-08-24 16:00:00,38.83888888888888,37.261111111111106,0.18,12.9444,250.0,9.982000000000001,0.0,1009.38
2020-08-24 17:00:00,38.63333333333334,37.12777777777777,0.18,12.6707,245.0,10.3523,0.0,1009.15
2020-08-24 18:00:00,37.24444444444445,35.50555555555555,0.19,12.4936,211.0,9.982000000000001,0.0,1008.78
2020-08-24 19:00:00,34.00555555555555,32.733333333333334,0.26,7.711900000000001,229.0,9.982000000000001,0.0,1008.77
2020-08-24 20:00:00,30.944444444444443,29.86111111111111,0.32,7.4543,182.0,10.3523,0.0,1008.94
2020-08-24 21:00:00,27.61666666666666,27.10555555555556,0.36,7.550900000000001,180.0,9.982000000000001,0.0,1009.3
2020-08-24 22:00:00,26.97222222222222,26.83888888888889,0.4,6.44,170.0,15.826300000000002,0.0,1009.5
2020-08-24 23:00:00,25.799999999999997,25.799999999999997,0.44,6.279,170.0,14.9569,0.0,1009.57
2020-08-25 00:00:00,23.200000000000003,23.200000000000003,0.54,3.22,170.0,15.826300000000002,0.0,1009.62
2020-08-25 01:00:00,22.76666666666667,22.76666666666667,0.53,6.6493,169.0,15.826300000000002,0.0,1009.7
2020-08-25 02:00:00,21.383333333333333,21.383333333333333,0.56,2.0608,291.0,14.9569,0.0,1010.1
2020-08-25 03:00:00,20.538888888888888,20.538888888888888,0.57,0.0,0.0,15.826300000000002,0.0,1010.0
2020-08-25 04:00:00,19.544444444444448,19.544444444444448,0.61,6.44,260.0,15.826300000000002,0.0,1009.9
2020-08-25 05:00:00,19.583333333333332,19.583333333333332,0.66,4.9588,147.0,14.9569,0.0,1010.07
2020-08-25 06:00:00,18.87777777777778,18.87777777777778,0.68,4.6690000000000005,194.0,9.982000000000001,0.0,1010.09
2020-08-25 07:00:00,21.083333333333332,21.083333333333332,0.63,7.583100000000001,186.0,9.982000000000001,0.0,1010.4
2020-08-25 08:00:00,25.638888888888893,25.638888888888893,0.47,8.2432,224.0,9.982000000000001,0.0,1010.78
2020-08-25 09:00:00,28.727777777777774,28.366666666666667,0.4,12.799500000000002,291.0,9.982000000000001,0.0,1010.82
2020-08-25 10:00:00,30.90555555555555,30.561111111111114,0.38,11.157300000000001,290.0,9.982000000000001,0.0,1011.12
2020-08-25 11:00:00,33.416666666666664,32.983333333333334,0.33,9.2253,286.0,10.3523,0.0,1011.24
2020-08-25 12:00:00,34.78888888888889,33.55555555555556,0.25,12.2843,261.0,9.982000000000001,0.0,1011.12
2020-08-25 13:00:00,35.949999999999996,34.988888888888894,0.25,11.2056,279.0,9.982000000000001,0.0,1010.91
2020-08-25 14:00:00,36.85555555555556,35.71111111111111,0.23,12.558,233.0,10.3523,0.0,1010.65
2020-08-25 15:00:00,37.611111111111114,36.59444444444445,0.22,9.7566,252.0,9.982000000000001,0.0,1010.11
2020-08-25 16:00:00,37.65555555555555,36.22222222222222,0.2,12.558,260.0,9.982000000000001,0.0,1009.62
2020-08-25 17:00:00,37.02777777777778,35.111111111111114,0.18,12.5419,241.0,10.3523,0.0,1009.36
2020-08-25 18:00:00,36.0611111111111,34.42222222222222,0.21,10.8836,271.0,9.982000000000001,0.0,1009.03
2020-08-25 19:00:00,32.75,31.561111111111114,0.29,4.7656,303.0,9.982000000000001,0.0,1009.02
2020-08-25 20:00:00,28.083333333333332,27.577777777777776,0.38,1.3041000000000003,90.0,10.3523,0.0,1009.42
2020-08-25 21:00:00,26.094444444444445,26.094444444444445,0.42,3.1395,75.0,9.982000000000001,0.0,1009.82
2020-08-25 22:00:00,23.86666666666666,23.86666666666666,0.5,3.2039,5.0,15.826300000000002,0.0,1009.81
2020-08-25 23:00:00,23.099999999999998,23.099999999999998,0.49,2.9302,52.0,15.3111,0.0,1009.81
2020-08-26 00:00:00,21.866666666666667,21.866666666666667,0.53,6.423900000000001,31.0,15.826300000000002,0.0,1009.6
2020-08-26 01:00:00,21.77777777777778,21.77777777777778,0.58,6.1341,31.0,15.826300000000002,0.0,1009.59
2020-08-26 02:00:00,22.54444444444444,22.54444444444444,0.55,5.6028,72.0,15.3111,0.0,1009.5
2020-08-26 03:00:00,22.70555555555556,22.70555555555556,0.5,6.2468,61.0,15.826300000000002,0.0,1008.94
2020-08-26 04:00:00,20.07222222222222,20.07222222222222,0.61,3.0107000000000004,12.0,15.826300000000002,0.0,1008.81
2020-08-26 05:00:00,18.694444444444446,18.694444444444446,0.65,2.2379,57.0,15.3111,0.0,1008.61
2020-08-26 06:00:00,17.36111111111111,17.36111111111111,0.67,0.0,0.0,9.982000000000001,0.0,1008.4
2020-08-26 07:00:00,20.933333333333337,20.933333333333337,0.6,4.7012,149.0,9.982000000000001,0.0,1008.4
2020-08-26 08:00:00,24.60555555555556,24.60555555555556,0.49,3.1556,106.0,10.3523,0.0,1007.97
2020-08-26 09:00:00,27.63888888888889,27.55,0.43,9.8693,185.0,9.982000000000001,0.0,1007.39
2020-08-26 10:00:00,29.727777777777778,29.150000000000002,0.38,14.844200000000003,295.0,9.982000000000001,0.0,1007.5
2020-08-26 11:00:00,30.766666666666666,29.88333333333334,0.34,22.3468,309.0,10.3523,0.0,1007.77
2020-08-26 12:00:00,30.95555555555556,30.238888888888894,0.35,21.847700000000003,320.0,9.982000000000001,0.0,1007.96
2020-08-26 13:00:00,32.016666666666666,31.511111111111113,0.35,21.7833,301.0,9.982000000000001,0.0,1007.47
2020-08-26 14:00:00,32.394444444444446,31.61666666666666,0.33,20.2055,296.0,10.3523,0.0,1007.38
2020-08-26 15:00:00,32.52777777777778,31.71111111111111,0.32,27.160700000000002,311.0,9.982000000000001,0.0,1007.21
2020-08-26 16:00:00,30.900000000000002,29.92777777777778,0.33,30.2841,328.0,10.0464,0.0,1007.5
2020-08-26 17:00:00,29.938888888888886,29.099999999999998,0.35,29.0122,320.0,10.4006,0.0,1007.79
2020-08-26 18:00:00,27.03888888888889,26.755555555555553,0.37,30.187500000000004,329.0,9.982000000000001,0.0,1008.19
2020-08-26 19:00:00,23.772222222222226,23.772222222222226,0.42,33.05330000000001,319.0,9.982000000000001,0.0,1008.17
2020-08-26 20:00:00,22.350000000000005,22.350000000000005,0.52,33.5041,311.0,10.3523,0.0,1009.55
2020-08-26 21:00:00,20.888888888888886,20.888888888888886,0.58,28.336000000000006,318.0,15.874600000000001,0.0,1010.64
2020-08-26 22:00:00,20.18888888888889,20.18888888888889,0.58,30.847600000000003,319.0,15.874600000000001,0.0,1011.18
2020-08-26 23:00:00,18.53888888888889,18.53888888888889,0.69,29.4147,312.0,15.359399999999999,0.0,1012.26
2020-08-27 00:00:00,17.11111111111111,17.11111111111111,0.77,27.1446,319.0,15.874600000000001,0.0,1013.6
2020-08-27 01:00:00,16.116666666666664,16.116666666666664,0.9,17.114300000000004,337.0,15.826300000000002,0.0,1012.21
2020-08-27 02:00:00,16.261111111111113,16.261111111111113,0.92,16.8084,283.0,6.8425,0.0,1013.85
2020-08-27 03:00:00,16.116666666666664,16.116666666666664,0.93,6.7942,280.0,14.9086,0.0,1013.95
2020-08-27 04:00:00,16.044444444444444,16.044444444444444,0.9,11.012400000000001,244.0,15.826300000000002,0.0,1014.4
2020-08-27 05:00:00,15.527777777777779,15.527777777777779,0.93,7.8729,271.0,14.9569,0.0,1014.34
2020-08-27 06:00:00,15.050000000000002,15.050000000000002,0.87,14.312900000000003,280.0,9.982000000000001,0.0,1014.75
2020-08-27 07:00:00,16.06666666666667,16.06666666666667,0.78,26.1142,300.0,9.982000000000001,0.0,1015.47
2020-08-27 08:00:00,17.09444444444445,17.09444444444445,0.73,23.4416,309.0,11.0285,0.0,1015.73
2020-08-27 09:00:00,17.849999999999998,17.849999999999998,0.7,22.6366,310.0,11.2056,0.0,1016.16
2020-08-27 10:00:00,20.09444444444445,20.09444444444445,0.67,26.7743,319.0,11.270000000000001,0.0,1016.36
2020-08-27 11:00:00,19.988888888888894,19.988888888888894,0.63,26.726000000000003,311.0,11.4471,0.0,1016.61
2020-08-27 12:00:00,23.82222222222222,23.82222222222222,0.5,25.5507,320.0,11.2056,0.0,1016.35
2020-08-27 13:00:00,22.916666666666668,22.916666666666668,0.5,28.5292,330.0,11.2056,0.0,1016.15
2020-08-27 14:00:00,25.666666666666668,25.666666666666668,0.42,26.8065,322.0,10.3523,0.0,1015.92
2020-08-27 15:00:00,25.99444444444445,25.99444444444445,0.34,28.5292,320.0,9.982000000000001,0.0,1015.68
2020-08-27 16:00:00,26.03888888888889,26.03888888888889,0.34,25.277,329.0,9.982000000000001,0.0,1015.49
2020-08-27 17:00:00,25.816666666666666,25.816666666666666,0.34,23.747500000000002,331.0,10.3523,0.0,1015.83
2020-08-27 18:00:00,24.88333333333334,24.88333333333334,0.33,26.6616,320.0,9.982000000000001,0.0,1016.0
2020-08-27 19:00:00,22.75555555555555,22.75555555555555,0.38,15.906800000000002,311.0,9.982000000000001,0.0,1016.49
2020-08-27 20:00:00,21.100000000000005,21.100000000000005,0.46,13.9426,319.0,10.3523,0.0,1017.52
2020-08-27 21:00:00,18.81666666666667,18.81666666666667,0.56,9.338000000000001,356.0,9.982000000000001,0.0,1018.37
2020-08-27 22:00:00,17.705555555555556,17.705555555555556,0.6,7.8729,327.0,9.982000000000001,0.0,1019.84
2020-08-27 23:00:00,16.2,16.2,0.65,6.0536,331.0,14.9569,0.0,1019.67
2020-08-28 00:00:00,14.949999999999998,14.949999999999998,0.72,10.948,290.0,15.826300000000002,0.0,1019.98
2020-08-28 01:00:00,13.861111111111112,13.861111111111112,0.75,6.488300000000001,312.0,15.826300000000002,0.0,1020.56
2020-08-28 02:00:00,13.599999999999998,13.599999999999998,0.73,10.368400000000001,338.0,14.9569,0.0,1020.78
2020-08-28 03:00:00,12.666666666666664,12.666666666666664,0.77,6.4078,341.0,15.826300000000002,0.0,1021.15
2020-08-28 04:00:00,11.57777777777778,11.57777777777778,0.8,6.1341,358.0,15.826300000000002,0.0,1021.43
2020-08-28 05:00:00,10.938888888888888,10.938888888888888,0.84,4.7334000000000005,11.0,14.9569,0.0,1021.58
2020-08-28 06:00:00,8.955555555555556,8.955555555555556,0.89,4.652900000000001,320.0,9.982000000000001,0.0,1021.84
2020-08-28 07:00:00,12.600000000000001,12.600000000000001,0.83,7.6796999999999995,340.0,9.982000000000001,0.0,1022.44
2020-08-28 08:00:00,16.88888888888889,16.88888888888889,0.6,10.722600000000002,28.0,9.982000000000001,0.0,1022.36
2020-08-28 09:00:00,18.86666666666666,18.86666666666666,0.47,14.4095,61.0,9.982000000000001,0.0,1022.63
2020-08-28 10:00:00,21.06111111111111,21.06111111111111,0.38,9.1287,44.0,9.982000000000001,0.0,1023.01
2020-08-28 11:00:00,22.061111111111106,22.061111111111106,0.35,8.7262,350.0,10.3523,0.0,1022.82
2020-08-28 12:00:00,22.75,22.75,0.34,9.66,20.0,9.982000000000001,0.0,0.0
2020-08-28 13:00:00,23.83888888888889,23.83888888888889,0.29,8.05,10.0,9.982000000000001,0.0,0.0
2020-08-28 14:00:00,24.90555555555555,24.90555555555555,0.28,7.8729,4.0,10.3523,0.0,1021.55
2020-08-28 15:00:00,25.0,25.0,0.26,9.66,40.0,9.982000000000001,0.0,0.0
2020-08-28 16:00:00,26.06111111111111,26.06111111111111,0.26,4.83,340.0,9.982000000000001,0.0,0.0
2020-08-28 17:00:00,26.033333333333335,26.033333333333335,0.24,6.0858,283.0,10.3523,0.0,1020.01
2020-08-28 18:00:00,25.0,25.0,0.26,1.61,10.0,9.982000000000001,0.0,0.0
2020-08-28 19:00:00,22.77777777777778,22.77777777777778,0.34,4.83,130.0,9.982000000000001,0.0,0.0
2020-08-28 20:00:00,17.75,17.75,0.51,6.8747,107.0,10.3523,0.0,1019.7
2020-08-28 21:00:00,17.17222222222222,17.17222222222222,0.58,3.0751,120.0,9.982000000000001,0.0,0.0
2020-08-28 22:00:00,13.93888888888889,13.93888888888889,0.76,3.0751,170.0,9.982000000000001,0.0,0.0
2020-08-28 23:00:00,13.677777777777777,13.677777777777777,0.7,2.9624,182.0,14.9569,0.0,1020.11
2020-08-29 00:00:00,12.249999999999998,12.249999999999998,0.74,0.0,0.0,9.982000000000001,0.0,0.0
2020-08-29 01:00:00,12.222222222222221,12.222222222222221,0.74,0.0,0.0,9.982000000000001,0.0,0.0
2020-08-29 02:00:00,10.850000000000001,10.850000000000001,0.84,1.9159,69.0,14.9569,0.0,1020.37
2020-08-29 03:00:00,10.050000000000002,10.050000000000002,0.86,0.0,0.0,9.982000000000001,0.0,0.0
2020-08-29 04:00:00,10.050000000000002,10.050000000000002,0.85,0.0,0.0,9.982000000000001,0.0,0.0
2020-08-29 05:00:00,9.716666666666669,9.716666666666669,0.86,2.4955000000000003,60.0,14.9569,0.0,1020.42
2020-08-29 06:00:00,9.038888888888891,9.038888888888891,0.88,0.0,0.0,9.982000000000001,0.0,0.0
2020-08-29 07:00:00,13.88888888888889,13.88888888888889,0.77,0.0,0.0,9.982000000000001,0.0,0.0
2020-08-29 08:00:00,17.672222222222224,17.672222222222224,0.57,1.9159,19.0,9.982000000000001,0.0,1020.84
2020-08-29 09:00:00,22.22222222222222,22.22222222222222,0.38,4.8944,221.0,9.982000000000001,0.0,0.0
2020-08-29 10:00:00,23.93888888888889,23.93888888888889,0.34,8.1949,221.0,9.982000000000001,0.0,0.0
2020-08-29 11:00:00,25.944444444444443,25.944444444444443,0.26,2.9785000000000004,271.0,10.3523,0.0,1021.01
2020-08-29 12:00:00,27.22222222222222,26.411111111111115,0.26,7.647500000000001,122.0,9.982000000000001,0.0,0.0
2020-08-29 13:00:00,27.77777777777778,26.744444444444444,0.25,7.3738,133.0,9.982000000000001,0.0,0.0
2020-08-29 14:00:00,28.694444444444443,27.350000000000005,0.24,8.4686,15.0,10.3523,0.0,1019.9
2020-08-29 15:00:00,28.86111111111111,27.561111111111114,0.26,2.7209,159.0,9.982000000000001,0.0,1019.3
2020-08-29 16:00:00,29.92777777777778,28.383333333333336,0.25,0.5152,286.0,9.982000000000001,0.0,1018.79
2020-08-29 17:00:00,28.93333333333333,27.61666666666666,0.26,3.5903,212.0,10.3523,0.0,1018.48
2020-08-29 18:00:00,27.82222222222222,26.883333333333333,0.28,1.1914,162.0,9.982000000000001,0.0,1018.22
2020-08-29 19:00:00,25.20555555555556,25.20555555555556,0.35,4.5563,152.0,9.982000000000001,0.0,1018.3
2020-08-29 20:00:00,22.350000000000005,22.350000000000005,0.45,0.2093,58.0,10.3523,0.0,1018.64
2020-08-29 21:00:00,18.916666666666668,18.916666666666668,0.61,4.83,300.0,9.982000000000001,0.0,1019.0
2020-08-29 22:00:00,19.844444444444445,19.844444444444445,0.54,3.22,290.0,15.826300000000002,0.0,1019.1
2020-08-29 23:00:00,17.83333333333333,17.83333333333333,0.64,3.22,140.0,15.3111,0.0,1018.98
2020-08-30 00:00:00,16.555555555555557,16.555555555555557,0.72,6.0053,90.0,15.826300000000002,0.0,1019.13
2020-08-30 01:00:00,15.511111111111113,15.511111111111113,0.78,3.0751,200.0,15.826300000000002,0.0,1019.31
2020-08-30 02:00:00,15.988888888888889,15.988888888888889,0.72,2.6726,186.0,15.3111,0.0,1019.18
2020-08-30 03:00:00,14.31111111111111,14.31111111111111,0.78,6.1985,249.0,15.826300000000002,0.0,1019.22
2020-08-30 04:00:00,14.75,14.75,0.74,3.22,330.0,15.826300000000002,0.0,1018.93
2020-08-30 05:00:00,13.75,13.75,0.78,2.7048,349.0,15.3111,0.0,1018.99
2020-08-30 06:00:00,12.666666666666664,12.666666666666664,0.84,3.22,30.0,9.982000000000001,0.0,1019.04
2020-08-30 07:00:00,16.91111111111111,16.91111111111111,0.76,1.4651,145.0,9.982000000000001,0.0,1019.23
2020-08-30 08:00:00,20.605555555555558,20.605555555555558,0.58,3.6869,100.0,10.3523,0.0,1019.21
2020-08-30 09:00:00,23.772222222222226,23.772222222222226,0.45,3.1234,141.0,9.982000000000001,0.0,1019.02
2020-08-30 10:00:00,27.150000000000002,26.816666666666663,0.37,3.3166,98.0,9.982000000000001,0.0,1019.11
2020-08-30 11:00:00,28.81666666666667,27.722222222222225,0.3,3.7674,184.0,10.3523,0.0,1018.77
2020-08-30 12:00:00,29.994444444444444,28.65555555555555,0.29,3.0912,235.0,9.982000000000001,0.0,1018.41
2020-08-30 13:00:00,30.022222222222226,28.555555555555557,0.27,8.645700000000001,61.0,9.982000000000001,0.0,1018.1
2020-08-30 14:00:00,31.06666666666667,29.36111111111111,0.24,5.957000000000001,36.0,10.3523,0.0,1017.62
2020-08-30 15:00:00,32.17222222222222,30.40555555555556,0.24,10.0786,8.0,9.982000000000001,0.0,1017.1
2020-08-30 16:00:00,31.15555555555555,29.349999999999998,0.23,4.4114,113.0,9.982000000000001,0.0,1016.58
2020-08-30 17:00:00,31.149999999999995,29.416666666666668,0.24,4.3309,134.0,10.3523,0.0,1015.93
2020-08-30 18:00:00,31.105555555555554,29.305555555555557,0.23,5.0876,83.0,9.982000000000001,0.0,1015.68
2020-08-30 19:00:00,27.700000000000003,27.016666666666666,0.33,0.1932,104.0,9.982000000000001,0.0,1015.51
2020-08-30 20:00:00,22.649999999999995,22.649999999999995,0.44,2.7531000000000003,336.0,10.3523,0.0,1016.14
2020-08-30 21:00:00,20.99444444444445,20.99444444444445,0.53,7.824600000000001,80.0,9.982000000000001,0.0,1016.49
2020-08-30 22:00:00,21.488888888888894,21.488888888888894,0.5,6.295100000000001,100.0,15.826300000000002,0.0,1016.21
2020-08-30 23:00:00,18.7,18.7,0.59,3.864,88.0,14.9569,0.0,1016.11
2020-08-31 00:00:00,17.327777777777776,17.327777777777776,0.63,6.44,120.0,15.826300000000002,0.0,1016.0
2020-08-31 01:00:00,16.255555555555553,16.255555555555553,0.69,0.0,0.0,15.826300000000002,0.0,1015.91
2020-08-31 02:00:00,15.583333333333334,15.583333333333334,0.74,2.254,187.0,14.9569,0.0,1015.83
2020-08-31 03:00:00,14.511111111111111,14.511111111111111,0.74,2.8175000000000003,290.0,15.826300000000002,0.0,1015.41
2020-08-31 04:00:00,13.961111111111112,13.961111111111112,0.74,0.0,0.0,15.826300000000002,0.0,1015.23
2020-08-31 05:00:00,13.261111111111111,13.261111111111111,0.78,5.4418,120.0,14.9569,0.0,1015.02
2020-08-31 06:00:00,13.838888888888887,13.838888888888887,0.76,4.5402000000000005,128.0,9.982000000000001,0.0,1014.61
2020-08-31 07:00:00,17.52777777777778,17.52777777777778,0.61,4.6690000000000005,106.0,9.982000000000001,0.0,1014.43
2020-08-31 08:00:00,20.73333333333333,20.73333333333333,0.5,8.6779,135.0,10.3523,0.0,1014.17
2020-08-31 09:00:00,24.92777777777778,24.92777777777778,0.33,13.5884,139.0,9.982000000000001,0.0,1013.79
2020-08-31 10:00:00,27.77777777777778,26.811111111111114,0.27,19.9157,140.0,9.982000000000001,0.0,1013.59
2020-08-31 11:00:00,29.838888888888885,28.249999999999996,0.24,19.416600000000003,139.0,10.3523,0.0,1013.27
2020-08-31 12:00:00,32.150000000000006,30.105555555555554,0.2,17.114300000000004,150.0,9.982000000000001,0.0,1012.78
2020-08-31 13:00:00,32.77777777777778,30.58888888888889,0.18,21.541800000000002,160.0,9.982000000000001,0.0,1012.27
2020-08-31 14:00:00,33.672222222222224,31.38888888888889,0.17,19.8352,149.0,10.3523,0.0,1011.83
2020-08-31 15:00:00,33.88333333333333,31.650000000000002,0.18,21.5257,131.0,9.982000000000001,0.0,1011.17
2020-08-31 16:00:00,33.90555555555555,31.61111111111111,0.17,21.670600000000004,141.0,9.982000000000001,0.0,1010.68
2020-08-31 17:00:00,32.733333333333334,30.544444444444448,0.18,19.3683,131.0,10.3523,0.0,1010.72
2020-08-31 18:00:00,32.21666666666667,30.216666666666665,0.21,20.0606,130.0,9.982000000000001,0.0,1010.56
2020-08-31 19:00:00,29.97222222222222,28.35555555555556,0.24,13.6689,120.0,9.982000000000001,0.0,1010.57
2020-08-31 20:00:00,27.299999999999997,26.52777777777778,0.28,12.1072,131.0,10.3523,0.0,1011.14
2020-08-31 21:00:00,26.027777777777775,26.027777777777775,0.32,10.5616,130.0,9.982000000000001,0.0,1011.33
2020-08-31 22:00:00,24.844444444444445,24.844444444444445,0.34,13.636700000000001,130.0,9.982000000000001,0.0,1011.53
2020-08-31 23:00:00,24.40555555555556,24.40555555555556,0.35,10.110800000000001,108.0,11.930100000000001,0.0,1011.69
2020-09-01 00:00:00,23.549999999999997,23.549999999999997,0.38,12.9122,120.0,15.826300000000002,0.0,1011.73
2020-09-01 01:00:00,22.9,22.9,0.39,16.1161,120.0,15.826300000000002,0.0,1011.89
2020-09-01 02:00:00,21.444444444444443,21.444444444444443,0.42,11.9623,128.0,15.3111,0.0,1012.13
2020-09-01 03:00:00,19.627777777777776,19.627777777777776,0.49,9.821,129.0,15.826300000000002,0.0,1012.77
2020-09-01 04:00:00,16.666666666666668,16.666666666666668,0.59,2.8336,219.0,15.826300000000002,0.0,1013.53
2020-09-01 05:00:00,18.8,18.8,0.53,3.9606000000000003,115.0,14.9569,0.0,1013.58
2020-09-01 06:00:00,18.67777777777778,18.67777777777778,0.5,10.0142,109.0,9.982000000000001,0.0,1013.76
2020-09-01 07:00:00,17.17777777777778,17.17777777777778,0.64,2.9624,252.0,9.982000000000001,0.0,1014.52
2020-09-01 08:00:00,20.533333333333328,20.533333333333328,0.51,8.0822,111.0,9.982000000000001,0.0,1014.98
2020-09-01 09:00:00,23.688888888888886,23.688888888888886,0.39,16.4703,140.0,9.982000000000001,0.0,1014.84
2020-09-01 10:00:00,25.888888888888886,25.888888888888886,0.37,20.9461,150.0,9.982000000000001,0.0,1015.53
2020-09-01 11:00:00,26.950000000000003,26.57222222222222,0.34,20.8495,170.0,10.3523,0.0,1015.88
2020-09-01 12:00:00,28.577777777777776,27.75,0.34,16.325400000000002,190.0,9.982000000000001,0.0,1016.04
2020-09-01 13:00:00,28.711111111111116,27.849999999999998,0.34,18.9175,190.0,9.982000000000001,0.0,1016.05
2020-09-01 14:00:00,29.72222222222222,28.59444444444445,0.31,14.651,188.0,10.3523,0.0,1016.15
2020-09-01 15:00:00,30.91111111111111,29.572222222222226,0.29,11.9784,178.0,9.982000000000001,0.0,1015.75
2020-09-01 16:00:00,30.933333333333337,29.59444444444444,0.29,9.032100000000002,229.0,9.982000000000001,0.0,1015.56
2020-09-01 17:00:00,30.77777777777778,29.47222222222222,0.3,4.3631,250.0,10.3523,0.0,1015.42
2020-09-01 18:00:00,29.77777777777778,28.672222222222224,0.32,7.824600000000001,311.0,9.982000000000001,0.0,1015.37
2020-09-01 19:00:00,26.944444444444443,26.744444444444444,0.38,9.708300000000001,338.0,9.982000000000001,0.0,1015.57
2020-09-01 20:00:00,23.02777777777778,23.02777777777778,0.48,3.7191000000000005,346.0,10.3523,0.0,1016.13
2020-09-01 21:00:00,20.99444444444445,20.99444444444445,0.55,0.5152,304.0,9.982000000000001,0.0,1017.06
2020-09-01 22:00:00,19.422222222222217,19.422222222222217,0.62,10.770900000000001,272.0,15.826300000000002,0.0,1017.84
2020-09-01 23:00:00,18.738888888888894,18.738888888888894,0.66,3.4454000000000002,327.0,15.3111,0.0,1018.44
2020-09-02 00:00:00,17.755555555555556,17.755555555555556,0.78,3.4615,310.0,15.826300000000002,0.0,1018.75
2020-09-02 01:00:00,17.711111111111112,17.711111111111112,0.76,10.6904,349.0,15.826300000000002,0.0,1019.24
2020-09-02 02:00:00,16.427777777777777,16.427777777777777,0.82,3.4615,349.0,14.9569,0.0,1019.26
2020-09-02 03:00:00,15.13888888888889,15.13888888888889,0.87,3.1717,302.0,15.826300000000002,0.0,1019.42
2020-09-02 04:00:00,14.511111111111111,14.511111111111111,0.87,6.262900000000001,39.0,15.826300000000002,0.0,1019.52
2020-09-02 05:00:00,15.266666666666664,15.266666666666664,0.83,5.2003,121.0,14.9569,0.0,1019.45
2020-09-02 06:00:00,18.54444444444444,18.54444444444444,0.59,13.8299,129.0,9.982000000000001,0.0,1019.54
2020-09-02 07:00:00,19.638888888888886,19.638888888888886,0.6,13.9587,130.0,9.982000000000001,0.0,1020.02
2020-09-02 08:00:00,21.872222222222224,21.872222222222224,0.58,21.0588,149.0,9.982000000000001,0.0,1020.4
2020-09-02 09:00:00,23.716666666666665,23.716666666666665,0.51,25.808300000000003,160.0,9.982000000000001,0.0,1020.92
2020-09-02 10:00:00,25.888888888888886,25.888888888888886,0.45,25.743900000000004,170.0,9.982000000000001,0.0,1021.13
2020-09-02 11:00:00,26.916666666666668,26.822222222222223,0.4,16.422,163.0,10.3523,0.0,1021.49
2020-09-02 12:00:00,28.77777777777778,28.177777777777777,0.37,13.7011,180.0,9.982000000000001,0.0,1021.3
2020-09-02 13:00:00,29.88888888888889,28.977777777777774,0.34,15.375500000000002,160.0,9.982000000000001,0.0,1021.01
2020-09-02 14:00:00,30.83888888888889,29.755555555555556,0.32,7.084000000000001,201.0,10.3523,0.0,1020.55
2020-09-02 15:00:00,32.111111111111114,31.02777777777778,0.31,4.7978000000000005,204.0,9.982000000000001,0.0,1019.83
2020-09-02 16:00:00,32.10555555555556,30.90555555555555,0.3,7.245,75.0,9.982000000000001,0.0,1019.23
2020-09-02 17:00:00,32.04444444444445,30.772222222222222,0.29,6.810300000000001,104.0,10.3523,0.0,1018.84
2020-09-02 18:00:00,31.016666666666666,29.66111111111111,0.29,8.8711,73.0,9.982000000000001,0.0,1018.54
2020-09-02 19:00:00,27.71111111111111,27.15555555555555,0.36,7.4543,70.0,9.982000000000001,0.0,1018.53
2020-09-02 20:00:00,24.022222222222222,24.022222222222222,0.45,4.347,67.0,10.3523,0.0,1018.75
2020-09-02 21:00:00,22.083333333333332,22.083333333333332,0.5,4.508,49.0,9.982000000000001,0.0,1019.15
2020-09-02 22:00:00,21.416666666666668,21.416666666666668,0.55,6.1502,50.0,15.826300000000002,0.0,1019.53
2020-09-02 23:00:00,21.288888888888884,21.288888888888884,0.52,5.506200000000001,80.0,15.3111,0.0,1019.58
2020-09-03 00:00:00,21.32222222222222,21.32222222222222,0.51,10.642100000000001,150.0,15.826300000000002,0.0,1020.21
2020-09-03 01:00:00,19.194444444444443,19.194444444444443,0.61,6.1502,140.0,15.826300000000002,0.0,1020.22
2020-09-03 02:00:00,17.433333333333334,17.433333333333334,0.66,3.2844,117.0,15.3111,0.0,1020.15
2020-09-03 03:00:00,16.06111111111111,16.06111111111111,0.71,3.22,10.0,15.826300000000002,0.0,1020.01
2020-09-03 04:00:00,15.511111111111113,15.511111111111113,0.73,3.22,350.0,15.826300000000002,0.0,1019.84
2020-09-03 05:00:00,14.67777777777778,14.67777777777778,0.77,2.7209,29.0,15.3111,0.0,1020.0
2020-09-03 06:00:00,14.86111111111111,14.86111111111111,0.79,4.7334000000000005,49.0,9.982000000000001,0.0,1019.81
2020-09-03 07:00:00,17.505555555555553,17.505555555555553,0.67,3.0751,30.0,9.982000000000001,0.0,1019.82
2020-09-03 08:00:00,21.616666666666664,21.616666666666664,0.53,6.6654,146.0,10.3523,0.0,1019.51
2020-09-03 09:00:00,23.916666666666668,23.916666666666668,0.45,9.1126,140.0,9.982000000000001,0.0,1019.61
2020-09-03 10:00:00,27.199999999999996,26.71666666666667,0.34,10.6904,141.0,9.982000000000001,0.0,1019.49
2020-09-03 11:00:00,28.672222222222224,27.63888888888889,0.31,10.851400000000002,146.0,10.3523,0.0,1019.23
2020-09-03 12:00:00,29.994444444444444,28.65555555555555,0.29,7.8084999999999996,165.0,9.982000000000001,0.0,1018.5
2020-09-03 13:00:00,31.15555555555555,29.616666666666667,0.27,9.5151,81.0,9.982000000000001,0.0,1017.9
2020-09-03 14:00:00,31.96111111111111,30.349999999999998,0.26,7.084000000000001,148.0,10.3523,0.0,1017.53
2020-09-03 15:00:00,32.24444444444445,30.627777777777776,0.26,3.9767000000000006,210.0,9.982000000000001,0.0,1016.81
2020-09-03 16:00:00,32.24444444444445,30.627777777777776,0.26,7.615300000000001,82.0,9.982000000000001,0.0,1016.01
2020-09-03 17:00:00,32.12777777777777,30.33888888888889,0.24,9.032100000000002,121.0,10.3523,0.0,1015.48
2020-09-03 18:00:00,31.083333333333332,29.438888888888886,0.25,7.631400000000001,70.0,9.982000000000001,0.0,1015.13
2020-09-03 19:00:00,27.150000000000002,26.688888888888894,0.34,4.4758,160.0,9.982000000000001,0.0,1014.84
2020-09-03 20:00:00,23.133333333333333,23.133333333333333,0.43,2.6082000000000005,331.0,10.3523,0.0,1015.17
2020-09-03 21:00:00,22.11111111111111,22.11111111111111,0.55,4.508,151.0,9.982000000000001,0.0,1015.53
2020-09-03 22:00:00,21.43888888888889,21.43888888888889,0.54,0.0,0.0,15.826300000000002,0.0,1015.73
2020-09-03 23:00:00,19.699999999999996,19.699999999999996,0.6,3.8157000000000005,168.0,15.3111,0.0,1015.92
2020-09-04 00:00:00,19.88333333333334,19.88333333333334,0.61,10.0786,180.0,15.826300000000002,0.0,1016.21
2020-09-04 01:00:00,20.85555555555556,20.85555555555556,0.52,10.2718,200.0,15.826300000000002,0.0,1016.22
2020-09-04 02:00:00,19.283333333333328,19.283333333333328,0.55,3.1234,199.0,15.3111,0.0,1016.06
2020-09-04 03:00:00,18.272222222222222,18.272222222222222,0.57,3.0751,220.0,15.826300000000002,0.0,1016.13
2020-09-04 04:00:00,16.6,16.6,0.61,2.0769,47.0,14.9086,0.0,1015.83
2020-09-04 05:00:00,16.288888888888888,16.288888888888888,0.67,3.5098000000000003,43.0,9.982000000000001,0.0,1015.73
2020-09-04 06:00:00,16.072222222222223,16.072222222222223,0.72,7.792400000000001,69.0,9.982000000000001,0.0,1015.71
2020-09-04 07:00:00,17.62222222222222,17.62222222222222,0.66,4.6368,60.0,9.982000000000001,0.0,1015.83
2020-09-04 08:00:00,21.666666666666668,21.666666666666668,0.47,3.5742000000000007,84.0,9.982000000000001,0.0,1016.15
2020-09-04 09:00:00,23.79444444444444,23.79444444444444,0.39,9.4185,119.0,9.982000000000001,0.0,1016.33
2020-09-04 10:00:00,26.088888888888885,26.088888888888885,0.34,10.6904,141.0,9.982000000000001,0.0,1016.31
2020-09-04 11:00:00,27.272222222222226,26.57777777777778,0.3,8.033900000000001,132.0,10.3523,0.0,1016.16
2020-09-04 12:00:00,28.79444444444444,27.649999999999995,0.29,4.5724,22.0,9.982000000000001,0.0,1016.11
2020-09-04 13:00:00,29.97222222222222,28.533333333333335,0.27,4.7334000000000005,3.0,9.982000000000001,0.0,1015.72
2020-09-04 14:00:00,31.005555555555556,29.216666666666672,0.23,8.9677,73.0,10.3523,0.0,1015.62
2020-09-04 15:00:00,31.127777777777776,29.349999999999998,0.23,7.969500000000001,57.0,9.982000000000001,0.0,1015.12
2020-09-04 16:00:00,31.083333333333332,29.311111111111114,0.23,10.6582,8.0,9.982000000000001,0.0,1014.9
2020-09-04 17:00:00,31.03888888888889,29.34444444444444,0.25,12.783400000000002,4.0,10.3523,0.0,1014.36
2020-09-04 18:00:00,29.97222222222222,28.661111111111115,0.29,7.6796999999999995,331.0,9.982000000000001,0.0,1014.31
2020-09-04 19:00:00,27.144444444444446,26.833333333333332,0.37,7.6796999999999995,332.0,9.982000000000001,0.0,1014.04
2020-09-04 20:00:00,23.86111111111111,23.86111111111111,0.48,7.2772,1.0,10.3523,0.0,1014.51
2020-09-04 21:00:00,23.66111111111111,23.66111111111111,0.54,12.558,11.0,9.982000000000001,0.0,1014.76
2020-09-04 22:00:00,23.62222222222222,23.62222222222222,0.51,10.8997,20.0,15.826300000000002,0.0,1014.96
2020-09-04 23:00:00,22.277777777777775,22.277777777777775,0.54,9.563400000000001,38.0,14.9569,0.0,1015.07
2020-09-05 00:00:00,18.77777777777778,18.77777777777778,0.66,6.295100000000001,351.0,15.826300000000002,0.0,1015.56
2020-09-05 01:00:00,17.68888888888889,17.68888888888889,0.68,6.423900000000001,351.0,14.9086,0.0,1015.47
2020-09-05 02:00:00,17.5,17.5,0.74,9.66,352.0,11.688600000000001,0.0,1015.49
2020-09-05 03:00:00,19.683333333333337,19.683333333333337,0.71,13.491800000000001,19.0,11.9784,0.0,1015.1
2020-09-05 04:00:00,19.244444444444444,19.244444444444444,0.74,6.118,19.0,11.9784,0.0,1015.37
2020-09-05 05:00:00,17.755555555555556,17.755555555555556,0.81,6.166300000000001,352.0,9.193100000000001,0.0,1015.21
2020-09-05 06:00:00,14.255555555555553,14.255555555555553,0.89,7.711900000000001,12.0,6.295100000000001,0.0,1015.42
2020-09-05 07:00:00,17.872222222222224,17.872222222222224,0.83,3.3488,12.0,7.212800000000001,0.0,1015.35
2020-09-05 08:00:00,19.75,19.75,0.79,8.9999,38.0,9.982000000000001,0.0,1015.53
2020-09-05 09:00:00,22.694444444444443,22.694444444444443,0.66,7.905100000000001,22.0,9.982000000000001,0.0,1015.35
2020-09-05 10:00:00,24.88888888888889,24.88888888888889,0.54,3.3005,53.0,9.982000000000001,0.0,1015.45
2020-09-05 11:00:00,27.522222222222226,27.633333333333333,0.46,1.6261,342.0,10.3523,0.0,1015.3
2020-09-05 12:00:00,29.90555555555555,29.28888888888889,0.37,2.8175000000000003,143.0,9.982000000000001,0.0,1014.47
2020-09-05 13:00:00,29.949999999999996,29.32222222222222,0.37,7.3738,117.0,9.982000000000001,0.0,1014.24
2020-09-05 14:00:00,30.85555555555556,29.772222222222226,0.32,3.703,334.0,10.3523,0.0,1013.93
2020-09-05 15:00:00,30.02777777777778,29.038888888888884,0.33,3.1717,91.0,9.982000000000001,0.0,1013.32
2020-09-05 16:00:00,29.95555555555556,29.00555555555555,0.34,2.6082000000000005,254.0,9.982000000000001,0.0,1012.92
2020-09-05 17:00:00,29.011111111111113,28.166666666666668,0.34,7.438200000000001,214.0,10.4006,0.0,1012.69
2020-09-05 18:00:00,27.872222222222224,27.255555555555556,0.35,7.406,221.0,10.0464,0.0,1012.43
2020-09-05 19:00:00,26.18333333333333,26.18333333333333,0.39,7.711900000000001,221.0,9.982000000000001,0.0,1012.33
2020-09-05 20:00:00,24.944444444444446,24.944444444444446,0.43,9.9015,242.0,10.3523,0.0,1012.87
2020-09-05 21:00:00,23.894444444444446,23.894444444444446,0.51,9.708300000000001,271.0,9.982000000000001,0.0,1013.42
2020-09-05 22:00:00,23.35555555555556,23.35555555555556,0.53,6.488300000000001,253.0,15.826300000000002,0.0,1013.52
2020-09-05 23:00:00,23.200000000000003,23.200000000000003,0.61,5.7155000000000005,233.0,14.9569,0.0,1013.53
2020-09-06 00:00:00,23.200000000000003,23.200000000000003,0.62,10.980200000000002,271.0,15.826300000000002,0.0,1013.65
2020-09-06 01:00:00,22.644444444444446,22.644444444444446,0.66,6.1502,280.0,15.826300000000002,0.0,1013.75
2020-09-06 02:00:00,20.805555555555557,20.805555555555557,0.75,3.5903,280.0,15.005200000000002,0.0,1013.71
2020-09-06 03:00:00,21.45555555555556,21.45555555555556,0.72,6.1019000000000005,305.0,15.649200000000002,0.0,1013.77
2020-09-06 04:00:00,21.477777777777774,21.477777777777774,0.69,6.3434,330.0,15.697500000000002,0.0,1013.21
2020-09-06 05:00:00,20.372222222222224,20.372222222222224,0.75,3.2844,22.0,14.876400000000002,0.0,1013.67
2020-09-06 06:00:00,19.88333333333334,19.88333333333334,0.79,12.0911,349.0,9.9015,0.0,1013.92
2020-09-06 07:00:00,20.90555555555555,20.90555555555555,0.74,9.499,9.0,9.982000000000001,0.0,1013.85
2020-09-06 08:00:00,20.894444444444446,20.894444444444446,0.75,4.524100000000001,17.0,9.982000000000001,0.0,1014.14
2020-09-06 09:00:00,22.066666666666666,22.066666666666666,0.69,8.8711,329.0,9.982000000000001,0.0,1014.66
2020-09-06 10:00:00,22.11111111111111,22.11111111111111,0.73,13.363000000000001,340.0,9.982000000000001,0.0,1015.37
2020-09-06 11:00:00,22.71111111111111,22.71111111111111,0.66,8.9838,3.0,10.2718,0.0,1015.72
2020-09-06 12:00:00,22.533333333333335,22.533333333333335,0.72,10.706500000000002,300.0,9.9015,0.0,1016.1
2020-09-06 13:00:00,23.688888888888886,23.688888888888886,0.63,12.042800000000002,281.0,11.270000000000001,0.0,1016.49
2020-09-06 14:00:00,23.56666666666667,23.56666666666667,0.67,13.9265,266.0,10.4006,0.0,1016.72
2020-09-06 15:00:00,22.694444444444443,22.694444444444443,0.66,13.5401,293.0,10.8192,0.0,1016.64
2020-09-06 16:00:00,24.855555555555554,24.855555555555554,0.58,12.1555,291.0,11.270000000000001,0.0,1016.57
2020-09-06 17:00:00,25.605555555555558,25.605555555555558,0.52,11.4471,311.0,11.4471,0.0,1016.44
2020-09-06 18:00:00,24.833333333333332,24.833333333333332,0.55,11.8657,313.0,11.270000000000001,0.0,1016.49
2020-09-06 19:00:00,23.62777777777778,23.62777777777778,0.62,14.1036,341.0,11.2056,0.0,1017.03
2020-09-06 20:00:00,21.172222222222224,21.172222222222224,0.68,16.0034,6.0,11.0768,0.0,1018.06
2020-09-06 21:00:00,18.86111111111111,18.86111111111111,0.72,16.7279,9.0,10.0464,0.0,1019.52
2020-09-06 22:00:00,18.28333333333333,18.28333333333333,0.58,16.6474,9.0,15.874600000000001,0.0,1020.41
2020-09-06 23:00:00,17.188888888888886,17.188888888888886,0.56,15.584800000000001,7.0,14.9569,0.0,1021.23
2020-09-07 00:00:00,14.994444444444447,14.994444444444447,0.63,12.397,330.0,9.982000000000001,0.0,1022.91
2020-09-07 01:00:00,15.877777777777775,15.877777777777775,0.62,13.781600000000001,339.0,15.826300000000002,0.0,1022.13
2020-09-07 02:00:00,14.755555555555556,14.755555555555556,0.68,12.9444,339.0,14.9569,0.0,1022.48
2020-09-07 03:00:00,13.216666666666665,13.216666666666665,0.72,13.620600000000001,329.0,15.826300000000002,0.0,1022.62
2020-09-07 04:00:00,12.683333333333332,12.683333333333332,0.74,13.765500000000001,329.0,15.826300000000002,0.0,1022.82
2020-09-07 05:00:00,11.688888888888888,11.688888888888888,0.8,10.8192,329.0,14.9569,0.0,1023.32
2020-09-07 06:00:00,10.905555555555557,10.905555555555557,0.81,11.0929,318.0,9.982000000000001,0.0,1023.78
2020-09-07 07:00:00,12.044444444444444,12.044444444444444,0.81,9.563400000000001,328.0,9.982000000000001,0.0,1024.08
2020-09-07 08:00:00,15.488888888888889,15.488888888888889,0.65,10.6582,349.0,9.982000000000001,0.0,1024.4
2020-09-07 09:00:00,17.59444444444445,17.59444444444445,0.53,7.6796999999999995,346.0,9.982000000000001,0.0,1024.56
2020-09-07 10:00:00,19.838888888888885,19.838888888888885,0.45,7.357700000000001,358.0,9.982000000000001,0.0,1024.86
2020-09-07 11:00:00,20.78888888888889,20.78888888888889,0.41,8.774500000000002,332.0,10.3523,0.0,1024.76
2020-09-07 12:00:00,22.083333333333332,22.083333333333332,0.35,8.033900000000001,272.0,9.982000000000001,0.0,1024.44
2020-09-07 13:00:00,22.70555555555556,22.70555555555556,0.32,5.0232,313.0,9.982000000000001,0.0,1023.65
2020-09-07 14:00:00,23.666666666666664,23.666666666666664,0.29,12.992700000000001,295.0,10.3523,0.0,1022.99
2020-09-07 15:00:00,23.86111111111111,23.86111111111111,0.24,14.1519,309.0,9.982000000000001,0.0,1022.23
2020-09-07 16:00:00,23.883333333333333,23.883333333333333,0.24,13.781600000000001,309.0,9.982000000000001,0.0,1021.61
2020-09-07 17:00:00,23.972222222222225,23.972222222222225,0.24,13.5401,303.0,10.3523,0.0,1021.09
2020-09-07 18:00:00,22.800000000000004,22.800000000000004,0.26,14.023100000000003,290.0,9.982000000000001,0.0,1020.93
2020-09-07 19:00:00,20.016666666666666,20.016666666666666,0.29,7.824600000000001,300.0,9.982000000000001,0.0,1020.92
2020-09-07 20:00:00,17.427777777777777,17.427777777777777,0.37,1.5295,249.0,10.3523,0.0,1021.44
2020-09-07 21:00:00,15.977777777777776,15.977777777777776,0.45,3.1556,222.0,9.982000000000001,0.0,1021.44
2020-09-07 22:00:00,14.822222222222223,14.822222222222223,0.49,3.1717,242.0,15.826300000000002,0.0,1021.53
2020-09-07 23:00:00,13.705555555555556,13.705555555555556,0.57,5.6672,194.0,14.9569,0.0,1021.77
2020-09-08 00:00:00,12.13888888888889,12.13888888888889,0.62,3.1395,205.0,15.826300000000002,0.0,1021.73
2020-09-08 01:00:00,12.216666666666669,12.216666666666669,0.65,6.3434,214.0,15.826300000000002,0.0,1021.81
2020-09-08 02:00:00,11.894444444444442,11.894444444444442,0.64,3.3005,239.0,14.9569,0.0,1021.59
2020-09-08 03:00:00,10.644444444444442,10.644444444444442,0.67,6.5044,225.0,15.826300000000002,0.0,1021.33
2020-09-08 04:00:00,10.038888888888888,10.038888888888888,0.69,3.4454000000000002,229.0,15.826300000000002,0.0,1021.14
2020-09-08 05:00:00,10.838888888888887,10.838888888888887,0.7,3.864,246.0,14.9569,0.0,1020.92
2020-09-08 06:00:00,9.966666666666665,8.93888888888889,0.78,8.1949,243.0,9.982000000000001,0.0,1020.84
2020-09-08 07:00:00,13.649999999999999,13.649999999999999,0.68,5.119800000000001,271.0,9.982000000000001,0.0,1020.77
2020-09-08 08:00:00,17.22222222222222,17.22222222222222,0.58,10.5616,304.0,10.3523,0.0,1021.03
2020-09-08 09:00:00,21.0,21.0,0.47,14.007,299.0,9.982000000000001,0.0,1021.04
2020-09-08 10:00:00,24.75,24.75,0.34,12.88,292.0,9.982000000000001,0.0,1020.95
2020-09-08 11:00:00,25.85,25.85,0.34,16.0517,309.0,10.3523,0.0,1020.76
2020-09-08 12:00:00,27.127777777777776,26.666666666666668,0.34,20.0284,301.0,9.982000000000001,0.0,1020.26
2020-09-08 13:00:00,27.68333333333333,27.011111111111113,0.33,12.88,310.0,9.982000000000001,0.0,1019.66
2020-09-08 14:00:00,28.649999999999995,27.649999999999995,0.31,13.9587,315.0,10.3523,0.0,1019.21
2020-09-08 15:00:00,28.838888888888885,27.788888888888884,0.31,17.3236,319.0,9.982000000000001,0.0,1018.63
2020-09-08 16:00:00,28.86111111111111,27.800000000000004,0.31,20.334300000000002,310.0,9.982000000000001,0.0,1018.14
2020-09-08 17:00:00,27.82777777777778,27.08888888888889,0.33,20.2377,311.0,10.3523,0.0,1017.98
2020-09-08 18:00:00,27.17222222222222,26.700000000000003,0.34,16.840600000000002,310.0,9.982000000000001,0.0,1017.72
2020-09-08 19:00:00,23.905555555555555,23.905555555555555,0.38,7.6796999999999995,282.0,9.982000000000001,0.0,1017.92
2020-09-08 20:00:00,21.211111111111116,21.211111111111116,0.47,3.5742000000000007,274.0,10.3523,0.0,1018.2
2020-09-08 21:00:00,17.805555555555557,17.805555555555557,0.57,4.9105,280.0,9.982000000000001,0.0,1018.62
2020-09-08 22:00:00,17.68888888888889,17.68888888888889,0.64,3.3488,262.0,15.826300000000002,0.0,1018.84
2020-09-08 23:00:00,17.188888888888886,17.188888888888886,0.64,5.796,272.0,14.9569,0.0,1019.0
2020-09-09 00:00:00,15.933333333333334,15.933333333333334,0.66,3.3649,299.0,15.826300000000002,0.0,1019.15
2020-09-09 01:00:00,14.383333333333333,14.383333333333333,0.7,3.3327,263.0,15.826300000000002,0.0,1019.15
2020-09-09 02:00:00,14.733333333333336,14.733333333333336,0.73,3.4293,274.0,14.9569,0.0,1019.26
2020-09-09 03:00:00,14.216666666666669,14.216666666666669,0.78,3.4293,237.0,15.826300000000002,0.0,1019.35
2020-09-09 04:00:00,13.199999999999998,13.199999999999998,0.78,6.44,280.0,15.826300000000002,0.0,1019.25
2020-09-09 05:00:00,12.13888888888889,12.13888888888889,0.81,3.2844,279.0,14.9569,0.0,1019.35
2020-09-09 06:00:00,12.222222222222221,12.222222222222221,0.86,1.6583,338.0,9.982000000000001,0.0,1019.45
2020-09-09 07:00:00,15.88888888888889,15.88888888888889,0.69,2.0769,53.0,9.982000000000001,0.0,1019.84
2020-09-09 08:00:00,18.733333333333334,18.733333333333334,0.63,7.3094,349.0,10.3523,0.0,1019.98
2020-09-09 09:00:00,22.61666666666666,22.61666666666666,0.49,9.450700000000001,350.0,9.982000000000001,0.0,1019.96
2020-09-09 10:00:00,24.88333333333334,24.88333333333334,0.42,12.1394,341.0,9.982000000000001,0.0,1020.14
2020-09-09 11:00:00,26.088888888888885,26.088888888888885,0.36,11.592,359.0,10.3523,0.0,1020.24
2020-09-09 12:00:00,27.194444444444443,26.84444444444444,0.37,13.7494,0.0,9.982000000000001,0.0,1019.94
2020-09-09 13:00:00,27.75,27.138888888888886,0.35,12.1072,350.0,9.982000000000001,0.0,1019.73
2020-09-09 14:00:00,28.70555555555556,27.772222222222222,0.32,15.681400000000002,16.0,10.3523,0.0,1019.36
2020-09-09 15:00:00,28.838888888888885,27.68333333333333,0.29,12.203800000000001,359.0,9.982000000000001,0.0,1018.93
2020-09-09 16:00:00,28.838888888888885,27.58888888888889,0.27,9.1126,321.0,9.982000000000001,0.0,1018.53
2020-09-09 17:00:00,28.766666666666666,27.54444444444444,0.27,10.3362,64.0,10.3523,0.0,1018.15
2020-09-09 18:00:00,27.727777777777774,26.833333333333332,0.28,9.2253,29.0,9.982000000000001,0.0,1018.13
2020-09-09 19:00:00,23.883333333333333,23.883333333333333,0.37,7.792400000000001,41.0,9.982000000000001,0.0,1018.41
2020-09-09 20:00:00,22.049999999999997,22.049999999999997,0.41,8.4686,58.0,10.3523,0.0,1018.72
2020-09-09 21:00:00,20.86111111111111,20.86111111111111,0.44,9.2253,70.0,9.982000000000001,0.0,1019.12
2020-09-09 22:00:00,20.766666666666666,20.766666666666666,0.46,10.867500000000001,70.0,15.826300000000002,0.0,1019.23
2020-09-09 23:00:00,20.700000000000003,20.700000000000003,0.46,12.9122,77.0,14.9569,0.0,1019.47
2020-09-10 00:00:00,20.627777777777776,20.627777777777776,0.48,13.910400000000001,81.0,15.826300000000002,0.0,1019.54
2020-09-10 01:00:00,20.07222222222222,20.07222222222222,0.49,10.8997,90.0,15.826300000000002,0.0,1019.64
2020-09-10 02:00:00,17.45555555555556,17.45555555555556,0.59,5.5223,85.0,14.9569,0.0,1019.63
2020-09-10 03:00:00,13.28888888888889,13.28888888888889,0.7,3.2522,40.0,15.826300000000002,0.0,1019.86
2020-09-10 04:00:00,12.244444444444444,12.244444444444444,0.73,6.4078,351.0,15.826300000000002,0.0,1019.85
2020-09-10 05:00:00,13.177777777777777,13.177777777777777,0.75,10.304000000000002,29.0,14.9569,0.0,1019.77
2020-09-10 06:00:00,12.200000000000001,12.200000000000001,0.75,7.905100000000001,49.0,9.982000000000001,0.0,1019.76
2020-09-10 07:00:00,13.733333333333333,13.733333333333333,0.69,3.3649,1.0,9.982000000000001,0.0,1020.24
2020-09-10 08:00:00,18.322222222222226,18.322222222222226,0.57,8.5813,88.0,10.3523,0.0,1020.56
2020-09-10 09:00:00,22.03888888888889,22.03888888888889,0.47,13.379100000000001,157.0,9.982000000000001,0.0,1020.62
2020-09-10 10:00:00,23.81666666666667,23.81666666666667,0.38,15.0535,138.0,9.982000000000001,0.0,1020.72
2020-09-10 11:00:00,26.922222222222217,26.561111111111114,0.35,13.3469,149.0,10.3523,0.0,1020.53
2020-09-10 12:00:00,27.77777777777778,27.066666666666666,0.33,12.4936,139.0,9.982000000000001,0.0,1020.11
2020-09-10 13:00:00,28.883333333333333,27.816666666666663,0.31,14.023100000000003,120.0,9.982000000000001,0.0,1019.51
2020-09-10 14:00:00,30.766666666666666,29.150000000000002,0.25,9.4185,167.0,10.3523,0.0,1019.03
2020-09-10 15:00:00,31.03888888888889,29.366666666666667,0.25,12.445300000000001,148.0,9.982000000000001,0.0,1018.51
2020-09-10 16:00:00,31.03888888888889,29.25,0.23,10.8192,128.0,9.982000000000001,0.0,1018.02
2020-09-10 17:00:00,29.84444444444445,28.322222222222226,0.25,13.7494,151.0,10.3523,0.0,1018.03
2020-09-10 18:00:00,28.811111111111114,27.57222222222222,0.27,7.6796999999999995,147.0,9.982000000000001,0.0,1017.91
2020-09-10 19:00:00,24.922222222222224,24.922222222222224,0.34,7.4543,139.0,9.982000000000001,0.0,1017.8
2020-09-10 20:00:00,22.59444444444445,22.59444444444445,0.39,9.466800000000001,129.0,10.3523,0.0,1017.98
2020-09-10 21:00:00,19.86111111111111,19.86111111111111,0.46,4.6046000000000005,120.0,9.982000000000001,0.0,1018.42
2020-09-10 22:00:00,17.755555555555556,17.755555555555556,0.53,3.22,140.0,15.826300000000002,0.0,1018.71
2020-09-10 23:00:00,17.96111111111111,17.96111111111111,0.54,6.0697,149.0,15.3111,0.0,1019.01
2020-09-11 00:00:00,16.549999999999997,16.549999999999997,0.57,6.021400000000001,151.0,15.826300000000002,0.0,1019.11
2020-09-11 01:00:00,16.477777777777774,16.477777777777774,0.58,3.2039,139.0,15.826300000000002,0.0,1019.02
2020-09-11 02:00:00,15.244444444444444,15.244444444444444,0.61,3.1395,128.0,15.3111,0.0,1019.12
2020-09-11 03:00:00,13.933333333333332,13.933333333333332,0.63,0.0,0.0,15.826300000000002,0.0,1019.19
2020-09-11 04:00:00,13.816666666666666,13.816666666666666,0.68,3.22,100.0,15.826300000000002,0.0,1019.29
2020-09-11 05:00:00,13.733333333333333,13.733333333333333,0.67,6.1985,111.0,15.3111,0.0,1019.03
2020-09-11 06:00:00,17.383333333333333,17.383333333333333,0.54,16.1,140.0,9.982000000000001,0.0,1018.81
2020-09-11 07:00:00,18.449999999999996,18.449999999999996,0.51,15.504300000000002,140.0,9.982000000000001,0.0,1019.12
2020-09-11 08:00:00,19.92777777777778,19.92777777777778,0.5,17.0821,141.0,9.982000000000001,0.0,1019.09
2020-09-11 09:00:00,22.75555555555555,22.75555555555555,0.41,21.702800000000003,151.0,9.982000000000001,0.0,1018.99
2020-09-11 10:00:00,25.022222222222226,25.022222222222226,0.36,23.184,141.0,9.982000000000001,0.0,1018.98
2020-09-11 11:00:00,25.59444444444444,25.59444444444444,0.36,23.4738,142.0,15.3111,0.0,1018.74
2020-09-11 12:00:00,27.28888888888889,26.76666666666667,0.34,16.9694,132.0,9.982000000000001,0.0,1017.99
2020-09-11 13:00:00,28.883333333333333,27.71111111111111,0.29,15.520400000000002,168.0,9.982000000000001,0.0,1017.59
2020-09-11 14:00:00,29.87222222222222,28.461111111111116,0.27,9.0965,135.0,10.3523,0.0,1016.81
2020-09-11 15:00:00,30.988888888888887,29.216666666666672,0.23,11.2217,158.0,9.982000000000001,0.0,1015.99
2020-09-11 16:00:00,29.994444444444444,28.433333333333337,0.25,11.3344,149.0,9.982000000000001,0.0,1015.2
2020-09-11 17:00:00,29.822222222222226,28.316666666666666,0.25,12.590200000000001,138.0,10.3523,0.0,1014.76
2020-09-11 18:00:00,28.788888888888884,27.555555555555554,0.27,9.338000000000001,141.0,9.982000000000001,0.0,1014.41
2020-09-11 19:00:00,23.950000000000003,23.950000000000003,0.36,9.2414,150.0,9.982000000000001,0.0,1014.39
2020-09-11 20:00:00,20.666666666666668,20.666666666666668,0.44,9.048200000000001,170.0,10.3523,0.0,1014.83
2020-09-11 21:00:00,20.944444444444443,20.944444444444443,0.47,12.477500000000001,160.0,9.982000000000001,0.0,1015.09
2020-09-11 22:00:00,20.41111111111111,20.41111111111111,0.46,14.1519,160.0,15.826300000000002,0.0,1015.18
2020-09-11 23:00:00,20.866666666666667,20.866666666666667,0.45,16.2449,170.0,15.3111,0.0,1015.22
2020-09-12 00:00:00,20.38888888888889,20.38888888888889,0.45,16.7601,160.0,15.826300000000002,0.0,1015.18
2020-09-12 01:00:00,18.72222222222222,18.72222222222222,0.49,13.781600000000001,169.0,15.826300000000002,0.0,1015.06
2020-09-12 02:00:00,17.666666666666668,17.666666666666668,0.51,13.5723,169.0,15.3111,0.0,1014.72
2020-09-12 03:00:00,17.61111111111111,17.61111111111111,0.47,16.7601,150.0,15.826300000000002,0.0,1014.1
2020-09-12 04:00:00,16.966666666666665,16.966666666666665,0.49,13.5562,160.0,15.826300000000002,0.0,1013.8
2020-09-12 05:00:00,15.411111111111113,15.411111111111113,0.52,13.250300000000001,186.0,15.3111,0.0,1013.8
2020-09-12 06:00:00,14.75,14.75,0.56,13.652800000000001,150.0,9.982000000000001,0.0,1013.68
2020-09-12 07:00:00,14.777777777777779,14.777777777777779,0.56,10.5455,140.0,9.982000000000001,0.0,1013.59
2020-09-12 08:00:00,17.511111111111113,17.511111111111113,0.48,18.9175,160.0,10.3523,0.0,1013.45
2020-09-12 09:00:00,22.044444444444448,22.044444444444448,0.36,26.1142,160.0,9.982000000000001,0.0,1013.08
2020-09-12 10:00:00,23.8,23.8,0.34,21.6384,151.0,9.982000000000001,0.0,1012.68
2020-09-12 11:00:00,25.949999999999996,25.949999999999996,0.32,15.504300000000002,188.0,10.3523,0.0,1012.15
2020-09-12 12:00:00,27.75555555555555,26.799999999999997,0.27,15.633100000000002,160.0,9.982000000000001,0.0,1011.28
2020-09-12 13:00:00,28.79444444444444,27.555555555555554,0.27,15.778000000000002,180.0,9.982000000000001,0.0,1010.48
2020-09-12 14:00:00,28.82222222222222,27.52777777777778,0.26,15.536500000000002,142.0,10.3523,0.0,1009.52
2020-09-12 15:00:00,28.93333333333333,27.600000000000005,0.26,15.906800000000002,151.0,9.982000000000001,0.0,1008.57
2020-09-12 16:00:00,28.90555555555555,27.58888888888889,0.26,15.488199999999999,152.0,9.982000000000001,0.0,1007.79
2020-09-12 17:00:00,28.738888888888894,27.394444444444446,0.24,16.599100000000004,152.0,10.3523,0.0,1007.65
2020-09-12 18:00:00,27.24444444444445,26.427777777777774,0.26,14.168000000000003,150.0,9.982000000000001,0.0,1007.16
2020-09-12 19:00:00,22.955555555555552,22.955555555555552,0.32,11.0607,140.0,9.982000000000001,0.0,1007.23
2020-09-12 20:00:00,21.333333333333336,21.333333333333336,0.35,10.8192,132.0,10.3523,0.0,1007.36
2020-09-12 21:00:00,18.96111111111111,18.96111111111111,0.43,8.162700000000001,141.0,9.982000000000001,0.0,1007.06
2020-09-12 22:00:00,19.355555555555558,19.355555555555558,0.43,11.270000000000001,150.0,15.826300000000002,0.0,1006.76
2020-09-12 23:00:00,20.772222222222222,20.772222222222222,0.42,22.2019,149.0,15.3111,0.0,1006.3
2020-09-13 00:00:00,20.366666666666664,20.366666666666664,0.44,19.593700000000002,150.0,15.826300000000002,0.0,1005.78
2020-09-13 01:00:00,19.73888888888889,19.73888888888889,0.46,19.078500000000002,150.0,15.826300000000002,0.0,1005.18
2020-09-13 02:00:00,18.644444444444446,18.644444444444446,0.48,16.1322,141.0,15.3111,0.0,1004.79
2020-09-13 03:00:00,17.655555555555555,17.655555555555555,0.49,16.7279,130.0,15.826300000000002,0.0,1004.13
2020-09-13 04:00:00,18.055555555555557,18.055555555555557,0.46,19.4649,130.0,15.826300000000002,0.0,1003.45
2020-09-13 05:00:00,16.86111111111111,16.86111111111111,0.47,15.166200000000002,130.0,15.3111,0.0,1003.23
2020-09-13 06:00:00,15.0,15.0,0.53,10.0786,141.0,9.982000000000001,0.0,1003.55
2020-09-13 07:00:00,14.97777777777778,14.97777777777778,0.54,7.293300000000001,207.0,9.982000000000001,0.0,1003.88
2020-09-13 08:00:00,17.31666666666667,17.31666666666667,0.52,1.6422,230.0,10.3523,0.0,1004.57
2020-09-13 09:00:00,17.62222222222222,17.62222222222222,0.66,14.570500000000003,309.0,9.982000000000001,0.0,1004.87
2020-09-13 10:00:00,19.566666666666666,19.566666666666666,0.62,13.0732,310.0,9.982000000000001,0.0,1005.28
2020-09-13 11:00:00,19.699999999999996,19.699999999999996,0.59,12.7029,318.0,10.3523,0.0,1005.14
2020-09-13 12:00:00,19.516666666666666,19.516666666666666,0.62,15.939000000000002,338.0,10.0464,0.0,1005.04
2020-09-13 13:00:00,18.477777777777778,18.477777777777778,0.63,20.3987,301.0,10.0464,0.0,1005.63
2020-09-13 14:00:00,19.699999999999996,19.699999999999996,0.59,20.5275,321.0,10.4006,0.0,1005.69
2020-09-13 15:00:00,17.461111111111112,17.461111111111112,0.66,21.8316,329.0,10.0464,0.0,1005.44
2020-09-13 16:00:00,16.87777777777778,16.87777777777778,0.69,23.3289,310.0,10.0464,0.0,1005.27
2020-09-13 17:00:00,15.072222222222223,15.072222222222223,0.79,24.955000000000002,319.0,11.3183,0.0,1006.1
2020-09-13 18:00:00,13.75,13.75,0.84,20.125,282.0,11.0446,0.0,1006.07
2020-09-13 19:00:00,12.711111111111112,12.711111111111112,0.96,15.6009,283.0,11.125100000000002,0.0,1007.46
2020-09-13 20:00:00,12.799999999999999,12.799999999999999,0.91,18.998,302.0,11.0768,0.0,1008.22
2020-09-13 21:00:00,12.68888888888889,12.68888888888889,0.96,15.794100000000002,310.0,11.125100000000002,0.0,1008.86
2020-09-13 22:00:00,13.222222222222221,13.222222222222221,0.91,17.0499,319.0,15.649200000000002,0.0,1008.99
2020-09-13 23:00:00,13.172222222222224,13.172222222222224,0.91,19.3683,320.0,14.7959,0.0,1008.8
2020-09-14 00:00:00,13.222222222222221,13.222222222222221,0.91,14.2807,329.0,15.649200000000002,0.0,1009.5
2020-09-14 01:00:00,13.222222222222221,13.222222222222221,0.94,11.253900000000002,311.0,15.649200000000002,0.0,1010.23
2020-09-14 02:00:00,13.18888888888889,13.18888888888889,0.94,6.2146,296.0,14.023100000000003,0.0,1010.72
2020-09-14 03:00:00,12.711111111111112,12.711111111111112,1.0,11.3183,319.0,11.753,0.0,1009.91
2020-09-14 04:00:00,13.222222222222221,13.222222222222221,0.96,14.3612,320.0,9.7566,0.0,1009.91
2020-09-14 05:00:00,13.18888888888889,13.18888888888889,0.96,9.8049,337.0,9.7566,0.0,1010.24
2020-09-14 06:00:00,12.761111111111111,12.761111111111111,1.0,10.706500000000002,282.0,6.0697,0.0,1010.57
2020-09-14 07:00:00,12.783333333333331,12.783333333333331,1.0,13.910400000000001,329.0,6.0697,0.0,1010.78
2020-09-14 08:00:00,13.75,13.75,0.94,9.7888,337.0,6.9069,0.0,1010.8
2020-09-14 09:00:00,15.86111111111111,15.86111111111111,0.88,11.237800000000002,331.0,10.980200000000002,0.0,1011.2
2020-09-14 10:00:00,16.927777777777777,16.927777777777777,0.77,14.2324,338.0,9.9015,0.0,1011.22
2020-09-14 11:00:00,17.327777777777776,17.327777777777776,0.7,15.278900000000002,7.0,10.4972,0.0,1011.54
2020-09-14 12:00:00,18.616666666666667,18.616666666666667,0.67,14.312900000000003,359.0,11.2056,0.0,1011.88
2020-09-14 13:00:00,19.66111111111111,19.66111111111111,0.59,14.2163,340.0,9.982000000000001,0.0,1011.6
2020-09-14 14:00:00,20.694444444444443,20.694444444444443,0.59,13.4596,342.0,10.4006,0.0,1011.08
2020-09-14 15:00:00,21.861111111111107,21.861111111111107,0.55,11.1895,332.0,10.0464,0.0,1010.38
2020-09-14 16:00:00,22.322222222222226,22.322222222222226,0.53,11.0607,349.0,10.0464,0.0,1010.01
2020-09-14 17:00:00,22.15555555555555,22.15555555555555,0.54,14.651,341.0,10.4006,0.0,1009.39
2020-09-14 18:00:00,21.76666666666667,21.76666666666667,0.52,15.616999999999999,339.0,9.982000000000001,0.0,1008.54
2020-09-14 19:00:00,20.700000000000003,20.700000000000003,0.56,10.867500000000001,320.0,9.982000000000001,0.0,1009.11
2020-09-14 20:00:00,18.533333333333335,18.533333333333335,0.75,14.2163,310.0,9.982000000000001,0.0,1009.85
2020-09-14 21:00:00,17.644444444444442,17.644444444444442,0.78,13.8138,330.0,9.982000000000001,0.0,1010.08
2020-09-14 22:00:00,17.572222222222223,17.572222222222223,0.82,14.023100000000003,330.0,15.826300000000002,0.0,1009.9
2020-09-14 23:00:00,16.988888888888887,16.988888888888887,0.85,10.0625,316.0,14.9569,0.0,1010.04
2020-09-15 00:00:00,17.066666666666666,17.066666666666666,0.84,10.8836,318.0,15.826300000000002,0.0,1010.19
2020-09-15 01:00:00,16.483333333333334,16.483333333333334,0.84,10.9319,309.0,15.826300000000002,0.0,1010.37
2020-09-15 02:00:00,16.416666666666668,16.416666666666668,0.83,9.9981,307.0,14.9569,0.0,1010.53
2020-09-15 03:00:00,15.972222222222221,15.972222222222221,0.84,10.787,328.0,15.826300000000002,0.0,1010.26
2020-09-15 04:00:00,15.416666666666666,15.416666666666666,0.87,6.6493,319.0,15.874600000000001,0.0,1009.88
2020-09-15 05:00:00,15.32222222222222,15.32222222222222,0.85,9.982000000000001,314.0,14.876400000000002,0.0,1010.05
2020-09-15 06:00:00,14.883333333333333,14.883333333333333,0.84,12.236,328.0,11.125100000000002,0.0,1010.39
2020-09-15 07:00:00,14.883333333333333,14.883333333333333,0.79,16.8728,309.0,11.125100000000002,0.0,1011.19
2020-09-15 08:00:00,14.794444444444444,14.794444444444444,0.79,20.0445,309.0,10.835300000000002,0.0,1011.92
2020-09-15 09:00:00,14.905555555555553,14.905555555555553,0.73,21.5096,309.0,10.980200000000002,0.0,1012.05
2020-09-15 10:00:00,16.08888888888889,16.08888888888889,0.67,17.7583,310.0,11.125100000000002,0.0,1012.74
2020-09-15 11:00:00,16.977777777777778,16.977777777777778,0.6,19.4649,311.0,11.4471,0.0,1013.21
2020-09-15 12:00:00,18.79444444444444,18.79444444444444,0.53,15.906800000000002,290.0,11.2056,0.0,1013.22
2020-09-15 13:00:00,19.81111111111111,19.81111111111111,0.5,9.9337,290.0,9.982000000000001,0.0,1012.97
2020-09-15 14:00:00,21.62777777777778,21.62777777777778,0.41,16.438100000000002,320.0,10.3523,0.0,1012.74
2020-09-15 15:00:00,22.36111111111111,22.36111111111111,0.4,26.7904,309.0,9.982000000000001,0.0,1012.44
2020-09-15 16:00:00,20.90555555555555,20.90555555555555,0.48,22.250200000000003,319.0,9.982000000000001,0.0,1012.86
2020-09-15 17:00:00,19.95,19.95,0.49,15.665300000000002,320.0,10.3523,0.0,1013.62
2020-09-15 18:00:00,18.86111111111111,18.86111111111111,0.57,4.2182,242.0,9.982000000000001,0.0,1013.82
2020-09-15 19:00:00,17.21111111111111,17.21111111111111,0.64,4.379200000000001,235.0,9.982000000000001,0.0,1014.34
2020-09-15 20:00:00,16.055555555555557,16.055555555555557,0.68,8.0822,254.0,10.3523,0.0,1014.85
2020-09-15 21:00:00,13.905555555555557,13.905555555555557,0.68,4.6207,358.0,9.982000000000001,0.0,1015.38
2020-09-15 22:00:00,13.883333333333335,13.883333333333335,0.72,3.22,349.0,15.826300000000002,0.0,1015.49
2020-09-15 23:00:00,12.92777777777778,12.92777777777778,0.77,5.9409,347.0,14.9569,0.0,1016.27
2020-09-16 00:00:00,11.616666666666665,11.616666666666665,0.81,6.279,320.0,15.826300000000002,0.0,1016.67
2020-09-16 01:00:00,10.6,10.6,0.86,6.3112,300.0,15.826300000000002,0.0,1017.05
2020-09-16 02:00:00,9.872222222222225,9.327777777777776,0.88,6.0375000000000005,313.0,14.9569,0.0,1016.98
2020-09-16 03:00:00,10.16111111111111,10.16111111111111,0.8,6.1341,359.0,15.826300000000002,0.0,1017.25
2020-09-16 04:00:00,9.633333333333335,9.633333333333335,0.86,3.1878,339.0,15.826300000000002,0.0,1017.35
2020-09-16 05:00:00,8.355555555555554,7.505555555555554,0.89,6.3112,329.0,14.9569,0.0,1017.62
2020-09-16 06:00:00,9.033333333333331,7.677777777777777,0.93,8.9999,19.0,9.982000000000001,0.0,1017.47
2020-09-16 07:00:00,9.988888888888887,9.988888888888887,0.87,4.7334000000000005,9.0,9.982000000000001,0.0,1017.78
2020-09-16 08:00:00,14.61111111111111,14.61111111111111,0.7,12.7673,20.0,9.982000000000001,0.0,1017.8
2020-09-16 09:00:00,16.005555555555556,16.005555555555556,0.63,20.0445,31.0,9.982000000000001,0.0,1017.8
2020-09-16 10:00:00,18.733333333333334,18.733333333333334,0.49,21.1876,21.0,9.982000000000001,0.0,1017.9
2020-09-16 11:00:00,19.88888888888889,19.88888888888889,0.45,19.4005,32.0,10.3523,0.0,1017.93
2020-09-16 12:00:00,22.127777777777776,22.127777777777776,0.38,24.4398,21.0,9.982000000000001,0.0,1017.5
2020-09-16 13:00:00,23.72222222222222,23.72222222222222,0.3,24.777900000000002,30.0,9.982000000000001,0.0,1017.08
2020-09-16 14:00:00,23.72222222222222,23.72222222222222,0.3,20.6563,31.0,10.3523,0.0,1016.67
2020-09-16 15:00:00,23.83888888888889,23.83888888888889,0.29,20.0123,21.0,9.982000000000001,0.0,1016.37
2020-09-16 16:00:00,23.83888888888889,23.83888888888889,0.29,21.541800000000002,40.0,9.982000000000001,0.0,1016.17
2020-09-16 17:00:00,22.733333333333334,22.733333333333334,0.33,15.729700000000001,42.0,10.3523,0.0,1015.99
2020-09-16 18:00:00,22.150000000000002,22.150000000000002,0.35,19.5454,11.0,9.982000000000001,0.0,1016.27
2020-09-16 19:00:00,19.90555555555555,19.90555555555555,0.41,13.524000000000001,10.0,9.982000000000001,0.0,1016.46
2020-09-16 20:00:00,17.36111111111111,17.36111111111111,0.49,9.2253,1.0,9.982000000000001,0.0,1016.91
2020-09-16 21:00:00,17.01111111111111,17.01111111111111,0.5,10.448900000000002,20.0,9.982000000000001,0.0,1017.07
2020-09-16 22:00:00,16.93888888888889,16.93888888888889,0.52,6.1502,30.0,15.826300000000002,0.0,1017.25
2020-09-16 23:00:00,15.42777777777778,15.42777777777778,0.56,5.152000000000001,101.0,14.9569,0.0,1017.53
2020-09-17 00:00:00,14.233333333333333,14.233333333333333,0.59,6.2468,77.0,15.826300000000002,0.0,1017.63
2020-09-17 01:00:00,16.20555555555556,16.20555555555556,0.53,6.1502,80.0,15.826300000000002,0.0,1017.45
2020-09-17 02:00:00,16.261111111111113,16.261111111111113,0.54,5.9892,12.0,15.439900000000002,0.0,1017.53
2020-09-17 03:00:00,15.744444444444447,15.744444444444447,0.54,3.3649,19.0,15.826300000000002,0.0,1017.45
2020-09-17 04:00:00,15.788888888888891,15.788888888888891,0.6,5.957000000000001,351.0,15.826300000000002,0.0,1017.45
2020-09-17 05:00:00,15.405555555555553,15.405555555555553,0.6,6.230700000000001,359.0,14.9569,0.0,1017.33
2020-09-17 06:00:00,15.761111111111111,15.761111111111111,0.6,4.7495,0.0,9.982000000000001,0.0,1017.06
2020-09-17 07:00:00,15.833333333333334,15.833333333333334,0.6,7.6796999999999995,20.0,9.982000000000001,0.0,1017.25
2020-09-17 08:00:00,15.916666666666666,15.916666666666666,0.6,4.025,119.0,9.982000000000001,0.0,1017.64
2020-09-17 09:00:00,16.988888888888887,16.988888888888887,0.56,4.6690000000000005,128.0,11.2056,0.0,1018.03
2020-09-17 10:00:00,17.63888888888889,17.63888888888889,0.57,4.588500000000001,22.0,11.2056,0.0,1017.86
2020-09-17 11:00:00,19.81111111111111,19.81111111111111,0.54,8.05,32.0,11.4471,0.0,1018.15
2020-09-17 12:00:00,20.966666666666665,20.966666666666665,0.49,4.7495,43.0,11.270000000000001,0.0,1018.23
2020-09-17 13:00:00,22.127777777777776,22.127777777777776,0.53,4.6690000000000005,60.0,11.270000000000001,0.0,1017.84
2020-09-17 14:00:00,22.36111111111111,22.36111111111111,0.48,7.583100000000001,72.0,11.4471,0.0,1017.54
2020-09-17 15:00:00,23.83888888888889,23.83888888888889,0.45,4.2826,29.0,9.982000000000001,0.0,1017.09
2020-09-17 16:00:00,22.800000000000004,22.800000000000004,0.48,10.835300000000002,129.0,9.982000000000001,0.0,1016.61
2020-09-17 17:00:00,22.88888888888889,22.88888888888889,0.47,7.985600000000001,107.0,10.3523,0.0,1016.53
2020-09-17 18:00:00,22.655555555555555,22.655555555555555,0.49,4.5402000000000005,53.0,9.982000000000001,0.0,1016.32
2020-09-17 19:00:00,19.97222222222222,19.97222222222222,0.58,4.717300000000001,41.0,9.982000000000001,0.0,1016.33
2020-09-17 20:00:00,18.15555555555556,18.15555555555556,0.64,7.293300000000001,39.0,9.982000000000001,0.0,1016.71
2020-09-17 21:00:00,16.083333333333332,16.083333333333332,0.73,8.05,50.0,9.982000000000001,0.0,1017.21
2020-09-17 22:00:00,15.972222222222221,15.972222222222221,0.76,6.44,60.0,15.826300000000002,0.0,1017.34
2020-09-17 23:00:00,15.627777777777778,15.627777777777778,0.73,3.4615,42.0,14.9569,0.0,1017.53
2020-09-18 00:00:00,14.466666666666665,14.466666666666665,0.77,3.22,70.0,14.9086,0.0,1017.53
2020-09-18 01:00:00,13.472222222222221,13.472222222222221,0.8,3.22,50.0,14.9086,0.0,1017.51
2020-09-18 02:00:00,14.044444444444444,14.044444444444444,0.77,5.7155000000000005,51.0,14.9569,0.0,1017.27
2020-09-18 03:00:00,12.011111111111111,12.011111111111111,0.8,3.22,170.0,14.9086,0.0,1017.39
2020-09-18 04:00:00,12.983333333333333,12.983333333333333,0.78,3.0751,90.0,14.9086,0.0,1017.19
2020-09-18 05:00:00,14.627777777777775,14.627777777777775,0.72,2.6726,80.0,9.982000000000001,0.0,1017.12
2020-09-18 06:00:00,15.955555555555556,15.955555555555556,0.73,3.3649,131.0,11.2056,0.0,1017.1
2020-09-18 07:00:00,17.044444444444444,17.044444444444444,0.72,3.3488,158.0,9.982000000000001,0.0,1017.11
2020-09-18 08:00:00,17.68888888888889,17.68888888888889,0.73,7.502600000000001,147.0,9.982000000000001,0.0,1017.02
2020-09-18 09:00:00,20.955555555555556,20.955555555555556,0.6,15.697500000000002,160.0,9.982000000000001,0.0,1016.92
2020-09-18 10:00:00,22.68888888888889,22.68888888888889,0.53,13.9909,161.0,9.982000000000001,0.0,1016.91
2020-09-18 11:00:00,24.716666666666665,24.716666666666665,0.46,14.1036,157.0,10.3523,0.0,1016.59
2020-09-18 12:00:00,25.97222222222222,25.97222222222222,0.43,13.652800000000001,131.0,9.982000000000001,0.0,1016.12
2020-09-18 13:00:00,27.03888888888889,26.872222222222224,0.4,12.203800000000001,111.0,9.982000000000001,0.0,1015.63
2020-09-18 14:00:00,26.861111111111107,26.738888888888887,0.39,12.9122,140.0,10.3523,0.0,1015.05
2020-09-18 15:00:00,27.633333333333333,27.255555555555556,0.38,13.5562,121.0,9.982000000000001,0.0,1014.32
2020-09-18 16:00:00,27.17222222222222,26.950000000000003,0.39,10.642100000000001,158.0,9.982000000000001,0.0,1013.81
2020-09-18 17:00:00,27.011111111111113,26.84444444444444,0.39,9.579500000000001,188.0,10.3523,0.0,1013.43
2020-09-18 18:00:00,25.944444444444443,25.944444444444443,0.43,4.508,178.0,9.982000000000001,0.0,1013.02
2020-09-18 19:00:00,22.150000000000002,22.150000000000002,0.54,2.898,139.0,9.982000000000001,0.0,1013.11
2020-09-18 20:00:00,20.12777777777778,20.12777777777778,0.61,3.6225,127.0,9.982000000000001,0.0,1013.44
2020-09-18 21:00:00,18.727777777777774,18.727777777777774,0.69,3.22,100.0,9.982000000000001,0.0,1013.51
2020-09-18 22:00:00,19.122222222222224,19.122222222222224,0.67,11.270000000000001,130.0,15.826300000000002,0.0,1013.43
2020-09-18 23:00:00,20.061111111111114,20.061111111111114,0.6,13.7011,159.0,14.9569,0.0,1013.49
2020-09-19 00:00:00,19.105555555555554,19.105555555555554,0.61,14.0875,171.0,15.826300000000002,0.0,1013.31
2020-09-19 01:00:00,17.988888888888887,17.988888888888887,0.63,11.0446,160.0,15.826300000000002,0.0,1013.3
2020-09-19 02:00:00,17.705555555555556,17.705555555555556,0.61,10.448900000000002,159.0,14.9569,0.0,1013.2
2020-09-19 03:00:00,17.6,17.6,0.61,13.8299,159.0,15.826300000000002,0.0,1012.59
2020-09-19 04:00:00,17.52777777777778,17.52777777777778,0.62,16.6313,140.0,15.826300000000002,0.0,1012.1
2020-09-19 05:00:00,17.82222222222222,17.82222222222222,0.64,16.6635,150.0,14.9569,0.0,1011.72
2020-09-19 06:00:00,15.91111111111111,15.91111111111111,0.68,12.203800000000001,140.0,9.982000000000001,0.0,1011.5
2020-09-19 07:00:00,15.88888888888889,15.88888888888889,0.68,13.6689,130.0,9.982000000000001,0.0,1011.51
2020-09-19 08:00:00,17.75,17.75,0.61,11.672500000000001,142.0,10.3523,0.0,1011.66
2020-09-19 09:00:00,22.066666666666666,22.066666666666666,0.5,20.0445,161.0,9.982000000000001,0.0,1011.48
2020-09-19 10:00:00,23.75,23.75,0.42,24.1822,161.0,9.982000000000001,0.0,1011.3
2020-09-19 11:00:00,24.838888888888885,24.838888888888885,0.4,19.9962,162.0,10.3523,0.0,1011.17
2020-09-19 12:00:00,25.99444444444445,25.99444444444445,0.4,15.021300000000002,180.0,9.982000000000001,0.0,1011.3
2020-09-19 13:00:00,22.56666666666667,22.56666666666667,0.58,10.5938,180.0,11.270000000000001,0.0,1010.9
2020-09-19 14:00:00,25.38888888888889,25.38888888888889,0.47,1.9803000000000002,134.0,10.4006,0.0,1010.57
2020-09-19 15:00:00,27.027777777777782,26.966666666666672,0.42,12.0106,185.0,9.8049,0.0,1009.63
2020-09-19 16:00:00,26.722222222222218,26.744444444444444,0.42,11.817400000000001,180.0,9.7566,0.0,1009.11
2020-09-19 17:00:00,26.794444444444448,26.772222222222222,0.41,7.3416,198.0,10.1913,0.0,1008.75
2020-09-19 18:00:00,21.916666666666668,21.916666666666668,0.62,23.2484,329.0,11.0446,0.0,1009.03
2020-09-19 19:00:00,19.75,19.75,0.75,21.7672,282.0,6.9874,0.0,1010.03
2020-09-19 20:00:00,17.61111111111111,17.61111111111111,0.96,15.439900000000002,332.0,10.8836,0.0,1010.52
2020-09-19 21:00:00,17.55,17.55,0.96,12.847800000000001,319.0,9.982000000000001,0.0,1011.21
2020-09-19 22:00:00,16.477777777777774,16.477777777777774,0.9,25.0999,310.0,14.9569,0.0,1011.9
2020-09-19 23:00:00,15.47777777777778,15.47777777777778,0.84,14.1841,330.0,15.005200000000002,0.0,1012.72
2020-09-20 00:00:00,14.883333333333333,14.883333333333333,0.8,20.3826,320.0,15.826300000000002,0.0,1012.87
2020-09-20 01:00:00,14.377777777777778,14.377777777777778,0.82,20.3987,320.0,15.874600000000001,0.0,1012.88
2020-09-20 02:00:00,14.372222222222222,14.372222222222222,0.79,17.066,313.0,15.005200000000002,0.0,1012.81
2020-09-20 03:00:00,13.77222222222222,13.77222222222222,0.78,20.8173,311.0,15.6009,0.0,1012.45
2020-09-20 04:00:00,13.699999999999998,13.699999999999998,0.76,20.5597,311.0,15.552600000000002,0.0,1012.46
2020-09-20 05:00:00,12.605555555555554,12.605555555555554,0.87,23.4094,303.0,14.715400000000002,0.0,1012.66
2020-09-20 06:00:00,11.066666666666668,11.066666666666668,1.0,29.3664,340.0,7.905100000000001,0.0,1013.29
2020-09-20 07:00:00,11.066666666666668,11.066666666666668,0.93,24.9389,339.0,5.0393,0.0,1014.33
2020-09-20 08:00:00,10.983333333333336,10.983333333333336,0.94,25.164300000000004,321.0,8.2593,0.0,1014.8
2020-09-20 09:00:00,11.08888888888889,11.08888888888889,1.0,20.076700000000002,320.0,7.084000000000001,0.0,1015.63
2020-09-20 10:00:00,11.08888888888889,11.08888888888889,1.0,20.2055,320.0,11.125100000000002,0.0,1016.42
2020-09-20 11:00:00,11.127777777777778,11.127777777777778,0.99,21.8316,312.0,8.227100000000002,0.0,1017.07
2020-09-20 12:00:00,12.17222222222222,12.17222222222222,0.93,23.1518,310.0,8.1949,0.0,1017.5
2020-09-20 13:00:00,12.266666666666666,12.266666666666666,0.92,21.8638,321.0,11.270000000000001,0.0,1018.37
2020-09-20 14:00:00,12.155555555555557,12.155555555555557,0.87,21.1232,331.0,10.722600000000002,0.0,1018.93
2020-09-20 15:00:00,11.338888888888887,11.338888888888887,0.97,15.971200000000001,0.0,9.1126,0.0,1019.56
2020-09-20 16:00:00,12.377777777777778,12.377777777777778,0.84,23.2645,331.0,11.270000000000001,0.0,1020.23
2020-09-20 17:00:00,11.344444444444445,11.344444444444445,0.85,16.3576,344.0,11.0768,0.0,1020.81
2020-09-20 18:00:00,12.288888888888888,12.288888888888888,0.74,22.684900000000003,341.0,11.270000000000001,0.0,1021.11
2020-09-20 19:00:00,11.133333333333333,11.133333333333333,0.86,13.9748,330.0,11.270000000000001,0.0,1021.35
2020-09-20 20:00:00,11.072222222222223,11.072222222222223,0.86,12.1233,314.0,11.0285,0.0,1022.06
2020-09-20 21:00:00,10.911111111111111,10.911111111111111,0.81,9.4829,319.0,11.2056,0.0,1022.27
2020-09-20 22:00:00,9.822222222222223,9.149999999999999,0.87,6.488300000000001,327.0,15.826300000000002,0.0,1022.1
2020-09-20 23:00:00,9.783333333333333,7.905555555555553,0.87,13.1376,281.0,14.9569,0.0,1022.52
2020-09-21 00:00:00,10.194444444444445,10.194444444444445,0.84,17.1948,290.0,15.826300000000002,0.0,1022.69
2020-09-21 01:00:00,9.611111111111109,7.561111111111111,0.87,14.1197,290.0,15.826300000000002,0.0,1022.97
2020-09-21 02:00:00,9.083333333333334,7.3888888888888875,0.9,10.9158,292.0,14.9569,0.0,1023.1
2020-09-21 03:00:00,8.038888888888888,8.038888888888888,0.9,3.6869,291.0,15.826300000000002,0.0,1022.88
2020-09-21 04:00:00,7.461111111111112,5.477777777777778,0.93,10.722600000000002,300.0,15.826300000000002,0.0,1022.81
2020-09-21 05:00:00,6.933333333333332,4.449999999999999,0.93,13.0249,309.0,14.9569,0.0,1023.03
2020-09-21 06:00:00,5.838888888888888,3.405555555555557,0.93,11.382700000000002,309.0,9.982000000000001,0.0,1022.89
2020-09-21 07:00:00,6.83888888888889,5.316666666666666,0.87,7.969500000000001,310.0,9.982000000000001,0.0,1023.19
2020-09-21 08:00:00,9.494444444444447,7.711111111111112,0.83,12.0267,322.0,9.982000000000001,0.0,1023.23
2020-09-21 09:00:00,12.116666666666667,12.116666666666667,0.67,15.665300000000002,330.0,9.982000000000001,0.0,1023.19
2020-09-21 10:00:00,13.844444444444445,13.844444444444445,0.64,21.2359,350.0,11.2056,0.0,1023.28
2020-09-21 11:00:00,14.994444444444447,14.994444444444447,0.53,19.9962,351.0,11.398800000000001,0.0,1023.39
2020-09-21 12:00:00,16.133333333333333,16.133333333333333,0.55,21.091,339.0,11.2056,0.0,1023.36
2020-09-21 13:00:00,17.194444444444443,17.194444444444443,0.43,19.5776,340.0,11.2056,0.0,1022.96
2020-09-21 14:00:00,17.27777777777778,17.27777777777778,0.39,19.0624,331.0,10.3523,0.0,1022.52
2020-09-21 15:00:00,17.82222222222222,17.82222222222222,0.36,16.888900000000003,350.0,9.982000000000001,0.0,1022.15
2020-09-21 16:00:00,17.82222222222222,17.82222222222222,0.37,13.685,350.0,9.982000000000001,0.0,1021.81
2020-09-21 17:00:00,17.366666666666664,17.366666666666664,0.36,11.753,356.0,10.3523,0.0,1021.68
2020-09-21 18:00:00,16.2,16.2,0.44,4.347,9.0,9.982000000000001,0.0,1021.4
2020-09-21 19:00:00,12.755555555555556,12.755555555555556,0.64,0.0,0.0,9.982000000000001,0.0,1021.6
2020-09-21 20:00:00,10.194444444444445,10.194444444444445,0.75,2.6565,317.0,9.982000000000001,0.0,1022.04
2020-09-21 21:00:00,8.844444444444445,8.844444444444445,0.88,3.1073,136.0,9.982000000000001,0.0,1022.1
2020-09-21 22:00:00,8.28888888888889,8.28888888888889,0.89,3.1717,138.0,15.826300000000002,0.0,1021.5
2020-09-21 23:00:00,8.205555555555557,7.66111111111111,0.89,5.216400000000001,186.0,14.9569,0.0,1021.35
2020-09-22 00:00:00,6.0888888888888895,6.0888888888888895,0.96,3.22,120.0,15.826300000000002,0.0,1021.1
2020-09-22 01:00:00,5.511111111111112,5.511111111111112,0.96,3.0751,166.0,15.826300000000002,0.0,1020.59
2020-09-22 02:00:00,6.483333333333334,5.472222222222223,0.93,5.9087000000000005,151.0,14.9569,0.0,1020.35
2020-09-22 03:00:00,5.466666666666669,5.466666666666669,0.96,3.3649,130.0,15.826300000000002,0.0,1020.0
2020-09-22 04:00:00,5.56111111111111,4.288888888888888,0.99,6.295100000000001,130.0,15.826300000000002,0.0,1019.58
2020-09-22 05:00:00,5.422222222222221,3.355555555555555,0.96,9.177000000000001,123.0,14.9569,0.0,1018.85
2020-09-22 06:00:00,4.961111111111111,4.961111111111111,0.93,4.7334000000000005,187.0,9.982000000000001,0.0,1018.4
2020-09-22 07:00:00,4.9833333333333325,4.9833333333333325,0.93,4.7012,150.0,9.9015,0.0,1018.21
2020-09-22 08:00:00,8.672222222222222,7.722222222222222,0.84,6.8747,133.0,9.982000000000001,0.0,1018.05
2020-09-22 09:00:00,12.594444444444445,12.594444444444445,0.65,14.007,151.0,9.982000000000001,0.0,1017.98
2020-09-22 10:00:00,15.950000000000001,15.950000000000001,0.53,15.681400000000002,160.0,9.982000000000001,0.0,1017.56
2020-09-22 11:00:00,17.666666666666668,17.666666666666668,0.43,21.2037,161.0,10.3523,0.0,1017.26
2020-09-22 12:00:00,18.86111111111111,18.86111111111111,0.4,17.0982,161.0,9.982000000000001,0.0,1016.59
2020-09-22 13:00:00,19.994444444444444,19.994444444444444,0.35,12.654600000000002,169.0,9.982000000000001,0.0,1016.56
2020-09-22 14:00:00,21.033333333333335,21.033333333333335,0.34,12.558,161.0,10.3523,0.0,1015.71
2020-09-22 15:00:00,22.127777777777776,22.127777777777776,0.33,13.8138,180.0,9.982000000000001,0.0,1014.9
2020-09-22 16:00:00,22.10555555555556,22.10555555555556,0.33,13.6045,162.0,9.982000000000001,0.0,1014.78
2020-09-22 17:00:00,21.34444444444445,21.34444444444445,0.36,8.500800000000002,153.0,10.3523,0.0,1014.93
2020-09-22 18:00:00,18.994444444444444,18.994444444444444,0.47,7.357700000000001,131.0,9.982000000000001,0.0,1015.19
2020-09-22 19:00:00,17.17222222222222,17.17222222222222,0.53,1.61,170.0,9.982000000000001,0.0,1015.59
2020-09-22 20:00:00,14.244444444444444,14.244444444444444,0.69,2.6082000000000005,142.0,9.982000000000001,0.0,1015.94
2020-09-22 21:00:00,12.733333333333334,12.733333333333334,0.78,1.61,130.0,9.982000000000001,0.0,1016.5
2020-09-22 22:00:00,12.200000000000001,12.200000000000001,0.86,6.44,130.0,15.826300000000002,0.0,1016.89
2020-09-22 23:00:00,13.038888888888888,13.038888888888888,0.72,10.8836,139.0,14.9569,0.0,1016.86
2020-09-23 00:00:00,12.572222222222223,12.572222222222223,0.76,3.22,130.0,15.826300000000002,0.0,1017.32
2020-09-23 01:00:00,11.605555555555556,11.605555555555556,0.81,3.1234,163.0,15.826300000000002,0.0,1017.73
2020-09-23 02:00:00,10.966666666666669,10.966666666666669,0.88,3.059,191.0,14.9569,0.0,1018.41
2020-09-23 03:00:00,12.200000000000001,12.200000000000001,0.86,2.3506,122.0,15.826300000000002,0.0,1018.24
2020-09-23 04:00:00,12.194444444444446,12.194444444444446,0.86,5.5867,163.0,15.826300000000002,0.0,1018.33
2020-09-23 05:00:00,11.355555555555554,11.355555555555554,0.87,2.0930000000000004,113.0,14.9569,0.0,1018.67
2020-09-23 06:00:00,10.050000000000002,10.050000000000002,0.93,1.2719,125.0,8.05,0.0,1018.85
2020-09-23 07:00:00,10.027777777777777,10.027777777777777,0.93,7.8729,7.0,8.05,0.0,1019.33
2020-09-23 08:00:00,14.533333333333331,14.533333333333331,0.79,6.6976,359.0,9.982000000000001,0.0,1019.2
2020-09-23 09:00:00,16.116666666666664,16.116666666666664,0.71,11.0607,350.0,9.982000000000001,0.0,1019.62
2020-09-23 10:00:00,17.711111111111112,17.711111111111112,0.64,9.563400000000001,332.0,9.982000000000001,0.0,1019.55
2020-09-23 11:00:00,19.705555555555556,19.705555555555556,0.56,2.3506,310.0,10.3523,0.0,1019.55
2020-09-23 12:00:00,19.81666666666667,19.81666666666667,0.57,8.8228,222.0,9.982000000000001,0.0,1019.27
2020-09-23 13:00:00,20.99444444444445,20.99444444444445,0.56,10.5938,280.0,9.982000000000001,0.0,1019.05
2020-09-23 14:00:00,22.24444444444445,22.24444444444445,0.48,9.434600000000001,275.0,10.3523,0.0,1018.51
2020-09-23 15:00:00,22.17222222222222,22.17222222222222,0.48,7.631400000000001,289.0,11.2056,0.0,1017.85
2020-09-23 16:00:00,22.194444444444443,22.194444444444443,0.48,10.5616,269.0,9.982000000000001,0.0,1017.43
2020-09-23 17:00:00,22.31111111111111,22.31111111111111,0.45,11.8979,269.0,10.3523,0.0,1017.05
2020-09-23 18:00:00,20.016666666666666,20.016666666666666,0.56,4.7012,269.0,9.982000000000001,0.0,1016.72
2020-09-23 19:00:00,17.68333333333333,17.68333333333333,0.65,3.059,337.0,9.982000000000001,0.0,1016.81
2020-09-23 20:00:00,15.18333333333333,15.18333333333333,0.81,1.2236,82.0,9.982000000000001,0.0,1016.85
2020-09-23 21:00:00,13.794444444444444,13.794444444444444,0.9,0.1288,100.0,9.982000000000001,0.0,1016.91
2020-09-23 22:00:00,13.238888888888887,13.238888888888887,0.9,3.22,120.0,15.826300000000002,0.0,1016.78
2020-09-23 23:00:00,12.82777777777778,12.82777777777778,0.9,2.6726,102.0,14.9569,0.0,1016.14
2020-09-24 00:00:00,12.683333333333332,12.683333333333332,0.93,3.2039,139.0,11.9784,0.0,1015.7
2020-09-24 01:00:00,11.644444444444446,11.644444444444446,0.93,3.1878,149.0,14.9086,0.0,1015.39
2020-09-24 02:00:00,11.416666666666664,11.416666666666664,0.93,4.0572,116.0,8.420300000000001,0.0,1015.16
2020-09-24 03:00:00,13.722222222222223,13.722222222222223,0.86,6.44,130.0,11.9784,0.0,1014.39
2020-09-24 04:00:00,13.838888888888887,13.838888888888887,0.86,6.295100000000001,139.0,14.9086,0.0,1013.68
2020-09-24 05:00:00,13.311111111111112,13.311111111111112,0.87,6.3434,137.0,14.9569,0.0,1012.94
2020-09-24 06:00:00,14.75,14.75,0.84,11.0446,140.0,11.125100000000002,0.0,1012.49
2020-09-24 07:00:00,14.777777777777779,14.777777777777779,0.84,15.858500000000001,131.0,11.0768,0.0,1012.09
2020-09-24 08:00:00,16.71111111111111,16.71111111111111,0.75,9.321900000000001,139.0,10.948,0.0,1012.09
2020-09-24 09:00:00,19.72222222222222,19.72222222222222,0.64,17.0982,141.0,9.982000000000001,0.0,1011.49
2020-09-24 10:00:00,22.522222222222226,22.522222222222226,0.54,12.735100000000001,160.0,9.982000000000001,0.0,1011.18
2020-09-24 11:00:00,24.616666666666667,24.616666666666667,0.46,18.5633,153.0,10.3523,0.0,1010.72
2020-09-24 12:00:00,27.10555555555556,26.90555555555556,0.39,17.3558,161.0,9.982000000000001,0.0,1009.48
2020-09-24 13:00:00,27.216666666666665,27.066666666666666,0.41,20.2055,180.0,9.982000000000001,0.0,1008.87
2020-09-24 14:00:00,28.666666666666668,28.038888888888888,0.37,16.6474,189.0,10.3523,0.0,1007.91
2020-09-24 15:00:00,29.811111111111106,28.922222222222224,0.34,20.3021,181.0,9.982000000000001,0.0,1007.05
2020-09-24 16:00:00,27.77777777777778,27.199999999999996,0.35,15.826300000000002,210.0,9.982000000000001,0.0,1005.99
2020-09-24 17:00:00,28.666666666666668,28.061111111111114,0.37,10.4006,208.0,10.3523,0.0,1005.82
2020-09-24 18:00:00,26.12777777777778,26.12777777777778,0.44,11.0607,199.0,9.982000000000001,0.0,1005.23
2020-09-24 19:00:00,22.84444444444445,22.84444444444445,0.53,10.867500000000001,160.0,9.982000000000001,0.0,1004.75
2020-09-24 20:00:00,21.22222222222222,21.22222222222222,0.59,9.579500000000001,160.0,9.982000000000001,0.0,1004.58
2020-09-24 21:00:00,19.88333333333334,19.88333333333334,0.64,9.2253,140.0,9.982000000000001,0.0,1004.58
2020-09-24 22:00:00,20.34444444444445,20.34444444444445,0.64,11.0446,150.0,15.826300000000002,0.0,1004.39
2020-09-24 23:00:00,19.244444444444444,19.244444444444444,0.7,3.703,145.0,14.9569,0.0,1003.96
2020-09-25 00:00:00,18.63888888888889,18.63888888888889,0.7,10.513300000000001,141.0,15.826300000000002,0.0,1003.52
2020-09-25 01:00:00,17.59444444444445,17.59444444444445,0.74,10.7548,140.0,15.826300000000002,0.0,1003.51
2020-09-25 02:00:00,17.25,17.25,0.77,9.66,165.0,15.005200000000002,0.0,1003.74
2020-09-25 03:00:00,20.92222222222222,20.92222222222222,0.61,26.468400000000003,280.0,10.0464,0.0,1003.97
2020-09-25 04:00:00,20.300000000000004,20.300000000000004,0.61,24.488100000000003,280.0,15.874600000000001,0.0,1004.74
2020-09-25 05:00:00,18.65555555555555,18.65555555555555,0.71,13.3308,260.0,14.9569,0.0,1005.44
2020-09-25 06:00:00,17.66111111111111,17.66111111111111,0.79,14.3612,242.0,11.0446,0.0,1005.36
2020-09-25 07:00:00,17.616666666666667,17.616666666666667,0.85,17.291400000000003,252.0,11.125100000000002,0.0,1006.44
2020-09-25 08:00:00,17.61111111111111,17.61111111111111,0.85,25.599000000000004,281.0,11.4471,0.0,1007.53
2020-09-25 09:00:00,18.79444444444444,18.79444444444444,0.74,29.2054,290.0,11.270000000000001,0.0,1008.5
2020-09-25 10:00:00,22.03888888888889,22.03888888888889,0.5,26.613300000000002,298.0,11.270000000000001,0.0,1009.12
2020-09-25 11:00:00,22.533333333333335,22.533333333333335,0.49,25.566800000000004,282.0,11.398800000000001,0.0,1009.93
2020-09-25 12:00:00,23.772222222222226,23.772222222222226,0.45,23.972900000000003,289.0,9.982000000000001,0.0,1009.91
2020-09-25 13:00:00,23.88888888888889,23.88888888888889,0.45,22.073100000000004,271.0,9.982000000000001,0.0,1010.02
2020-09-25 14:00:00,24.944444444444446,24.944444444444446,0.39,19.6259,263.0,10.3523,0.0,1010.2
2020-09-25 15:00:00,26.016666666666666,26.016666666666666,0.36,12.525800000000002,279.0,9.982000000000001,0.0,1010.1
2020-09-25 16:00:00,26.03888888888889,26.03888888888889,0.34,9.466800000000001,279.0,9.982000000000001,0.0,1010.1
2020-09-25 17:00:00,25.961111111111116,25.961111111111116,0.34,4.83,249.0,10.3523,0.0,1010.22
2020-09-25 18:00:00,23.83888888888889,23.83888888888889,0.39,1.3041000000000003,289.0,9.982000000000001,0.0,1010.1
2020-09-25 19:00:00,18.883333333333333,18.883333333333333,0.61,1.6583,153.0,9.982000000000001,0.0,1010.3
2020-09-25 20:00:00,17.26111111111111,17.26111111111111,0.67,3.0751,140.0,9.982000000000001,0.0,1010.75
2020-09-25 21:00:00,16.08888888888889,16.08888888888889,0.73,4.6851,130.0,9.982000000000001,0.0,1011.28
2020-09-25 22:00:00,15.533333333333335,15.533333333333335,0.75,6.279,131.0,15.826300000000002,0.0,1011.39
2020-09-25 23:00:00,16.02777777777778,16.02777777777778,0.72,10.304000000000002,130.0,15.3111,0.0,1011.47
2020-09-26 00:00:00,14.88888888888889,14.88888888888889,0.73,6.1019000000000005,132.0,15.826300000000002,0.0,1011.81
2020-09-26 01:00:00,14.86111111111111,14.86111111111111,0.71,10.706500000000002,130.0,15.826300000000002,0.0,1011.99
2020-09-26 02:00:00,14.072222222222221,14.072222222222221,0.73,5.796,167.0,14.9569,0.0,1012.33
2020-09-26 03:00:00,12.733333333333334,12.733333333333334,0.81,6.44,197.0,15.826300000000002,0.0,1012.73
2020-09-26 04:00:00,14.794444444444444,14.794444444444444,0.76,11.157300000000001,122.0,15.826300000000002,0.0,1012.28
2020-09-26 05:00:00,13.505555555555556,13.505555555555556,0.78,9.6278,141.0,14.9569,0.0,1012.36
2020-09-26 06:00:00,12.666666666666664,12.666666666666664,0.84,6.295100000000001,140.0,15.826300000000002,0.0,1012.47
2020-09-26 07:00:00,13.705555555555556,13.705555555555556,0.84,10.8836,142.0,9.982000000000001,0.0,1012.96
2020-09-26 08:00:00,15.855555555555554,15.855555555555554,0.74,11.414900000000001,142.0,9.982000000000001,0.0,1013.13
2020-09-26 09:00:00,19.91111111111111,19.91111111111111,0.62,12.6868,161.0,9.982000000000001,0.0,1013.27
2020-09-26 10:00:00,23.75,23.75,0.51,12.88,170.0,9.982000000000001,0.0,1013.54
2020-09-26 11:00:00,25.900000000000002,25.900000000000002,0.43,12.992700000000001,180.0,10.3523,0.0,1013.51
2020-09-26 12:00:00,27.733333333333334,27.150000000000002,0.35,20.366500000000002,191.0,9.982000000000001,0.0,1013.17
2020-09-26 13:00:00,28.838888888888885,27.922222222222224,0.33,20.334300000000002,191.0,9.982000000000001,0.0,1012.95
2020-09-26 14:00:00,29.70555555555556,28.533333333333335,0.31,22.652700000000003,190.0,10.3523,0.0,1012.53
2020-09-26 15:00:00,29.949999999999996,28.644444444444446,0.29,20.6402,201.0,9.982000000000001,0.0,1012.16
2020-09-26 16:00:00,29.90555555555555,28.49444444444445,0.27,21.735000000000003,210.0,9.982000000000001,0.0,1011.96
2020-09-26 17:00:00,28.800000000000004,27.655555555555555,0.29,15.874600000000001,229.0,10.3523,0.0,1011.9
2020-09-26 18:00:00,26.06111111111111,26.06111111111111,0.39,10.851400000000002,219.0,9.982000000000001,0.0,1011.95
2020-09-26 19:00:00,22.77777777777778,22.77777777777778,0.48,9.450700000000001,161.0,9.982000000000001,0.0,1012.25
2020-09-26 20:00:00,21.049999999999997,21.049999999999997,0.56,7.1162,145.0,9.982000000000001,0.0,1012.64
2020-09-26 21:00:00,19.88888888888889,19.88888888888889,0.58,10.706500000000002,151.0,9.982000000000001,0.0,1012.96
2020-09-26 22:00:00,20.422222222222224,20.422222222222224,0.52,13.781600000000001,151.0,15.826300000000002,0.0,1013.17
2020-09-26 23:00:00,19.477777777777778,19.477777777777778,0.53,10.5455,161.0,14.9569,0.0,1013.54
2020-09-27 00:00:00,18.333333333333332,18.333333333333332,0.58,13.6689,160.0,15.826300000000002,0.0,1013.55
2020-09-27 01:00:00,16.688888888888886,16.688888888888886,0.65,6.5688,177.0,15.826300000000002,0.0,1013.37
2020-09-27 02:00:00,16.922222222222224,16.922222222222224,0.66,6.3756,148.0,14.9569,0.0,1013.67
2020-09-27 03:00:00,16.133333333333333,16.133333333333333,0.67,6.44,160.0,15.826300000000002,0.0,1013.15
2020-09-27 04:00:00,15.577777777777776,15.577777777777776,0.7,13.7494,131.0,15.826300000000002,0.0,1012.95
2020-09-27 05:00:00,14.633333333333335,14.633333333333335,0.75,10.3362,134.0,14.9569,0.0,1013.09
2020-09-27 06:00:00,15.02222222222222,15.02222222222222,0.72,13.7977,131.0,9.982000000000001,0.0,1012.85
2020-09-27 07:00:00,15.044444444444443,15.044444444444443,0.72,15.439900000000002,131.0,9.9015,0.0,1012.94
2020-09-27 08:00:00,17.733333333333334,17.733333333333334,0.66,11.8496,159.0,10.3523,0.0,1012.88
2020-09-27 09:00:00,22.15555555555555,22.15555555555555,0.53,14.1519,161.0,9.982000000000001,0.0,1012.88
2020-09-27 10:00:00,25.99444444444445,25.99444444444445,0.44,17.1787,170.0,9.982000000000001,0.0,1013.13
2020-09-27 11:00:00,28.766666666666666,28.099999999999998,0.37,17.2109,170.0,10.3523,0.0,1012.87
2020-09-27 12:00:00,31.016666666666666,29.922222222222224,0.32,23.2484,182.0,9.982000000000001,0.0,1012.35
2020-09-27 13:00:00,32.016666666666666,30.63888888888889,0.28,17.7422,201.0,9.982000000000001,0.0,1011.98
2020-09-27 14:00:00,31.805555555555557,30.238888888888894,0.26,22.137500000000003,217.0,10.3523,0.0,1011.77
2020-09-27 15:00:00,30.949999999999996,29.61111111111111,0.29,16.0839,229.0,9.982000000000001,0.0,1011.7
2020-09-27 16:00:00,30.04444444444444,28.855555555555554,0.31,13.1537,230.0,9.982000000000001,0.0,1011.77
2020-09-27 17:00:00,29.938888888888886,28.744444444444444,0.31,12.9122,229.0,10.3523,0.0,1011.76
2020-09-27 18:00:00,27.75555555555555,27.16666666666667,0.35,9.3702,231.0,9.982000000000001,0.0,1011.7
2020-09-27 19:00:00,23.96111111111111,23.96111111111111,0.48,7.840700000000001,194.0,9.982000000000001,0.0,1012.29
2020-09-27 20:00:00,23.894444444444446,23.894444444444446,0.48,10.368400000000001,227.0,10.3523,0.0,1013.22
2020-09-27 21:00:00,21.20555555555556,21.20555555555556,0.59,9.3702,200.0,9.982000000000001,0.0,1013.38
2020-09-27 22:00:00,22.17777777777778,22.17777777777778,0.57,10.7387,220.0,15.826300000000002,0.0,1014.18
2020-09-27 23:00:00,20.90555555555555,20.90555555555555,0.6,5.618900000000001,191.0,14.9569,0.0,1014.64
2020-09-28 00:00:00,20.533333333333328,20.533333333333328,0.63,10.432800000000002,171.0,15.826300000000002,0.0,1014.99
2020-09-28 01:00:00,19.633333333333336,19.633333333333336,0.67,3.9606000000000003,249.0,15.826300000000002,0.0,1015.3
2020-09-28 02:00:00,21.811111111111114,21.811111111111114,0.58,6.923,259.0,14.9569,0.0,1015.69
2020-09-28 03:00:00,20.98888888888889,20.98888888888889,0.63,6.6493,249.0,15.826300000000002,0.0,1015.92
2020-09-28 04:00:00,20.40555555555556,20.40555555555556,0.66,2.8658,233.0,15.826300000000002,0.0,1015.67
2020-09-28 05:00:00,19.75,19.75,0.68,24.230500000000003,310.0,10.0303,0.0,1016.8
2020-09-28 06:00:00,16.944444444444443,16.944444444444443,0.65,21.3486,330.0,10.0464,0.0,1018.82
2020-09-28 07:00:00,15.905555555555557,15.905555555555557,0.74,19.7869,339.0,11.270000000000001,0.0,1019.32
2020-09-28 08:00:00,15.011111111111113,15.011111111111113,0.86,5.2969,337.0,8.774500000000002,0.0,1020.24
2020-09-28 09:00:00,13.894444444444442,13.894444444444442,0.93,4.717300000000001,347.0,11.2056,0.0,1021.23
2020-09-28 10:00:00,14.011111111111111,14.011111111111111,0.92,4.6690000000000005,6.0,11.2056,0.0,1022.59
2020-09-28 11:00:00,14.17222222222222,14.17222222222222,0.92,2.7692,326.0,11.398800000000001,0.0,1022.9
2020-09-28 12:00:00,15.122222222222222,15.122222222222222,0.92,7.5187,192.0,11.2056,0.0,1022.7
2020-09-28 13:00:00,16.261111111111113,16.261111111111113,0.86,3.2039,261.0,11.2056,0.0,1022.41
2020-09-28 14:00:00,17.127777777777776,17.127777777777776,0.81,4.6368,275.0,11.0285,0.0,1022.08
2020-09-28 15:00:00,17.344444444444445,17.344444444444445,0.8,4.8783,248.0,11.2056,0.0,1021.79
2020-09-28 16:00:00,17.87777777777778,17.87777777777778,0.77,3.1717,254.0,11.2056,0.0,1021.3
2020-09-28 17:00:00,17.744444444444444,17.744444444444444,0.73,2.7853000000000003,245.0,11.398800000000001,0.0,1020.89
2020-09-28 18:00:00,17.25,17.25,0.8,7.647500000000001,200.0,9.982000000000001,0.0,1021.0
2020-09-28 19:00:00,16.13888888888889,16.13888888888889,0.86,4.7012,161.0,11.2056,0.0,1021.28
2020-09-28 20:00:00,15.144444444444442,15.144444444444442,0.92,2.8497000000000003,223.0,9.982000000000001,0.0,1021.17
2020-09-28 21:00:00,15.005555555555553,15.005555555555553,0.99,0.1449,220.0,9.982000000000001,0.0,1021.21
2020-09-28 22:00:00,15.005555555555553,15.005555555555553,0.96,3.22,290.0,15.826300000000002,0.0,1021.13
2020-09-28 23:00:00,14.938888888888888,14.938888888888888,0.96,1.7227000000000001,321.0,14.4095,0.0,1021.21
2020-09-29 00:00:00,14.938888888888888,14.938888888888888,0.96,6.44,250.0,15.826300000000002,0.0,1021.22
2020-09-29 01:00:00,14.405555555555557,14.405555555555557,0.96,3.2039,329.0,11.9784,0.0,1021.13
2020-09-29 02:00:00,14.238888888888889,14.238888888888889,0.95,2.8336,338.0,8.774500000000002,0.0,1020.84
2020-09-29 03:00:00,13.805555555555555,13.805555555555555,0.96,3.22,0.0,6.295100000000001,0.0,1020.63
2020-09-29 04:00:00,12.738888888888889,12.738888888888889,1.0,0.0,0.0,0.9177,0.0,1020.43
2020-09-29 05:00:00,12.355555555555558,12.355555555555558,0.99,3.2039,11.0,2.8497000000000003,0.0,1020.23
2020-09-29 06:00:00,12.13888888888889,12.13888888888889,1.0,0.0,0.0,0.8372,0.0,1020.21
2020-09-29 07:00:00,12.738888888888889,12.738888888888889,1.0,4.9105,120.0,2.1252000000000004,0.0,1020.11
2020-09-29 08:00:00,14.872222222222225,14.872222222222225,0.99,2.254,30.0,5.957000000000001,0.0,1020.24
2020-09-29 09:00:00,17.694444444444443,17.694444444444443,0.84,9.450700000000001,101.0,9.982000000000001,0.0,1020.3
2020-09-29 10:00:00,18.827777777777776,18.827777777777776,0.83,8.1305,130.0,9.982000000000001,0.0,1019.93
2020-09-29 11:00:00,19.90555555555555,19.90555555555555,0.78,4.5724,178.0,9.982000000000001,0.0,1020.03
2020-09-29 12:00:00,20.005555555555556,20.005555555555556,0.77,3.22,160.0,9.982000000000001,0.0,1019.7
2020-09-29 13:00:00,22.17777777777778,22.17777777777778,0.72,4.8944,127.0,9.982000000000001,0.0,1019.31
2020-09-29 14:00:00,22.461111111111116,22.461111111111116,0.71,4.459700000000001,96.0,10.3523,0.0,1018.77
2020-09-29 15:00:00,23.88888888888889,23.88888888888889,0.68,9.4024,104.0,9.982000000000001,0.0,1017.96
2020-09-29 16:00:00,23.916666666666668,23.916666666666668,0.68,10.787,122.0,9.982000000000001,0.0,1016.99
2020-09-29 17:00:00,24.133333333333333,24.133333333333333,0.67,8.3398,93.0,10.3523,0.0,1016.21
2020-09-29 18:00:00,22.199999999999996,22.199999999999996,0.76,7.615300000000001,74.0,9.982000000000001,0.0,1015.81
2020-09-29 19:00:00,20.0,20.0,0.87,2.9946,25.0,9.982000000000001,0.0,1015.8
2020-09-29 20:00:00,20.20555555555556,20.20555555555556,0.86,1.8515,58.0,9.982000000000001,0.0,1015.52
2020-09-29 21:00:00,19.88333333333334,19.88333333333334,0.88,4.83,130.0,9.982000000000001,0.0,1015.12
2020-09-29 22:00:00,20.34444444444445,20.34444444444445,0.82,6.2468,129.0,9.982000000000001,0.0,1015.14
2020-09-29 23:00:00,19.549999999999997,19.549999999999997,0.83,6.1019000000000005,140.0,8.420300000000001,0.0,1014.97
2020-09-30 00:00:00,20.34444444444445,20.34444444444445,0.75,5.2003,149.0,9.982000000000001,0.0,1014.58
2020-09-30 01:00:00,18.377777777777776,18.377777777777776,0.87,2.6565,212.0,9.982000000000001,0.0,1014.87
2020-09-30 02:00:00,19.111111111111114,19.111111111111114,0.83,4.9266000000000005,280.0,12.8317,0.0,1015.35
2020-09-30 03:00:00,17.266666666666666,17.266666666666666,0.93,2.2057,109.0,11.9784,0.0,1015.21
2020-09-30 04:00:00,19.305555555555557,19.305555555555557,0.82,9.837100000000001,119.0,14.9086,0.0,1014.41
2020-09-30 05:00:00,17.855555555555554,17.855555555555554,0.9,5.635000000000001,291.0,14.168000000000003,0.0,1015.42
2020-09-30 06:00:00,16.177777777777777,16.177777777777777,0.99,5.313,320.0,5.216400000000001,0.0,1015.87
2020-09-30 07:00:00,17.127777777777776,17.127777777777776,0.93,7.889000000000001,321.0,5.216400000000001,0.0,1016.37
2020-09-30 08:00:00,18.666666666666664,18.666666666666664,0.9,13.9587,330.0,7.1001,0.0,1017.17
2020-09-30 09:00:00,18.82222222222222,18.82222222222222,0.84,15.7458,339.0,10.0464,0.0,1017.9
2020-09-30 10:00:00,19.91111111111111,19.91111111111111,0.78,15.681400000000002,340.0,10.0464,0.0,1018.5
2020-09-30 11:00:00,22.150000000000002,22.150000000000002,0.72,16.4703,358.0,9.982000000000001,0.0,1018.84
2020-09-30 12:00:00,22.75555555555555,22.75555555555555,0.7,19.9157,350.0,9.982000000000001,0.0,1018.88
2020-09-30 13:00:00,24.88333333333334,24.88333333333334,0.62,16.711800000000004,10.0,9.982000000000001,0.0,1018.99
2020-09-30 14:00:00,24.90555555555555,24.90555555555555,0.58,12.2843,351.0,9.982000000000001,0.0,1018.92
2020-09-30 15:00:00,25.97222222222222,25.97222222222222,0.54,15.4721,350.0,9.982000000000001,0.0,1018.47
2020-09-30 16:00:00,25.949999999999996,25.949999999999996,0.54,13.7977,340.0,9.982000000000001,0.0,1018.18
2020-09-30 17:00:00,24.92777777777778,24.92777777777778,0.57,9.177000000000001,344.0,10.3523,0.0,1018.62
2020-09-30 18:00:00,22.733333333333334,22.733333333333334,0.7,9.209200000000001,342.0,9.982000000000001,0.0,1018.76
2020-09-30 19:00:00,22.10555555555556,22.10555555555556,0.67,15.117900000000002,1.0,9.982000000000001,0.0,1018.86
2020-09-30 20:00:00,21.15555555555555,21.15555555555555,0.68,13.3308,10.0,9.982000000000001,0.0,1019.02
2020-09-30 21:00:00,19.977777777777774,19.977777777777774,0.63,12.4292,32.0,9.982000000000001,0.0,1019.46
2020-09-30 22:00:00,19.422222222222217,19.422222222222217,0.65,10.867500000000001,32.0,14.9086,0.0,1019.78
2020-09-30 23:00:00,18.83888888888889,18.83888888888889,0.66,10.5294,39.0,14.9569,0.0,1020.01
2020-10-01 00:00:00,18.244444444444447,18.244444444444447,0.7,10.706500000000002,2.0,15.826300000000002,0.0,1019.96
2020-10-01 01:00:00,17.200000000000003,17.200000000000003,0.75,10.6743,10.0,15.826300000000002,0.0,1019.96
2020-10-01 02:00:00,17.21111111111111,17.21111111111111,0.75,6.601,353.0,14.9569,0.0,1020.11
2020-10-01 03:00:00,17.17222222222222,17.17222222222222,0.7,13.781600000000001,12.0,15.826300000000002,0.0,1019.52
2020-10-01 04:00:00,16.644444444444446,16.644444444444446,0.72,11.270000000000001,32.0,15.826300000000002,0.0,1018.85
2020-10-01 05:00:00,16.12777777777778,16.12777777777778,0.72,13.4757,33.0,14.9569,0.0,1018.61
2020-10-01 06:00:00,16.06666666666667,16.06666666666667,0.72,10.8997,40.0,9.982000000000001,0.0,1018.64
2020-10-01 07:00:00,15.972222222222221,15.972222222222221,0.81,7.647500000000001,320.0,11.2056,0.0,1018.83
2020-10-01 08:00:00,16.005555555555556,16.005555555555556,0.81,4.5724,343.0,9.982000000000001,0.0,1018.88
2020-10-01 09:00:00,17.127777777777776,17.127777777777776,0.72,9.450700000000001,11.0,10.0464,0.0,1019.03
2020-10-01 10:00:00,18.65555555555555,18.65555555555555,0.69,7.792400000000001,126.0,11.270000000000001,0.0,1018.83
2020-10-01 11:00:00,20.644444444444442,20.644444444444442,0.66,5.0071,104.0,10.0303,0.0,1018.96
2020-10-01 12:00:00,22.47222222222222,22.47222222222222,0.63,4.588500000000001,353.0,10.0464,0.0,1018.08
2020-10-01 13:00:00,22.12222222222222,22.12222222222222,0.64,8.6135,332.0,10.0464,0.0,1017.83
2020-10-01 14:00:00,24.15,24.15,0.6,7.3255,315.0,9.982000000000001,0.0,1017.42
2020-10-01 15:00:00,24.90555555555555,24.90555555555555,0.58,8.7262,351.0,9.982000000000001,0.0,1017.02
2020-10-01 16:00:00,24.90555555555555,24.90555555555555,0.62,10.0303,341.0,9.982000000000001,0.0,1016.34
2020-10-01 17:00:00,25.022222222222226,25.022222222222226,0.61,7.1001,339.0,9.982000000000001,0.0,1016.24
2020-10-01 18:00:00,22.70555555555556,22.70555555555556,0.71,4.6046000000000005,320.0,9.982000000000001,0.0,1016.32
2020-10-01 19:00:00,22.03333333333333,22.03333333333333,0.74,8.05,70.0,9.982000000000001,0.0,1016.5
2020-10-01 20:00:00,20.11666666666666,20.11666666666666,0.84,4.314800000000001,15.0,9.982000000000001,0.0,1016.1
2020-10-01 21:00:00,18.81666666666667,18.81666666666667,0.93,0.1449,0.0,9.982000000000001,0.0,1017.27
2020-10-01 22:00:00,19.327777777777783,19.327777777777783,0.9,3.3649,140.0,8.1949,0.0,1017.2
2020-10-01 23:00:00,19.07222222222222,19.07222222222222,0.92,6.0053,211.0,5.152000000000001,0.0,1017.9
2020-10-02 00:00:00,19.283333333333328,19.283333333333328,0.93,10.7548,140.0,5.1359,0.0,1017.51
2020-10-02 01:00:00,19.188888888888894,19.188888888888894,0.91,10.7548,120.0,6.9874,0.0,1016.99
2020-10-02 02:00:00,19.805555555555557,19.805555555555557,0.83,5.9409,185.0,8.227100000000002,0.0,1016.79
2020-10-02 03:00:00,21.25,21.25,0.71,16.840600000000002,150.0,14.731500000000002,0.0,1016.43
2020-10-02 04:00:00,20.21111111111111,20.21111111111111,0.73,16.7279,129.0,15.649200000000002,0.0,1015.56
2020-10-02 05:00:00,19.62222222222222,19.62222222222222,0.76,10.770900000000001,137.0,14.7637,0.0,1015.19
2020-10-02 06:00:00,18.67777777777778,18.67777777777778,0.85,16.2288,260.0,4.9105,0.0,1015.61
2020-10-02 07:00:00,17.733333333333334,17.733333333333334,0.97,4.314800000000001,38.0,10.980200000000002,0.0,1017.26
2020-10-02 08:00:00,17.83333333333333,17.83333333333333,0.96,13.636700000000001,38.0,6.5849,0.0,1017.02
2020-10-02 09:00:00,18.772222222222226,18.772222222222226,0.94,9.7405,200.0,9.6761,0.0,1016.09
2020-10-02 10:00:00,19.838888888888885,19.838888888888885,0.88,10.722600000000002,333.0,10.948,0.0,1016.15
2020-10-02 11:00:00,21.149999999999995,21.149999999999995,0.86,8.500800000000002,6.0,9.837100000000001,0.0,1016.34
2020-10-02 12:00:00,22.75555555555555,22.75555555555555,0.83,12.332600000000001,20.0,11.270000000000001,0.0,1016.3
2020-10-02 13:00:00,23.79444444444444,23.79444444444444,0.74,16.4703,49.0,11.270000000000001,0.0,1015.22
2020-10-02 14:00:00,23.905555555555555,23.905555555555555,0.68,14.8925,51.0,10.4006,0.0,1014.49
2020-10-02 15:00:00,23.688888888888886,23.688888888888886,0.67,13.4435,58.0,10.0464,0.0,1014.0
2020-10-02 16:00:00,23.666666666666664,23.666666666666664,0.7,8.1788,19.0,11.270000000000001,0.0,1013.8
2020-10-02 17:00:00,19.00555555555555,19.00555555555555,0.85,28.2555,278.0,1.5939,0.0,1013.77
2020-10-02 18:00:00,17.083333333333332,17.083333333333332,0.94,10.5616,337.0,10.8192,0.0,1014.65
2020-10-02 19:00:00,16.08888888888889,16.08888888888889,1.0,10.787,359.0,10.980200000000002,0.0,1014.65
2020-10-02 20:00:00,16.105555555555558,16.105555555555558,0.99,3.1234,326.0,11.0768,0.0,1015.19
2020-10-02 21:00:00,15.027777777777779,15.027777777777779,1.0,4.8622000000000005,241.0,9.9015,0.0,1015.36
2020-10-02 22:00:00,15.027777777777779,15.027777777777779,1.0,13.5884,231.0,8.05,0.0,1015.87
2020-10-02 23:00:00,15.027777777777779,15.027777777777779,0.97,13.1376,252.0,8.1466,0.0,1016.14
2020-10-03 00:00:00,15.466666666666669,15.466666666666669,1.0,19.8996,261.0,4.4919,0.0,1016.16
2020-10-03 01:00:00,14.955555555555557,14.955555555555557,1.0,16.985500000000002,271.0,4.4919,0.0,1016.53
2020-10-03 02:00:00,14.372222222222222,14.372222222222222,0.97,7.0357,260.0,4.83,0.0,1017.04
2020-10-03 03:00:00,14.355555555555558,14.355555555555558,0.96,14.0714,241.0,4.4436,0.0,1016.91
2020-10-03 04:00:00,13.777777777777777,13.777777777777777,0.96,14.0875,232.0,4.0733,0.0,1017.01
2020-10-03 05:00:00,13.32777777777778,13.32777777777778,0.96,10.6743,250.0,4.4758,0.0,1017.27
2020-10-03 06:00:00,12.666666666666664,12.666666666666664,1.0,12.960500000000001,260.0,9.7566,0.0,1017.23
2020-10-03 07:00:00,12.644444444444442,12.644444444444442,0.96,9.6117,250.0,8.05,0.0,1017.23
2020-10-03 08:00:00,13.755555555555553,13.755555555555553,0.91,8.9838,234.0,9.499,0.0,1017.7
2020-10-03 09:00:00,15.972222222222221,15.972222222222221,0.79,12.6385,261.0,9.982000000000001,0.0,1018.11
2020-10-03 10:00:00,17.200000000000003,17.200000000000003,0.72,12.960500000000001,252.0,9.982000000000001,0.0,1018.49
2020-10-03 11:00:00,18.766666666666666,18.766666666666666,0.67,12.6868,255.0,11.0285,0.0,1018.8
2020-10-03 12:00:00,19.92777777777778,19.92777777777778,0.63,16.325400000000002,280.0,11.270000000000001,0.0,1018.78
2020-10-03 13:00:00,21.06111111111111,21.06111111111111,0.53,20.5436,271.0,11.270000000000001,0.0,1018.4
2020-10-03 14:00:00,21.100000000000005,21.100000000000005,0.57,21.847700000000003,281.0,11.398800000000001,0.0,1017.97
2020-10-03 15:00:00,21.15555555555555,21.15555555555555,0.56,23.312800000000003,280.0,11.2056,0.0,1017.6
2020-10-03 16:00:00,20.07222222222222,20.07222222222222,0.56,15.778000000000002,270.0,11.2056,0.0,1017.22
2020-10-03 17:00:00,20.166666666666668,20.166666666666668,0.54,13.4757,276.0,11.398800000000001,0.0,1017.19
2020-10-03 18:00:00,17.84444444444445,17.84444444444445,0.69,7.792400000000001,270.0,11.2056,0.0,1017.21
2020-10-03 19:00:00,15.994444444444444,15.994444444444444,0.78,3.22,280.0,9.982000000000001,0.0,1017.42
2020-10-03 20:00:00,14.061111111111112,14.061111111111112,0.83,4.2987,254.0,9.982000000000001,0.0,1017.94
2020-10-03 21:00:00,13.75,13.75,0.9,3.1073,223.0,9.982000000000001,0.0,1018.22
2020-10-03 22:00:00,13.177777777777777,13.177777777777777,0.9,3.1717,232.0,15.826300000000002,0.0,1018.42
2020-10-03 23:00:00,12.088888888888887,12.088888888888887,0.94,3.0429,207.0,14.9569,0.0,1018.52
2020-10-04 00:00:00,11.511111111111111,11.511111111111111,0.96,3.059,203.0,11.9784,0.0,1018.53
2020-10-04 01:00:00,10.933333333333334,10.933333333333334,0.96,3.1878,215.0,8.1305,0.0,1018.82
2020-10-04 02:00:00,10.633333333333333,10.633333333333333,0.99,3.0751,215.0,6.8425,0.0,1018.85
2020-10-04 03:00:00,9.333333333333332,9.333333333333332,1.0,3.22,300.0,6.295100000000001,0.0,1018.52
2020-10-04 04:00:00,9.283333333333335,9.283333333333335,0.96,3.1878,242.0,6.295100000000001,0.0,1018.24
2020-10-04 05:00:00,8.900000000000002,8.900000000000002,1.0,3.6547,275.0,6.488300000000001,0.0,1018.23
2020-10-04 06:00:00,7.222222222222222,7.222222222222222,1.0,0.2898,290.0,5.0393,0.0,1018.23
2020-10-04 07:00:00,8.733333333333333,8.733333333333333,1.0,1.4973,185.0,1.6583,0.0,1018.33
2020-10-04 08:00:00,11.75,11.75,0.94,1.9642000000000002,160.0,5.7477,0.0,1018.39
2020-10-04 09:00:00,14.822222222222223,14.822222222222223,0.84,3.22,20.0,8.1305,0.0,1018.42
2020-10-04 10:00:00,17.66111111111111,17.66111111111111,0.71,3.1878,12.0,9.982000000000001,0.0,1018.41
2020-10-04 11:00:00,19.755555555555556,19.755555555555556,0.59,2.6565,355.0,10.0303,0.0,1018.35
2020-10-04 12:00:00,21.03888888888889,21.03888888888889,0.57,4.2987,217.0,11.2056,0.0,1018.02
2020-10-04 13:00:00,22.150000000000002,22.150000000000002,0.49,3.0107000000000004,46.0,11.2056,0.0,1017.51
2020-10-04 14:00:00,22.727777777777774,22.727777777777774,0.43,2.737,146.0,11.398800000000001,0.0,1016.67
2020-10-04 15:00:00,22.77777777777778,22.77777777777778,0.44,0.4025,140.0,11.2056,0.0,1015.89
2020-10-04 16:00:00,22.77777777777778,22.77777777777778,0.38,3.3327,152.0,9.982000000000001,0.0,1015.21
2020-10-04 17:00:00,22.77777777777778,22.77777777777778,0.38,0.27370000000000005,164.0,10.3523,0.0,1014.95
2020-10-04 18:00:00,17.88888888888889,17.88888888888889,0.65,3.3327,63.0,9.982000000000001,0.0,1014.6
2020-10-04 19:00:00,15.072222222222223,15.072222222222223,0.78,4.7495,90.0,9.982000000000001,0.0,1014.88
2020-10-04 20:00:00,14.11111111111111,14.11111111111111,0.87,1.8193,130.0,10.3523,0.0,1014.95
2020-10-04 21:00:00,13.77222222222222,13.77222222222222,0.9,3.22,140.0,9.982000000000001,0.0,1015.2
2020-10-04 22:00:00,12.711111111111112,12.711111111111112,0.93,3.22,140.0,14.812,0.0,1015.41
2020-10-04 23:00:00,12.283333333333333,12.283333333333333,0.93,3.1395,133.0,14.168000000000003,0.0,1015.49
2020-10-05 00:00:00,11.738888888888889,11.738888888888889,0.93,3.2683,189.0,14.9086,0.0,1015.62
2020-10-05 01:00:00,12.733333333333334,12.733333333333334,0.87,3.0751,200.0,14.9086,0.0,1016.31
2020-10-05 02:00:00,12.96111111111111,12.96111111111111,0.86,2.9624,204.0,11.7369,0.0,1016.76
2020-10-05 03:00:00,12.761111111111111,12.761111111111111,0.9,5.8443000000000005,176.0,12.042800000000002,0.0,1016.84
2020-10-05 04:00:00,12.805555555555554,12.805555555555554,0.93,6.295100000000001,249.0,11.9784,0.0,1017.17
2020-10-05 05:00:00,13.916666666666664,13.916666666666664,0.8,13.1859,313.0,14.168000000000003,0.0,1017.75
2020-10-05 06:00:00,12.777777777777779,12.777777777777779,0.82,15.826300000000002,320.0,9.982000000000001,0.0,1018.38
2020-10-05 07:00:00,12.705555555555556,12.705555555555556,0.77,14.457800000000002,310.0,9.982000000000001,0.0,1019.17
2020-10-05 08:00:00,12.799999999999999,12.799999999999999,0.72,9.434600000000001,314.0,9.982000000000001,0.0,1019.91
2020-10-05 09:00:00,14.933333333333334,14.933333333333334,0.6,23.0391,320.0,9.982000000000001,0.0,1020.46
2020-10-05 10:00:00,17.061111111111114,17.061111111111114,0.42,21.847700000000003,330.0,9.982000000000001,0.0,1021.16
2020-10-05 11:00:00,17.650000000000002,17.650000000000002,0.4,16.6474,329.0,10.3523,0.0,1021.65
2020-10-05 12:00:00,18.79444444444444,18.79444444444444,0.34,14.1358,319.0,9.982000000000001,0.0,1021.75
2020-10-05 13:00:00,19.86111111111111,19.86111111111111,0.32,12.525800000000002,311.0,9.982000000000001,0.0,1021.65
2020-10-05 14:00:00,20.07222222222222,20.07222222222222,0.27,9.1287,306.0,10.3523,0.0,1021.37
2020-10-05 15:00:00,21.016666666666666,21.016666666666666,0.26,4.7334000000000005,247.0,9.982000000000001,0.0,1020.94
2020-10-05 16:00:00,20.99444444444445,20.99444444444445,0.25,7.953400000000001,279.0,9.982000000000001,0.0,1020.82
2020-10-05 17:00:00,20.083333333333336,20.083333333333336,0.31,8.790600000000001,289.0,10.3523,0.0,1020.78
2020-10-05 18:00:00,17.727777777777774,17.727777777777774,0.41,3.0912,246.0,9.982000000000001,0.0,1021.0
2020-10-05 19:00:00,13.88888888888889,13.88888888888889,0.64,1.8837,191.0,9.982000000000001,0.0,1021.1
2020-10-05 20:00:00,12.866666666666665,12.866666666666665,0.7,3.22,184.0,9.982000000000001,0.0,1021.25
2020-10-05 21:00:00,12.155555555555557,12.155555555555557,0.73,7.502600000000001,190.0,9.982000000000001,0.0,1021.01
2020-10-05 22:00:00,12.616666666666667,12.616666666666667,0.67,6.44,170.0,15.826300000000002,0.0,1020.92
2020-10-05 23:00:00,11.361111111111112,11.361111111111112,0.74,6.1824,170.0,14.9569,0.0,1021.41
2020-10-06 00:00:00,9.961111111111112,9.961111111111112,0.83,3.2361,154.0,15.826300000000002,0.0,1021.4
2020-10-06 01:00:00,9.355555555555558,7.744444444444444,0.81,10.7548,170.0,15.826300000000002,0.0,1021.09
2020-10-06 02:00:00,8.633333333333333,8.633333333333333,0.88,3.2844,77.0,15.504300000000002,0.0,1021.15
2020-10-06 03:00:00,8.800000000000002,8.800000000000002,0.78,3.3005,123.0,15.826300000000002,0.0,1021.1
2020-10-06 04:00:00,7.222222222222222,7.222222222222222,0.87,3.1556,102.0,15.826300000000002,0.0,1020.98
2020-10-06 05:00:00,7.316666666666667,7.316666666666667,0.87,3.0912,108.0,14.9569,0.0,1020.83
2020-10-06 06:00:00,7.711111111111112,7.711111111111112,0.78,4.8139,129.0,9.982000000000001,0.0,1021.0
2020-10-06 07:00:00,7.200000000000001,5.805555555555557,0.8,7.728,130.0,6.295100000000001,0.0,1021.09
2020-10-06 08:00:00,10.627777777777778,10.627777777777778,0.79,9.321900000000001,128.0,9.6278,0.0,1021.17
2020-10-06 09:00:00,13.822222222222223,13.822222222222223,0.65,7.5992,160.0,9.982000000000001,0.0,1020.9
2020-10-06 10:00:00,17.200000000000003,17.200000000000003,0.52,8.0983,161.0,9.982000000000001,0.0,1020.7
2020-10-06 11:00:00,19.916666666666664,19.916666666666664,0.44,9.434600000000001,160.0,9.450700000000001,0.0,1020.5
2020-10-06 12:00:00,22.71111111111111,22.71111111111111,0.37,7.856800000000001,162.0,9.982000000000001,0.0,1020.1
2020-10-06 13:00:00,23.83888888888889,23.83888888888889,0.38,7.905100000000001,181.0,9.982000000000001,0.0,1019.5
2020-10-06 14:00:00,24.922222222222224,24.922222222222224,0.38,9.3702,189.0,9.982000000000001,0.0,1018.75
2020-10-06 15:00:00,25.97222222222222,25.97222222222222,0.34,9.3541,181.0,9.982000000000001,0.0,1018.1
2020-10-06 16:00:00,25.97222222222222,25.97222222222222,0.34,12.2199,200.0,9.982000000000001,0.0,1017.31
2020-10-06 17:00:00,23.96111111111111,23.96111111111111,0.43,5.216400000000001,190.0,9.982000000000001,0.0,1016.84
2020-10-06 18:00:00,21.083333333333332,21.083333333333332,0.53,3.0751,263.0,9.982000000000001,0.0,1016.42
2020-10-06 19:00:00,17.22222222222222,17.22222222222222,0.72,4.347,162.0,9.982000000000001,0.0,1016.7
2020-10-06 20:00:00,16.01111111111111,16.01111111111111,0.77,3.0751,181.0,9.982000000000001,0.0,1016.85
2020-10-06 21:00:00,14.86111111111111,14.86111111111111,0.79,4.83,180.0,9.982000000000001,0.0,1016.73
2020-10-06 22:00:00,14.36111111111111,14.36111111111111,0.81,3.22,180.0,14.9086,0.0,1016.92
2020-10-06 23:00:00,14.038888888888891,14.038888888888891,0.83,3.2039,184.0,14.168000000000003,0.0,1016.89
2020-10-07 00:00:00,13.222222222222221,13.222222222222221,0.81,6.262900000000001,161.0,14.9086,0.0,1016.69
2020-10-07 01:00:00,13.272222222222222,13.272222222222222,0.84,6.4078,171.0,14.9086,0.0,1016.39
2020-10-07 02:00:00,13.072222222222223,13.072222222222223,0.83,5.7155000000000005,181.0,14.168000000000003,0.0,1016.08
2020-10-07 03:00:00,12.272222222222224,12.272222222222224,0.87,6.3756,192.0,14.9086,0.0,1015.59
2020-10-07 04:00:00,11.738888888888889,11.738888888888889,0.9,6.4561,202.0,14.9086,0.0,1015.19
2020-10-07 05:00:00,12.166666666666666,12.166666666666666,0.92,10.642100000000001,241.0,13.8138,0.0,1015.22
2020-10-07 06:00:00,13.666666666666666,13.666666666666666,0.91,13.9909,201.0,9.982000000000001,0.0,1014.7
2020-10-07 07:00:00,12.13888888888889,12.13888888888889,0.94,1.6422,224.0,9.9015,0.0,1014.31
2020-10-07 08:00:00,14.794444444444444,14.794444444444444,0.87,7.921200000000001,209.0,9.5473,0.0,1014.4
2020-10-07 09:00:00,16.97222222222222,16.97222222222222,0.82,4.6851,192.0,9.853200000000001,0.0,1013.94
2020-10-07 10:00:00,17.616666666666667,17.616666666666667,0.79,7.6796999999999995,204.0,9.9015,0.0,1013.81
2020-10-07 11:00:00,18.788888888888884,18.788888888888884,0.74,11.125100000000002,227.0,9.982000000000001,0.0,1013.6
2020-10-07 12:00:00,18.81666666666667,18.81666666666667,0.73,7.486500000000001,210.0,9.982000000000001,0.0,1012.88
2020-10-07 13:00:00,19.92777777777778,19.92777777777778,0.69,9.1287,230.0,9.982000000000001,0.0,1012.12
2020-10-07 14:00:00,20.172222222222224,20.172222222222224,0.67,13.846,241.0,9.982000000000001,0.0,1011.58
2020-10-07 15:00:00,21.17777777777778,21.17777777777778,0.59,9.3702,219.0,9.982000000000001,0.0,1010.77
2020-10-07 16:00:00,22.75555555555555,22.75555555555555,0.57,12.203800000000001,220.0,9.982000000000001,0.0,1009.49
2020-10-07 17:00:00,22.061111111111106,22.061111111111106,0.55,12.5419,239.0,10.4006,0.0,1009.06
2020-10-07 18:00:00,18.905555555555555,18.905555555555555,0.69,9.1126,200.0,11.270000000000001,0.0,1008.67
2020-10-07 19:00:00,17.82222222222222,17.82222222222222,0.73,10.6743,201.0,11.270000000000001,0.0,1008.48
2020-10-07 20:00:00,17.438888888888886,17.438888888888886,0.78,22.5561,279.0,3.4937,0.0,1008.23
2020-10-07 21:00:00,14.83888888888889,14.83888888888889,0.84,30.1714,301.0,11.270000000000001,0.0,1009.82
2020-10-07 22:00:00,12.127777777777776,12.127777777777776,0.86,38.688300000000005,291.0,5.2808,0.0,1011.26
2020-10-07 23:00:00,11.616666666666665,11.616666666666665,0.85,32.4254,301.0,14.9569,0.0,1012.81
2020-10-08 00:00:00,10.972222222222221,10.972222222222221,0.77,31.427200000000003,301.0,15.826300000000002,0.0,1013.75
2020-10-08 01:00:00,9.422222222222224,5.550000000000001,0.8,34.293000000000006,301.0,15.874600000000001,0.0,1015.05
2020-10-08 02:00:00,9.422222222222224,5.811111111111112,0.77,30.3968,311.0,15.005200000000002,0.0,1016.86
2020-10-08 03:00:00,9.372222222222222,6.155555555555555,0.75,24.906700000000004,309.0,15.826300000000002,0.0,1017.96
2020-10-08 04:00:00,9.327777777777776,6.522222222222223,0.75,20.1733,300.0,15.826300000000002,0.0,1018.57
2020-10-08 05:00:00,8.32777777777778,5.711111111111112,0.83,16.180500000000002,309.0,14.9569,0.0,1019.32
2020-10-08 06:00:00,7.222222222222222,4.794444444444446,0.86,13.041,281.0,9.982000000000001,0.0,1019.65
2020-10-08 07:00:00,7.161111111111111,5.222222222222221,0.87,10.143,254.0,9.982000000000001,0.0,1020.03
2020-10-08 08:00:00,7.788888888888891,5.827777777777779,0.89,10.9641,264.0,9.982000000000001,0.0,1020.4
2020-10-08 09:00:00,11.08888888888889,11.08888888888889,0.71,14.9247,300.0,10.0464,0.0,1020.63
2020-10-08 10:00:00,12.733333333333334,12.733333333333334,0.68,22.7493,319.0,11.270000000000001,0.0,1020.93
2020-10-08 11:00:00,13.766666666666667,13.766666666666667,0.55,22.7493,313.0,11.4471,0.0,1020.79
2020-10-08 12:00:00,13.933333333333332,13.933333333333332,0.58,26.7743,301.0,11.270000000000001,0.0,1020.44
2020-10-08 13:00:00,14.949999999999998,14.949999999999998,0.44,23.8441,310.0,11.270000000000001,0.0,1020.34
2020-10-08 14:00:00,14.922222222222224,14.922222222222224,0.46,21.896,305.0,10.4006,0.0,1019.92
2020-10-08 15:00:00,14.927777777777777,14.927777777777777,0.47,24.633000000000003,302.0,11.2056,0.0,1019.35
2020-10-08 16:00:00,14.905555555555553,14.905555555555553,0.5,24.906700000000004,291.0,11.2056,0.0,1019.15
2020-10-08 17:00:00,13.005555555555553,13.005555555555553,0.55,13.846,285.0,11.398800000000001,0.0,1019.13
2020-10-08 18:00:00,12.216666666666669,12.216666666666669,0.56,10.8031,301.0,11.2056,0.0,1019.02
2020-10-08 19:00:00,8.866666666666667,8.516666666666666,0.71,4.8944,261.0,9.982000000000001,0.0,1019.43
2020-10-08 20:00:00,7.799999999999999,7.799999999999999,0.75,4.7334000000000005,275.0,9.982000000000001,0.0,1019.78
2020-10-08 21:00:00,7.044444444444444,5.216666666666667,0.74,9.499,261.0,9.982000000000001,0.0,1019.73
2020-10-08 22:00:00,6.050000000000001,4.811111111111109,0.82,6.44,270.0,15.826300000000002,0.0,1019.6
2020-10-08 23:00:00,5.38888888888889,5.38888888888889,0.87,3.0751,221.0,14.9569,0.0,1019.42
2020-10-09 00:00:00,5.377777777777777,5.377777777777777,0.86,3.1073,213.0,15.826300000000002,0.0,1018.92
2020-10-09 01:00:00,4.288888888888888,2.866666666666665,0.89,6.1502,193.0,15.826300000000002,0.0,1018.81
2020-10-09 02:00:00,3.9055555555555563,1.4888888888888887,0.92,9.4829,221.0,15.504300000000002,0.0,1018.59
2020-10-09 03:00:00,3.199999999999999,3.199999999999999,0.92,3.0751,170.0,15.826300000000002,0.0,1017.92
2020-10-09 04:00:00,3.2222222222222205,3.2222222222222205,0.92,3.1717,158.0,15.826300000000002,0.0,1017.21
2020-10-09 05:00:00,2.7999999999999994,1.1833333333333347,0.96,6.0697,159.0,14.4095,0.0,1016.88
2020-10-09 06:00:00,2.688888888888891,0.4888888888888903,1.0,7.824600000000001,169.0,11.270000000000001,0.0,1016.3
2020-10-09 07:00:00,2.688888888888891,2.688888888888891,0.96,4.5563,149.0,11.2056,0.0,1015.89
2020-10-09 08:00:00,4.894444444444446,3.1444444444444426,0.93,7.567000000000001,169.0,9.450700000000001,0.0,1015.85
2020-10-09 09:00:00,7.783333333333331,5.555555555555555,0.83,12.525800000000002,161.0,9.982000000000001,0.0,1015.67
2020-10-09 10:00:00,12.200000000000001,12.200000000000001,0.65,15.584800000000001,161.0,9.982000000000001,0.0,1015.17
2020-10-09 11:00:00,14.766666666666664,14.766666666666664,0.5,15.536500000000002,163.0,10.3523,0.0,1014.97
2020-10-09 12:00:00,15.02222222222222,15.02222222222222,0.47,20.286,151.0,9.982000000000001,0.0,1014.16
2020-10-09 13:00:00,16.133333333333333,16.133333333333333,0.41,17.436300000000003,170.0,9.982000000000001,0.0,1013.07
2020-10-09 14:00:00,17.1,17.1,0.36,16.5669,179.0,10.3523,0.0,1012.33
2020-10-09 15:00:00,17.15,17.15,0.37,14.2807,152.0,9.982000000000001,0.0,1011.68
2020-10-09 16:00:00,17.17777777777778,17.17777777777778,0.37,12.5419,162.0,9.982000000000001,0.0,1011.27
2020-10-09 17:00:00,16.16111111111111,16.16111111111111,0.38,11.431000000000001,171.0,10.3523,0.0,1010.88
2020-10-09 18:00:00,13.933333333333332,13.933333333333332,0.45,9.4829,161.0,9.982000000000001,0.0,1010.98
2020-10-09 19:00:00,12.194444444444446,12.194444444444446,0.58,9.2253,140.0,9.982000000000001,0.0,1010.91
2020-10-09 20:00:00,11.199999999999998,11.199999999999998,0.64,3.3649,113.0,9.982000000000001,0.0,1011.08
2020-10-09 21:00:00,8.894444444444442,8.894444444444442,0.77,0.1449,220.0,9.982000000000001,0.0,1011.32
2020-10-09 22:00:00,9.749999999999998,9.133333333333333,0.73,6.2468,151.0,15.826300000000002,0.0,1011.44
2020-10-09 23:00:00,9.227777777777778,9.227777777777778,0.73,3.4293,169.0,14.9569,0.0,1011.59
2020-10-10 00:00:00,7.66111111111111,7.66111111111111,0.87,3.22,210.0,15.826300000000002,0.0,1011.65
2020-10-10 01:00:00,7.155555555555556,6.0888888888888895,0.86,6.44,290.0,15.826300000000002,0.0,1011.75
2020-10-10 02:00:00,7.11111111111111,7.11111111111111,0.86,3.0912,320.0,14.9569,0.0,1011.94
2020-10-10 03:00:00,6.583333333333334,6.583333333333334,0.89,3.1234,21.0,15.826300000000002,0.0,1011.84
2020-10-10 04:00:00,5.538888888888888,2.511111111111113,0.96,14.49,300.0,15.826300000000002,0.0,1012.23
2020-10-10 05:00:00,5.0666666666666655,5.0666666666666655,0.94,3.1556,276.0,14.9569,0.0,1012.56
2020-10-10 06:00:00,6.205555555555557,5.46111111111111,0.93,5.0071,290.0,9.982000000000001,0.0,1012.55
2020-10-10 07:00:00,7.622222222222222,7.11111111111111,0.89,4.8783,289.0,11.2056,0.0,1012.86
2020-10-10 08:00:00,9.566666666666666,9.566666666666666,0.84,4.5563,317.0,11.0285,0.0,1013.5
2020-10-10 09:00:00,11.994444444444447,11.994444444444447,0.73,15.0535,329.0,11.2056,0.0,1013.78
2020-10-10 10:00:00,12.66111111111111,12.66111111111111,0.64,13.636700000000001,311.0,9.982000000000001,0.0,1014.08
2020-10-10 11:00:00,14.549999999999999,14.549999999999999,0.52,14.6349,312.0,10.3523,0.0,1014.18
2020-10-10 12:00:00,15.883333333333335,15.883333333333335,0.42,16.438100000000002,310.0,10.0464,0.0,1013.97
2020-10-10 13:00:00,15.88888888888889,15.88888888888889,0.45,13.507900000000001,309.0,10.0464,0.0,1013.69
2020-10-10 14:00:00,15.988888888888889,15.988888888888889,0.41,12.2521,298.0,10.3523,0.0,1013.68
2020-10-10 15:00:00,15.91111111111111,15.91111111111111,0.42,12.075000000000001,290.0,9.982000000000001,0.0,1013.26
2020-10-10 16:00:00,15.86111111111111,15.86111111111111,0.4,12.042800000000002,300.0,9.982000000000001,0.0,1013.24
2020-10-10 17:00:00,14.733333333333336,14.733333333333336,0.45,7.9373000000000005,296.0,10.3523,0.0,1013.09
2020-10-10 18:00:00,13.733333333333333,13.733333333333333,0.56,7.8084999999999996,271.0,9.982000000000001,0.0,1012.93
2020-10-10 19:00:00,12.666666666666664,12.666666666666664,0.64,7.969500000000001,280.0,9.982000000000001,0.0,1012.74
2020-10-10 20:00:00,11.194444444444445,11.194444444444445,0.76,9.7888,308.0,11.0768,0.0,1013.15
2020-10-10 21:00:00,10.050000000000002,10.050000000000002,0.86,12.4292,290.0,11.270000000000001,0.0,1013.64
2020-10-10 22:00:00,9.933333333333334,8.411111111111111,0.93,10.9158,290.0,8.1949,0.0,1014.32
2020-10-10 23:00:00,9.33888888888889,7.322222222222223,0.93,13.4274,314.0,7.8729,0.0,1014.51
2020-10-11 00:00:00,8.866666666666667,7.194444444444446,0.96,10.5616,329.0,5.1359,0.0,1014.8
2020-10-11 01:00:00,8.866666666666667,8.122222222222222,0.96,6.2146,326.0,5.1359,0.0,1014.51
2020-10-11 02:00:00,8.827777777777778,7.9944444444444445,0.96,6.5366,332.0,6.7781,0.0,1014.6
2020-10-11 03:00:00,8.816666666666666,8.816666666666666,0.96,3.5903,280.0,6.166300000000001,0.0,1014.23
2020-10-11 04:00:00,8.744444444444447,8.744444444444447,0.96,3.5742000000000007,271.0,6.0697,0.0,1014.34
2020-10-11 05:00:00,8.705555555555556,7.938888888888887,0.97,6.2146,287.0,5.7799000000000005,0.0,1014.67
2020-10-11 06:00:00,7.6333333333333355,7.066666666666666,1.0,5.055400000000001,273.0,4.1699,0.0,1014.75
2020-10-11 07:00:00,7.055555555555557,6.388888888888889,1.0,5.119800000000001,281.0,4.2021,0.0,1015.24
2020-10-11 08:00:00,7.783333333333331,6.155555555555555,0.99,9.2253,282.0,8.774500000000002,0.0,1015.69
2020-10-11 09:00:00,9.883333333333333,8.350000000000001,0.84,10.948,300.0,9.982000000000001,0.0,1015.94
2020-10-11 10:00:00,12.155555555555557,12.155555555555557,0.72,14.007,309.0,9.982000000000001,0.0,1016.04
2020-10-11 11:00:00,12.761111111111111,12.761111111111111,0.63,13.379100000000001,320.0,10.3523,0.0,1016.2
2020-10-11 12:00:00,13.88888888888889,13.88888888888889,0.48,17.066,300.0,11.270000000000001,0.0,1015.95
2020-10-11 13:00:00,15.0,15.0,0.51,14.1841,310.0,11.2056,0.0,1015.72
2020-10-11 14:00:00,15.016666666666667,15.016666666666667,0.49,15.166200000000002,294.0,11.398800000000001,0.0,1015.41
2020-10-11 15:00:00,15.044444444444443,15.044444444444443,0.42,15.713600000000001,299.0,9.982000000000001,0.0,1015.13
2020-10-11 16:00:00,14.972222222222221,14.972222222222221,0.47,17.066,309.0,11.2056,0.0,1015.02
2020-10-11 17:00:00,14.066666666666666,14.066666666666666,0.49,13.3952,318.0,11.398800000000001,0.0,1015.19
2020-10-11 18:00:00,11.11111111111111,11.11111111111111,0.66,7.824600000000001,270.0,9.982000000000001,0.0,1015.11
2020-10-11 19:00:00,8.816666666666666,8.816666666666666,0.83,1.5295,240.0,9.982000000000001,0.0,1015.6
2020-10-11 20:00:00,7.8666666666666645,7.8666666666666645,0.83,0.22540000000000004,270.0,9.982000000000001,0.0,1015.86
2020-10-11 21:00:00,6.15,6.15,0.93,3.22,120.0,9.982000000000001,0.0,1016.1
2020-10-11 22:00:00,6.705555555555556,6.705555555555556,0.93,3.22,140.0,15.826300000000002,0.0,1016.2
2020-10-11 23:00:00,6.322222222222224,6.322222222222224,0.96,2.2862,172.0,14.9569,0.0,1016.31
2020-10-12 00:00:00,6.155555555555555,6.155555555555555,0.93,3.0751,147.0,15.826300000000002,0.0,1016.01
2020-10-12 01:00:00,5.644444444444442,5.644444444444442,0.96,3.22,110.0,15.826300000000002,0.0,1015.89
2020-10-12 02:00:00,5.955555555555555,5.955555555555555,0.94,2.9785000000000004,143.0,14.9569,0.0,1015.64
2020-10-12 03:00:00,6.227777777777778,5.094444444444445,0.93,6.1824,139.0,15.826300000000002,0.0,1015.11
2020-10-12 04:00:00,6.688888888888888,6.688888888888888,0.89,0.0,0.0,15.826300000000002,0.0,1014.9
2020-10-12 05:00:00,6.788888888888888,6.788888888888888,0.96,3.1556,75.0,14.3773,0.0,1014.65
2020-10-12 06:00:00,7.777777777777778,7.777777777777778,0.89,4.717300000000001,89.0,9.982000000000001,0.0,1014.42
2020-10-12 07:00:00,7.666666666666665,7.666666666666665,0.96,4.7656,87.0,5.216400000000001,0.0,1014.71
2020-10-12 08:00:00,8.572222222222223,8.572222222222223,0.94,3.3971,97.0,5.184200000000001,0.0,1014.86
2020-10-12 09:00:00,9.97777777777778,9.97777777777778,0.92,4.6046000000000005,126.0,4.7495,0.0,1014.91
2020-10-12 10:00:00,12.266666666666666,12.266666666666666,0.79,10.835300000000002,98.0,6.295100000000001,0.0,1014.9
2020-10-12 11:00:00,13.850000000000001,13.850000000000001,0.67,12.525800000000002,98.0,9.982000000000001,0.0,1014.92
2020-10-12 12:00:00,15.044444444444443,15.044444444444443,0.59,11.157300000000001,81.0,9.982000000000001,0.0,1014.92
2020-10-12 13:00:00,16.177777777777777,16.177777777777777,0.55,14.0553,62.0,9.982000000000001,0.0,1014.42
2020-10-12 14:00:00,16.194444444444443,16.194444444444443,0.48,11.559800000000001,90.0,10.3523,0.0,1014.05
2020-10-12 15:00:00,17.15,17.15,0.44,15.439900000000002,61.0,9.982000000000001,0.0,1013.32
2020-10-12 16:00:00,16.038888888888888,16.038888888888888,0.48,12.397,71.0,9.982000000000001,0.0,1013.03
2020-10-12 17:00:00,15.905555555555557,15.905555555555557,0.49,5.184200000000001,65.0,9.982000000000001,0.0,1012.95
2020-10-12 18:00:00,14.86111111111111,14.86111111111111,0.6,5.119800000000001,31.0,9.982000000000001,0.0,1013.05
2020-10-12 19:00:00,13.794444444444444,13.794444444444444,0.6,9.66,22.0,11.2056,0.0,1013.25
2020-10-12 20:00:00,12.938888888888888,12.938888888888888,0.67,10.4006,24.0,9.982000000000001,0.0,1013.14
2020-10-12 21:00:00,12.733333333333334,12.733333333333334,0.64,10.6904,29.0,11.2056,0.0,1012.97
2020-10-12 22:00:00,12.68888888888889,12.68888888888889,0.67,11.0446,20.0,15.826300000000002,0.0,1013.55
2020-10-12 23:00:00,11.661111111111113,11.661111111111113,0.75,9.7888,21.0,14.586600000000002,0.0,1013.76
2020-10-13 00:00:00,11.08888888888889,11.08888888888889,0.83,11.0446,20.0,15.826300000000002,0.0,1014.05
2020-10-13 01:00:00,10.555555555555555,10.555555555555555,0.86,6.2468,18.0,14.9086,0.0,1014.26
2020-10-13 02:00:00,10.116666666666667,10.116666666666667,0.93,3.2039,7.0,7.9373000000000005,0.0,1014.54
2020-10-13 03:00:00,9.97777777777778,9.344444444444443,0.95,6.44,350.0,7.212800000000001,0.0,1014.53
2020-10-13 04:00:00,9.466666666666665,9.466666666666665,0.95,3.22,0.0,7.212800000000001,0.0,1014.54
2020-10-13 05:00:00,9.566666666666666,9.566666666666666,0.96,3.1556,339.0,7.148400000000001,0.0,1014.65
2020-10-13 06:00:00,9.883333333333333,9.883333333333333,0.93,3.3005,333.0,11.2056,0.0,1015.25
2020-10-13 07:00:00,9.855555555555558,8.872222222222222,0.93,7.905100000000001,311.0,11.2056,0.0,1015.37
2020-10-13 08:00:00,10.066666666666666,10.066666666666666,0.93,8.4042,321.0,9.499,0.0,1015.88
2020-10-13 09:00:00,11.138888888888888,11.138888888888888,0.85,9.1287,330.0,9.982000000000001,0.0,1016.53
2020-10-13 10:00:00,11.233333333333333,11.233333333333333,0.85,7.776300000000001,321.0,9.982000000000001,0.0,1016.65
2020-10-13 11:00:00,12.472222222222223,12.472222222222223,0.78,9.0965,309.0,9.982000000000001,0.0,1016.93
2020-10-13 12:00:00,15.005555555555553,15.005555555555553,0.67,4.7656,292.0,9.982000000000001,0.0,1016.73
2020-10-13 13:00:00,16.094444444444445,16.094444444444445,0.58,4.8461,318.0,9.982000000000001,0.0,1016.13
2020-10-13 14:00:00,17.07222222222222,17.07222222222222,0.53,7.921200000000001,5.0,10.3523,0.0,1015.78
2020-10-13 15:00:00,17.733333333333334,17.733333333333334,0.51,1.4168,47.0,9.982000000000001,0.0,1015.32
2020-10-13 16:00:00,17.711111111111112,17.711111111111112,0.51,3.22,210.0,9.982000000000001,0.0,1015.0
2020-10-13 17:00:00,16.06111111111111,16.06111111111111,0.59,8.5491,156.0,9.982000000000001,0.0,1014.71
2020-10-13 18:00:00,13.866666666666667,13.866666666666667,0.72,4.7012,131.0,9.982000000000001,0.0,1014.6
2020-10-13 19:00:00,12.216666666666669,12.216666666666669,0.8,7.6796999999999995,110.0,9.982000000000001,0.0,1014.87
2020-10-13 20:00:00,12.272222222222224,12.272222222222224,0.82,7.8084999999999996,134.0,9.982000000000001,0.0,1014.27
2020-10-13 21:00:00,11.22777777777778,11.22777777777778,0.86,12.88,160.0,9.9015,0.0,1014.39
2020-10-13 22:00:00,11.22777777777778,11.22777777777778,0.92,6.3112,150.0,11.8979,0.0,1014.1
2020-10-13 23:00:00,10.944444444444446,10.944444444444446,0.95,5.6833,178.0,11.253900000000002,0.0,1014.06
2020-10-14 00:00:00,10.672222222222224,10.672222222222224,0.95,3.3327,112.0,9.9015,0.0,1013.0
2020-10-14 01:00:00,10.6,10.6,0.99,6.1019000000000005,111.0,6.1985,0.0,1012.58
2020-10-14 02:00:00,11.644444444444446,11.644444444444446,0.96,5.8121,111.0,4.5724,0.0,1012.12
2020-10-14 03:00:00,11.57777777777778,11.57777777777778,0.96,6.44,120.0,4.524100000000001,0.0,1011.51
2020-10-14 04:00:00,12.127777777777776,12.127777777777776,0.96,3.3327,123.0,4.4919,0.0,1010.9
2020-10-14 05:00:00,12.07777777777778,12.07777777777778,0.96,5.796,78.0,4.250400000000001,0.0,1010.38
2020-10-14 06:00:00,12.149999999999999,12.149999999999999,1.0,9.1448,99.0,4.4436,0.0,1010.14
2020-10-14 07:00:00,12.149999999999999,12.149999999999999,1.0,3.2039,71.0,3.9606000000000003,0.0,1010.04
2020-10-14 08:00:00,12.111111111111109,12.111111111111109,1.0,3.1395,30.0,3.5742000000000007,0.0,1010.39
2020-10-14 09:00:00,12.733333333333334,12.733333333333334,0.96,7.631400000000001,80.0,4.395300000000001,0.0,1010.42
2020-10-14 10:00:00,13.77222222222222,13.77222222222222,0.91,9.3541,110.0,4.8461,0.0,1010.43
2020-10-14 11:00:00,13.694444444444445,13.694444444444445,0.91,7.3255,61.0,5.425700000000001,0.0,1010.59
2020-10-14 12:00:00,14.327777777777776,14.327777777777776,0.88,5.9248,91.0,7.728,0.0,1010.53
2020-10-14 13:00:00,13.838888888888887,13.838888888888887,0.9,3.1556,152.0,7.776300000000001,0.0,1010.51
2020-10-14 14:00:00,13.955555555555556,13.955555555555556,0.93,3.1234,108.0,7.695800000000001,0.0,1010.09
2020-10-14 15:00:00,13.91111111111111,13.91111111111111,0.93,7.969500000000001,140.0,7.8729,0.0,1009.89
2020-10-14 16:00:00,13.961111111111112,13.961111111111112,0.92,3.3327,131.0,7.905100000000001,0.0,1009.69
2020-10-14 17:00:00,13.988888888888889,13.988888888888889,0.93,4.781700000000001,131.0,7.6796999999999995,0.0,1009.94
2020-10-14 18:00:00,13.91111111111111,13.91111111111111,0.93,7.695800000000001,141.0,6.9874,0.0,1010.18
2020-10-14 19:00:00,13.88888888888889,13.88888888888889,0.93,4.7495,149.0,7.905100000000001,0.0,1010.19
2020-10-14 20:00:00,13.88888888888889,13.88888888888889,0.93,7.1806,148.0,7.728,0.0,1010.14
2020-10-14 21:00:00,13.866666666666667,13.866666666666667,0.93,7.7440999999999995,121.0,7.0357,0.0,1010.28
2020-10-14 22:00:00,13.866666666666667,13.866666666666667,0.93,6.4722,134.0,6.9874,0.0,1010.58
2020-10-14 23:00:00,13.822222222222223,13.822222222222223,0.94,3.8801000000000005,155.0,6.8747,0.0,1010.85
2020-10-15 00:00:00,13.866666666666667,13.866666666666667,0.96,3.4293,133.0,6.9874,0.0,1010.68
2020-10-15 01:00:00,13.866666666666667,13.866666666666667,0.96,6.279,123.0,6.0697,0.0,1010.29
2020-10-15 02:00:00,13.744444444444447,13.744444444444447,0.96,6.1502,131.0,4.6207,0.0,1010.05
2020-10-15 03:00:00,13.844444444444445,13.844444444444445,0.96,6.279,131.0,4.9427,0.0,1009.48
2020-10-15 04:00:00,13.844444444444445,13.844444444444445,0.96,10.9641,122.0,4.9427,0.0,1009.38
2020-10-15 05:00:00,13.11111111111111,13.11111111111111,1.0,10.4972,123.0,0.7728,0.0,1009.26
2020-10-15 06:00:00,12.82777777777778,12.82777777777778,0.96,11.0446,131.0,0.483,0.0,1009.27
2020-10-15 07:00:00,12.33888888888889,12.33888888888889,1.0,10.9158,131.0,1.127,0.0,1008.79
2020-10-15 08:00:00,12.161111111111111,12.161111111111111,1.0,5.2969,102.0,3.9767000000000006,0.0,1009.32
2020-10-15 09:00:00,12.82777777777778,12.82777777777778,0.96,9.579500000000001,139.0,10.8997,0.0,1009.47
2020-10-15 10:00:00,13.844444444444445,13.844444444444445,0.93,14.2807,131.0,10.948,0.0,1009.48
2020-10-15 11:00:00,16.516666666666666,16.516666666666666,0.84,12.4936,140.0,9.982000000000001,0.0,1009.52
2020-10-15 12:00:00,18.594444444444445,18.594444444444445,0.79,12.525800000000002,139.0,9.9015,0.0,1009.02
2020-10-15 13:00:00,19.799999999999997,19.799999999999997,0.73,15.504300000000002,130.0,11.270000000000001,0.0,1008.71
2020-10-15 14:00:00,20.87222222222222,20.87222222222222,0.72,12.4131,141.0,11.398800000000001,0.0,1008.5
2020-10-15 15:00:00,21.999999999999996,21.999999999999996,0.64,21.5257,149.0,11.2056,0.0,1008.09
2020-10-15 16:00:00,22.066666666666666,22.066666666666666,0.6,20.0606,150.0,11.2056,0.0,1007.71
2020-10-15 17:00:00,21.06666666666667,21.06666666666667,0.67,12.6385,144.0,10.3523,0.0,1007.87
2020-10-15 18:00:00,17.77777777777778,17.77777777777778,0.84,12.075000000000001,120.0,9.982000000000001,0.0,1008.07
2020-10-15 19:00:00,17.62222222222222,17.62222222222222,0.85,13.9748,130.0,9.982000000000001,0.0,1008.4
2020-10-15 20:00:00,16.922222222222224,16.922222222222224,0.88,12.8961,130.0,9.982000000000001,0.0,1009.2
2020-10-15 21:00:00,16.0,16.0,0.93,14.0875,129.0,9.982000000000001,0.0,1009.68
2020-10-15 22:00:00,16.049999999999997,16.049999999999997,0.9,17.388,121.0,14.9086,0.0,1009.69
2020-10-15 23:00:00,15.377777777777778,15.377777777777778,0.91,15.166200000000002,128.0,14.0875,0.0,1009.93
2020-10-16 00:00:00,14.422222222222224,14.422222222222224,0.93,16.856700000000004,130.0,14.812,0.0,1010.37
2020-10-16 01:00:00,13.983333333333334,13.983333333333334,0.96,17.001600000000003,130.0,14.812,0.0,1010.36
2020-10-16 02:00:00,13.872222222222222,13.872222222222222,0.95,12.9122,130.0,11.6081,0.0,1010.42
2020-10-16 03:00:00,14.355555555555558,14.355555555555558,0.93,16.8245,140.0,14.731500000000002,0.0,1010.05
2020-10-16 04:00:00,14.333333333333334,14.333333333333334,0.91,20.479200000000002,130.0,14.731500000000002,0.0,1009.29
2020-10-16 05:00:00,14.21111111111111,14.21111111111111,0.91,18.418400000000002,126.0,13.9748,0.0,1009.15
2020-10-16 06:00:00,14.81666666666667,14.81666666666667,0.88,21.960400000000003,129.0,9.7566,0.0,1008.7
2020-10-16 07:00:00,14.883333333333333,14.883333333333333,0.88,20.4309,129.0,11.0446,0.0,1008.26
2020-10-16 08:00:00,14.86111111111111,14.86111111111111,0.89,24.777900000000002,127.0,11.0285,0.0,1007.88
2020-10-16 09:00:00,16.0,16.0,0.87,26.7904,130.0,11.270000000000001,0.0,1007.52
2020-10-16 10:00:00,17.505555555555553,17.505555555555553,0.85,23.8441,139.0,10.980200000000002,0.0,1007.82
2020-10-16 11:00:00,17.494444444444447,17.494444444444447,0.86,21.670600000000004,139.0,10.304000000000002,0.0,1007.9
2020-10-16 12:00:00,17.63888888888889,17.63888888888889,0.85,27.0802,139.0,11.0768,0.0,1007.68
2020-10-16 13:00:00,18.772222222222226,18.772222222222226,0.79,25.76,141.0,11.125100000000002,0.0,1007.12
2020-10-16 14:00:00,20.72222222222222,20.72222222222222,0.7,31.298400000000004,170.0,10.3523,0.0,1006.95
2020-10-16 15:00:00,20.727777777777778,20.727777777777778,0.74,36.1445,201.0,11.125100000000002,0.0,1007.44
2020-10-16 16:00:00,18.533333333333335,18.533333333333335,0.7,12.6385,223.0,11.125100000000002,0.0,1008.44
2020-10-16 17:00:00,15.594444444444443,15.594444444444443,0.8,27.0319,252.0,11.0768,0.0,1008.96
2020-10-16 18:00:00,12.550000000000002,12.550000000000002,0.9,22.4434,261.0,11.270000000000001,0.0,1010.94
2020-10-16 19:00:00,12.016666666666667,12.016666666666667,0.86,23.6992,280.0,11.270000000000001,0.0,1012.59
2020-10-16 20:00:00,11.027777777777779,11.027777777777779,0.87,14.699300000000003,270.0,11.0768,0.0,1013.5
2020-10-16 21:00:00,10.883333333333335,10.883333333333335,0.81,12.783400000000002,261.0,11.270000000000001,0.0,1014.71
2020-10-16 22:00:00,9.822222222222223,7.383333333333332,0.86,17.838800000000003,279.0,15.874600000000001,0.0,1015.7
2020-10-16 23:00:00,8.361111111111109,7.344444444444444,0.9,6.9713,266.0,15.005200000000002,0.0,1017.1
2020-10-17 00:00:00,7.138888888888889,6.094444444444444,0.93,6.3434,213.0,15.874600000000001,0.0,1017.91
2020-10-17 01:00:00,7.716666666666667,5.699999999999999,0.93,11.2056,211.0,15.826300000000002,0.0,1018.47
2020-10-17 02:00:00,6.844444444444445,4.827777777777777,0.96,10.2235,205.0,14.9569,0.0,1018.73
2020-10-17 03:00:00,6.738888888888891,4.588888888888888,0.96,10.867500000000001,173.0,15.826300000000002,0.0,1018.79
2020-10-17 04:00:00,7.177777777777779,4.583333333333333,0.96,14.1036,182.0,15.826300000000002,0.0,1019.39
2020-10-17 05:00:00,7.66111111111111,5.277777777777778,0.96,13.4113,213.0,14.9569,0.0,1020.12
2020-10-17 06:00:00,7.644444444444442,5.383333333333332,0.96,12.5741,220.0,11.2056,0.0,1020.4
2020-10-17 07:00:00,7.622222222222222,5.422222222222221,0.9,12.1555,220.0,11.2056,0.0,1020.9
2020-10-17 08:00:00,8.433333333333334,6.977777777777779,0.9,8.9516,221.0,10.5455,0.0,1021.54
2020-10-17 09:00:00,10.911111111111111,10.911111111111111,0.78,9.837100000000001,211.0,10.0464,0.0,1021.91
2020-10-17 10:00:00,12.68888888888889,12.68888888888889,0.7,10.867500000000001,173.0,9.982000000000001,0.0,1022.49
2020-10-17 11:00:00,13.599999999999998,13.599999999999998,0.7,11.753,190.0,9.6278,0.0,1023.04
2020-10-17 12:00:00,16.038888888888888,16.038888888888888,0.62,11.0285,191.0,9.982000000000001,0.0,1023.29
2020-10-17 13:00:00,16.133333333333333,16.133333333333333,0.62,10.722600000000002,183.0,11.2056,0.0,1022.99
2020-10-17 14:00:00,17.188888888888886,17.188888888888886,0.58,10.0625,180.0,9.982000000000001,0.0,1023.11
2020-10-17 15:00:00,17.800000000000004,17.800000000000004,0.56,9.321900000000001,179.0,9.982000000000001,0.0,1022.96
2020-10-17 16:00:00,17.800000000000004,17.800000000000004,0.56,10.867500000000001,180.0,9.982000000000001,0.0,1022.77
2020-10-17 17:00:00,17.288888888888888,17.288888888888888,0.57,10.2074,170.0,10.3523,0.0,1022.71
2020-10-17 18:00:00,13.933333333333332,13.933333333333332,0.72,7.953400000000001,151.0,9.982000000000001,0.0,1022.87
2020-10-17 19:00:00,12.711111111111112,12.711111111111112,0.77,9.1126,140.0,9.982000000000001,0.0,1022.99
2020-10-17 20:00:00,12.238888888888889,12.238888888888889,0.81,11.3666,123.0,9.982000000000001,0.0,1023.22
2020-10-17 21:00:00,11.06111111111111,11.06111111111111,0.86,10.835300000000002,131.0,9.982000000000001,0.0,1023.69
2020-10-17 22:00:00,10.716666666666665,10.716666666666665,0.88,11.0607,131.0,15.826300000000002,0.0,1024.06
2020-10-17 23:00:00,10.572222222222223,10.572222222222223,0.92,10.626,130.0,13.0249,0.0,1024.1
2020-10-18 00:00:00,10.555555555555555,10.555555555555555,0.93,13.9909,131.0,11.9784,0.0,1023.89
2020-10-18 01:00:00,9.488888888888887,7.911111111111113,0.96,10.7387,140.0,14.9086,0.0,1024.08
2020-10-18 02:00:00,9.300000000000002,7.727777777777776,0.94,10.448900000000002,131.0,9.4829,0.0,1024.36
2020-10-18 03:00:00,8.872222222222222,6.683333333333334,0.96,13.894300000000003,130.0,7.905100000000001,0.0,1024.2
2020-10-18 04:00:00,8.361111111111109,7.461111111111112,0.96,6.5205,140.0,7.905100000000001,0.0,1024.37
2020-10-18 05:00:00,8.18333333333333,6.394444444444443,0.96,10.448900000000002,130.0,7.824600000000001,0.0,1024.3
2020-10-18 06:00:00,7.711111111111112,5.46111111111111,0.96,12.590200000000001,130.0,9.6761,0.0,1024.18
2020-10-18 07:00:00,7.73888888888889,5.26111111111111,0.9,14.1197,130.0,9.7566,0.0,1023.99
2020-10-18 08:00:00,8.644444444444446,6.305555555555556,0.9,14.6349,127.0,9.338000000000001,0.0,1024.5
2020-10-18 09:00:00,11.044444444444444,11.044444444444444,0.81,13.894300000000003,130.0,9.982000000000001,0.0,1024.69
2020-10-18 10:00:00,13.88888888888889,13.88888888888889,0.72,14.1519,131.0,9.982000000000001,0.0,1024.6
2020-10-18 11:00:00,16.88888888888889,16.88888888888889,0.56,11.382700000000002,121.0,9.982000000000001,0.0,1024.71
2020-10-18 12:00:00,18.86111111111111,18.86111111111111,0.41,14.312900000000003,112.0,9.982000000000001,0.0,1024.49
2020-10-18 13:00:00,19.97222222222222,19.97222222222222,0.36,13.0249,130.0,9.982000000000001,0.0,1023.69
2020-10-18 14:00:00,21.027777777777775,21.027777777777775,0.32,13.9909,129.0,10.3523,0.0,1022.99
2020-10-18 15:00:00,22.127777777777776,22.127777777777776,0.31,12.8156,130.0,9.982000000000001,0.0,1022.37
2020-10-18 16:00:00,21.105555555555554,21.105555555555554,0.31,15.649200000000002,130.0,9.982000000000001,0.0,1021.69
2020-10-18 17:00:00,20.016666666666666,20.016666666666666,0.39,8.420300000000001,121.0,10.3523,0.0,1021.62
2020-10-18 18:00:00,17.105555555555554,17.105555555555554,0.49,9.2575,110.0,9.982000000000001,0.0,1021.58
2020-10-18 19:00:00,14.883333333333333,14.883333333333333,0.61,10.577700000000002,100.0,9.982000000000001,0.0,1021.7
2020-10-18 20:00:00,12.983333333333333,12.983333333333333,0.7,8.5974,110.0,9.982000000000001,0.0,1022.04
2020-10-18 21:00:00,12.611111111111112,12.611111111111112,0.72,11.0607,120.0,9.982000000000001,0.0,1022.1
2020-10-18 22:00:00,12.611111111111112,12.611111111111112,0.72,10.5616,139.0,15.826300000000002,0.0,1022.3
2020-10-18 23:00:00,10.988888888888889,10.988888888888889,0.78,9.7405,130.0,14.9569,0.0,1022.39
2020-10-19 00:00:00,10.344444444444443,10.344444444444443,0.8,10.448900000000002,140.0,15.826300000000002,0.0,1022.6
2020-10-19 01:00:00,9.83888888888889,8.338888888888887,0.83,10.6582,139.0,15.826300000000002,0.0,1022.5
2020-10-19 02:00:00,9.694444444444446,7.733333333333334,0.84,13.5884,139.0,14.9569,0.0,1022.45
2020-10-19 03:00:00,8.238888888888887,7.466666666666665,0.89,5.9892,139.0,15.826300000000002,0.0,1022.6
2020-10-19 04:00:00,8.172222222222224,6.305555555555556,0.93,10.867500000000001,140.0,15.826300000000002,0.0,1022.31
2020-10-19 05:00:00,8.522222222222224,6.533333333333332,0.9,12.042800000000002,137.0,14.9569,0.0,1022.33
2020-10-19 06:00:00,8.61111111111111,6.35,0.9,14.023100000000003,130.0,9.982000000000001,0.0,1022.31
2020-10-19 07:00:00,8.638888888888888,6.449999999999999,0.9,13.524000000000001,130.0,9.9015,0.0,1022.21
2020-10-19 08:00:00,10.383333333333333,10.383333333333333,0.81,13.5562,137.0,9.9015,0.0,1022.45
2020-10-19 09:00:00,13.616666666666665,13.616666666666665,0.69,12.445300000000001,150.0,9.982000000000001,0.0,1022.64
2020-10-19 10:00:00,16.944444444444443,16.944444444444443,0.59,19.5776,170.0,9.982000000000001,0.0,1022.72
2020-10-19 11:00:00,18.444444444444443,18.444444444444443,0.54,12.9444,169.0,10.3523,0.0,1022.55
2020-10-19 12:00:00,19.90555555555555,19.90555555555555,0.54,9.3702,149.0,9.982000000000001,0.0,1022.31
2020-10-19 13:00:00,22.10555555555556,22.10555555555556,0.49,9.2414,150.0,9.982000000000001,0.0,1021.61
2020-10-19 14:00:00,23.8,23.8,0.4,8.8228,169.0,10.3523,0.0,1021.17
2020-10-19 15:00:00,24.838888888888885,24.838888888888885,0.37,9.3702,149.0,9.982000000000001,0.0,1020.61
2020-10-19 16:00:00,24.88333333333334,24.88333333333334,0.39,7.8729,171.0,9.982000000000001,0.0,1020.2
2020-10-19 17:00:00,22.922222222222224,22.922222222222224,0.48,4.7012,177.0,10.3523,0.0,1019.91
2020-10-19 18:00:00,17.700000000000003,17.700000000000003,0.7,4.6046000000000005,130.0,2.3023000000000002,0.0,1020.1
2020-10-19 19:00:00,14.883333333333333,14.883333333333333,0.79,1.61,100.0,9.982000000000001,0.0,1020.31
2020-10-19 20:00:00,13.855555555555554,13.855555555555554,0.84,3.22,96.0,9.982000000000001,0.0,1020.53
2020-10-19 21:00:00,11.133333333333333,11.133333333333333,0.87,7.824600000000001,120.0,9.8049,0.0,1020.52
2020-10-19 22:00:00,10.972222222222221,10.972222222222221,0.96,6.118,119.0,14.6832,0.0,1020.71
2020-10-19 23:00:00,11.81111111111111,11.81111111111111,0.91,5.474,135.0,14.7637,0.0,1020.59
2020-10-20 00:00:00,12.33888888888889,12.33888888888889,0.87,5.9731000000000005,128.0,15.391600000000002,0.0,1020.42
2020-10-20 01:00:00,10.277777777777779,10.277777777777779,0.9,6.0536,149.0,15.391600000000002,0.0,1020.52
2020-10-20 02:00:00,10.211111111111112,10.211111111111112,0.9,5.6511,133.0,13.7977,0.0,1020.48
2020-10-20 03:00:00,9.700000000000001,9.100000000000001,0.9,6.1502,140.0,15.391600000000002,0.0,1020.33
2020-10-20 04:00:00,8.699999999999998,8.699999999999998,0.96,2.898,146.0,15.391600000000002,0.0,1019.94
2020-10-20 05:00:00,7.699999999999999,7.699999999999999,0.96,3.5098000000000003,136.0,7.5187,0.0,1020.06
2020-10-20 06:00:00,7.755555555555556,6.105555555555557,1.0,9.2736,129.0,10.787,0.0,1019.91
2020-10-20 07:00:00,7.66111111111111,5.699999999999999,1.0,10.835300000000002,129.0,9.5473,0.0,1019.8
2020-10-20 08:00:00,10.477777777777778,10.477777777777778,0.88,11.141200000000001,139.0,9.1287,0.0,1020.0
2020-10-20 09:00:00,13.55,13.55,0.79,9.2253,150.0,9.6761,0.0,1020.33
2020-10-20 10:00:00,15.92777777777778,15.92777777777778,0.68,12.058900000000001,159.0,9.8049,0.0,1020.61
2020-10-20 11:00:00,17.77777777777778,17.77777777777778,0.65,8.8067,147.0,10.3523,0.0,1020.58
2020-10-20 12:00:00,20.99444444444445,20.99444444444445,0.54,9.5151,150.0,9.982000000000001,0.0,1020.4
2020-10-20 13:00:00,22.727777777777774,22.727777777777774,0.48,7.631400000000001,160.0,10.0464,0.0,1019.73
2020-10-20 14:00:00,23.827777777777776,23.827777777777776,0.44,8.1144,166.0,10.3523,0.0,1019.34
2020-10-20 15:00:00,24.88333333333334,24.88333333333334,0.39,9.3702,139.0,9.982000000000001,0.0,1019.1
2020-10-20 16:00:00,24.88333333333334,24.88333333333334,0.39,7.631400000000001,139.0,9.982000000000001,0.0,1018.72
2020-10-20 17:00:00,22.788888888888884,22.788888888888884,0.49,3.0912,160.0,10.3523,0.0,1018.67
2020-10-20 18:00:00,17.21666666666667,17.21666666666667,0.68,3.0751,127.0,9.9015,0.0,1019.02
2020-10-20 19:00:00,14.883333333333333,14.883333333333333,0.79,0.0,0.0,9.9015,0.0,1019.52
2020-10-20 20:00:00,12.966666666666669,12.966666666666669,0.89,7.406,102.0,9.9015,0.0,1019.63
2020-10-20 21:00:00,14.561111111111112,14.561111111111112,0.74,9.66,120.0,9.7566,0.0,1019.92
2020-10-20 22:00:00,14.516666666666667,14.516666666666667,0.72,6.44,120.0,15.407700000000002,0.0,1019.93
2020-10-20 23:00:00,13.394444444444444,13.394444444444444,0.75,12.992700000000001,142.0,14.586600000000002,0.0,1020.37
2020-10-21 00:00:00,11.93888888888889,11.93888888888889,0.76,10.4167,159.0,15.391600000000002,0.0,1020.5
2020-10-21 01:00:00,13.444444444444446,13.444444444444446,0.74,17.066,160.0,15.391600000000002,0.0,1020.71
2020-10-21 02:00:00,12.455555555555556,12.455555555555556,0.76,13.2825,161.0,14.570500000000003,0.0,1020.88
2020-10-21 03:00:00,12.383333333333333,12.383333333333333,0.79,17.0821,160.0,14.457800000000002,0.0,1020.72
2020-10-21 04:00:00,11.455555555555556,11.455555555555556,0.81,13.8138,160.0,14.49,0.0,1021.0
2020-10-21 05:00:00,11.566666666666666,11.566666666666666,0.81,12.8961,159.0,14.6188,0.0,1021.14
2020-10-21 06:00:00,10.861111111111109,10.861111111111109,0.81,13.9748,160.0,9.6117,0.0,1021.09
2020-10-21 07:00:00,10.861111111111109,10.861111111111109,0.78,13.685,150.0,9.708300000000001,0.0,1021.2
2020-10-21 08:00:00,10.816666666666666,10.816666666666666,0.82,12.606300000000001,140.0,9.837100000000001,0.0,1021.72
2020-10-21 09:00:00,12.711111111111112,12.711111111111112,0.78,16.856700000000004,150.0,9.9015,0.0,1021.89
2020-10-21 10:00:00,16.038888888888888,16.038888888888888,0.67,17.0821,141.0,9.982000000000001,0.0,1022.09
2020-10-21 11:00:00,17.744444444444444,17.744444444444444,0.6,16.0839,141.0,10.3523,0.0,1021.9
2020-10-21 12:00:00,18.93333333333333,18.93333333333333,0.56,15.391600000000002,131.0,9.982000000000001,0.0,1021.49
2020-10-21 13:00:00,20.04444444444444,20.04444444444444,0.52,14.039200000000001,140.0,9.982000000000001,0.0,1021.17
2020-10-21 14:00:00,22.03888888888889,22.03888888888889,0.45,11.7691,122.0,10.3523,0.0,1020.57
2020-10-21 15:00:00,22.194444444444443,22.194444444444443,0.43,12.606300000000001,92.0,9.982000000000001,0.0,1020.2
2020-10-21 16:00:00,21.15555555555555,21.15555555555555,0.46,11.0446,91.0,9.982000000000001,0.0,1020.01
2020-10-21 17:00:00,19.92777777777778,19.92777777777778,0.48,8.2754,91.0,10.3523,0.0,1019.95
2020-10-21 18:00:00,15.016666666666667,15.016666666666667,0.72,7.792400000000001,69.0,9.982000000000001,0.0,1020.21
2020-10-21 19:00:00,12.733333333333334,12.733333333333334,0.83,3.0751,70.0,9.982000000000001,0.0,1020.81
2020-10-21 20:00:00,12.094444444444447,12.094444444444447,0.87,1.7871000000000004,63.0,9.982000000000001,0.0,1021.04
2020-10-21 21:00:00,10.0,10.0,0.87,3.0751,350.0,9.7566,0.0,1021.32
2020-10-21 22:00:00,9.372222222222222,9.372222222222222,0.93,3.2039,39.0,14.6832,0.0,1021.82
2020-10-21 23:00:00,9.394444444444442,9.394444444444442,0.93,3.059,219.0,9.708300000000001,0.0,1021.93
2020-10-22 00:00:00,7.799999999999999,7.799999999999999,0.96,0.1288,140.0,1.2397,0.0,1022.11
2020-10-22 01:00:00,7.750000000000002,7.750000000000002,1.0,3.0751,10.0,0.6279,0.0,1021.93
2020-10-22 02:00:00,7.127777777777776,7.127777777777776,0.96,3.0429,352.0,2.2862,0.0,1022.12
2020-10-22 03:00:00,6.0888888888888895,6.0888888888888895,0.96,0.0,0.0,0.4669,0.0,1022.13
2020-10-22 04:00:00,4.927777777777776,4.927777777777776,1.0,3.22,0.0,0.7728,0.0,1022.13
2020-10-22 05:00:00,5.055555555555556,5.055555555555556,0.96,2.8658,11.0,1.932,0.0,1022.35
2020-10-22 06:00:00,4.927777777777776,4.927777777777776,1.0,4.7334000000000005,19.0,0.0,0.0,1022.54
2020-10-22 07:00:00,3.866666666666667,3.866666666666667,1.0,4.7334000000000005,29.0,0.16100000000000003,0.0,1022.82
2020-10-22 08:00:00,7.022222222222222,7.022222222222222,0.99,4.524100000000001,11.0,1.61,0.0,1023.01
2020-10-22 09:00:00,10.88888888888889,10.88888888888889,0.94,4.83,20.0,2.9785000000000004,0.0,1023.12
2020-10-22 10:00:00,14.927777777777777,14.927777777777777,0.78,7.695800000000001,11.0,6.118,0.0,1022.83
2020-10-22 11:00:00,17.483333333333334,17.483333333333334,0.6,2.8497000000000003,20.0,9.982000000000001,0.0,1022.74
2020-10-22 12:00:00,19.81666666666667,19.81666666666667,0.53,3.0751,176.0,9.982000000000001,0.0,1022.44
2020-10-22 13:00:00,19.92777777777778,19.92777777777778,0.53,2.7209,342.0,9.982000000000001,0.0,1021.92
2020-10-22 14:00:00,19.97222222222222,19.97222222222222,0.52,7.2611,11.0,10.3523,0.0,1021.43
2020-10-22 15:00:00,21.06111111111111,21.06111111111111,0.46,10.255700000000001,331.0,9.982000000000001,0.0,1021.22
2020-10-22 16:00:00,20.04444444444444,20.04444444444444,0.49,8.8067,342.0,9.982000000000001,0.0,1020.93
2020-10-22 17:00:00,18.927777777777774,18.927777777777774,0.54,7.3738,344.0,10.3523,0.0,1020.84
2020-10-22 18:00:00,14.972222222222221,14.972222222222221,0.68,4.83,330.0,9.064300000000001,0.0,1021.03
2020-10-22 19:00:00,12.66111111111111,12.66111111111111,0.84,1.6422,336.0,9.9015,0.0,1021.44
2020-10-22 20:00:00,11.116666666666665,11.116666666666665,0.86,3.6225,351.0,8.1788,0.0,1021.7
2020-10-22 21:00:00,8.866666666666667,8.866666666666667,0.93,4.7012,329.0,6.021400000000001,0.0,1021.84
2020-10-22 22:00:00,8.822222222222223,8.822222222222223,0.93,3.1717,318.0,4.8783,0.0,1022.34
2020-10-22 23:00:00,9.455555555555557,7.972222222222222,0.96,10.143,331.0,5.618900000000001,0.0,1022.33
2020-10-23 00:00:00,8.177777777777777,8.177777777777777,0.96,3.1878,320.0,3.4615,0.0,1022.37
2020-10-23 01:00:00,7.066666666666666,7.066666666666666,1.0,4.7656,337.0,0.8533000000000001,0.0,1022.55
2020-10-23 02:00:00,6.905555555555555,6.905555555555555,0.99,3.1234,321.0,1.9964000000000002,0.0,1022.63
2020-10-23 03:00:00,5.972222222222222,5.972222222222222,1.0,3.22,330.0,0.6440000000000001,0.0,1022.45
2020-10-23 04:00:00,3.866666666666667,3.866666666666667,1.0,3.22,330.0,0.1771,0.0,1022.45
2020-10-23 05:00:00,4.766666666666666,4.766666666666666,1.0,3.1878,292.0,0.8211,0.0,1022.29
2020-10-23 06:00:00,3.866666666666667,3.866666666666667,1.0,3.22,310.0,0.32200000000000006,0.0,1022.36
2020-10-23 07:00:00,4.961111111111111,3.0888888888888903,1.0,8.05,330.0,0.32200000000000006,0.0,1022.36
2020-10-23 08:00:00,6.127777777777778,6.127777777777778,1.0,3.4937,339.0,1.2397,0.0,1022.77
2020-10-23 09:00:00,8.68888888888889,8.68888888888889,1.0,3.1717,342.0,3.703,0.0,1023.05
2020-10-23 10:00:00,11.083333333333336,11.083333333333336,0.94,4.4919,9.0,1.8515,0.0,1023.05
2020-10-23 11:00:00,13.672222222222222,13.672222222222222,0.84,4.2665,349.0,4.3309,0.0,1023.25
2020-10-23 12:00:00,15.094444444444447,15.094444444444447,0.78,7.5348,0.0,6.118,0.0,1023.22
2020-10-23 13:00:00,17.266666666666666,17.266666666666666,0.67,4.4275,8.0,8.9677,0.0,1022.64
2020-10-23 14:00:00,17.944444444444443,17.944444444444443,0.63,6.7781,356.0,9.450700000000001,0.0,1022.27
2020-10-23 15:00:00,18.88888888888889,18.88888888888889,0.61,7.953400000000001,339.0,9.982000000000001,0.0,1021.74
2020-10-23 16:00:00,18.83888888888889,18.83888888888889,0.56,7.7440999999999995,331.0,9.982000000000001,0.0,1021.53
2020-10-23 17:00:00,17.355555555555558,17.355555555555558,0.62,7.0357,321.0,9.450700000000001,0.0,1021.4
2020-10-23 18:00:00,12.844444444444443,12.844444444444443,0.83,3.22,300.0,8.0017,0.0,1021.53
2020-10-23 19:00:00,11.06111111111111,11.06111111111111,0.93,1.61,260.0,7.905100000000001,0.0,1021.83
2020-10-23 20:00:00,10.211111111111112,10.211111111111112,0.93,1.8193,325.0,3.9123000000000006,0.0,1021.97
2020-10-23 21:00:00,7.777777777777778,7.777777777777778,1.0,3.0751,320.0,1.8837,0.0,1022.13
2020-10-23 22:00:00,8.244444444444447,8.244444444444447,0.96,3.0751,310.0,1.9159,0.0,1022.25
2020-10-23 23:00:00,7.461111111111112,7.461111111111112,0.99,3.0912,346.0,1.6905000000000001,0.0,1022.0
2020-10-24 00:00:00,7.1333333333333355,6.144444444444446,1.0,6.1502,20.0,0.8372,0.0,1021.97
2020-10-24 01:00:00,7.616666666666668,7.616666666666668,1.0,3.22,10.0,0.8855000000000002,0.0,1022.05
2020-10-24 02:00:00,7.272222222222224,6.4111111111111105,0.96,5.796,8.0,3.7191000000000005,0.0,1021.74
2020-10-24 03:00:00,7.1000000000000005,4.9833333333333325,0.94,11.0285,9.0,4.588500000000001,0.0,1021.36
2020-10-24 04:00:00,6.588888888888889,5.4944444444444445,0.94,6.230700000000001,356.0,4.524100000000001,0.0,1021.25
2020-10-24 05:00:00,4.761111111111111,4.761111111111111,1.0,3.3005,323.0,4.314800000000001,0.0,1021.17
2020-10-24 06:00:00,4.044444444444445,4.044444444444445,1.0,3.1395,347.0,1.9159,0.0,1021.05
2020-10-24 07:00:00,4.044444444444445,2.105555555555555,1.0,7.711900000000001,319.0,2.9624,0.0,1020.74
2020-10-24 08:00:00,5.077777777777778,5.077777777777778,0.99,4.379200000000001,297.0,4.008900000000001,0.0,1021.13
2020-10-24 09:00:00,7.827777777777779,7.827777777777779,0.96,4.652900000000001,339.0,9.7566,0.0,1021.43
2020-10-24 10:00:00,9.983333333333333,9.983333333333333,0.84,4.6046000000000005,20.0,9.9015,0.0,1021.35
2020-10-24 11:00:00,12.055555555555557,12.055555555555557,0.75,2.6243,342.0,10.4972,0.0,1021.25
2020-10-24 12:00:00,13.755555555555553,13.755555555555553,0.68,1.61,290.0,9.982000000000001,0.0,1021.04
2020-10-24 13:00:00,14.88888888888889,14.88888888888889,0.63,3.1073,261.0,9.982000000000001,0.0,1020.35
2020-10-24 14:00:00,15.877777777777775,15.877777777777775,0.59,6.3112,315.0,10.3523,0.0,1019.8
2020-10-24 15:00:00,15.933333333333334,15.933333333333334,0.63,3.0268,352.0,11.2056,0.0,1019.26
2020-10-24 16:00:00,15.838888888888887,15.838888888888887,0.63,0.8694000000000001,114.0,10.0464,0.0,1019.05
2020-10-24 17:00:00,14.627777777777775,14.627777777777775,0.69,3.1878,295.0,9.499,0.0,1018.9
2020-10-24 18:00:00,13.683333333333334,13.683333333333334,0.78,3.6064000000000007,282.0,11.125100000000002,0.0,1018.65
2020-10-24 19:00:00,12.105555555555554,12.105555555555554,0.81,12.1716,290.0,9.8049,0.0,1018.75
2020-10-24 20:00:00,10.122222222222222,10.122222222222222,0.88,3.6708,329.0,8.645700000000001,0.0,1018.98
2020-10-24 21:00:00,9.049999999999999,9.049999999999999,0.93,1.5617,9.0,6.923,0.0,1018.82
2020-10-24 22:00:00,8.011111111111113,8.011111111111113,0.89,3.1234,353.0,5.9731000000000005,0.0,1018.82
2020-10-24 23:00:00,8.305555555555557,8.305555555555557,0.96,3.6064000000000007,256.0,3.7352,0.0,1018.86
2020-10-25 00:00:00,8.933333333333332,8.933333333333332,0.96,3.2683,254.0,2.5277000000000003,0.0,1018.81
2020-10-25 01:00:00,9.444444444444445,9.444444444444445,0.96,2.7692,197.0,2.5116,0.0,1018.51
2020-10-25 02:00:00,9.583333333333334,9.583333333333334,0.96,2.6243,189.0,3.0751,0.0,1018.39
2020-10-25 03:00:00,9.927777777777777,9.927777777777777,0.96,0.0,0.0,2.5116,0.0,1018.0
2020-10-25 04:00:00,9.927777777777777,9.927777777777777,0.96,3.0751,280.0,2.9785000000000004,0.0,1017.52
2020-10-25 05:00:00,10.42222222222222,10.42222222222222,0.94,2.8497000000000003,319.0,2.898,0.0,1017.35
2020-10-25 06:00:00,9.927777777777777,9.927777777777777,1.0,0.1449,300.0,3.8962000000000003,0.0,1017.01
2020-10-25 07:00:00,9.927777777777777,9.927777777777777,1.0,1.6583,249.0,2.9785000000000004,0.0,1016.52
2020-10-25 08:00:00,9.93888888888889,9.93888888888889,1.0,2.8336,277.0,1.6744,0.0,1016.47
2020-10-25 09:00:00,10.972222222222221,10.972222222222221,0.93,0.0,0.0,1.932,0.0,1016.43
2020-10-25 10:00:00,11.016666666666666,11.016666666666666,0.93,0.0,0.0,2.5438,0.0,1016.41
2020-10-25 11:00:00,10.999999999999998,10.999999999999998,0.93,2.4311000000000003,216.0,2.0125,0.0,1016.28
2020-10-25 12:00:00,11.06111111111111,11.06111111111111,0.93,3.1717,230.0,2.5921000000000003,0.0,1015.72
2020-10-25 13:00:00,11.105555555555558,11.105555555555558,0.93,1.6744,205.0,1.9803000000000002,0.0,1015.11
2020-10-25 14:00:00,12.0,12.0,0.93,7.583100000000001,242.0,2.8336,0.0,1014.48
2020-10-25 15:00:00,11.083333333333336,11.083333333333336,0.99,8.9838,280.0,2.7048,0.0,1013.71
2020-10-25 16:00:00,11.083333333333336,11.083333333333336,0.93,7.5348,272.0,3.9123000000000006,0.0,1013.2
2020-10-25 17:00:00,11.944444444444445,11.944444444444445,0.87,2.8336,287.0,7.0679,0.0,1012.48
2020-10-25 18:00:00,11.038888888888888,11.038888888888888,0.93,3.0751,340.0,4.3631,0.0,1012.81
2020-10-25 19:00:00,11.038888888888888,11.038888888888888,0.93,4.3309,162.0,4.3631,0.0,1012.63
2020-10-25 20:00:00,10.999999999999998,10.999999999999998,0.92,7.1806,281.0,3.9284000000000003,0.0,1012.31
2020-10-25 21:00:00,10.972222222222221,10.972222222222221,0.86,7.969500000000001,270.0,3.9123000000000006,0.0,1012.22
2020-10-25 22:00:00,9.844444444444443,9.144444444444446,0.96,6.6493,261.0,4.3631,0.0,1012.33
2020-10-25 23:00:00,9.8,9.083333333333334,0.93,6.6654,273.0,4.2987,0.0,1012.4
2020-10-26 00:00:00,9.755555555555556,8.205555555555557,0.89,10.9158,289.0,4.395300000000001,0.0,1012.33
2020-10-26 01:00:00,9.105555555555556,8.344444444444447,0.9,6.423900000000001,249.0,4.8783,0.0,1012.41
2020-10-26 02:00:00,9.038888888888891,8.355555555555554,0.9,6.1019000000000005,242.0,6.021400000000001,0.0,1012.37
2020-10-26 03:00:00,7.000000000000001,4.922222222222222,0.94,10.7387,211.0,4.9105,0.0,1011.73
2020-10-26 04:00:00,6.4444444444444455,6.4444444444444455,0.94,3.3649,231.0,3.9767000000000006,0.0,1011.81
2020-10-26 05:00:00,4.716666666666668,3.4666666666666677,0.99,5.8443000000000005,200.0,2.4633000000000003,0.0,1012.02
2020-10-26 06:00:00,3.8555555555555543,1.8000000000000012,1.0,8.017800000000001,203.0,1.3685,0.0,1012.03
2020-10-26 07:00:00,3.877777777777776,3.877777777777776,1.0,3.2844,198.0,1.0143,0.0,1012.1
2020-10-26 08:00:00,5.177777777777778,4.272222222222221,0.94,5.055400000000001,190.0,1.8515,0.0,1012.38
2020-10-26 09:00:00,7.116666666666668,5.650000000000001,1.0,7.9373000000000005,214.0,5.9731000000000005,0.0,1012.32
2020-10-26 10:00:00,10.933333333333334,10.933333333333334,0.81,9.563400000000001,270.0,9.7566,0.0,1012.42
2020-10-26 11:00:00,12.233333333333336,12.233333333333336,0.79,4.7334000000000005,290.0,9.048200000000001,0.0,1012.35
2020-10-26 12:00:00,13.838888888888887,13.838888888888887,0.72,2.0447,285.0,9.982000000000001,0.0,1012.18
2020-10-26 13:00:00,15.950000000000001,15.950000000000001,0.59,2.9141000000000004,149.0,11.2056,0.0,1011.49
2020-10-26 14:00:00,16.016666666666666,16.016666666666666,0.55,4.5402000000000005,168.0,11.0768,0.0,1010.78
2020-10-26 15:00:00,16.083333333333332,16.083333333333332,0.56,7.728,121.0,11.2056,0.0,1010.18
2020-10-26 16:00:00,15.994444444444444,15.994444444444444,0.58,9.3863,141.0,11.270000000000001,0.0,1009.58
2020-10-26 17:00:00,13.88888888888889,13.88888888888889,0.57,6.44,140.0,15.134000000000002,0.0,1009.5
2020-10-26 18:00:00,12.822222222222221,12.822222222222221,0.72,15.3272,140.0,10.0464,0.0,1008.77
2020-10-26 19:00:00,12.266666666666666,12.266666666666666,0.74,13.894300000000003,130.0,10.0464,0.0,1008.82
2020-10-26 20:00:00,12.222222222222221,12.222222222222221,0.74,17.114300000000004,130.0,9.982000000000001,0.0,1008.04
2020-10-26 21:00:00,11.133333333333333,11.133333333333333,0.8,15.633100000000002,130.0,9.9015,0.0,1007.27
2020-10-26 22:00:00,11.11111111111111,11.11111111111111,0.77,17.0821,121.0,11.801300000000001,0.0,1006.56
2020-10-26 23:00:00,10.555555555555555,10.555555555555555,0.77,19.803,120.0,15.649200000000002,0.0,1005.67
2020-10-27 00:00:00,9.516666666666667,7.094444444444446,0.8,17.001600000000003,130.0,15.729700000000001,0.0,1004.84
2020-10-27 01:00:00,9.488888888888887,7.066666666666666,0.83,16.985500000000002,130.0,15.729700000000001,0.0,1004.03
2020-10-27 02:00:00,8.933333333333332,6.205555555555557,0.87,18.498900000000003,130.0,14.876400000000002,0.0,1002.8
2020-10-27 03:00:00,8.961111111111112,6.072222222222222,0.86,20.0606,130.0,15.729700000000001,0.0,1001.33
2020-10-27 04:00:00,9.466666666666665,6.727777777777778,0.86,19.9157,131.0,15.729700000000001,0.0,1000.11
2020-10-27 05:00:00,10.894444444444444,10.894444444444444,0.79,23.345000000000002,141.0,14.876400000000002,0.0,998.94
2020-10-27 06:00:00,12.061111111111112,12.061111111111112,0.73,33.34310000000001,140.0,9.9015,0.0,997.33
2020-10-27 07:00:00,12.616666666666667,12.616666666666667,0.7,33.3592,140.0,9.982000000000001,0.0,996.31
2020-10-27 08:00:00,12.733333333333334,12.733333333333334,0.69,33.8422,151.0,11.0768,0.0,995.58
2020-10-27 09:00:00,12.227777777777776,12.227777777777776,0.8,37.883300000000006,150.0,11.270000000000001,0.0,994.91
2020-10-27 10:00:00,12.200000000000001,12.200000000000001,0.86,34.9692,150.0,11.0446,0.0,994.41
2020-10-27 11:00:00,12.788888888888891,12.788888888888891,0.78,34.6955,150.0,9.8693,0.0,993.93
2020-10-27 12:00:00,14.883333333333333,14.883333333333333,0.72,37.1105,150.0,9.982000000000001,0.0,992.74
2020-10-27 13:00:00,17.17222222222222,17.17222222222222,0.63,42.9226,160.0,10.0464,0.0,991.74
2020-10-27 14:00:00,17.233333333333334,17.233333333333334,0.63,31.894099999999998,161.0,9.982000000000001,0.0,991.5
2020-10-27 15:00:00,17.266666666666666,17.266666666666666,0.67,29.1571,161.0,10.0464,0.0,991.31
2020-10-27 16:00:00,17.77777777777778,17.77777777777778,0.65,23.1518,160.0,11.2056,0.0,990.53
2020-10-27 17:00:00,16.183333333333334,16.183333333333334,0.8,28.0623,160.0,11.0285,0.0,990.64
2020-10-27 18:00:00,14.049999999999999,14.049999999999999,0.99,29.1088,150.0,8.1305,0.0,990.79
2020-10-27 19:00:00,14.027777777777779,14.027777777777779,0.93,29.302,141.0,8.1949,0.0,991.83
2020-10-27 20:00:00,13.06666666666667,13.06666666666667,0.99,21.7833,132.0,10.5938,0.0,992.21
2020-10-27 21:00:00,12.894444444444446,12.894444444444446,0.96,24.230500000000003,121.0,11.0446,0.0,991.33
2020-10-27 22:00:00,13.333333333333334,13.333333333333334,0.96,10.384500000000001,143.0,15.649200000000002,0.0,991.71
2020-10-27 23:00:00,12.794444444444444,12.794444444444444,0.99,14.7959,139.0,10.9158,0.0,991.42
2020-10-28 00:00:00,12.877777777777778,12.877777777777778,0.96,14.6832,120.0,15.874600000000001,0.0,991.38
2020-10-28 01:00:00,13.311111111111112,13.311111111111112,0.96,10.7387,229.0,1.2719,0.0,992.99
2020-10-28 02:00:00,6.477777777777776,2.1499999999999986,0.96,28.2072,301.0,15.874600000000001,0.0,994.99
2020-10-28 02:00:00,8.855555555555554,5.977777777777777,0.96,19.7225,300.0,14.2163,0.0,993.96
2020-10-28 03:00:00,5.416666666666667,0.7500000000000008,0.93,28.4165,310.0,15.874600000000001,0.0,995.18
2020-10-28 04:00:00,4.394444444444442,-0.3499999999999994,0.9,26.0498,319.0,15.005200000000002,0.0,996.33
2020-10-28 05:00:00,3.7944444444444434,-1.1944444444444438,0.89,26.758200000000002,319.0,11.270000000000001,0.0,997.24
2020-10-28 06:00:00,2.7777777777777777,-2.677777777777778,0.95,28.448700000000006,320.0,11.270000000000001,0.0,997.96
2020-10-28 07:00:00,2.872222222222223,-1.938888888888888,0.95,22.717100000000002,322.0,11.0768,0.0,998.62
2020-10-28 08:00:00,2.7333333333333343,-2.244444444444444,0.96,23.7958,290.0,4.0733,0.0,1000.81
2020-10-28 09:00:00,2.688888888888891,-2.0722222222222224,0.96,21.879900000000003,300.0,4.9105,0.0,1002.25
2020-10-28 10:00:00,2.7722222222222235,-2.08888888888889,0.95,22.878100000000003,292.0,10.8031,0.0,1003.12
2020-10-28 11:00:00,3.7944444444444434,-0.9888888888888895,0.89,24.777900000000002,300.0,11.270000000000001,0.0,1004.07
2020-10-28 12:00:00,3.866666666666667,-0.39444444444444493,0.89,20.4148,300.0,11.270000000000001,0.0,1004.94
2020-10-28 13:00:00,3.9055555555555563,-0.19444444444444522,0.89,19.2395,299.0,11.0768,0.0,1005.41
2020-10-28 14:00:00,3.888888888888889,0.35555555555555585,0.89,15.262800000000002,291.0,11.270000000000001,0.0,1005.86
2020-10-28 15:00:00,3.888888888888889,0.9166666666666659,0.92,12.058900000000001,320.0,11.270000000000001,0.0,1006.41
2020-10-28 16:00:00,3.872222222222222,1.4111111111111105,0.93,9.6439,330.0,8.1144,0.0,1006.69
2020-10-28 17:00:00,3.8444444444444454,2.844444444444443,1.0,4.8622000000000005,322.0,7.905100000000001,0.0,1007.03
2020-10-28 18:00:00,3.866666666666667,1.9666666666666661,1.0,7.486500000000001,334.0,5.0876,0.0,1007.76
2020-10-28 19:00:00,3.8555555555555543,-0.27222222222222137,0.93,19.32,38.0,7.3255,0.0,1008.43
2020-10-28 20:00:00,3.8444444444444454,0.43333333333333396,0.92,14.457800000000002,31.0,11.125100000000002,0.0,1008.37
2020-10-28 21:00:00,3.866666666666667,0.6055555555555574,0.9,13.5884,39.0,9.7566,0.0,1009.42
2020-10-28 22:00:00,3.3444444444444463,-0.9111111111111114,0.91,19.32,30.0,9.6761,0.0,1008.52
2020-10-28 23:00:00,2.7999999999999994,-1.6944444444444449,0.92,20.0284,31.0,9.982000000000001,0.0,1008.96
2020-10-29 00:00:00,2.7777777777777777,-1.7055555555555557,0.89,19.931800000000003,40.0,10.0464,0.0,1009.05
2020-10-29 01:00:00,2.755555555555556,-1.5833333333333341,0.91,18.837,30.0,9.5473,0.0,1008.82
2020-10-29 02:00:00,2.755555555555556,-1.722222222222223,0.93,19.803,30.0,9.9015,0.0,1008.59
2020-10-29 03:00:00,2.755555555555556,-0.8333333333333334,0.92,14.023100000000003,30.0,8.05,0.0,1008.86
2020-10-29 04:00:00,2.322222222222222,-1.7166666666666666,0.96,16.1,13.0,5.3774,0.0,1008.6
2020-10-29 05:00:00,2.1499999999999986,-0.8944444444444442,0.96,10.706500000000002,359.0,6.8264000000000005,0.0,1008.74
2020-10-29 06:00:00,2.061111111111112,-1.3277777777777782,0.93,12.203800000000001,350.0,4.314800000000001,0.0,1008.68
2020-10-29 07:00:00,2.066666666666666,-1.2611111111111108,1.0,11.930100000000001,6.0,6.1341,0.0,1008.67
2020-10-29 08:00:00,2.105555555555555,-1.25,0.93,12.1072,309.0,7.824600000000001,0.0,1009.62
2020-10-29 09:00:00,2.127777777777777,-1.5388888888888888,0.93,13.7011,329.0,10.8192,0.0,1010.14
2020-10-29 10:00:00,2.6611111111111105,-0.7944444444444443,0.96,13.202,338.0,10.7387,0.0,1010.3
2020-10-29 11:00:00,2.7333333333333343,-0.8222222222222224,0.96,13.8138,340.0,10.980200000000002,0.0,1010.26
2020-10-29 12:00:00,2.755555555555556,-0.4833333333333339,0.96,12.1716,348.0,11.0446,0.0,1010.22
2020-10-29 13:00:00,2.8777777777777778,-0.21666666666666698,0.95,11.6081,6.0,11.3183,0.0,1009.95
2020-10-29 14:00:00,3.816666666666665,0.8444444444444462,0.89,11.9945,19.0,11.125100000000002,0.0,1009.83
2020-10-29 15:00:00,3.866666666666667,1.9611111111111117,0.89,7.502600000000001,340.0,11.125100000000002,0.0,1010.11
2020-10-29 16:00:00,3.788888888888889,0.8444444444444462,0.9,11.817400000000001,301.0,11.237800000000002,0.0,1010.1
2020-10-29 17:00:00,3.816666666666665,1.7000000000000013,0.89,8.227100000000002,309.0,11.0446,0.0,1010.14
2020-10-29 18:00:00,2.7777777777777777,2.7777777777777777,0.96,3.7352,276.0,11.0446,0.0,1010.72
2020-10-29 19:00:00,2.855555555555556,1.4333333333333325,0.98,5.570600000000001,293.0,4.588500000000001,0.0,1010.97
2020-10-29 20:00:00,2.7777777777777777,-1.0555555555555547,0.99,15.504300000000002,310.0,2.737,0.0,1010.95
2020-10-29 21:00:00,3.266666666666668,-0.1722222222222215,0.96,13.8299,290.0,6.118,0.0,1011.07
2020-10-29 22:00:00,3.227777777777779,-0.13333333333333247,0.93,13.363000000000001,281.0,9.4829,0.0,1011.57
2020-10-29 23:00:00,3.2444444444444462,0.344444444444443,0.89,11.0446,299.0,7.0357,0.0,1011.52
2020-10-30 00:00:00,2.7111111111111126,-0.27222222222222137,0.95,10.9158,299.0,9.853200000000001,0.0,1011.15
2020-10-30 01:00:00,2.6833333333333322,-0.22222222222222143,0.92,10.5616,278.0,8.7262,0.0,1011.52
2020-10-30 02:00:00,2.666666666666665,-0.3722222222222232,0.92,11.125100000000002,252.0,9.853200000000001,0.0,1011.65
2020-10-30 03:00:00,1.6000000000000014,-2.2500000000000004,0.92,14.039200000000001,270.0,11.8496,0.0,1011.46
2020-10-30 04:00:00,1.5722222222222213,-2.666666666666667,0.89,16.180500000000002,272.0,11.253900000000002,0.0,1011.35
2020-10-30 05:00:00,0.0,-3.9055555555555563,0.92,12.558,270.0,8.1305,0.0,1011.43
2020-10-30 06:00:00,-0.07222222222222167,-3.33888888888889,0.92,9.837100000000001,262.0,9.982000000000001,0.0,1011.52
2020-10-30 07:00:00,0.022222222222221748,-3.7944444444444434,0.92,12.187700000000001,270.0,9.6278,0.0,1012.05
2020-10-30 08:00:00,1.0888888888888895,-2.9277777777777776,0.85,14.312900000000003,261.0,9.982000000000001,0.0,1012.62
2020-10-30 09:00:00,2.7777777777777777,-1.9500000000000008,0.82,21.815500000000004,271.0,11.270000000000001,0.0,1012.91
2020-10-30 10:00:00,3.955555555555554,-0.39999999999999936,0.75,21.3808,270.0,11.0768,0.0,1012.83
2020-10-30 11:00:00,5.022222222222222,0.8888888888888897,0.65,21.896,279.0,11.270000000000001,0.0,1012.69
2020-10-30 12:00:00,6.0888888888888895,1.9555555555555573,0.69,24.761800000000004,250.0,11.270000000000001,0.0,1012.49
2020-10-30 13:00:00,6.93888888888889,3.366666666666668,0.65,21.5257,267.0,11.4471,0.0,1012.7
2020-10-30 14:00:00,6.1833333333333345,3.1166666666666663,0.64,15.7458,241.0,11.270000000000001,0.0,1012.47
2020-10-30 15:00:00,6.155555555555555,3.311111111111112,0.64,14.1841,230.0,11.270000000000001,0.0,1012.65
2020-10-30 16:00:00,5.205555555555554,2.1111111111111094,0.68,14.441700000000003,222.0,11.398800000000001,0.0,1012.89
2020-10-30 17:00:00,2.8500000000000014,0.32777777777777967,0.81,9.0965,171.0,9.982000000000001,0.0,1013.26
2020-10-30 18:00:00,2.2000000000000006,-0.472222222222223,0.85,9.2253,171.0,9.982000000000001,0.0,1013.65
2020-10-30 19:00:00,2.3000000000000003,-0.5999999999999991,0.85,10.2074,171.0,9.982000000000001,0.0,1014.17
2020-10-30 20:00:00,1.1833333333333347,-2.422222222222222,0.85,12.348700000000001,170.0,9.982000000000001,0.0,1014.35
2020-10-30 21:00:00,0.6500000000000009,-2.6999999999999997,0.89,10.722600000000002,161.0,14.9086,0.0,1014.65
2020-10-30 22:00:00,0.8277777777777788,-2.622222222222222,0.88,11.286100000000001,161.0,14.168000000000003,0.0,1014.74
2020-10-30 23:00:00,1.1388888888888873,-2.8111111111111104,0.89,14.007,151.0,15.826300000000002,0.0,1014.75
2020-10-31 00:00:00,0.5555555555555556,-2.883333333333334,0.89,11.012400000000001,152.0,15.826300000000002,0.0,1014.95
2020-10-31 01:00:00,0.46666666666666856,-3.377777777777777,0.9,12.719000000000001,151.0,14.168000000000003,0.0,1015.02
2020-10-31 02:00:00,0.4888888888888903,-3.611111111111111,0.89,14.007,151.0,14.812,0.0,1014.86
2020-10-31 03:00:00,-0.04999999999999992,-4.261111111111112,0.9,13.9909,141.0,14.7637,0.0,1014.65
2020-10-31 04:00:00,-0.1222222222222216,-4.294444444444445,0.91,13.685,142.0,14.023100000000003,0.0,1014.75
2020-10-31 05:00:00,-0.09444444444444539,-4.322222222222223,0.86,14.023100000000003,150.0,9.7566,0.0,1014.66
2020-10-31 06:00:00,-0.07222222222222167,-4.2555555555555555,0.86,13.8299,140.0,9.708300000000001,0.0,1014.96
2020-10-31 07:00:00,-0.18333333333333238,-4.288888888888888,0.93,13.3147,130.0,9.7888,0.0,1015.52
2020-10-31 08:00:00,2.105555555555555,-1.6222222222222231,0.8,14.007,141.0,9.8049,0.0,1015.86
2020-10-31 09:00:00,2.7999999999999994,-0.7722222222222226,0.89,14.007,141.0,9.9015,0.0,1015.96
2020-10-31 10:00:00,5.005555555555555,1.7333333333333318,0.81,15.262800000000002,122.0,9.982000000000001,0.0,1015.74
2020-10-31 11:00:00,7.266666666666666,4.283333333333334,0.78,17.066,121.0,9.982000000000001,0.0,1015.55
2020-10-31 12:00:00,7.8666666666666645,5.177777777777778,0.75,15.922900000000002,141.0,10.0464,0.0,1015.25
2020-10-31 13:00:00,8.93888888888889,6.749999999999999,0.69,14.039200000000001,133.0,10.4006,0.0,1014.76
2020-10-31 14:00:00,8.977777777777776,6.966666666666666,0.7,12.8317,140.0,10.0464,0.0,1014.46
2020-10-31 15:00:00,8.955555555555556,6.949999999999999,0.66,12.7673,112.0,9.982000000000001,0.0,1014.37
2020-10-31 16:00:00,7.938888888888887,5.98888888888889,0.74,11.0607,101.0,10.3523,0.0,1013.97
2020-10-31 17:00:00,6.038888888888888,4.044444444444445,0.79,9.4185,81.0,9.982000000000001,0.0,1013.87
2020-10-31 18:00:00,5.95,3.9055555555555563,0.8,9.5312,82.0,9.982000000000001,0.0,1013.6
2020-10-31 19:00:00,4.949999999999998,2.694444444444445,0.86,9.6439,83.0,9.982000000000001,0.0,1013.35
2020-10-31 20:00:00,4.811111111111109,1.9666666666666661,0.87,12.445300000000001,81.0,9.9015,0.0,1013.39
2020-10-31 21:00:00,4.3277777777777775,1.1333333333333329,0.86,13.7977,80.0,15.729700000000001,0.0,1012.99
2020-10-31 22:00:00,5.116666666666667,1.761111111111112,0.74,16.0034,99.0,14.876400000000002,0.0,1012.02
2020-10-31 23:00:00,4.833333333333335,1.2722222222222217,0.77,16.9694,99.0,15.826300000000002,0.0,1010.99
2020-11-01 00:00:00,5.3666666666666645,1.9333333333333316,0.74,16.9694,100.0,15.826300000000002,0.0,1010.19
2020-11-01 01:00:00,5.216666666666667,1.7555555555555538,0.76,16.905,98.0,14.9569,0.0,1008.78
2020-11-01 02:00:00,5.899999999999999,2.177777777777779,0.74,20.3504,99.0,15.826300000000002,0.0,1007.58
2020-11-01 03:00:00,5.944444444444446,2.588888888888887,0.74,17.436300000000003,100.0,15.826300000000002,0.0,1006.47
2020-11-01 04:00:00,6.372222222222222,2.883333333333332,0.76,19.416600000000003,108.0,14.9569,0.0,1005.3
2020-11-01 05:00:00,7.055555555555557,3.6444444444444457,0.74,20.3021,109.0,9.982000000000001,0.0,1004.25
2020-11-01 06:00:00,7.6111111111111125,4.316666666666668,0.77,20.5436,109.0,9.982000000000001,0.0,1002.87
2020-11-01 07:00:00,8.77222222222222,4.849999999999998,0.79,31.910200000000003,128.0,11.0768,0.0,1001.96
2020-11-01 08:00:00,8.744444444444447,4.7111111111111095,0.93,33.5524,129.0,11.125100000000002,0.0,1001.64
2020-11-01 09:00:00,10.855555555555554,10.855555555555554,0.87,36.8207,129.0,10.980200000000002,0.0,1000.77
2020-11-01 10:00:00,11.755555555555553,11.755555555555553,0.82,41.022800000000004,131.0,9.837100000000001,0.0,1000.23
2020-11-01 11:00:00,12.105555555555554,12.105555555555554,0.8,38.2053,139.0,11.270000000000001,0.0,999.2
2020-11-01 12:00:00,12.177777777777779,12.177777777777779,0.86,38.8654,140.0,11.125100000000002,0.0,998.76
2020-11-01 13:00:00,12.222222222222221,12.222222222222221,0.86,35.0819,140.0,11.4471,0.0,997.8
2020-11-01 14:00:00,13.77222222222222,13.77222222222222,0.78,35.4361,140.0,11.270000000000001,0.0,997.77
2020-11-01 15:00:00,13.816666666666666,13.816666666666666,0.77,39.7348,140.0,11.270000000000001,0.0,997.45
2020-11-01 16:00:00,12.811111111111112,12.811111111111112,0.83,23.167900000000003,142.0,10.4006,0.0,997.6
2020-11-01 17:00:00,12.755555555555556,12.755555555555556,0.84,27.4344,170.0,10.0464,0.0,998.09
2020-11-01 18:00:00,12.222222222222221,12.222222222222221,0.86,24.488100000000003,160.0,11.270000000000001,0.0,999.15
2020-11-01 19:00:00,12.049999999999999,12.049999999999999,0.87,22.572200000000002,163.0,10.0303,0.0,999.89
2020-11-01 20:00:00,11.08888888888889,11.08888888888889,0.93,21.541800000000002,180.0,10.0464,0.0,1000.35
2020-11-01 21:00:00,10.555555555555555,10.555555555555555,0.94,10.948,170.0,14.9086,0.0,1001.24
2020-11-01 22:00:00,10.13888888888889,10.13888888888889,0.96,7.0196000000000005,180.0,11.688600000000001,0.0,1002.14
2020-11-01 23:00:00,9.53888888888889,7.938888888888887,0.96,10.9158,161.0,11.9784,0.0,1002.53
2020-11-02 00:00:00,9.494444444444447,7.916666666666667,0.96,10.722600000000002,161.0,9.982000000000001,0.0,1002.95
2020-11-02 01:00:00,8.555555555555555,6.833333333333332,0.99,10.4811,173.0,5.5384,0.0,1003.44
2020-11-02 02:00:00,8.333333333333334,5.655555555555555,1.0,16.7601,189.0,4.2987,0.0,1003.92
2020-11-02 03:00:00,7.805555555555554,5.377777777777777,0.96,13.8782,181.0,4.2987,0.0,1004.23
2020-11-02 04:00:00,6.894444444444442,5.872222222222223,0.99,6.1341,185.0,4.6046000000000005,0.0,1005.02
2020-11-02 05:00:00,7.244444444444444,4.944444444444444,0.93,12.316500000000001,171.0,2.9141000000000004,0.0,1005.34
2020-11-02 06:00:00,6.1833333333333345,4.6333333333333355,1.0,7.631400000000001,160.0,2.3506,0.0,1005.46
2020-11-02 07:00:00,7.411111111111113,5.938888888888887,0.99,8.1788,171.0,6.3112,0.0,1006.1
2020-11-02 08:00:00,8.894444444444442,7.833333333333333,1.0,7.502600000000001,160.0,9.064300000000001,0.0,1006.45
2020-11-02 09:00:00,12.200000000000001,12.200000000000001,0.92,11.0607,190.0,11.270000000000001,0.0,1006.68
2020-11-02 10:00:00,13.577777777777776,13.577777777777776,0.89,11.286100000000001,191.0,10.8997,0.0,1007.34
2020-11-02 11:00:00,14.81111111111111,14.81111111111111,0.84,11.801300000000001,180.0,11.270000000000001,0.0,1007.39
2020-11-02 12:00:00,15.92222222222222,15.92222222222222,0.81,7.502600000000001,201.0,11.270000000000001,0.0,1007.2
2020-11-02 13:00:00,17.07222222222222,17.07222222222222,0.71,12.3648,232.0,11.4471,0.0,1007.2
2020-11-02 14:00:00,15.761111111111111,15.761111111111111,0.74,19.6259,290.0,11.125100000000002,0.0,1007.44
2020-11-02 15:00:00,14.722222222222221,14.722222222222221,0.79,13.9265,319.0,11.270000000000001,0.0,1008.05
2020-11-02 16:00:00,12.872222222222224,12.872222222222224,0.89,14.5061,319.0,11.3183,0.0,1008.47
2020-11-02 17:00:00,11.966666666666665,11.966666666666665,0.93,8.5491,308.0,10.948,0.0,1009.33
2020-11-02 18:00:00,10.905555555555557,10.905555555555557,0.87,24.0534,309.0,11.0446,0.0,1011.17
2020-11-02 19:00:00,9.911111111111113,9.57222222222222,0.93,5.313,298.0,10.6743,0.0,1010.86
2020-11-02 20:00:00,8.538888888888888,8.15,0.94,4.8783,289.0,9.563400000000001,0.0,1011.16
2020-11-02 21:00:00,8.083333333333332,6.172222222222222,0.96,11.012400000000001,289.0,11.592,0.0,1012.17
2020-11-02 22:00:00,6.683333333333334,5.438888888888888,1.0,6.7942,274.0,4.9105,0.0,1013.03
2020-11-02 23:00:00,5.377777777777777,2.9111111111111123,1.0,11.0446,270.0,3.059,0.0,1013.62
2020-11-03 00:00:00,5.327777777777779,5.327777777777779,1.0,3.0268,239.0,3.8801000000000005,0.0,1014.09
2020-11-03 01:00:00,4.961111111111111,3.6555555555555546,1.0,6.118,232.0,3.3810000000000002,0.0,1014.48
2020-11-03 02:00:00,3.266666666666668,1.7111111111111101,1.0,6.0858,209.0,0.1932,0.0,1014.78
2020-11-03 03:00:00,2.7333333333333343,2.7333333333333343,1.0,3.3005,151.0,0.4025,0.0,1014.98
2020-11-03 04:00:00,2.5333333333333345,1.0055555555555569,1.0,5.7316,144.0,0.3542,0.0,1015.55
2020-11-03 05:00:00,2.7999999999999994,0.14444444444444335,1.0,9.579500000000001,150.0,0.3542,0.0,1015.46
2020-11-03 06:00:00,2.8388888888888886,0.2833333333333322,1.0,9.2414,140.0,0.32200000000000006,0.0,1015.48
2020-11-03 07:00:00,5.0,1.872222222222221,1.0,14.312900000000003,150.0,0.16100000000000003,0.0,1016.06
2020-11-03 08:00:00,5.044444444444443,1.9555555555555573,1.0,14.1358,151.0,0.16100000000000003,0.0,1016.13
2020-11-03 09:00:00,6.177777777777776,3.5944444444444437,1.0,12.606300000000001,142.0,0.16100000000000003,0.0,1016.63
2020-11-03 10:00:00,8.827777777777778,7.066666666666666,1.0,11.012400000000001,152.0,0.2415,0.0,1016.87
2020-11-03 11:00:00,9.927777777777777,7.277777777777778,1.0,20.1733,151.0,2.5921000000000003,0.0,1016.67
2020-11-03 12:00:00,12.122222222222222,12.122222222222222,0.93,15.633100000000002,160.0,4.4919,0.0,1016.44
2020-11-03 13:00:00,12.972222222222221,12.972222222222221,0.98,12.397,152.0,5.4579,0.0,1016.18
2020-11-03 14:00:00,13.972222222222221,13.972222222222221,0.92,8.033900000000001,143.0,6.295100000000001,0.0,1015.45
2020-11-03 15:00:00,14.988888888888887,14.988888888888887,0.92,9.9337,160.0,8.1305,0.0,1015.36
2020-11-03 16:00:00,13.133333333333333,13.133333333333333,0.97,9.724400000000001,140.0,8.162700000000001,0.0,1015.22
2020-11-03 17:00:00,12.149999999999999,12.149999999999999,1.0,12.397,141.0,4.4919,0.0,1015.16
2020-11-03 18:00:00,11.06111111111111,11.06111111111111,0.99,13.765500000000001,131.0,4.314800000000001,0.0,1014.87
2020-11-03 19:00:00,10.150000000000002,10.150000000000002,0.98,10.3201,142.0,5.554500000000001,0.0,1014.93
2020-11-03 20:00:00,8.955555555555556,7.188888888888887,0.93,11.2056,151.0,5.8604,0.0,1014.86
2020-11-03 21:00:00,8.355555555555554,6.038888888888888,1.0,13.9909,189.0,5.8765,0.0,1015.04
2020-11-03 22:00:00,9.144444444444446,7.155555555555556,0.95,12.8961,133.0,6.488300000000001,0.0,1014.72
2020-11-03 23:00:00,8.822222222222223,6.655555555555554,0.96,13.685,130.0,4.83,0.0,1014.67
2020-11-04 00:00:00,8.866666666666667,6.666666666666667,0.96,13.9909,131.0,5.9248,0.0,1014.57
2020-11-04 01:00:00,8.716666666666665,6.500000000000002,0.94,13.846,131.0,6.359500000000001,0.0,1014.39
2020-11-04 02:00:00,8.216666666666665,6.388888888888889,0.96,10.722600000000002,141.0,6.021400000000001,0.0,1014.28
2020-11-04 03:00:00,7.638888888888889,5.694444444444445,0.96,10.706500000000002,141.0,6.021400000000001,0.0,1013.97
2020-11-04 04:00:00,7.144444444444444,5.088888888888887,0.96,10.7548,150.0,5.313,0.0,1014.07
2020-11-04 05:00:00,6.0888888888888895,3.800000000000002,1.0,10.8836,132.0,4.025,0.0,1013.96
2020-11-04 06:00:00,6.133333333333333,3.511111111111111,1.0,12.783400000000002,131.0,4.9105,0.0,1013.85
2020-11-04 07:00:00,7.116666666666668,4.9833333333333325,0.99,11.157300000000001,143.0,7.615300000000001,0.0,1013.92
2020-11-04 08:00:00,8.861111111111112,6.688888888888888,0.93,13.7977,151.0,9.708300000000001,0.0,1013.95
2020-11-04 09:00:00,12.149999999999999,12.149999999999999,0.86,11.0768,160.0,9.853200000000001,0.0,1014.05
2020-11-04 10:00:00,14.88888888888889,14.88888888888889,0.78,11.253900000000002,173.0,9.982000000000001,0.0,1013.97
2020-11-04 11:00:00,17.22222222222222,17.22222222222222,0.71,12.5741,144.0,9.982000000000001,0.0,1013.83
2020-11-04 12:00:00,17.872222222222224,17.872222222222224,0.69,14.425600000000003,163.0,11.2056,0.0,1013.22
2020-11-04 13:00:00,18.883333333333333,18.883333333333333,0.62,15.842400000000001,172.0,10.3523,0.0,1012.49
2020-11-04 14:00:00,20.022222222222226,20.022222222222226,0.56,20.3504,171.0,9.982000000000001,0.0,1011.71
2020-11-04 15:00:00,18.93333333333333,18.93333333333333,0.6,17.0821,161.0,9.982000000000001,0.0,1011.24
2020-11-04 16:00:00,17.23888888888889,17.23888888888889,0.66,14.7476,153.0,10.3523,0.0,1011.19
2020-11-04 17:00:00,14.972222222222221,14.972222222222221,0.78,12.5097,141.0,9.982000000000001,0.0,1010.84
2020-11-04 18:00:00,15.094444444444447,15.094444444444447,0.72,14.1197,141.0,9.982000000000001,0.0,1010.73
2020-11-04 19:00:00,14.844444444444443,14.844444444444443,0.74,14.699300000000003,143.0,9.982000000000001,0.0,1010.25
2020-11-04 20:00:00,13.861111111111112,13.861111111111112,0.78,17.0821,141.0,9.982000000000001,0.0,1009.66
2020-11-04 21:00:00,13.91111111111111,13.91111111111111,0.77,16.9694,150.0,15.826300000000002,0.0,1009.33
2020-11-04 22:00:00,14.244444444444444,14.244444444444444,0.74,18.5472,142.0,14.9569,0.0,1008.74
2020-11-04 23:00:00,13.333333333333334,13.333333333333334,0.8,20.2055,150.0,15.826300000000002,0.0,1008.13
2020-11-05 00:00:00,12.799999999999999,12.799999999999999,0.83,17.114300000000004,150.0,15.826300000000002,0.0,1007.5
2020-11-05 01:00:00,12.31111111111111,12.31111111111111,0.86,16.309300000000004,142.0,14.9569,0.0,1006.71
2020-11-05 02:00:00,12.822222222222221,12.822222222222221,0.83,17.4202,141.0,15.826300000000002,0.0,1005.81
2020-11-05 03:00:00,13.350000000000001,13.350000000000001,0.8,24.6491,150.0,9.982000000000001,0.0,1004.61
2020-11-05 04:00:00,13.283333333333331,13.283333333333331,0.79,23.4094,142.0,14.9569,0.0,1004.07
2020-11-05 05:00:00,13.91111111111111,13.91111111111111,0.73,28.915600000000005,150.0,11.270000000000001,0.0,1002.99
2020-11-05 06:00:00,12.844444444444443,12.844444444444443,0.83,29.253700000000006,140.0,9.982000000000001,0.0,1002.08
2020-11-05 07:00:00,13.77222222222222,13.77222222222222,0.79,30.493400000000005,151.0,10.3523,0.0,1001.42
2020-11-05 08:00:00,14.97777777777778,14.97777777777778,0.78,32.3288,150.0,10.0464,0.0,1000.48
2020-11-05 09:00:00,16.038888888888888,16.038888888888888,0.73,36.7241,151.0,9.9015,0.0,999.6
2020-11-05 10:00:00,17.105555555555554,17.105555555555554,0.72,35.9352,162.0,11.4471,0.0,999.28
2020-11-05 11:00:00,17.049999999999997,17.049999999999997,0.73,33.826100000000004,161.0,11.270000000000001,0.0,998.44
2020-11-05 12:00:00,18.28888888888889,18.28888888888889,0.69,35.387800000000006,161.0,11.270000000000001,0.0,997.45
2020-11-05 13:00:00,16.033333333333335,16.033333333333335,0.78,24.8262,277.0,11.4471,0.0,997.41
2020-11-05 14:00:00,11.944444444444445,11.944444444444445,0.81,26.4845,329.0,11.125100000000002,0.0,999.65
2020-11-05 15:00:00,9.911111111111113,6.51111111111111,0.93,29.4469,300.0,11.125100000000002,0.0,999.91
2020-11-05 16:00:00,9.044444444444444,6.633333333333332,0.99,15.939000000000002,330.0,5.8121,0.0,1000.88
2020-11-05 17:00:00,8.844444444444445,5.622222222222221,1.0,23.2484,309.0,6.166300000000001,0.0,1001.11
2020-11-05 18:00:00,8.794444444444444,5.583333333333332,0.93,23.023000000000003,310.0,8.1305,0.0,1002.53
2020-11-05 19:00:00,8.805555555555555,5.816666666666666,0.93,20.624100000000002,284.0,6.8425,0.0,1003.32
2020-11-05 20:00:00,8.844444444444445,5.922222222222221,0.89,20.0928,290.0,11.2056,0.0,1004.18
2020-11-05 21:00:00,8.794444444444444,5.188888888888891,0.89,27.7403,280.0,14.9086,0.0,1005.68
2020-11-05 22:00:00,8.266666666666667,4.672222222222221,0.9,25.6634,271.0,14.9569,0.0,1007.18
2020-11-05 23:00:00,8.155555555555557,4.616666666666668,0.83,24.633000000000003,290.0,15.826300000000002,0.0,1007.69
2020-11-06 00:00:00,7.6000000000000005,4.7,0.86,17.0821,260.0,15.826300000000002,0.0,1010.09
2020-11-06 01:00:00,6.566666666666666,3.816666666666665,0.87,14.168000000000003,278.0,14.9569,0.0,1010.04
2020-11-06 02:00:00,5.422222222222221,2.922222222222221,0.93,11.270000000000001,260.0,15.826300000000002,0.0,1010.82
2020-11-06 03:00:00,5.977777777777777,3.6777777777777763,0.93,10.835300000000002,222.0,15.826300000000002,0.0,1011.7
2020-11-06 04:00:00,5.955555555555555,3.533333333333333,0.93,11.431000000000001,234.0,14.168000000000003,0.0,1012.05
2020-11-06 05:00:00,4.866666666666665,2.944444444444443,1.0,8.1949,240.0,9.982000000000001,0.0,1012.53
2020-11-06 06:00:00,4.777777777777779,4.777777777777779,0.94,3.1234,266.0,8.05,0.0,1013.02
2020-11-06 07:00:00,4.027777777777778,2.9611111111111104,0.93,5.0876,202.0,6.488300000000001,0.0,1013.69
2020-11-06 08:00:00,4.966666666666665,4.100000000000001,0.93,4.8783,205.0,9.982000000000001,0.0,1014.68
2020-11-06 09:00:00,7.73888888888889,6.322222222222224,0.89,8.1949,250.0,9.982000000000001,0.0,1014.9
2020-11-06 10:00:00,9.016666666666664,7.894444444444446,0.83,7.889000000000001,280.0,10.4006,0.0,1015.24
2020-11-06 11:00:00,12.177777777777779,12.177777777777779,0.66,1.4973,216.0,11.270000000000001,0.0,1015.29
2020-11-06 12:00:00,12.822222222222221,12.822222222222221,0.55,3.2683,350.0,11.270000000000001,0.0,1015.16
2020-11-06 13:00:00,13.661111111111113,13.661111111111113,0.51,3.3327,240.0,11.4471,0.0,1014.99
2020-11-06 14:00:00,13.75,13.75,0.55,2.1574000000000004,276.0,11.270000000000001,0.0,1014.7
2020-11-06 15:00:00,12.177777777777779,12.177777777777779,0.66,7.953400000000001,213.0,11.270000000000001,0.0,1015.13
2020-11-06 16:00:00,11.161111111111113,11.161111111111113,0.74,4.186000000000001,244.0,10.3523,0.0,1015.74
2020-11-06 17:00:00,9.97777777777778,9.97777777777778,0.85,3.3649,290.0,9.982000000000001,0.0,1016.31
2020-11-06 18:00:00,9.927777777777777,9.611111111111109,0.83,5.2486,324.0,11.2056,0.0,1016.83
2020-11-06 19:00:00,9.449999999999998,8.822222222222223,0.85,6.118,283.0,14.9569,0.0,1017.67
2020-11-06 20:00:00,9.883333333333333,8.305555555555557,0.71,11.237800000000002,319.0,11.2056,0.0,1018.63
2020-11-06 21:00:00,9.283333333333335,6.800000000000001,0.74,17.0338,319.0,15.826300000000002,0.0,1019.43
2020-11-06 22:00:00,8.18888888888889,6.427777777777778,0.82,10.2718,309.0,14.9569,0.0,1019.84
2020-11-06 23:00:00,7.638888888888889,5.572222222222223,0.86,11.382700000000002,261.0,15.826300000000002,0.0,1020.35
2020-11-07 00:00:00,6.93888888888889,4.811111111111109,0.87,10.948,280.0,15.826300000000002,0.0,1020.95
2020-11-07 01:00:00,6.388888888888889,4.300000000000001,0.82,10.1913,300.0,14.9569,0.0,1021.02
2020-11-07 02:00:00,4.861111111111111,2.294444444444446,0.83,11.0607,271.0,15.826300000000002,0.0,1021.54
2020-11-07 03:00:00,3.7777777777777763,0.9166666666666659,0.89,11.382700000000002,261.0,15.826300000000002,0.0,1021.86
2020-11-07 04:00:00,3.3222222222222206,0.56111111111111,0.89,10.4972,272.0,14.9569,0.0,1022.31
2020-11-07 05:00:00,2.694444444444445,0.0,0.89,9.66,288.0,9.982000000000001,0.0,1022.74
2020-11-07 06:00:00,2.116666666666668,-0.6444444444444445,0.85,9.499,279.0,9.982000000000001,0.0,1022.94
2020-11-07 07:00:00,2.205555555555555,2.205555555555555,0.86,3.8157000000000005,271.0,9.982000000000001,0.0,1023.6
2020-11-07 08:00:00,4.849999999999998,2.9277777777777794,0.82,8.1949,269.0,9.982000000000001,0.0,1024.13
2020-11-07 09:00:00,7.644444444444442,5.599999999999999,0.72,11.270000000000001,280.0,9.982000000000001,0.0,1024.31
2020-11-07 10:00:00,8.788888888888888,7.061111111111112,0.65,10.770900000000001,282.0,10.3523,0.0,1024.4
2020-11-07 11:00:00,10.0,8.427777777777779,0.58,11.3344,287.0,9.982000000000001,0.0,1024.49
2020-11-07 12:00:00,11.06111111111111,11.06111111111111,0.56,15.955100000000002,240.0,11.270000000000001,0.0,1024.0
2020-11-07 13:00:00,11.05,11.05,0.55,16.7601,251.0,11.4471,0.0,1023.9
2020-11-07 14:00:00,11.11111111111111,11.11111111111111,0.56,20.6885,251.0,11.270000000000001,0.0,1023.69
2020-11-07 15:00:00,11.038888888888888,11.038888888888888,0.56,15.810200000000002,242.0,11.270000000000001,0.0,1024.01
2020-11-07 16:00:00,10.0,8.055555555555555,0.61,13.9909,251.0,10.3523,0.0,1024.47
2020-11-07 17:00:00,8.961111111111112,7.200000000000001,0.7,11.1734,243.0,10.0464,0.0,1024.8
2020-11-07 18:00:00,8.88888888888889,6.900000000000001,0.71,12.525800000000002,242.0,11.270000000000001,0.0,1025.31
2020-11-07 19:00:00,8.900000000000002,7.172222222222221,0.71,10.8997,244.0,10.0303,0.0,1025.91
2020-11-07 20:00:00,8.866666666666667,6.611111111111111,0.71,14.3934,252.0,11.270000000000001,0.0,1025.92
2020-11-07 21:00:00,8.794444444444444,6.533333333333332,0.74,14.312900000000003,251.0,15.826300000000002,0.0,1026.33
2020-11-07 22:00:00,8.711111111111112,6.9722222222222205,0.73,10.7387,260.0,14.9569,0.0,1026.64
2020-11-07 23:00:00,8.266666666666667,6.3166666666666655,0.74,11.4632,262.0,15.826300000000002,0.0,1026.89
2020-11-08 00:00:00,8.266666666666667,5.938888888888887,0.74,13.9265,242.0,15.826300000000002,0.0,1026.89
2020-11-08 01:00:00,7.772222222222224,5.972222222222222,0.8,10.0625,234.0,14.9569,0.0,1026.87
2020-11-08 02:00:00,7.644444444444442,6.605555555555556,0.79,6.617100000000001,238.0,15.826300000000002,0.0,1026.71
2020-11-08 03:00:00,6.561111111111113,5.3999999999999995,0.82,6.423900000000001,237.0,15.826300000000002,0.0,1026.9
2020-11-08 04:00:00,6.216666666666665,4.1166666666666645,0.83,10.0303,234.0,14.9569,0.0,1026.74
2020-11-08 05:00:00,3.9611111111111126,2.1000000000000005,0.92,7.422100000000001,192.0,9.982000000000001,0.0,1026.71
2020-11-08 06:00:00,4.977777777777778,2.449999999999998,0.93,10.948,221.0,9.982000000000001,0.0,1026.6
2020-11-08 07:00:00,6.005555555555556,4.1166666666666645,0.87,8.903300000000002,233.0,9.982000000000001,0.0,1026.81
2020-11-08 08:00:00,7.1333333333333355,5.716666666666666,0.93,7.7440999999999995,191.0,9.982000000000001,0.0,1026.97
2020-11-08 09:00:00,8.961111111111112,7.583333333333333,0.82,9.032100000000002,192.0,9.982000000000001,0.0,1026.76
2020-11-08 10:00:00,11.06111111111111,11.06111111111111,0.71,10.0303,202.0,10.0303,0.0,1026.47
2020-11-08 11:00:00,12.799999999999999,12.799999999999999,0.68,14.1197,193.0,11.270000000000001,0.0,1025.99
2020-11-08 12:00:00,12.822222222222221,12.822222222222221,0.63,14.296800000000003,201.0,11.270000000000001,0.0,1025.38
2020-11-08 13:00:00,12.838888888888889,12.838888888888889,0.67,13.781600000000001,211.0,11.4471,0.0,1024.93
2020-11-08 14:00:00,12.894444444444446,12.894444444444446,0.68,17.146500000000003,211.0,11.270000000000001,0.0,1023.88
2020-11-08 15:00:00,12.799999999999999,12.799999999999999,0.68,15.4721,200.0,11.2056,0.0,1023.64
2020-11-08 16:00:00,10.288888888888891,10.288888888888891,0.75,8.694,163.0,10.3523,0.0,1023.12
2020-11-08 17:00:00,7.938888888888887,6.338888888888887,0.88,9.2253,141.0,9.982000000000001,0.0,1022.86
2020-11-08 18:00:00,7.777777777777778,6.099999999999998,0.88,9.450700000000001,141.0,9.982000000000001,0.0,1022.76
2020-11-08 19:00:00,7.3999999999999995,5.599999999999999,0.86,9.708300000000001,154.0,9.982000000000001,0.0,1022.48
2020-11-08 20:00:00,7.172222222222221,5.094444444444445,0.86,10.948,150.0,9.982000000000001,0.0,1021.76
2020-11-08 21:00:00,6.600000000000001,5.444444444444443,0.89,6.423900000000001,150.0,15.826300000000002,0.0,1021.17
2020-11-08 22:00:00,6.461111111111112,3.7944444444444434,0.87,13.507900000000001,151.0,14.876400000000002,0.0,1020.8
2020-11-08 23:00:00,6.500000000000002,3.7944444444444434,0.83,13.8138,150.0,8.05,0.0,1019.98
2020-11-09 00:00:00,6.483333333333334,3.7944444444444434,0.83,13.6689,150.0,15.697500000000002,0.0,1019.59
2020-11-09 01:00:00,6.466666666666667,3.8833333333333346,0.83,12.960500000000001,150.0,14.844200000000003,0.0,1018.87
2020-11-09 02:00:00,6.016666666666666,3.2111111111111117,0.86,13.765500000000001,141.0,15.729700000000001,0.0,1018.31
2020-11-09 03:00:00,4.905555555555555,3.5888888888888895,0.9,6.1341,179.0,15.729700000000001,0.0,1018.38
2020-11-09 04:00:00,5.316666666666666,4.17777777777778,0.91,5.796,148.0,14.0875,0.0,1018.12
2020-11-09 05:00:00,3.8444444444444454,3.8444444444444454,0.93,4.7495,191.0,9.9015,0.0,1017.73
2020-11-09 06:00:00,4.861111111111111,4.861111111111111,0.94,4.5563,162.0,9.9015,0.0,1018.0
2020-11-09 07:00:00,5.072222222222224,3.5166666666666657,0.93,6.9713,166.0,8.3398,0.0,1017.9
2020-11-09 08:00:00,6.022222222222224,6.022222222222224,0.93,4.652900000000001,208.0,8.1305,0.0,1018.44
2020-11-09 09:00:00,7.76111111111111,5.994444444444444,0.83,9.8693,281.0,9.982000000000001,0.0,1018.74
2020-11-09 10:00:00,9.855555555555558,8.527777777777779,0.76,9.6761,287.0,11.0285,0.0,1019.04
2020-11-09 11:00:00,11.083333333333336,11.083333333333336,0.71,24.955000000000002,319.0,11.270000000000001,0.0,1018.46
2020-11-09 12:00:00,12.266666666666666,12.266666666666666,0.65,20.334300000000002,309.0,10.0464,0.0,1018.16
2020-11-09 13:00:00,12.627777777777775,12.627777777777775,0.63,15.922900000000002,304.0,10.4006,0.0,1018.4
2020-11-09 14:00:00,12.777777777777779,12.777777777777779,0.63,17.388,300.0,10.0464,0.0,1018.44
2020-11-09 15:00:00,12.244444444444444,12.244444444444444,0.65,20.4309,291.0,9.982000000000001,0.0,1018.45
2020-11-09 16:00:00,11.105555555555558,11.105555555555558,0.65,11.930100000000001,291.0,11.398800000000001,0.0,1018.9
2020-11-09 17:00:00,9.927777777777777,8.16111111111111,0.67,12.590200000000001,300.0,11.270000000000001,0.0,1019.46
2020-11-09 18:00:00,8.866666666666667,6.927777777777777,0.71,12.187700000000001,301.0,9.982000000000001,0.0,1020.08
2020-11-09 19:00:00,7.727777777777776,6.172222222222222,0.83,8.8067,308.0,9.982000000000001,0.0,1020.71
2020-11-09 20:00:00,7.000000000000001,5.483333333333332,0.8,8.05,320.0,9.982000000000001,0.0,1020.87
2020-11-09 21:00:00,5.838888888888888,3.4222222222222203,0.9,11.270000000000001,310.0,15.729700000000001,0.0,1021.46
2020-11-09 22:00:00,5.199999999999999,2.844444444444443,0.93,10.3201,7.0,14.7637,0.0,1021.63
2020-11-09 23:00:00,4.100000000000001,2.561111111111111,0.93,6.44,10.0,14.586600000000002,0.0,1021.68
2020-11-10 00:00:00,3.1333333333333337,1.4388888888888909,0.96,6.44,330.0,14.49,0.0,1022.55
2020-11-10 01:00:00,2.2666666666666657,2.2666666666666657,0.99,4.781700000000001,4.0,2.2862,0.0,1022.64
2020-11-10 02:00:00,1.5277777777777777,-0.41111111111111026,0.96,6.44,290.0,0.6279,0.0,1023.0
2020-11-10 03:00:00,3.1444444444444426,1.4555555555555542,1.0,6.44,30.0,0.16100000000000003,0.0,1022.43
2020-11-10 04:00:00,2.244444444444444,0.6055555555555574,0.99,5.9087000000000005,49.0,0.27370000000000005,0.0,1022.35
2020-11-10 05:00:00,2.016666666666668,2.016666666666668,1.0,4.83,260.0,0.16100000000000003,0.0,1022.52
2020-11-10 06:00:00,2.5722222222222237,-0.0611111111111108,1.0,9.338000000000001,71.0,0.16100000000000003,0.0,1022.69
2020-11-10 07:00:00,2.677777777777778,0.44444444444444287,1.0,7.921200000000001,99.0,0.16100000000000003,0.0,1022.76
2020-11-10 08:00:00,2.2222222222222223,-0.09999999999999984,1.0,7.953400000000001,129.0,0.16100000000000003,0.0,1023.11
2020-11-10 09:00:00,2.7999999999999994,-0.14999999999999977,1.0,10.867500000000001,140.0,0.16100000000000003,0.0,1023.49
2020-11-10 10:00:00,4.05,1.555555555555554,0.99,9.9337,151.0,0.4186,0.0,1023.71
2020-11-10 11:00:00,6.016666666666666,3.3722222222222222,1.0,12.783400000000002,121.0,0.6440000000000001,0.0,1023.55
2020-11-10 12:00:00,6.038888888888888,2.3888888888888875,1.0,20.0606,131.0,0.966,0.0,1022.78
2020-11-10 13:00:00,6.116666666666665,3.3611111111111094,1.0,13.5884,150.0,2.737,0.0,1022.62
2020-11-10 14:00:00,6.155555555555555,3.1166666666666663,1.0,15.504300000000002,130.0,3.4615,0.0,1022.14
2020-11-10 15:00:00,7.244444444444444,4.6333333333333355,0.99,14.2807,129.0,3.4615,0.0,1021.44
2020-11-10 16:00:00,6.449999999999999,4.566666666666666,0.98,9.2414,117.0,2.8819000000000004,0.0,1020.24
2020-11-10 17:00:00,7.172222222222221,5.072222222222224,1.0,11.0607,101.0,3.9284000000000003,0.0,1020.66
2020-11-10 18:00:00,7.083333333333333,4.722222222222222,1.0,12.4131,110.0,4.8461,0.0,1020.57
2020-11-10 19:00:00,7.566666666666666,4.9,0.95,15.230600000000003,120.0,6.9069,0.0,1020.27
2020-11-10 20:00:00,7.566666666666666,3.927777777777778,0.9,23.9568,130.0,7.728,0.0,1019.87
2020-11-10 21:00:00,8.177777777777777,5.1111111111111125,0.84,19.7708,139.0,9.595600000000001,0.0,1019.79
2020-11-10 22:00:00,7.672222222222223,4.111111111111111,0.86,23.4094,132.0,13.9748,0.0,1019.64
2020-11-10 23:00:00,8.15,5.077777777777778,0.81,19.803,140.0,14.812,0.0,1019.79
2020-11-11 00:00:00,7.66111111111111,4.772222222222224,0.8,17.114300000000004,140.0,14.9086,0.0,1019.78
2020-11-11 01:00:00,7.183333333333334,3.9222222222222234,0.8,19.2556,140.0,14.168000000000003,0.0,1019.39
2020-11-11 02:00:00,6.600000000000001,3.4500000000000006,0.83,17.114300000000004,140.0,15.826300000000002,0.0,1019.44
2020-11-11 03:00:00,6.572222222222221,3.416666666666666,0.83,17.114300000000004,130.0,15.826300000000002,0.0,1018.87
2020-11-11 04:00:00,6.588888888888889,3.5166666666666657,0.8,16.5186,129.0,14.9569,0.0,1018.67
2020-11-11 05:00:00,6.111111111111111,2.8388888888888886,0.79,17.114300000000004,130.0,9.982000000000001,0.0,1018.84
2020-11-11 06:00:00,7.083333333333333,3.3999999999999986,0.74,22.9908,129.0,9.982000000000001,0.0,1018.58
2020-11-11 07:00:00,7.049999999999999,3.583333333333335,0.74,20.8173,129.0,9.982000000000001,0.0,1018.9
2020-11-11 08:00:00,7.6111111111111125,4.255555555555554,0.77,21.2037,139.0,9.982000000000001,0.0,1018.93
2020-11-11 09:00:00,9.788888888888888,6.861111111111112,0.72,22.9264,139.0,9.982000000000001,0.0,1018.9
2020-11-11 10:00:00,11.916666666666668,11.916666666666668,0.66,26.7421,140.0,10.3523,0.0,1019.17
2020-11-11 11:00:00,12.755555555555556,12.755555555555556,0.64,29.4147,140.0,9.982000000000001,0.0,1018.79
2020-11-11 12:00:00,13.794444444444444,13.794444444444444,0.59,23.345000000000002,149.0,9.982000000000001,0.0,1018.67
2020-11-11 13:00:00,13.794444444444444,13.794444444444444,0.56,28.497,149.0,10.3523,0.0,1018.33
2020-11-11 14:00:00,13.838888888888887,13.838888888888887,0.59,22.9908,139.0,9.982000000000001,0.0,1018.16
2020-11-11 15:00:00,12.777777777777779,12.777777777777779,0.65,21.5096,149.0,9.982000000000001,0.0,1018.09
2020-11-11 16:00:00,12.183333333333334,12.183333333333334,0.71,15.246700000000002,130.0,10.3523,0.0,1018.5
2020-11-11 17:00:00,11.094444444444443,11.094444444444443,0.71,22.8459,139.0,9.982000000000001,0.0,1019.02
2020-11-11 18:00:00,10.933333333333334,10.933333333333334,0.68,24.3593,140.0,9.982000000000001,0.0,1018.66
2020-11-11 19:00:00,9.97777777777778,7.427777777777777,0.72,19.32,151.0,9.982000000000001,0.0,1019.01
2020-11-11 20:00:00,9.883333333333333,7.255555555555556,0.72,19.931800000000003,140.0,9.982000000000001,0.0,1019.28
2020-11-11 21:00:00,9.305555555555555,6.855555555555558,0.72,16.8245,149.0,15.826300000000002,0.0,1019.89
2020-11-11 22:00:00,8.877777777777775,6.427777777777778,0.74,15.939000000000002,159.0,14.9569,0.0,1020.1
2020-11-11 23:00:00,8.77222222222222,6.188888888888889,0.75,16.856700000000004,150.0,15.826300000000002,0.0,1020.4
2020-11-12 00:00:00,9.194444444444443,6.7444444444444445,0.72,16.5508,159.0,15.826300000000002,0.0,1020.88
2020-11-12 01:00:00,8.677777777777777,6.533333333333332,0.76,13.2664,161.0,14.9569,0.0,1021.22
2020-11-12 02:00:00,8.216666666666665,5.477777777777778,0.77,17.0177,150.0,15.826300000000002,0.0,1021.29
2020-11-12 03:00:00,8.172222222222224,5.888888888888889,0.81,13.4596,149.0,15.826300000000002,0.0,1021.23
2020-11-12 04:00:00,7.666666666666665,5.1944444444444455,0.81,13.9748,150.0,14.876400000000002,0.0,1021.5
2020-11-12 05:00:00,7.177777777777779,5.405555555555554,0.86,9.3702,160.0,9.982000000000001,0.0,1021.71
2020-11-12 06:00:00,7.155555555555556,5.7222222222222205,0.86,7.824600000000001,150.0,9.982000000000001,0.0,1022.08
2020-11-12 07:00:00,6.994444444444446,5.361111111111111,0.87,8.5652,155.0,9.982000000000001,0.0,1022.26
2020-11-12 08:00:00,7.733333333333334,6.077777777777777,0.84,9.2897,141.0,9.982000000000001,0.0,1022.8
2020-11-12 09:00:00,11.038888888888888,11.038888888888888,0.71,10.2879,151.0,9.982000000000001,0.0,1022.9
2020-11-12 10:00:00,12.105555555555554,12.105555555555554,0.67,4.83,180.0,9.982000000000001,0.0,1023.04
2020-11-12 11:00:00,12.86111111111111,12.86111111111111,0.69,4.4758,147.0,9.982000000000001,0.0,1023.29
2020-11-12 12:00:00,14.972222222222221,14.972222222222221,0.62,3.0751,137.0,9.982000000000001,0.0,1022.43
2020-11-12 13:00:00,15.0,15.0,0.59,2.9624,148.0,10.3523,0.0,1022.64
2020-11-12 14:00:00,14.972222222222221,14.972222222222221,0.62,1.1109,196.0,9.982000000000001,0.0,1022.65
2020-11-12 15:00:00,13.927777777777777,13.927777777777777,0.76,1.2236,213.0,9.982000000000001,0.0,1022.84
2020-11-12 16:00:00,12.844444444444443,12.844444444444443,0.77,3.3327,341.0,9.450700000000001,0.0,1023.33
2020-11-12 17:00:00,12.244444444444444,12.244444444444444,0.74,4.9105,0.0,9.982000000000001,0.0,1023.61
2020-11-12 18:00:00,12.105555555555554,12.105555555555554,0.8,4.83,20.0,9.9015,0.0,1023.53
2020-11-12 19:00:00,10.116666666666667,10.116666666666667,0.87,3.2683,11.0,9.338000000000001,0.0,1023.48
2020-11-12 20:00:00,9.027777777777779,7.911111111111113,0.92,7.840700000000001,303.0,9.853200000000001,0.0,1024.46
2020-11-12 21:00:00,9.005555555555556,9.005555555555556,0.93,3.1717,312.0,11.753,0.0,1025.07
2020-11-12 22:00:00,9.972222222222223,8.583333333333336,0.9,10.1591,342.0,11.0929,0.0,1025.29
2020-11-12 23:00:00,10.46111111111111,10.46111111111111,0.87,10.5938,8.0,11.7047,0.0,1025.05
2020-11-13 00:00:00,9.444444444444445,8.783333333333335,0.93,6.230700000000001,18.0,9.708300000000001,0.0,1024.99
2020-11-13 01:00:00,9.000000000000002,8.394444444444444,0.96,5.796,324.0,9.2736,0.0,1025.3
2020-11-13 02:00:00,9.422222222222224,7.799999999999999,0.96,10.8836,321.0,9.6761,0.0,1025.66
2020-11-13 03:00:00,9.927777777777777,8.42222222222222,0.94,10.851400000000002,330.0,11.672500000000001,0.0,1025.75
2020-11-13 04:00:00,9.966666666666665,8.572222222222223,0.9,10.1913,340.0,11.0768,0.0,1025.83
2020-11-13 05:00:00,9.905555555555555,8.172222222222224,0.94,12.316500000000001,330.0,9.6761,0.0,1025.69
2020-11-13 06:00:00,9.905555555555555,7.9833333333333325,0.94,13.685,330.0,4.4275,0.0,1026.18
2020-11-13 07:00:00,8.966666666666667,6.894444444444442,1.0,13.250300000000001,340.0,4.314800000000001,0.0,1026.66
2020-11-13 08:00:00,8.88888888888889,6.705555555555556,1.0,13.910400000000001,341.0,3.4615,0.0,1027.47
2020-11-13 09:00:00,8.93888888888889,6.966666666666666,1.0,12.477500000000001,342.0,2.415,0.0,1027.88
2020-11-13 10:00:00,9.883333333333333,8.116666666666667,1.0,12.477500000000001,353.0,3.1717,0.0,1028.48
2020-11-13 11:00:00,11.044444444444444,11.044444444444444,0.93,15.665300000000002,1.0,6.3434,0.0,1028.6
2020-11-13 12:00:00,11.066666666666668,11.066666666666668,0.93,17.2109,10.0,11.270000000000001,0.0,1028.59
2020-11-13 13:00:00,10.994444444444444,10.994444444444444,0.88,21.960400000000003,1.0,10.1913,0.0,1028.66
2020-11-13 14:00:00,11.066666666666668,11.066666666666668,0.86,15.713600000000001,10.0,11.270000000000001,0.0,1028.89
2020-11-13 15:00:00,11.08888888888889,11.08888888888889,0.85,14.007,1.0,11.2056,0.0,1029.28
2020-11-13 16:00:00,10.066666666666666,10.066666666666666,0.87,15.826300000000002,0.0,9.450700000000001,0.0,1029.65
2020-11-13 17:00:00,8.933333333333332,7.000000000000001,0.89,12.2521,351.0,9.982000000000001,0.0,1029.97
2020-11-13 18:00:00,7.938888888888887,6.022222222222224,0.88,10.8836,1.0,9.982000000000001,0.0,1030.38
2020-11-13 19:00:00,7.933333333333334,5.383333333333332,0.83,15.005200000000002,1.0,9.982000000000001,0.0,1030.68
2020-11-13 20:00:00,7.799999999999999,5.372222222222224,0.83,13.894300000000003,11.0,14.9086,0.0,1030.88
2020-11-13 21:00:00,7.799999999999999,5.344444444444443,0.79,14.0875,12.0,14.9569,0.0,1031.45
2020-11-13 22:00:00,7.294444444444445,4.444444444444445,0.77,16.1322,22.0,14.2163,0.0,1031.72
2020-11-13 23:00:00,6.733333333333332,3.6055555555555565,0.76,17.2109,31.0,15.826300000000002,0.0,1031.78
2020-11-14 00:00:00,6.177777777777776,3.405555555555557,0.78,13.765500000000001,2.0,15.826300000000002,0.0,1032.16
2020-11-14 01:00:00,5.605555555555558,2.4000000000000004,0.73,15.729700000000001,9.0,14.9569,0.0,1031.84
2020-11-14 02:00:00,5.0166666666666675,1.977777777777779,0.76,13.8138,1.0,15.826300000000002,0.0,1031.87
2020-11-14 03:00:00,3.9055555555555563,1.1500000000000001,0.79,10.996300000000002,352.0,15.826300000000002,0.0,1031.87
2020-11-14 04:00:00,2.766666666666665,-0.07222222222222167,0.84,10.3362,350.0,14.9569,0.0,1031.68
2020-11-14 05:00:00,1.7111111111111101,-1.4222222222222216,0.88,10.706500000000002,321.0,15.826300000000002,0.0,1031.88
2020-11-14 06:00:00,1.1333333333333329,-1.7388888888888883,0.85,9.2253,321.0,9.982000000000001,0.0,1031.8
2020-11-14 07:00:00,2.0444444444444443,-1.0111111111111113,0.86,10.6582,314.0,9.982000000000001,0.0,1031.9
2020-11-14 08:00:00,2.7833333333333323,-0.1388888888888889,0.89,10.722600000000002,340.0,9.982000000000001,0.0,1032.3
2020-11-14 09:00:00,5.072222222222224,2.5333333333333345,0.75,11.0929,342.0,11.270000000000001,0.0,1032.27
2020-11-14 10:00:00,5.144444444444443,2.2888888888888874,0.74,12.88,343.0,11.141200000000001,0.0,1032.23
2020-11-14 11:00:00,6.205555555555557,3.5666666666666678,0.78,12.960500000000001,353.0,11.270000000000001,0.0,1032.07
2020-11-14 12:00:00,7.222222222222222,4.8388888888888895,0.73,12.783400000000002,19.0,11.270000000000001,0.0,1031.66
2020-11-14 13:00:00,7.177777777777779,5.172222222222223,0.77,10.5294,7.0,11.4471,0.0,1031.3
2020-11-14 14:00:00,7.244444444444444,6.5388888888888905,0.78,5.313,10.0,11.270000000000001,0.0,1030.85
2020-11-14 15:00:00,7.294444444444445,6.6499999999999995,0.84,5.1359,29.0,11.270000000000001,0.0,1030.83
2020-11-14 16:00:00,6.227777777777778,4.672222222222221,0.89,7.6636,106.0,4.781700000000001,0.0,1030.92
2020-11-14 17:00:00,6.205555555555557,4.516666666666668,0.92,8.1949,110.0,6.3434,0.0,1031.21
2020-11-14 18:00:00,6.1833333333333345,4.2777777777777795,0.92,9.0965,118.0,11.270000000000001,0.0,1031.41
2020-11-14 19:00:00,4.233333333333332,4.233333333333332,0.91,3.2361,138.0,8.4686,0.0,1031.63
2020-11-14 20:00:00,3.9833333333333343,2.8500000000000014,1.0,5.2325,122.0,6.9874,0.0,1031.41
2020-11-14 21:00:00,4.444444444444445,2.9555555555555557,1.0,6.44,130.0,6.8747,0.0,1031.69
2020-11-14 22:00:00,4.483333333333333,4.483333333333333,0.99,3.3649,96.0,7.3416,0.0,1031.7
2020-11-14 23:00:00,4.844444444444444,4.844444444444444,0.96,3.3649,110.0,6.9391,0.0,1031.34
2020-11-15 00:00:00,4.222222222222223,4.222222222222223,0.96,1.5295,100.0,6.9391,0.0,1031.25
2020-11-15 01:00:00,3.3388888888888877,3.3388888888888877,0.96,2.415,26.0,4.7334000000000005,0.0,1031.13
2020-11-15 02:00:00,3.250000000000001,3.250000000000001,1.0,2.9785000000000004,32.0,3.864,0.0,1030.93
2020-11-15 03:00:00,3.711111111111111,2.166666666666666,0.96,6.262900000000001,11.0,3.864,0.0,1030.63
2020-11-15 04:00:00,4.13888888888889,4.13888888888889,0.97,4.7656,24.0,4.4919,0.0,1030.26
2020-11-15 05:00:00,4.238888888888891,2.7833333333333323,1.0,6.2468,49.0,4.781700000000001,0.0,1030.03
2020-11-15 06:00:00,4.727777777777777,4.727777777777777,1.0,4.652900000000001,49.0,3.864,0.0,1029.55
2020-11-15 07:00:00,4.705555555555555,4.705555555555555,1.0,0.5152,114.0,3.3649,0.0,1029.53
2020-11-15 08:00:00,5.811111111111112,5.811111111111112,1.0,4.6368,21.0,4.3631,0.0,1029.74
2020-11-15 09:00:00,6.944444444444445,5.477777777777778,0.94,7.8084999999999996,31.0,3.9767000000000006,0.0,1029.73
2020-11-15 10:00:00,7.505555555555554,7.505555555555554,0.89,4.459700000000001,93.0,4.781700000000001,0.0,1029.44
2020-11-15 11:00:00,8.699999999999998,8.699999999999998,0.84,2.8658,167.0,6.0697,0.0,1028.94
2020-11-15 12:00:00,8.838888888888887,8.838888888888887,0.83,4.588500000000001,98.0,6.118,0.0,1028.24
2020-11-15 13:00:00,9.705555555555556,8.844444444444445,0.78,7.212800000000001,86.0,10.7387,0.0,1027.63
2020-11-15 14:00:00,9.83888888888889,8.877777777777775,0.78,7.776300000000001,70.0,11.0768,0.0,1026.85
2020-11-15 15:00:00,8.816666666666666,7.383333333333332,0.78,9.209200000000001,51.0,8.0017,0.0,1026.44
2020-11-15 16:00:00,8.627777777777778,8.627777777777778,0.84,3.3649,55.0,7.760200000000001,0.0,1026.37
2020-11-15 17:00:00,7.733333333333334,7.733333333333334,0.89,3.1878,22.0,4.6207,0.0,1026.24
2020-11-15 18:00:00,7.733333333333334,7.733333333333334,0.96,4.7656,30.0,4.1699,0.0,1026.41
2020-11-15 19:00:00,7.049999999999999,5.78888888888889,0.93,7.0679,20.0,4.5402000000000005,0.0,1026.25
2020-11-15 20:00:00,5.011111111111113,3.227777777777779,1.0,7.7440999999999995,39.0,4.1699,0.0,1026.32
2020-11-15 21:00:00,4.988888888888887,3.672222222222222,1.0,6.1502,50.0,4.6207,0.0,1026.52
2020-11-15 22:00:00,3.2055555555555575,3.2055555555555575,1.0,3.1878,57.0,0.9821000000000001,0.0,1026.52
2020-11-15 23:00:00,2.3888888888888875,2.3888888888888875,1.0,3.3649,351.0,0.3864,0.0,1026.42
2020-11-16 00:00:00,3.366666666666668,3.366666666666668,1.0,3.22,10.0,0.3381,0.0,1026.23
2020-11-16 01:00:00,3.1055555555555574,3.1055555555555574,0.99,3.0751,1.0,0.4025,0.0,1026.23
2020-11-16 02:00:00,2.9888888888888903,1.3722222222222216,1.0,6.1502,20.0,0.5152,0.0,1026.21
2020-11-16 03:00:00,3.0333333333333337,1.3222222222222237,0.96,6.44,30.0,0.5152,0.0,1025.92
2020-11-16 04:00:00,2.705555555555554,-0.24444444444444516,1.0,10.770900000000001,41.0,0.9982000000000001,0.0,1025.82
2020-11-16 05:00:00,2.8611111111111103,0.7500000000000008,1.0,7.631400000000001,60.0,4.7656,0.0,1025.61
2020-11-16 06:00:00,2.794444444444445,0.26111111111111046,1.0,9.1126,40.0,4.7656,0.0,1025.35
2020-11-16 07:00:00,2.9055555555555537,2.9055555555555537,1.0,3.4454000000000002,101.0,2.7048,0.0,1025.97
2020-11-16 08:00:00,3.9333333333333322,3.9333333333333322,1.0,4.6851,40.0,3.4615,0.0,1026.22
2020-11-16 09:00:00,6.111111111111111,6.111111111111111,1.0,0.4025,73.0,4.588500000000001,0.0,1026.42
2020-11-16 10:00:00,7.438888888888889,6.083333333333335,0.89,7.695800000000001,72.0,5.957000000000001,0.0,1026.54
2020-11-16 11:00:00,7.827777777777779,6.900000000000001,0.83,6.3112,80.0,8.1949,0.0,1026.71
2020-11-16 12:00:00,8.916666666666664,7.155555555555556,0.82,11.125100000000002,42.0,8.1949,0.0,1025.83
2020-11-16 13:00:00,9.877777777777778,8.633333333333333,0.77,9.2414,52.0,9.499,0.0,1025.43
2020-11-16 14:00:00,9.955555555555556,8.233333333333333,0.82,12.3004,42.0,10.0464,0.0,1025.13
2020-11-16 15:00:00,9.86111111111111,8.344444444444447,0.83,10.8031,42.0,10.0464,0.0,1024.52
2020-11-16 16:00:00,8.733333333333333,8.344444444444447,0.88,4.9588,43.0,6.230700000000001,0.0,1024.67
2020-11-16 17:00:00,7.055555555555557,5.638888888888888,0.93,7.6796999999999995,20.0,4.588500000000001,0.0,1024.65
2020-11-16 18:00:00,4.994444444444445,2.794444444444445,1.0,9.450700000000001,21.0,3.059,0.0,1025.03
2020-11-16 19:00:00,4.088888888888889,2.261111111111111,0.99,7.3416,22.0,2.9946,0.0,1024.96
2020-11-16 20:00:00,2.7777777777777777,0.09999999999999984,1.0,9.66,10.0,0.32200000000000006,0.0,1025.03
2020-11-16 21:00:00,3.1444444444444426,0.25555555555555604,1.0,10.8997,20.0,0.16100000000000003,0.0,1025.21
2020-11-16 22:00:00,2.7222222222222214,1.1666666666666674,1.0,5.8765,12.0,0.1771,0.0,1025.0
2020-11-16 23:00:00,2.6111111111111125,0.8333333333333334,1.0,6.44,10.0,0.16100000000000003,0.0,1024.84
2020-11-17 00:00:00,2.1722222222222203,2.1722222222222203,1.0,3.1878,38.0,0.16100000000000003,0.0,1024.62
2020-11-17 01:00:00,2.105555555555555,2.105555555555555,1.0,3.2844,352.0,0.1932,0.0,1024.14
2020-11-17 02:00:00,1.7111111111111101,-0.2055555555555561,1.0,6.44,30.0,0.16100000000000003,0.0,1024.01
2020-11-17 03:00:00,2.194444444444446,0.4500000000000013,1.0,6.1824,139.0,0.1932,0.0,1023.62
2020-11-17 04:00:00,2.2499999999999982,0.9500000000000005,1.0,5.055400000000001,100.0,0.2415,0.0,1023.34
2020-11-17 05:00:00,2.127777777777777,2.127777777777777,1.0,3.0751,160.0,0.1932,0.0,1023.01
2020-11-17 06:00:00,2.1722222222222203,-0.472222222222223,1.0,9.0965,119.0,2.4955000000000003,0.0,1022.79
2020-11-17 07:00:00,2.1888888888888878,-0.4055555555555558,0.99,8.935500000000001,127.0,3.3810000000000002,0.0,1022.86
2020-11-17 08:00:00,3.7722222222222217,1.0999999999999983,1.0,10.513300000000001,149.0,3.8801000000000005,0.0,1022.99
2020-11-17 09:00:00,4.9333333333333345,1.8611111111111118,1.0,13.8782,159.0,4.4275,0.0,1022.89
2020-11-17 10:00:00,7.1333333333333355,3.872222222222222,0.87,19.1107,149.0,6.262900000000001,0.0,1022.72
2020-11-17 11:00:00,8.866666666666667,6.877777777777779,0.83,12.525800000000002,141.0,7.969500000000001,0.0,1022.18
2020-11-17 12:00:00,9.97777777777778,7.827777777777779,0.77,15.616999999999999,131.0,11.125100000000002,0.0,1021.21
2020-11-17 13:00:00,10.983333333333336,10.983333333333336,0.71,15.504300000000002,140.0,11.398800000000001,0.0,1020.91
2020-11-17 14:00:00,11.066666666666668,11.066666666666668,0.77,15.633100000000002,140.0,11.270000000000001,0.0,1020.2
2020-11-17 15:00:00,10.994444444444444,10.994444444444444,0.77,12.4131,130.0,11.2056,0.0,1020.09
2020-11-17 16:00:00,9.927777777777777,8.655555555555555,0.83,9.466800000000001,107.0,10.948,0.0,1019.92
2020-11-17 17:00:00,8.733333333333333,7.249999999999998,0.89,9.3702,120.0,9.8049,0.0,1019.62
2020-11-17 18:00:00,7.644444444444442,5.933333333333334,0.89,9.499,109.0,7.969500000000001,0.0,1019.7
2020-11-17 19:00:00,7.016666666666668,4.994444444444445,0.88,10.432800000000002,146.0,8.2593,0.0,1019.82
2020-11-17 20:00:00,6.022222222222224,4.088888888888889,0.94,9.0965,139.0,9.708300000000001,0.0,1019.88
2020-11-17 21:00:00,5.533333333333334,3.122222222222221,0.93,10.948,120.0,9.708300000000001,0.0,1019.88
2020-11-17 22:00:00,5.199999999999999,3.7277777777777783,0.92,6.745900000000001,135.0,9.708300000000001,0.0,1019.79
2020-11-17 23:00:00,4.377777777777779,1.2388888888888872,0.93,13.5401,120.0,9.6117,0.0,1019.6
2020-11-18 00:00:00,4.355555555555558,1.1944444444444438,0.93,13.652800000000001,129.0,9.595600000000001,0.0,1019.49
2020-11-18 01:00:00,4.305555555555555,1.1555555555555546,0.93,13.507900000000001,118.0,8.0822,0.0,1019.24
2020-11-18 02:00:00,3.916666666666665,0.5944444444444446,0.96,14.007,111.0,7.824600000000001,0.0,1019.28
2020-11-18 03:00:00,3.916666666666665,0.6222222222222208,0.92,13.846,111.0,7.824600000000001,0.0,1019.08
2020-11-18 04:00:00,4.283333333333334,0.816666666666666,0.93,15.439900000000002,109.0,8.1466,0.0,1018.65
2020-11-18 05:00:00,4.400000000000001,1.1277777777777784,0.93,14.3451,120.0,9.6117,0.0,1018.72
2020-11-18 06:00:00,4.883333333333333,1.81111111111111,0.93,13.8299,130.0,9.595600000000001,0.0,1018.51
2020-11-18 07:00:00,4.705555555555555,1.6944444444444429,0.88,13.202,129.0,9.66,0.0,1018.73
2020-11-18 08:00:00,5.027777777777776,2.4555555555555566,0.93,11.2217,130.0,9.7566,0.0,1019.17
2020-11-18 09:00:00,7.155555555555556,4.13888888888889,0.86,17.1304,130.0,9.9015,0.0,1018.8
2020-11-18 10:00:00,8.766666666666667,5.86111111111111,0.83,19.7708,140.0,10.0303,0.0,1018.73
2020-11-18 11:00:00,9.927777777777777,7.144444444444444,0.77,21.670600000000004,140.0,10.0464,0.0,1018.41
2020-11-18 12:00:00,11.06111111111111,11.06111111111111,0.77,15.6009,149.0,11.2056,0.0,1018.08
2020-11-18 13:00:00,12.583333333333334,12.583333333333334,0.69,16.438100000000002,148.0,10.3523,0.0,1017.55
2020-11-18 14:00:00,12.66111111111111,12.66111111111111,0.7,14.1197,129.0,9.982000000000001,0.0,1017.01
2020-11-18 15:00:00,12.083333333333334,12.083333333333334,0.73,10.948,158.0,9.982000000000001,0.0,1016.91
2020-11-18 16:00:00,10.038888888888888,10.038888888888888,0.82,13.6689,120.0,10.3523,0.0,1017.48
2020-11-18 17:00:00,8.794444444444444,6.366666666666667,0.84,15.6009,139.0,9.9015,0.0,1017.51
2020-11-18 18:00:00,7.733333333333334,5.783333333333331,0.84,10.835300000000002,139.0,9.9015,0.0,1017.99
2020-11-18 19:00:00,7.744444444444444,5.144444444444443,0.84,15.0535,139.0,10.2718,0.0,1018.43
2020-11-18 20:00:00,7.222222222222222,4.7,0.8,13.6689,139.0,9.9015,0.0,1018.41
2020-11-18 21:00:00,6.161111111111113,3.938888888888891,0.87,10.5938,140.0,15.729700000000001,0.0,1018.61
2020-11-18 22:00:00,4.705555555555555,3.1722222222222225,0.9,6.7298,155.0,14.9569,0.0,1019.06
2020-11-18 23:00:00,3.938888888888891,2.3444444444444437,0.96,6.5205,120.0,14.812,0.0,1019.08
2020-11-19 00:00:00,5.050000000000002,2.5277777777777763,0.89,11.012400000000001,111.0,14.812,0.0,1019.19
2020-11-19 01:00:00,4.477777777777779,4.477777777777779,0.92,4.314800000000001,112.0,9.9015,0.0,1019.32
2020-11-19 02:00:00,3.8944444444444435,3.8944444444444435,0.92,3.2844,116.0,9.9015,0.0,1019.4
2020-11-19 03:00:00,4.355555555555558,1.1944444444444438,0.9,13.652800000000001,109.0,9.8049,0.0,1019.41
2020-11-19 04:00:00,4.249999999999999,1.7333333333333318,0.9,10.1913,107.0,9.837100000000001,0.0,1019.33
2020-11-19 05:00:00,2.872222222222223,2.872222222222223,0.96,4.6207,12.0,7.905100000000001,0.0,1019.44
2020-11-19 06:00:00,2.3666666666666654,2.3666666666666654,1.0,4.508,25.0,7.905100000000001,0.0,1019.9
2020-11-19 07:00:00,2.4777777777777783,2.4777777777777783,1.0,3.4293,50.0,4.0411,0.0,1020.16
2020-11-19 08:00:00,3.9833333333333343,3.9833333333333343,0.92,3.0912,27.0,4.508,0.0,1020.61
2020-11-19 09:00:00,7.155555555555556,5.433333333333334,0.8,9.0965,109.0,6.0697,0.0,1020.81
2020-11-19 10:00:00,7.705555555555555,7.705555555555555,0.84,4.6690000000000005,110.0,8.935500000000001,0.0,1020.8
2020-11-19 11:00:00,9.972222222222223,9.016666666666664,0.77,7.8729,99.0,9.853200000000001,0.0,1020.71
2020-11-19 12:00:00,11.038888888888888,11.038888888888888,0.71,9.193100000000001,61.0,11.0768,0.0,1020.22
2020-11-19 13:00:00,10.994444444444444,10.994444444444444,0.7,10.384500000000001,53.0,10.948,0.0,1020.17
2020-11-19 14:00:00,11.133333333333333,11.133333333333333,0.71,10.722600000000002,42.0,11.270000000000001,0.0,1019.73
2020-11-19 15:00:00,10.094444444444445,10.094444444444445,0.82,10.9158,49.0,9.9337,0.0,1019.82
2020-11-19 16:00:00,8.955555555555556,7.838888888888889,0.87,7.8084999999999996,38.0,6.7298,0.0,1020.13
2020-11-19 17:00:00,7.1499999999999995,7.1499999999999995,0.93,3.3005,47.0,5.0393,0.0,1020.42
2020-11-19 18:00:00,5.116666666666667,2.627777777777776,0.99,10.8997,10.0,5.0393,0.0,1020.72
2020-11-19 19:00:00,5.088888888888887,5.088888888888887,0.99,0.2898,330.0,1.8032000000000004,0.0,1020.85
2020-11-19 20:00:00,3.9611111111111126,1.6611111111111123,1.0,9.032100000000002,0.0,0.9016000000000002,0.0,1020.95
2020-11-19 21:00:00,4.3277777777777775,2.816666666666667,1.0,6.4561,28.0,0.7245,0.0,1020.85
2020-11-19 22:00:00,3.9055555555555563,3.9055555555555563,0.99,2.6243,39.0,0.5152,0.0,1021.1
2020-11-19 23:00:00,2.688888888888891,2.688888888888891,1.0,2.8497000000000003,176.0,0.6601,0.0,1021.52
2020-11-20 00:00:00,2.616666666666667,2.616666666666667,1.0,2.9624,148.0,0.16100000000000003,0.0,1021.73
2020-11-20 01:00:00,1.8277777777777773,1.8277777777777773,0.96,3.1073,252.0,0.8211,0.0,1022.04
2020-11-20 02:00:00,1.0388888888888874,1.0388888888888874,0.96,3.22,0.0,0.16100000000000003,0.0,1022.11
2020-11-20 03:00:00,0.4833333333333319,0.4833333333333319,1.0,3.22,350.0,0.16100000000000003,0.0,1022.04
2020-11-20 04:00:00,0.022222222222221748,0.022222222222221748,0.99,3.3005,6.0,1.0304,0.0,1022.01
2020-11-20 05:00:00,-0.027777777777778172,-2.2111111111111112,1.0,6.44,50.0,0.9338,0.0,1022.02
2020-11-20 06:00:00,0.8555555555555551,-2.0833333333333335,1.0,9.2736,59.0,1.2397,0.0,1022.04
2020-11-20 07:00:00,0.7333333333333335,-1.9666666666666661,0.99,8.355900000000002,49.0,0.9821000000000001,0.0,1022.58
2020-11-20 08:00:00,1.9722222222222205,-0.35555555555555585,1.0,7.824600000000001,40.0,1.8515,0.0,1023.22
2020-11-20 09:00:00,4.883333333333333,3.022222222222221,1.0,7.969500000000001,30.0,3.7352,0.0,1023.23
2020-11-20 10:00:00,6.71111111111111,4.755555555555556,0.94,9.7888,42.0,4.5402000000000005,0.0,1023.22
2020-11-20 11:00:00,7.6111111111111125,4.744444444444444,0.9,16.840600000000002,40.0,5.892600000000001,0.0,1022.86
2020-11-20 12:00:00,8.722222222222223,6.311111111111111,0.84,15.3433,31.0,8.645700000000001,0.0,1022.66
2020-11-20 13:00:00,9.794444444444444,8.005555555555553,0.78,12.5097,41.0,7.550900000000001,0.0,1022.25
2020-11-20 14:00:00,9.855555555555558,7.894444444444446,0.84,13.8782,20.0,9.6439,0.0,1022.06
2020-11-20 15:00:00,9.81111111111111,7.844444444444444,0.78,13.8138,11.0,9.595600000000001,0.0,1022.14
2020-11-20 16:00:00,8.005555555555553,5.977777777777777,0.89,11.6081,12.0,5.0393,0.0,1022.52
2020-11-20 17:00:00,7.216666666666669,4.966666666666665,0.93,11.9623,11.0,4.347,0.0,1023.01
2020-11-20 18:00:00,6.199999999999998,3.9833333333333343,1.0,10.6099,22.0,3.864,0.0,1023.03
2020-11-20 19:00:00,6.194444444444444,4.694444444444446,0.93,7.438200000000001,13.0,4.4114,0.0,1023.36
2020-11-20 20:00:00,5.1111111111111125,3.311111111111112,0.99,7.8729,32.0,3.8479000000000005,0.0,1023.41
2020-11-20 21:00:00,5.088888888888887,2.6111111111111125,1.0,10.8031,31.0,3.864,0.0,1023.52
2020-11-20 22:00:00,4.677777777777779,2.2388888888888894,0.99,10.239600000000001,22.0,2.0608,0.0,1023.76
2020-11-20 23:00:00,4.527777777777777,1.872222222222221,0.96,11.157300000000001,12.0,0.16100000000000003,0.0,1023.73
2020-11-21 00:00:00,4.022222222222223,1.2444444444444456,1.0,11.2056,21.0,1.8515,0.0,1023.83
2020-11-21 01:00:00,3.711111111111111,1.0611111111111091,1.0,10.3362,21.0,3.0751,0.0,1023.79
2020-11-21 02:00:00,3.4888888888888894,1.8944444444444426,1.0,6.3112,30.0,2.4794,0.0,1023.81
2020-11-21 03:00:00,3.4888888888888894,0.6388888888888881,1.0,11.0446,20.0,2.9302,0.0,1023.62
2020-11-21 04:00:00,3.5777777777777766,0.905555555555557,0.96,10.3201,31.0,4.314800000000001,0.0,1023.6
2020-11-21 05:00:00,2.9777777777777774,0.33333333333333415,1.0,9.708300000000001,31.0,3.8801000000000005,0.0,1023.71
2020-11-21 06:00:00,2.933333333333334,2.933333333333334,1.0,4.652900000000001,24.0,3.8479000000000005,0.0,1023.81
2020-11-21 07:00:00,3.0333333333333337,1.8611111111111118,0.99,5.0232,16.0,3.5098000000000003,0.0,1023.92
2020-11-21 08:00:00,2.9555555555555557,2.9555555555555557,1.0,3.3649,30.0,4.1699,0.0,1024.11
2020-11-21 09:00:00,4.000000000000002,2.061111111111112,0.92,7.695800000000001,12.0,4.652900000000001,0.0,1024.21
2020-11-21 10:00:00,4.222222222222223,4.222222222222223,0.92,4.717300000000001,35.0,4.717300000000001,0.0,1024.41
2020-11-21 11:00:00,5.177777777777778,5.177777777777778,0.93,4.652900000000001,32.0,4.9105,0.0,1024.3
2020-11-21 12:00:00,6.2666666666666675,6.2666666666666675,0.92,4.6207,12.0,6.0053,0.0,1023.8
2020-11-21 13:00:00,7.466666666666665,6.949999999999999,0.86,4.8461,33.0,8.4364,0.0,1023.63
2020-11-21 14:00:00,7.88888888888889,7.88888888888889,0.89,4.652900000000001,44.0,7.889000000000001,0.0,1023.19
2020-11-21 15:00:00,7.88888888888889,6.633333333333332,0.89,7.615300000000001,53.0,6.9713,0.0,1023.09
2020-11-21 16:00:00,7.944444444444443,7.433333333333334,0.89,5.0071,72.0,4.7334000000000005,0.0,1023.13
2020-11-21 17:00:00,7.216666666666669,7.216666666666669,0.93,4.652900000000001,64.0,7.8084999999999996,0.0,1023.2
2020-11-21 18:00:00,7.172222222222221,7.172222222222221,0.93,3.1878,82.0,7.7440999999999995,0.0,1023.3
2020-11-21 19:00:00,7.205555555555555,7.205555555555555,0.93,2.254,66.0,7.728,0.0,1023.5
2020-11-21 20:00:00,5.994444444444444,5.994444444444444,0.93,4.6046000000000005,70.0,6.810300000000001,0.0,1023.61
2020-11-21 21:00:00,6.477777777777776,6.477777777777776,0.94,3.059,92.0,5.8765,0.0,1023.91
2020-11-21 22:00:00,6.0888888888888895,4.0388888888888905,0.99,9.708300000000001,121.0,6.5044,0.0,1024.21
2020-11-21 23:00:00,5.505555555555554,4.233333333333332,0.96,6.279,129.0,5.9248,0.0,1024.52
2020-11-22 00:00:00,5.533333333333334,5.533333333333334,0.96,3.0751,156.0,6.8586,0.0,1024.69
2020-11-22 01:00:00,6.305555555555556,4.144444444444445,0.88,10.448900000000002,141.0,9.6761,0.0,1024.49
2020-11-22 02:00:00,6.483333333333334,3.8333333333333326,0.87,13.4274,139.0,9.6117,0.0,1024.52
2020-11-22 03:00:00,5.972222222222222,3.127777777777779,0.87,13.9587,140.0,11.6242,0.0,1024.71
2020-11-22 04:00:00,5.8833333333333355,3.711111111111111,0.88,10.0947,147.0,13.8621,0.0,1024.77
2020-11-22 05:00:00,6.044444444444446,4.477777777777779,0.87,7.5992,149.0,9.6761,0.0,1024.81
2020-11-22 06:00:00,5.994444444444444,5.994444444444444,0.87,3.0751,160.0,9.708300000000001,0.0,1025.2
2020-11-22 07:00:00,5.911111111111111,5.144444444444443,0.87,4.9588,131.0,9.7566,0.0,1025.53
2020-11-22 08:00:00,6.044444444444446,4.372222222222221,0.86,8.017800000000001,133.0,9.8049,0.0,1026.3
2020-11-22 09:00:00,7.11111111111111,5.238888888888889,0.8,9.7888,152.0,11.0768,0.0,1026.79
2020-11-22 10:00:00,7.572222222222223,4.977777777777778,0.78,14.715400000000002,149.0,9.8693,0.0,1026.92
2020-11-22 11:00:00,8.733333333333333,6.311111111111111,0.78,15.423800000000002,160.0,11.125100000000002,0.0,1026.7
2020-11-22 12:00:00,8.800000000000002,6.8277777777777775,0.77,12.316500000000001,160.0,11.1734,0.0,1026.52
2020-11-22 13:00:00,8.827777777777778,6.949999999999999,0.77,11.7691,150.0,10.4006,0.0,1026.43
2020-11-22 14:00:00,8.800000000000002,6.566666666666666,0.83,14.1036,130.0,9.9015,0.0,1025.92
2020-11-22 15:00:00,8.822222222222223,7.022222222222222,0.83,11.270000000000001,120.0,11.125100000000002,0.0,1025.92
2020-11-22 16:00:00,8.744444444444447,7.677777777777777,0.78,7.422100000000001,111.0,10.1913,0.0,1026.13
2020-11-22 17:00:00,7.755555555555556,7.255555555555556,0.89,4.9105,110.0,11.0446,0.0,1026.13
2020-11-22 18:00:00,7.733333333333334,7.733333333333334,0.89,1.8193,117.0,11.0446,0.0,1026.41
2020-11-22 19:00:00,7.644444444444442,7.644444444444442,0.89,2.7853000000000003,265.0,10.4811,0.0,1026.25
2020-11-22 20:00:00,7.733333333333334,6.400000000000002,0.89,7.824600000000001,110.0,10.980200000000002,0.0,1026.21
2020-11-22 21:00:00,8.216666666666665,7.355555555555558,0.87,6.295100000000001,110.0,9.7405,0.0,1026.13
2020-11-22 22:00:00,8.06111111111111,7.188888888888887,0.88,6.230700000000001,108.0,9.3863,0.0,1026.08
2020-11-22 23:00:00,7.733333333333334,5.744444444444446,0.93,11.0446,130.0,7.840700000000001,0.0,1026.02
2020-11-23 00:00:00,7.711111111111112,6.772222222222221,0.94,6.279,119.0,7.824600000000001,0.0,1025.91
2020-11-23 01:00:00,7.155555555555556,5.177777777777778,0.96,10.384500000000001,120.0,7.3416,0.0,1025.79
2020-11-23 02:00:00,7.222222222222222,5.133333333333335,0.93,11.0446,120.0,6.8747,0.0,1025.42
2020-11-23 03:00:00,6.71111111111111,6.71111111111111,0.93,3.3649,149.0,7.8084999999999996,0.0,1025.21
2020-11-23 04:00:00,6.672222222222221,6.672222222222221,0.94,3.3649,128.0,8.1305,0.0,1025.04
2020-11-23 05:00:00,7.1499999999999995,5.3999999999999995,0.87,9.2414,120.0,10.8031,0.0,1024.71
2020-11-23 06:00:00,6.133333333333333,4.527777777777777,0.94,7.8084999999999996,129.0,10.8192,0.0,1024.71
2020-11-23 07:00:00,6.222222222222224,6.222222222222224,0.94,4.6690000000000005,126.0,7.567000000000001,0.0,1024.82
2020-11-23 08:00:00,7.200000000000001,5.772222222222222,0.87,7.824600000000001,130.0,7.776300000000001,0.0,1024.99
2020-11-23 09:00:00,7.200000000000001,5.405555555555554,0.87,9.499,149.0,9.6117,0.0,1025.01
2020-11-23 10:00:00,7.755555555555556,5.899999999999999,0.85,10.3523,167.0,10.1752,0.0,1024.8
2020-11-23 11:00:00,7.755555555555556,5.82222222222222,0.9,10.7548,170.0,10.851400000000002,0.0,1024.73
2020-11-23 12:00:00,8.816666666666666,7.705555555555555,0.84,7.6796999999999995,158.0,10.851400000000002,0.0,1024.51
2020-11-23 13:00:00,8.961111111111112,8.605555555555558,0.83,4.9427,163.0,10.7548,0.0,1024.06
2020-11-23 14:00:00,8.838888888888887,8.838888888888887,0.84,3.2039,128.0,10.8997,0.0,1023.81
2020-11-23 15:00:00,8.838888888888887,8.838888888888887,0.84,1.8032000000000004,115.0,9.6761,0.0,1023.72
2020-11-23 16:00:00,8.861111111111112,7.877777777777778,0.84,7.148400000000001,109.0,9.708300000000001,0.0,1023.96
2020-11-23 17:00:00,8.816666666666666,8.816666666666666,0.84,3.22,90.0,9.6761,0.0,1024.22
2020-11-23 18:00:00,8.794444444444444,8.794444444444444,0.84,3.22,90.0,9.6761,0.0,1024.22
2020-11-23 19:00:00,7.855555555555556,7.855555555555556,0.95,1.7066000000000001,13.0,10.7548,0.0,1024.55
2020-11-23 20:00:00,7.733333333333334,7.733333333333334,0.9,4.83,100.0,10.8997,0.0,1024.81
2020-11-23 21:00:00,8.266666666666667,8.266666666666667,0.87,3.22,120.0,9.6761,0.0,1024.83
2020-11-23 22:00:00,7.772222222222224,7.772222222222224,0.93,3.22,110.0,8.1466,0.0,1025.31
2020-11-23 23:00:00,7.711111111111112,7.711111111111112,0.94,3.22,130.0,6.8747,0.0,1025.33
2020-11-24 00:00:00,7.711111111111112,7.711111111111112,0.93,3.22,140.0,5.9248,0.0,1025.13
2020-11-24 01:00:00,7.722222222222222,7.722222222222222,0.93,3.22,180.0,5.618900000000001,0.0,1025.26
2020-11-24 02:00:00,7.222222222222222,7.222222222222222,0.96,2.9463000000000004,280.0,4.395300000000001,0.0,1025.31
2020-11-24 03:00:00,7.222222222222222,7.222222222222222,0.96,0.0,0.0,3.9284000000000003,0.0,1025.03
2020-11-24 04:00:00,7.222222222222222,7.222222222222222,0.97,3.22,290.0,4.508,0.0,1025.14
2020-11-24 05:00:00,7.172222222222221,7.172222222222221,1.0,1.5295,20.0,2.9624,0.0,1025.11
2020-11-24 06:00:00,7.172222222222221,7.172222222222221,1.0,1.5295,60.0,2.9463000000000004,0.0,1025.21
2020-11-24 07:00:00,7.183333333333334,7.183333333333334,1.0,3.22,140.0,3.4615,0.0,1025.25
2020-11-24 08:00:00,7.733333333333334,7.733333333333334,0.96,1.61,140.0,2.9624,0.0,1025.61
2020-11-24 09:00:00,7.777777777777778,7.777777777777778,0.96,3.1234,177.0,3.4615,0.0,1025.63
2020-11-24 10:00:00,8.827777777777778,8.827777777777778,0.9,3.1878,168.0,3.7191000000000005,0.0,1025.92
2020-11-24 11:00:00,10.0,10.0,0.83,3.22,160.0,4.4436,0.0,1025.62
2020-11-24 12:00:00,10.072222222222223,10.072222222222223,0.83,3.1717,160.0,4.524100000000001,0.0,1025.3
2020-11-24 13:00:00,10.961111111111109,10.961111111111109,0.78,3.2522,150.0,6.166300000000001,0.0,1025.12
2020-11-24 14:00:00,11.066666666666668,11.066666666666668,0.77,1.7388000000000001,171.0,6.118,0.0,1024.71
2020-11-24 15:00:00,11.08888888888889,11.08888888888889,0.77,4.717300000000001,139.0,7.0357,0.0,1024.81
2020-11-24 16:00:00,9.061111111111112,9.061111111111112,0.88,4.2826,130.0,6.0858,0.0,1024.93
2020-11-24 17:00:00,7.805555555555554,7.805555555555554,0.89,3.3649,140.0,4.4436,0.0,1024.89
2020-11-24 18:00:00,7.205555555555555,6.63888888888889,0.93,4.8944,151.0,4.4436,0.0,1025.08
2020-11-24 19:00:00,7.522222222222221,6.016666666666666,0.96,8.3881,146.0,4.7978000000000005,0.0,1025.02
2020-11-24 20:00:00,6.116666666666665,6.116666666666665,0.94,3.3488,132.0,3.9284000000000003,0.0,1024.9
2020-11-24 21:00:00,5.533333333333334,4.261111111111112,1.0,6.295100000000001,131.0,2.5438,0.0,1024.82
2020-11-24 22:00:00,3.561111111111109,3.561111111111109,1.0,3.2844,144.0,0.9016000000000002,0.0,1025.05
2020-11-24 23:00:00,3.238888888888888,3.238888888888888,1.0,3.0429,148.0,0.32200000000000006,0.0,1024.72
2020-11-25 00:00:00,1.1833333333333347,1.1833333333333347,1.0,3.1878,138.0,0.32200000000000006,0.0,1024.71
2020-11-25 01:00:00,3.1444444444444426,3.1444444444444426,0.97,3.059,176.0,0.1449,0.0,1024.4
2020-11-25 02:00:00,2.2000000000000006,2.2000000000000006,0.96,3.0751,100.0,0.16100000000000003,0.0,1024.03
2020-11-25 03:00:00,2.244444444444444,2.244444444444444,1.0,3.1717,157.0,0.16100000000000003,0.0,1023.9
2020-11-25 04:00:00,2.677777777777778,2.677777777777778,1.0,3.5098000000000003,94.0,0.1449,0.0,1023.48
2020-11-25 05:00:00,2.755555555555556,1.505555555555556,1.0,5.119800000000001,139.0,0.0,0.0,1023.49
2020-11-25 06:00:00,2.755555555555556,1.5444444444444452,1.0,5.0232,129.0,0.0,0.0,1023.39
2020-11-25 07:00:00,2.8111111111111122,2.8111111111111122,1.0,4.6207,109.0,0.0161,0.0,1023.26
2020-11-25 08:00:00,3.866666666666667,3.866666666666667,1.0,4.7495,159.0,0.16100000000000003,0.0,1023.52
2020-11-25 09:00:00,3.938888888888891,3.938888888888891,1.0,4.781700000000001,122.0,0.32200000000000006,0.0,1023.86
2020-11-25 10:00:00,5.122222222222222,3.4500000000000006,1.0,7.422100000000001,127.0,1.9642000000000002,0.0,1023.71
2020-11-25 11:00:00,6.111111111111111,4.083333333333334,1.0,9.595600000000001,140.0,2.7853000000000003,0.0,1023.61
2020-11-25 12:00:00,7.1499999999999995,7.1499999999999995,1.0,3.4776000000000002,174.0,2.9785000000000004,0.0,1023.11
2020-11-25 13:00:00,7.855555555555556,7.855555555555556,0.96,3.8962000000000003,119.0,4.4114,0.0,1022.64
2020-11-25 14:00:00,8.816666666666666,8.816666666666666,1.0,3.5259,110.0,4.9427,0.0,1021.92
2020-11-25 15:00:00,8.794444444444444,8.794444444444444,0.93,1.8837,121.0,4.8944,0.0,1021.81
2020-11-25 16:00:00,7.750000000000002,7.750000000000002,0.96,4.395300000000001,128.0,4.2665,0.0,1022.11
2020-11-25 17:00:00,6.033333333333333,6.033333333333333,1.0,1.5295,90.0,1.6905000000000001,0.0,1022.09
2020-11-25 18:00:00,4.916666666666668,4.916666666666668,0.93,4.7978000000000005,92.0,2.9302,0.0,1022.09
2020-11-25 19:00:00,6.022222222222224,4.43888888888889,1.0,7.6636,118.0,3.3005,0.0,1022.0
2020-11-25 20:00:00,5.98888888888889,3.9833333333333343,1.0,9.3863,100.0,3.8479000000000005,0.0,1021.73
2020-11-25 21:00:00,4.527777777777777,3.150000000000001,1.0,6.1502,189.0,1.8515,0.0,1022.0
2020-11-25 22:00:00,5.211111111111112,4.000000000000002,0.99,5.9409,128.0,2.0125,0.0,1021.93
2020-11-25 23:00:00,5.0666666666666655,3.7722222222222217,1.0,6.118,129.0,2.9785000000000004,0.0,1021.81
2020-11-26 00:00:00,5.5777777777777775,3.150000000000001,1.0,11.0446,110.0,2.9785000000000004,0.0,1021.62
2020-11-26 01:00:00,5.138888888888889,5.138888888888889,0.96,3.4776000000000002,140.0,3.3166,0.0,1021.57
2020-11-26 02:00:00,5.505555555555554,4.227777777777778,1.0,6.295100000000001,120.0,3.3971,0.0,1021.29
2020-11-26 03:00:00,5.483333333333332,2.5277777777777763,1.0,13.9426,120.0,3.3971,0.0,1020.81
2020-11-26 04:00:00,5.055555555555556,2.7222222222222214,0.99,10.0786,129.0,3.703,0.0,1020.67
2020-11-26 05:00:00,5.46111111111111,3.1333333333333337,0.96,10.448900000000002,140.0,3.8801000000000005,0.0,1020.58
2020-11-26 06:00:00,5.022222222222222,2.2000000000000006,1.0,12.558,129.0,3.8962000000000003,0.0,1020.49
2020-11-26 07:00:00,5.083333333333332,2.872222222222223,0.99,9.579500000000001,128.0,4.1055,0.0,1020.57
2020-11-26 08:00:00,6.083333333333335,3.788888888888889,0.94,10.8997,129.0,4.83,0.0,1020.78
2020-11-26 09:00:00,6.177777777777776,4.161111111111112,1.0,9.6117,141.0,4.8461,0.0,1020.67
2020-11-26 10:00:00,7.355555555555558,5.433333333333334,0.93,10.2718,134.0,4.7495,0.0,1020.57
2020-11-26 11:00:00,8.861111111111112,7.1000000000000005,0.89,11.0768,140.0,5.957000000000001,0.0,1019.97
2020-11-26 12:00:00,9.944444444444445,7.799999999999999,0.86,15.488199999999999,140.0,6.9069,0.0,1018.89
2020-11-26 13:00:00,12.127777777777776,12.127777777777776,0.8,14.9408,133.0,8.420300000000001,0.0,1018.4
2020-11-26 14:00:00,12.094444444444447,12.094444444444447,0.8,15.488199999999999,140.0,9.6922,0.0,1017.77
2020-11-26 15:00:00,12.122222222222222,12.122222222222222,0.8,14.1519,140.0,9.708300000000001,0.0,1017.46
2020-11-26 16:00:00,11.183333333333334,11.183333333333334,0.86,10.9641,138.0,7.631400000000001,0.0,1017.24
2020-11-26 17:00:00,11.038888888888888,11.038888888888888,0.81,12.6707,141.0,9.6922,0.0,1016.85
2020-11-26 18:00:00,9.949999999999998,7.972222222222222,0.87,14.1519,141.0,9.708300000000001,0.0,1016.57
2020-11-26 19:00:00,9.049999999999999,7.094444444444446,0.89,12.558,144.0,9.7566,0.0,1016.42
2020-11-26 20:00:00,7.894444444444446,5.933333333333334,0.95,11.0768,150.0,9.708300000000001,0.0,1016.15
2020-11-26 21:00:00,7.33888888888889,5.294444444444445,0.93,10.9158,141.0,11.753,0.0,1016.15
2020-11-26 22:00:00,7.000000000000001,4.994444444444445,0.93,10.3523,135.0,9.7888,0.0,1015.99
2020-11-26 23:00:00,6.688888888888888,4.022222222222223,0.96,13.846,131.0,7.905100000000001,0.0,1015.75
2020-11-27 00:00:00,7.172222222222221,5.094444444444445,0.93,10.9158,131.0,8.790600000000001,0.0,1015.55
2020-11-27 01:00:00,7.766666666666664,5.905555555555557,0.93,10.4167,135.0,8.935500000000001,0.0,1015.1
2020-11-27 02:00:00,8.105555555555558,5.750000000000001,0.89,13.8621,131.0,7.8084999999999996,0.0,1014.85
2020-11-27 03:00:00,8.127777777777778,5.777777777777777,0.9,13.8621,141.0,9.6761,0.0,1014.36
2020-11-27 04:00:00,8.08888888888889,6.288888888888889,0.9,10.4167,142.0,9.6922,0.0,1014.05
2020-11-27 05:00:00,7.666666666666665,5.394444444444445,0.9,12.654600000000002,141.0,9.6761,0.0,1013.74
2020-11-27 06:00:00,7.200000000000001,4.6000000000000005,0.93,14.1519,141.0,9.708300000000001,0.0,1013.44
2020-11-27 07:00:00,7.172222222222221,4.555555555555557,0.93,14.2002,133.0,6.5849,0.0,1013.58
2020-11-27 08:00:00,7.177777777777779,4.583333333333333,0.93,14.0553,132.0,6.0053,0.0,1013.75
2020-11-27 09:00:00,7.777777777777778,5.538888888888888,0.89,12.606300000000001,142.0,9.708300000000001,0.0,1014.13
2020-11-27 10:00:00,9.061111111111112,7.144444444444444,0.88,12.2843,151.0,9.3702,0.0,1014.13
2020-11-27 11:00:00,10.166666666666664,10.166666666666664,0.83,12.6385,141.0,9.982000000000001,0.0,1014.01
2020-11-27 12:00:00,12.405555555555555,12.405555555555555,0.79,14.2324,142.0,9.982000000000001,0.0,1013.21
2020-11-27 13:00:00,14.11111111111111,14.11111111111111,0.69,16.6796,155.0,10.3523,0.0,1012.71
2020-11-27 14:00:00,13.905555555555557,13.905555555555557,0.71,14.2002,151.0,9.982000000000001,0.0,1012.04
2020-11-27 15:00:00,12.838888888888889,12.838888888888889,0.76,14.007,141.0,9.982000000000001,0.0,1011.93
2020-11-27 16:00:00,11.338888888888887,11.338888888888887,0.79,13.1698,141.0,9.9015,0.0,1011.92
2020-11-27 17:00:00,9.949999999999998,8.194444444444445,0.84,12.525800000000002,141.0,9.853200000000001,0.0,1011.66
2020-11-27 18:00:00,8.861111111111112,7.083333333333333,0.89,11.1734,150.0,9.853200000000001,0.0,1012.12
2020-11-27 19:00:00,8.988888888888889,6.627777777777777,0.88,15.439900000000002,142.0,9.8693,0.0,1011.8
2020-11-27 20:00:00,8.927777777777777,6.527777777777778,0.83,15.633100000000002,141.0,9.853200000000001,0.0,1011.35
2020-11-27 21:00:00,8.883333333333335,6.294444444444443,0.83,17.114300000000004,141.0,15.697500000000002,0.0,1011.15
2020-11-27 22:00:00,7.305555555555555,4.849999999999998,0.89,13.3469,132.0,14.844200000000003,0.0,1011.2
2020-11-27 23:00:00,6.800000000000001,4.105555555555556,0.89,14.1519,131.0,15.649200000000002,0.0,1010.76
2020-11-28 00:00:00,7.266666666666666,4.2777777777777795,0.86,17.114300000000004,131.0,15.649200000000002,0.0,1010.46
2020-11-28 01:00:00,7.127777777777776,4.261111111111112,0.88,15.939000000000002,130.0,14.7959,0.0,1010.04
2020-11-28 02:00:00,6.644444444444445,3.988888888888889,0.89,13.6689,130.0,15.6009,0.0,1009.77
2020-11-28 03:00:00,6.644444444444445,3.938888888888891,0.89,14.007,130.0,15.6009,0.0,1009.58
2020-11-28 04:00:00,6.644444444444445,4.100000000000001,0.9,12.992700000000001,128.0,14.7637,0.0,1009.22
2020-11-28 05:00:00,7.172222222222221,4.372222222222221,0.87,15.504300000000002,130.0,9.7566,0.0,1008.67
2020-11-28 06:00:00,6.133333333333333,3.111111111111112,0.93,15.359399999999999,140.0,9.7566,0.0,1008.06
2020-11-28 07:00:00,6.15,3.6666666666666674,0.93,11.9945,131.0,9.7888,0.0,1007.98
2020-11-28 08:00:00,7.172222222222221,4.61111111111111,0.87,13.846,131.0,9.8049,0.0,1008.03
2020-11-28 09:00:00,7.750000000000002,4.916666666666668,0.9,16.840600000000002,130.0,9.853200000000001,0.0,1007.47
2020-11-28 10:00:00,10.966666666666669,10.966666666666669,0.78,14.0714,137.0,9.9498,0.0,1007.52
2020-11-28 11:00:00,14.694444444444445,14.694444444444445,0.68,20.076700000000002,140.0,9.982000000000001,0.0,1006.88
2020-11-28 12:00:00,12.772222222222224,12.772222222222224,0.77,14.1519,129.0,9.982000000000001,0.0,1006.17
2020-11-28 13:00:00,14.894444444444446,14.894444444444446,0.67,13.3469,114.0,10.3523,0.0,1005.2
2020-11-28 14:00:00,13.977777777777776,13.977777777777776,0.67,22.7332,130.0,9.982000000000001,0.0,1003.85
2020-11-28 15:00:00,13.905555555555557,13.905555555555557,0.72,16.744000000000003,129.0,9.982000000000001,0.0,1003.63
2020-11-28 16:00:00,12.777777777777779,12.777777777777779,0.77,14.860300000000002,129.0,9.982000000000001,0.0,1003.03
2020-11-28 17:00:00,12.200000000000001,12.200000000000001,0.75,24.294900000000002,129.0,9.982000000000001,0.0,1002.34
2020-11-28 18:00:00,12.177777777777779,12.177777777777779,0.75,21.557900000000004,130.0,9.982000000000001,0.0,1002.03
2020-11-28 19:00:00,11.961111111111112,11.961111111111112,0.76,21.7511,129.0,9.982000000000001,0.0,1001.23
2020-11-28 20:00:00,12.105555555555554,12.105555555555554,0.75,24.3432,140.0,9.982000000000001,0.0,1000.03
2020-11-28 21:00:00,12.083333333333334,12.083333333333334,0.75,27.37,129.0,9.982000000000001,0.0,999.23
2020-11-28 22:00:00,12.177777777777779,12.177777777777779,0.77,27.3217,140.0,14.9569,0.0,999.01
2020-11-28 23:00:00,12.711111111111112,12.711111111111112,0.74,30.5417,130.0,15.826300000000002,0.0,998.02
2020-11-29 00:00:00,12.222222222222221,12.222222222222221,0.75,30.7671,131.0,15.826300000000002,0.0,997.19
2020-11-29 01:00:00,12.650000000000002,12.650000000000002,0.73,28.4326,150.0,11.0285,0.0,997.11
2020-11-29 02:00:00,12.149999999999999,12.149999999999999,0.78,27.6115,170.0,15.874600000000001,0.0,997.55
2020-11-29 03:00:00,11.666666666666666,11.666666666666666,0.86,24.794,160.0,15.826300000000002,0.0,997.69
2020-11-29 04:00:00,11.105555555555558,11.105555555555558,0.89,19.014100000000003,143.0,14.9569,0.0,996.89
2020-11-29 05:00:00,11.155555555555555,11.155555555555555,0.93,24.6813,140.0,9.982000000000001,0.0,995.91
2020-11-29 06:00:00,11.155555555555555,11.155555555555555,0.93,23.312800000000003,140.0,9.982000000000001,0.0,995.97
2020-11-29 07:00:00,12.049999999999999,12.049999999999999,0.87,25.566800000000004,143.0,11.398800000000001,0.0,995.23
2020-11-29 08:00:00,12.105555555555554,12.105555555555554,0.87,27.7725,150.0,11.270000000000001,0.0,995.22
2020-11-29 09:00:00,12.733333333333334,12.733333333333334,0.83,35.2751,150.0,11.2056,0.0,994.56
2020-11-29 10:00:00,14.688888888888888,14.688888888888888,0.78,33.6651,160.0,10.4006,0.0,994.98
2020-11-29 11:00:00,15.02222222222222,15.02222222222222,0.72,32.2966,161.0,9.982000000000001,0.0,994.71
2020-11-29 12:00:00,14.044444444444444,14.044444444444444,0.75,26.8065,151.0,11.270000000000001,0.0,994.21
2020-11-29 13:00:00,14.061111111111112,14.061111111111112,0.8,24.5042,153.0,10.4006,0.0,993.61
2020-11-29 14:00:00,13.983333333333334,13.983333333333334,0.81,24.552500000000002,151.0,11.270000000000001,0.0,993.35
2020-11-29 15:00:00,13.933333333333332,13.933333333333332,0.81,21.413000000000004,180.0,10.0464,0.0,993.75
2020-11-29 16:00:00,11.305555555555555,11.305555555555555,0.84,11.414900000000001,172.0,11.4471,0.0,994.5
2020-11-29 17:00:00,9.049999999999999,7.394444444444446,0.92,10.6743,190.0,9.982000000000001,0.0,994.38
2020-11-29 18:00:00,9.066666666666666,6.9555555555555575,0.91,13.685,200.0,9.982000000000001,0.0,994.75
2020-11-29 19:00:00,9.155555555555553,7.33888888888889,0.87,11.801300000000001,199.0,9.982000000000001,0.0,994.99
2020-11-29 20:00:00,7.933333333333334,6.416666666666665,0.95,8.8389,206.0,9.982000000000001,0.0,995.21
2020-11-29 21:00:00,8.32777777777778,6.622222222222224,0.92,10.143,204.0,15.826300000000002,0.0,995.63
2020-11-29 22:00:00,8.511111111111111,6.422222222222223,0.87,12.6868,272.0,14.9569,0.0,996.59
2020-11-29 23:00:00,9.233333333333333,8.377777777777776,0.83,6.8747,341.0,15.826300000000002,0.0,997.41
2020-11-30 00:00:00,8.15,5.405555555555554,0.85,16.8728,0.0,15.826300000000002,0.0,997.75
2020-11-30 01:00:00,6.71111111111111,3.4666666666666677,0.8,18.096400000000003,343.0,14.9569,0.0,998.36
2020-11-30 02:00:00,5.483333333333332,3.122222222222221,0.86,10.626,8.0,15.826300000000002,0.0,998.64
2020-11-30 03:00:00,6.038888888888888,4.772222222222224,0.82,6.5366,355.0,15.826300000000002,0.0,998.83
2020-11-30 04:00:00,5.68888888888889,4.21111111111111,0.85,7.0518,334.0,14.9569,0.0,999.23
2020-11-30 05:00:00,5.022222222222222,1.9111111111111099,0.85,14.2324,339.0,10.0464,0.0,999.24
2020-11-30 06:00:00,4.977777777777778,2.6555555555555563,0.85,9.982000000000001,338.0,10.0464,0.0,999.37
2020-11-30 07:00:00,5.044444444444443,2.5166666666666675,0.85,10.996300000000002,324.0,10.4006,0.0,1000.36
2020-11-30 08:00:00,4.955555555555557,2.999999999999999,0.86,8.3881,320.0,11.270000000000001,0.0,1001.05
2020-11-30 09:00:00,4.955555555555557,1.3833333333333344,0.86,17.259200000000003,320.0,11.270000000000001,0.0,1001.94
2020-11-30 10:00:00,5.8500000000000005,2.638888888888889,0.81,16.1966,332.0,10.4006,0.0,1002.65
2020-11-30 11:00:00,6.044444444444446,2.7333333333333343,0.79,17.3075,320.0,10.0464,0.0,1003.14
2020-11-30 12:00:00,6.066666666666667,2.994444444444445,0.79,15.616999999999999,319.0,11.270000000000001,0.0,1003.45
2020-11-30 13:00:00,5.199999999999999,2.372222222222224,0.86,12.7673,321.0,10.851400000000002,0.0,1004.06
2020-11-30 14:00:00,5.116666666666667,2.3166666666666678,0.91,12.5419,310.0,11.270000000000001,0.0,1004.52
2020-11-30 15:00:00,5.072222222222224,2.9277777777777794,0.92,9.2414,291.0,11.270000000000001,0.0,1004.73
2020-11-30 16:00:00,5.122222222222222,3.4666666666666677,0.91,7.357700000000001,303.0,10.4972,0.0,1005.53
2020-11-30 17:00:00,5.027777777777776,3.183333333333332,0.92,8.0017,280.0,11.2056,0.0,1006.04
2020-11-30 18:00:00,4.955555555555557,2.7222222222222214,0.99,9.5312,271.0,11.270000000000001,0.0,1007.11
2020-11-30 19:00:00,4.822222222222222,2.7777777777777777,0.93,8.629600000000002,300.0,11.0768,0.0,1007.6
2020-11-30 20:00:00,4.883333333333333,2.6999999999999997,0.93,9.2897,309.0,11.270000000000001,0.0,1007.83
2020-11-30 21:00:00,4.377777777777779,1.7888888888888883,0.92,10.642100000000001,319.0,14.9569,0.0,1008.53
2020-11-30 22:00:00,4.316666666666668,2.894444444444445,0.93,6.1824,272.0,13.8138,0.0,1009.27
2020-11-30 23:00:00,4.3277777777777775,1.6944444444444429,0.89,10.835300000000002,309.0,14.9086,0.0,1008.96
2020-12-01 00:00:00,3.866666666666667,2.261111111111111,0.92,6.5205,279.0,14.9086,0.0,1009.75
2020-12-01 01:00:00,4.2944444444444425,2.855555555555556,0.9,6.230700000000001,305.0,13.8138,0.0,1009.83
2020-12-01 02:00:00,3.816666666666665,2.2277777777777765,0.89,6.4561,308.0,14.9086,0.0,1010.41
2020-12-01 03:00:00,3.816666666666665,2.283333333333333,0.91,6.279,245.0,14.9086,0.0,1010.43
2020-12-01 04:00:00,3.8055555555555562,3.8055555555555562,0.91,3.3971,245.0,9.982000000000001,0.0,1010.72
2020-12-01 05:00:00,3.7222222222222237,1.761111111111112,0.92,7.615300000000001,234.0,11.2056,0.0,1011.12
2020-12-01 06:00:00,2.7111111111111126,0.4888888888888903,0.95,7.905100000000001,262.0,11.2056,0.0,1011.52
2020-12-01 07:00:00,2.7500000000000018,0.33333333333333415,0.95,8.629600000000002,288.0,11.0285,0.0,1011.88
2020-12-01 08:00:00,3.6777777777777763,0.8888888888888897,0.82,10.948,290.0,11.2056,0.0,1012.35
2020-12-01 09:00:00,2.7777777777777777,-0.5555555555555556,0.88,12.6868,291.0,9.982000000000001,0.0,1012.84
2020-12-01 10:00:00,4.883333333333333,2.377777777777778,0.76,10.7387,318.0,9.982000000000001,0.0,1013.6
2020-12-01 11:00:00,5.005555555555555,2.738888888888889,0.81,9.724400000000001,291.0,9.982000000000001,0.0,1013.74
2020-12-01 12:00:00,6.066666666666667,4.005555555555556,0.75,9.724400000000001,301.0,9.982000000000001,0.0,1014.03
2020-12-01 13:00:00,7.088888888888888,5.188888888888891,0.65,9.9015,309.0,9.982000000000001,0.0,1013.91
2020-12-01 14:00:00,7.177777777777779,6.594444444444443,0.64,4.9266000000000005,328.0,9.982000000000001,0.0,1013.84
2020-12-01 15:00:00,6.061111111111109,5.3666666666666645,0.69,4.83,319.0,9.982000000000001,0.0,1014.25
2020-12-01 16:00:00,5.027777777777776,5.027777777777776,0.69,1.7066000000000001,316.0,9.982000000000001,0.0,1014.48
2020-12-01 17:00:00,2.7722222222222235,1.0222222222222241,0.81,6.44,300.0,9.982000000000001,0.0,1014.83
2020-12-01 18:00:00,2.261111111111111,2.261111111111111,0.84,1.7066000000000001,341.0,9.982000000000001,0.0,1015.2
2020-12-01 19:00:00,2.9611111111111104,2.9611111111111104,0.86,3.3327,311.0,9.6278,0.0,1015.36
2020-12-01 20:00:00,2.677777777777778,2.677777777777778,0.88,3.22,300.0,8.1305,0.0,1015.7
2020-12-01 21:00:00,3.2166666666666663,1.633333333333332,0.88,6.1502,0.0,9.982000000000001,0.0,1015.64
2020-12-01 22:00:00,2.3444444444444437,0.8999999999999986,0.87,5.4418,342.0,9.5473,0.0,1015.78
2020-12-01 23:00:00,2.194444444444446,2.194444444444446,0.82,3.0429,359.0,9.9015,0.0,1015.51
2020-12-02 00:00:00,0.6444444444444426,0.6444444444444426,0.91,0.0,0.0,8.0983,0.0,1015.69
2020-12-02 01:00:00,0.7833333333333314,0.7833333333333314,0.92,0.9982000000000001,119.0,7.856800000000001,0.0,1015.22
2020-12-02 02:00:00,0.6166666666666664,0.6166666666666664,0.92,3.22,350.0,8.05,0.0,1015.0
2020-12-02 03:00:00,2.194444444444446,0.43888888888888844,0.85,6.2146,88.0,9.8049,0.0,1014.43
2020-12-02 04:00:00,2.6500000000000017,1.0111111111111113,0.92,6.0697,90.0,9.3541,0.0,1013.91
2020-12-02 05:00:00,2.7333333333333343,2.7333333333333343,0.96,0.1288,70.0,6.0697,0.0,1014.01
2020-12-02 06:00:00,2.6611111111111105,2.6611111111111105,1.0,3.0912,66.0,4.395300000000001,0.0,1013.46
2020-12-02 07:00:00,2.7111111111111126,1.5611111111111124,0.99,4.8622000000000005,51.0,3.8962000000000003,0.0,1013.22
2020-12-02 08:00:00,2.7111111111111126,2.7111111111111126,1.0,3.1717,64.0,3.4132000000000002,0.0,1013.03
2020-12-02 09:00:00,3.75,2.727777777777776,0.93,4.8783,31.0,3.8801000000000005,0.0,1013.02
2020-12-02 10:00:00,3.8444444444444454,1.5888888888888886,0.99,8.758400000000002,45.0,3.7352,0.0,1012.39
2020-12-02 11:00:00,3.7944444444444434,1.3333333333333326,1.0,9.595600000000001,29.0,4.8783,0.0,1011.57
2020-12-02 12:00:00,4.816666666666667,2.255555555555557,0.93,10.9319,39.0,3.1073,0.0,1010.97
2020-12-02 13:00:00,4.8888888888888875,3.072222222222223,0.94,7.8084999999999996,17.0,4.025,0.0,1010.25
2020-12-02 14:00:00,4.816666666666667,1.9277777777777771,1.0,12.654600000000002,39.0,4.025,0.0,1009.26
2020-12-02 15:00:00,4.816666666666667,1.6722222222222212,1.0,14.1519,30.0,4.025,0.0,1008.56
2020-12-02 16:00:00,4.8888888888888875,1.761111111111112,0.94,14.168000000000003,39.0,3.3649,0.0,1007.77
2020-12-02 17:00:00,4.816666666666667,1.9277777777777771,0.94,12.654600000000002,31.0,3.059,0.0,1006.97
2020-12-02 18:00:00,4.816666666666667,1.6944444444444429,1.0,14.007,48.0,3.9767000000000006,0.0,1006.09
2020-12-02 19:00:00,4.877777777777778,2.3277777777777766,1.0,10.9641,23.0,3.7996,0.0,1005.73
2020-12-02 20:00:00,4.794444444444446,2.166666666666666,1.0,11.270000000000001,8.0,3.4615,0.0,1005.49
2020-12-02 21:00:00,4.216666666666669,1.466666666666667,1.0,11.286100000000001,356.0,1.8354,0.0,1004.94
2020-12-02 22:00:00,3.7944444444444434,0.5444444444444427,1.0,13.4435,339.0,2.2057,0.0,1004.67
2020-12-02 23:00:00,3.177777777777777,-1.3055555555555562,1.0,20.6724,320.0,2.2057,0.0,1004.74
2020-12-03 00:00:00,2.666666666666665,-2.488888888888889,0.99,25.2287,320.0,2.2057,0.0,1004.62
2020-12-03 01:00:00,2.1611111111111114,-2.527777777777778,0.96,20.2377,313.0,3.5420000000000007,0.0,1004.87
2020-12-03 02:00:00,1.5777777777777797,-3.3055555555555554,1.0,20.5275,310.0,2.737,0.0,1005.09
2020-12-03 03:00:00,1.0666666666666675,-3.9499999999999997,1.0,20.5275,310.0,2.5921000000000003,0.0,1005.0
2020-12-03 04:00:00,0.5777777777777773,-4.377777777777776,0.99,19.2073,293.0,3.3488,0.0,1005.1
2020-12-03 05:00:00,1.0166666666666657,-4.744444444444444,0.92,26.436200000000003,301.0,2.6404,0.0,1005.1
2020-12-03 06:00:00,1.0888888888888895,-4.827777777777778,0.92,28.014,291.0,4.588500000000001,0.0,1005.38
2020-12-03 07:00:00,1.0444444444444458,-4.572222222222223,0.86,25.180400000000002,291.0,5.1037,0.0,1005.7
2020-12-03 08:00:00,1.0888888888888895,-4.827777777777778,0.85,28.046200000000006,300.0,11.125100000000002,0.0,1006.09
2020-12-03 09:00:00,1.1111111111111112,-4.472222222222222,0.85,25.0838,300.0,11.1734,0.0,1006.5
2020-12-03 10:00:00,2.1000000000000005,-2.883333333333334,0.8,22.395100000000003,310.0,10.948,0.0,1007.08
2020-12-03 11:00:00,1.1777777777777763,-4.383333333333334,0.91,25.067700000000002,311.0,4.524100000000001,0.0,1007.3
2020-12-03 12:00:00,1.1999999999999982,-4.372222222222224,0.91,25.212600000000002,310.0,4.1699,0.0,1007.39
2020-12-03 13:00:00,1.3722222222222216,-3.8444444444444454,0.89,22.6688,310.0,7.3255,0.0,1007.83
2020-12-03 14:00:00,1.25,-3.3055555555555554,0.9,17.6778,310.0,7.2772,0.0,1008.16
2020-12-03 15:00:00,1.2277777777777783,-3.783333333333333,0.9,20.7851,310.0,4.347,0.0,1008.56
2020-12-03 16:00:00,2.205555555555555,-1.9555555555555553,0.78,16.6957,311.0,10.5938,0.0,1009.15
2020-12-03 17:00:00,2.127777777777777,-2.9611111111111104,0.72,23.3611,300.0,11.2056,0.0,1009.67
2020-12-03 18:00:00,1.0888888888888895,-4.083333333333334,0.75,21.735000000000003,300.0,9.982000000000001,0.0,1010.08
2020-12-03 19:00:00,1.122222222222224,-3.861111111111111,0.74,20.4309,291.0,9.982000000000001,0.0,1010.92
2020-12-03 20:00:00,1.0388888888888874,-3.4722222222222223,0.78,17.114300000000004,290.0,9.982000000000001,0.0,1010.96
2020-12-03 21:00:00,-0.005555555555556424,-4.800000000000001,0.84,17.259200000000003,281.0,15.826300000000002,0.0,1011.36
2020-12-03 22:00:00,-0.03888888888888905,-4.683333333333334,0.81,16.2932,281.0,14.9569,0.0,1011.85
2020-12-03 23:00:00,-0.09444444444444539,-5.361111111111111,0.78,20.125,280.0,15.826300000000002,0.0,1011.86
2020-12-04 00:00:00,-0.6277777777777772,-5.488888888888888,0.81,16.7601,270.0,15.826300000000002,0.0,1011.85
2020-12-04 01:00:00,-1.122222222222222,-6.022222222222222,0.81,16.309300000000004,279.0,14.9569,0.0,1011.89
2020-12-04 02:00:00,-1.7111111111111101,-5.588888888888889,0.85,10.9158,260.0,15.826300000000002,0.0,1012.22
2020-12-04 03:00:00,-2.2666666666666657,-6.25,0.85,10.8997,259.0,15.826300000000002,0.0,1012.1
2020-12-04 04:00:00,-2.622222222222222,-5.388888888888889,0.88,6.8908000000000005,252.0,14.9569,0.0,1011.69
2020-12-04 05:00:00,-2.872222222222223,-7.266666666666666,0.92,12.0267,229.0,9.982000000000001,0.0,1011.5
2020-12-04 06:00:00,-3.822222222222221,-7.08888888888889,0.92,7.6796999999999995,181.0,9.982000000000001,0.0,1011.47
2020-12-04 07:00:00,-3.5500000000000003,-7.5166666666666675,0.93,9.9176,157.0,9.9015,0.0,1011.29
2020-12-04 08:00:00,-2.2222222222222223,-5.294444444444445,0.96,7.889000000000001,151.0,9.982000000000001,0.0,1010.54
2020-12-04 09:00:00,0.0,-3.177777777777777,0.85,9.563400000000001,152.0,9.982000000000001,0.0,1009.86
2020-12-04 10:00:00,1.9499999999999988,-2.2888888888888896,0.74,16.7601,152.0,9.982000000000001,0.0,1010.01
2020-12-04 11:00:00,2.755555555555556,-2.177777777777779,0.7,23.4738,170.0,9.982000000000001,0.0,1008.75
2020-12-04 12:00:00,2.2666666666666657,-2.4277777777777785,0.78,20.4953,151.0,9.982000000000001,0.0,1008.13
2020-12-04 13:00:00,3.955555555555554,-0.6222222222222228,0.69,23.312800000000003,153.0,10.3523,0.0,1007.12
2020-12-04 14:00:00,3.838888888888887,-0.7555555555555552,0.7,23.184,151.0,9.982000000000001,0.0,1005.89
2020-12-04 15:00:00,2.755555555555556,-1.3333333333333326,0.76,17.066,151.0,10.0464,0.0,1005.86
2020-12-04 16:00:00,2.7500000000000018,-0.4888888888888883,0.82,12.1716,158.0,9.9015,0.0,1005.76
2020-12-04 17:00:00,2.5944444444444454,-1.2388888888888892,0.83,15.246700000000002,141.0,10.8997,0.0,1004.78
2020-12-04 18:00:00,2.566666666666665,-1.5444444444444452,0.83,16.9694,169.0,10.8192,0.0,1004.47
2020-12-04 19:00:00,1.93888888888889,-0.8888888888888897,0.87,9.6439,156.0,9.9498,0.0,1003.9
2020-12-04 20:00:00,2.061111111111112,-0.6777777777777771,0.86,9.3702,141.0,10.8031,0.0,1003.19
2020-12-04 21:00:00,2.061111111111112,-1.6944444444444449,0.9,14.0875,131.0,11.592,0.0,1002.51
2020-12-04 22:00:00,1.6000000000000014,-1.4833333333333343,0.92,10.4006,119.0,9.1126,0.0,1002.06
2020-12-04 23:00:00,1.5277777777777777,-1.683333333333334,0.9,10.8997,110.0,9.595600000000001,0.0,1001.14
2020-12-05 00:00:00,0.5111111111111121,-1.3499999999999999,0.93,5.828200000000001,129.0,0.7889,0.0,1001.01
2020-12-05 01:00:00,0.033333333333334596,0.033333333333334596,1.0,3.7513000000000005,63.0,1.3363,0.0,1000.22
2020-12-05 02:00:00,0.0,0.0,1.0,3.2039,61.0,1.8837,0.0,999.73
2020-12-05 03:00:00,0.0,0.0,1.0,3.0751,30.0,1.8837,0.0,999.35
2020-12-05 04:00:00,0.09444444444444539,0.09444444444444539,1.0,3.6386,354.0,2.5599000000000003,0.0,998.69
2020-12-05 05:00:00,0.0,0.0,1.0,4.7978000000000005,358.0,2.9624,0.0,998.57
2020-12-05 06:00:00,0.0,-3.088888888888888,1.0,9.2253,339.0,2.9624,0.0,998.98
2020-12-05 07:00:00,0.016666666666667298,-2.4555555555555566,1.0,7.2611,350.0,2.0447,0.0,999.55
2020-12-05 08:00:00,0.0,-2.65,1.0,7.776300000000001,330.0,2.2379,0.0,999.96
2020-12-05 09:00:00,0.022222222222221748,-2.605555555555556,1.0,7.711900000000001,339.0,3.3488,0.0,1000.78
2020-12-05 10:00:00,0.9888888888888895,-2.2388888888888894,0.93,10.513300000000001,328.0,4.6046000000000005,0.0,1001.38
2020-12-05 11:00:00,1.0833333333333348,-2.9611111111111104,0.93,14.457800000000002,309.0,6.021400000000001,0.0,1001.65
2020-12-05 12:00:00,1.1055555555555567,-2.783333333333334,0.93,13.6689,310.0,10.948,0.0,1002.04
2020-12-05 13:00:00,1.1555555555555546,-2.966666666666667,0.92,14.9569,310.0,9.9498,0.0,1002.43
2020-12-05 14:00:00,1.2444444444444456,-2.6444444444444453,0.92,13.8138,300.0,10.948,0.0,1002.62
2020-12-05 15:00:00,1.1722222222222218,-2.0722222222222224,0.92,10.706500000000002,309.0,10.8997,0.0,1003.4
2020-12-05 16:00:00,1.1444444444444457,-0.3888888888888885,0.92,5.2647,294.0,4.5402000000000005,0.0,1003.77
2020-12-05 17:00:00,0.016666666666667298,0.016666666666667298,1.0,3.3005,254.0,4.8461,0.0,1003.92
2020-12-05 18:00:00,0.044444444444443496,0.044444444444443496,1.0,3.0107000000000004,172.0,4.395300000000001,0.0,1004.33
2020-12-05 19:00:00,-0.8055555555555551,-0.8055555555555551,0.99,1.5778,243.0,4.4919,0.0,1004.98
2020-12-05 20:00:00,-0.07222222222222167,-3.1222222222222227,1.0,9.064300000000001,250.0,4.4275,0.0,1005.41
2020-12-05 21:00:00,-1.2055555555555566,-1.2055555555555566,1.0,3.1878,225.0,0.5474000000000001,0.0,1005.63
2020-12-05 22:00:00,-1.4833333333333343,-1.4833333333333343,0.99,2.9302,225.0,0.6601,0.0,1006.2
2020-12-05 23:00:00,-1.2055555555555566,-1.2055555555555566,1.0,3.0751,250.0,1.4168,0.0,1006.73
2020-12-06 00:00:00,-0.7444444444444444,-0.7444444444444444,0.96,3.1878,318.0,2.9463000000000004,0.0,1007.01
2020-12-06 01:00:00,-2.127777777777777,-2.127777777777777,1.0,1.2558,285.0,1.0143,0.0,1007.43
2020-12-06 02:00:00,-2.4833333333333325,-2.4833333333333325,1.0,3.2039,261.0,0.4669,0.0,1007.64
2020-12-06 03:00:00,-3.4777777777777787,-3.4777777777777787,1.0,3.3488,272.0,0.6279,0.0,1007.93
2020-12-06 04:00:00,-3.2166666666666663,-3.2166666666666663,1.0,3.8962000000000003,264.0,0.6762,0.0,1008.05
2020-12-06 05:00:00,-2.527777777777778,-2.527777777777778,1.0,3.22,330.0,0.16100000000000003,0.0,1008.33
2020-12-06 06:00:00,-2.527777777777778,-2.527777777777778,1.0,3.0751,10.0,0.16100000000000003,0.0,1008.44
2020-12-06 07:00:00,-2.4166666666666674,-5.255555555555556,1.0,7.1645,37.0,0.4186,0.0,1008.74
2020-12-06 08:00:00,-2.55,-5.650000000000001,1.0,7.824600000000001,30.0,0.32200000000000006,0.0,1009.64
2020-12-06 09:00:00,-2.4555555555555566,-2.4555555555555566,1.0,0.1449,40.0,0.6279,0.0,1010.42
2020-12-06 10:00:00,-1.2833333333333325,-1.2833333333333325,0.99,3.8479000000000005,175.0,1.3041000000000003,0.0,1010.94
2020-12-06 11:00:00,-1.122222222222222,-1.122222222222222,1.0,1.4329,25.0,4.7656,0.0,1011.01
2020-12-06 12:00:00,-1.188888888888889,-1.188888888888889,1.0,2.9302,270.0,4.314800000000001,0.0,1011.9
2020-12-06 13:00:00,-1.1055555555555547,-1.1055555555555547,0.99,1.0304,350.0,4.5724,0.0,1010.95
2020-12-06 14:00:00,-1.1833333333333327,-1.1833333333333327,1.0,2.9785000000000004,322.0,4.314800000000001,0.0,1011.4
2020-12-06 15:00:00,-1.188888888888889,-1.188888888888889,1.0,1.61,320.0,4.314800000000001,0.0,0.0
2020-12-06 16:00:00,-1.2444444444444436,-1.2444444444444436,0.99,2.4955000000000003,291.0,3.9606000000000003,0.0,1012.14
2020-12-06 17:00:00,-1.2777777777777781,-1.2777777777777781,1.0,1.4168,299.0,4.7656,0.0,1012.44
2020-12-06 18:00:00,-1.188888888888889,-1.188888888888889,1.0,3.2844,238.0,4.314800000000001,0.0,1013.2
2020-12-06 19:00:00,-1.3555555555555563,-1.3555555555555563,0.99,4.1216,265.0,5.1359,0.0,1013.71
2020-12-06 20:00:00,-2.294444444444444,-5.827777777777777,1.0,9.2897,279.0,4.4436,0.0,1015.08
2020-12-06 21:00:00,-1.7388888888888883,-4.177777777777777,0.96,6.423900000000001,261.0,4.4436,0.0,1014.75
2020-12-06 22:00:00,-1.6777777777777776,-4.072222222222221,0.99,6.327300000000001,265.0,4.8139,0.0,1015.35
2020-12-06 23:00:00,-1.7388888888888883,-4.272222222222222,1.0,6.6493,271.0,4.1699,0.0,1015.72
2020-12-07 00:00:00,-1.7166666666666666,-4.194444444444445,0.96,6.5205,264.0,4.2987,0.0,1015.92
2020-12-07 01:00:00,-2.1111111111111116,-5.794444444444444,0.95,9.9337,307.0,5.570600000000001,0.0,1015.91
2020-12-07 02:00:00,-2.272222222222222,-4.816666666666667,0.95,6.4722,256.0,5.216400000000001,0.0,1016.22
2020-12-07 03:00:00,-1.7833333333333339,-5.716666666666666,0.88,11.0929,290.0,5.216400000000001,0.0,1016.33
2020-12-07 04:00:00,-2.194444444444444,-6.633333333333334,0.85,12.8317,298.0,13.8138,0.0,1016.39
2020-12-07 05:00:00,-2.272222222222222,-6.305555555555556,0.81,11.0768,279.0,15.826300000000002,0.0,1016.61
2020-12-07 06:00:00,-2.294444444444444,-6.366666666666667,0.81,11.2217,270.0,9.982000000000001,0.0,1016.72
2020-12-07 07:00:00,-2.7999999999999994,-6.7555555555555555,0.85,10.4167,271.0,9.982000000000001,0.0,1017.14
2020-12-07 08:00:00,-2.3666666666666676,-5.900000000000001,0.81,9.2575,270.0,9.982000000000001,0.0,1017.51
2020-12-07 09:00:00,-2.294444444444444,-6.605555555555556,0.81,12.187700000000001,299.0,9.982000000000001,0.0,1017.71
2020-12-07 10:00:00,-1.122222222222222,-4.083333333333334,0.74,8.1305,287.0,10.3523,0.0,1017.88
2020-12-07 11:00:00,-0.09999999999999984,-2.8499999999999996,0.69,8.05,272.0,9.982000000000001,0.0,1017.39
2020-12-07 12:00:00,-0.04999999999999992,-2.6555555555555563,0.62,7.615300000000001,283.0,9.982000000000001,0.0,1017.09
2020-12-07 13:00:00,1.0166666666666657,1.0166666666666657,0.57,4.3309,286.0,10.3523,0.0,1016.3
2020-12-07 14:00:00,1.0166666666666657,1.0166666666666657,0.59,3.0107000000000004,238.0,9.982000000000001,0.0,1015.99
2020-12-07 15:00:00,0.9222222222222203,0.9222222222222203,0.59,3.0912,180.0,9.982000000000001,0.0,1015.7
2020-12-07 16:00:00,-1.1944444444444438,-3.822222222222221,0.68,7.148400000000001,157.0,9.982000000000001,0.0,1015.64
2020-12-07 17:00:00,-2.2888888888888896,-5.766666666666666,0.81,9.1126,121.0,9.982000000000001,0.0,1015.29
2020-12-07 18:00:00,-2.3888888888888893,-5.383333333333334,0.76,7.615300000000001,110.0,9.982000000000001,0.0,1015.28
2020-12-07 19:00:00,-2.4666666666666672,-6.305555555555556,0.72,10.239600000000001,110.0,9.982000000000001,0.0,1015.3
2020-12-07 20:00:00,-2.894444444444445,-7.33888888888889,0.72,12.203800000000001,100.0,9.982000000000001,0.0,1014.98
2020-12-07 21:00:00,-2.994444444444445,-7.111111111111111,0.76,10.867500000000001,100.0,15.826300000000002,0.0,1014.51
2020-12-07 22:00:00,-2.938888888888888,-7.022222222222222,0.77,10.7548,98.0,14.9569,0.0,1014.61
2020-12-07 23:00:00,-2.8499999999999996,-7.044444444444444,0.78,11.253900000000002,90.0,15.826300000000002,0.0,1014.28
2020-12-08 00:00:00,-2.3444444444444437,-7.077777777777777,0.76,14.007,80.0,15.826300000000002,0.0,1013.8
2020-12-08 01:00:00,-2.833333333333334,-7.055555555555555,0.82,11.382700000000002,72.0,14.9569,0.0,1013.79
2020-12-08 02:00:00,-2.805555555555556,-8.238888888888887,0.81,16.985500000000002,69.0,15.826300000000002,0.0,1013.21
2020-12-08 03:00:00,-2.3666666666666676,-7.75,0.79,17.3075,70.0,15.826300000000002,0.0,1013.09
2020-12-08 04:00:00,-2.333333333333333,-7.7666666666666675,0.8,17.6134,60.0,14.9569,0.0,1012.46
2020-12-08 05:00:00,-2.3166666666666678,-9.266666666666667,0.81,28.2394,51.0,9.982000000000001,0.0,1012.11
2020-12-08 06:00:00,-2.294444444444444,-9.761111111111111,0.76,32.9245,51.0,9.982000000000001,0.0,1010.54
2020-12-08 07:00:00,-2.7222222222222214,-9.494444444444445,0.78,25.840500000000002,52.0,9.982000000000001,0.0,1010.61
2020-12-08 08:00:00,-2.3166666666666678,-8.5,0.76,22.3307,51.0,9.982000000000001,0.0,1010.85
2020-12-08 09:00:00,-2.3388888888888895,-8.494444444444444,0.76,22.1214,41.0,11.2056,0.0,1011.27
2020-12-08 10:00:00,-2.372222222222222,-8.711111111111112,0.84,23.345000000000002,33.0,7.824600000000001,0.0,1011.0
2020-12-08 11:00:00,-2.3388888888888895,-9.300000000000002,0.82,28.2716,30.0,7.212800000000001,0.0,1010.79
2020-12-08 12:00:00,-2.894444444444445,-10.227777777777778,0.92,30.010400000000004,30.0,1.2236,0.0,1010.19
2020-12-08 13:00:00,-2.805555555555556,-10.227777777777778,0.99,31.024700000000003,24.0,1.2236,0.0,1009.9
2020-12-08 14:00:00,-2.8499999999999996,-10.644444444444444,0.92,34.4218,21.0,1.5778,0.0,1010.03
2020-12-08 15:00:00,-2.7999999999999994,-10.722222222222221,0.91,35.8547,21.0,1.0626000000000002,0.0,1010.35
2020-12-08 16:00:00,-2.833333333333334,-10.46111111111111,0.93,32.8601,22.0,1.0143,0.0,1010.38
2020-12-08 17:00:00,-2.822222222222221,-10.594444444444443,0.91,34.2769,20.0,1.2719,0.0,1010.87
2020-12-08 18:00:00,-2.822222222222221,-10.11111111111111,0.98,29.801100000000005,11.0,1.7388000000000001,0.0,1011.1
2020-12-08 19:00:00,-2.7999999999999994,-10.005555555555553,0.92,29.1571,10.0,1.7871000000000004,0.0,1011.72
2020-12-08 20:00:00,-2.822222222222221,-9.983333333333333,0.91,28.7546,10.0,1.8998,0.0,1012.46
2020-12-08 21:00:00,-3.327777777777777,-10.961111111111112,0.95,31.443300000000004,10.0,1.8354,0.0,1012.69
2020-12-08 22:00:00,-3.266666666666666,-10.42222222222222,0.95,27.5793,9.0,1.7549000000000001,0.0,1012.69
2020-12-08 23:00:00,-3.311111111111112,-10.894444444444444,0.91,31.121299999999998,0.0,1.8354,0.0,1013.0
2020-12-09 00:00:00,-3.311111111111112,-10.922222222222222,0.91,31.330600000000004,0.0,1.8354,0.0,1013.0
2020-12-09 01:00:00,-3.7777777777777777,-11.81111111111111,0.94,33.8744,0.0,1.6744,0.0,1012.33
2020-12-09 02:00:00,-3.8166666666666678,-11.905555555555557,0.94,34.2608,0.0,2.3023000000000002,0.0,1013.23
2020-12-09 03:00:00,-3.8166666666666678,-11.9,0.93,34.1964,350.0,2.3023000000000002,0.0,1012.98
2020-12-09 04:00:00,-3.827777777777778,-11.855555555555556,0.94,33.649,351.0,2.3506,0.0,1012.24
2020-12-09 05:00:00,-2.822222222222221,-10.572222222222223,0.83,34.0515,350.0,2.3023000000000002,0.0,1012.59
2020-12-09 06:00:00,-2.7999999999999994,-9.27222222222222,0.83,23.4738,340.0,5.216400000000001,0.0,1013.06
2020-12-09 07:00:00,-2.8999999999999995,-9.850000000000001,0.75,26.838700000000003,340.0,10.465,0.0,1013.36
2020-12-09 08:00:00,-2.822222222222221,-10.044444444444444,0.71,29.253700000000006,330.0,11.2056,0.0,1013.47
2020-12-09 09:00:00,-2.2888888888888896,-9.161111111111113,0.66,27.643700000000006,330.0,11.2056,0.0,1013.96
2020-12-09 10:00:00,-2.372222222222222,-9.288888888888888,0.68,27.8047,330.0,10.4811,0.0,1014.36
2020-12-09 11:00:00,-2.2666666666666657,-8.222222222222221,0.66,20.9139,310.0,11.2056,0.0,1014.12
2020-12-09 12:00:00,-2.2222222222222223,-8.77222222222222,0.69,25.2287,310.0,11.2056,0.0,1013.92
2020-12-09 13:00:00,-2.1111111111111116,-8.427777777777779,0.66,23.7314,304.0,11.0285,0.0,1014.04
2020-12-09 14:00:00,-2.155555555555555,-8.544444444444444,0.66,24.150000000000002,301.0,11.2056,0.0,1014.04
2020-12-09 15:00:00,-2.177777777777779,-8.077777777777776,0.66,20.6885,301.0,11.2056,0.0,1014.44
2020-12-09 16:00:00,-3.6833333333333322,-7.722222222222222,0.68,10.0947,302.0,9.982000000000001,0.0,1014.64
2020-12-09 17:00:00,-6.877777777777776,-12.38888888888889,0.79,13.0249,273.0,9.982000000000001,0.0,1014.84
2020-12-09 18:00:00,-7.4833333333333325,-10.116666666666667,0.83,5.1037,242.0,9.982000000000001,0.0,1015.22
2020-12-09 19:00:00,-8.255555555555555,-12.555555555555555,0.82,8.355900000000002,217.0,9.6278,0.0,1016.12
2020-12-09 20:00:00,-11.872222222222222,-17.072222222222223,0.95,8.9677,250.0,9.982000000000001,0.0,1016.03
2020-12-09 21:00:00,-11.455555555555556,-15.266666666666667,0.95,6.166300000000001,250.0,14.812,0.0,1015.55
2020-12-09 22:00:00,-10.238888888888889,-13.733333333333333,0.91,5.9248,203.0,5.3774,0.0,1015.89
2020-12-09 23:00:00,-11.505555555555556,-15.25,0.91,6.0375000000000005,188.0,4.7495,0.0,1015.9
2020-12-10 00:00:00,-13.094444444444443,-13.094444444444443,0.87,3.22,220.0,4.7495,0.0,1015.31
2020-12-10 01:00:00,-12.716666666666667,-16.62777777777778,0.88,6.0053,231.0,5.055400000000001,0.0,1014.67
2020-12-10 02:00:00,-12.649999999999999,-16.62777777777778,0.87,6.1502,140.0,4.8139,0.0,1014.41
2020-12-10 03:00:00,-12.116666666666667,-15.983333333333333,0.88,6.1019000000000005,132.0,4.347,0.0,1013.98
2020-12-10 04:00:00,-11.805555555555555,-15.033333333333331,0.91,5.119800000000001,150.0,4.717300000000001,0.0,1013.57
2020-12-10 05:00:00,-10.755555555555555,-15.788888888888891,0.87,9.064300000000001,160.0,4.7495,0.0,1013.23
2020-12-10 06:00:00,-9.666666666666666,-14.055555555555555,0.91,7.953400000000001,159.0,7.212800000000001,0.0,1012.73
2020-12-10 07:00:00,-8.955555555555556,-14.305555555555555,0.92,10.9641,179.0,7.148400000000001,0.0,1012.95
2020-12-10 08:00:00,-7.633333333333332,-12.255555555555556,0.92,9.5312,132.0,6.2468,0.0,1012.83
2020-12-10 09:00:00,-7.588888888888889,-12.188888888888888,0.91,9.5151,132.0,7.212800000000001,0.0,1012.94
2020-12-10 10:00:00,-7.455555555555557,-12.211111111111112,0.83,10.0464,133.0,6.488300000000001,0.0,1012.9
2020-12-10 11:00:00,-5.855555555555555,-10.0,0.74,9.1126,160.0,6.295100000000001,0.0,1012.6
2020-12-10 12:00:00,-4.833333333333333,-9.25,0.74,10.5938,150.0,6.3434,0.0,1011.57
2020-12-10 13:00:00,-4.98888888888889,-9.36111111111111,0.74,10.3362,172.0,8.420300000000001,0.0,1011.74
2020-12-10 14:00:00,-4.761111111111111,-9.33888888888889,0.73,11.2217,142.0,9.982000000000001,0.0,1011.22
2020-12-10 15:00:00,-5.783333333333333,-10.416666666666666,0.8,10.706500000000002,141.0,10.0464,0.0,1011.24
2020-12-10 16:00:00,-5.972222222222222,-11.327777777777778,0.81,13.1859,149.0,6.4722,0.0,1011.38
2020-12-10 17:00:00,-5.922222222222222,-10.272222222222224,0.8,9.708300000000001,141.0,6.1985,0.0,1011.35
2020-12-10 18:00:00,-5.994444444444444,-5.994444444444444,0.81,1.8676,221.0,8.05,0.0,1011.57
2020-12-10 19:00:00,-5.994444444444444,-9.93888888888889,0.82,8.4847,128.0,7.4543,0.0,1011.96
2020-12-10 20:00:00,-7.105555555555555,-13.18888888888889,0.88,15.166200000000002,130.0,9.9015,0.0,1012.05
2020-12-10 21:00:00,-7.150000000000001,-12.072222222222223,0.84,10.7387,160.0,9.853200000000001,0.0,1012.17
2020-12-10 22:00:00,-8.11111111111111,-11.422222222222224,0.88,6.166300000000001,153.0,8.935500000000001,0.0,1012.09
2020-12-10 23:00:00,-10.316666666666666,-10.316666666666666,0.91,2.5760000000000005,342.0,9.8049,0.0,1012.97
2020-12-11 00:00:00,-7.333333333333333,-10.511111111111113,0.89,6.1502,119.0,9.708300000000001,0.0,1012.66
2020-12-11 01:00:00,-7.51111111111111,-12.0,0.86,9.2253,126.0,10.432800000000002,0.0,1012.14
2020-12-11 02:00:00,-8.466666666666665,-13.58888888888889,0.92,10.5455,80.0,11.7047,0.0,1012.21
2020-12-11 03:00:00,-8.933333333333332,-12.333333333333334,0.88,6.118,31.0,9.6922,0.0,1012.21
2020-12-11 04:00:00,-9.744444444444444,-9.744444444444444,0.92,3.1717,25.0,8.8228,0.0,1012.5
2020-12-11 05:00:00,-8.350000000000001,-13.433333333333334,0.88,10.4972,42.0,9.6922,0.0,1012.23
2020-12-11 06:00:00,-8.86111111111111,-14.11111111111111,0.92,10.706500000000002,331.0,9.6922,0.0,1012.36
2020-12-11 07:00:00,-8.711111111111112,-12.799999999999999,0.92,7.647500000000001,334.0,3.4937,0.0,1013.0
2020-12-11 08:00:00,-7.705555555555557,-11.505555555555556,0.92,7.3738,340.0,3.5581,0.0,1012.95
2020-12-11 09:00:00,-6.111111111111111,-10.755555555555555,0.88,10.5294,351.0,4.9105,0.0,1013.25
2020-12-11 10:00:00,-5.033333333333333,-9.416666666666666,0.84,10.368400000000001,350.0,5.6833,0.0,1013.03
2020-12-11 11:00:00,-2.872222222222223,-6.594444444444445,0.72,9.563400000000001,339.0,7.8729,0.0,1013.06
2020-12-11 12:00:00,-2.7999999999999994,-7.216666666666665,0.71,12.1716,322.0,7.905100000000001,0.0,1013.04
2020-12-11 13:00:00,-2.727777777777778,-6.505555555555556,0.78,9.837100000000001,323.0,7.3255,0.0,1012.98
2020-12-11 14:00:00,-2.244444444444444,-6.544444444444445,0.75,12.1716,321.0,7.905100000000001,0.0,1012.96
2020-12-11 15:00:00,-2.2666666666666657,-5.783333333333333,0.76,9.2575,292.0,10.980200000000002,0.0,1013.24
2020-12-11 16:00:00,-2.377777777777778,-4.222222222222223,0.82,4.9105,301.0,6.327300000000001,0.0,1013.55
2020-12-11 17:00:00,-2.3388888888888895,-5.433333333333334,0.82,7.905100000000001,291.0,6.021400000000001,0.0,1013.77
2020-12-11 18:00:00,-2.7777777777777777,-7.527777777777778,0.79,13.636700000000001,319.0,6.021400000000001,0.0,1013.97
2020-12-11 19:00:00,-2.794444444444445,-6.811111111111113,0.86,10.642100000000001,306.0,4.347,0.0,1014.18
2020-12-11 20:00:00,-2.755555555555556,-6.849999999999999,0.85,10.948,310.0,3.1073,0.0,1014.47
2020-12-11 21:00:00,-3.200000000000001,-7.4833333333333325,0.92,11.3344,319.0,3.1073,0.0,1014.85
2020-12-11 22:00:00,-2.2222222222222223,-6.305555555555556,0.86,11.3344,310.0,4.4436,0.0,1015.12
2020-12-11 23:00:00,-1.6888888888888884,-6.3999999999999995,0.85,14.6027,310.0,3.0751,0.0,1015.1
2020-12-12 00:00:00,-1.7388888888888883,-7.03888888888889,0.87,17.71,300.0,3.1395,0.0,1015.32
2020-12-12 01:00:00,-2.3277777777777784,-8.705555555555556,0.82,23.747500000000002,301.0,4.588500000000001,0.0,1015.44
2020-12-12 02:00:00,-2.8277777777777775,-8.922222222222224,0.84,20.881700000000002,300.0,4.2021,0.0,1015.89
2020-12-12 03:00:00,-3.355555555555555,-9.53888888888889,0.87,20.511400000000002,300.0,3.2844,0.0,1016.09
2020-12-12 04:00:00,-2.8888888888888884,-9.422222222222224,0.79,23.6992,301.0,9.9015,0.0,1015.85
2020-12-12 05:00:00,-3.888888888888889,-10.877777777777776,0.84,24.955000000000002,300.0,9.9015,0.0,1016.26
2020-12-12 06:00:00,-3.8166666666666678,-10.594444444444443,0.84,23.5865,309.0,11.125100000000002,0.0,1016.38
2020-12-12 07:00:00,-3.0277777777777772,-9.194444444444445,0.79,20.9622,299.0,10.948,0.0,1016.84
2020-12-12 08:00:00,-2.822222222222221,-9.088888888888889,0.78,22.0087,310.0,11.125100000000002,0.0,1017.38
2020-12-12 09:00:00,-2.7999999999999994,-8.33888888888889,0.85,17.581200000000003,309.0,5.9087000000000005,0.0,1017.98
2020-12-12 10:00:00,-2.7888888888888888,-8.916666666666666,0.9,21.1232,301.0,4.8783,0.0,1018.63
2020-12-12 11:00:00,-2.7333333333333343,-9.21111111111111,0.91,23.6187,290.0,3.7513000000000005,0.0,1018.68
2020-12-12 12:00:00,-2.155555555555555,-8.883333333333333,0.75,26.7743,300.0,8.1949,0.0,1018.96
2020-12-12 13:00:00,-2.166666666666666,-8.95,0.75,27.1929,299.0,8.1144,0.0,1019.15
2020-12-12 14:00:00,-2.2000000000000006,-8.788888888888888,0.75,25.5507,299.0,11.270000000000001,0.0,1019.26
2020-12-12 15:00:00,-2.2000000000000006,-9.122222222222224,0.75,28.2716,300.0,11.270000000000001,0.0,1019.84
2020-12-12 16:00:00,-2.244444444444444,-8.444444444444445,0.7,22.6366,292.0,11.4471,0.0,1020.42
2020-12-12 17:00:00,-2.8277777777777775,-9.333333333333334,0.71,23.634800000000002,290.0,11.270000000000001,0.0,1020.66
2020-12-12 18:00:00,-2.872222222222223,-9.53888888888889,0.71,24.7296,299.0,11.2056,0.0,1020.85
2020-12-12 19:00:00,-2.983333333333334,-9.605555555555554,0.69,24.150000000000002,291.0,11.398800000000001,0.0,1021.36
2020-12-12 20:00:00,-4.005555555555556,-10.305555555555555,0.74,20.2055,289.0,11.2056,0.0,1021.37
2020-12-12 21:00:00,-4.044444444444445,-9.83888888888889,0.71,17.259200000000003,280.0,15.826300000000002,0.0,1021.94
2020-12-12 22:00:00,-5.772222222222222,-11.244444444444447,0.75,13.8299,269.0,14.9569,0.0,1022.29
2020-12-12 23:00:00,-7.216666666666665,-13.06111111111111,0.77,14.039200000000001,270.0,15.826300000000002,0.0,1022.54
2020-12-13 00:00:00,-7.266666666666666,-13.18888888888889,0.74,14.312900000000003,261.0,15.826300000000002,0.0,1022.82
2020-12-13 01:00:00,-7.377777777777778,-13.15,0.75,13.6045,259.0,14.9569,0.0,1023.16
2020-12-13 02:00:00,-8.350000000000001,-13.594444444444443,0.74,11.012400000000001,222.0,15.826300000000002,0.0,1023.5
2020-12-13 03:00:00,-10.872222222222222,-16.5,0.8,10.626,176.0,15.826300000000002,0.0,1023.98
2020-12-13 04:00:00,-11.166666666666666,-16.766666666666666,0.8,10.384500000000001,204.0,14.9569,0.0,1024.06
2020-12-13 05:00:00,-12.600000000000001,-18.977777777777774,0.83,11.801300000000001,161.0,9.982000000000001,0.0,1024.17
2020-12-13 06:00:00,-12.494444444444447,-17.85,0.83,9.080400000000001,173.0,9.982000000000001,0.0,1024.57
2020-12-13 07:00:00,-13.22777777777778,-19.63888888888889,0.85,11.527600000000001,174.0,9.982000000000001,0.0,1025.03
2020-12-13 08:00:00,-12.005555555555555,-18.42777777777778,0.87,12.348700000000001,191.0,10.0464,0.0,1025.35
2020-12-13 09:00:00,-10.866666666666667,-16.977777777777774,0.87,12.1072,152.0,10.0464,0.0,1025.84
2020-12-13 10:00:00,-7.777777777777778,-13.416666666666666,0.79,12.7673,181.0,8.903300000000002,0.0,1026.43
2020-12-13 11:00:00,-5.944444444444445,-11.827777777777776,0.74,15.4721,180.0,9.982000000000001,0.0,1026.42
2020-12-13 12:00:00,-3.811111111111111,-8.927777777777777,0.68,14.2163,170.0,9.982000000000001,0.0,1026.01
2020-12-13 13:00:00,-4.7555555555555555,-10.088888888888889,0.73,14.2324,160.0,9.0965,0.0,1025.88
2020-12-13 14:00:00,-5.805555555555555,-12.022222222222222,0.73,17.227,141.0,9.982000000000001,0.0,1025.59
2020-12-13 15:00:00,-5.855555555555555,-12.094444444444443,0.73,17.259200000000003,150.0,9.982000000000001,0.0,1025.71
2020-12-13 16:00:00,-7.050000000000001,-13.36111111111111,0.75,16.2288,140.0,6.552700000000001,0.0,1026.12
2020-12-13 17:00:00,-7.622222222222222,-15.13888888888889,0.77,21.686700000000002,140.0,7.212800000000001,0.0,1026.09
2020-12-13 18:00:00,-7.066666666666666,-14.927777777777777,0.74,24.794,141.0,9.982000000000001,0.0,1026.38
2020-12-13 19:00:00,-5.477777777777778,-12.483333333333333,0.71,22.105300000000003,139.0,9.0965,0.0,1025.71
2020-12-13 20:00:00,-5.044444444444443,-11.622222222222224,0.69,20.221600000000002,150.0,11.2056,0.0,1025.66
2020-12-13 21:00:00,-5.972222222222222,-12.227777777777776,0.77,17.227,141.0,14.9086,0.0,1025.65
2020-12-13 22:00:00,-5.694444444444445,-12.944444444444445,0.73,23.2645,139.0,14.168000000000003,0.0,1025.87
2020-12-13 23:00:00,-5.527777777777778,-12.205555555555556,0.71,20.076700000000002,140.0,15.826300000000002,0.0,1025.71
2020-12-14 00:00:00,-6.061111111111111,-12.316666666666668,0.75,17.114300000000004,140.0,15.826300000000002,0.0,1025.71
2020-12-14 01:00:00,-5.527777777777778,-12.711111111111112,0.75,23.167900000000003,139.0,14.9569,0.0,1025.13
2020-12-14 02:00:00,-5.46111111111111,-12.811111111111112,0.74,24.375400000000003,140.0,15.826300000000002,0.0,1025.11
2020-12-14 03:00:00,-4.4222222222222225,-11.916666666666666,0.74,27.5954,140.0,15.826300000000002,0.0,1024.64
2020-12-14 04:00:00,-4.500000000000001,-11.816666666666666,0.75,26.033700000000003,140.0,14.9569,0.0,1024.41
2020-12-14 05:00:00,-4.349999999999999,-11.81111111111111,0.74,27.4988,140.0,15.874600000000001,0.0,1023.75
2020-12-14 06:00:00,-2.822222222222221,-9.422222222222224,0.71,24.3271,150.0,11.2056,0.0,1023.74
2020-12-14 07:00:00,-2.894444444444445,-9.872222222222222,0.73,27.048000000000002,140.0,11.0285,0.0,1023.64
2020-12-14 08:00:00,-2.7777777777777777,-9.061111111111112,0.78,22.169700000000002,150.0,10.0464,0.0,1023.7
2020-12-14 09:00:00,-2.244444444444444,-9.066666666666666,0.75,27.3217,130.0,11.2056,0.0,1023.84
2020-12-14 10:00:00,-2.1722222222222225,-8.711111111111112,0.75,25.2287,151.0,11.0285,0.0,1024.11
2020-12-14 11:00:00,-2.066666666666666,-8.833333333333334,0.75,27.3217,140.0,11.2056,0.0,1024.12
2020-12-14 12:00:00,-1.1111111111111112,-7.572222222222221,0.75,27.0802,150.0,11.2056,0.0,0.0
2020-12-14 13:00:00,-0.9500000000000005,-7.427777777777779,0.75,27.6276,150.0,11.0285,0.0,1023.48
2020-12-14 14:00:00,-0.994444444444444,-7.4833333333333325,0.75,27.5793,140.0,11.2056,0.0,1022.81
2020-12-14 15:00:00,-1.0611111111111111,-7.705555555555557,0.69,28.8351,150.0,11.2056,0.0,0.0
2020-12-14 16:00:00,-1.1000000000000003,-7.055555555555555,0.76,23.1357,140.0,9.982000000000001,0.0,1022.43
2020-12-14 17:00:00,-1.0888888888888895,-8.083333333333334,0.7,32.0229,140.0,9.982000000000001,0.0,1022.32
2020-12-14 18:00:00,-0.022222222222221748,-6.9944444444444445,0.69,35.2912,150.0,9.982000000000001,0.0,1021.83
2020-12-14 19:00:00,-0.13333333333333247,-6.3999999999999995,0.71,27.933500000000002,140.0,11.0285,0.0,1021.73
2020-12-14 20:00:00,-0.022222222222221748,-6.699999999999999,0.69,32.135600000000004,140.0,11.2056,0.0,1021.84
2020-12-14 21:00:00,-0.5333333333333338,-7.216666666666665,0.69,30.670500000000004,140.0,15.826300000000002,0.0,1021.51
2020-12-14 22:00:00,-0.5333333333333338,-7.322222222222223,0.71,31.668700000000005,141.0,14.9569,0.0,1021.31
2020-12-14 23:00:00,-1.0388888888888894,-7.538888888888888,0.7,27.5954,150.0,15.826300000000002,0.0,1021.02
2020-12-15 00:00:00,-0.5555555555555556,-6.933333333333334,0.7,27.788600000000006,150.0,15.826300000000002,0.0,1020.71
2020-12-15 01:00:00,-0.6722222222222227,-7.855555555555556,0.69,35.307300000000005,150.0,14.9569,0.0,1020.4
2020-12-15 02:00:00,-0.5999999999999991,-7.605555555555556,0.7,33.681200000000004,150.0,15.826300000000002,0.0,1020.11
2020-12-15 03:00:00,-0.6666666666666663,-7.699999999999999,0.7,33.6973,150.0,15.826300000000002,0.0,1019.81
2020-12-15 04:00:00,-0.6388888888888881,-7.805555555555555,0.74,35.2107,150.0,14.9569,0.0,1019.23
2020-12-15 05:00:00,-0.688888888888888,-7.438888888888889,0.76,30.8315,141.0,15.826300000000002,0.0,1018.8
2020-12-15 06:00:00,-1.1333333333333329,-7.5,0.76,26.2591,141.0,11.2056,0.0,1018.58
2020-12-15 07:00:00,-0.11666666666666714,-6.138888888888889,0.77,25.808300000000003,142.0,11.398800000000001,0.0,1018.48
2020-12-15 08:00:00,0.0500000000000019,-6.322222222222221,0.82,29.3664,141.0,10.0464,0.0,1018.09
2020-12-15 09:00:00,1.0888888888888895,-5.627777777777776,0.76,36.4504,150.0,11.270000000000001,0.0,1017.91
2020-12-15 10:00:00,1.188888888888889,-4.566666666666666,0.79,26.838700000000003,151.0,11.4471,0.0,1017.72
2020-12-15 11:00:00,2.2000000000000006,-3.083333333333334,0.73,25.164300000000004,150.0,11.270000000000001,0.0,1017.76
2020-12-15 12:00:00,1.2055555555555566,-4.666666666666666,0.85,27.9013,150.0,11.125100000000002,0.0,1017.15
2020-12-15 13:00:00,1.3333333333333326,-5.033333333333333,0.85,33.3753,150.0,11.237800000000002,0.0,1016.42
2020-12-15 14:00:00,2.2000000000000006,-3.8000000000000003,0.86,32.3449,150.0,11.125100000000002,0.0,1015.29
2020-12-15 15:00:00,2.2000000000000006,-3.522222222222222,0.86,29.398600000000005,150.0,11.0446,0.0,1015.18
2020-12-15 16:00:00,2.1222222222222222,-3.355555555555555,0.87,26.758200000000002,150.0,10.3362,0.0,1015.1
2020-12-15 17:00:00,2.2000000000000006,-3.33888888888889,0.86,27.5793,150.0,11.0446,0.0,1014.41
2020-12-15 18:00:00,2.2000000000000006,-4.038888888888888,0.86,35.0658,150.0,11.0446,0.0,1014.09
2020-12-15 19:00:00,2.1222222222222222,-3.8388888888888886,0.87,31.652600000000003,150.0,10.8836,0.0,1014.02
2020-12-15 20:00:00,2.177777777777779,-3.5000000000000004,0.86,28.883400000000005,150.0,10.980200000000002,0.0,1013.41
2020-12-15 21:00:00,1.6666666666666667,-4.3277777777777775,0.93,30.5417,150.0,11.753,0.0,1012.84
2020-12-15 22:00:00,1.6000000000000014,-3.888888888888889,0.93,25.5024,142.0,8.227100000000002,0.0,1012.64
2020-12-15 23:00:00,1.6666666666666667,-4.511111111111112,0.93,32.4898,151.0,14.6832,0.0,1012.27
2020-12-16 00:00:00,1.6666666666666667,-3.633333333333333,0.93,24.0212,160.0,7.824600000000001,0.0,1012.89
2020-12-16 01:00:00,1.1833333333333347,-3.672222222222222,0.96,19.593700000000002,163.0,11.414900000000001,0.0,1012.79
2020-12-16 02:00:00,1.1388888888888873,-2.705555555555556,0.96,13.4596,201.0,14.5383,0.0,1013.4
2020-12-16 03:00:00,1.1166666666666656,-3.366666666666666,0.96,17.0177,201.0,14.49,0.0,1013.7
2020-12-16 04:00:00,1.0611111111111091,-2.627777777777778,0.96,12.606300000000001,203.0,10.770900000000001,0.0,1013.87
2020-12-16 05:00:00,1.0944444444444439,-2.2000000000000006,1.0,10.867500000000001,203.0,0.6279,0.0,1014.02
2020-12-16 06:00:00,1.0666666666666675,-1.8777777777777773,1.0,9.450700000000001,221.0,0.16100000000000003,0.0,1014.93
2020-12-16 07:00:00,1.1555555555555546,-1.683333333333334,1.0,9.1126,279.0,0.16100000000000003,0.0,1015.51
2020-12-16 08:00:00,1.0444444444444458,1.0444444444444458,1.0,3.2039,211.0,0.16100000000000003,0.0,1015.52
2020-12-16 09:00:00,1.0444444444444458,1.0444444444444458,1.0,1.449,127.0,0.16100000000000003,0.0,1015.78
2020-12-16 10:00:00,1.1166666666666656,-1.8611111111111118,1.0,9.6278,167.0,0.16100000000000003,0.0,1016.27
2020-12-16 11:00:00,1.0944444444444439,-1.8777777777777773,1.0,9.563400000000001,149.0,0.16100000000000003,0.0,1016.22
2020-12-16 12:00:00,1.1388888888888873,-1.722222222222223,1.0,9.177000000000001,179.0,0.16100000000000003,0.0,1016.7
2020-12-16 13:00:00,1.1333333333333329,1.1333333333333329,0.94,4.025,191.0,0.16100000000000003,0.0,1016.49
2020-12-16 14:00:00,1.1388888888888873,1.1388888888888873,1.0,1.9964000000000002,81.0,0.16100000000000003,0.0,1015.52
2020-12-16 15:00:00,1.1388888888888873,-1.7388888888888883,1.0,9.2253,100.0,0.16100000000000003,0.0,1015.76
2020-12-16 16:00:00,1.0777777777777766,-2.0388888888888896,1.0,10.110800000000001,99.0,0.2898,0.0,1015.76
2020-12-16 17:00:00,1.0666666666666675,1.0666666666666675,1.0,0.4025,131.0,0.32200000000000006,0.0,1015.79
2020-12-16 18:00:00,1.0666666666666675,-1.8555555555555554,1.0,9.3541,129.0,0.4669,0.0,1015.6
2020-12-16 19:00:00,1.072222222222222,1.072222222222222,1.0,4.4758,83.0,0.3381,0.0,1015.5
2020-12-16 20:00:00,1.0166666666666657,1.0166666666666657,1.0,3.2683,94.0,0.32200000000000006,0.0,1015.59
2020-12-16 21:00:00,1.0388888888888874,-1.2222222222222219,1.0,7.1323,122.0,0.6279,0.0,1015.4
2020-12-16 22:00:00,0.68888888888889,0.68888888888889,1.0,3.5903,15.0,0.5635,0.0,1015.21
2020-12-16 23:00:00,1.0888888888888895,1.0888888888888895,1.0,3.3005,34.0,0.1932,0.0,1014.92
2020-12-17 00:00:00,1.1111111111111112,-2.116666666666666,1.0,10.5938,39.0,1.8837,0.0,1014.84
2020-12-17 01:00:00,1.0944444444444439,-1.9277777777777771,1.0,9.7566,32.0,2.2218,0.0,1014.93
2020-12-17 02:00:00,1.6000000000000014,-0.23888888888888873,1.0,6.1824,86.0,2.5277000000000003,0.0,1015.49
2020-12-17 03:00:00,1.6222222222222231,-1.533333333333334,0.96,10.722600000000002,61.0,2.5438,0.0,1015.01
2020-12-17 04:00:00,1.5444444444444452,-2.177777777777779,1.0,13.3308,68.0,5.361300000000001,0.0,1014.51
2020-12-17 05:00:00,2.105555555555555,0.8444444444444462,1.0,4.9427,106.0,4.8783,0.0,1014.51
2020-12-17 06:00:00,1.0888888888888895,1.0888888888888895,1.0,1.1592,239.0,3.9284000000000003,0.0,1014.41
2020-12-17 07:00:00,1.0944444444444439,-1.2222222222222219,1.0,7.3094,133.0,1.3363,0.0,1014.5
2020-12-17 08:00:00,2.105555555555555,-0.6222222222222228,1.0,9.3702,130.0,4.781700000000001,0.0,1014.31
2020-12-17 09:00:00,2.688888888888891,0.5666666666666684,0.96,7.550900000000001,158.0,4.7656,0.0,1014.39
2020-12-17 10:00:00,2.6111111111111125,-0.2666666666666669,0.99,10.368400000000001,119.0,9.7566,0.0,1014.27
2020-12-17 11:00:00,2.755555555555556,-0.1222222222222216,1.0,10.513300000000001,129.0,10.787,0.0,1014.29
2020-12-17 12:00:00,2.755555555555556,-1.25,1.0,16.5347,138.0,10.8031,0.0,1013.99
2020-12-17 13:00:00,2.744444444444443,-1.7055555555555557,0.95,19.593700000000002,137.0,10.143,0.0,1013.58
2020-12-17 14:00:00,2.7333333333333343,-0.8055555555555551,0.96,13.7333,128.0,10.8031,0.0,1013.2
2020-12-17 15:00:00,2.7833333333333323,-0.1555555555555562,0.96,10.787,127.0,10.8031,0.0,1012.97
2020-12-17 16:00:00,2.7222222222222214,-0.5555555555555556,0.95,12.332600000000001,112.0,5.957000000000001,0.0,1012.83
2020-12-17 17:00:00,2.7111111111111126,-0.8611111111111115,0.9,13.894300000000003,110.0,10.948,0.0,1012.79
2020-12-17 18:00:00,2.2000000000000006,-0.561111111111112,0.92,9.579500000000001,110.0,9.8049,0.0,1012.61
2020-12-17 19:00:00,2.561111111111111,-0.6666666666666663,0.91,11.930100000000001,124.0,9.837100000000001,0.0,1012.73
2020-12-17 20:00:00,2.2000000000000006,-0.4833333333333339,0.92,9.2736,127.0,9.8049,0.0,1012.42
2020-12-17 21:00:00,2.688888888888891,-0.23888888888888873,0.9,10.6582,119.0,14.6832,0.0,1012.6
2020-12-17 22:00:00,2.0222222222222226,-0.14999999999999977,0.93,7.3738,89.0,13.7977,0.0,1012.54
2020-12-17 23:00:00,1.6444444444444448,-0.3499999999999994,0.93,6.6493,89.0,14.457800000000002,0.0,1012.6
2020-12-18 00:00:00,1.6222222222222231,-1.5277777777777777,0.93,10.722600000000002,89.0,14.457800000000002,0.0,1012.3
2020-12-18 01:00:00,1.4722222222222214,-0.5999999999999991,0.94,6.7781,84.0,9.2414,0.0,1012.14
2020-12-18 02:00:00,1.6444444444444448,-0.21666666666666698,0.93,6.262900000000001,59.0,9.5312,0.0,1012.01
2020-12-18 03:00:00,1.1166666666666656,-2.1611111111111114,0.96,10.8192,60.0,9.5312,0.0,1011.8
2020-12-18 04:00:00,0.08333333333333254,-3.188888888888888,0.99,9.9981,43.0,1.2719,0.0,1011.73
2020-12-18 05:00:00,0.11666666666666714,-2.5555555555555562,1.0,7.905100000000001,5.0,0.16100000000000003,0.0,1011.71
2020-12-18 06:00:00,0.1388888888888889,-3.0055555555555555,1.0,9.5473,13.0,0.32200000000000006,0.0,1011.62
2020-12-18 07:00:00,0.9777777777777766,-1.7944444444444447,0.93,8.7423,12.0,0.43470000000000003,0.0,1012.12
2020-12-18 08:00:00,1.1388888888888873,-2.45,1.0,12.2199,12.0,0.3703,0.0,1012.13
2020-12-18 09:00:00,1.2055555555555566,1.2055555555555566,1.0,3.4776000000000002,6.0,0.7084,0.0,1012.53
2020-12-18 10:00:00,2.1000000000000005,-0.4055555555555558,0.99,8.5169,352.0,2.8014,0.0,1013.13
2020-12-18 11:00:00,2.8277777777777797,0.6222222222222208,0.96,7.905100000000001,344.0,4.4919,0.0,1012.94
2020-12-18 12:00:00,2.8277777777777797,0.19444444444444522,0.99,9.5151,11.0,4.524100000000001,0.0,1012.93
2020-12-18 13:00:00,2.822222222222221,-0.33333333333333415,0.98,11.8496,2.0,5.2003,0.0,1012.74
2020-12-18 14:00:00,3.866666666666667,0.2722222222222233,0.92,15.6009,1.0,6.0697,0.0,1012.55
2020-12-18 15:00:00,2.8500000000000014,-0.1722222222222215,0.99,11.2217,1.0,6.0697,0.0,1012.76
2020-12-18 16:00:00,2.855555555555556,-1.0277777777777786,0.99,15.922900000000002,10.0,5.7316,0.0,1013.06
2020-12-18 17:00:00,2.8500000000000014,-1.161111111111111,0.99,16.711800000000004,9.0,6.021400000000001,0.0,1013.17
2020-12-18 18:00:00,2.7999999999999994,-1.2055555555555566,1.0,16.599100000000004,10.0,9.7566,0.0,1013.58
2020-12-18 19:00:00,2.7833333333333323,-0.5388888888888883,0.96,12.6224,27.0,9.305800000000001,0.0,1013.96
2020-12-18 20:00:00,2.7999999999999994,0.18888888888889077,0.96,9.4185,9.0,10.980200000000002,0.0,1014.57
2020-12-18 21:00:00,3.311111111111112,0.46666666666666856,0.96,10.835300000000002,359.0,14.6832,0.0,1014.78
2020-12-18 22:00:00,2.744444444444443,1.2277777777777783,1.0,5.7799000000000005,304.0,7.8729,0.0,1015.12
2020-12-18 23:00:00,2.7777777777777777,0.9999999999999984,0.96,6.5205,330.0,11.753,0.0,1015.47
2020-12-19 00:00:00,2.2666666666666657,0.5111111111111121,0.96,6.2468,302.0,11.801300000000001,0.0,1015.66
2020-12-19 01:00:00,2.6999999999999997,-0.08888888888888896,0.96,10.0464,310.0,9.4829,0.0,1015.75
2020-12-19 02:00:00,2.244444444444444,2.244444444444444,1.0,3.6708,313.0,11.801300000000001,0.0,1016.24
2020-12-19 03:00:00,1.7333333333333318,-0.9555555555555549,1.0,8.9677,320.0,9.8049,0.0,1016.44
2020-12-19 04:00:00,1.7888888888888883,-0.08333333333333254,0.99,6.359500000000001,284.0,8.855,0.0,1016.5
2020-12-19 05:00:00,2.1722222222222203,2.1722222222222203,0.93,0.7406,313.0,7.8729,0.0,1016.65
2020-12-19 06:00:00,2.1499999999999986,-0.5111111111111121,0.93,9.1448,282.0,4.9427,0.0,1016.95
2020-12-19 07:00:00,1.3000000000000018,1.3000000000000018,0.99,4.2343,264.0,2.1091,0.0,1017.22
2020-12-19 08:00:00,2.2000000000000006,-0.027777777777778172,0.92,7.631400000000001,320.0,3.1073,0.0,1017.55
2020-12-19 09:00:00,2.7333333333333343,2.7333333333333343,1.0,3.1717,276.0,4.524100000000001,0.0,1018.05
2020-12-19 10:00:00,2.7333333333333343,2.7333333333333343,0.96,3.2361,275.0,4.5563,0.0,1018.73
2020-12-19 11:00:00,2.872222222222223,0.8944444444444442,0.95,7.1967,265.0,6.295100000000001,0.0,1018.93
2020-12-19 12:00:00,3.9611111111111126,1.8166666666666684,0.89,8.4525,244.0,9.064300000000001,0.0,1018.93
2020-12-19 13:00:00,3.7777777777777763,2.155555555555557,0.89,6.5205,244.0,9.7727,0.0,1019.01
2020-12-19 14:00:00,3.9833333333333343,1.8888888888888882,0.91,8.2593,221.0,7.212800000000001,0.0,1018.84
2020-12-19 15:00:00,4.005555555555556,1.5000000000000016,0.91,9.9498,232.0,6.295100000000001,0.0,1019.14
2020-12-19 16:00:00,3.5999999999999983,3.5999999999999983,0.93,2.8175000000000003,281.0,4.6368,0.0,1019.34
2020-12-19 17:00:00,2.8500000000000014,2.8500000000000014,0.96,4.781700000000001,45.0,8.1305,0.0,1019.84
2020-12-19 18:00:00,2.7999999999999994,2.7999999999999994,0.96,4.7656,9.0,11.2056,0.0,1020.23
2020-12-19 19:00:00,2.566666666666665,0.7888888888888899,0.96,6.44,345.0,9.7405,0.0,1020.47
2020-12-19 20:00:00,2.7777777777777777,0.19444444444444522,0.96,9.2897,8.0,11.0446,0.0,1020.47
2020-12-19 21:00:00,2.755555555555556,0.9611111111111094,0.92,6.552700000000001,351.0,9.7566,0.0,1020.59
2020-12-19 22:00:00,2.6500000000000017,0.9611111111111094,0.93,6.2146,35.0,9.209200000000001,0.0,1020.98
2020-12-19 23:00:00,2.705555555555554,0.8666666666666679,0.93,6.6654,1.0,11.640300000000002,0.0,1021.16
2020-12-20 00:00:00,2.1499999999999986,-0.9444444444444441,0.96,10.9158,11.0,9.6761,0.0,1020.98
2020-12-20 01:00:00,2.1000000000000005,0.3722222222222232,0.97,6.0858,342.0,6.8908000000000005,0.0,1021.11
2020-12-20 02:00:00,2.1499999999999986,0.26111111111111046,0.96,6.5849,3.0,6.9874,0.0,1021.07
2020-12-20 03:00:00,2.127777777777777,0.22777777777777589,0.96,6.5849,20.0,4.9910000000000005,0.0,1021.06
2020-12-20 04:00:00,2.016666666666668,0.08888888888888699,0.99,6.6332,23.0,4.459700000000001,0.0,1020.92
2020-12-20 05:00:00,2.0111111111111097,-0.7000000000000008,1.0,9.2253,39.0,4.0733,0.0,1020.67
2020-12-20 06:00:00,2.0111111111111097,-0.6444444444444445,1.0,9.016,19.0,4.1699,0.0,1020.99
2020-12-20 07:00:00,1.977777777777779,-0.9222222222222223,0.99,9.9498,0.0,4.4919,0.0,1021.19
2020-12-20 08:00:00,0.994444444444444,-2.2222222222222223,1.0,10.448900000000002,340.0,3.2361,0.0,1021.17
2020-12-20 09:00:00,1.0388888888888874,-2.261111111111111,1.0,10.851400000000002,339.0,3.3971,0.0,1021.45
2020-12-20 10:00:00,2.1000000000000005,-1.033333333333333,0.85,11.0285,351.0,6.0536,0.0,1021.26
2020-12-20 11:00:00,2.638888888888889,-0.2833333333333342,0.77,10.5938,350.0,7.1323,0.0,1020.97
2020-12-20 12:00:00,2.7111111111111126,-1.2999999999999998,0.71,16.5025,340.0,7.1323,0.0,1020.57
2020-12-20 13:00:00,2.844444444444443,-0.6111111111111119,0.71,13.3952,345.0,7.8084999999999996,0.0,1020.26
2020-12-20 14:00:00,2.7999999999999994,-0.4555555555555557,0.7,12.316500000000001,347.0,8.05,0.0,1020.13
2020-12-20 15:00:00,2.7777777777777777,-0.1222222222222216,0.68,10.5938,8.0,8.0017,0.0,1019.74
2020-12-20 16:00:00,1.3000000000000018,-1.2555555555555564,0.83,8.211,34.0,6.7620000000000005,0.0,1020.07
2020-12-20 17:00:00,0.994444444444444,0.994444444444444,0.86,1.8998,298.0,6.0697,0.0,1019.47
2020-12-20 18:00:00,-0.21111111111111056,-0.21111111111111056,0.93,1.6583,343.0,5.9248,0.0,1020.11
2020-12-20 19:00:00,-2.2388888888888894,-2.2388888888888894,0.99,1.5617,187.0,3.8962000000000003,0.0,1019.58
2020-12-20 20:00:00,-2.361111111111111,-2.361111111111111,1.0,1.3685,189.0,1.8515,0.0,1019.15
2020-12-20 21:00:00,-2.966666666666667,-2.966666666666667,1.0,3.0107000000000004,138.0,1.8515,0.0,1019.04
2020-12-20 22:00:00,-3.327777777777777,-3.327777777777777,1.0,2.9141000000000004,216.0,0.3703,0.0,1018.79
2020-12-20 23:00:00,-4.516666666666666,-4.516666666666666,1.0,3.1556,242.0,0.1932,0.0,1018.63
2020-12-21 00:00:00,-2.55,-5.705555555555555,1.0,7.969500000000001,290.0,0.2093,0.0,1018.43
2020-12-21 01:00:00,-2.205555555555555,-4.433333333333334,1.0,5.7477,309.0,0.3542,0.0,1018.03
2020-12-21 02:00:00,-2.4833333333333325,-6.338888888888889,1.0,10.2718,311.0,0.2093,0.0,1017.93
2020-12-21 03:00:00,-2.4166666666666674,-4.7555555555555555,1.0,5.9409,301.0,0.5313000000000001,0.0,1018.01
2020-12-21 04:00:00,-2.538888888888889,-4.533333333333333,1.0,5.1681,35.0,0.5152,0.0,1017.54
2020-12-21 05:00:00,-2.4166666666666674,-2.4166666666666674,1.0,3.1717,32.0,0.2415,0.0,1017.3
2020-12-21 06:00:00,-2.5833333333333326,-2.5833333333333326,1.0,0.2898,30.0,0.805,0.0,1016.92
2020-12-21 07:00:00,-2.5444444444444434,-5.172222222222222,1.0,6.5849,155.0,1.0787000000000002,0.0,1016.79
2020-12-21 08:00:00,-2.411111111111111,-2.411111111111111,1.0,3.22,119.0,1.3846,0.0,1016.82
2020-12-21 09:00:00,-2.438888888888889,-2.438888888888889,1.0,4.7012,199.0,1.8515,0.0,1016.93
2020-12-21 10:00:00,-2.4777777777777783,-2.4777777777777783,1.0,4.2343,134.0,2.898,0.0,1017.15
2020-12-21 11:00:00,-2.3666666666666676,-2.3666666666666676,0.96,2.9463000000000004,111.0,3.3971,0.0,1017.23
2020-12-21 12:00:00,-2.322222222222222,-2.322222222222222,1.0,1.61,270.0,3.8479000000000005,0.0,1016.93
2020-12-21 13:00:00,-2.233333333333333,-5.3999999999999995,1.0,8.1788,343.0,3.3649,0.0,1016.38
2020-12-21 14:00:00,-2.272222222222222,-5.827777777777777,1.0,9.3863,10.0,2.4955000000000003,0.0,1016.52
2020-12-21 15:00:00,-2.272222222222222,-5.911111111111111,1.0,9.66,350.0,1.8837,0.0,1016.72
2020-12-21 16:00:00,-2.233333333333333,-5.700000000000001,0.97,9.0965,352.0,1.5456,0.0,1016.95
2020-12-21 17:00:00,-2.783333333333334,-6.5166666666666675,1.0,9.66,340.0,1.2719,0.0,1017.22
2020-12-21 18:00:00,-2.783333333333334,-6.5166666666666675,1.0,9.66,10.0,0.805,0.0,1017.52
2020-12-21 19:00:00,-2.716666666666667,-6.15,1.0,8.7101,353.0,1.4812,0.0,1017.82
2020-12-21 20:00:00,-2.783333333333334,-5.7555555555555555,0.92,7.357700000000001,341.0,1.2719,0.0,1018.22
2020-12-21 21:00:00,-3.33888888888889,-5.933333333333334,1.0,6.1985,1.0,1.2558,0.0,1018.54
2020-12-21 22:00:00,-3.6944444444444438,-7.844444444444445,0.99,10.465,38.0,1.5295,0.0,1019.17
2020-12-21 23:00:00,-3.872222222222222,-8.177777777777777,0.99,10.8997,10.0,1.2397,0.0,1019.73
2020-12-22 00:00:00,-3.9166666666666665,-6.522222222222221,0.96,6.021400000000001,30.0,0.805,0.0,1019.74
2020-12-22 01:00:00,-4.2555555555555555,-8.427777777777779,1.0,10.1591,344.0,1.3524,0.0,1019.94
2020-12-22 02:00:00,-4.427777777777777,-8.755555555555556,1.0,10.577700000000002,350.0,1.2558,0.0,1020.42
2020-12-22 03:00:00,-4.938888888888889,-7.777777777777778,0.96,6.1985,349.0,1.2558,0.0,1020.82
2020-12-22 04:00:00,-4.73888888888889,-9.127777777777778,0.96,10.577700000000002,10.0,1.5456,0.0,1020.96
2020-12-22 05:00:00,-4.938888888888889,-7.816666666666666,1.0,6.295100000000001,351.0,1.4168,0.0,1021.31
2020-12-22 06:00:00,-3.872222222222222,-7.133333333333334,0.92,7.631400000000001,11.0,1.4168,0.0,1021.72
2020-12-22 07:00:00,-3.9111111111111105,-6.15,0.93,5.2808,7.0,0.8372,0.0,1022.24
2020-12-22 08:00:00,-3.872222222222222,-3.872222222222222,0.92,3.22,350.0,1.4329,0.0,1023.02
2020-12-22 09:00:00,-3.872222222222222,-3.872222222222222,0.92,4.83,20.0,1.8998,0.0,1023.81
2020-12-22 10:00:00,-3.8333333333333326,-3.8333333333333326,0.99,3.6869,4.0,2.7692,0.0,1024.45
2020-12-22 11:00:00,-3.8000000000000003,-3.8000000000000003,0.99,1.5456,325.0,3.4454000000000002,0.0,1024.51
2020-12-22 12:00:00,-2.7111111111111104,-2.7111111111111104,0.92,3.22,310.0,3.4615,0.0,1024.3
2020-12-22 13:00:00,-2.738888888888889,-2.738888888888889,0.99,2.7209,318.0,3.3649,0.0,1024.44
2020-12-22 14:00:00,-2.7111111111111104,-2.7111111111111104,1.0,1.6422,313.0,3.5581,0.0,1024.41
2020-12-22 15:00:00,-2.7111111111111104,-2.7111111111111104,1.0,0.2576,214.0,4.1216,0.0,1024.57
2020-12-22 16:00:00,-2.2888888888888896,-2.2888888888888896,0.99,3.7835000000000005,169.0,3.9767000000000006,0.0,1024.63
2020-12-22 17:00:00,-2.2000000000000006,-2.2000000000000006,1.0,3.1556,192.0,3.6547,0.0,1024.92
2020-12-22 18:00:00,-2.2000000000000006,-3.9833333333333343,1.0,4.83,170.0,4.1216,0.0,1025.07
2020-12-22 19:00:00,-2.205555555555555,-5.094444444444445,0.99,7.3899,171.0,3.9767000000000006,0.0,1025.0
2020-12-22 20:00:00,-2.2222222222222223,-5.349999999999999,0.99,8.0661,162.0,4.1216,0.0,1025.06
2020-12-22 21:00:00,-2.2222222222222223,-4.794444444444443,0.99,6.552700000000001,163.0,4.1216,0.0,1025.0
2020-12-22 22:00:00,-2.205555555555555,-4.783333333333333,0.99,6.5688,161.0,4.9105,0.0,1025.07
2020-12-22 23:00:00,-2.2222222222222223,-6.183333333333333,1.0,10.867500000000001,152.0,4.588500000000001,0.0,1025.17
2020-12-23 00:00:00,-2.2222222222222223,-6.127777777777778,0.99,10.642100000000001,151.0,4.588500000000001,0.0,1024.58
2020-12-23 01:00:00,-2.2222222222222223,-4.794444444444443,0.99,6.5688,159.0,5.216400000000001,0.0,1024.31
2020-12-23 02:00:00,-2.2222222222222223,-4.661111111111111,0.96,6.230700000000001,142.0,4.8783,0.0,1023.79
2020-12-23 03:00:00,-2.2222222222222223,-4.766666666666666,0.99,6.488300000000001,142.0,4.4275,0.0,1023.66
2020-12-23 04:00:00,-2.1722222222222225,-4.78888888888889,0.99,6.6976,135.0,4.7656,0.0,1023.09
2020-12-23 05:00:00,-2.2000000000000006,-5.338888888888889,0.99,8.0983,131.0,3.9606000000000003,0.0,1022.68
2020-12-23 06:00:00,-2.2222222222222223,-5.866666666666666,0.96,9.708300000000001,132.0,3.9767000000000006,0.0,1022.67
2020-12-23 07:00:00,-2.155555555555555,-6.122222222222222,0.95,10.9319,120.0,4.347,0.0,1022.4
2020-12-23 08:00:00,-2.2000000000000006,-6.577777777777778,0.95,12.5419,130.0,3.9767000000000006,0.0,1022.26
2020-12-23 09:00:00,-2.2000000000000006,-6.205555555555557,0.99,11.0446,131.0,3.9767000000000006,0.0,1022.3
2020-12-23 10:00:00,-1.122222222222222,-4.672222222222222,0.91,10.143,133.0,5.1359,0.0,1022.81
2020-12-23 11:00:00,-1.1388888888888893,-5.961111111111112,0.91,15.874600000000001,111.0,4.8461,0.0,1022.06
2020-12-23 12:00:00,-0.11666666666666714,-5.383333333333334,0.86,20.0606,130.0,5.892600000000001,0.0,1021.19
2020-12-23 13:00:00,-0.03888888888888905,-4.772222222222222,0.82,16.8245,148.0,5.9731000000000005,0.0,1020.72
2020-12-23 14:00:00,-0.04999999999999992,-5.5055555555555555,0.83,21.541800000000002,130.0,5.892600000000001,0.0,1020.28
2020-12-23 15:00:00,-0.04999999999999992,-4.5055555555555555,0.85,15.278900000000002,130.0,5.892600000000001,0.0,1019.73
2020-12-23 16:00:00,-0.03888888888888905,-3.611111111111111,0.85,11.0607,139.0,5.9731000000000005,0.0,1020.47
2020-12-23 17:00:00,-0.07222222222222167,-3.616666666666668,0.86,10.948,120.0,5.9248,0.0,1020.2
2020-12-23 18:00:00,-0.07222222222222167,-3.611111111111111,0.86,10.9158,111.0,6.9069,0.0,1020.28
2020-12-23 19:00:00,-0.0611111111111108,-3.744444444444443,0.86,11.511500000000002,120.0,7.357700000000001,0.0,1020.05
2020-12-23 20:00:00,-0.04999999999999992,-3.2055555555555553,0.86,9.450700000000001,120.0,7.824600000000001,0.0,1020.09
2020-12-23 21:00:00,-0.04999999999999992,-2.2555555555555546,0.9,6.5044,111.0,7.8729,0.0,1020.1
2020-12-23 22:00:00,-0.011111111111110874,-1.9555555555555553,0.9,5.8443000000000005,103.0,8.1466,0.0,1020.26
2020-12-23 23:00:00,-0.04999999999999992,-2.244444444444444,0.92,6.4561,138.0,7.824600000000001,0.0,1020.19
2020-12-24 00:00:00,-0.04999999999999992,-3.5055555555555546,0.92,10.577700000000002,120.0,9.6761,0.0,1019.64
2020-12-24 01:00:00,0.472222222222223,-1.6777777777777776,0.93,6.5688,168.0,9.708300000000001,0.0,1020.17
2020-12-24 02:00:00,0.46111111111111014,0.46111111111111014,0.93,3.1556,168.0,3.9767000000000006,0.0,1020.48
2020-12-24 03:00:00,0.5111111111111121,-1.4611111111111106,0.96,6.1019000000000005,149.0,3.9767000000000006,0.0,1020.19
2020-12-24 04:00:00,0.5166666666666665,-1.4999999999999996,0.96,6.2146,142.0,5.6672,0.0,1020.01
2020-12-24 05:00:00,1.0388888888888874,-2.233333333333333,0.93,10.7387,130.0,3.9767000000000006,0.0,1019.96
2020-12-24 06:00:00,1.0388888888888874,-1.4444444444444453,1.0,7.824600000000001,140.0,4.9105,0.0,1020.01
2020-12-24 07:00:00,0.9833333333333351,-1.7388888888888883,0.92,8.5813,158.0,5.0876,0.0,1020.61
2020-12-24 08:00:00,1.0166666666666657,-1.8388888888888881,0.93,9.0965,160.0,3.9284000000000003,0.0,1020.2
2020-12-24 09:00:00,1.0166666666666657,-2.588888888888889,1.0,12.187700000000001,169.0,3.9284000000000003,0.0,1020.66
2020-12-24 10:00:00,2.066666666666666,-1.4833333333333343,0.92,13.0088,161.0,4.9266000000000005,0.0,1020.55
2020-12-24 11:00:00,2.7500000000000018,-0.49444444444444474,0.89,12.203800000000001,170.0,4.9105,0.0,1020.29
2020-12-24 12:00:00,3.8833333333333346,0.11666666666666714,0.82,16.744000000000003,181.0,5.9731000000000005,0.0,1020.07
2020-12-24 13:00:00,5.866666666666668,2.9277777777777794,0.77,14.3451,180.0,6.6332,0.0,1019.53
2020-12-24 14:00:00,6.0555555555555545,3.788888888888889,0.79,10.706500000000002,159.0,7.824600000000001,0.0,1018.59
2020-12-24 15:00:00,6.0555555555555545,3.5388888888888874,0.86,12.058900000000001,159.0,5.9731000000000005,0.0,1018.38
2020-12-24 16:00:00,4.749999999999998,2.3444444444444437,0.86,10.143,160.0,4.8944,0.0,1018.49
2020-12-24 17:00:00,2.7222222222222214,-0.13333333333333247,0.89,10.368400000000001,159.0,4.83,0.0,1018.59
2020-12-24 18:00:00,2.6111111111111125,-0.21111111111111056,0.93,10.143,158.0,4.8139,0.0,1018.88
2020-12-24 19:00:00,1.0611111111111091,-1.8611111111111118,0.93,9.3702,138.0,4.379200000000001,0.0,1019.1
2020-12-24 20:00:00,0.016666666666667298,-2.5166666666666675,1.0,7.438200000000001,136.0,3.3971,0.0,1018.88
2020-12-24 21:00:00,0.5277777777777793,-2.805555555555556,0.96,10.5455,139.0,3.3971,0.0,1018.87
2020-12-24 22:00:00,0.6722222222222227,-3.0444444444444447,0.96,12.3648,140.0,3.3005,0.0,1018.68
2020-12-24 23:00:00,0.5333333333333338,-2.755555555555556,0.93,10.368400000000001,148.0,4.314800000000001,0.0,1018.5
2020-12-25 00:00:00,0.4833333333333319,-2.8388888888888886,0.93,10.465,158.0,4.314800000000001,0.0,1018.74
2020-12-25 01:00:00,0.10555555555555429,-3.1277777777777773,0.92,9.853200000000001,141.0,4.6207,0.0,1018.37
2020-12-25 02:00:00,-0.472222222222223,-2.6444444444444453,0.92,6.2468,140.0,4.314800000000001,0.0,1018.26
2020-12-25 03:00:00,-1.0500000000000003,-4.73888888888889,0.96,10.722600000000002,140.0,4.314800000000001,0.0,1017.96
2020-12-25 04:00:00,-0.5277777777777773,-4.5055555555555555,0.96,12.3648,141.0,4.6207,0.0,1017.53
2020-12-25 05:00:00,-1.072222222222222,-4.727777777777779,1.0,10.5616,129.0,4.314800000000001,0.0,1017.45
2020-12-25 06:00:00,-0.055555555555556344,-3.511111111111111,0.92,10.577700000000002,139.0,4.347,0.0,1017.93
2020-12-25 07:00:00,-0.13333333333333247,-4.172222222222223,0.93,13.041,140.0,4.652900000000001,0.0,1018.08
2020-12-25 08:00:00,-0.0777777777777781,-2.7777777777777777,0.93,7.905100000000001,159.0,4.3631,0.0,1017.75
2020-12-25 09:00:00,1.1999999999999982,-2.0555555555555554,0.92,10.770900000000001,160.0,3.9284000000000003,0.0,1018.4
2020-12-25 10:00:00,3.050000000000001,0.29999999999999954,0.89,10.1913,131.0,5.892600000000001,0.0,1018.43
2020-12-25 11:00:00,6.1833333333333345,3.6666666666666674,0.79,12.203800000000001,140.0,6.0697,0.0,1017.99
2020-12-25 12:00:00,7.411111111111113,5.088888888888887,0.79,12.6224,152.0,6.1985,0.0,1017.1
2020-12-25 13:00:00,7.11111111111111,5.1,0.8,10.513300000000001,144.0,6.118,0.0,1016.67
2020-12-25 14:00:00,6.344444444444445,3.7722222222222217,0.85,12.7512,142.0,6.295100000000001,0.0,1015.88
2020-12-25 15:00:00,5.322222222222221,3.483333333333335,0.92,8.1949,143.0,6.295100000000001,0.0,1015.49
2020-12-25 16:00:00,5.1611111111111105,2.666666666666665,0.92,10.980200000000002,143.0,5.0393,0.0,1015.46
2020-12-25 17:00:00,4.161111111111112,1.4055555555555561,0.92,11.237800000000002,134.0,5.1359,0.0,1015.58
2020-12-25 18:00:00,4.13888888888889,1.3555555555555543,0.92,11.3666,151.0,4.6207,0.0,1015.4
2020-12-25 19:00:00,4.100000000000001,1.2166666666666655,0.92,11.8335,163.0,5.2808,0.0,1015.57
2020-12-25 20:00:00,4.094444444444443,0.8111111111111116,0.92,14.023100000000003,179.0,5.1359,0.0,1015.61
2020-12-25 21:00:00,4.677777777777779,1.0777777777777766,0.89,16.9533,181.0,6.295100000000001,0.0,1015.72
2020-12-25 22:00:00,6.388888888888889,3.383333333333335,0.8,15.649200000000002,198.0,7.8729,0.0,1015.79
2020-12-25 23:00:00,6.288888888888889,4.066666666666666,0.82,10.7387,171.0,8.1305,0.0,1015.92
2020-12-26 00:00:00,5.7555555555555555,2.894444444444445,0.86,13.7333,191.0,8.1305,0.0,1016.04
2020-12-26 01:00:00,5.372222222222224,2.177777777777779,0.87,15.3272,189.0,9.450700000000001,0.0,1015.97
2020-12-26 02:00:00,6.161111111111113,2.922222222222221,0.86,16.9372,190.0,9.982000000000001,0.0,1015.85
2020-12-26 03:00:00,5.5777777777777775,2.6611111111111105,0.86,13.846,190.0,9.982000000000001,0.0,1016.12
2020-12-26 04:00:00,4.461111111111112,1.4499999999999997,0.9,12.9283,162.0,9.0965,0.0,1016.1
2020-12-26 05:00:00,4.072222222222221,2.077777777777779,0.89,7.9373000000000005,161.0,9.982000000000001,0.0,1016.11
2020-12-26 06:00:00,4.100000000000001,1.377777777777776,0.89,11.0285,190.0,9.982000000000001,0.0,1016.03
2020-12-26 07:00:00,4.994444444444445,2.3277777777777766,0.86,11.672500000000001,174.0,9.499,0.0,1016.4
2020-12-26 08:00:00,5.094444444444445,2.0388888888888896,0.86,14.023100000000003,190.0,10.0464,0.0,1016.14
2020-12-26 09:00:00,7.200000000000001,5.094444444444445,0.86,11.125100000000002,215.0,11.2056,0.0,1016.16
2020-12-26 10:00:00,8.361111111111109,6.733333333333332,0.84,9.7566,255.0,10.0625,0.0,1016.8
2020-12-26 11:00:00,10.783333333333331,10.783333333333331,0.72,9.2897,230.0,9.9015,0.0,1017.08
2020-12-26 12:00:00,10.855555555555554,10.855555555555554,0.77,10.8192,202.0,9.9015,0.0,1016.4
2020-12-26 13:00:00,10.444444444444443,10.444444444444443,0.78,9.080400000000001,198.0,9.016,0.0,1015.68
2020-12-26 14:00:00,11.894444444444442,11.894444444444442,0.73,4.524100000000001,169.0,9.853200000000001,0.0,1015.1
2020-12-26 15:00:00,10.877777777777776,10.877777777777776,0.78,4.4919,108.0,10.980200000000002,0.0,1014.72
2020-12-26 16:00:00,8.68888888888889,7.566666666666666,0.9,7.615300000000001,119.0,9.821,0.0,1014.5
2020-12-26 17:00:00,7.655555555555556,6.438888888888891,0.96,7.3094,117.0,4.83,0.0,1013.96
2020-12-26 18:00:00,7.1499999999999995,7.1499999999999995,1.0,1.8515,328.0,4.347,0.0,1014.09
2020-12-26 19:00:00,7.194444444444446,5.122222222222222,0.99,10.9158,331.0,4.7334000000000005,0.0,1014.67
2020-12-26 20:00:00,7.1499999999999995,4.33888888888889,1.0,15.584800000000001,339.0,3.9606000000000003,0.0,1015.77
2020-12-26 21:00:00,6.622222222222224,3.4888888888888894,1.0,17.001600000000003,329.0,4.8461,0.0,1016.08
2020-12-26 22:00:00,6.594444444444443,3.2055555555555575,0.96,19.046300000000002,332.0,13.5562,0.0,1016.46
2020-12-26 23:00:00,6.622222222222224,3.927777777777778,0.96,13.910400000000001,318.0,12.6707,0.0,1017.17
2020-12-27 00:00:00,6.622222222222224,4.477777777777779,0.96,10.6582,299.0,11.753,0.0,1017.82
2020-12-27 01:00:00,6.422222222222223,5.138888888888889,0.96,6.7781,307.0,14.441700000000003,0.0,1017.7
2020-12-27 02:00:00,5.444444444444443,4.088888888888889,1.0,6.5205,261.0,15.729700000000001,0.0,1018.14
2020-12-27 03:00:00,4.400000000000001,1.6944444444444429,1.0,11.237800000000002,241.0,15.729700000000001,0.0,1018.72
2020-12-27 04:00:00,4.788888888888888,2.283333333333333,0.96,10.6743,260.0,13.9748,0.0,1018.9
2020-12-27 05:00:00,3.8444444444444454,0.9999999999999984,1.0,11.3505,251.0,9.595600000000001,0.0,1019.31
2020-12-27 06:00:00,2.8277777777777797,0.1555555555555562,1.0,9.708300000000001,241.0,9.7566,0.0,1019.72
2020-12-27 07:00:00,2.4722222222222237,-0.5277777777777773,0.99,10.787,286.0,1.8354,0.0,1019.94
2020-12-27 08:00:00,2.8999999999999995,-0.3722222222222232,1.0,12.5097,259.0,0.8211,0.0,1020.38
2020-12-27 09:00:00,3.9611111111111126,1.2388888888888872,1.0,10.9158,248.0,2.9624,0.0,1020.29
2020-12-27 10:00:00,4.955555555555557,2.488888888888887,0.93,10.642100000000001,243.0,7.3416,0.0,1020.69
2020-12-27 11:00:00,6.25,3.9055555555555563,0.99,11.3344,230.0,11.270000000000001,0.0,1020.24
2020-12-27 12:00:00,7.8500000000000005,5.144444444444443,0.95,15.971200000000001,192.0,11.270000000000001,0.0,1019.32
2020-12-27 13:00:00,7.694444444444445,4.911111111111113,0.88,16.3415,203.0,11.0768,0.0,1018.61
2020-12-27 14:00:00,7.872222222222224,5.033333333333335,0.88,17.114300000000004,200.0,11.2056,0.0,1017.54
2020-12-27 15:00:00,7.894444444444446,5.944444444444446,0.88,10.996300000000002,183.0,11.2056,0.0,1017.17
2020-12-27 16:00:00,6.127777777777778,3.6777777777777763,0.92,11.785200000000001,154.0,9.982000000000001,0.0,1017.3
2020-12-27 17:00:00,5.022222222222222,1.5388888888888905,0.99,16.744000000000003,141.0,11.2056,0.0,1016.51
2020-12-27 18:00:00,3.955555555555554,-0.5722222222222229,0.99,22.8459,141.0,1.0626000000000002,0.0,1015.82
2020-12-27 19:00:00,3.8833333333333346,0.09444444444444539,0.99,16.9211,149.0,4.1377,0.0,1015.47
2020-12-27 20:00:00,2.9166666666666665,-0.9833333333333331,1.0,16.1,151.0,5.957000000000001,0.0,1015.51
2020-12-27 21:00:00,3.4500000000000006,-0.9444444444444441,1.0,20.5758,151.0,11.640300000000002,0.0,1014.54
2020-12-27 22:00:00,3.3222222222222206,-0.4833333333333339,0.99,16.1161,142.0,14.699300000000003,0.0,1014.24
2020-12-27 23:00:00,2.361111111111111,-0.7277777777777771,0.96,11.0768,170.0,9.7566,0.0,1014.65
2020-12-28 00:00:00,2.2666666666666657,-0.827777777777777,1.0,11.0446,141.0,6.0697,0.0,1014.16
2020-12-28 01:00:00,2.616666666666667,-0.11111111111111072,0.97,9.7405,162.0,6.6493,0.0,1014.39
2020-12-28 02:00:00,2.2888888888888874,-1.3611111111111107,1.0,13.7977,160.0,4.9910000000000005,0.0,1014.05
2020-12-28 03:00:00,2.2888888888888874,0.5444444444444427,1.0,6.230700000000001,171.0,3.1395,0.0,1014.01
2020-12-28 04:00:00,2.333333333333335,-0.5944444444444446,0.96,10.3523,159.0,3.6064000000000007,0.0,1014.14
2020-12-28 05:00:00,2.872222222222223,2.872222222222223,1.0,4.186000000000001,133.0,3.8318,0.0,1014.31
2020-12-28 06:00:00,2.9166666666666665,0.16666666666666508,0.99,10.0625,128.0,3.2844,0.0,1014.49
2020-12-28 07:00:00,2.844444444444443,2.844444444444443,0.99,3.703,147.0,3.8962000000000003,0.0,1014.57
2020-12-28 08:00:00,2.433333333333335,2.433333333333335,1.0,4.4114,176.0,4.2021,0.0,1015.11
2020-12-28 09:00:00,4.977777777777778,2.8999999999999995,1.0,8.903300000000002,204.0,7.2772,0.0,1015.73
2020-12-28 10:00:00,6.005555555555556,6.005555555555556,0.93,3.8801000000000005,243.0,9.499,0.0,1016.6
2020-12-28 11:00:00,7.638888888888889,4.988888888888887,0.84,15.2145,342.0,11.125100000000002,0.0,1017.06
2020-12-28 12:00:00,7.127777777777776,3.800000000000002,0.86,19.674200000000003,351.0,11.0446,0.0,1017.4
2020-12-28 13:00:00,6.422222222222223,2.666666666666665,0.91,21.944300000000002,358.0,11.286100000000001,0.0,1017.97
2020-12-28 14:00:00,6.177777777777776,2.3666666666666654,0.86,21.8316,0.0,11.270000000000001,0.0,1018.86
2020-12-28 15:00:00,5.138888888888889,1.594444444444443,0.86,17.3558,9.0,11.2056,0.0,1019.77
2020-12-28 16:00:00,5.144444444444443,0.9777777777777766,0.87,22.5239,8.0,10.722600000000002,0.0,1020.97
2020-12-28 17:00:00,5.072222222222224,0.7944444444444443,0.93,23.345000000000002,350.0,11.125100000000002,0.0,1022.41
2020-12-28 18:00:00,5.022222222222222,0.42777777777777953,0.86,26.3718,10.0,11.2056,0.0,1023.63
2020-12-28 19:00:00,4.994444444444445,0.7611111111111097,0.86,22.7493,352.0,9.982000000000001,0.0,1024.61
2020-12-28 20:00:00,3.8611111111111125,-1.6166666666666667,0.71,32.2805,0.0,10.0464,0.0,1025.85
2020-12-28 21:00:00,2.7777777777777777,-2.5944444444444454,0.64,27.563200000000002,359.0,15.826300000000002,0.0,1026.84
2020-12-28 22:00:00,1.6944444444444429,-3.9722222222222214,0.58,27.3378,0.0,14.9569,0.0,1027.97
2020-12-28 23:00:00,1.0166666666666657,-3.922222222222222,0.62,19.8674,351.0,15.826300000000002,0.0,1028.72
2020-12-29 00:00:00,1.0833333333333348,-4.450000000000001,0.57,24.633000000000003,0.0,15.826300000000002,0.0,1029.32
2020-12-29 01:00:00,0.044444444444443496,-5.722222222222222,0.62,24.117800000000003,0.0,14.9569,0.0,1029.67
2020-12-29 02:00:00,-0.5777777777777773,-6.505555555555556,0.66,23.989,0.0,15.826300000000002,0.0,1029.75
2020-12-29 03:00:00,-1.2055555555555566,-6.672222222222223,0.7,19.561500000000002,0.0,15.826300000000002,0.0,1030.41
2020-12-29 04:00:00,-1.6055555555555558,-7.183333333333334,0.7,19.593700000000002,0.0,14.9569,0.0,1030.47
2020-12-29 05:00:00,-2.244444444444444,-7.983333333333334,0.75,19.529300000000003,350.0,9.982000000000001,0.0,1031.02
2020-12-29 06:00:00,-2.3888888888888893,-8.188888888888888,0.76,19.7225,359.0,9.982000000000001,0.0,1030.91
2020-12-29 07:00:00,-2.8111111111111104,-7.5166666666666675,0.77,13.4274,7.0,9.982000000000001,0.0,1031.37
2020-12-29 08:00:00,-2.3111111111111113,-7.0055555555555555,0.75,13.846,0.0,9.982000000000001,0.0,1031.97
2020-12-29 09:00:00,-1.1777777777777783,-5.900000000000001,0.75,15.262800000000002,11.0,9.982000000000001,0.0,1032.28
2020-12-29 10:00:00,-0.9111111111111114,-5.1611111111111105,0.67,13.234200000000001,22.0,9.982000000000001,0.0,1032.5
2020-12-29 11:00:00,0.16111111111111065,-3.0055555555555555,0.67,9.6439,29.0,9.982000000000001,0.0,1032.36
2020-12-29 12:00:00,2.244444444444444,2.244444444444444,0.63,4.2182,126.0,9.982000000000001,0.0,1031.86
2020-12-29 13:00:00,2.2111111111111095,0.36111111111111033,0.66,6.4722,204.0,11.398800000000001,0.0,1031.84
2020-12-29 14:00:00,2.2666666666666657,2.2666666666666657,0.67,4.250400000000001,212.0,11.2056,0.0,1031.42
2020-12-29 15:00:00,2.244444444444444,2.244444444444444,0.67,4.2182,199.0,11.2056,0.0,1031.69
2020-12-29 16:00:00,1.0500000000000003,-1.977777777777777,0.77,9.7566,163.0,11.0285,0.0,1031.82
2020-12-29 17:00:00,-1.0388888888888894,-4.288888888888888,0.87,9.1287,160.0,11.2056,0.0,1031.79
2020-12-29 18:00:00,-2.2000000000000006,-5.655555555555555,0.95,9.0965,149.0,9.982000000000001,0.0,1031.96
2020-12-29 19:00:00,-2.0111111111111115,-5.283333333333335,0.95,8.6135,160.0,9.982000000000001,0.0,1031.91
2020-12-29 20:00:00,-2.2000000000000006,-6.155555555555555,0.88,10.851400000000002,159.0,9.982000000000001,0.0,1031.49
2020-12-29 21:00:00,-2.755555555555556,-5.2444444444444445,0.92,6.166300000000001,150.0,11.930100000000001,0.0,1031.5
2020-12-29 22:00:00,-3.0777777777777775,-5.616666666666666,0.93,6.166300000000001,132.0,9.5151,0.0,1031.44
2020-12-29 23:00:00,-2.8499999999999996,-2.8499999999999996,0.93,3.1556,112.0,9.8049,0.0,1031.4
2020-12-30 00:00:00,-2.361111111111111,-4.911111111111111,0.93,6.4561,112.0,7.969500000000001,0.0,1030.91
2020-12-30 01:00:00,-2.35,-6.172222222222222,0.95,10.239600000000001,109.0,6.6493,0.0,1030.29
2020-12-30 02:00:00,-3.011111111111112,-5.533333333333334,0.96,6.1502,110.0,5.9731000000000005,0.0,1029.9
2020-12-30 03:00:00,-2.411111111111111,-6.372222222222222,0.96,10.7387,110.0,5.9731000000000005,0.0,1029.5
2020-12-30 04:00:00,-1.8666666666666663,-5.661111111111111,0.92,10.4972,99.0,6.5849,0.0,1028.98
2020-12-30 05:00:00,-2.966666666666667,-7.000000000000001,0.86,10.577700000000002,119.0,9.6117,0.0,1028.49
2020-12-30 06:00:00,-2.4555555555555566,-5.922222222222222,0.77,8.9838,120.0,9.6761,0.0,1027.91
2020-12-30 07:00:00,-3.0055555555555555,-7.23888888888889,0.86,11.3022,108.0,9.6922,0.0,1028.1
2020-12-30 08:00:00,-2.4777777777777783,-2.4777777777777783,0.89,2.9785000000000004,128.0,9.708300000000001,0.0,1027.66
2020-12-30 09:00:00,-0.29999999999999954,-0.29999999999999954,0.83,3.3005,96.0,9.5473,0.0,1027.92
2020-12-30 10:00:00,1.772222222222221,-0.561111111111112,0.7,7.728,114.0,9.6117,0.0,1027.82
2020-12-30 11:00:00,3.533333333333333,3.533333333333333,0.66,1.932,100.0,9.5312,0.0,1027.26
2020-12-30 12:00:00,3.627777777777778,1.5833333333333341,0.64,7.840700000000001,99.0,9.5312,0.0,1026.63
2020-12-30 13:00:00,4.53888888888889,1.9166666666666683,0.54,10.980200000000002,131.0,9.965900000000001,0.0,1025.92
2020-12-30 14:00:00,3.627777777777778,0.5555555555555556,0.64,12.3004,110.0,9.5312,0.0,1025.16
2020-12-30 15:00:00,3.555555555555555,1.1777777777777763,0.62,9.048200000000001,129.0,9.5312,0.0,1025.14
2020-12-30 16:00:00,2.1000000000000005,0.022222222222221748,0.69,7.1162,90.0,9.6117,0.0,1024.97
2020-12-30 17:00:00,-0.14444444444444532,-0.14444444444444532,0.85,4.6851,22.0,9.5312,0.0,1025.55
2020-12-30 18:00:00,-0.22777777777777786,-3.355555555555555,0.92,9.2253,60.0,9.5312,0.0,1026.03
2020-12-30 19:00:00,-1.338888888888889,-4.877777777777778,0.92,9.9337,352.0,8.033900000000001,0.0,1026.16
2020-12-30 20:00:00,-2.938888888888888,-6.988888888888888,1.0,10.642100000000001,349.0,0.32200000000000006,0.0,1026.77
2020-12-30 21:00:00,-2.9888888888888885,-7.077777777777777,1.0,10.7548,359.0,0.32200000000000006,0.0,1027.43
2020-12-30 22:00:00,-2.461111111111111,-5.805555555555555,0.98,8.5652,2.0,1.2397,0.0,1027.5
2020-12-30 23:00:00,-2.5222222222222217,-4.866666666666668,0.96,5.9087000000000005,7.0,0.1932,0.0,1027.96
2020-12-31 00:00:00,-3.011111111111112,-5.583333333333333,1.0,6.262900000000001,329.0,0.22540000000000004,0.0,1028.13
2020-12-31 01:00:00,-3.822222222222221,-8.716666666666667,0.99,13.2664,142.0,0.32200000000000006,0.0,1024.67
2020-12-31 02:00:00,-3.866666666666667,-8.13888888888889,1.0,10.770900000000001,159.0,0.32200000000000006,0.0,1024.29
2020-12-31 03:00:00,-4.377777777777776,-7.23888888888889,1.0,6.44,113.0,0.6279,0.0,1023.78
2020-12-31 04:00:00,-4.388888888888888,-7.2333333333333325,1.0,6.4078,137.0,0.4508000000000001,0.0,1023.18
2020-12-31 05:00:00,-3.888888888888889,-8.194444444444445,1.0,10.8836,111.0,0.9338,0.0,1022.46
2020-12-31 06:00:00,-3.888888888888889,-8.600000000000001,0.92,12.4131,120.0,0.6279,0.0,1021.96
2020-12-31 07:00:00,-4.883333333333333,-9.683333333333334,1.0,11.9623,111.0,0.9821000000000001,0.0,1021.72
2020-12-31 08:00:00,-4.977777777777778,-9.066666666666666,1.0,9.450700000000001,110.0,0.6279,0.0,1021.49
2020-12-31 09:00:00,-3.938888888888889,-7.7666666666666675,0.93,9.2575,129.0,0.3381,0.0,1021.31
2020-12-31 10:00:00,-3.7944444444444434,-7.638888888888889,1.0,9.3863,110.0,0.3059,0.0,1021.46
2020-12-31 11:00:00,-2.872222222222223,-6.050000000000001,1.0,7.889000000000001,102.0,0.805,0.0,1020.97
2020-12-31 12:00:00,-2.3388888888888895,-4.138888888888889,1.0,4.83,110.0,1.8676,0.0,1020.29
2020-12-31 13:00:00,-2.0388888888888896,-5.072222222222221,0.99,7.889000000000001,103.0,2.2701000000000002,0.0,1019.8
2020-12-31 14:00:00,-1.2277777777777783,-4.127777777777777,1.0,7.889000000000001,102.0,2.9624,0.0,1019.31
2020-12-31 15:00:00,-1.2055555555555566,-1.2055555555555566,1.0,3.4615,158.0,3.4293,0.0,1019.38
2020-12-31 16:00:00,-1.9055555555555554,-1.9055555555555554,0.99,0.9016000000000002,111.0,3.1556,0.0,1019.22
2020-12-31 17:00:00,-2.7333333333333343,-2.7333333333333343,1.0,2.5760000000000005,43.0,1.8837,0.0,1019.09
2020-12-31 18:00:00,-2.2222222222222223,-2.2222222222222223,1.0,1.4329,81.0,0.9499,0.0,1018.91
2020-12-31 19:00:00,-2.6111111111111107,-2.6111111111111107,0.99,1.8354,335.0,0.4669,0.0,1019.04
2020-12-31 20:00:00,-3.7722222222222217,-3.7722222222222217,1.0,2.737,39.0,0.16100000000000003,0.0,1019.2
2020-12-31 21:00:00,-3.7944444444444434,-3.7944444444444434,1.0,2.4472,353.0,0.16100000000000003,0.0,1019.31
2020-12-31 22:00:00,-3.555555555555555,-3.555555555555555,0.99,2.3667000000000002,14.0,0.27370000000000005,0.0,1019.52
2020-12-31 23:00:00,-3.8388888888888886,-3.8388888888888886,1.0,4.6046000000000005,159.0,0.16100000000000003,0.0,1019.7
