DatetimeNYC,Temperature,ApparentTemperature,Humidity,WindSpeed,WindBearing,Visibility,LoudCover,Pressure
2022-01-01 00:00:00,0.5722222222222229,-3.416666666666666,0.89,13.5562,110.0,7.728,0.0,1024.47
2022-01-01 01:00:00,0.42777777777777953,-2.883333333333334,0.9,10.384500000000001,100.0,7.6796999999999995,0.0,1024.08
2022-01-01 02:00:00,0.5055555555555536,-2.8388888888888886,0.86,10.577700000000002,109.0,7.695800000000001,0.0,1023.99
2022-01-01 03:00:00,-0.027777777777778172,-3.5833333333333335,0.89,10.980200000000002,119.0,6.7781,0.0,1023.98
2022-01-01 04:00:00,-0.41111111111111026,-2.9499999999999993,0.9,7.245,121.0,6.9391,0.0,1023.62
2022-01-01 05:00:00,-0.8833333333333333,-2.588888888888889,0.92,5.0393,121.0,9.7566,0.0,1023.37
2022-01-01 06:00:00,1.1777777777777763,-2.116666666666666,0.85,10.9319,111.0,8.0017,0.0,1023.37
2022-01-01 07:00:00,1.1166666666666656,-1.5277777777777777,0.86,8.4042,111.0,5.425700000000001,0.0,1023.21
2022-01-01 08:00:00,0.11111111111111269,-2.5222222222222217,0.92,7.776300000000001,91.0,3.9767000000000006,0.0,1023.25
2022-01-01 09:00:00,2.194444444444446,-1.4777777777777779,0.8,13.7977,110.0,4.9427,0.0,1023.35
2022-01-01 10:00:00,2.822222222222221,-0.08888888888888896,0.83,10.722600000000002,109.0,8.2593,0.0,1023.31
2022-01-01 11:00:00,3.8611111111111125,1.466666666666667,0.76,9.3702,121.0,8.05,0.0,1023.09
2022-01-01 12:00:00,5.022222222222222,1.722222222222223,0.76,15.4721,159.0,9.982000000000001,0.0,1022.59
2022-01-01 13:00:00,6.077777777777777,3.0833333333333317,0.7,15.0696,148.0,9.982000000000001,0.0,1022.03
2022-01-01 14:00:00,7.061111111111112,4.066666666666666,0.66,16.7762,131.0,9.982000000000001,0.0,1021.61
2022-01-01 15:00:00,7.011111111111109,4.616666666666668,0.66,12.5741,150.0,13.894300000000003,0.0,1021.9
2022-01-01 16:00:00,5.972222222222222,3.405555555555557,0.7,12.2521,141.0,13.6689,0.0,1022.08
2022-01-01 17:00:00,4.927777777777776,2.4055555555555546,0.76,10.867500000000001,110.0,14.812,0.0,1022.1
2022-01-01 18:00:00,4.8388888888888895,2.3000000000000003,0.77,10.851400000000002,139.0,14.7637,0.0,1022.1
2022-01-01 19:00:00,3.827777777777778,0.6222222222222208,0.77,13.234200000000001,149.0,14.7959,0.0,1022.28
2022-01-01 20:00:00,3.7722222222222217,0.16111111111111065,0.72,15.6009,149.0,15.649200000000002,0.0,1021.89
2022-01-01 21:00:00,3.2722222222222226,-0.21666666666666698,0.74,14.1197,160.0,15.697500000000002,0.0,1022.18
2022-01-01 22:00:00,2.7333333333333343,-0.27222222222222137,0.8,11.0607,152.0,14.876400000000002,0.0,1022.18
2022-01-01 23:00:00,2.8277777777777797,1.0888888888888895,0.79,6.44,160.0,15.729700000000001,0.0,1022.17
2022-01-02 00:00:00,2.2000000000000006,0.3722222222222232,0.8,6.423900000000001,169.0,15.729700000000001,0.0,1021.77
2022-01-02 01:00:00,2.105555555555555,-1.1388888888888893,0.81,11.543700000000001,140.0,14.876400000000002,0.0,1021.3
2022-01-02 02:00:00,0.07222222222222364,-3.444444444444444,0.85,10.9319,140.0,15.649200000000002,0.0,1021.25
2022-01-02 03:00:00,-1.0166666666666657,-4.355555555555556,0.92,9.466800000000001,140.0,15.649200000000002,0.0,1020.77
2022-01-02 04:00:00,-1.288888888888889,-4.977777777777778,0.92,10.5455,141.0,13.9748,0.0,1020.49
2022-01-02 05:00:00,-0.994444444444444,-4.338888888888889,0.92,9.466800000000001,140.0,11.753,0.0,1020.05
2022-01-02 06:00:00,-0.022222222222221748,-4.21111111111111,0.85,13.894300000000003,150.0,11.753,0.0,1019.85
2022-01-02 07:00:00,-0.8888888888888897,-4.705555555555555,0.92,11.3666,142.0,7.406,0.0,1019.52
2022-01-02 08:00:00,-1.1333333333333329,-5.566666666666666,0.92,13.8782,131.0,6.9391,0.0,1019.66
2022-01-02 09:00:00,1.0444444444444458,-2.638888888888889,0.85,12.558,150.0,6.9874,0.0,1019.56
2022-01-02 10:00:00,2.7500000000000018,-1.5888888888888886,0.78,18.8209,160.0,7.5187,0.0,1019.5
2022-01-02 11:00:00,4.927777777777776,0.9888888888888895,0.76,20.0284,151.0,11.8979,0.0,1018.66
2022-01-02 12:00:00,6.038888888888888,2.372222222222224,0.7,20.221600000000002,169.0,11.9784,0.0,1017.77
2022-01-02 13:00:00,7.811111111111113,5.183333333333333,0.67,15.3272,169.0,12.042800000000002,0.0,1017.47
2022-01-02 14:00:00,8.77222222222222,6.333333333333332,0.63,15.633100000000002,159.0,9.982000000000001,0.0,1016.56
2022-01-02 15:00:00,7.705555555555555,5.033333333333335,0.68,15.504300000000002,160.0,9.982000000000001,0.0,1016.28
2022-01-02 16:00:00,6.283333333333335,4.000000000000002,0.75,11.0285,158.0,9.9015,0.0,1016.7
2022-01-02 17:00:00,4.905555555555555,2.3388888888888895,0.76,11.0768,150.0,7.1323,0.0,1016.75
2022-01-02 18:00:00,3.75,0.9833333333333351,0.83,10.9319,159.0,7.1323,0.0,1017.05
2022-01-02 19:00:00,2.6055555555555543,-0.5722222222222229,0.84,11.7369,151.0,8.3076,0.0,1017.42
2022-01-02 20:00:00,2.755555555555556,-1.3222222222222217,0.83,16.985500000000002,160.0,9.8049,0.0,1017.42
2022-01-02 21:00:00,2.688888888888891,-1.3833333333333324,0.8,16.840600000000002,150.0,11.753,0.0,1017.55
2022-01-02 22:00:00,2.5222222222222217,-1.311111111111111,0.85,15.150100000000002,151.0,11.4471,0.0,1018.0
2022-01-02 23:00:00,2.1722222222222203,-1.4722222222222214,0.83,13.636700000000001,160.0,11.672500000000001,0.0,1018.13
2022-01-03 00:00:00,2.2166666666666677,-0.8666666666666659,0.83,10.948,160.0,11.672500000000001,0.0,1018.34
2022-01-03 01:00:00,2.1722222222222203,-1.3055555555555562,0.84,12.7512,160.0,11.3666,0.0,1018.4
2022-01-03 02:00:00,2.677777777777778,-0.8666666666666659,0.83,13.685,160.0,11.6242,0.0,1018.77
2022-01-03 03:00:00,2.727777777777776,-0.777777777777777,0.83,13.5562,160.0,11.6242,0.0,1019.07
2022-01-03 04:00:00,2.7111111111111126,-0.07222222222222167,0.87,10.0464,169.0,11.3505,0.0,1019.33
2022-01-03 05:00:00,2.6333333333333346,-0.005555555555556424,0.9,9.3863,160.0,9.5473,0.0,1019.47
2022-01-03 06:00:00,2.5833333333333326,2.5833333333333326,0.9,4.6851,169.0,7.695800000000001,0.0,1019.28
2022-01-03 07:00:00,2.716666666666667,1.3444444444444454,0.9,5.4096,147.0,7.2611,0.0,1019.58
2022-01-03 08:00:00,2.6055555555555543,-0.3166666666666668,0.9,10.577700000000002,160.0,6.7781,0.0,1020.01
2022-01-03 09:00:00,3.672222222222222,0.9222222222222203,0.89,10.7548,160.0,6.7942,0.0,1020.5
2022-01-03 10:00:00,4.949999999999998,2.005555555555555,0.84,13.1376,172.0,7.5348,0.0,1020.8
2022-01-03 11:00:00,6.083333333333335,3.266666666666668,0.8,13.910400000000001,189.0,5.9248,0.0,1021.09
2022-01-03 12:00:00,7.711111111111112,5.799999999999999,0.83,10.5938,188.0,4.9427,0.0,1020.86
2022-01-03 13:00:00,8.627777777777778,7.505555555555554,0.79,7.583100000000001,176.0,6.9069,0.0,1020.3
2022-01-03 14:00:00,8.794444444444444,7.322222222222223,0.83,9.3863,168.0,7.0357,0.0,1019.96
2022-01-03 15:00:00,8.838888888888887,7.711111111111112,0.83,7.760200000000001,130.0,6.118,0.0,1020.16
2022-01-03 16:00:00,7.955555555555555,6.394444444444443,0.88,9.032100000000002,140.0,6.118,0.0,1020.15
2022-01-03 17:00:00,7.266666666666666,5.550000000000001,0.92,9.160900000000002,149.0,8.8389,0.0,1020.19
2022-01-03 18:00:00,6.155555555555555,4.222222222222223,0.86,9.209200000000001,138.0,8.8389,0.0,1020.47
2022-01-03 19:00:00,5.188888888888891,2.8777777777777778,0.92,10.126900000000001,142.0,8.4364,0.0,1020.96
2022-01-03 20:00:00,4.077777777777779,1.4222222222222234,0.92,10.6904,149.0,8.774500000000002,0.0,1020.68
2022-01-03 21:00:00,4.055555555555554,1.338888888888887,0.92,10.948,150.0,8.774500000000002,0.0,1020.85
2022-01-03 22:00:00,3.5666666666666678,0.8944444444444442,0.9,10.304000000000002,143.0,8.1466,0.0,1021.11
2022-01-03 23:00:00,3.9611111111111126,1.2722222222222217,0.89,10.7387,150.0,7.8084999999999996,0.0,1021.06
2022-01-04 00:00:00,3.872222222222222,2.272222222222224,0.9,6.5044,150.0,7.8084999999999996,0.0,1021.05
2022-01-04 01:00:00,3.5166666666666657,1.9111111111111099,0.92,6.359500000000001,151.0,8.1305,0.0,1021.19
2022-01-04 02:00:00,3.383333333333335,1.8277777777777773,0.9,6.1502,159.0,7.8084999999999996,0.0,1021.46
2022-01-04 03:00:00,3.866666666666667,2.377777777777778,0.86,6.166300000000001,160.0,7.776300000000001,0.0,1021.45
2022-01-04 04:00:00,3.494444444444444,1.9333333333333316,0.9,6.2146,162.0,7.7440999999999995,0.0,1021.51
2022-01-04 05:00:00,3.7222222222222237,3.7222222222222237,0.93,4.6046000000000005,140.0,7.728,0.0,1021.38
2022-01-04 06:00:00,3.7222222222222237,1.8166666666666684,0.93,7.406,139.0,7.695800000000001,0.0,1021.39
2022-01-04 07:00:00,3.8444444444444454,1.7055555555555557,0.93,8.3237,146.0,6.4722,0.0,1021.74
2022-01-04 08:00:00,4.644444444444444,2.322222222222222,0.87,9.66,150.0,5.8443000000000005,0.0,1022.09
2022-01-04 09:00:00,5.827777777777779,3.5666666666666678,0.87,10.465,150.0,5.8443000000000005,0.0,1022.19
2022-01-04 10:00:00,6.977777777777779,5.555555555555555,0.82,7.647500000000001,161.0,6.0053,0.0,1022.59
2022-01-04 11:00:00,8.816666666666666,6.422222222222223,0.78,15.375500000000002,170.0,6.0697,0.0,1021.96
2022-01-04 12:00:00,8.91111111111111,6.9722222222222205,0.77,12.2521,169.0,7.0357,0.0,1021.46
2022-01-04 13:00:00,9.844444444444443,8.316666666666666,0.79,10.835300000000002,168.0,8.5169,0.0,1020.79
2022-01-04 14:00:00,10.966666666666669,10.966666666666669,0.71,10.4811,168.0,9.7566,0.0,1020.24
2022-01-04 15:00:00,9.927777777777777,8.983333333333334,0.77,7.760200000000001,137.0,9.708300000000001,0.0,1019.74
2022-01-04 16:00:00,7.977777777777778,6.483333333333334,0.89,8.7262,136.0,6.810300000000001,0.0,1019.11
2022-01-04 17:00:00,7.655555555555556,5.033333333333335,0.89,15.0696,129.0,7.776300000000001,0.0,1018.75
2022-01-04 18:00:00,7.127777777777776,4.594444444444446,0.87,13.5562,129.0,9.6117,0.0,1017.85
2022-01-04 19:00:00,7.272222222222224,4.588888888888888,0.81,14.844200000000003,138.0,13.894300000000003,0.0,1017.08
2022-01-04 20:00:00,7.222222222222222,3.8944444444444435,0.8,19.931800000000003,140.0,15.6009,0.0,1016.91
2022-01-04 21:00:00,6.71111111111111,3.2333333333333334,0.79,20.0928,140.0,15.649200000000002,0.0,1015.82
2022-01-04 22:00:00,7.07222222222222,3.383333333333335,0.76,23.0713,139.0,14.876400000000002,0.0,1015.05
2022-01-04 23:00:00,7.66111111111111,3.511111111111111,0.72,30.412900000000004,150.0,15.729700000000001,0.0,1014.24
2022-01-05 00:00:00,7.172222222222221,3.3999999999999986,0.74,24.230500000000003,150.0,15.729700000000001,0.0,1014.03
2022-01-05 01:00:00,6.588888888888889,2.7999999999999994,0.75,22.717100000000002,141.0,14.9569,0.0,1013.13
2022-01-05 02:00:00,6.622222222222224,3.150000000000001,0.77,19.7869,150.0,15.729700000000001,0.0,1012.83
2022-01-05 03:00:00,6.155555555555555,2.894444444444445,0.82,17.114300000000004,149.0,15.729700000000001,0.0,1012.8
2022-01-05 04:00:00,6.211111111111111,2.6611111111111105,0.86,19.593700000000002,150.0,14.876400000000002,0.0,1012.3
2022-01-05 05:00:00,7.194444444444446,3.3722222222222222,0.79,24.8262,150.0,9.9015,0.0,1011.51
2022-01-05 06:00:00,7.194444444444446,3.238888888888888,0.79,26.3074,150.0,9.9015,0.0,1010.93
2022-01-05 07:00:00,7.183333333333334,3.3222222222222206,0.8,25.164300000000004,150.0,9.982000000000001,0.0,1011.19
2022-01-05 08:00:00,7.755555555555556,4.100000000000001,0.77,24.6813,150.0,9.982000000000001,0.0,1011.11
2022-01-05 09:00:00,7.777777777777778,4.133333333333332,0.77,24.6169,150.0,10.2074,0.0,1011.31
2022-01-05 10:00:00,8.816666666666666,5.7555555555555555,0.73,21.445200000000003,159.0,10.2235,0.0,1011.47
2022-01-05 11:00:00,10.116666666666667,10.116666666666667,0.67,23.1518,150.0,16.1,0.0,1011.3
2022-01-05 12:00:00,11.155555555555555,11.155555555555555,0.66,24.777900000000002,160.0,16.1,0.0,1010.42
2022-01-05 13:00:00,11.244444444444447,11.244444444444447,0.62,22.684900000000003,150.0,15.552600000000002,0.0,1010.24
2022-01-05 14:00:00,11.155555555555555,11.155555555555555,0.67,21.541800000000002,160.0,16.1,0.0,1010.41
2022-01-05 15:00:00,10.066666666666666,10.066666666666666,0.67,16.7762,149.0,16.1,0.0,1010.57
2022-01-05 16:00:00,10.06111111111111,10.06111111111111,0.68,14.5544,150.0,15.552600000000002,0.0,1011.07
2022-01-05 17:00:00,9.972222222222223,7.838888888888889,0.67,15.488199999999999,149.0,16.0517,0.0,1011.46
2022-01-05 18:00:00,8.91111111111111,5.966666666666668,0.77,20.479200000000002,150.0,10.255700000000001,0.0,1012.15
2022-01-05 19:00:00,8.944444444444445,6.35,0.78,17.291400000000003,159.0,15.1823,0.0,1012.46
2022-01-05 20:00:00,8.883333333333335,6.3166666666666655,0.77,16.905,149.0,10.255700000000001,0.0,1012.88
2022-01-05 21:00:00,8.355555555555554,6.0888888888888895,0.77,13.620600000000001,159.0,16.0517,0.0,1012.99
2022-01-05 22:00:00,7.88888888888889,5.983333333333335,0.81,10.7548,148.0,14.9569,0.0,1013.4
2022-01-05 23:00:00,7.799999999999999,5.955555555555555,0.83,10.3201,149.0,15.826300000000002,0.0,1013.64
2022-01-06 00:00:00,7.799999999999999,7.022222222222222,0.83,5.7799000000000005,170.0,15.826300000000002,0.0,1014.03
2022-01-06 01:00:00,7.699999999999999,7.127777777777776,0.85,5.1037,338.0,14.7959,0.0,1014.99
2022-01-06 02:00:00,7.194444444444446,6.333333333333332,0.87,5.763800000000001,76.0,14.586600000000002,0.0,1015.43
2022-01-06 03:00:00,6.63888888888889,6.63888888888889,0.87,2.5921000000000003,101.0,14.5222,0.0,1015.91
2022-01-06 04:00:00,6.600000000000001,5.966666666666668,0.87,4.8622000000000005,140.0,13.7977,0.0,1015.87
2022-01-06 05:00:00,2.999999999999999,0.4111111111111122,0.96,9.499,302.0,11.543700000000001,0.0,1016.25
2022-01-06 06:00:00,4.022222222222223,4.022222222222223,0.92,3.6869,309.0,5.8443000000000005,0.0,1017.04
2022-01-06 07:00:00,4.205555555555556,4.205555555555556,0.93,4.2021,308.0,0.7889,0.0,1017.72
2022-01-06 08:00:00,3.0277777777777795,3.0277777777777795,0.99,0.8855000000000002,320.0,0.16100000000000003,0.0,1018.8
2022-01-06 09:00:00,4.094444444444443,4.094444444444443,0.99,4.7978000000000005,318.0,0.3381,0.0,1019.43
2022-01-06 10:00:00,5.522222222222221,3.9000000000000017,0.99,7.4704,308.0,1.0948000000000002,0.0,1020.17
2022-01-06 11:00:00,6.4111111111111105,4.194444444444443,0.98,10.835300000000002,329.0,1.3685,0.0,1020.09
2022-01-06 12:00:00,7.522222222222221,7.522222222222221,0.92,4.7656,292.0,3.6869,0.0,1019.9
2022-01-06 13:00:00,7.6277777777777755,6.094444444444444,0.97,8.645700000000001,303.0,3.9445000000000006,0.0,1020.18
2022-01-06 14:00:00,8.122222222222222,6.305555555555556,0.94,10.5616,319.0,4.2987,0.0,1020.66
2022-01-06 15:00:00,8.005555555555553,8.005555555555553,0.95,4.186000000000001,24.0,4.7495,0.0,1021.26
2022-01-06 16:00:00,6.788888888888888,6.788888888888888,0.91,3.7513000000000005,136.0,0.5313000000000001,0.0,1021.58
2022-01-06 17:00:00,5.116666666666667,2.983333333333332,0.93,9.2253,159.0,0.3703,0.0,1021.77
2022-01-06 18:00:00,4.927777777777776,3.199999999999999,0.99,7.502600000000001,170.0,0.16100000000000003,0.0,1021.9
2022-01-06 19:00:00,4.911111111111113,3.2055555555555575,1.0,7.3899,192.0,0.2415,0.0,1022.44
2022-01-06 20:00:00,4.772222222222224,2.983333333333332,0.99,7.615300000000001,170.0,0.1771,0.0,1022.78
2022-01-06 21:00:00,3.7055555555555566,0.9666666666666678,0.92,10.7387,180.0,0.1771,0.0,1022.97
2022-01-06 22:00:00,3.355555555555555,0.7444444444444464,0.96,9.8693,172.0,0.1449,0.0,1023.18
2022-01-06 23:00:00,3.150000000000001,0.30555555555555397,0.96,10.706500000000002,179.0,0.16100000000000003,0.0,1023.08
2022-01-07 00:00:00,3.150000000000001,1.555555555555554,0.99,6.1502,179.0,0.16100000000000003,0.0,1023.47
2022-01-07 01:00:00,3.18888888888889,0.46111111111111014,0.97,10.239600000000001,168.0,0.1449,0.0,1023.45
2022-01-07 02:00:00,3.699999999999998,2.144444444444444,0.96,6.3112,150.0,0.16100000000000003,0.0,1023.34
2022-01-07 03:00:00,4.233333333333332,1.6000000000000014,1.0,10.722600000000002,150.0,0.7728,0.0,1023.08
2022-01-07 04:00:00,5.244444444444444,3.8333333333333326,0.97,6.5849,151.0,1.0948000000000002,0.0,1023.01
2022-01-07 05:00:00,5.811111111111112,3.494444444444444,1.0,10.722600000000002,179.0,4.7656,0.0,1022.91
2022-01-07 06:00:00,6.900000000000001,4.255555555555554,1.0,14.007,169.0,3.8479000000000005,0.0,1023.17
2022-01-07 07:00:00,6.900000000000001,4.100000000000001,1.0,15.0535,168.0,1.2558,0.0,1023.43
2022-01-07 08:00:00,7.066666666666666,4.433333333333332,1.0,14.168000000000003,170.0,0.9338,0.0,1024.17
2022-01-07 09:00:00,6.066666666666667,3.2333333333333334,1.0,13.9909,169.0,0.6279,0.0,1024.87
2022-01-07 10:00:00,6.166666666666668,3.8944444444444435,1.0,10.867500000000001,175.0,0.3059,0.0,1025.41
2022-01-07 11:00:00,6.161111111111113,3.311111111111112,1.0,14.2163,169.0,0.32200000000000006,0.0,1025.36
2022-01-07 12:00:00,7.177777777777779,5.361111111111111,0.93,9.563400000000001,178.0,0.483,0.0,1025.16
2022-01-07 13:00:00,7.188888888888887,5.294444444444445,0.99,9.9498,174.0,0.4669,0.0,1024.88
2022-01-07 14:00:00,7.200000000000001,5.78888888888889,1.0,7.760200000000001,160.0,0.483,0.0,1024.69
2022-01-07 15:00:00,7.200000000000001,5.783333333333331,1.0,7.776300000000001,150.0,0.805,0.0,1025.08
2022-01-07 16:00:00,7.205555555555555,5.750000000000001,0.99,7.953400000000001,133.0,0.2898,0.0,1025.18
2022-01-07 17:00:00,7.1499999999999995,7.1499999999999995,1.0,3.5581,131.0,0.4669,0.0,1025.27
2022-01-07 18:00:00,6.133333333333333,3.800000000000002,1.0,11.157300000000001,112.0,0.6279,0.0,1025.11
2022-01-07 19:00:00,7.033333333333331,5.583333333333332,0.94,7.792400000000001,135.0,0.2898,0.0,1025.59
2022-01-07 20:00:00,6.111111111111111,4.527777777777777,1.0,7.711900000000001,122.0,0.4669,0.0,1025.51
2022-01-07 21:00:00,6.111111111111111,4.816666666666667,1.0,6.6493,151.0,0.6279,0.0,1025.98
2022-01-07 22:00:00,6.027777777777779,5.038888888888889,0.97,5.6511,109.0,0.4508000000000001,0.0,1025.74
2022-01-07 23:00:00,5.5777777777777775,5.5777777777777775,1.0,3.22,130.0,0.483,0.0,1025.62
2022-01-08 00:00:00,5.5777777777777775,5.5777777777777775,0.96,2.9785000000000004,45.0,0.3381,0.0,1025.7
2022-01-08 01:00:00,5.0666666666666655,5.0666666666666655,1.0,3.4776000000000002,90.0,0.32200000000000006,0.0,1025.52
2022-01-08 02:00:00,5.511111111111112,5.511111111111112,0.96,3.0268,36.0,0.3381,0.0,1025.59
2022-01-08 03:00:00,4.977777777777778,3.672222222222222,1.0,6.118,53.0,0.6279,0.0,1025.5
2022-01-08 04:00:00,4.4722222222222205,4.4722222222222205,1.0,3.3005,120.0,0.5474000000000001,0.0,1025.57
2022-01-08 05:00:00,3.888888888888889,3.888888888888889,1.0,3.2039,169.0,0.483,0.0,1025.2
2022-01-08 06:00:00,3.9111111111111105,3.9111111111111105,1.0,1.7549000000000001,113.0,0.32200000000000006,0.0,1025.31
2022-01-08 07:00:00,3.938888888888891,3.938888888888891,0.99,1.1592,258.0,0.5635,0.0,1025.6
2022-01-08 08:00:00,3.9111111111111105,3.9111111111111105,0.99,3.1073,127.0,0.6601,0.0,1025.81
2022-01-08 09:00:00,3.9111111111111105,3.9111111111111105,0.99,3.22,160.0,0.966,0.0,1026.29
2022-01-08 10:00:00,4.0388888888888905,4.0388888888888905,1.0,2.0930000000000004,220.0,0.8372,0.0,1026.81
2022-01-08 11:00:00,4.927777777777776,4.927777777777776,1.0,0.0,0.0,0.805,0.0,1026.7
2022-01-08 12:00:00,3.9833333333333343,3.9833333333333343,1.0,1.6583,253.0,1.2558,0.0,1026.1
2022-01-08 13:00:00,5.0666666666666655,5.0666666666666655,0.99,4.4919,243.0,0.5796,0.0,1025.93
2022-01-08 14:00:00,5.022222222222222,5.022222222222222,1.0,1.5456,272.0,0.805,0.0,1025.98
2022-01-08 15:00:00,5.072222222222224,4.216666666666669,1.0,4.8944,269.0,0.6440000000000001,0.0,1025.8
2022-01-08 16:00:00,5.077777777777778,5.077777777777778,1.0,4.781700000000001,240.0,0.8533000000000001,0.0,1025.99
2022-01-08 17:00:00,5.0,5.0,1.0,3.3005,277.0,0.6762,0.0,1025.9
2022-01-08 18:00:00,6.016666666666666,6.016666666666666,0.94,3.2361,214.0,0.9821000000000001,0.0,1025.9
2022-01-08 19:00:00,4.949999999999998,4.949999999999998,1.0,3.7513000000000005,224.0,0.4508000000000001,0.0,1025.99
2022-01-08 20:00:00,5.022222222222222,2.833333333333334,1.0,9.4185,289.0,1.2397,0.0,1026.48
2022-01-08 21:00:00,4.511111111111109,3.0333333333333337,1.0,6.44,280.0,1.2397,0.0,1026.57
2022-01-08 22:00:00,4.483333333333333,4.483333333333333,1.0,3.4937,220.0,1.0143,0.0,1026.2
2022-01-08 23:00:00,5.0,5.0,1.0,0.0,0.0,0.0,0.0,1025.8
2022-01-09 00:00:00,4.444444444444445,4.444444444444445,0.96,3.0912,175.0,1.3846,0.0,1026.01
2022-01-09 01:00:00,4.444444444444445,4.444444444444445,0.96,4.5724,246.0,1.4168,0.0,1026.0
2022-01-09 02:00:00,3.9333333333333322,3.9333333333333322,0.99,3.22,190.0,2.9302,0.0,1025.69
2022-01-09 03:00:00,3.9111111111111105,3.9111111111111105,1.0,0.0,0.0,2.9302,0.0,1025.58
2022-01-09 04:00:00,3.8499999999999996,3.8499999999999996,1.0,3.22,120.0,2.8819000000000004,0.0,1025.13
2022-01-09 05:00:00,2.844444444444443,0.7277777777777791,1.0,7.631400000000001,140.0,1.7066000000000001,0.0,1024.77
2022-01-09 06:00:00,2.822222222222221,0.6833333333333316,1.0,7.6796999999999995,141.0,1.2397,0.0,1024.5
2022-01-09 07:00:00,2.9277777777777794,0.4111111111111122,1.0,9.1287,133.0,1.3524,0.0,1024.4
2022-01-09 08:00:00,3.838888888888887,1.4000000000000017,0.93,9.5312,168.0,2.4955000000000003,0.0,1024.55
2022-01-09 09:00:00,3.816666666666665,1.3722222222222216,1.0,9.5312,142.0,3.4132000000000002,0.0,1024.27
2022-01-09 10:00:00,3.8222222222222237,1.1999999999999982,1.0,10.304000000000002,157.0,3.0107000000000004,0.0,1023.94
2022-01-09 11:00:00,3.866666666666667,1.4111111111111105,1.0,9.595600000000001,150.0,0.6279,0.0,1023.58
2022-01-09 12:00:00,3.866666666666667,2.855555555555556,1.0,4.8944,143.0,0.32200000000000006,0.0,1022.78
2022-01-09 13:00:00,3.838888888888887,1.7055555555555557,0.99,8.291500000000001,178.0,0.3381,0.0,1021.82
2022-01-09 14:00:00,3.888888888888889,3.888888888888889,0.99,4.4758,237.0,0.32200000000000006,0.0,1021.29
2022-01-09 15:00:00,3.888888888888889,3.888888888888889,0.99,3.1717,79.0,0.32200000000000006,0.0,1020.86
2022-01-09 16:00:00,3.8555555555555543,1.9055555555555554,1.0,7.647500000000001,130.0,0.1932,0.0,1020.45
2022-01-09 17:00:00,3.866666666666667,3.866666666666667,0.92,3.3327,152.0,0.16100000000000003,0.0,1019.99
2022-01-09 18:00:00,2.8500000000000014,2.8500000000000014,1.0,3.5098000000000003,134.0,0.16100000000000003,0.0,1020.06
2022-01-09 19:00:00,2.855555555555556,0.7222222222222207,1.0,7.695800000000001,150.0,0.2898,0.0,1019.62
2022-01-09 20:00:00,2.7777777777777777,0.6055555555555574,1.0,7.776300000000001,159.0,0.16100000000000003,0.0,1019.09
2022-01-09 21:00:00,2.7777777777777777,1.0444444444444458,1.0,6.4078,188.0,0.16100000000000003,0.0,1018.88
2022-01-09 22:00:00,2.1611111111111114,0.344444444444443,1.0,6.359500000000001,140.0,0.16100000000000003,0.0,1018.49
2022-01-09 23:00:00,1.7388888888888903,-1.4222222222222216,1.0,10.851400000000002,133.0,0.16100000000000003,0.0,1017.76
2022-01-10 00:00:00,1.7388888888888903,-1.4611111111111106,1.0,10.996300000000002,152.0,0.16100000000000003,0.0,1017.15
2022-01-10 01:00:00,1.25,-2.4944444444444436,1.0,13.105400000000001,188.0,0.16100000000000003,0.0,1016.15
2022-01-10 02:00:00,1.1833333333333347,-2.794444444444445,1.0,14.2163,180.0,0.16100000000000003,0.0,1015.84
2022-01-10 03:00:00,1.1833333333333347,-2.7499999999999996,1.0,13.9748,189.0,0.16100000000000003,0.0,1015.54
2022-01-10 04:00:00,1.211111111111111,-2.5999999999999996,1.0,13.363000000000001,197.0,0.1449,0.0,1015.01
2022-01-10 05:00:00,2.2000000000000006,-1.7333333333333338,0.92,15.278900000000002,180.0,0.32200000000000006,0.0,1014.28
2022-01-10 06:00:00,2.2222222222222223,-1.6444444444444448,0.99,14.9086,190.0,0.3381,0.0,1014.35
2022-01-10 07:00:00,2.205555555555555,-1.4222222222222216,1.0,13.5562,192.0,0.7406,0.0,1014.21
2022-01-10 08:00:00,2.2222222222222223,-1.4055555555555561,1.0,13.5884,221.0,1.4168,0.0,1014.74
2022-01-10 09:00:00,2.844444444444443,-0.49444444444444474,1.0,12.799500000000002,289.0,2.4955000000000003,0.0,1016.2
2022-01-10 10:00:00,4.161111111111112,0.7444444444444464,0.99,14.9247,295.0,4.2021,0.0,1017.42
2022-01-10 11:00:00,5.1111111111111125,2.061111111111112,1.0,14.007,289.0,7.824600000000001,0.0,1017.82
2022-01-10 12:00:00,5.1111111111111125,1.8055555555555556,1.0,15.649200000000002,280.0,9.7566,0.0,1018.29
2022-01-10 13:00:00,6.388888888888889,4.072222222222221,0.97,11.3666,272.0,14.3451,0.0,1018.5
2022-01-10 14:00:00,6.25,4.216666666666669,0.98,9.7405,271.0,15.826300000000002,0.0,1018.59
2022-01-10 15:00:00,7.288888888888888,5.394444444444445,0.85,10.0786,281.0,15.826300000000002,0.0,1019.47
2022-01-10 16:00:00,6.327777777777778,4.494444444444446,0.79,8.919400000000001,262.0,14.9569,0.0,1020.11
2022-01-10 17:00:00,4.100000000000001,1.7555555555555538,0.88,9.321900000000001,225.0,16.1,0.0,1020.59
2022-01-10 18:00:00,2.8999999999999995,0.2444444444444432,0.88,9.66,242.0,16.1,0.0,1021.1
2022-01-10 19:00:00,1.655555555555554,0.22777777777777589,0.91,5.184200000000001,248.0,14.3934,0.0,1021.63
2022-01-10 20:00:00,2.3166666666666678,-0.46666666666666656,0.91,9.7405,260.0,12.2199,0.0,1022.2
2022-01-10 21:00:00,0.7444444444444464,-1.1500000000000001,0.91,5.9892,175.0,8.1305,0.0,1022.4
2022-01-10 22:00:00,1.5722222222222213,0.0611111111111108,0.92,5.3452,172.0,7.0357,0.0,1022.75
2022-01-10 23:00:00,1.6000000000000014,-0.3277777777777777,0.89,6.423900000000001,211.0,6.5205,0.0,1023.0
2022-01-11 00:00:00,-0.994444444444444,-0.994444444444444,0.92,3.0751,210.0,1.127,0.0,1022.8
2022-01-11 01:00:00,0.07222222222222364,0.07222222222222364,0.96,3.1717,223.0,2.3828,0.0,1022.86
2022-01-11 02:00:00,0.6666666666666683,0.6666666666666683,0.92,3.2361,190.0,6.166300000000001,0.0,1022.88
2022-01-11 03:00:00,1.1722222222222218,1.1722222222222218,0.92,3.0912,140.0,6.1985,0.0,1022.78
2022-01-11 04:00:00,1.6277777777777775,-1.2166666666666675,0.92,9.466800000000001,173.0,6.4078,0.0,1022.84
2022-01-11 05:00:00,2.233333333333335,2.233333333333335,0.92,1.4168,166.0,6.1985,0.0,1022.68
2022-01-11 06:00:00,2.305555555555555,0.08333333333333254,0.92,7.6636,200.0,4.6690000000000005,0.0,1022.76
2022-01-11 07:00:00,3.1555555555555554,1.7388888888888903,0.94,5.6672,158.0,4.395300000000001,0.0,1022.92
2022-01-11 08:00:00,2.8611111111111103,0.7222222222222207,0.95,7.711900000000001,141.0,4.7495,0.0,1022.97
2022-01-11 09:00:00,3.9055555555555563,1.5166666666666648,0.92,9.3702,131.0,4.7495,0.0,1023.44
2022-01-11 10:00:00,5.250000000000002,2.8111111111111122,0.86,10.7548,150.0,8.420300000000001,0.0,1023.06
2022-01-11 11:00:00,7.216666666666669,5.511111111111112,0.78,9.080400000000001,151.0,9.982000000000001,0.0,1022.19
2022-01-11 12:00:00,7.794444444444445,5.866666666666668,0.76,10.7548,161.0,9.982000000000001,0.0,1021.31
2022-01-11 13:00:00,8.93888888888889,7.76111111111111,0.72,8.0822,173.0,10.3523,0.0,1020.89
2022-01-11 14:00:00,8.95,7.494444444444446,0.77,9.4185,180.0,9.982000000000001,0.0,1020.47
2022-01-11 15:00:00,9.988888888888887,9.072222222222221,0.77,7.711900000000001,199.0,9.9015,0.0,1020.17
2022-01-11 16:00:00,8.11111111111111,8.11111111111111,0.82,4.6368,180.0,9.8693,0.0,1019.85
2022-01-11 17:00:00,6.127777777777778,6.127777777777778,0.92,1.7549000000000001,129.0,9.7566,0.0,1019.78
2022-01-11 18:00:00,3.9055555555555563,3.9055555555555563,0.92,4.652900000000001,152.0,0.2898,0.0,1019.78
2022-01-11 19:00:00,3.3333333333333335,1.4611111111111126,0.95,7.084000000000001,166.0,1.1431,0.0,1019.75
2022-01-11 20:00:00,3.7444444444444454,0.9777777777777766,0.92,10.8997,190.0,0.6279,0.0,1019.62
2022-01-11 21:00:00,3.7222222222222237,0.8777777777777769,0.96,11.270000000000001,180.0,0.16100000000000003,0.0,1019.38
2022-01-11 22:00:00,3.888888888888889,1.4000000000000017,0.96,9.7727,211.0,2.5277000000000003,0.0,1019.54
2022-01-11 23:00:00,4.205555555555556,1.5222222222222233,0.99,10.9319,190.0,2.9302,0.0,1019.3
2022-01-12 00:00:00,4.205555555555556,1.5611111111111124,0.96,10.7548,200.0,4.314800000000001,0.0,1019.1
2022-01-12 01:00:00,5.122222222222222,2.205555555555555,0.9,13.202,211.0,5.9409,0.0,1019.08
2022-01-12 02:00:00,4.511111111111109,2.944444444444443,0.93,6.7298,203.0,5.9087000000000005,0.0,1019.57
2022-01-12 03:00:00,5.116666666666667,5.116666666666667,0.93,3.703,243.0,6.166300000000001,0.0,1019.87
2022-01-12 04:00:00,7.583333333333333,5.1611111111111105,0.87,13.524000000000001,250.0,6.1985,0.0,1019.87
2022-01-12 05:00:00,7.044444444444444,4.161111111111112,0.86,15.874600000000001,288.0,7.1323,0.0,1020.31
2022-01-12 06:00:00,6.0888888888888895,3.4722222222222223,0.8,12.6868,269.0,9.9015,0.0,1020.99
2022-01-12 07:00:00,6.161111111111113,3.483333333333335,0.8,13.1376,281.0,9.450700000000001,0.0,1021.63
2022-01-12 08:00:00,7.216666666666669,3.6388888888888875,0.7,22.3307,311.0,10.255700000000001,0.0,1022.38
2022-01-12 09:00:00,7.194444444444446,3.4722222222222223,0.65,23.715300000000003,320.0,10.255700000000001,0.0,1022.81
2022-01-12 10:00:00,7.344444444444444,3.938888888888891,0.64,20.9461,321.0,10.577700000000002,0.0,1023.47
2022-01-12 11:00:00,7.244444444444444,4.13888888888889,0.6,18.032,310.0,10.255700000000001,0.0,1023.69
2022-01-12 12:00:00,7.266666666666666,3.8222222222222237,0.59,21.155400000000004,301.0,9.982000000000001,0.0,1023.29
2022-01-12 13:00:00,7.705555555555555,4.511111111111109,0.57,19.8835,302.0,10.3523,0.0,1022.98
2022-01-12 14:00:00,7.777777777777778,4.844444444444444,0.53,17.726100000000002,302.0,10.255700000000001,0.0,1022.81
2022-01-12 15:00:00,7.194444444444446,3.5166666666666657,0.45,23.280600000000003,301.0,10.255700000000001,0.0,1022.9
2022-01-12 16:00:00,6.238888888888887,3.5888888888888895,0.53,13.0571,301.0,10.2235,0.0,1023.1
2022-01-12 17:00:00,4.972222222222224,2.666666666666665,0.6,9.8693,281.0,10.255700000000001,0.0,1023.3
2022-01-12 18:00:00,3.9055555555555563,1.0944444444444439,0.62,11.270000000000001,280.0,10.255700000000001,0.0,1023.51
2022-01-12 19:00:00,2.716666666666667,-0.4499999999999993,0.68,11.785200000000001,279.0,10.577700000000002,0.0,1024.04
2022-01-12 20:00:00,1.2444444444444456,-2.1000000000000005,0.69,11.2056,279.0,16.0517,0.0,1024.28
2022-01-12 21:00:00,0.25000000000000155,0.25000000000000155,0.75,3.3005,269.0,16.0517,0.0,1024.27
2022-01-12 22:00:00,-0.1222222222222216,-2.2388888888888894,0.73,6.230700000000001,244.0,15.150100000000002,0.0,1024.24
2022-01-12 23:00:00,0.13333333333333444,-3.344444444444444,0.72,10.8192,249.0,16.0517,0.0,1023.78
2022-01-13 00:00:00,-0.9111111111111114,-0.9111111111111114,0.78,2.3989000000000003,236.0,16.0517,0.0,1023.4
2022-01-13 01:00:00,-1.2000000000000002,-3.3833333333333333,0.8,5.9892,250.0,15.150100000000002,0.0,1023.14
2022-01-13 02:00:00,-0.6055555555555555,-0.6055555555555555,0.79,3.22,210.0,16.1,0.0,1022.79
2022-01-13 03:00:00,-2.7777777777777777,-2.7777777777777777,0.78,0.0,0.0,16.1,0.0,1022.9
2022-01-13 04:00:00,-1.6611111111111103,-1.6611111111111103,0.87,3.2361,190.0,15.150100000000002,0.0,1022.53
2022-01-13 05:00:00,-2.216666666666666,-6.177777777777779,0.88,10.867500000000001,161.0,16.0517,0.0,1021.78
2022-01-13 06:00:00,-2.3166666666666678,-5.311111111111111,0.88,7.631400000000001,171.0,16.0517,0.0,1021.48
2022-01-13 07:00:00,-2.461111111111111,-5.383333333333334,0.92,7.3738,163.0,7.0357,0.0,1021.73
2022-01-13 08:00:00,-2.2888888888888896,-6.216666666666667,0.88,10.6743,151.0,8.1305,0.0,1021.87
2022-01-13 09:00:00,2.0444444444444443,-0.6555555555555554,0.73,9.193100000000001,170.0,8.227100000000002,0.0,1021.57
2022-01-13 10:00:00,4.822222222222222,1.9833333333333334,0.65,12.4131,170.0,14.5222,0.0,1021.34
2022-01-13 11:00:00,7.155555555555556,4.349999999999999,0.51,15.552600000000002,190.0,15.826300000000002,0.0,1020.67
2022-01-13 12:00:00,8.794444444444444,6.383333333333335,0.41,15.488199999999999,190.0,15.826300000000002,0.0,1019.96
2022-01-13 13:00:00,9.888888888888888,8.205555555555557,0.36,11.946200000000001,188.0,15.3111,0.0,1018.94
2022-01-13 14:00:00,10.02222222222222,10.02222222222222,0.43,12.348700000000001,190.0,16.1,0.0,1018.26
2022-01-13 15:00:00,9.972222222222223,8.238888888888887,0.43,12.397,179.0,16.1,0.0,1018.05
2022-01-13 16:00:00,7.616666666666668,6.311111111111111,0.5,7.631400000000001,142.0,15.552600000000002,0.0,1018.07
2022-01-13 17:00:00,5.044444444444443,2.894444444444445,0.61,9.2575,141.0,16.0517,0.0,1017.96
2022-01-13 18:00:00,4.877777777777778,2.705555555555554,0.66,9.2253,149.0,16.0517,0.0,1017.97
2022-01-13 19:00:00,2.755555555555556,-0.14999999999999977,0.76,10.626,140.0,14.9569,0.0,1017.95
2022-01-13 20:00:00,2.105555555555555,-1.2166666666666675,0.8,11.914000000000001,140.0,15.778000000000002,0.0,1017.89
2022-01-13 21:00:00,1.5000000000000016,-1.7277777777777774,0.83,10.9319,140.0,15.778000000000002,0.0,1017.79
2022-01-13 22:00:00,1.1055555555555567,-2.033333333333333,0.84,10.2235,141.0,14.9086,0.0,1017.68
2022-01-13 23:00:00,0.0500000000000019,-3.3833333333333333,0.85,10.577700000000002,139.0,15.729700000000001,0.0,1017.59
2022-01-14 00:00:00,0.18333333333333238,-3.250000000000001,0.82,10.6904,140.0,15.729700000000001,0.0,1017.46
2022-01-14 01:00:00,-0.3777777777777776,-3.677777777777779,0.87,9.7566,136.0,14.876400000000002,0.0,1017.17
2022-01-14 02:00:00,0.09444444444444539,-3.483333333333333,0.85,11.2056,140.0,15.729700000000001,0.0,1016.94
2022-01-14 03:00:00,-0.43333333333333396,-4.05,0.85,10.8997,139.0,15.729700000000001,0.0,1016.37
2022-01-14 04:00:00,0.0777777777777781,-3.944444444444445,0.83,13.1859,138.0,14.9569,0.0,1015.82
2022-01-14 05:00:00,0.09444444444444539,-3.716666666666667,0.82,12.203800000000001,140.0,16.0517,0.0,1015.37
2022-01-14 06:00:00,-1.0166666666666657,-3.811111111111111,0.81,7.6796999999999995,138.0,16.0517,0.0,1015.17
2022-01-14 07:00:00,-0.21666666666666698,-3.75,0.84,10.7548,116.0,15.1823,0.0,1014.83
2022-01-14 08:00:00,0.9555555555555549,-2.9888888888888885,0.76,13.781600000000001,128.0,16.1,0.0,1015.09
2022-01-14 09:00:00,3.7777777777777763,-0.044444444444443496,0.65,16.985500000000002,120.0,16.1,0.0,1015.09
2022-01-14 10:00:00,4.638888888888889,0.3500000000000014,0.68,22.379,137.0,15.552600000000002,0.0,1014.5
2022-01-14 11:00:00,7.066666666666666,3.099999999999999,0.61,25.9371,149.0,16.1,0.0,1013.88
2022-01-14 12:00:00,8.733333333333333,5.333333333333334,0.55,24.906700000000004,159.0,16.1,0.0,1012.79
2022-01-14 13:00:00,9.844444444444443,6.772222222222221,0.5,24.761800000000004,159.0,15.552600000000002,0.0,1012.1
2022-01-14 14:00:00,9.883333333333333,7.11111111111111,0.51,21.3808,149.0,16.1,0.0,1011.26
2022-01-14 15:00:00,8.838888888888887,6.455555555555554,0.55,15.3433,139.0,16.1,0.0,1010.87
2022-01-14 16:00:00,7.3722222222222245,5.222222222222221,0.59,11.559800000000001,142.0,15.552600000000002,0.0,1010.9
2022-01-14 17:00:00,4.977777777777778,2.261111111111111,0.66,11.930100000000001,140.0,16.0517,0.0,1011.14
2022-01-14 18:00:00,5.0,1.466666666666667,0.65,17.0499,130.0,0.0,0.0,0.0
2022-01-14 19:00:00,4.172222222222221,0.1388888888888889,0.64,19.2395,150.0,15.021300000000002,0.0,1010.82
2022-01-14 20:00:00,4.949999999999998,0.8999999999999986,0.61,20.9944,149.0,15.922900000000002,0.0,1010.74
2022-01-14 21:00:00,5.46111111111111,1.211111111111111,0.61,24.1339,149.0,15.922900000000002,0.0,1010.46
2022-01-14 22:00:00,5.538888888888888,1.427777777777778,0.6,23.0069,150.0,15.150100000000002,0.0,1010.32
2022-01-14 23:00:00,6.038888888888888,2.4000000000000004,0.58,19.9801,149.0,16.1,0.0,1009.85
2022-01-15 00:00:00,5.511111111111112,1.2722222222222217,0.61,24.1661,149.0,16.1,0.0,1009.46
2022-01-15 01:00:00,5.483333333333332,1.849999999999999,0.61,18.724300000000003,150.0,14.9569,0.0,1009.34
2022-01-15 02:00:00,5.416666666666667,1.5833333333333341,0.62,20.2377,159.0,15.826300000000002,0.0,1009.26
2022-01-15 03:00:00,5.416666666666667,1.6944444444444429,0.62,19.32,169.0,15.826300000000002,0.0,1009.18
2022-01-15 04:00:00,5.422222222222221,1.6944444444444429,0.64,19.336100000000002,168.0,14.876400000000002,0.0,1008.86
2022-01-15 05:00:00,4.861111111111111,2.3277777777777766,0.72,10.867500000000001,179.0,9.8049,0.0,1008.69
2022-01-15 06:00:00,4.905555555555555,2.055555555555557,0.83,12.5741,160.0,9.708300000000001,0.0,1008.62
2022-01-15 07:00:00,4.055555555555554,4.055555555555554,0.9,1.7227000000000001,191.0,8.1466,0.0,1009.25
2022-01-15 08:00:00,3.838888888888887,3.838888888888887,0.93,2.9624,56.0,5.957000000000001,0.0,1010.02
2022-01-15 09:00:00,3.9111111111111105,2.2000000000000006,0.92,6.8586,141.0,5.9248,0.0,1010.51
2022-01-15 10:00:00,5.022222222222222,5.022222222222222,0.93,4.5724,228.0,4.1538,0.0,1010.88
2022-01-15 11:00:00,4.949999999999998,2.688888888888891,0.93,9.6761,292.0,4.4919,0.0,1011.14
2022-01-15 12:00:00,5.022222222222222,2.177777777777779,0.93,12.6868,310.0,6.021400000000001,0.0,1011.05
2022-01-15 13:00:00,6.133333333333333,3.177777777777777,0.87,14.860300000000002,318.0,7.293300000000001,0.0,1011.15
2022-01-15 14:00:00,6.061111111111109,3.199999999999999,0.86,14.1841,320.0,9.708300000000001,0.0,1011.23
2022-01-15 15:00:00,5.116666666666667,1.988888888888888,0.85,14.49,319.0,9.9015,0.0,1011.72
2022-01-15 16:00:00,5.116666666666667,2.677777777777778,0.86,10.642100000000001,301.0,9.0965,0.0,1012.55
2022-01-15 17:00:00,4.005555555555556,1.5444444444444452,0.91,9.724400000000001,291.0,9.982000000000001,0.0,1013.13
2022-01-15 18:00:00,3.8833333333333346,1.4444444444444453,0.88,9.563400000000001,282.0,10.2074,0.0,1013.52
2022-01-15 19:00:00,3.8944444444444435,1.988888888888888,0.83,7.5348,297.0,14.007,0.0,1014.33
2022-01-15 20:00:00,2.2888888888888874,0.905555555555557,0.91,5.2808,282.0,15.134000000000002,0.0,1014.5
2022-01-15 21:00:00,2.244444444444444,-0.8555555555555551,0.89,11.0607,271.0,15.134000000000002,0.0,1014.81
2022-01-15 22:00:00,2.1222222222222222,0.39999999999999936,0.9,6.0858,260.0,8.2593,0.0,1015.27
2022-01-15 23:00:00,1.072222222222222,-2.144444444444444,0.89,10.5294,270.0,9.982000000000001,0.0,1015.42
2022-01-16 00:00:00,0.472222222222223,-1.5777777777777777,0.92,6.279,250.0,9.9015,0.0,1015.53
2022-01-16 01:00:00,-0.36111111111111033,-2.166666666666666,0.92,5.4096,252.0,6.7781,0.0,1015.84
2022-01-16 02:00:00,-1.1277777777777784,-1.1277777777777784,0.96,3.1234,213.0,6.118,0.0,1016.2
2022-01-16 03:00:00,-1.2000000000000002,-1.2000000000000002,0.96,3.1878,222.0,4.588500000000001,0.0,1016.5
2022-01-16 04:00:00,-1.0222222222222221,-1.0222222222222221,0.96,3.3649,239.0,2.2701000000000002,0.0,1016.61
2022-01-16 05:00:00,-2.3111111111111113,-2.3111111111111113,0.96,1.61,220.0,0.4025,0.0,1016.5
2022-01-16 06:00:00,-2.333333333333333,-2.333333333333333,0.96,3.1717,170.0,0.5313000000000001,0.0,1016.71
2022-01-16 07:00:00,-2.5999999999999996,-2.5999999999999996,0.93,3.0429,198.0,0.7728,0.0,1017.11
2022-01-16 08:00:00,-2.2888888888888896,-2.2888888888888896,0.96,0.1288,110.0,1.4329,0.0,1017.61
2022-01-16 09:00:00,0.9111111111111114,0.9111111111111114,0.93,4.7495,170.0,2.5277000000000003,0.0,1017.97
2022-01-16 10:00:00,2.6611111111111105,1.5111111111111104,0.89,4.8622000000000005,175.0,4.652900000000001,0.0,1018.01
2022-01-16 11:00:00,4.861111111111111,2.705555555555554,0.78,9.1287,150.0,6.9874,0.0,1017.39
2022-01-16 12:00:00,7.1499999999999995,5.327777777777779,0.72,9.579500000000001,160.0,9.9015,0.0,1017.16
2022-01-16 13:00:00,7.733333333333334,5.499999999999999,0.68,12.525800000000002,160.0,9.9015,0.0,1016.61
2022-01-16 14:00:00,7.288888888888888,4.905555555555555,0.72,12.847800000000001,151.0,15.826300000000002,0.0,1016.24
2022-01-16 15:00:00,7.266666666666666,5.122222222222222,0.71,11.398800000000001,150.0,15.826300000000002,0.0,1016.15
2022-01-16 16:00:00,5.316666666666666,2.9611111111111104,0.8,10.4167,140.0,10.1752,0.0,1016.19
2022-01-16 17:00:00,3.8833333333333346,0.5555555555555556,0.82,14.007,131.0,14.812,0.0,1015.93
2022-01-16 18:00:00,2.755555555555556,-1.083333333333333,0.89,15.488199999999999,131.0,15.649200000000002,0.0,1015.74
2022-01-16 19:00:00,2.805555555555554,-0.561111111111112,0.89,12.8961,140.0,14.7959,0.0,1015.65
2022-01-16 20:00:00,2.2888888888888874,-1.427777777777778,0.85,14.168000000000003,140.0,15.6009,0.0,1015.74
2022-01-16 21:00:00,1.6888888888888884,-2.166666666666666,0.89,14.168000000000003,140.0,14.6832,0.0,1015.34
2022-01-16 22:00:00,1.161111111111113,-2.6611111111111105,0.9,13.379100000000001,140.0,9.3863,0.0,1015.26
2022-01-16 23:00:00,0.5999999999999991,-3.444444444444444,0.92,13.894300000000003,140.0,7.824600000000001,0.0,1014.86
2022-01-17 00:00:00,0.5555555555555556,-3.561111111111111,0.92,14.168000000000003,150.0,6.9069,0.0,1014.75
2022-01-17 01:00:00,0.6611111111111099,-2.677777777777778,0.93,10.6904,150.0,5.313,0.0,1014.66
2022-01-17 02:00:00,0.68888888888889,-2.833333333333334,0.92,11.4954,152.0,4.4275,0.0,1014.21
2022-01-17 03:00:00,0.68888888888889,-2.8388888888888886,0.92,11.527600000000001,160.0,3.9606000000000003,0.0,1014.3
2022-01-17 04:00:00,0.9222222222222203,-2.8611111111111103,0.95,12.9122,160.0,4.1377,0.0,1014.08
2022-01-17 05:00:00,1.2277777777777783,-2.4166666666666674,0.92,12.5419,150.0,3.1073,0.0,1013.9
2022-01-17 06:00:00,1.3611111111111127,-1.9944444444444445,0.91,11.382700000000002,151.0,3.1395,0.0,1013.7
2022-01-17 07:00:00,2.433333333333335,-0.8666666666666659,0.86,12.1555,153.0,3.9284000000000003,0.0,1013.76
2022-01-17 08:00:00,2.383333333333333,-1.0555555555555547,0.91,12.799500000000002,152.0,4.6690000000000005,0.0,1014.08
2022-01-17 09:00:00,3.011111111111112,-0.28888888888888864,0.88,12.783400000000002,152.0,8.1305,0.0,1014.2
2022-01-17 10:00:00,5.383333333333332,2.3444444444444437,0.84,14.312900000000003,162.0,10.1752,0.0,1014.03
2022-01-17 11:00:00,8.850000000000001,6.2333333333333325,0.71,17.2753,171.0,11.3344,0.0,1013.61
2022-01-17 12:00:00,11.05,11.05,0.61,16.9694,162.0,10.255700000000001,0.0,1012.85
2022-01-17 13:00:00,11.005555555555556,11.005555555555556,0.62,11.672500000000001,168.0,15.552600000000002,0.0,1012.62
2022-01-17 14:00:00,11.116666666666665,11.116666666666665,0.61,13.9426,171.0,10.255700000000001,0.0,1012.03
2022-01-17 15:00:00,10.050000000000002,10.050000000000002,0.7,11.012400000000001,161.0,10.255700000000001,0.0,1012.12
2022-01-17 16:00:00,9.011111111111111,7.172222222222221,0.77,11.7369,150.0,15.552600000000002,0.0,1012.23
2022-01-17 17:00:00,7.872222222222224,5.472222222222223,0.75,13.8138,152.0,16.1,0.0,1012.01
2022-01-17 18:00:00,7.783333333333331,5.083333333333332,0.76,15.810200000000002,161.0,15.826300000000002,0.0,1011.94
2022-01-17 19:00:00,7.233333333333336,5.222222222222221,0.8,10.642100000000001,158.0,14.9569,0.0,1012.0
2022-01-17 20:00:00,7.711111111111112,5.027777777777776,0.76,15.568700000000002,151.0,15.922900000000002,0.0,1011.65
2022-01-17 21:00:00,7.200000000000001,5.455555555555556,0.73,9.2414,160.0,9.982000000000001,0.0,1011.64
2022-01-17 22:00:00,6.705555555555556,4.661111111111111,0.79,10.255700000000001,145.0,14.9569,0.0,1011.9
2022-01-17 23:00:00,5.6722222222222225,4.400000000000001,0.86,6.3434,143.0,15.729700000000001,0.0,1011.97
2022-01-18 00:00:00,5.627777777777779,3.299999999999999,0.89,10.5938,151.0,15.729700000000001,0.0,1012.36
2022-01-18 01:00:00,5.8500000000000005,4.644444444444444,0.91,6.230700000000001,141.0,14.876400000000002,0.0,1012.49
2022-01-18 02:00:00,6.161111111111113,3.877777777777776,0.89,10.8997,160.0,14.812,0.0,1012.93
2022-01-18 03:00:00,5.627777777777779,3.299999999999999,0.93,10.6099,131.0,8.1305,0.0,1012.93
2022-01-18 04:00:00,6.205555555555557,4.227777777777778,0.9,9.450700000000001,139.0,9.982000000000001,0.0,1013.01
2022-01-18 05:00:00,6.1833333333333345,3.877777777777776,0.86,11.0607,151.0,14.9086,0.0,1012.75
2022-01-18 06:00:00,6.688888888888888,5.58888888888889,0.86,6.3112,160.0,14.9086,0.0,1012.73
2022-01-18 07:00:00,7.161111111111111,4.8388888888888895,0.88,12.3004,159.0,9.6278,0.0,1012.58
2022-01-18 08:00:00,7.688888888888891,5.794444444444444,0.84,10.465,150.0,9.9015,0.0,1012.86
2022-01-18 09:00:00,7.777777777777778,5.372222222222224,0.89,13.685,150.0,9.9015,0.0,1013.07
2022-01-18 10:00:00,9.766666666666666,8.08888888888889,0.79,11.7047,149.0,9.9015,0.0,1013.32
2022-01-18 11:00:00,9.972222222222223,8.472222222222221,0.83,10.867500000000001,160.0,9.9015,0.0,1013.16
2022-01-18 12:00:00,11.083333333333336,11.083333333333336,0.72,12.2199,150.0,9.9015,0.0,1012.65
2022-01-18 13:00:00,11.22777777777778,11.22777777777778,0.77,10.3523,158.0,10.2718,0.0,1012.1
2022-01-18 14:00:00,12.233333333333336,12.233333333333336,0.74,11.125100000000002,149.0,9.982000000000001,0.0,1011.56
2022-01-18 15:00:00,11.194444444444445,11.194444444444445,0.8,11.012400000000001,139.0,9.982000000000001,0.0,1011.76
2022-01-18 16:00:00,11.333333333333334,11.333333333333334,0.81,12.9122,130.0,10.3523,0.0,1011.8
2022-01-18 17:00:00,11.083333333333336,11.083333333333336,0.8,14.023100000000003,140.0,11.9784,0.0,1011.77
2022-01-18 18:00:00,9.972222222222223,8.238888888888887,0.86,12.4131,140.0,9.982000000000001,0.0,1011.85
2022-01-18 19:00:00,10.02222222222222,10.02222222222222,0.83,13.3469,142.0,14.9569,0.0,1011.9
2022-01-18 20:00:00,9.005555555555556,7.03888888888889,0.83,12.5419,141.0,9.982000000000001,0.0,1011.95
2022-01-18 21:00:00,9.444444444444445,7.3666666666666645,0.8,14.023100000000003,141.0,15.826300000000002,0.0,1012.05
2022-01-18 22:00:00,8.38888888888889,6.672222222222221,0.84,10.2879,144.0,14.9569,0.0,1012.18
2022-01-18 23:00:00,7.8500000000000005,5.899999999999999,0.86,10.948,140.0,15.826300000000002,0.0,1011.75
2022-01-19 00:00:00,7.799999999999999,5.86111111111111,0.86,10.851400000000002,141.0,14.9086,0.0,1011.57
2022-01-19 01:00:00,7.788888888888891,5.994444444444444,0.87,10.0786,144.0,14.168000000000003,0.0,1011.69
2022-01-19 02:00:00,7.688888888888891,5.772222222222222,0.84,10.5938,140.0,15.826300000000002,0.0,1011.65
2022-01-19 03:00:00,5.605555555555558,3.255555555555555,0.89,10.706500000000002,140.0,14.812,0.0,1011.75
2022-01-19 04:00:00,5.505555555555554,3.2722222222222226,0.88,10.0464,129.0,14.0875,0.0,1011.41
2022-01-19 05:00:00,4.977777777777778,2.5,0.87,10.6904,130.0,14.812,0.0,1011.08
2022-01-19 06:00:00,3.9611111111111126,1.1999999999999982,0.92,11.0607,140.0,9.853200000000001,0.0,1011.04
2022-01-19 07:00:00,5.38888888888889,3.0277777777777795,0.87,10.5455,150.0,9.8693,0.0,1010.77
2022-01-19 08:00:00,7.244444444444444,4.444444444444445,0.79,15.633100000000002,149.0,9.9015,0.0,1010.53
2022-01-19 09:00:00,8.81111111111111,6.222222222222224,0.83,16.9694,140.0,15.826300000000002,0.0,1010.81
2022-01-19 10:00:00,10.016666666666667,10.016666666666667,0.78,19.6098,143.0,9.982000000000001,0.0,1010.31
2022-01-19 11:00:00,12.07222222222222,12.07222222222222,0.73,20.0928,141.0,9.982000000000001,0.0,1009.66
2022-01-19 12:00:00,12.722222222222221,12.722222222222221,0.72,23.167900000000003,160.0,10.2074,0.0,1009.24
2022-01-19 13:00:00,12.877777777777778,12.877777777777778,0.69,22.4917,159.0,15.552600000000002,0.0,1008.58
2022-01-19 14:00:00,12.772222222222224,12.772222222222224,0.69,15.2145,148.0,10.255700000000001,0.0,1007.94
2022-01-19 15:00:00,12.238888888888889,12.238888888888889,0.72,15.391600000000002,158.0,10.2074,0.0,1007.93
2022-01-19 16:00:00,12.166666666666666,12.166666666666666,0.72,20.511400000000002,152.0,10.0625,0.0,1007.97
2022-01-19 17:00:00,12.100000000000001,12.100000000000001,0.67,19.4971,159.0,9.982000000000001,0.0,1007.76
2022-01-19 18:00:00,11.988888888888887,11.988888888888887,0.68,24.922800000000002,178.0,9.982000000000001,0.0,1007.47
2022-01-19 19:00:00,11.055555555555555,11.055555555555555,0.78,12.5097,159.0,9.982000000000001,0.0,1007.58
2022-01-19 20:00:00,12.055555555555557,12.055555555555557,0.75,22.6366,169.0,9.982000000000001,0.0,1007.52
2022-01-19 21:00:00,11.183333333333334,11.183333333333334,0.8,20.4953,171.0,15.826300000000002,0.0,1007.31
2022-01-19 22:00:00,10.038888888888888,10.038888888888888,0.86,23.6509,150.0,14.9569,0.0,1007.33
2022-01-19 23:00:00,9.444444444444445,7.011111111111109,0.86,16.9694,140.0,15.826300000000002,0.0,1006.63
2022-01-20 00:00:00,9.422222222222224,6.961111111111112,0.84,17.1304,140.0,15.826300000000002,0.0,1005.85
2022-01-20 01:00:00,9.905555555555555,6.700000000000001,0.85,26.7743,158.0,9.982000000000001,0.0,1005.81
2022-01-20 02:00:00,9.422222222222224,6.005555555555556,0.84,27.6115,159.0,15.826300000000002,0.0,1005.26
2022-01-20 03:00:00,8.88888888888889,5.555555555555555,0.89,24.6491,159.0,14.9086,0.0,1005.05
2022-01-20 04:00:00,8.88888888888889,5.922222222222221,0.9,20.6885,149.0,9.7888,0.0,1004.42
2022-01-20 05:00:00,8.794444444444444,6.205555555555557,0.9,16.9533,140.0,15.552600000000002,0.0,1003.96
2022-01-20 06:00:00,7.755555555555556,5.094444444444445,0.9,15.520400000000002,140.0,15.552600000000002,0.0,1003.66
2022-01-20 07:00:00,7.811111111111113,5.46111111111111,0.9,13.363000000000001,141.0,13.9426,0.0,1003.85
2022-01-20 08:00:00,7.755555555555556,5.450000000000001,0.89,12.992700000000001,148.0,15.6009,0.0,1003.66
2022-01-20 09:00:00,8.844444444444445,5.866666666666668,0.84,20.6885,159.0,15.6009,0.0,1004.05
2022-01-20 10:00:00,9.955555555555556,7.722222222222222,0.84,16.2771,159.0,15.166200000000002,0.0,1004.09
2022-01-20 11:00:00,11.038888888888888,11.038888888888888,0.8,15.488199999999999,169.0,15.826300000000002,0.0,1004.06
2022-01-20 12:00:00,12.105555555555554,12.105555555555554,0.8,15.504300000000002,160.0,15.826300000000002,0.0,1003.67
2022-01-20 13:00:00,14.772222222222224,14.772222222222224,0.76,13.9587,162.0,10.5455,0.0,1003.03
2022-01-20 14:00:00,13.883333333333335,13.883333333333335,0.72,13.910400000000001,160.0,9.982000000000001,0.0,1002.66
2022-01-20 15:00:00,12.844444444444443,12.844444444444443,0.76,13.9587,160.0,15.826300000000002,0.0,1003.05
2022-01-20 16:00:00,12.388888888888888,12.388888888888888,0.83,12.380900000000002,151.0,10.577700000000002,0.0,1003.4
2022-01-20 17:00:00,12.17222222222222,12.17222222222222,0.8,13.9265,150.0,10.255700000000001,0.0,1003.36
2022-01-20 18:00:00,11.038888888888888,11.038888888888888,0.8,11.930100000000001,160.0,9.982000000000001,0.0,1003.56
2022-01-20 19:00:00,10.005555555555553,10.005555555555553,0.87,18.2896,159.0,9.982000000000001,0.0,1003.73
2022-01-20 20:00:00,8.955555555555556,7.033333333333331,0.89,12.203800000000001,160.0,15.826300000000002,0.0,1003.85
2022-01-20 21:00:00,8.377777777777776,6.0888888888888895,0.86,13.7977,150.0,15.826300000000002,0.0,1003.94
2022-01-20 22:00:00,8.383333333333335,5.777777777777777,0.87,16.261,151.0,14.023100000000003,0.0,1004.36
2022-01-20 23:00:00,8.266666666666667,5.211111111111112,0.87,19.931800000000003,160.0,14.731500000000002,0.0,1004.35
2022-01-21 00:00:00,7.733333333333334,5.3,0.89,13.846,150.0,11.8496,0.0,1004.09
2022-01-21 01:00:00,7.799999999999999,5.905555555555557,0.88,10.6099,147.0,11.6081,0.0,1003.92
2022-01-21 02:00:00,7.688888888888891,5.177777777777778,0.89,14.2807,149.0,14.731500000000002,0.0,1003.78
2022-01-21 03:00:00,7.688888888888891,5.172222222222223,0.89,14.3451,140.0,14.731500000000002,0.0,1003.78
2022-01-21 04:00:00,7.705555555555555,5.311111111111113,0.9,13.491800000000001,129.0,14.023100000000003,0.0,1003.52
2022-01-21 05:00:00,7.200000000000001,3.827777777777778,0.87,20.2699,130.0,9.8049,0.0,1003.58
2022-01-21 06:00:00,7.200000000000001,4.238888888888891,0.87,16.8084,129.0,11.801300000000001,0.0,1003.49
2022-01-21 07:00:00,7.155555555555556,4.9333333333333345,0.88,11.7208,130.0,9.837100000000001,0.0,1003.45
2022-01-21 08:00:00,7.200000000000001,5.3999999999999995,0.87,9.5151,110.0,14.6832,0.0,1003.61
2022-01-21 09:00:00,7.244444444444444,4.9833333333333325,0.87,12.058900000000001,129.0,14.7637,0.0,1003.81
2022-01-21 10:00:00,7.844444444444444,6.022222222222224,0.9,10.255700000000001,147.0,9.982000000000001,0.0,1003.98
2022-01-21 11:00:00,8.816666666666666,7.26111111111111,0.84,9.853200000000001,149.0,9.982000000000001,0.0,1004.02
2022-01-21 12:00:00,8.866666666666667,7.583333333333333,0.83,8.5169,158.0,9.982000000000001,0.0,1003.91
2022-01-21 13:00:00,8.933333333333332,8.933333333333332,0.89,4.6851,167.0,9.982000000000001,0.0,1003.65
2022-01-21 14:00:00,8.822222222222223,8.822222222222223,0.89,0.4669,347.0,9.982000000000001,0.0,1003.44
2022-01-21 15:00:00,8.822222222222223,8.822222222222223,0.89,3.5903,350.0,9.982000000000001,0.0,1003.74
2022-01-21 16:00:00,8.766666666666667,8.766666666666667,0.9,3.0268,336.0,8.3076,0.0,1004.23
2022-01-21 17:00:00,7.755555555555556,6.4111111111111105,0.96,7.905100000000001,348.0,5.0393,0.0,1005.25
2022-01-21 18:00:00,7.711111111111112,6.3166666666666655,0.96,8.0822,339.0,4.025,0.0,1004.86
2022-01-21 19:00:00,7.650000000000002,7.650000000000002,0.96,4.652900000000001,319.0,4.524100000000001,0.0,1005.22
2022-01-21 20:00:00,7.616666666666668,6.111111111111111,0.96,8.500800000000002,293.0,3.9606000000000003,0.0,1005.47
2022-01-21 21:00:00,7.105555555555555,4.961111111111111,0.96,11.2217,300.0,6.118,0.0,1005.87
2022-01-21 22:00:00,7.033333333333331,4.533333333333331,0.93,13.2664,302.0,6.3756,0.0,1006.32
2022-01-21 23:00:00,6.016666666666666,3.0944444444444446,0.93,14.49,300.0,6.1985,0.0,1006.86
2022-01-22 00:00:00,5.511111111111112,1.7055555555555557,0.93,20.2055,309.0,5.216400000000001,0.0,1007.26
2022-01-22 01:00:00,4.972222222222224,1.1333333333333329,0.94,19.32,301.0,6.3112,0.0,1007.4
2022-01-22 02:00:00,4.4222222222222225,0.3111111111111124,0.89,20.3504,300.0,7.212800000000001,0.0,1007.65
2022-01-22 03:00:00,4.4222222222222225,0.7166666666666662,0.89,17.243100000000002,309.0,15.826300000000002,0.0,1007.84
2022-01-22 04:00:00,4.388888888888888,0.4166666666666667,0.87,19.191200000000002,300.0,14.9569,0.0,1008.14
2022-01-22 05:00:00,3.888888888888889,0.7333333333333335,0.89,13.0249,290.0,9.982000000000001,0.0,1008.23
2022-01-22 06:00:00,3.816666666666665,0.21111111111111253,0.89,15.633100000000002,281.0,9.982000000000001,0.0,1008.64
2022-01-22 07:00:00,3.811111111111111,0.0611111111111108,0.89,16.5508,279.0,9.982000000000001,0.0,1009.13
2022-01-22 08:00:00,2.7999999999999994,-1.7166666666666666,0.89,20.2055,280.0,9.982000000000001,0.0,1009.54
2022-01-22 09:00:00,3.8611111111111125,-0.39999999999999936,0.82,20.4148,280.0,9.982000000000001,0.0,1010.32
2022-01-22 10:00:00,4.000000000000002,-0.46666666666666656,0.82,22.362900000000003,288.0,10.3523,0.0,1010.98
2022-01-22 11:00:00,4.927777777777776,0.7555555555555552,0.76,21.992600000000003,290.0,9.9015,0.0,1011.32
2022-01-22 12:00:00,4.972222222222224,0.816666666666666,0.76,21.960400000000003,299.0,9.9015,0.0,1011.04
2022-01-22 13:00:00,6.066666666666667,2.3000000000000003,0.75,21.1715,297.0,10.3523,0.0,1011.22
2022-01-22 14:00:00,6.038888888888888,2.727777777777776,0.71,17.259200000000003,309.0,9.982000000000001,0.0,1011.23
2022-01-22 15:00:00,6.038888888888888,3.1444444444444426,0.71,14.3451,318.0,9.982000000000001,0.0,1011.63
2022-01-22 16:00:00,6.066666666666667,3.0388888888888883,0.7,15.295000000000002,302.0,10.3523,0.0,1012.12
2022-01-22 17:00:00,4.927777777777776,2.077777777777779,0.71,12.590200000000001,308.0,10.2074,0.0,1012.9
2022-01-22 18:00:00,3.838888888888887,1.7499999999999991,0.82,8.1305,280.0,10.2074,0.0,1013.42
2022-01-22 19:00:00,3.066666666666668,1.6000000000000014,0.82,5.7799000000000005,256.0,14.9569,0.0,1013.94
2022-01-22 20:00:00,2.7999999999999994,2.7999999999999994,0.82,4.717300000000001,227.0,15.826300000000002,0.0,1014.21
2022-01-22 21:00:00,2.7722222222222235,1.0111111111111113,0.82,6.4722,246.0,15.826300000000002,0.0,1014.7
2022-01-22 22:00:00,2.950000000000001,1.0777777777777766,0.86,6.8908000000000005,261.0,14.9569,0.0,1015.09
2022-01-22 23:00:00,2.7999999999999994,-0.19444444444444522,0.85,11.0446,281.0,15.826300000000002,0.0,1015.3
2022-01-23 00:00:00,2.7500000000000018,-0.22777777777777786,0.82,10.948,300.0,15.826300000000002,0.0,1015.51
2022-01-23 01:00:00,2.8611111111111103,1.2777777777777761,0.83,6.021400000000001,295.0,14.9569,0.0,1015.66
2022-01-23 02:00:00,2.194444444444446,0.40555555555555384,0.85,6.3112,281.0,15.729700000000001,0.0,1015.9
2022-01-23 03:00:00,2.6333333333333346,0.9277777777777787,0.8,6.262900000000001,309.0,15.729700000000001,0.0,1015.92
2022-01-23 04:00:00,2.2000000000000006,0.5444444444444427,0.83,5.9409,286.0,14.876400000000002,0.0,1016.25
2022-01-23 05:00:00,2.077777777777779,-0.688888888888888,0.8,9.499,319.0,9.9015,0.0,1016.53
2022-01-23 06:00:00,2.1000000000000005,-0.6166666666666664,0.8,9.321900000000001,319.0,9.853200000000001,0.0,1016.72
2022-01-23 07:00:00,2.133333333333335,-0.7500000000000008,0.8,10.0142,340.0,14.023100000000003,0.0,1017.06
2022-01-23 08:00:00,2.077777777777779,-0.6500000000000009,0.8,9.338000000000001,301.0,14.6349,0.0,1017.42
2022-01-23 09:00:00,2.1499999999999986,-0.5333333333333338,0.79,9.2253,340.0,9.6117,0.0,1018.11
2022-01-23 10:00:00,2.3000000000000003,0.33333333333333415,0.8,6.8586,309.0,9.6922,0.0,1018.7
2022-01-23 11:00:00,2.7999999999999994,0.6277777777777792,0.76,7.776300000000001,309.0,9.7566,0.0,1019.01
2022-01-23 12:00:00,2.7999999999999994,0.6055555555555574,0.76,7.856800000000001,319.0,9.7566,0.0,1018.8
2022-01-23 13:00:00,2.944444444444443,2.944444444444443,0.76,3.7835000000000005,310.0,9.7888,0.0,1018.69
2022-01-23 14:00:00,2.822222222222221,2.822222222222221,0.76,3.5420000000000007,322.0,9.7566,0.0,1018.2
2022-01-23 15:00:00,2.822222222222221,2.822222222222221,0.75,3.22,14.0,9.7566,0.0,1018.21
2022-01-23 16:00:00,2.9611111111111104,2.9611111111111104,0.76,0.5313000000000001,353.0,9.708300000000001,0.0,1018.74
2022-01-23 17:00:00,2.7500000000000018,0.994444444444444,0.82,6.44,50.0,9.708300000000001,0.0,1019.11
2022-01-23 18:00:00,2.727777777777776,1.5888888888888886,0.82,4.8461,54.0,9.708300000000001,0.0,1019.4
2022-01-23 19:00:00,2.7500000000000018,0.3722222222222232,0.81,8.4847,49.0,9.708300000000001,0.0,1019.33
2022-01-23 20:00:00,2.1499999999999986,-0.23888888888888873,0.85,8.1305,62.0,9.6117,0.0,1019.71
2022-01-23 21:00:00,2.1499999999999986,2.1499999999999986,0.89,3.5420000000000007,62.0,9.708300000000001,0.0,1019.89
2022-01-23 22:00:00,1.772222222222221,-1.2444444444444436,0.88,10.255700000000001,70.0,9.9015,0.0,1019.57
2022-01-23 23:00:00,1.1055555555555567,-2.2222222222222223,0.89,11.0285,42.0,8.1305,0.0,1019.33
2022-01-24 00:00:00,0.5500000000000012,-2.872222222222223,0.91,10.948,61.0,8.1305,0.0,1019.39
2022-01-24 01:00:00,0.7388888888888879,-1.3944444444444453,0.9,6.6332,71.0,7.631400000000001,0.0,1019.11
2022-01-24 02:00:00,0.016666666666667298,-3.616666666666668,0.88,11.382700000000002,71.0,7.212800000000001,0.0,1018.89
2022-01-24 03:00:00,-0.027777777777778172,-1.5722222222222213,0.85,4.9427,74.0,7.212800000000001,0.0,1018.41
2022-01-24 04:00:00,-0.41111111111111026,-4.0,0.89,10.835300000000002,57.0,5.957000000000001,0.0,1018.19
2022-01-24 05:00:00,-1.0944444444444439,-5.205555555555557,0.88,12.4131,62.0,3.8318,0.0,1017.7
2022-01-24 06:00:00,-1.1166666666666676,-5.861111111111111,0.88,15.488199999999999,61.0,6.295100000000001,0.0,1017.2
2022-01-24 07:00:00,-0.9833333333333331,-5.900000000000001,0.84,16.5669,51.0,7.2772,0.0,1016.84
2022-01-24 08:00:00,-1.1388888888888893,-6.705555555555556,0.82,20.334300000000002,51.0,8.05,0.0,1016.31
2022-01-24 09:00:00,-1.1388888888888893,-5.927777777777779,0.88,15.681400000000002,42.0,8.1305,0.0,1015.82
2022-01-24 10:00:00,-0.9500000000000005,-5.894444444444444,0.88,16.8084,51.0,7.631400000000001,0.0,1015.51
2022-01-24 11:00:00,-0.07222222222222167,-4.650000000000001,0.84,15.922900000000002,50.0,9.064300000000001,0.0,1015.33
2022-01-24 12:00:00,-0.07222222222222167,-5.955555555555555,0.75,24.777900000000002,50.0,9.982000000000001,0.0,1013.95
2022-01-24 13:00:00,0.09999999999999984,-5.661111111111111,0.83,24.1983,42.0,6.488300000000001,0.0,1013.3
2022-01-24 14:00:00,-0.07222222222222167,-6.627777777777777,0.76,30.815400000000004,31.0,8.05,0.0,1012.27
2022-01-24 15:00:00,-0.11666666666666714,-7.0055555555555555,0.76,34.0193,31.0,9.7566,0.0,1011.21
2022-01-24 16:00:00,-1.0055555555555549,-7.849999999999999,0.81,30.815400000000004,30.0,6.5849,0.0,1010.84
2022-01-24 17:00:00,-1.2055555555555566,-8.283333333333333,0.82,32.4898,40.0,4.83,0.0,1010.79
2022-01-24 18:00:00,-2.244444444444444,-8.966666666666667,0.96,26.5328,31.0,3.4454000000000002,0.0,1010.77
2022-01-24 19:00:00,-2.1333333333333333,-8.694444444444445,0.96,25.5185,30.0,1.4973,0.0,1010.65
2022-01-24 20:00:00,-2.2222222222222223,-9.105555555555556,0.95,27.9174,30.0,1.8837,0.0,1010.0
2022-01-24 21:00:00,-1.7111111111111101,-8.083333333333334,0.92,24.955000000000002,30.0,1.449,0.0,1009.91
2022-01-24 22:00:00,-1.6111111111111103,-7.849999999999999,0.93,24.1661,29.0,1.4651,0.0,1009.56
2022-01-24 23:00:00,-1.7388888888888883,-7.522222222222221,0.96,20.7207,20.0,1.8998,0.0,1009.42
2022-01-25 00:00:00,-1.7388888888888883,-7.583333333333333,0.96,21.1232,19.0,1.7710000000000004,0.0,1009.4
2022-01-25 01:00:00,-2.066666666666666,-7.733333333333334,0.93,19.4005,10.0,1.8354,0.0,1009.16
2022-01-25 02:00:00,-2.805555555555556,-9.522222222222222,0.95,25.2448,11.0,1.5617,0.0,1009.59
2022-01-25 03:00:00,-3.311111111111112,-10.133333333333335,0.92,24.922800000000002,11.0,2.5921000000000003,0.0,1009.51
2022-01-25 04:00:00,-3.511111111111111,-9.516666666666667,0.93,19.2073,18.0,2.2057,0.0,1009.53
2022-01-25 05:00:00,-3.822222222222221,-10.566666666666666,0.92,23.345000000000002,10.0,3.9284000000000003,0.0,1009.79
2022-01-25 06:00:00,-3.822222222222221,-10.972222222222221,0.92,26.2591,10.0,2.5438,0.0,1009.81
2022-01-25 07:00:00,-3.75,-10.06111111111111,0.92,20.6724,8.0,3.3649,0.0,1010.32
2022-01-25 08:00:00,-3.822222222222221,-9.261111111111113,0.92,15.7458,10.0,3.0429,0.0,1010.96
2022-01-25 09:00:00,-3.822222222222221,-9.527777777777779,0.92,17.0982,1.0,1.4973,0.0,1011.18
2022-01-25 10:00:00,-3.8055555555555562,-9.83888888888889,0.92,18.9497,349.0,2.898,0.0,1011.77
2022-01-25 11:00:00,-3.866666666666667,-7.788888888888888,0.92,9.595600000000001,351.0,2.0769,0.0,1012.45
2022-01-25 12:00:00,-3.8444444444444454,-8.216666666666665,0.91,11.1734,0.0,2.5921000000000003,0.0,1012.34
2022-01-25 13:00:00,-3.7722222222222217,-8.711111111111112,0.92,13.491800000000001,350.0,2.5760000000000005,0.0,1012.31
2022-01-25 14:00:00,-3.888888888888889,-7.838888888888889,0.91,9.6761,351.0,3.4454000000000002,0.0,1012.25
2022-01-25 15:00:00,-3.888888888888889,-9.227777777777778,0.83,15.1823,340.0,3.7835000000000005,0.0,1012.45
2022-01-25 16:00:00,-3.861111111111111,-7.983333333333334,0.85,10.239600000000001,348.0,5.0876,0.0,1012.79
2022-01-25 17:00:00,-4.955555555555557,-9.033333333333331,0.91,9.4185,350.0,6.9391,0.0,1013.04
2022-01-25 18:00:00,-4.955555555555557,-8.877777777777778,0.91,8.9677,292.0,6.1985,0.0,1013.63
2022-01-25 19:00:00,-4.922222222222222,-8.233333333333333,0.92,7.3094,5.0,7.4543,0.0,1013.86
2022-01-25 20:00:00,-5.027777777777778,-5.027777777777778,0.84,1.7227000000000001,337.0,9.7566,0.0,1013.93
2022-01-25 21:00:00,-5.050000000000001,-10.505555555555555,0.91,14.49,330.0,9.6761,0.0,1014.23
2022-01-25 22:00:00,-5.066666666666667,-5.066666666666667,0.92,2.6565,242.0,9.321900000000001,0.0,1014.56
2022-01-25 23:00:00,-5.666666666666667,-10.183333333333332,0.91,10.384500000000001,281.0,4.395300000000001,0.0,1014.34
2022-01-26 00:00:00,-5.783333333333333,-8.627777777777778,0.87,5.957000000000001,293.0,4.8461,0.0,1014.42
2022-01-26 01:00:00,-6.805555555555555,-11.238888888888889,0.89,9.450700000000001,270.0,6.1019000000000005,0.0,1014.19
2022-01-26 02:00:00,-7.3999999999999995,-10.450000000000001,0.92,5.892600000000001,271.0,9.6761,0.0,1013.82
2022-01-26 03:00:00,-7.466666666666667,-10.511111111111113,0.88,5.8604,280.0,9.6761,0.0,1013.32
2022-01-26 04:00:00,-8.36111111111111,-11.3,0.89,5.425700000000001,269.0,13.894300000000003,0.0,1013.0
2022-01-26 05:00:00,-8.838888888888889,-12.822222222222221,0.84,7.357700000000001,240.0,9.6761,0.0,1012.82
2022-01-26 06:00:00,-8.838888888888889,-8.838888888888889,0.84,1.5134,308.0,9.6761,0.0,1013.1
2022-01-26 07:00:00,-8.827777777777778,-8.827777777777778,0.85,2.9463000000000004,323.0,6.5849,0.0,1013.3
2022-01-26 08:00:00,-8.816666666666668,-8.816666666666668,0.84,3.1717,252.0,4.9910000000000005,0.0,1013.34
2022-01-26 09:00:00,-7.727777777777778,-11.583333333333334,0.84,7.486500000000001,280.0,5.0876,0.0,1014.11
2022-01-26 10:00:00,-7.827777777777778,-7.827777777777778,0.84,3.0751,301.0,6.7298,0.0,1014.36
2022-01-26 11:00:00,-6.133333333333333,-6.133333333333333,0.81,3.2522,19.0,5.1359,0.0,1014.3
2022-01-26 12:00:00,-6.111111111111111,-6.111111111111111,0.88,4.781700000000001,5.0,5.216400000000001,0.0,1013.41
2022-01-26 13:00:00,-5.238888888888889,-8.427777777777779,0.84,6.8908000000000005,42.0,5.9248,0.0,1012.81
2022-01-26 14:00:00,-5.0,-9.488888888888887,0.83,10.7387,50.0,5.216400000000001,0.0,1012.36
2022-01-26 15:00:00,-5.0,-9.0,0.83,9.160900000000002,10.0,5.1681,0.0,1012.85
2022-01-26 16:00:00,-4.394444444444444,-7.227777777777779,0.79,6.3756,15.0,5.8604,0.0,1013.18
2022-01-26 17:00:00,-5.094444444444445,-9.166666666666666,0.84,9.321900000000001,18.0,5.1359,0.0,1013.35
2022-01-26 18:00:00,-5.166666666666667,-9.133333333333333,0.84,8.9677,10.0,7.0357,0.0,1013.76
2022-01-26 19:00:00,-6.205555555555557,-10.622222222222222,0.92,9.7405,339.0,7.406,0.0,1013.85
2022-01-26 20:00:00,-7.327777777777778,-7.327777777777778,0.95,3.0751,340.0,6.9391,0.0,1013.94
2022-01-26 21:00:00,-7.877777777777778,-11.13888888888889,0.92,6.1502,330.0,6.8264000000000005,0.0,1014.11
2022-01-26 22:00:00,-7.827777777777778,-10.799999999999999,0.96,5.6028,7.0,4.8461,0.0,1013.78
2022-01-26 23:00:00,-8.155555555555557,-8.155555555555557,0.92,3.0751,0.0,4.3631,0.0,1013.38
2022-01-27 00:00:00,-10.16111111111111,-10.16111111111111,0.92,1.6744,299.0,0.7084,0.0,1013.5
2022-01-27 01:00:00,-8.983333333333334,-8.983333333333334,0.93,2.6082000000000005,123.0,1.61,0.0,1012.69
2022-01-27 02:00:00,-8.7,-12.227777777777776,0.92,6.44,300.0,0.5474000000000001,0.0,1012.15
2022-01-27 03:00:00,-8.261111111111113,-8.261111111111113,0.88,3.22,280.0,0.5313000000000001,0.0,1011.71
2022-01-27 04:00:00,-8.1,-8.1,0.92,3.2039,269.0,1.8676,0.0,1010.98
2022-01-27 05:00:00,-7.722222222222222,-7.722222222222222,0.88,3.2039,149.0,0.8533000000000001,0.0,1010.71
2022-01-27 06:00:00,-7.677777777777777,-7.677777777777777,0.95,3.0751,220.0,2.5760000000000005,0.0,1010.14
2022-01-27 07:00:00,-7.494444444444444,-7.494444444444444,0.96,2.9624,221.0,3.1234,0.0,1010.09
2022-01-27 08:00:00,-6.566666666666666,-6.566666666666666,0.88,3.0751,190.0,2.5438,0.0,1009.91
2022-01-27 09:00:00,-6.4111111111111105,-6.4111111111111105,0.92,2.9302,160.0,3.0107000000000004,0.0,1009.61
2022-01-27 10:00:00,-5.177777777777778,-5.177777777777778,0.86,1.0304,242.0,2.8497000000000003,0.0,1009.33
2022-01-27 11:00:00,-4.077777777777778,-4.077777777777778,0.79,3.22,120.0,4.8461,0.0,1009.01
2022-01-27 12:00:00,-3.9611111111111104,-3.9611111111111104,0.75,3.1073,94.0,3.9606000000000003,0.0,1008.31
2022-01-27 13:00:00,-3.944444444444445,-3.944444444444445,0.8,1.0465000000000002,88.0,2.8336,0.0,1008.01
2022-01-27 14:00:00,-3.9166666666666665,-3.9166666666666665,0.84,4.3309,333.0,3.0751,0.0,1007.32
2022-01-27 15:00:00,-3.9166666666666665,-7.222222222222222,0.84,7.7440999999999995,41.0,3.0751,0.0,1007.2
2022-01-27 16:00:00,-4.916666666666668,-8.255555555555555,0.92,7.3899,45.0,2.9141000000000004,0.0,1006.97
2022-01-27 17:00:00,-4.977777777777778,-8.455555555555556,0.84,7.711900000000001,79.0,3.0751,0.0,1007.01
2022-01-27 18:00:00,-4.977777777777778,-4.977777777777778,0.84,4.7495,50.0,3.0751,0.0,1007.02
2022-01-27 19:00:00,-4.933333333333333,-4.933333333333333,0.86,2.9785000000000004,314.0,3.0912,0.0,1007.05
2022-01-27 20:00:00,-4.977777777777778,-4.977777777777778,0.91,3.2361,346.0,3.5259,0.0,1007.01
2022-01-27 21:00:00,-4.977777777777778,-4.977777777777778,0.88,3.22,340.0,3.4937,0.0,1006.51
2022-01-27 22:00:00,-5.072222222222221,-5.072222222222221,0.9,2.8658,354.0,3.6547,0.0,1006.39
2022-01-27 23:00:00,-4.977777777777778,-4.977777777777778,0.88,3.3327,327.0,3.0429,0.0,1006.41
2022-01-28 00:00:00,-4.977777777777778,-4.977777777777778,0.88,3.3649,329.0,2.5760000000000005,0.0,1006.31
2022-01-28 01:00:00,-5.027777777777778,-5.027777777777778,0.93,1.9642000000000002,340.0,2.6726,0.0,1006.26
2022-01-28 02:00:00,-4.927777777777779,-4.927777777777779,0.91,3.1878,328.0,2.5438,0.0,1005.8
2022-01-28 03:00:00,-4.927777777777779,-4.927777777777779,0.91,3.3488,318.0,2.5438,0.0,1005.5
2022-01-28 04:00:00,-4.98888888888889,-4.98888888888889,0.92,3.22,335.0,3.1717,0.0,1005.51
2022-01-28 05:00:00,-4.927777777777779,-7.872222222222224,0.92,6.44,280.0,2.5438,0.0,1005.5
2022-01-28 06:00:00,-4.927777777777779,-4.927777777777779,0.92,1.8193,257.0,3.0107000000000004,0.0,1005.4
2022-01-28 07:00:00,-4.861111111111111,-4.861111111111111,0.92,0.1449,129.0,2.5599000000000003,0.0,1005.59
2022-01-28 08:00:00,-4.927777777777779,-4.927777777777779,0.92,1.61,190.0,1.8998,0.0,1005.49
2022-01-28 09:00:00,-3.8388888888888886,-3.8388888888888886,0.84,3.1234,193.0,1.932,0.0,1005.69
2022-01-28 10:00:00,-2.9555555555555557,-2.9555555555555557,0.81,3.0107000000000004,172.0,2.5599000000000003,0.0,1006.1
2022-01-28 11:00:00,-2.755555555555556,-2.755555555555556,0.78,2.9302,198.0,4.3631,0.0,1005.8
2022-01-28 12:00:00,-2.7333333333333343,-2.7333333333333343,0.78,4.6851,150.0,4.3631,0.0,1005.67
2022-01-28 13:00:00,-2.7888888888888888,-2.7888888888888888,0.79,3.3649,145.0,5.4418,0.0,1005.17
2022-01-28 14:00:00,-2.7333333333333343,-2.7333333333333343,0.78,1.7710000000000004,151.0,5.9731000000000005,0.0,1004.88
2022-01-28 15:00:00,-2.7777777777777777,-5.95,0.79,7.905100000000001,121.0,6.9069,0.0,1004.59
2022-01-28 16:00:00,-2.8888888888888884,-5.822222222222223,0.8,7.1967,105.0,5.6672,0.0,1004.81
2022-01-28 17:00:00,-2.7999999999999994,-2.7999999999999994,0.79,4.7656,121.0,5.9731000000000005,0.0,1004.9
2022-01-28 18:00:00,-2.7999999999999994,-5.816666666666666,0.85,7.4704,33.0,5.9731000000000005,0.0,1005.38
2022-01-28 19:00:00,-2.994444444444445,-6.199999999999999,0.81,7.905100000000001,59.0,5.6672,0.0,1005.11
2022-01-28 20:00:00,-2.872222222222223,-6.0,0.79,7.7440999999999995,71.0,5.9731000000000005,0.0,1005.1
2022-01-28 21:00:00,-2.872222222222223,-6.894444444444444,0.79,10.5938,80.0,5.9248,0.0,1005.13
2022-01-28 22:00:00,-2.905555555555556,-6.844444444444445,0.83,10.2718,49.0,5.506200000000001,0.0,1005.05
2022-01-28 23:00:00,-3.377777777777777,-7.6000000000000005,0.81,10.948,50.0,5.9087000000000005,0.0,1004.85
2022-01-29 00:00:00,-3.355555555555555,-7.566666666666667,0.81,10.9158,41.0,5.9087000000000005,0.0,1004.94
2022-01-29 01:00:00,-3.2888888888888896,-5.750000000000001,0.86,5.9248,44.0,5.618900000000001,0.0,1005.23
2022-01-29 02:00:00,-3.355555555555555,-7.6000000000000005,0.85,11.0446,41.0,4.83,0.0,1005.52
2022-01-29 03:00:00,-3.377777777777777,-6.105555555555554,0.86,6.488300000000001,31.0,4.8139,0.0,1005.44
2022-01-29 04:00:00,-3.3722222222222222,-5.5055555555555555,0.89,5.216400000000001,20.0,3.0107000000000004,0.0,1005.39
2022-01-29 05:00:00,-2.872222222222223,-5.4944444444444445,0.92,6.44,30.0,1.2880000000000003,0.0,1006.01
2022-01-29 06:00:00,-3.888888888888889,-3.888888888888889,0.92,2.9624,242.0,1.4168,0.0,1006.33
2022-01-29 07:00:00,-3.855555555555556,-3.855555555555556,0.93,2.415,242.0,1.3041000000000003,0.0,1006.84
2022-01-29 08:00:00,-2.872222222222223,-5.872222222222223,0.92,7.406,220.0,1.2719,0.0,1007.51
2022-01-29 09:00:00,-2.7999999999999994,-2.7999999999999994,0.86,4.459700000000001,240.0,2.4955000000000003,0.0,1008.3
2022-01-29 10:00:00,-2.855555555555556,-5.905555555555555,0.86,7.5348,205.0,3.4776000000000002,0.0,1009.17
2022-01-29 11:00:00,-2.7777777777777777,-2.7777777777777777,0.85,2.8175000000000003,210.0,3.8962000000000003,0.0,1010.17
2022-01-29 12:00:00,-2.7333333333333343,-6.338888888888889,0.85,9.2736,169.0,3.8962000000000003,0.0,1010.26
2022-01-29 13:00:00,-2.677777777777778,-6.3999999999999995,0.86,9.6761,163.0,6.5044,0.0,1010.48
2022-01-29 14:00:00,-2.2222222222222223,-6.861111111111112,0.81,13.685,140.0,7.7440999999999995,0.0,1010.87
2022-01-29 15:00:00,-2.2222222222222223,-7.205555555555555,0.81,15.3433,139.0,9.6439,0.0,1011.36
2022-01-29 16:00:00,-2.2111111111111112,-7.044444444444444,0.83,14.6188,141.0,9.7566,0.0,1012.04
2022-01-29 17:00:00,-2.7777777777777777,-6.905555555555555,0.85,11.0607,140.0,9.708300000000001,0.0,1012.78
2022-01-29 18:00:00,-3.7944444444444434,-8.038888888888888,0.84,10.722600000000002,140.0,9.7566,0.0,1013.48
2022-01-29 19:00:00,-4.783333333333333,-9.444444444444445,0.86,11.527600000000001,139.0,14.2807,0.0,1014.32
2022-01-29 20:00:00,-4.883333333333333,-9.422222222222224,0.92,10.996300000000002,132.0,7.0357,0.0,1015.15
2022-01-29 21:00:00,-4.8388888888888895,-10.127777777777778,0.92,13.9587,131.0,7.0357,0.0,1015.66
2022-01-29 22:00:00,-4.472222222222222,-8.716666666666667,0.89,10.2718,141.0,9.2897,0.0,1016.61
2022-01-29 23:00:00,-5.572222222222223,-11.044444444444444,0.88,14.039200000000001,140.0,7.905100000000001,0.0,1017.28
2022-01-30 00:00:00,-5.616666666666666,-11.06111111111111,0.88,13.8782,130.0,9.6761,0.0,1017.68
2022-01-30 01:00:00,-5.783333333333333,-11.016666666666666,0.93,12.863900000000001,132.0,8.2754,0.0,1018.14
2022-01-30 02:00:00,-4.872222222222222,-9.294444444444444,0.92,10.5938,140.0,9.5312,0.0,1018.72
2022-01-30 03:00:00,-4.922222222222222,-7.733333333333334,0.88,6.1502,130.0,9.5312,0.0,1019.13
2022-01-30 04:00:00,-8.144444444444444,-11.444444444444445,0.89,6.1502,132.0,0.7567,0.0,1019.83
2022-01-30 05:00:00,-5.438888888888888,-10.477777777777778,0.92,12.397,109.0,9.5312,0.0,1019.91
2022-01-30 06:00:00,-5.349999999999999,-10.65,0.92,13.5401,110.0,3.3971,0.0,1020.19
2022-01-30 07:00:00,-5.538888888888888,-10.0,0.93,10.304000000000002,111.0,1.0948000000000002,0.0,1020.65
2022-01-30 08:00:00,-5.177777777777778,-11.11111111111111,0.92,16.5508,129.0,3.4293,0.0,1021.16
2022-01-30 09:00:00,-2.7499999999999996,-8.305555555555555,0.79,17.71,120.0,5.9731000000000005,0.0,0.0
2022-01-30 10:00:00,-2.5999999999999996,-7.455555555555557,0.83,14.312900000000003,116.0,9.4024,0.0,1021.47
2022-01-30 11:00:00,-2.194444444444444,-7.527777777777778,0.81,17.243100000000002,110.0,9.7566,0.0,1021.87
2022-01-30 12:00:00,-1.0388888888888894,-7.200000000000001,0.75,24.8262,129.0,9.853200000000001,0.0,1022.04
2022-01-30 13:00:00,-0.10555555555555626,-5.688888888888887,0.72,22.362900000000003,126.0,9.9015,0.0,1021.6
2022-01-30 14:00:00,0.027777777777776198,-5.238888888888889,0.69,20.334300000000002,119.0,9.982000000000001,0.0,1021.47
2022-01-30 15:00:00,0.0500000000000019,-4.7333333333333325,0.75,17.259200000000003,109.0,15.649200000000002,0.0,1021.56
2022-01-30 16:00:00,-0.027777777777778172,-4.811111111111111,0.76,17.1787,117.0,15.1984,0.0,1021.73
2022-01-30 17:00:00,-1.083333333333333,-5.533333333333334,0.81,13.9909,109.0,15.552600000000002,0.0,1022.15
2022-01-30 18:00:00,-1.1277777777777784,-7.266666666666666,0.76,24.4559,128.0,15.552600000000002,0.0,1022.64
2022-01-30 19:00:00,-1.2777777777777781,-7.449999999999999,0.72,24.375400000000003,126.0,9.7566,0.0,1022.4
2022-01-30 20:00:00,-1.1777777777777783,-7.300000000000001,0.7,24.230500000000003,138.0,15.552600000000002,0.0,1022.46
2022-01-30 21:00:00,-2.244444444444444,-9.033333333333331,0.71,27.048000000000002,148.0,9.708300000000001,0.0,1022.76
2022-01-30 22:00:00,-2.4444444444444438,-9.522222222222222,0.75,29.0122,137.0,14.7637,0.0,1023.07
2022-01-30 23:00:00,-2.727777777777778,-10.427777777777777,0.71,33.8744,139.0,15.649200000000002,0.0,1023.26
2022-01-31 00:00:00,-3.3055555555555554,-11.18888888888889,0.74,33.826100000000004,149.0,15.826300000000002,0.0,1023.72
2022-01-31 01:00:00,-3.4611111111111112,-11.261111111111111,0.76,32.61860000000001,146.0,14.9569,0.0,1024.0
2022-01-31 02:00:00,-3.8388888888888886,-12.316666666666668,0.78,38.012100000000004,139.0,15.826300000000002,0.0,1023.84
2022-01-31 03:00:00,-3.861111111111111,-11.9,0.74,33.63290000000001,139.0,15.826300000000002,0.0,1023.65
2022-01-31 04:00:00,-4.383333333333334,-12.116666666666667,0.78,29.5918,138.0,14.9569,0.0,1023.66
2022-01-31 05:00:00,-4.927777777777779,-12.933333333333334,0.81,30.445100000000004,139.0,9.982000000000001,0.0,1023.56
2022-01-31 06:00:00,-4.949999999999999,-13.8,0.81,38.0604,139.0,9.982000000000001,0.0,1023.76
2022-01-31 07:00:00,-5.955555555555555,-14.427777777777777,0.81,31.700900000000004,138.0,9.982000000000001,0.0,1024.38
2022-01-31 08:00:00,-5.98888888888889,-14.016666666666667,0.81,28.1267,139.0,9.982000000000001,0.0,1024.94
2022-01-31 09:00:00,-5.0166666666666675,-12.350000000000001,0.74,25.0999,158.0,9.982000000000001,0.0,1025.24
2022-01-31 10:00:00,-5.127777777777778,-13.77222222222222,0.75,35.532700000000006,149.0,9.982000000000001,0.0,1025.93
2022-01-31 11:00:00,-4.905555555555555,-13.461111111111112,0.74,35.4039,149.0,10.2074,0.0,1026.04
2022-01-31 12:00:00,-3.8388888888888886,-12.333333333333334,0.74,38.1892,140.0,10.2074,0.0,1026.03
2022-01-31 13:00:00,-2.9555555555555557,-9.961111111111112,0.69,27.160700000000002,148.0,10.1752,0.0,1025.65
2022-01-31 14:00:00,-2.7777777777777777,-10.627777777777778,0.68,35.2107,150.0,10.2074,0.0,1025.34
2022-01-31 15:00:00,-2.7999999999999994,-10.794444444444444,0.71,36.5792,140.0,10.2074,0.0,1025.35
2022-01-31 16:00:00,-2.91111111111111,-9.86111111111111,0.72,26.8065,155.0,10.1752,0.0,1025.57
2022-01-31 17:00:00,-3.883333333333332,-10.799999999999999,0.74,24.4398,149.0,16.0517,0.0,1026.01
2022-01-31 18:00:00,-3.9055555555555563,-10.844444444444443,0.69,24.552500000000002,139.0,16.0517,0.0,1026.63
2022-01-31 19:00:00,-5.033333333333333,-12.288888888888888,0.75,24.5042,146.0,14.9569,0.0,1026.9
2022-01-31 20:00:00,-4.994444444444444,-12.655555555555557,0.74,27.5471,149.0,15.826300000000002,0.0,1026.65
2022-01-31 21:00:00,-5.527777777777778,-13.333333333333334,0.74,27.4827,149.0,15.826300000000002,0.0,1027.21
2022-01-31 22:00:00,-5.499999999999999,-12.955555555555556,0.77,25.0194,149.0,15.150100000000002,0.0,1027.23
2022-01-31 23:00:00,-5.5777777777777775,-12.983333333333333,0.74,24.5364,149.0,16.0517,0.0,1027.62
2022-02-01 00:00:00,-5.5777777777777775,-13.377777777777776,0.74,27.3378,149.0,16.0517,0.0,1026.95
2022-02-01 01:00:00,-5.561111111111113,-13.316666666666666,0.75,27.0641,157.0,15.150100000000002,0.0,1026.76
2022-02-01 02:00:00,-5.599999999999999,-13.455555555555556,0.74,27.7242,149.0,15.826300000000002,0.0,1026.59
2022-02-01 03:00:00,-5.599999999999999,-13.038888888888888,0.74,24.7135,149.0,15.826300000000002,0.0,1026.55
2022-02-01 04:00:00,-5.638888888888888,-13.0,0.75,24.1017,150.0,14.9569,0.0,1026.04
2022-02-01 05:00:00,-6.105555555555554,-13.666666666666666,0.81,24.552500000000002,149.0,15.826300000000002,0.0,1025.45
2022-02-01 06:00:00,-6.083333333333333,-13.616666666666665,0.81,24.3915,149.0,15.826300000000002,0.0,1025.26
2022-02-01 07:00:00,-5.055555555555556,-12.36111111111111,0.75,24.890600000000003,149.0,9.982000000000001,0.0,1025.62
2022-02-01 08:00:00,-3.9833333333333343,-10.738888888888887,0.74,23.167900000000003,139.0,16.0517,0.0,1026.22
2022-02-01 09:00:00,-3.9111111111111105,-12.255555555555556,0.69,36.4504,140.0,9.982000000000001,0.0,1026.2
2022-02-01 10:00:00,-2.8111111111111104,-10.383333333333333,0.72,32.3932,147.0,15.3111,0.0,1025.46
2022-02-01 11:00:00,-2.244444444444444,-9.483333333333333,0.69,30.928100000000004,149.0,16.1,0.0,1024.96
2022-02-01 12:00:00,-1.2055555555555566,-8.416666666666666,0.64,33.8422,149.0,16.1,0.0,1024.44
2022-02-01 13:00:00,-1.2222222222222219,-8.33888888888889,0.64,32.8279,149.0,15.552600000000002,0.0,1023.84
2022-02-01 14:00:00,-1.1555555555555546,-8.33888888888889,0.64,33.681200000000004,149.0,16.1,0.0,1023.34
2022-02-01 15:00:00,-1.1555555555555546,-7.694444444444445,0.69,27.643700000000006,149.0,16.1,0.0,1023.05
2022-02-01 16:00:00,-1.1666666666666674,-6.816666666666666,0.75,20.8173,146.0,15.552600000000002,0.0,1023.11
2022-02-01 17:00:00,-2.2222222222222223,-8.816666666666668,0.75,25.582900000000002,158.0,16.0517,0.0,1022.75
2022-02-01 18:00:00,-2.1722222222222225,-8.794444444444444,0.75,25.872700000000002,149.0,15.922900000000002,0.0,1023.11
2022-02-01 19:00:00,-2.1111111111111116,-8.261111111111113,0.81,22.4917,146.0,15.150100000000002,0.0,1022.92
2022-02-01 20:00:00,-2.127777777777777,-8.166666666666666,0.81,21.670600000000004,139.0,16.0517,0.0,1022.62
2022-02-01 21:00:00,-1.6444444444444448,-7.3500000000000005,0.78,20.366500000000002,139.0,16.0517,0.0,1022.33
2022-02-01 22:00:00,-1.1444444444444437,-7.305555555555555,0.77,24.552500000000002,149.0,15.021300000000002,0.0,1021.82
2022-02-01 23:00:00,-1.1555555555555546,-6.688888888888888,0.78,20.076700000000002,148.0,16.0517,0.0,1021.73
2022-02-02 00:00:00,-0.11666666666666714,-6.794444444444445,0.76,31.894099999999998,149.0,10.2074,0.0,1021.34
2022-02-02 01:00:00,-0.21111111111111056,-6.622222222222224,0.77,28.98,147.0,14.9569,0.0,1020.93
2022-02-02 02:00:00,-0.6444444444444445,-6.666666666666667,0.76,24.6008,148.0,15.826300000000002,0.0,1020.45
2022-02-02 03:00:00,-1.083333333333333,-8.227777777777778,0.78,33.5041,149.0,16.0517,0.0,1020.0
2022-02-02 04:00:00,-1.6666666666666667,-8.277777777777779,0.8,27.015800000000002,149.0,14.9569,0.0,1019.8
2022-02-02 05:00:00,-1.1555555555555546,-7.061111111111112,0.76,22.6366,149.0,15.826300000000002,0.0,1019.78
2022-02-02 06:00:00,-1.1555555555555546,-6.872222222222224,0.76,21.284200000000002,149.0,15.826300000000002,0.0,1019.69
2022-02-02 07:00:00,-1.1277777777777784,-6.8277777777777775,0.77,21.2198,148.0,14.876400000000002,0.0,1020.21
2022-02-02 08:00:00,-0.11666666666666714,-6.138888888888889,0.7,25.872700000000002,158.0,15.729700000000001,0.0,1020.7
2022-02-02 09:00:00,-0.044444444444443496,-5.911111111111111,0.75,24.7135,139.0,15.826300000000002,0.0,1020.5
2022-02-02 10:00:00,0.9999999999999984,-4.433333333333334,0.7,23.5382,148.0,15.520400000000002,0.0,1020.59
2022-02-02 11:00:00,2.0833333333333335,-2.7888888888888888,0.69,21.4774,149.0,16.1,0.0,1021.08
2022-02-02 12:00:00,2.0833333333333335,-2.9777777777777774,0.65,23.023000000000003,148.0,16.1,0.0,1021.09
2022-02-02 13:00:00,2.077777777777779,-3.150000000000001,0.69,24.3593,140.0,15.552600000000002,0.0,1021.16
2022-02-02 14:00:00,2.155555555555557,-2.1388888888888897,0.69,17.4685,138.0,16.1,0.0,1021.15
2022-02-02 15:00:00,1.161111111111113,-3.8000000000000003,0.75,20.286,139.0,16.1,0.0,1021.26
2022-02-02 16:00:00,1.122222222222224,-3.0555555555555554,0.75,15.246700000000002,140.0,15.552600000000002,0.0,1021.86
2022-02-02 17:00:00,1.0166666666666657,-3.250000000000001,0.7,15.633100000000002,138.0,16.0517,0.0,1022.55
2022-02-02 18:00:00,0.0,-3.8999999999999995,0.75,12.5419,138.0,15.826300000000002,0.0,1023.06
2022-02-02 19:00:00,0.0500000000000019,-3.688888888888889,0.75,11.8818,131.0,14.9569,0.0,1023.3
2022-02-02 20:00:00,-1.1833333333333327,-4.05,0.81,7.824600000000001,101.0,15.778000000000002,0.0,1023.47
2022-02-02 21:00:00,-1.2333333333333327,-4.994444444444444,0.78,10.867500000000001,110.0,15.697500000000002,0.0,1023.58
2022-02-02 22:00:00,-2.0833333333333335,-6.0055555555555555,0.81,10.8192,76.0,14.844200000000003,0.0,1023.74
2022-02-02 23:00:00,-2.855555555555556,-5.511111111111112,0.85,6.5205,83.0,15.649200000000002,0.0,1024.0
2022-02-03 00:00:00,-3.9166666666666665,-6.638888888888889,0.88,6.279,64.0,14.6832,0.0,1024.4
2022-02-03 01:00:00,-3.394444444444444,-7.5,0.84,10.5294,77.0,13.894300000000003,0.0,1024.81
2022-02-03 02:00:00,-3.8999999999999995,-8.88888888888889,0.84,13.5884,71.0,14.586600000000002,0.0,1024.98
2022-02-03 03:00:00,-3.9166666666666665,-8.977777777777778,0.88,13.8782,60.0,14.586600000000002,0.0,1025.08
2022-02-03 04:00:00,-3.8166666666666678,-8.711111111111112,0.88,13.250300000000001,71.0,13.894300000000003,0.0,1025.03
2022-02-03 05:00:00,-3.938888888888889,-8.172222222222224,0.84,10.577700000000002,70.0,14.570500000000003,0.0,1025.18
2022-02-03 06:00:00,-6.094444444444444,-6.094444444444444,0.88,4.7334000000000005,60.0,15.456,0.0,1025.39
2022-02-03 07:00:00,-5.927777777777779,-5.927777777777779,0.92,4.6046000000000005,35.0,6.0375000000000005,0.0,1025.63
2022-02-03 08:00:00,-5.0,-7.200000000000001,0.85,4.9266000000000005,42.0,5.9248,0.0,1025.79
2022-02-03 09:00:00,-0.2499999999999996,-3.8166666666666678,0.76,10.867500000000001,80.0,7.905100000000001,0.0,1025.61
2022-02-03 10:00:00,2.183333333333333,2.183333333333333,0.65,4.508,89.0,11.6081,0.0,1025.55
2022-02-03 11:00:00,2.7333333333333343,0.6944444444444444,0.67,7.3094,176.0,14.812,0.0,1025.4
2022-02-03 12:00:00,2.755555555555556,-0.47777777777777747,0.61,12.1555,129.0,15.826300000000002,0.0,1025.28
2022-02-03 13:00:00,2.9166666666666665,-0.5722222222222229,0.67,13.6689,128.0,15.3111,0.0,1024.86
2022-02-03 14:00:00,3.938888888888891,1.2555555555555544,0.64,10.706500000000002,139.0,15.826300000000002,0.0,1024.47
2022-02-03 15:00:00,2.7777777777777777,-0.1888888888888888,0.7,10.9158,118.0,15.826300000000002,0.0,1024.17
2022-02-03 16:00:00,2.766666666666665,-0.5055555555555556,0.7,12.380900000000002,106.0,15.3111,0.0,1024.09
2022-02-03 17:00:00,1.0888888888888895,-1.3611111111111107,0.78,7.7440999999999995,129.0,15.826300000000002,0.0,1024.18
2022-02-03 18:00:00,-0.1388888888888889,-4.305555555555555,0.82,13.636700000000001,149.0,15.826300000000002,0.0,1024.47
2022-02-03 19:00:00,-1.1277777777777784,-5.555555555555555,0.75,13.8621,138.0,14.9569,0.0,1024.37
2022-02-03 20:00:00,-2.322222222222222,-6.322222222222221,0.81,10.9319,159.0,15.649200000000002,0.0,1024.58
2022-02-03 21:00:00,-1.9055555555555554,-4.305555555555555,0.79,6.262900000000001,149.0,15.649200000000002,0.0,1024.7
2022-02-03 22:00:00,-3.3833333333333333,-3.3833333333333333,0.85,3.5742000000000007,155.0,14.715400000000002,0.0,1025.6
2022-02-03 23:00:00,-4.01111111111111,-6.738888888888888,0.85,6.262900000000001,158.0,15.456,0.0,1025.27
2022-02-04 00:00:00,-4.544444444444444,-8.972222222222221,0.84,10.851400000000002,179.0,15.456,0.0,1025.37
2022-02-04 01:00:00,-4.483333333333333,-9.316666666666666,0.83,12.4131,139.0,14.6349,0.0,1025.54
2022-02-04 02:00:00,-4.172222222222223,-9.166666666666666,0.79,13.3469,150.0,15.439900000000002,0.0,1025.58
2022-02-04 03:00:00,-4.75,-9.877777777777778,0.81,13.363000000000001,130.0,15.439900000000002,0.0,1025.21
2022-02-04 04:00:00,-4.227777777777778,-9.055555555555555,0.8,12.590200000000001,127.0,14.6671,0.0,1025.36
2022-02-04 05:00:00,-5.305555555555555,-9.899999999999999,0.82,10.8997,100.0,15.504300000000002,0.0,1025.4
2022-02-04 06:00:00,-4.216666666666667,-8.894444444444442,0.75,12.0267,119.0,15.552600000000002,0.0,1025.4
2022-02-04 07:00:00,-4.2444444444444445,-8.127777777777776,0.77,9.2414,123.0,14.715400000000002,0.0,1025.61
2022-02-04 08:00:00,-3.083333333333334,-7.966666666666667,0.72,13.9426,130.0,15.6009,0.0,1025.9
2022-02-04 09:00:00,-1.3222222222222217,-6.094444444444444,0.64,15.359399999999999,129.0,15.729700000000001,0.0,1025.71
2022-02-04 10:00:00,-1.122222222222222,-6.838888888888889,0.66,21.3969,129.0,15.150100000000002,0.0,1025.86
2022-02-04 11:00:00,-0.027777777777778172,-4.544444444444444,0.69,15.633100000000002,131.0,16.1,0.0,1026.07
2022-02-04 12:00:00,1.0611111111111091,-3.2333333333333334,0.69,15.842400000000001,130.0,16.1,0.0,1025.2
2022-02-04 13:00:00,2.2888888888888874,-0.9611111111111114,0.63,11.7691,120.0,15.552600000000002,0.0,1024.69
2022-02-04 14:00:00,1.1333333333333329,-2.8111111111111104,0.69,13.9909,93.0,16.1,0.0,1024.58
2022-02-04 15:00:00,1.1333333333333329,-2.0555555555555554,0.74,10.465,71.0,16.1,0.0,1024.38
2022-02-04 16:00:00,1.2944444444444434,-1.6722222222222232,0.68,9.6922,82.0,15.552600000000002,0.0,1023.95
2022-02-04 17:00:00,-0.07222222222222167,-2.677777777777778,0.75,7.5992,82.0,15.134000000000002,0.0,1023.79
2022-02-04 18:00:00,-1.211111111111111,-4.083333333333334,0.81,7.824600000000001,100.0,11.9784,0.0,1023.91
2022-02-04 19:00:00,-2.5666666666666673,-2.5666666666666673,0.91,1.0465000000000002,11.0,7.486500000000001,0.0,1024.07
2022-02-04 20:00:00,-3.9611111111111104,-3.9611111111111104,0.92,1.61,230.0,7.0357,0.0,1024.2
2022-02-04 21:00:00,-4.566666666666666,-4.566666666666666,0.92,3.22,89.0,4.9105,0.0,1023.99
2022-02-04 22:00:00,-2.4833333333333325,-6.388888888888889,0.81,10.448900000000002,127.0,8.0983,0.0,1023.9
2022-02-04 23:00:00,-4.099999999999999,-4.099999999999999,0.89,3.2039,118.0,7.776300000000001,0.0,1023.79
2022-02-05 00:00:00,-3.611111111111111,-7.73888888888889,0.82,10.448900000000002,110.0,7.776300000000001,0.0,1023.2
2022-02-05 01:00:00,-4.061111111111111,-8.305555555555555,0.83,10.5616,127.0,9.6922,0.0,1022.87
2022-02-05 02:00:00,-3.1722222222222225,-8.083333333333334,0.77,13.9587,120.0,9.6439,0.0,1022.22
2022-02-05 03:00:00,-3.561111111111111,-7.8999999999999995,0.79,11.270000000000001,130.0,11.7047,0.0,1022.11
2022-02-05 04:00:00,-4.16111111111111,-7.077777777777777,0.83,6.6493,116.0,11.4471,0.0,1021.9
2022-02-05 05:00:00,-4.261111111111112,-8.188888888888888,0.79,9.3702,118.0,11.640300000000002,0.0,1021.79
2022-02-05 06:00:00,-6.255555555555556,-6.255555555555556,0.88,4.83,99.0,7.8084999999999996,0.0,1021.48
2022-02-05 07:00:00,-4.299999999999999,-9.572222222222223,0.81,14.425600000000003,108.0,7.3255,0.0,1021.1
2022-02-05 08:00:00,-4.166666666666667,-7.533333333333333,0.79,7.792400000000001,109.0,7.776300000000001,0.0,1020.81
2022-02-05 09:00:00,-1.3666666666666671,-5.533333333333334,0.7,12.397,129.0,6.8747,0.0,1020.62
2022-02-05 10:00:00,-0.1388888888888889,-4.400000000000001,0.72,14.1197,111.0,7.406,0.0,1020.27
2022-02-05 11:00:00,-0.09444444444444539,-4.8388888888888895,0.75,16.8084,128.0,6.9391,0.0,1019.79
2022-02-05 12:00:00,2.1722222222222203,-2.0388888888888896,0.72,16.9694,128.0,6.9874,0.0,1018.97
2022-02-05 13:00:00,2.7833333333333323,-1.0500000000000003,0.7,15.504300000000002,137.0,8.7101,0.0,1017.92
2022-02-05 14:00:00,3.7222222222222237,0.32777777777777967,0.7,14.1841,120.0,8.05,0.0,1017.18
2022-02-05 15:00:00,3.699999999999998,-0.1388888888888889,0.7,16.985500000000002,130.0,9.9015,0.0,1016.31
2022-02-05 16:00:00,2.7611111111111106,-0.5666666666666664,0.76,12.6385,131.0,11.9784,0.0,1016.03
2022-02-05 17:00:00,2.0833333333333335,-1.9611111111111117,0.79,15.761899999999999,139.0,8.0017,0.0,1015.98
2022-02-05 18:00:00,1.0611111111111091,-2.305555555555555,0.85,11.157300000000001,138.0,8.0017,0.0,1016.16
2022-02-05 19:00:00,1.0833333333333348,-3.316666666666666,0.8,16.4703,147.0,9.837100000000001,0.0,1015.7
2022-02-05 20:00:00,1.0888888888888895,-3.1222222222222227,0.79,15.375500000000002,150.0,9.8049,0.0,1015.08
2022-02-05 21:00:00,1.0888888888888895,-3.3722222222222222,0.82,16.840600000000002,150.0,9.853200000000001,0.0,1015.07
2022-02-05 22:00:00,1.0777777777777766,-3.3055555555555554,0.8,16.3737,147.0,14.0553,0.0,1014.7
2022-02-05 23:00:00,1.0888888888888895,-3.822222222222221,0.78,19.803,150.0,14.7637,0.0,1014.38
2022-02-06 00:00:00,1.0888888888888895,-3.366666666666666,0.78,16.8245,149.0,14.812,0.0,1014.18
2022-02-06 01:00:00,1.0444444444444458,-3.4388888888888896,0.79,16.9372,150.0,14.0875,0.0,1014.1
2022-02-06 02:00:00,1.0444444444444458,-3.3888888888888897,0.79,16.6313,150.0,15.729700000000001,0.0,1013.77
2022-02-06 03:00:00,0.5333333333333338,-4.133333333333334,0.82,17.3075,159.0,15.729700000000001,0.0,1013.78
2022-02-06 04:00:00,1.0277777777777786,-3.455555555555555,0.8,16.8728,159.0,14.876400000000002,0.0,1013.61
2022-02-06 05:00:00,1.0666666666666675,-2.9166666666666665,0.79,14.1036,160.0,15.729700000000001,0.0,1013.5
2022-02-06 06:00:00,1.0166666666666657,-2.9499999999999993,0.79,13.9748,160.0,14.7637,0.0,1013.52
2022-02-06 07:00:00,0.11111111111111269,-2.972222222222223,0.85,9.2897,150.0,9.080400000000001,0.0,1014.24
2022-02-06 08:00:00,0.022222222222221748,-2.994444444444445,0.92,8.9999,139.0,7.969500000000001,0.0,1014.87
2022-02-06 09:00:00,1.0888888888888895,-2.1333333333333333,0.86,10.5616,149.0,7.905100000000001,0.0,1015.08
2022-02-06 10:00:00,1.1444444444444457,-2.3000000000000003,0.86,11.559800000000001,139.0,7.438200000000001,0.0,1015.06
2022-02-06 11:00:00,1.1333333333333329,-1.7388888888888883,0.85,9.2253,150.0,9.708300000000001,0.0,1015.31
2022-02-06 12:00:00,2.1499999999999986,-0.09999999999999984,0.85,7.6796999999999995,150.0,7.8729,0.0,1015.23
2022-02-06 13:00:00,2.994444444444445,2.994444444444445,0.83,2.254,154.0,9.7566,0.0,1015.12
2022-02-06 14:00:00,2.688888888888891,2.688888888888891,0.83,4.6207,350.0,7.8729,0.0,1015.04
2022-02-06 15:00:00,2.7111111111111126,0.6111111111111119,0.83,7.486500000000001,350.0,6.021400000000001,0.0,1015.13
2022-02-06 16:00:00,2.4444444444444438,2.4444444444444438,0.86,2.6887,351.0,5.699400000000001,0.0,1015.91
2022-02-06 17:00:00,2.2000000000000006,-0.0777777777777781,0.85,7.792400000000001,11.0,4.9427,0.0,1016.3
2022-02-06 18:00:00,1.1111111111111112,-1.3611111111111107,0.92,7.824600000000001,30.0,6.9391,0.0,1016.52
2022-02-06 19:00:00,1.3499999999999999,1.3499999999999999,0.92,2.6887,36.0,8.6135,0.0,1016.69
2022-02-06 20:00:00,1.0888888888888895,1.0888888888888895,0.92,4.6851,352.0,7.8729,0.0,1017.11
2022-02-06 21:00:00,0.5777777777777773,0.5777777777777773,0.92,3.0751,0.0,7.824600000000001,0.0,1017.03
2022-02-06 22:00:00,1.1555555555555546,1.1555555555555546,0.93,3.22,250.0,4.2987,0.0,1017.48
2022-02-06 23:00:00,1.0888888888888895,1.0888888888888895,0.92,2.9624,279.0,4.314800000000001,0.0,1017.59
2022-02-07 00:00:00,1.0888888888888895,1.0888888888888895,0.92,2.9463000000000004,245.0,3.864,0.0,1017.48
2022-02-07 01:00:00,1.0277777777777786,1.0277777777777786,0.93,3.2039,197.0,3.5903,0.0,1017.32
2022-02-07 02:00:00,1.0888888888888895,1.0888888888888895,0.92,3.0268,139.0,2.9302,0.0,1016.81
2022-02-07 03:00:00,1.0888888888888895,1.0888888888888895,0.92,4.6368,142.0,0.6279,0.0,1016.88
2022-02-07 04:00:00,1.0611111111111091,-1.0166666666666657,0.93,6.617100000000001,163.0,0.1449,0.0,1016.72
2022-02-07 05:00:00,1.1111111111111112,-1.3444444444444454,0.99,7.776300000000001,169.0,0.16100000000000003,0.0,1016.45
2022-02-07 06:00:00,1.1111111111111112,-2.1722222222222225,0.92,10.835300000000002,160.0,0.16100000000000003,0.0,1016.16
2022-02-07 07:00:00,1.1111111111111112,-2.394444444444444,0.93,11.801300000000001,160.0,0.1449,0.0,1016.67
2022-02-07 08:00:00,0.09444444444444539,-4.122222222222224,0.99,14.168000000000003,160.0,0.16100000000000003,0.0,1016.62
2022-02-07 09:00:00,1.1111111111111112,-2.872222222222223,0.92,14.1519,159.0,0.16100000000000003,0.0,1016.23
2022-02-07 10:00:00,2.144444444444444,-1.6111111111111103,0.93,14.1841,158.0,0.2576,0.0,1016.25
2022-02-07 11:00:00,2.177777777777779,-1.5611111111111104,0.92,14.1519,159.0,0.16100000000000003,0.0,1015.95
2022-02-07 12:00:00,2.7111111111111126,-0.6388888888888881,1.0,12.6868,159.0,0.32200000000000006,0.0,1015.23
2022-02-07 13:00:00,6.772222222222221,4.827777777777777,0.92,9.821,183.0,3.1073,0.0,1013.85
2022-02-07 14:00:00,7.33888888888889,5.305555555555554,0.96,10.8836,205.0,2.4955000000000003,0.0,1012.96
2022-02-07 15:00:00,8.361111111111109,6.51111111111111,0.9,10.996300000000002,205.0,2.9463000000000004,0.0,1012.07
2022-02-07 16:00:00,8.22777777777778,6.044444444444446,0.84,12.863900000000001,158.0,4.652900000000001,0.0,1011.56
2022-02-07 17:00:00,6.833333333333332,3.9722222222222214,0.8,15.3433,141.0,4.347,0.0,1011.07
2022-02-07 18:00:00,6.783333333333334,3.699999999999998,0.81,16.9533,160.0,7.695800000000001,0.0,1011.1
2022-02-07 19:00:00,5.816666666666666,3.4888888888888894,0.81,10.8031,144.0,7.502600000000001,0.0,1011.56
2022-02-07 20:00:00,5.744444444444446,2.5944444444444454,0.87,15.6009,161.0,7.695800000000001,0.0,1011.55
2022-02-07 21:00:00,5.744444444444446,2.383333333333333,0.83,17.1626,170.0,7.728,0.0,1011.09
2022-02-07 22:00:00,6.033333333333333,2.4777777777777783,0.82,19.2395,170.0,8.0822,0.0,1010.85
2022-02-07 23:00:00,5.355555555555556,2.3444444444444437,0.83,14.0875,171.0,9.708300000000001,0.0,1010.9
2022-02-08 00:00:00,4.316666666666668,1.6666666666666667,0.89,10.8997,170.0,7.889000000000001,0.0,1011.28
2022-02-08 01:00:00,3.4500000000000006,1.2666666666666673,0.89,8.227100000000002,201.0,6.6493,0.0,1011.59
2022-02-08 02:00:00,3.800000000000002,2.261111111111111,0.9,6.279,180.0,6.0697,0.0,1011.85
2022-02-08 03:00:00,3.2888888888888896,1.722222222222223,0.89,6.1502,151.0,6.0697,0.0,1011.67
2022-02-08 04:00:00,3.2722222222222226,1.8166666666666684,0.9,5.828200000000001,150.0,6.6493,0.0,1011.62
2022-02-08 05:00:00,2.7833333333333323,0.25555555555555604,0.96,9.080400000000001,162.0,6.0697,0.0,1011.6
2022-02-08 06:00:00,2.8500000000000014,2.8500000000000014,0.96,1.5295,30.0,6.021400000000001,0.0,1012.07
2022-02-08 07:00:00,3.0055555555555538,3.0055555555555538,0.96,1.4007,99.0,5.2325,0.0,1011.84
2022-02-08 08:00:00,3.8944444444444435,2.000000000000001,0.89,7.486500000000001,149.0,5.9087000000000005,0.0,1011.96
2022-02-08 09:00:00,4.9833333333333325,3.1944444444444446,0.83,7.760200000000001,139.0,5.8765,0.0,1012.12
2022-02-08 10:00:00,5.044444444444443,3.0555555555555554,0.87,8.5974,120.0,4.8783,0.0,1012.18
2022-02-08 11:00:00,7.594444444444445,5.877777777777776,0.84,9.4829,131.0,6.8264000000000005,0.0,1011.3
2022-02-08 12:00:00,9.749999999999998,8.694444444444445,0.78,8.1305,142.0,9.6922,0.0,1010.44
2022-02-08 13:00:00,9.83888888888889,8.133333333333333,0.78,11.9945,140.0,9.2575,0.0,1010.23
2022-02-08 14:00:00,9.86111111111111,7.883333333333332,0.78,14.039200000000001,140.0,9.9015,0.0,1009.35
2022-02-08 15:00:00,8.866666666666667,6.449999999999999,0.84,15.649200000000002,150.0,9.9015,0.0,1008.84
2022-02-08 16:00:00,8.883333333333335,6.644444444444445,0.85,14.312900000000003,150.0,9.3702,0.0,1008.3
2022-02-08 17:00:00,8.794444444444444,6.622222222222224,0.84,13.685,160.0,8.935500000000001,0.0,1007.97
2022-02-08 18:00:00,7.711111111111112,5.777777777777777,0.89,10.722600000000002,169.0,8.935500000000001,0.0,1007.97
2022-02-08 19:00:00,7.833333333333333,5.483333333333332,0.9,13.4113,159.0,9.837100000000001,0.0,1007.82
2022-02-08 20:00:00,7.638888888888889,5.416666666666667,0.96,12.332600000000001,160.0,9.7566,0.0,1007.55
2022-02-08 21:00:00,8.077777777777776,6.244444444444445,0.87,10.577700000000002,160.0,11.672500000000001,0.0,1006.79
2022-02-08 22:00:00,7.872222222222224,5.738888888888888,0.87,12.075000000000001,152.0,13.0732,0.0,1006.83
2022-02-08 23:00:00,6.9722222222222205,4.894444444444446,0.89,10.6904,161.0,14.586600000000002,0.0,1006.77
2022-02-09 00:00:00,5.0,2.4555555555555566,0.96,11.0607,180.0,4.9427,0.0,1006.64
2022-02-09 01:00:00,4.5055555555555555,1.427777777777778,0.96,13.3308,181.0,6.5849,0.0,1006.77
2022-02-09 02:00:00,4.466666666666666,1.8666666666666663,0.92,10.8192,198.0,6.021400000000001,0.0,1006.62
2022-02-09 03:00:00,5.027777777777776,1.5166666666666648,0.93,16.9211,198.0,6.1985,0.0,1006.31
2022-02-09 04:00:00,4.972222222222224,2.566666666666665,0.93,10.368400000000001,196.0,6.230700000000001,0.0,1006.15
2022-02-09 05:00:00,6.044444444444446,4.305555555555555,0.8,8.291500000000001,189.0,7.212800000000001,0.0,1005.64
2022-02-09 06:00:00,5.0,2.5222222222222217,0.86,10.722600000000002,142.0,9.982000000000001,0.0,1005.64
2022-02-09 07:00:00,5.983333333333335,3.4722222222222223,0.87,11.946200000000001,152.0,9.982000000000001,0.0,1005.91
2022-02-09 08:00:00,5.994444444444444,3.7166666666666655,0.86,10.722600000000002,141.0,9.982000000000001,0.0,1005.74
2022-02-09 09:00:00,7.666666666666665,5.211111111111112,0.83,13.8621,150.0,9.982000000000001,0.0,1005.93
2022-02-09 10:00:00,8.988888888888889,6.83888888888889,0.83,13.8138,160.0,14.168000000000003,0.0,1005.3
2022-02-09 11:00:00,12.055555555555557,12.055555555555557,0.72,15.697500000000002,160.0,15.826300000000002,0.0,1004.76
2022-02-09 12:00:00,12.66111111111111,12.66111111111111,0.72,15.166200000000002,150.0,16.1,0.0,1004.08
2022-02-09 13:00:00,12.722222222222221,12.722222222222221,0.69,13.7172,153.0,10.577700000000002,0.0,1003.61
2022-02-09 14:00:00,12.844444444444443,12.844444444444443,0.69,9.321900000000001,169.0,9.982000000000001,0.0,1002.76
2022-02-09 15:00:00,12.894444444444446,12.894444444444446,0.68,10.6904,151.0,9.982000000000001,0.0,1002.45
2022-02-09 16:00:00,12.161111111111111,12.161111111111111,0.73,10.239600000000001,143.0,15.1823,0.0,1002.33
2022-02-09 17:00:00,11.133333333333333,11.133333333333333,0.79,11.109000000000002,142.0,15.826300000000002,0.0,1002.06
2022-02-09 18:00:00,9.955555555555556,8.205555555555557,0.83,12.4936,199.0,9.982000000000001,0.0,1002.18
2022-02-09 19:00:00,9.81111111111111,7.905555555555553,0.79,13.3952,207.0,9.982000000000001,0.0,1002.47
2022-02-09 20:00:00,7.8500000000000005,6.133333333333333,0.95,9.708300000000001,211.0,9.982000000000001,0.0,1002.85
2022-02-09 21:00:00,8.311111111111112,6.027777777777779,0.9,13.685,200.0,14.9086,0.0,1002.94
2022-02-09 22:00:00,7.6333333333333355,5.305555555555554,0.94,13.0088,191.0,14.0875,0.0,1003.01
2022-02-09 23:00:00,7.527777777777776,6.644444444444445,0.93,5.9892,203.0,9.708300000000001,0.0,1003.01
2022-02-10 00:00:00,7.455555555555557,3.816666666666665,0.89,23.570400000000003,253.0,9.982000000000001,0.0,1003.1
2022-02-10 01:00:00,5.033333333333335,0.6944444444444444,0.88,23.8441,296.0,9.982000000000001,0.0,1004.49
2022-02-10 02:00:00,4.377777777777779,-0.26111111111111046,0.89,24.955000000000002,279.0,16.1,0.0,1005.76
2022-02-10 03:00:00,3.7944444444444434,-0.9722222222222222,0.86,24.6008,279.0,16.1,0.0,1007.22
2022-02-10 04:00:00,3.3388888888888877,-1.0222222222222221,0.9,20.076700000000002,252.0,15.1823,0.0,1008.56
2022-02-10 05:00:00,2.2222222222222223,-1.3222222222222217,0.92,13.1859,250.0,16.1,0.0,1009.47
2022-02-10 06:00:00,2.155555555555557,-0.9722222222222222,0.85,11.0929,250.0,16.1,0.0,1010.35
2022-02-10 07:00:00,0.29444444444444506,-2.472222222222222,0.93,8.3237,211.0,10.2235,0.0,1010.45
2022-02-10 08:00:00,2.133333333333335,-0.9111111111111114,0.92,10.6904,191.0,10.255700000000001,0.0,1011.53
2022-02-10 09:00:00,3.916666666666665,0.11111111111111269,0.89,17.066,231.0,16.1,0.0,1012.06
2022-02-10 10:00:00,7.083333333333333,3.7777777777777763,0.75,19.4327,220.0,15.552600000000002,0.0,1012.98
2022-02-10 11:00:00,8.861111111111112,5.922222222222221,0.66,20.334300000000002,230.0,16.1,0.0,1012.78
2022-02-10 12:00:00,9.994444444444447,7.3722222222222245,0.7,20.1411,220.0,16.1,0.0,1012.84
2022-02-10 13:00:00,11.066666666666668,11.066666666666668,0.55,20.769000000000002,207.0,15.552600000000002,0.0,1011.99
2022-02-10 14:00:00,12.177777777777779,12.177777777777779,0.47,15.439900000000002,171.0,16.1,0.0,1010.55
2022-02-10 15:00:00,12.03888888888889,12.03888888888889,0.48,20.221600000000002,160.0,16.1,0.0,1009.93
2022-02-10 16:00:00,9.93888888888889,7.422222222222222,0.58,18.8853,156.0,15.552600000000002,0.0,1009.48
2022-02-10 17:00:00,7.799999999999999,4.944444444444444,0.71,17.1304,130.0,16.1,0.0,1009.63
2022-02-10 18:00:00,7.244444444444444,3.738888888888887,0.71,21.670600000000004,130.0,16.1,0.0,1009.52
2022-02-10 19:00:00,7.183333333333334,3.9611111111111126,0.68,18.869200000000003,128.0,15.1823,0.0,1009.28
2022-02-10 20:00:00,7.222222222222222,4.166666666666667,0.71,17.5973,111.0,16.1,0.0,1008.75
2022-02-10 21:00:00,6.71111111111111,3.18888888888889,0.73,20.5275,120.0,16.1,0.0,1008.16
2022-02-10 22:00:00,7.194444444444446,3.927777777777778,0.69,19.271700000000003,110.0,15.1823,0.0,1007.72
2022-02-10 23:00:00,7.1499999999999995,3.8055555555555562,0.66,19.931800000000003,140.0,16.1,0.0,1007.58
2022-02-11 00:00:00,7.127777777777776,4.133333333333332,0.72,16.9211,149.0,16.1,0.0,1007.57
2022-02-11 01:00:00,7.216666666666669,5.183333333333333,0.77,10.722600000000002,150.0,14.9569,0.0,1007.61
2022-02-11 02:00:00,7.083333333333333,5.022222222222222,0.8,10.722600000000002,140.0,15.826300000000002,0.0,1007.57
2022-02-11 03:00:00,7.083333333333333,5.005555555555555,0.84,10.8192,158.0,15.826300000000002,0.0,1007.81
2022-02-11 04:00:00,7.788888888888891,4.994444444444445,0.8,16.6313,142.0,14.3451,0.0,1006.84
2022-02-11 05:00:00,7.644444444444442,4.772222222222224,0.73,16.9372,139.0,15.826300000000002,0.0,1006.75
2022-02-11 06:00:00,7.155555555555556,3.800000000000002,0.74,20.0606,149.0,16.1,0.0,1006.64
2022-02-11 07:00:00,7.594444444444445,4.433333333333332,0.73,19.336100000000002,150.0,15.1823,0.0,1006.89
2022-02-11 08:00:00,9.772222222222224,6.566666666666666,0.63,26.1625,160.0,16.1,0.0,1007.13
2022-02-11 09:00:00,10.92222222222222,10.92222222222222,0.62,24.552500000000002,160.0,16.1,0.0,1007.05
2022-02-11 10:00:00,11.883333333333333,11.883333333333333,0.62,20.5597,161.0,15.552600000000002,0.0,1007.16
2022-02-11 11:00:00,12.061111111111112,12.061111111111112,0.62,21.879900000000003,171.0,10.255700000000001,0.0,1007.43
2022-02-11 12:00:00,13.794444444444444,13.794444444444444,0.64,11.785200000000001,162.0,10.255700000000001,0.0,1007.49
2022-02-11 13:00:00,14.872222222222225,14.872222222222225,0.6,7.8729,282.0,10.3523,0.0,1007.68
2022-02-11 14:00:00,12.611111111111112,12.611111111111112,0.73,11.141200000000001,358.0,9.982000000000001,0.0,1007.23
2022-02-11 15:00:00,12.5,12.5,0.73,14.0553,328.0,9.853200000000001,0.0,1007.37
2022-02-11 16:00:00,12.011111111111111,12.011111111111111,0.75,11.270000000000001,331.0,10.2718,0.0,1008.0
2022-02-11 17:00:00,10.833333333333334,10.833333333333334,0.81,13.3469,2.0,9.8049,0.0,1008.4
2022-02-11 18:00:00,8.77222222222222,7.66111111111111,0.89,7.631400000000001,15.0,15.6009,0.0,1008.35
2022-02-11 19:00:00,7.916666666666667,5.916666666666666,0.95,11.3505,334.0,14.715400000000002,0.0,1008.61
2022-02-11 20:00:00,7.638888888888889,5.155555555555556,0.96,14.007,349.0,5.892600000000001,0.0,1008.97
2022-02-11 21:00:00,6.55,3.877777777777776,0.93,13.652800000000001,341.0,5.8443000000000005,0.0,1008.94
2022-02-11 22:00:00,6.533333333333332,3.927777777777778,0.93,13.218100000000002,8.0,3.4454000000000002,0.0,1008.47
2022-02-11 23:00:00,5.0,3.122222222222221,0.94,8.0983,9.0,2.9624,0.0,1008.26
2022-02-12 00:00:00,5.022222222222222,1.9555555555555573,0.96,13.9748,21.0,3.0429,0.0,1008.33
2022-02-12 01:00:00,5.56111111111111,2.816666666666667,0.93,12.7512,40.0,5.2647,0.0,1007.63
2022-02-12 02:00:00,5.0,1.6166666666666647,0.93,15.987300000000001,41.0,1.7710000000000004,0.0,0.0
2022-02-12 03:00:00,4.488888888888888,0.8388888888888878,1.0,16.985500000000002,50.0,2.9624,0.0,1006.1
2022-02-12 04:00:00,5.116666666666667,2.144444444444444,0.94,13.507900000000001,60.0,6.5044,0.0,1005.33
2022-02-12 05:00:00,5.0,2.4055555555555546,0.93,11.3022,52.0,7.824600000000001,0.0,1004.9
2022-02-12 06:00:00,5.0,2.422222222222222,0.87,11.2217,70.0,7.8729,0.0,1004.2
2022-02-12 07:00:00,7.061111111111112,4.761111111111111,0.76,12.058900000000001,120.0,11.817400000000001,0.0,1003.95
2022-02-12 08:00:00,7.572222222222223,5.2888888888888905,0.73,12.6385,147.0,15.649200000000002,0.0,1003.65
2022-02-12 09:00:00,8.661111111111113,6.455555555555554,0.73,13.685,189.0,9.853200000000001,0.0,1003.84
2022-02-12 10:00:00,11.57777777777778,11.57777777777778,0.61,24.7135,151.0,10.2718,0.0,1003.99
2022-02-12 11:00:00,11.9,11.9,0.59,26.130300000000002,160.0,9.982000000000001,0.0,1003.16
2022-02-12 12:00:00,12.461111111111112,12.461111111111112,0.65,24.697400000000002,171.0,10.0786,0.0,1003.09
2022-02-12 13:00:00,13.577777777777776,13.577777777777776,0.6,21.1876,172.0,10.5455,0.0,1003.02
2022-02-12 14:00:00,10.816666666666666,10.816666666666666,0.72,25.0838,300.0,9.982000000000001,0.0,1003.16
2022-02-12 15:00:00,8.638888888888888,5.466666666666669,0.78,22.137500000000003,310.0,15.729700000000001,0.0,1004.89
2022-02-12 16:00:00,7.727777777777776,4.5055555555555555,0.83,20.2055,301.0,10.239600000000001,0.0,1005.61
2022-02-12 17:00:00,5.972222222222222,2.116666666666668,0.86,21.7833,299.0,9.8049,0.0,1006.38
2022-02-12 18:00:00,4.905555555555555,0.43333333333333396,0.86,24.8262,280.0,9.982000000000001,0.0,1007.26
2022-02-12 19:00:00,4.9833333333333325,1.1500000000000001,0.86,19.336100000000002,289.0,10.3523,0.0,1008.41
2022-02-12 20:00:00,3.866666666666667,-0.8833333333333333,0.89,24.6491,280.0,9.982000000000001,0.0,1008.51
2022-02-12 21:00:00,4.3277777777777775,0.18888888888889077,0.82,20.3987,280.0,15.826300000000002,0.0,1009.0
2022-02-12 22:00:00,3.8555555555555543,0.49444444444444474,0.83,14.1519,261.0,14.9569,0.0,1009.25
2022-02-12 23:00:00,2.8500000000000014,-0.7555555555555552,0.82,14.2324,233.0,15.826300000000002,0.0,1009.56
2022-02-13 00:00:00,1.849999999999999,-1.338888888888889,0.84,11.0607,226.0,15.826300000000002,0.0,1010.16
2022-02-13 01:00:00,2.3555555555555565,-1.7555555555555555,0.83,16.583000000000002,242.0,14.9569,0.0,1010.5
2022-02-13 02:00:00,2.294444444444446,-1.9222222222222227,0.82,17.1787,232.0,15.826300000000002,0.0,1011.16
2022-02-13 03:00:00,2.2000000000000006,-2.061111111111112,0.85,17.3558,251.0,16.1,0.0,1010.7
2022-02-13 04:00:00,1.6166666666666647,-2.2500000000000004,0.87,14.1358,232.0,14.3934,0.0,1011.01
2022-02-13 05:00:00,0.11666666666666714,-4.0166666666666675,0.91,13.7977,203.0,10.255700000000001,0.0,1011.34
2022-02-13 06:00:00,0.11666666666666714,-4.322222222222223,0.92,15.391600000000002,212.0,6.5205,0.0,1011.56
2022-02-13 07:00:00,1.0500000000000003,-3.3888888888888897,0.92,16.6635,240.0,7.0357,0.0,1012.07
2022-02-13 08:00:00,2.1111111111111094,-1.8611111111111118,0.85,15.407700000000002,240.0,10.2074,0.0,1012.39
2022-02-13 09:00:00,3.916666666666665,1.1333333333333329,0.81,11.125100000000002,232.0,16.1,0.0,1012.66
2022-02-13 10:00:00,5.977777777777777,3.099999999999999,0.77,14.168000000000003,224.0,15.1823,0.0,1012.77
2022-02-13 11:00:00,7.8500000000000005,4.9833333333333325,0.7,17.2753,221.0,16.1,0.0,1012.72
2022-02-13 12:00:00,8.933333333333332,5.86111111111111,0.65,21.9121,221.0,9.982000000000001,0.0,1011.72
2022-02-13 13:00:00,9.972222222222223,7.1499999999999995,0.57,22.2341,207.0,10.3523,0.0,1010.6
2022-02-13 14:00:00,10.088888888888887,10.088888888888887,0.6,23.2484,201.0,9.982000000000001,0.0,1010.23
2022-02-13 15:00:00,10.044444444444444,10.044444444444444,0.57,21.735000000000003,210.0,9.982000000000001,0.0,1009.63
2022-02-13 16:00:00,9.072222222222221,6.288888888888889,0.57,19.271700000000003,190.0,10.3523,0.0,1009.33
2022-02-13 17:00:00,7.333333333333335,5.011111111111113,0.6,12.558,180.0,16.1,0.0,1009.21
2022-02-13 18:00:00,6.133333333333333,3.311111111111112,0.65,14.023100000000003,151.0,16.1,0.0,1009.21
2022-02-13 19:00:00,4.988888888888887,1.81111111111111,0.7,14.6188,159.0,15.1823,0.0,1008.99
2022-02-13 20:00:00,4.883333333333333,0.944444444444446,0.66,19.931800000000003,150.0,16.1,0.0,1008.32
2022-02-13 21:00:00,4.305555555555555,0.2444444444444432,0.71,19.706400000000002,150.0,16.1,0.0,1007.94
2022-02-13 22:00:00,3.6166666666666654,-0.472222222222223,0.74,18.5794,150.0,15.1823,0.0,1007.71
2022-02-13 23:00:00,2.194444444444446,-2.0388888888888896,0.79,17.114300000000004,141.0,16.0517,0.0,1007.43
2022-02-14 00:00:00,1.6666666666666667,-2.166666666666666,0.78,14.007,141.0,15.826300000000002,0.0,1007.48
2022-02-14 01:00:00,1.1777777777777763,-2.5333333333333328,0.8,12.8317,137.0,14.9569,0.0,1007.25
2022-02-14 02:00:00,1.2055555555555566,-2.7111111111111104,0.79,13.894300000000003,160.0,15.826300000000002,0.0,1007.0
2022-02-14 03:00:00,1.2277777777777783,-2.033333333333333,0.85,10.835300000000002,199.0,15.729700000000001,0.0,1007.52
2022-02-14 04:00:00,1.8444444444444446,0.2833333333333322,0.9,5.554500000000001,145.0,8.1788,0.0,1007.02
2022-02-14 05:00:00,1.761111111111112,-0.09444444444444539,0.92,6.295100000000001,220.0,5.9731000000000005,0.0,1007.4
2022-02-14 06:00:00,2.8500000000000014,2.8500000000000014,0.89,4.7495,241.0,6.021400000000001,0.0,1007.79
2022-02-14 07:00:00,4.800000000000001,1.8277777777777773,0.88,13.1537,241.0,7.6796999999999995,0.0,1008.09
2022-02-14 08:00:00,6.066666666666667,3.227777777777779,0.86,14.039200000000001,260.0,8.1305,0.0,1008.72
2022-02-14 09:00:00,6.1388888888888875,2.894444444444445,0.86,16.9694,260.0,8.1305,0.0,1009.21
2022-02-14 10:00:00,7.155555555555556,4.183333333333334,0.87,16.7923,255.0,8.420300000000001,0.0,1009.85
2022-02-14 11:00:00,8.794444444444444,6.111111111111111,0.83,17.7905,292.0,9.982000000000001,0.0,1010.03
2022-02-14 12:00:00,8.88888888888889,5.238888888888889,0.66,28.6902,320.0,9.982000000000001,0.0,1010.23
2022-02-14 13:00:00,8.0,4.4222222222222225,0.69,24.5686,329.0,10.3523,0.0,1010.96
2022-02-14 14:00:00,7.8500000000000005,3.994444444444443,0.69,27.305600000000002,329.0,9.982000000000001,0.0,1011.34
2022-02-14 15:00:00,8.88888888888889,5.761111111111109,0.62,22.3468,320.0,10.255700000000001,0.0,1012.03
2022-02-14 16:00:00,7.894444444444446,4.683333333333334,0.62,20.4953,303.0,10.2235,0.0,1012.5
2022-02-14 17:00:00,7.194444444444446,4.594444444444446,0.64,14.1519,300.0,10.255700000000001,0.0,1013.14
2022-02-14 18:00:00,5.98888888888889,3.122222222222221,0.7,14.1036,291.0,10.255700000000001,0.0,1014.25
2022-02-14 19:00:00,4.100000000000001,1.1944444444444438,0.74,11.946200000000001,299.0,10.2235,0.0,1015.18
2022-02-14 20:00:00,3.838888888888887,0.7611111111111097,0.7,12.558,300.0,10.255700000000001,0.0,1015.83
2022-02-14 21:00:00,3.661111111111113,0.905555555555557,0.73,10.7387,299.0,16.1,0.0,1016.75
2022-02-14 22:00:00,1.6277777777777775,-0.22777777777777786,0.78,6.230700000000001,290.0,15.1823,0.0,1017.43
2022-02-14 23:00:00,1.3444444444444454,1.3444444444444454,0.79,3.1878,272.0,16.0517,0.0,1017.64
2022-02-15 00:00:00,0.8833333333333352,-0.9166666666666659,0.79,5.8121,288.0,15.826300000000002,0.0,1018.14
2022-02-15 01:00:00,0.35555555555555585,-3.6000000000000005,0.83,13.1698,280.0,14.9569,0.0,1018.44
2022-02-15 02:00:00,-0.2055555555555561,-2.3166666666666678,0.83,6.1824,279.0,15.826300000000002,0.0,1018.61
2022-02-15 03:00:00,-0.7833333333333334,-0.7833333333333334,0.82,3.2039,145.0,15.826300000000002,0.0,1018.5
2022-02-15 04:00:00,-1.6999999999999993,-1.6999999999999993,0.92,2.9463000000000004,172.0,14.9569,0.0,1018.42
2022-02-15 05:00:00,-2.2888888888888896,-2.2888888888888896,0.92,3.22,170.0,15.826300000000002,0.0,1018.4
2022-02-15 06:00:00,-2.272222222222222,-5.783333333333333,0.88,9.2253,131.0,15.826300000000002,0.0,1018.56
2022-02-15 07:00:00,-1.338888888888889,-1.338888888888889,0.84,4.5563,145.0,14.9569,0.0,1018.45
2022-02-15 08:00:00,-0.06666666666666722,-1.655555555555556,0.85,5.0232,168.0,16.0517,0.0,1018.99
2022-02-15 09:00:00,2.755555555555556,0.055555555555556344,0.82,9.7405,160.0,16.1,0.0,1018.96
2022-02-15 10:00:00,5.833333333333333,3.4666666666666677,0.68,10.996300000000002,161.0,15.1823,0.0,1019.04
2022-02-15 11:00:00,7.733333333333334,5.422222222222221,0.63,13.0088,170.0,16.1,0.0,1018.96
2022-02-15 12:00:00,8.93888888888889,6.833333333333332,0.58,13.4274,170.0,16.1,0.0,1018.63
2022-02-15 13:00:00,10.050000000000002,10.050000000000002,0.52,23.634800000000002,151.0,15.552600000000002,0.0,1017.9
2022-02-15 14:00:00,11.11111111111111,11.11111111111111,0.5,20.624100000000002,169.0,16.1,0.0,1016.94
2022-02-15 15:00:00,11.06111111111111,11.06111111111111,0.46,20.5275,160.0,16.1,0.0,1016.52
2022-02-15 16:00:00,10.072222222222223,10.072222222222223,0.48,17.1304,158.0,15.552600000000002,0.0,1016.18
2022-02-15 17:00:00,7.799999999999999,5.327777777777779,0.54,14.168000000000003,150.0,16.1,0.0,1015.55
2022-02-15 18:00:00,7.66111111111111,4.788888888888888,0.51,17.001600000000003,140.0,16.1,0.0,1015.73
2022-02-15 19:00:00,6.0555555555555545,2.833333333333334,0.57,16.6474,140.0,15.1823,0.0,1015.44
2022-02-15 20:00:00,5.972222222222222,2.3166666666666678,0.57,19.9801,149.0,16.1,0.0,1014.94
2022-02-15 21:00:00,4.511111111111109,0.8222222222222205,0.63,17.3075,141.0,16.1,0.0,1014.53
2022-02-15 22:00:00,4.516666666666668,0.5666666666666684,0.63,19.2878,142.0,15.1823,0.0,1013.9
2022-02-15 23:00:00,4.05,-0.14999999999999977,0.64,20.3182,151.0,16.1,0.0,1013.52
2022-02-16 00:00:00,4.488888888888888,0.4166666666666667,0.67,20.221600000000002,161.0,16.1,0.0,1013.5
2022-02-16 01:00:00,4.233333333333332,0.9666666666666678,0.72,14.1036,164.0,15.1823,0.0,1013.43
2022-02-16 02:00:00,3.816666666666665,1.0999999999999983,0.73,10.7387,170.0,16.1,0.0,1013.22
2022-02-16 03:00:00,2.244444444444444,-0.7444444444444444,0.79,10.5616,189.0,16.1,0.0,1013.24
2022-02-16 04:00:00,2.1611111111111114,-0.9111111111111114,0.82,10.851400000000002,181.0,15.1823,0.0,1013.3
2022-02-16 05:00:00,2.2666666666666657,-0.7833333333333334,0.79,10.835300000000002,170.0,16.1,0.0,1013.53
2022-02-16 06:00:00,2.511111111111113,-0.47777777777777747,0.79,10.770900000000001,174.0,16.1,0.0,1013.91
2022-02-16 07:00:00,3.227777777777779,0.011111111111112848,0.81,12.6224,166.0,15.1823,0.0,1014.41
2022-02-16 08:00:00,5.227777777777776,2.805555555555554,0.81,10.6743,174.0,16.1,0.0,1014.83
2022-02-16 09:00:00,7.98888888888889,6.033333333333333,0.75,11.157300000000001,203.0,16.1,0.0,1015.04
2022-02-16 10:00:00,12.049999999999999,12.049999999999999,0.61,8.3076,191.0,15.552600000000002,0.0,1015.43
2022-02-16 11:00:00,14.855555555555558,14.855555555555558,0.51,14.1358,289.0,16.1,0.0,1015.18
2022-02-16 12:00:00,15.966666666666669,15.966666666666669,0.48,17.259200000000003,281.0,16.1,0.0,1015.26
2022-02-16 13:00:00,15.988888888888889,15.988888888888889,0.5,14.586600000000002,304.0,15.552600000000002,0.0,1014.89
2022-02-16 14:00:00,17.049999999999997,17.049999999999997,0.44,7.953400000000001,302.0,16.1,0.0,1014.5
2022-02-16 15:00:00,17.049999999999997,17.049999999999997,0.48,8.8067,291.0,16.1,0.0,1014.39
2022-02-16 16:00:00,15.116666666666667,15.116666666666667,0.57,9.2414,190.0,10.577700000000002,0.0,1014.33
2022-02-16 17:00:00,12.727777777777776,12.727777777777776,0.64,7.615300000000001,158.0,16.1,0.0,1014.35
2022-02-16 18:00:00,12.061111111111112,12.061111111111112,0.66,4.717300000000001,112.0,16.1,0.0,1014.17
2022-02-16 19:00:00,10.088888888888887,10.088888888888887,0.72,6.295100000000001,125.0,15.150100000000002,0.0,1014.24
2022-02-16 20:00:00,8.883333333333335,7.411111111111113,0.77,9.466800000000001,140.0,9.982000000000001,0.0,1013.96
2022-02-16 21:00:00,9.327777777777776,9.049999999999999,0.77,4.8461,152.0,15.826300000000002,0.0,1013.9
2022-02-16 22:00:00,8.822222222222223,6.383333333333335,0.78,15.7458,315.0,15.150100000000002,0.0,1014.55
2022-02-16 23:00:00,7.200000000000001,4.155555555555554,0.83,17.436300000000003,330.0,15.826300000000002,0.0,1015.08
2022-02-17 00:00:00,5.650000000000001,2.6444444444444435,0.86,14.49,340.0,15.826300000000002,0.0,1015.55
2022-02-17 01:00:00,5.26111111111111,2.261111111111111,0.89,13.910400000000001,340.0,14.9569,0.0,1015.45
2022-02-17 02:00:00,3.9833333333333343,2.4666666666666655,0.91,6.3112,350.0,14.9086,0.0,1015.45
2022-02-17 03:00:00,3.433333333333333,0.5222222222222209,0.91,11.270000000000001,330.0,14.9086,0.0,1015.24
2022-02-17 04:00:00,3.050000000000001,3.050000000000001,0.92,3.2361,298.0,9.982000000000001,0.0,1015.56
2022-02-17 05:00:00,2.8999999999999995,2.8999999999999995,0.95,1.8193,358.0,6.295100000000001,0.0,1015.7
2022-02-17 06:00:00,2.9666666666666686,0.7277777777777791,0.95,8.1305,291.0,3.8318,0.0,1015.62
2022-02-17 07:00:00,4.866666666666665,2.438888888888889,0.87,10.3523,310.0,6.359500000000001,0.0,1016.36
2022-02-17 08:00:00,6.061111111111109,2.9777777777777774,0.8,15.665300000000002,331.0,9.708300000000001,0.0,1017.54
2022-02-17 09:00:00,7.127777777777776,4.144444444444445,0.8,16.856700000000004,19.0,9.9015,0.0,1017.7
2022-02-17 10:00:00,7.694444444444445,5.344444444444443,0.83,13.234200000000001,36.0,9.9015,0.0,1017.16
2022-02-17 11:00:00,9.81111111111111,8.294444444444444,0.77,10.7387,49.0,9.853200000000001,0.0,1017.06
2022-02-17 12:00:00,8.838888888888887,6.655555555555554,0.83,13.8299,11.0,9.982000000000001,0.0,1017.47
2022-02-17 13:00:00,9.227777777777778,7.066666666666666,0.8,14.2807,20.0,10.3523,0.0,1017.22
2022-02-17 14:00:00,8.816666666666666,6.4111111111111105,0.83,15.4721,30.0,9.982000000000001,0.0,1017.15
2022-02-17 15:00:00,8.75,6.338888888888887,0.78,15.391600000000002,21.0,9.982000000000001,0.0,1017.52
2022-02-17 16:00:00,7.411111111111113,5.216666666666667,0.87,11.8657,19.0,8.05,0.0,1017.37
2022-02-17 17:00:00,7.200000000000001,5.3999999999999995,0.87,9.5151,30.0,9.982000000000001,0.0,1018.11
2022-02-17 18:00:00,6.133333333333333,4.216666666666669,0.93,9.1287,29.0,9.982000000000001,0.0,1018.55
2022-02-17 19:00:00,6.244444444444445,4.383333333333334,0.93,8.9516,8.0,9.450700000000001,0.0,1019.11
2022-02-17 20:00:00,6.133333333333333,5.42777777777778,0.93,4.8783,329.0,9.982000000000001,0.0,1019.17
2022-02-17 21:00:00,6.061111111111109,4.872222222222224,0.93,6.279,340.0,11.9784,0.0,1020.33
2022-02-17 22:00:00,6.144444444444446,4.855555555555557,0.94,6.6493,323.0,13.9748,0.0,1020.87
2022-02-17 23:00:00,6.061111111111109,4.872222222222224,0.93,6.279,339.0,14.731500000000002,0.0,1021.39
2022-02-18 00:00:00,5.533333333333334,5.533333333333334,0.96,3.3649,319.0,7.969500000000001,0.0,1021.43
2022-02-18 01:00:00,5.572222222222223,4.4222222222222225,0.96,5.9248,287.0,7.3255,0.0,1022.11
2022-02-18 02:00:00,5.483333333333332,5.483333333333332,0.96,3.1073,347.0,5.9731000000000005,0.0,1022.3
2022-02-18 03:00:00,5.483333333333332,5.483333333333332,0.93,3.2039,289.0,3.9767000000000006,0.0,1022.6
2022-02-18 04:00:00,5.511111111111112,5.511111111111112,0.96,3.0268,278.0,5.119800000000001,0.0,1022.91
2022-02-18 05:00:00,4.927777777777776,4.927777777777776,1.0,1.7710000000000004,294.0,4.8461,0.0,1023.01
2022-02-18 06:00:00,4.855555555555557,4.855555555555557,0.93,1.5295,320.0,0.7889,0.0,1023.41
2022-02-18 07:00:00,4.9833333333333325,4.9833333333333325,0.94,0.4025,328.0,1.0787000000000002,0.0,1024.15
2022-02-18 08:00:00,4.877777777777778,4.877777777777778,1.0,0.0,0.0,4.314800000000001,0.0,1024.69
2022-02-18 09:00:00,7.055555555555557,7.055555555555557,0.93,0.0,0.0,8.645700000000001,0.0,1024.8
2022-02-18 10:00:00,7.755555555555556,7.755555555555556,0.85,2.6565,82.0,9.3702,0.0,1025.01
2022-02-18 11:00:00,8.88888888888889,8.88888888888889,0.77,3.1878,145.0,9.982000000000001,0.0,1025.18
2022-02-18 12:00:00,8.88888888888889,8.88888888888889,0.71,3.1234,129.0,9.982000000000001,0.0,1024.98
2022-02-18 13:00:00,9.049999999999999,9.049999999999999,0.71,3.9284000000000003,125.0,10.3523,0.0,1024.48
2022-02-18 14:00:00,9.905555555555555,9.905555555555555,0.71,4.8139,111.0,9.982000000000001,0.0,1024.07
2022-02-18 15:00:00,10.0,9.81111111111111,0.71,4.8622000000000005,112.0,9.982000000000001,0.0,1023.7
2022-02-18 16:00:00,9.955555555555556,8.28888888888889,0.72,11.8979,126.0,10.577700000000002,0.0,1023.37
2022-02-18 17:00:00,7.822222222222221,6.15,0.83,9.450700000000001,139.0,10.255700000000001,0.0,1022.89
2022-02-18 18:00:00,7.288888888888888,6.7444444444444445,0.86,4.8622000000000005,122.0,10.255700000000001,0.0,1023.17
2022-02-18 19:00:00,6.438888888888891,5.0,0.87,7.3738,117.0,9.982000000000001,0.0,1023.07
2022-02-18 20:00:00,6.205555555555557,4.261111111111112,0.93,9.2897,142.0,14.9086,0.0,1021.62
2022-02-18 21:00:00,6.205555555555557,3.9611111111111126,0.89,10.7387,141.0,11.9784,0.0,1022.07
2022-02-18 22:00:00,6.077777777777777,4.8388888888888895,0.9,6.4561,158.0,9.982000000000001,0.0,1021.89
2022-02-18 23:00:00,5.0,2.550000000000002,0.89,10.577700000000002,140.0,8.05,0.0,1021.1
2022-02-19 00:00:00,4.4222222222222225,2.9888888888888903,0.92,6.2468,139.0,5.957000000000001,0.0,1020.71
2022-02-19 01:00:00,4.01111111111111,4.01111111111111,0.93,3.5742000000000007,144.0,5.0393,0.0,1020.32
2022-02-19 02:00:00,4.322222222222223,2.883333333333332,0.93,6.230700000000001,139.0,4.7656,0.0,1019.72
2022-02-19 03:00:00,3.416666666666666,3.416666666666666,0.96,3.3810000000000002,145.0,1.7066000000000001,0.0,1019.47
2022-02-19 04:00:00,3.661111111111113,2.4166666666666674,0.93,5.425700000000001,126.0,2.7209,0.0,1018.78
2022-02-19 05:00:00,2.9555555555555557,0.027777777777776198,0.99,10.8997,141.0,2.9624,0.0,1018.18
2022-02-19 06:00:00,2.9555555555555557,0.36666666666666475,0.96,9.466800000000001,160.0,0.805,0.0,1018.13
2022-02-19 07:00:00,3.138888888888888,0.3722222222222232,0.99,10.3523,187.0,0.3703,0.0,1017.58
2022-02-19 08:00:00,3.955555555555554,1.1999999999999982,0.93,11.0446,169.0,0.16100000000000003,0.0,1017.38
2022-02-19 09:00:00,6.061111111111109,3.7722222222222217,1.0,10.851400000000002,189.0,2.1896000000000004,0.0,1017.43
2022-02-19 10:00:00,8.644444444444446,6.322222222222224,0.9,14.5061,171.0,4.4114,0.0,1016.9
2022-02-19 11:00:00,10.911111111111111,10.911111111111111,0.81,10.851400000000002,171.0,5.0393,0.0,1016.36
2022-02-19 12:00:00,12.600000000000001,12.600000000000001,0.73,7.856800000000001,170.0,6.118,0.0,1015.69
2022-02-19 13:00:00,14.711111111111109,14.711111111111109,0.68,4.7495,175.0,9.7405,0.0,1014.88
2022-02-19 14:00:00,15.838888888888887,15.838888888888887,0.63,9.048200000000001,179.0,11.9784,0.0,1014.09
2022-02-19 15:00:00,14.911111111111113,14.911111111111113,0.67,0.22540000000000004,112.0,14.9086,0.0,1013.68
2022-02-19 16:00:00,14.933333333333334,14.933333333333334,0.71,2.4311000000000003,293.0,11.511500000000002,0.0,1012.64
2022-02-19 17:00:00,12.222222222222221,12.222222222222221,0.8,8.1949,320.0,7.212800000000001,0.0,1012.91
2022-02-19 18:00:00,10.972222222222221,10.972222222222221,0.81,4.8461,18.0,7.1323,0.0,1013.04
2022-02-19 19:00:00,8.833333333333334,8.833333333333334,0.85,3.4615,359.0,6.9391,0.0,1013.03
2022-02-19 20:00:00,7.772222222222224,5.78888888888889,0.89,11.0607,340.0,6.118,0.0,1013.15
2022-02-19 21:00:00,8.283333333333331,6.438888888888891,0.86,10.867500000000001,331.0,6.118,0.0,1013.18
2022-02-19 22:00:00,8.399999999999999,6.127777777777778,0.9,13.7494,347.0,7.406,0.0,1013.48
2022-02-19 23:00:00,7.733333333333334,5.277777777777778,0.93,13.9426,329.0,6.0697,0.0,1014.05
2022-02-20 00:00:00,7.733333333333334,5.188888888888891,0.93,14.586600000000002,338.0,4.1216,0.0,1014.27
2022-02-20 01:00:00,7.249999999999998,5.188888888888891,0.93,10.9319,347.0,4.6368,0.0,1014.62
2022-02-20 02:00:00,6.688888888888888,4.4555555555555575,0.93,11.253900000000002,331.0,4.2021,0.0,1014.63
2022-02-20 03:00:00,7.200000000000001,5.1,0.86,11.0768,340.0,5.1359,0.0,1014.72
2022-02-20 04:00:00,6.655555555555554,5.511111111111112,0.93,6.423900000000001,338.0,5.3774,0.0,1014.62
2022-02-20 05:00:00,6.111111111111111,3.266666666666668,0.93,14.1358,299.0,6.118,0.0,1015.25
2022-02-20 06:00:00,6.111111111111111,3.4999999999999982,0.93,12.6868,310.0,6.0697,0.0,1015.75
2022-02-20 07:00:00,6.111111111111111,3.6444444444444457,0.94,11.8657,318.0,6.8747,0.0,1016.08
2022-02-20 08:00:00,7.1499999999999995,4.594444444444446,0.87,13.781600000000001,329.0,7.824600000000001,0.0,1016.54
2022-02-20 09:00:00,7.733333333333334,5.4944444444444445,0.83,12.5419,330.0,7.905100000000001,0.0,1016.84
2022-02-20 10:00:00,7.827777777777779,5.283333333333332,0.84,14.7476,339.0,8.9999,0.0,1017.13
2022-02-20 11:00:00,8.88888888888889,8.394444444444444,0.83,5.361300000000001,343.0,8.9677,0.0,1017.25
2022-02-20 12:00:00,9.927777777777777,9.038888888888891,0.82,7.5187,343.0,9.064300000000001,0.0,1017.63
2022-02-20 13:00:00,10.972222222222221,10.972222222222221,0.71,3.22,300.0,9.982000000000001,0.0,1017.34
2022-02-20 14:00:00,11.083333333333336,11.083333333333336,0.66,4.395300000000001,283.0,9.982000000000001,0.0,1016.83
2022-02-20 15:00:00,11.083333333333336,11.083333333333336,0.7,8.8389,10.0,9.982000000000001,0.0,1016.73
2022-02-20 16:00:00,10.005555555555553,10.005555555555553,0.77,5.796,47.0,9.982000000000001,0.0,1017.18
2022-02-20 17:00:00,9.927777777777777,9.000000000000002,0.77,7.6796999999999995,79.0,9.982000000000001,0.0,1017.11
2022-02-20 18:00:00,8.766666666666667,8.766666666666667,0.83,3.1395,145.0,10.2074,0.0,1017.51
2022-02-20 19:00:00,8.572222222222223,8.572222222222223,0.85,3.4776000000000002,157.0,9.6922,0.0,1017.96
2022-02-20 20:00:00,7.655555555555556,6.372222222222222,0.89,7.567000000000001,179.0,9.9015,0.0,1017.91
2022-02-20 21:00:00,7.6111111111111125,7.6111111111111125,0.89,3.2361,176.0,11.801300000000001,0.0,1018.2
2022-02-20 22:00:00,6.772222222222221,5.811111111111112,0.94,5.8765,183.0,10.787,0.0,1018.2
2022-02-20 23:00:00,5.805555555555557,5.805555555555557,0.93,3.1556,138.0,11.559800000000001,0.0,1017.62
2022-02-21 00:00:00,3.7666666666666675,3.7666666666666675,0.99,1.4973,45.0,0.6279,0.0,1017.42
2022-02-21 01:00:00,3.988888888888889,3.988888888888889,0.96,3.0268,42.0,0.6279,0.0,1017.15
2022-02-21 02:00:00,3.3500000000000005,3.3500000000000005,0.96,0.0,0.0,0.32200000000000006,0.0,1016.9
2022-02-21 03:00:00,3.3222222222222206,1.6611111111111123,0.96,6.44,80.0,0.32200000000000006,0.0,1016.49
2022-02-21 04:00:00,4.016666666666665,4.016666666666665,0.97,2.8658,10.0,0.2898,0.0,1016.13
2022-02-21 05:00:00,3.9055555555555563,3.9055555555555563,1.0,3.0751,165.0,0.32200000000000006,0.0,1016.08
2022-02-21 06:00:00,4.949999999999998,4.949999999999998,0.93,0.27370000000000005,90.0,0.3542,0.0,1015.7
2022-02-21 07:00:00,5.0666666666666655,5.0666666666666655,0.99,4.1699,26.0,0.8533000000000001,0.0,1015.16
2022-02-21 08:00:00,5.966666666666668,4.305555555555555,0.93,7.921200000000001,69.0,2.9785000000000004,0.0,1015.03
2022-02-21 09:00:00,5.98888888888889,5.98888888888889,1.0,3.0912,135.0,3.4454000000000002,0.0,1015.6
2022-02-21 10:00:00,7.6000000000000005,7.6000000000000005,0.96,3.8801000000000005,115.0,3.2522,0.0,1015.39
2022-02-21 11:00:00,8.677777777777777,7.222222222222222,0.9,9.160900000000002,109.0,4.347,0.0,1015.02
2022-02-21 12:00:00,9.833333333333336,8.538888888888888,0.84,9.4829,118.0,4.3631,0.0,1014.59
2022-02-21 13:00:00,9.877777777777778,8.444444444444446,0.84,10.3362,127.0,5.796,0.0,1013.8
2022-02-21 14:00:00,9.86111111111111,8.877777777777775,0.83,7.889000000000001,118.0,5.9248,0.0,1013.31
2022-02-21 15:00:00,9.883333333333333,9.883333333333333,0.83,4.7656,107.0,5.9248,0.0,1013.0
2022-02-21 16:00:00,9.994444444444447,9.749999999999998,0.84,5.0393,85.0,5.8121,0.0,1012.75
2022-02-21 17:00:00,8.838888888888887,7.677777777777777,0.89,7.905100000000001,79.0,5.957000000000001,0.0,1012.81
2022-02-21 18:00:00,8.794444444444444,7.66111111111111,0.89,7.7440999999999995,50.0,5.957000000000001,0.0,1012.92
2022-02-21 19:00:00,8.872222222222222,7.777777777777778,0.89,7.631400000000001,84.0,7.5992,0.0,1013.01
2022-02-21 20:00:00,8.744444444444447,7.255555555555556,0.9,9.4185,99.0,9.6117,0.0,1012.91
2022-02-21 21:00:00,8.744444444444447,6.994444444444446,0.87,10.867500000000001,109.0,9.595600000000001,0.0,1013.02
2022-02-21 22:00:00,8.25,6.566666666666666,0.85,9.9498,141.0,13.041,0.0,1013.03
2022-02-21 23:00:00,8.216666666666665,5.894444444444444,0.81,13.8138,159.0,14.49,0.0,1013.01
2022-02-22 00:00:00,7.705555555555555,6.8277777777777775,0.87,6.0697,169.0,11.5759,0.0,1013.01
2022-02-22 01:00:00,7.277777777777778,7.277777777777778,0.9,3.6386,181.0,6.745900000000001,0.0,1013.09
2022-02-22 02:00:00,7.194444444444446,7.194444444444446,0.93,3.0429,145.0,4.8139,0.0,1012.9
2022-02-22 03:00:00,7.1499999999999995,7.1499999999999995,0.93,3.0912,125.0,9.579500000000001,0.0,1012.61
2022-02-22 04:00:00,6.755555555555554,5.783333333333331,0.93,5.9248,144.0,9.0965,0.0,1012.75
2022-02-22 05:00:00,7.127777777777776,5.5277777777777795,0.94,8.5169,170.0,5.892600000000001,0.0,1012.72
2022-02-22 06:00:00,7.105555555555555,5.538888888888888,0.94,8.3398,169.0,2.9463000000000004,0.0,1012.91
2022-02-22 07:00:00,7.1000000000000005,5.922222222222221,0.93,6.7942,177.0,3.4615,0.0,1013.16
2022-02-22 08:00:00,7.1499999999999995,7.1499999999999995,0.93,1.0143,194.0,3.4132000000000002,0.0,1013.52
2022-02-22 09:00:00,7.66111111111111,6.194444444444444,0.9,8.355900000000002,180.0,3.8801000000000005,0.0,1013.73
2022-02-22 10:00:00,7.799999999999999,5.7555555555555555,0.96,11.4632,178.0,4.4114,0.0,1014.14
2022-02-22 11:00:00,8.72777777777778,7.783333333333331,0.9,6.9069,192.0,3.9284000000000003,0.0,1014.25
2022-02-22 12:00:00,8.75,8.75,0.89,2.2862,144.0,3.9284000000000003,0.0,1014.16
2022-02-22 13:00:00,8.199999999999998,8.199999999999998,0.94,0.8211,331.0,4.379200000000001,0.0,1013.91
2022-02-22 14:00:00,8.816666666666666,8.816666666666666,0.89,3.059,67.0,3.5259,0.0,1013.83
2022-02-22 15:00:00,8.816666666666666,8.816666666666666,0.93,3.703,0.0,3.5259,0.0,1013.83
2022-02-22 16:00:00,8.91111111111111,7.938888888888887,0.89,7.1323,9.0,3.9445000000000006,0.0,1014.04
2022-02-22 17:00:00,7.799999999999999,5.611111111111112,0.95,12.332600000000001,0.0,4.4436,0.0,1014.23
2022-02-22 18:00:00,7.799999999999999,6.1388888888888875,0.95,9.3702,11.0,4.4436,0.0,1014.83
2022-02-22 19:00:00,7.822222222222221,6.061111111111109,0.96,9.9015,20.0,4.4114,0.0,1015.24
2022-02-22 20:00:00,7.755555555555556,6.116666666666665,0.96,9.2253,1.0,4.459700000000001,0.0,1015.34
2022-02-22 21:00:00,7.755555555555556,6.816666666666668,0.93,6.295100000000001,0.0,4.4436,0.0,1015.73
2022-02-22 22:00:00,7.799999999999999,6.949999999999999,0.93,6.021400000000001,21.0,4.395300000000001,0.0,1015.93
2022-02-22 23:00:00,7.755555555555556,6.7777777777777795,0.93,6.44,2.0,4.4919,0.0,1016.15
2022-02-23 00:00:00,7.222222222222222,6.172222222222222,0.96,6.4078,353.0,3.1234,0.0,1016.44
2022-02-23 01:00:00,7.255555555555556,5.4944444444444445,0.96,9.3702,11.0,3.5581,0.0,1016.64
2022-02-23 02:00:00,7.200000000000001,5.138888888888889,0.96,10.867500000000001,9.0,2.5921000000000003,0.0,1016.75
2022-02-23 03:00:00,7.200000000000001,5.122222222222222,0.96,10.9641,20.0,2.5921000000000003,0.0,1016.75
2022-02-23 04:00:00,7.205555555555555,6.255555555555555,0.96,6.0536,28.0,2.8819000000000004,0.0,1016.94
2022-02-23 05:00:00,7.200000000000001,6.588888888888889,0.99,5.0071,38.0,2.0769,0.0,1017.46
2022-02-23 06:00:00,7.200000000000001,5.088888888888887,0.99,11.141200000000001,39.0,1.6744,0.0,1017.96
2022-02-23 07:00:00,7.205555555555555,4.844444444444444,0.93,12.590200000000001,51.0,1.8998,0.0,1018.25
2022-02-23 08:00:00,7.200000000000001,4.583333333333333,0.93,14.2646,30.0,3.8318,0.0,1018.96
2022-02-23 09:00:00,7.222222222222222,4.394444444444442,0.92,15.842400000000001,31.0,4.7495,0.0,1019.37
2022-02-23 10:00:00,7.300000000000001,4.961111111111111,0.93,12.5741,41.0,4.1216,0.0,1019.94
2022-02-23 11:00:00,7.272222222222224,4.677777777777779,0.92,14.2324,40.0,3.8318,0.0,1020.35
2022-02-23 12:00:00,7.344444444444444,4.73888888888889,0.92,14.3773,40.0,3.8318,0.0,1020.54
2022-02-23 13:00:00,7.877777777777778,5.905555555555557,0.95,11.125100000000002,41.0,5.3935,0.0,1020.42
2022-02-23 14:00:00,8.916666666666664,7.377777777777778,0.88,9.853200000000001,40.0,9.982000000000001,0.0,1020.34
2022-02-23 15:00:00,8.894444444444442,8.894444444444442,0.83,3.6869,31.0,9.982000000000001,0.0,1020.34
2022-02-23 16:00:00,8.833333333333334,6.944444444444445,0.84,11.817400000000001,20.0,9.450700000000001,0.0,1020.52
2022-02-23 17:00:00,8.866666666666667,7.688888888888891,0.83,7.985600000000001,21.0,8.1305,0.0,1020.84
2022-02-23 18:00:00,8.844444444444445,7.622222222222222,0.83,8.1949,21.0,9.982000000000001,0.0,1021.25
2022-02-23 19:00:00,7.777777777777778,7.777777777777778,0.89,3.8318,3.0,9.0965,0.0,1021.95
2022-02-23 20:00:00,7.777777777777778,5.294444444444445,0.88,14.2485,21.0,9.982000000000001,0.0,1022.15
2022-02-23 21:00:00,8.28888888888889,5.211111111111112,0.8,20.2055,30.0,15.826300000000002,0.0,1022.18
2022-02-23 22:00:00,7.755555555555556,5.438888888888888,0.84,13.089300000000001,9.0,14.9569,0.0,1022.56
2022-02-23 23:00:00,7.222222222222222,4.61111111111111,0.82,14.2646,11.0,15.826300000000002,0.0,1022.65
2022-02-24 00:00:00,7.222222222222222,5.1,0.79,11.237800000000002,3.0,15.826300000000002,0.0,1022.74
2022-02-24 01:00:00,6.716666666666669,4.577777777777779,0.83,10.770900000000001,3.0,14.9569,0.0,1022.83
2022-02-24 02:00:00,6.161111111111113,4.872222222222224,0.85,6.6493,353.0,14.9086,0.0,1022.75
2022-02-24 03:00:00,6.600000000000001,4.41111111111111,0.82,10.8997,10.0,14.9086,0.0,1022.55
2022-02-24 04:00:00,6.050000000000001,3.394444444444444,0.84,12.863900000000001,9.0,14.168000000000003,0.0,1022.37
2022-02-24 05:00:00,6.016666666666666,3.183333333333332,0.79,13.9265,20.0,9.982000000000001,0.0,1022.46
2022-02-24 06:00:00,4.927777777777776,1.849999999999999,0.86,13.9426,19.0,9.982000000000001,0.0,1022.56
2022-02-24 07:00:00,5.033333333333335,5.033333333333335,0.87,3.7996,36.0,9.982000000000001,0.0,1022.5
2022-02-24 08:00:00,5.999999999999998,4.31111111111111,0.79,8.05,19.0,9.982000000000001,0.0,1023.17
2022-02-24 09:00:00,6.044444444444446,3.994444444444443,0.85,9.6761,11.0,9.982000000000001,0.0,1023.35
2022-02-24 10:00:00,7.172222222222221,6.588888888888889,0.8,4.9266000000000005,63.0,9.821,0.0,1023.4
2022-02-24 11:00:00,7.822222222222221,7.822222222222221,0.76,3.6064000000000007,48.0,9.982000000000001,0.0,1023.51
2022-02-24 12:00:00,9.027777777777779,9.027777777777779,0.76,4.6690000000000005,339.0,9.982000000000001,0.0,1023.11
2022-02-24 13:00:00,9.038888888888891,9.038888888888891,0.71,0.5152,315.0,9.982000000000001,0.0,1022.85
2022-02-24 14:00:00,9.005555555555556,9.005555555555556,0.76,4.7012,69.0,9.982000000000001,0.0,1022.6
2022-02-24 15:00:00,9.005555555555556,8.644444444444446,0.76,4.9749,61.0,9.982000000000001,0.0,1022.59
2022-02-24 16:00:00,8.977777777777776,8.977777777777776,0.76,4.5563,110.0,9.982000000000001,0.0,1022.57
2022-02-24 17:00:00,8.91111111111111,7.833333333333333,0.77,7.583100000000001,118.0,9.982000000000001,0.0,1022.49
2022-02-24 18:00:00,7.799999999999999,6.133333333333333,0.88,9.4185,139.0,9.982000000000001,0.0,1022.88
2022-02-24 19:00:00,7.666666666666665,6.0888888888888895,0.89,8.8711,157.0,9.982000000000001,0.0,1023.16
2022-02-24 20:00:00,7.222222222222222,5.5277777777777795,0.93,9.032100000000002,150.0,8.1305,0.0,1023.29
2022-02-24 21:00:00,7.200000000000001,6.277777777777776,0.89,5.9731000000000005,169.0,7.212800000000001,0.0,1023.2
2022-02-24 22:00:00,7.188888888888887,7.188888888888887,0.89,3.1073,160.0,8.3398,0.0,1023.29
2022-02-24 23:00:00,6.688888888888888,6.688888888888888,0.89,3.0751,150.0,9.9015,0.0,1023.37
2022-02-25 00:00:00,6.666666666666667,5.522222222222221,0.89,6.44,160.0,9.9015,0.0,1023.08
2022-02-25 01:00:00,6.561111111111113,5.416666666666667,0.9,6.391700000000001,143.0,9.1287,0.0,1023.02
2022-02-25 02:00:00,6.644444444444445,5.583333333333332,0.89,6.1341,149.0,9.7566,0.0,1022.78
2022-02-25 03:00:00,6.1833333333333345,3.9333333333333322,0.86,10.7548,160.0,11.7369,0.0,1022.37
2022-02-25 04:00:00,5.622222222222221,3.255555555555555,0.85,10.8031,150.0,11.431000000000001,0.0,1022.23
2022-02-25 05:00:00,5.1611111111111105,3.011111111111112,0.87,9.3541,170.0,14.5222,0.0,1022.26
2022-02-25 06:00:00,5.116666666666667,2.3388888888888895,0.83,12.397,159.0,14.49,0.0,1022.36
2022-02-25 07:00:00,5.0666666666666655,2.1611111111111114,0.85,13.0732,159.0,13.8299,0.0,1022.58
2022-02-25 08:00:00,5.1611111111111105,2.4055555555555546,0.83,12.332600000000001,170.0,9.595600000000001,0.0,1022.96
2022-02-25 09:00:00,6.1833333333333345,3.366666666666668,0.77,14.023100000000003,180.0,9.6439,0.0,1022.97
2022-02-25 10:00:00,6.144444444444446,4.41111111111111,0.81,8.3237,170.0,9.160900000000002,0.0,1022.89
2022-02-25 11:00:00,7.288888888888888,5.250000000000002,0.79,10.835300000000002,199.0,9.6761,0.0,1022.97
2022-02-25 12:00:00,7.894444444444446,6.277777777777776,0.76,9.2414,180.0,9.708300000000001,0.0,1022.86
2022-02-25 13:00:00,7.861111111111111,5.994444444444444,0.72,10.4972,154.0,9.66,0.0,1022.54
2022-02-25 14:00:00,8.027777777777779,6.161111111111113,0.71,10.706500000000002,160.0,9.9015,0.0,1022.22
2022-02-25 15:00:00,8.005555555555553,5.8833333333333355,0.71,12.187700000000001,139.0,15.729700000000001,0.0,1021.93
2022-02-25 16:00:00,7.9944444444444445,6.1388888888888875,0.7,10.5938,149.0,14.699300000000003,0.0,1021.56
2022-02-25 17:00:00,6.294444444444443,4.272222222222221,0.79,9.7405,130.0,14.812,0.0,1021.43
2022-02-25 18:00:00,5.138888888888889,4.255555555555554,0.82,5.0071,121.0,11.8496,0.0,1021.63
2022-02-25 19:00:00,4.1166666666666645,1.900000000000001,0.89,8.8067,109.0,9.837100000000001,0.0,1021.86
2022-02-25 20:00:00,3.8444444444444454,1.1388888888888873,0.89,10.706500000000002,102.0,14.731500000000002,0.0,1021.98
2022-02-25 21:00:00,3.7722222222222217,0.994444444444444,0.86,10.980200000000002,111.0,14.731500000000002,0.0,1022.29
2022-02-25 22:00:00,3.1555555555555554,0.40555555555555384,0.87,10.304000000000002,129.0,13.9748,0.0,1022.56
2022-02-25 23:00:00,2.6333333333333346,-0.2666666666666669,0.86,10.513300000000001,139.0,14.570500000000003,0.0,1022.58
2022-02-26 00:00:00,1.5722222222222213,-1.5722222222222213,0.83,10.642100000000001,139.0,14.5061,0.0,1022.59
2022-02-26 01:00:00,1.0388888888888874,-0.8500000000000006,0.85,6.0858,150.0,13.7977,0.0,1022.59
2022-02-26 02:00:00,1.0388888888888874,-2.2111111111111112,0.83,10.642100000000001,159.0,14.49,0.0,1022.49
2022-02-26 03:00:00,-0.5333333333333338,-4.194444444444445,0.88,11.0285,149.0,14.5222,0.0,1022.58
2022-02-26 04:00:00,-0.4999999999999992,-3.9333333333333322,0.92,10.1591,132.0,13.8299,0.0,1022.49
2022-02-26 05:00:00,-1.1833333333333327,-4.455555555555555,0.93,9.1287,140.0,9.6117,0.0,1022.87
2022-02-26 06:00:00,-1.1333333333333329,-4.433333333333334,0.92,9.2253,140.0,7.824600000000001,0.0,1022.89
2022-02-26 07:00:00,-0.1888888888888888,-3.1166666666666663,0.87,8.5813,138.0,8.1788,0.0,1023.39
2022-02-26 08:00:00,1.0444444444444458,-2.2666666666666657,0.86,10.8836,159.0,7.969500000000001,0.0,1023.87
2022-02-26 09:00:00,3.8444444444444454,0.777777777777777,0.77,12.5097,160.0,9.9015,0.0,1023.89
2022-02-26 10:00:00,6.011111111111111,3.4722222222222223,0.71,12.1555,157.0,14.168000000000003,0.0,1024.13
2022-02-26 11:00:00,7.777777777777778,6.050000000000001,0.68,9.6922,158.0,16.0517,0.0,1023.86
2022-02-26 12:00:00,8.983333333333334,7.200000000000001,0.63,11.3344,149.0,16.0517,0.0,1023.46
2022-02-26 13:00:00,10.005555555555553,10.005555555555553,0.6,11.237800000000002,156.0,15.520400000000002,0.0,1023.05
2022-02-26 14:00:00,11.155555555555555,11.155555555555555,0.6,11.286100000000001,133.0,16.1,0.0,1022.46
2022-02-26 15:00:00,11.177777777777777,11.177777777777777,0.6,11.0768,140.0,16.1,0.0,1022.15
2022-02-26 16:00:00,10.233333333333334,10.233333333333334,0.59,9.9498,140.0,15.552600000000002,0.0,1021.99
2022-02-26 17:00:00,7.911111111111113,6.25,0.7,9.466800000000001,130.0,16.1,0.0,1022.15
2022-02-26 18:00:00,7.222222222222222,5.166666666666665,0.73,10.835300000000002,112.0,12.2521,0.0,1022.45
2022-02-26 19:00:00,6.161111111111113,3.7722222222222217,0.8,11.4793,111.0,15.150100000000002,0.0,1022.91
2022-02-26 20:00:00,5.0,3.177777777777777,0.82,7.889000000000001,122.0,15.826300000000002,0.0,1022.85
2022-02-26 21:00:00,4.905555555555555,2.372222222222224,0.83,10.9158,131.0,15.697500000000002,0.0,1023.06
2022-02-26 22:00:00,3.483333333333335,1.7277777777777774,0.86,6.7942,136.0,14.844200000000003,0.0,1023.18
2022-02-26 23:00:00,3.355555555555555,1.6777777777777796,0.85,6.5044,149.0,15.697500000000002,0.0,1022.88
2022-02-27 00:00:00,2.7611111111111106,0.9888888888888895,0.89,6.488300000000001,132.0,14.7637,0.0,1022.98
2022-02-27 01:00:00,1.9055555555555554,1.9055555555555554,0.9,3.703,158.0,14.023100000000003,0.0,1023.08
2022-02-27 02:00:00,0.6944444444444444,-1.288888888888889,0.92,6.2146,177.0,11.753,0.0,1023.08
2022-02-27 03:00:00,0.7888888888888899,-1.2777777777777781,0.92,6.4722,168.0,11.753,0.0,1022.96
2022-02-27 04:00:00,0.46111111111111014,-1.5111111111111104,0.95,6.0858,141.0,9.434600000000001,0.0,1022.79
2022-02-27 05:00:00,2.294444444444446,1.0055555555555569,0.92,5.055400000000001,123.0,9.7566,0.0,1022.85
2022-02-27 06:00:00,2.7833333333333323,0.14444444444444335,0.89,9.5151,130.0,6.9391,0.0,1022.67
2022-02-27 07:00:00,2.622222222222222,0.5444444444444427,0.9,7.3738,163.0,7.824600000000001,0.0,1022.56
2022-02-27 08:00:00,3.916666666666665,0.5888888888888901,0.82,14.039200000000001,150.0,7.905100000000001,0.0,1023.24
2022-02-27 09:00:00,5.072222222222224,2.255555555555557,0.82,12.558,141.0,7.969500000000001,0.0,1023.16
2022-02-27 10:00:00,7.272222222222224,5.26111111111111,0.74,10.6582,168.0,8.3398,0.0,1022.9
2022-02-27 11:00:00,7.8500000000000005,6.472222222222221,0.75,8.0983,151.0,8.0983,0.0,1022.96
2022-02-27 12:00:00,10.999999999999998,10.999999999999998,0.62,12.8317,150.0,9.982000000000001,0.0,1022.37
2022-02-27 13:00:00,11.211111111111112,11.211111111111112,0.56,13.491800000000001,159.0,10.3523,0.0,1021.5
2022-02-27 14:00:00,12.133333333333335,12.133333333333335,0.53,14.007,170.0,9.982000000000001,0.0,1020.86
2022-02-27 15:00:00,12.68888888888889,12.68888888888889,0.5,11.0929,160.0,9.982000000000001,0.0,1020.17
2022-02-27 16:00:00,12.266666666666666,12.266666666666666,0.51,8.8228,156.0,10.3523,0.0,1019.51
2022-02-27 17:00:00,10.044444444444444,10.044444444444444,0.66,8.0822,142.0,14.9086,0.0,1019.08
2022-02-27 18:00:00,8.866666666666667,7.705555555555555,0.71,7.9373000000000005,122.0,14.9086,0.0,1018.97
2022-02-27 19:00:00,7.788888888888891,6.022222222222224,0.76,9.9015,133.0,14.5222,0.0,1018.83
2022-02-27 20:00:00,6.094444444444444,3.7944444444444434,0.79,10.948,141.0,14.9086,0.0,1018.68
2022-02-27 21:00:00,6.600000000000001,4.4555555555555575,0.82,10.6582,140.0,14.9086,0.0,1018.47
2022-02-27 22:00:00,7.055555555555557,5.922222222222221,0.79,6.617100000000001,149.0,14.0875,0.0,1018.14
2022-02-27 23:00:00,6.483333333333334,5.405555555555554,0.77,6.118,151.0,14.731500000000002,0.0,1017.79
2022-02-28 00:00:00,5.811111111111112,4.622222222222223,0.83,6.1502,141.0,14.6832,0.0,1017.5
2022-02-28 01:00:00,5.550000000000001,4.194444444444443,0.87,6.5688,177.0,11.4471,0.0,1017.22
2022-02-28 02:00:00,5.8833333333333355,3.6500000000000004,0.8,10.368400000000001,152.0,11.7047,0.0,1016.68
2022-02-28 03:00:00,5.899999999999999,5.899999999999999,0.8,2.9302,202.0,11.7047,0.0,1016.27
2022-02-28 04:00:00,6.327777777777778,4.316666666666668,0.84,9.7405,278.0,11.4471,0.0,1015.49
2022-02-28 05:00:00,5.38888888888889,4.13888888888889,0.83,6.1502,121.0,9.6761,0.0,1015.12
2022-02-28 06:00:00,3.8611111111111125,1.8000000000000012,0.89,8.05,160.0,7.7440999999999995,0.0,1015.19
2022-02-28 07:00:00,4.883333333333333,2.7111111111111126,0.85,9.2414,130.0,8.0822,0.0,1015.02
2022-02-28 08:00:00,5.022222222222222,2.3277777777777766,0.87,11.8496,171.0,7.840700000000001,0.0,1014.88
2022-02-28 09:00:00,6.1833333333333345,3.9055555555555563,0.8,10.8997,160.0,7.8729,0.0,1014.56
2022-02-28 10:00:00,7.488888888888886,6.2666666666666675,0.8,7.1967,149.0,8.2593,0.0,1014.12
2022-02-28 11:00:00,8.983333333333334,8.566666666666668,0.77,5.1359,169.0,8.935500000000001,0.0,1013.1
2022-02-28 12:00:00,11.038888888888888,11.038888888888888,0.67,7.695800000000001,162.0,9.9015,0.0,1012.68
2022-02-28 13:00:00,11.033333333333333,11.033333333333333,0.71,11.1734,217.0,10.2718,0.0,1011.8
2022-02-28 14:00:00,9.994444444444447,8.805555555555555,0.83,9.064300000000001,207.0,8.935500000000001,0.0,1011.38
2022-02-28 15:00:00,8.0,4.866666666666665,0.88,20.0284,141.0,9.6761,0.0,1010.96
2022-02-28 16:00:00,9.205555555555556,8.133333333333333,0.81,7.8084999999999996,145.0,10.3523,0.0,1010.66
2022-02-28 17:00:00,7.883333333333332,6.627777777777777,0.88,7.615300000000001,110.0,9.982000000000001,0.0,1010.36
2022-02-28 18:00:00,7.216666666666669,5.761111111111109,0.86,7.969500000000001,100.0,8.8872,0.0,1010.09
2022-02-28 19:00:00,6.283333333333335,4.488888888888888,0.92,8.694,114.0,11.6081,0.0,1010.37
2022-02-28 20:00:00,5.972222222222222,3.3888888888888897,0.86,12.348700000000001,139.0,11.672500000000001,0.0,1010.0
2022-02-28 21:00:00,6.461111111111112,4.355555555555558,0.83,10.3201,239.0,11.7047,0.0,1010.75
2022-02-28 22:00:00,4.966666666666665,4.966666666666665,0.87,3.3488,116.0,11.4954,0.0,1010.48
2022-02-28 23:00:00,3.3611111111111094,3.3611111111111094,0.89,3.0429,106.0,7.084000000000001,0.0,1009.97
2022-03-01 00:00:00,3.2722222222222226,1.5833333333333341,0.89,6.488300000000001,142.0,8.1305,0.0,1010.07
2022-03-01 01:00:00,2.883333333333332,0.14444444444444335,0.92,10.0142,142.0,8.6135,0.0,1010.3
2022-03-01 02:00:00,2.666666666666665,-0.3222222222222213,0.9,10.9158,131.0,7.969500000000001,0.0,1009.87
2022-03-01 03:00:00,2.622222222222222,-0.9277777777777787,0.9,13.652800000000001,150.0,7.824600000000001,0.0,1009.67
2022-03-01 04:00:00,1.2277777777777783,-1.8888888888888882,0.92,10.239600000000001,142.0,8.1466,0.0,1009.65
2022-03-01 05:00:00,1.0444444444444458,-2.527777777777778,0.86,12.058900000000001,139.0,7.728,0.0,1009.86
2022-03-01 06:00:00,1.0666666666666675,-2.8666666666666667,0.93,13.846,139.0,3.8801000000000005,0.0,1010.04
2022-03-01 07:00:00,1.9277777777777771,-1.377777777777778,0.87,11.688600000000001,138.0,4.6207,0.0,1009.92
2022-03-01 08:00:00,2.688888888888891,-1.4111111111111105,0.9,17.0177,140.0,4.9105,0.0,1009.96
2022-03-01 09:00:00,5.972222222222222,2.333333333333335,0.8,19.8352,150.0,7.905100000000001,0.0,1009.87
2022-03-01 10:00:00,6.983333333333333,4.05,0.79,16.1644,148.0,9.8693,0.0,1009.78
2022-03-01 11:00:00,11.016666666666666,11.016666666666666,0.71,12.525800000000002,149.0,14.9086,0.0,1009.37
2022-03-01 12:00:00,11.155555555555555,11.155555555555555,0.61,17.0499,139.0,15.826300000000002,0.0,1008.87
2022-03-01 13:00:00,11.372222222222222,11.372222222222222,0.56,15.456,130.0,15.3111,0.0,1008.3
2022-03-01 14:00:00,12.799999999999999,12.799999999999999,0.55,14.2324,121.0,9.982000000000001,0.0,1007.85
2022-03-01 15:00:00,13.794444444444444,13.794444444444444,0.46,17.2109,120.0,15.826300000000002,0.0,1006.89
2022-03-01 16:00:00,12.888888888888891,12.888888888888891,0.48,15.359399999999999,120.0,15.520400000000002,0.0,1006.02
2022-03-01 17:00:00,12.105555555555554,12.105555555555554,0.53,13.9909,109.0,16.1,0.0,1005.79
2022-03-01 18:00:00,9.86111111111111,8.11111111111111,0.62,12.316500000000001,118.0,16.1,0.0,1005.97
2022-03-01 19:00:00,8.805555555555555,6.561111111111113,0.66,14.2163,120.0,15.150100000000002,0.0,1006.06
2022-03-01 20:00:00,7.1499999999999995,4.6000000000000005,0.71,13.7494,137.0,16.0517,0.0,1005.58
2022-03-01 21:00:00,6.0888888888888895,3.7777777777777763,0.73,10.996300000000002,127.0,16.0517,0.0,1005.76
2022-03-01 22:00:00,5.3999999999999995,3.011111111111112,0.75,10.6743,116.0,15.150100000000002,0.0,1005.8
2022-03-01 23:00:00,4.883333333333333,2.3166666666666678,0.79,11.0607,99.0,16.0517,0.0,1005.46
2022-03-02 00:00:00,4.283333333333334,1.0666666666666675,0.79,13.8621,118.0,16.0517,0.0,1004.98
2022-03-02 01:00:00,3.761111111111113,1.0277777777777786,0.83,10.7548,90.0,14.9569,0.0,1004.59
2022-03-02 02:00:00,4.8388888888888895,2.3499999999999983,0.77,10.626,99.0,15.826300000000002,0.0,1004.09
2022-03-02 03:00:00,2.727777777777776,0.9388888888888877,0.83,6.5366,51.0,15.826300000000002,0.0,1003.31
2022-03-02 04:00:00,1.9611111111111117,-1.0166666666666657,0.89,10.255700000000001,47.0,14.844200000000003,0.0,1003.16
2022-03-02 05:00:00,1.1777777777777763,-1.2777777777777781,0.92,7.8084999999999996,88.0,15.6009,0.0,1003.19
2022-03-02 06:00:00,2.2166666666666677,-0.2777777777777778,0.85,8.5652,166.0,7.776300000000001,0.0,1003.2
2022-03-02 07:00:00,1.5611111111111124,1.5611111111111124,0.92,3.2683,24.0,7.3255,0.0,1003.1
2022-03-02 08:00:00,2.822222222222221,0.3166666666666668,0.89,9.032100000000002,21.0,7.840700000000001,0.0,1003.5
2022-03-02 09:00:00,4.972222222222224,3.2611111111111097,0.86,7.4704,345.0,8.8389,0.0,1003.41
2022-03-02 10:00:00,7.122222222222222,7.122222222222222,0.74,2.5438,348.0,9.080400000000001,0.0,1003.16
2022-03-02 11:00:00,7.777777777777778,7.777777777777778,0.71,3.1234,357.0,8.9677,0.0,1003.23
2022-03-02 12:00:00,8.861111111111112,8.861111111111112,0.67,4.4275,325.0,11.9784,0.0,1003.03
2022-03-02 13:00:00,8.977777777777776,7.711111111111112,0.7,8.500800000000002,355.0,15.3111,0.0,1002.54
2022-03-02 14:00:00,8.955555555555556,7.26111111111111,0.71,10.7548,352.0,14.9086,0.0,1002.22
2022-03-02 15:00:00,8.955555555555556,7.066666666666666,0.66,11.9784,2.0,15.826300000000002,0.0,1002.39
2022-03-02 16:00:00,8.133333333333333,6.188888888888889,0.74,11.270000000000001,359.0,12.042800000000002,0.0,1002.21
2022-03-02 17:00:00,7.777777777777778,5.827777777777779,0.76,10.867500000000001,0.0,8.1305,0.0,1001.94
2022-03-02 18:00:00,7.266666666666666,5.872222222222223,0.79,7.7440999999999995,341.0,9.982000000000001,0.0,1002.05
2022-03-02 19:00:00,7.272222222222224,7.272222222222224,0.79,4.0572,266.0,14.9569,0.0,1002.39
2022-03-02 20:00:00,7.105555555555555,5.333333333333334,0.79,9.2736,292.0,9.982000000000001,0.0,1002.5
2022-03-02 21:00:00,6.55,6.55,0.82,3.22,320.0,14.812,0.0,1002.34
2022-03-02 22:00:00,5.611111111111112,4.444444444444445,0.87,5.9892,262.0,14.0875,0.0,1002.46
2022-03-02 23:00:00,4.416666666666668,4.416666666666668,0.89,2.7853000000000003,201.0,14.812,0.0,1002.31
2022-03-03 00:00:00,5.411111111111112,5.411111111111112,0.87,3.22,290.0,14.812,0.0,1002.2
2022-03-03 01:00:00,5.061111111111111,5.061111111111111,0.9,3.3005,215.0,14.0875,0.0,1002.16
2022-03-03 02:00:00,5.38888888888889,5.38888888888889,0.89,2.9302,191.0,14.731500000000002,0.0,1001.89
2022-03-03 03:00:00,4.877777777777778,3.455555555555555,0.93,6.44,200.0,14.731500000000002,0.0,1001.78
2022-03-03 04:00:00,5.46111111111111,5.46111111111111,0.93,2.898,196.0,6.6976,0.0,1001.75
2022-03-03 05:00:00,4.9,3.483333333333335,0.93,6.44,170.0,4.9910000000000005,0.0,1001.68
2022-03-03 06:00:00,4.949999999999998,4.949999999999998,0.93,3.22,150.0,1.3202,0.0,1001.6
2022-03-03 07:00:00,5.9611111111111095,5.177777777777778,0.93,5.0232,143.0,4.0733,0.0,1001.92
2022-03-03 08:00:00,6.0888888888888895,4.53888888888889,0.93,7.567000000000001,131.0,3.9767000000000006,0.0,1001.97
2022-03-03 09:00:00,7.177777777777779,5.422222222222221,0.86,9.2897,131.0,4.9910000000000005,0.0,1001.76
2022-03-03 10:00:00,7.688888888888891,4.977777777777778,0.77,15.761899999999999,132.0,10.3523,0.0,1001.54
2022-03-03 11:00:00,8.77222222222222,5.733333333333333,0.72,21.1232,149.0,9.982000000000001,0.0,1001.58
2022-03-03 12:00:00,8.794444444444444,6.555555555555554,0.77,14.168000000000003,120.0,9.982000000000001,0.0,1001.29
2022-03-03 13:00:00,8.81111111111111,6.622222222222224,0.77,13.8299,116.0,10.3523,0.0,1000.65
2022-03-03 14:00:00,8.794444444444444,7.03888888888889,0.77,10.9641,119.0,9.982000000000001,0.0,1000.2
2022-03-03 15:00:00,9.816666666666668,8.233333333333333,0.72,11.1734,118.0,9.982000000000001,0.0,1000.11
2022-03-03 16:00:00,9.777777777777779,8.861111111111112,0.67,7.5348,163.0,10.3523,0.0,1000.08
2022-03-03 17:00:00,8.77222222222222,8.77222222222222,0.78,0.7245,76.0,9.982000000000001,0.0,1000.01
2022-03-03 18:00:00,7.200000000000001,5.68888888888889,0.8,8.1949,70.0,9.9015,0.0,1000.01
2022-03-03 19:00:00,7.405555555555555,5.783333333333331,0.79,8.855,92.0,9.8693,0.0,1000.26
2022-03-03 20:00:00,7.477777777777779,4.944444444444444,0.77,14.1036,128.0,9.7566,0.0,1000.31
2022-03-03 21:00:00,7.455555555555557,5.005555555555555,0.75,13.507900000000001,138.0,15.488199999999999,0.0,1000.7
2022-03-03 22:00:00,6.322222222222224,6.322222222222224,0.81,3.8318,139.0,14.6349,0.0,1000.77
2022-03-03 23:00:00,6.394444444444443,5.3,0.78,6.1502,150.0,15.552600000000002,0.0,1000.72
2022-03-04 00:00:00,6.35,5.227777777777776,0.77,6.1985,149.0,15.504300000000002,0.0,1000.8
2022-03-04 01:00:00,5.811111111111112,4.73888888888889,0.79,5.796,154.0,14.6349,0.0,1000.75
2022-03-04 02:00:00,5.866666666666668,4.283333333333334,0.8,7.550900000000001,118.0,9.6117,0.0,1000.69
2022-03-04 03:00:00,5.816666666666666,4.583333333333333,0.8,6.3112,90.0,15.456,0.0,1000.2
2022-03-04 04:00:00,5.805555555555557,5.805555555555557,0.82,3.4615,85.0,14.6349,0.0,1000.33
2022-03-04 05:00:00,4.844444444444444,3.0777777777777775,0.87,7.583100000000001,50.0,9.6117,0.0,1000.31
2022-03-04 06:00:00,4.844444444444444,3.1055555555555574,0.87,7.486500000000001,40.0,7.776300000000001,0.0,1000.3
2022-03-04 07:00:00,4.872222222222224,2.727777777777776,0.88,9.0965,70.0,8.0983,0.0,1000.43
2022-03-04 08:00:00,6.044444444444446,4.05,0.8,9.3863,60.0,9.6761,0.0,1000.51
2022-03-04 09:00:00,7.155555555555556,4.827777777777777,0.74,12.332600000000001,70.0,9.853200000000001,0.0,1000.62
2022-03-04 10:00:00,7.827777777777779,5.6722222222222225,0.77,12.1555,92.0,10.2718,0.0,1001.34
2022-03-04 11:00:00,8.91111111111111,7.233333333333336,0.71,10.642100000000001,81.0,9.982000000000001,0.0,1001.59
2022-03-04 12:00:00,8.961111111111112,6.977777777777779,0.71,12.590200000000001,80.0,9.982000000000001,0.0,1001.71
2022-03-04 13:00:00,9.17777777777778,7.07222222222222,0.69,13.8299,75.0,10.3523,0.0,1001.96
2022-03-04 14:00:00,10.066666666666666,10.066666666666666,0.71,12.203800000000001,70.0,9.982000000000001,0.0,1001.62
2022-03-04 15:00:00,10.044444444444444,10.044444444444444,0.71,21.2037,60.0,9.982000000000001,0.0,1001.68
2022-03-04 16:00:00,9.133333333333333,6.672222222222221,0.7,16.5025,54.0,10.3523,0.0,1001.57
2022-03-04 17:00:00,8.91111111111111,6.700000000000001,0.77,14.1197,51.0,9.982000000000001,0.0,1001.82
2022-03-04 18:00:00,8.838888888888887,7.361111111111111,0.77,9.4829,70.0,9.982000000000001,0.0,1002.81
2022-03-04 19:00:00,8.777777777777777,7.622222222222222,0.77,7.840700000000001,67.0,10.3523,0.0,1003.63
2022-03-04 20:00:00,7.799999999999999,7.799999999999999,0.83,4.7656,50.0,9.982000000000001,0.0,1004.04
2022-03-04 21:00:00,7.755555555555556,6.816666666666668,0.83,6.3112,30.0,15.826300000000002,0.0,1004.53
2022-03-04 22:00:00,7.755555555555556,7.011111111111109,0.83,5.6511,45.0,14.9569,0.0,1004.8
2022-03-04 23:00:00,7.244444444444444,6.227777777777778,0.89,6.3112,30.0,16.1,0.0,1005.51
2022-03-05 00:00:00,6.733333333333332,6.105555555555557,0.89,4.8944,27.0,15.826300000000002,0.0,1005.82
2022-03-05 01:00:00,7.116666666666668,6.222222222222224,0.89,5.8443000000000005,13.0,14.9569,0.0,1006.16
2022-03-05 02:00:00,7.222222222222222,6.061111111111109,0.89,6.810300000000001,10.0,9.982000000000001,0.0,1006.24
2022-03-05 03:00:00,6.666666666666667,5.56111111111111,0.93,6.295100000000001,342.0,9.982000000000001,0.0,1006.23
2022-03-05 04:00:00,5.7222222222222205,4.400000000000001,0.93,6.5366,0.0,9.982000000000001,0.0,1006.35
2022-03-05 05:00:00,6.133333333333333,3.877777777777776,0.93,10.7387,0.0,9.982000000000001,0.0,1006.83
2022-03-05 06:00:00,6.133333333333333,4.5055555555555555,0.93,7.905100000000001,0.0,9.982000000000001,0.0,1006.86
2022-03-05 07:00:00,6.994444444444446,5.311111111111113,0.88,8.774500000000002,359.0,9.4024,0.0,1007.48
2022-03-05 08:00:00,7.177777777777779,4.827777777777777,0.86,12.5097,0.0,9.982000000000001,0.0,1008.06
2022-03-05 09:00:00,7.222222222222222,4.855555555555557,0.86,12.6707,0.0,8.1305,0.0,1008.65
2022-03-05 10:00:00,7.838888888888889,5.266666666666665,0.88,15.005200000000002,0.0,9.4185,0.0,1008.59
2022-03-05 11:00:00,8.91111111111111,6.700000000000001,0.82,14.1358,10.0,9.982000000000001,0.0,1008.4
2022-03-05 12:00:00,9.927777777777777,7.266666666666666,0.82,20.3826,9.0,9.982000000000001,0.0,1008.87
2022-03-05 13:00:00,9.961111111111112,7.650000000000002,0.77,17.0177,8.0,9.982000000000001,0.0,1008.75
2022-03-05 14:00:00,10.072222222222223,10.072222222222223,0.82,17.5007,9.0,9.982000000000001,0.0,1008.66
2022-03-05 15:00:00,11.08888888888889,11.08888888888889,0.7,15.955100000000002,10.0,10.255700000000001,0.0,1008.93
2022-03-05 16:00:00,10.077777777777778,10.077777777777778,0.76,15.874600000000001,1.0,10.2235,0.0,1009.21
2022-03-05 17:00:00,8.983333333333334,7.061111111111112,0.88,12.203800000000001,1.0,8.1305,0.0,1009.75
2022-03-05 18:00:00,8.93888888888889,7.472222222222224,0.88,9.466800000000001,3.0,9.982000000000001,0.0,1010.46
2022-03-05 19:00:00,8.794444444444444,7.777777777777778,0.9,7.2611,359.0,9.595600000000001,0.0,1011.22
2022-03-05 20:00:00,8.816666666666666,6.6166666666666645,0.83,13.9265,1.0,9.982000000000001,0.0,1011.66
2022-03-05 21:00:00,8.283333333333331,5.566666666666668,0.86,16.9533,12.0,15.826300000000002,0.0,1012.26
2022-03-05 22:00:00,7.822222222222221,4.866666666666665,0.85,18.0481,30.0,14.586600000000002,0.0,1012.68
2022-03-05 23:00:00,6.733333333333332,3.561111111111109,0.82,17.5651,40.0,15.826300000000002,0.0,1013.44
2022-03-06 00:00:00,6.733333333333332,3.611111111111111,0.82,17.146500000000003,31.0,15.826300000000002,0.0,1013.85
2022-03-06 01:00:00,6.300000000000002,3.711111111111111,0.87,12.8317,31.0,13.8138,0.0,1014.61
2022-03-06 02:00:00,6.1833333333333345,3.3722222222222222,0.85,14.007,21.0,15.826300000000002,0.0,1015.06
2022-03-06 03:00:00,6.1388888888888875,3.3388888888888877,0.82,13.8621,21.0,15.1823,0.0,1015.17
2022-03-06 04:00:00,5.68888888888889,2.894444444444445,0.9,13.234200000000001,10.0,14.586600000000002,0.0,1015.97
2022-03-06 05:00:00,6.1388888888888875,3.316666666666666,0.86,14.007,0.0,9.982000000000001,0.0,1016.56
2022-03-06 06:00:00,6.161111111111113,4.122222222222224,0.86,9.708300000000001,1.0,14.9086,0.0,1017.07
2022-03-06 07:00:00,6.122222222222224,3.5777777777777766,0.87,12.2843,0.0,9.982000000000001,0.0,1017.67
2022-03-06 08:00:00,7.222222222222222,4.622222222222223,0.79,14.2002,11.0,10.2074,0.0,1018.46
2022-03-06 09:00:00,7.222222222222222,3.8333333333333326,0.79,20.4953,11.0,10.255700000000001,0.0,1018.71
2022-03-06 10:00:00,7.788888888888891,4.4722222222222205,0.83,21.2198,10.0,9.982000000000001,0.0,1019.14
2022-03-06 11:00:00,8.93888888888889,5.844444444444446,0.76,22.137500000000003,11.0,9.982000000000001,0.0,1019.48
2022-03-06 12:00:00,12.177777777777779,12.177777777777779,0.66,25.1321,29.0,9.982000000000001,0.0,1019.57
2022-03-06 13:00:00,12.349999999999998,12.349999999999998,0.66,26.065900000000003,19.0,9.982000000000001,0.0,1019.39
2022-03-06 14:00:00,12.733333333333334,12.733333333333334,0.64,25.164300000000004,20.0,9.982000000000001,0.0,1019.29
2022-03-06 15:00:00,12.755555555555556,12.755555555555556,0.64,24.761800000000004,2.0,9.982000000000001,0.0,1019.29
2022-03-06 16:00:00,12.272222222222224,12.272222222222224,0.65,23.634800000000002,1.0,10.2235,0.0,1019.51
2022-03-06 17:00:00,11.133333333333333,11.133333333333333,0.66,21.847700000000003,11.0,10.255700000000001,0.0,1020.07
2022-03-06 18:00:00,10.044444444444444,10.044444444444444,0.61,30.1392,11.0,10.255700000000001,0.0,1020.58
2022-03-06 19:00:00,9.083333333333334,5.972222222222222,0.67,22.7493,10.0,10.2235,0.0,1021.02
2022-03-06 20:00:00,7.838888888888889,4.21111111111111,0.71,24.7135,21.0,16.1,0.0,1021.77
2022-03-06 21:00:00,7.283333333333333,3.9333333333333322,0.73,20.3021,21.0,16.1,0.0,1022.36
2022-03-06 22:00:00,6.816666666666668,3.416666666666666,0.76,19.6259,21.0,15.1823,0.0,1022.65
2022-03-06 23:00:00,6.199999999999998,2.0888888888888877,0.76,24.8584,12.0,16.1,0.0,1022.95
2022-03-07 00:00:00,5.644444444444442,1.8388888888888901,0.78,20.5275,20.0,16.1,0.0,1022.97
2022-03-07 01:00:00,5.144444444444443,1.3166666666666653,0.81,19.593700000000002,10.0,15.1823,0.0,1023.04
2022-03-07 02:00:00,4.583333333333333,0.9111111111111114,0.81,17.291400000000003,12.0,16.1,0.0,1023.37
2022-03-07 03:00:00,4.583333333333333,0.9277777777777787,0.81,17.1626,11.0,16.1,0.0,1023.08
2022-03-07 04:00:00,5.011111111111113,1.5833333333333341,0.8,16.325400000000002,10.0,15.1823,0.0,1023.07
2022-03-07 05:00:00,5.0,1.0833333333333348,0.82,20.0123,30.0,16.1,0.0,1023.19
2022-03-07 06:00:00,5.022222222222222,1.4722222222222214,0.82,17.1948,29.0,10.255700000000001,0.0,1023.29
2022-03-07 07:00:00,6.011111111111111,3.06111111111111,0.78,14.6671,29.0,9.982000000000001,0.0,1023.73
2022-03-07 08:00:00,6.1388888888888875,3.4999999999999982,0.79,12.88,49.0,15.826300000000002,0.0,1024.26
2022-03-07 09:00:00,6.1388888888888875,3.5166666666666657,0.79,12.783400000000002,31.0,9.982000000000001,0.0,1024.46
2022-03-07 10:00:00,7.26111111111111,5.266666666666665,0.8,10.577700000000002,30.0,15.1823,0.0,1024.45
2022-03-07 11:00:00,7.711111111111112,5.438888888888888,0.76,12.735100000000001,41.0,16.1,0.0,1024.55
2022-03-07 12:00:00,7.805555555555554,5.550000000000001,0.82,12.735100000000001,40.0,10.255700000000001,0.0,1024.64
2022-03-07 13:00:00,9.016666666666664,8.677777777777777,0.82,4.9105,62.0,10.3523,0.0,1024.42
2022-03-07 14:00:00,8.93888888888889,8.93888888888889,0.82,3.5259,46.0,9.982000000000001,0.0,1024.42
2022-03-07 15:00:00,9.883333333333333,9.627777777777776,0.77,5.0393,40.0,9.982000000000001,0.0,1024.24
2022-03-07 16:00:00,9.916666666666666,9.038888888888891,0.78,7.4543,6.0,10.3523,0.0,1024.34
2022-03-07 17:00:00,8.816666666666666,6.844444444444445,0.83,12.348700000000001,21.0,14.9086,0.0,1024.72
2022-03-07 18:00:00,7.777777777777778,6.422222222222223,0.83,7.953400000000001,21.0,14.9086,0.0,1025.12
2022-03-07 19:00:00,7.416666666666667,7.416666666666667,0.87,3.3005,351.0,14.9569,0.0,1025.63
2022-03-07 20:00:00,7.222222222222222,7.222222222222222,0.86,3.2683,344.0,15.826300000000002,0.0,1025.72
2022-03-07 21:00:00,6.688888888888888,6.688888888888888,0.89,2.9946,305.0,15.826300000000002,0.0,1025.92
2022-03-07 22:00:00,6.755555555555554,6.755555555555554,0.9,2.2862,346.0,14.168000000000003,0.0,1026.09
2022-03-07 23:00:00,6.622222222222224,6.622222222222224,0.89,3.3488,352.0,14.9086,0.0,1026.22
2022-03-08 00:00:00,6.644444444444445,5.555555555555555,0.89,6.2468,323.0,15.826300000000002,0.0,1025.93
2022-03-08 01:00:00,6.611111111111111,5.66111111111111,0.9,5.7799000000000005,18.0,12.461400000000001,0.0,1025.91
2022-03-08 02:00:00,6.111111111111111,4.905555555555555,0.89,6.359500000000001,343.0,14.9086,0.0,1026.04
2022-03-08 03:00:00,6.111111111111111,4.9,0.89,6.3756,0.0,15.826300000000002,0.0,1025.86
2022-03-08 04:00:00,6.133333333333333,3.9499999999999997,0.9,10.368400000000001,359.0,14.9569,0.0,1025.99
2022-03-08 05:00:00,5.483333333333332,2.5722222222222237,0.89,13.652800000000001,10.0,15.729700000000001,0.0,1026.55
2022-03-08 06:00:00,3.811111111111111,1.3888888888888888,0.92,9.450700000000001,9.0,9.8049,0.0,1027.35
2022-03-08 07:00:00,5.0166666666666675,2.3944444444444457,0.88,11.4632,7.0,9.7888,0.0,1027.9
2022-03-08 08:00:00,7.200000000000001,3.7277777777777783,0.74,21.2037,10.0,9.9015,0.0,1028.38
2022-03-08 09:00:00,8.872222222222222,6.3166666666666655,0.72,16.7601,350.0,9.982000000000001,0.0,1028.86
2022-03-08 10:00:00,10.783333333333331,10.783333333333331,0.67,15.6009,350.0,15.150100000000002,0.0,1028.84
2022-03-08 11:00:00,12.222222222222221,12.222222222222221,0.57,19.9157,350.0,15.826300000000002,0.0,1028.75
2022-03-08 12:00:00,12.872222222222224,12.872222222222224,0.59,17.2753,339.0,9.982000000000001,0.0,1028.45
2022-03-08 13:00:00,13.816666666666666,13.816666666666666,0.54,19.674200000000003,0.0,10.3523,0.0,1027.78
2022-03-08 14:00:00,13.894444444444442,13.894444444444442,0.55,22.057,359.0,10.255700000000001,0.0,1027.78
2022-03-08 15:00:00,14.911111111111113,14.911111111111113,0.51,21.735000000000003,359.0,10.255700000000001,0.0,1027.78
2022-03-08 16:00:00,14.81111111111111,14.81111111111111,0.51,19.481,5.0,10.577700000000002,0.0,1027.48
2022-03-08 17:00:00,12.755555555555556,12.755555555555556,0.55,15.423800000000002,18.0,10.255700000000001,0.0,1027.68
2022-03-08 18:00:00,11.06111111111111,11.06111111111111,0.61,9.5151,338.0,16.1,0.0,1028.06
2022-03-08 19:00:00,8.22777777777778,6.216666666666665,0.74,11.817400000000001,311.0,15.1823,0.0,1028.36
2022-03-08 20:00:00,7.311111111111109,5.022222222222222,0.73,12.3004,320.0,16.1,0.0,1028.57
2022-03-08 21:00:00,6.8277777777777775,4.17777777777778,0.75,13.9265,340.0,16.1,0.0,1028.87
2022-03-08 22:00:00,7.03888888888889,4.861111111111111,0.75,11.3183,348.0,15.1823,0.0,1029.2
2022-03-08 23:00:00,6.688888888888888,3.977777777777776,0.76,14.1036,10.0,16.1,0.0,1029.55
2022-03-09 00:00:00,6.083333333333335,1.338888888888887,0.76,31.829700000000003,31.0,16.0517,0.0,1029.95
2022-03-09 01:00:00,4.527777777777777,-0.09444444444444539,0.83,25.180400000000002,30.0,14.9569,0.0,1030.33
2022-03-09 02:00:00,3.9333333333333322,-1.072222222222222,0.82,27.3378,21.0,15.826300000000002,0.0,1030.3
2022-03-09 03:00:00,3.9111111111111105,-1.3944444444444453,0.82,30.5095,21.0,15.826300000000002,0.0,1030.19
2022-03-09 04:00:00,3.9000000000000017,-0.9722222222222222,0.83,25.9049,21.0,14.9569,0.0,1030.06
2022-03-09 05:00:00,3.9111111111111105,-0.5333333333333338,0.82,22.0087,30.0,15.826300000000002,0.0,1030.0
2022-03-09 06:00:00,3.8444444444444454,-0.39999999999999936,0.82,20.2377,29.0,15.826300000000002,0.0,1030.5
2022-03-09 07:00:00,3.7666666666666675,-0.5555555555555556,0.84,20.6885,29.0,14.586600000000002,0.0,1030.78
2022-03-09 08:00:00,5.027777777777776,0.7222222222222207,0.82,23.5382,30.0,15.826300000000002,0.0,1031.11
2022-03-09 09:00:00,7.76111111111111,3.9222222222222234,0.71,26.838700000000003,30.0,15.826300000000002,0.0,1031.57
2022-03-09 10:00:00,9.911111111111113,7.144444444444444,0.62,21.429100000000002,38.0,15.1823,0.0,1031.31
2022-03-09 11:00:00,12.200000000000001,12.200000000000001,0.52,24.9872,40.0,15.826300000000002,0.0,1031.18
2022-03-09 12:00:00,13.816666666666666,13.816666666666666,0.47,31.990700000000004,32.0,15.826300000000002,0.0,1030.5
2022-03-09 13:00:00,13.833333333333334,13.833333333333334,0.45,29.833300000000005,12.0,15.552600000000002,0.0,1029.74
2022-03-09 14:00:00,13.933333333333332,13.933333333333332,0.45,34.2125,21.0,16.1,0.0,1029.01
2022-03-09 15:00:00,13.861111111111112,13.861111111111112,0.42,28.3521,32.0,15.826300000000002,0.0,1028.79
2022-03-09 16:00:00,13.827777777777778,13.827777777777778,0.44,27.5954,30.0,15.3111,0.0,1028.28
2022-03-09 17:00:00,12.755555555555556,12.755555555555556,0.45,23.522100000000002,30.0,16.1,0.0,1028.4
2022-03-09 18:00:00,11.083333333333336,11.083333333333336,0.5,20.3504,30.0,16.1,0.0,1028.7
2022-03-09 19:00:00,9.949999999999998,7.200000000000001,0.54,21.3647,28.0,15.1823,0.0,1028.9
2022-03-09 20:00:00,8.88888888888889,5.78888888888889,0.58,22.057,30.0,16.1,0.0,1028.8
2022-03-09 21:00:00,8.77222222222222,5.405555555555554,0.56,24.7135,30.0,16.1,0.0,1028.52
2022-03-09 22:00:00,7.588888888888887,4.800000000000001,0.59,16.180500000000002,29.0,15.1823,0.0,1028.55
2022-03-09 23:00:00,6.600000000000001,3.8499999999999996,0.62,14.2163,39.0,16.1,0.0,1028.59
2022-03-10 00:00:00,6.044444444444446,2.7777777777777777,0.62,16.9533,39.0,16.0517,0.0,1028.67
2022-03-10 01:00:00,5.144444444444443,2.3277777777777766,0.67,12.654600000000002,44.0,15.150100000000002,0.0,1028.73
2022-03-10 02:00:00,5.38888888888889,2.433333333333335,0.63,13.8138,50.0,16.0517,0.0,1028.75
2022-03-10 03:00:00,2.844444444444443,0.9999999999999984,0.75,6.745900000000001,32.0,16.0517,0.0,1028.82
2022-03-10 04:00:00,2.794444444444445,0.016666666666667298,0.74,10.0947,46.0,15.150100000000002,0.0,1028.59
2022-03-10 05:00:00,1.25,-2.0500000000000007,0.77,11.012400000000001,32.0,16.0517,0.0,1028.62
2022-03-10 06:00:00,1.1777777777777763,-2.4555555555555566,0.78,12.477500000000001,22.0,16.0517,0.0,1028.82
2022-03-10 07:00:00,1.3222222222222237,-1.7777777777777775,0.78,10.255700000000001,39.0,15.150100000000002,0.0,1029.02
2022-03-10 08:00:00,2.9166666666666665,-0.43333333333333396,0.7,12.960500000000001,51.0,16.1,0.0,1029.42
2022-03-10 09:00:00,5.072222222222224,2.822222222222221,0.65,9.7405,41.0,16.1,0.0,1029.61
2022-03-10 10:00:00,8.494444444444444,7.622222222222222,0.48,6.488300000000001,125.0,15.552600000000002,0.0,1029.19
2022-03-10 11:00:00,9.883333333333333,8.427777777777779,0.46,10.4811,3.0,16.1,0.0,1028.48
2022-03-10 12:00:00,11.066666666666668,11.066666666666668,0.39,7.776300000000001,29.0,16.1,0.0,1027.81
2022-03-10 13:00:00,11.127777777777778,11.127777777777778,0.33,10.2074,39.0,15.552600000000002,0.0,1027.51
2022-03-10 14:00:00,12.200000000000001,12.200000000000001,0.32,3.1556,20.0,16.1,0.0,1026.61
2022-03-10 15:00:00,12.200000000000001,12.200000000000001,0.32,4.4758,353.0,16.1,0.0,1025.93
2022-03-10 16:00:00,11.883333333333333,11.883333333333333,0.31,10.0142,58.0,15.552600000000002,0.0,1025.7
2022-03-10 17:00:00,11.016666666666666,11.016666666666666,0.28,7.6796999999999995,50.0,16.1,0.0,1025.43
2022-03-10 18:00:00,8.794444444444444,7.744444444444444,0.38,7.3899,37.0,16.1,0.0,1025.05
2022-03-10 19:00:00,7.194444444444446,5.799999999999999,0.51,7.695800000000001,6.0,15.1823,0.0,1025.55
2022-03-10 20:00:00,5.0166666666666675,5.0166666666666675,0.64,0.2898,300.0,15.826300000000002,0.0,1025.71
2022-03-10 21:00:00,2.844444444444443,2.844444444444443,0.78,2.9624,236.0,15.826300000000002,0.0,1025.71
2022-03-10 22:00:00,1.9611111111111117,1.9611111111111117,0.76,2.7209,238.0,14.9569,0.0,1025.52
2022-03-10 23:00:00,1.0666666666666675,1.0666666666666675,0.77,2.9463000000000004,245.0,15.826300000000002,0.0,1025.32
2022-03-11 00:00:00,0.56111111111111,0.56111111111111,0.77,3.0268,253.0,16.0517,0.0,1024.94
2022-03-11 01:00:00,-0.6555555555555554,-2.422222222222222,0.84,5.2325,228.0,15.150100000000002,0.0,1025.09
2022-03-11 02:00:00,-0.5499999999999992,-2.577777777777778,0.8,5.8604,320.0,15.826300000000002,0.0,1024.73
2022-03-11 03:00:00,-0.6166666666666664,-2.7611111111111106,0.8,6.1019000000000005,253.0,15.826300000000002,0.0,1024.06
2022-03-11 04:00:00,-0.344444444444445,-0.344444444444445,0.79,3.3488,284.0,14.9569,0.0,1024.2
2022-03-11 05:00:00,-2.194444444444444,-5.277777777777778,0.8,7.953400000000001,333.0,15.826300000000002,0.0,1024.17
2022-03-11 06:00:00,-2.261111111111111,-6.127777777777778,0.8,10.465,331.0,12.2199,0.0,1024.45
2022-03-11 07:00:00,-0.1388888888888889,-2.411111111111111,0.77,6.6332,344.0,11.914000000000001,0.0,1025.02
2022-03-11 08:00:00,2.8277777777777797,0.21666666666666698,0.69,9.450700000000001,20.0,10.255700000000001,0.0,1025.33
2022-03-11 09:00:00,7.155555555555556,5.7222222222222205,0.51,7.840700000000001,10.0,12.2521,0.0,1025.64
2022-03-11 10:00:00,10.655555555555557,10.655555555555557,0.44,4.652900000000001,34.0,15.1823,0.0,1025.81
2022-03-11 11:00:00,12.200000000000001,12.200000000000001,0.25,4.9910000000000005,21.0,16.1,0.0,1025.73
2022-03-11 12:00:00,13.866666666666667,13.866666666666667,0.22,9.209200000000001,342.0,16.1,0.0,1025.42
2022-03-11 13:00:00,13.827777777777778,13.827777777777778,0.22,10.1913,13.0,15.552600000000002,0.0,1024.89
2022-03-11 14:00:00,15.0,15.0,0.2,12.654600000000002,359.0,16.1,0.0,1024.23
2022-03-11 15:00:00,15.02222222222222,15.02222222222222,0.18,17.2753,29.0,16.1,0.0,1024.41
2022-03-11 16:00:00,14.016666666666664,14.016666666666664,0.21,15.616999999999999,19.0,15.552600000000002,0.0,1024.38
2022-03-11 17:00:00,12.31111111111111,12.31111111111111,0.31,10.996300000000002,0.0,16.1,0.0,1024.71
2022-03-11 18:00:00,9.022222222222224,7.666666666666665,0.39,8.9838,0.0,16.1,0.0,1025.4
2022-03-11 19:00:00,6.466666666666667,4.949999999999998,0.46,7.695800000000001,349.0,15.1823,0.0,1025.8
2022-03-11 20:00:00,5.972222222222222,4.005555555555556,0.49,9.2253,0.0,16.1,0.0,1026.24
2022-03-11 21:00:00,5.811111111111112,3.4388888888888878,0.48,11.0285,358.0,15.826300000000002,0.0,1026.64
2022-03-11 22:00:00,4.877777777777778,3.4722222222222223,0.5,6.3756,342.0,14.9569,0.0,1026.96
2022-03-11 23:00:00,3.6388888888888875,3.6388888888888875,0.6,3.0107000000000004,222.0,15.826300000000002,0.0,1027.17
2022-03-12 00:00:00,2.116666666666668,2.116666666666668,0.67,3.3327,323.0,15.826300000000002,0.0,1027.67
2022-03-12 01:00:00,2.283333333333333,0.39444444444444493,0.6,6.6332,322.0,15.150100000000002,0.0,1027.97
2022-03-12 02:00:00,2.261111111111111,-0.7333333333333335,0.56,10.5938,332.0,16.0517,0.0,1028.05
2022-03-12 03:00:00,1.5888888888888886,-0.23888888888888873,0.57,6.1502,330.0,16.0517,0.0,1027.86
2022-03-12 04:00:00,1.3833333333333344,1.3833333333333344,0.6,4.008900000000001,325.0,14.9569,0.0,1028.04
2022-03-12 05:00:00,0.5888888888888901,-1.4444444444444453,0.64,6.295100000000001,331.0,15.826300000000002,0.0,1028.07
2022-03-12 06:00:00,2.000000000000001,-0.41111111111111026,0.55,8.1305,329.0,15.826300000000002,0.0,1028.38
2022-03-12 07:00:00,2.3555555555555565,-0.23888888888888873,0.67,9.016,341.0,14.9569,0.0,1028.78
2022-03-12 08:00:00,7.049999999999999,4.355555555555558,0.56,14.570500000000003,352.0,15.826300000000002,0.0,1029.27
2022-03-12 09:00:00,11.138888888888888,11.138888888888888,0.49,15.761899999999999,3.0,14.9086,0.0,1029.54
2022-03-12 10:00:00,12.166666666666666,12.166666666666666,0.46,17.114300000000004,11.0,14.3612,0.0,1029.63
2022-03-12 11:00:00,12.894444444444446,12.894444444444446,0.47,20.3504,11.0,15.1823,0.0,1029.53
2022-03-12 12:00:00,15.0,15.0,0.33,20.0123,11.0,16.1,0.0,1029.35
2022-03-12 13:00:00,15.950000000000001,15.950000000000001,0.33,15.359399999999999,351.0,15.552600000000002,0.0,1028.67
2022-03-12 14:00:00,16.083333333333332,16.083333333333332,0.23,20.2377,1.0,16.1,0.0,1028.06
2022-03-12 15:00:00,15.116666666666667,15.116666666666667,0.25,23.119600000000002,1.0,16.1,0.0,1027.85
2022-03-12 16:00:00,15.055555555555555,15.055555555555555,0.26,21.4613,352.0,15.552600000000002,0.0,1027.73
2022-03-12 17:00:00,12.916666666666666,12.916666666666666,0.31,12.445300000000001,351.0,16.1,0.0,1027.82
2022-03-12 18:00:00,10.227777777777776,10.227777777777776,0.4,9.338000000000001,20.0,16.1,0.0,1028.23
2022-03-12 19:00:00,8.238888888888887,6.961111111111112,0.44,7.953400000000001,350.0,15.1823,0.0,1028.7
2022-03-12 20:00:00,7.66111111111111,6.005555555555556,0.49,9.2253,1.0,16.1,0.0,1029.16
2022-03-12 21:00:00,7.222222222222222,6.1833333333333345,0.49,6.3756,332.0,16.1,0.0,1029.46
2022-03-12 22:00:00,6.916666666666668,4.9333333333333345,0.48,10.1591,15.0,15.1823,0.0,1029.57
2022-03-12 23:00:00,7.533333333333335,4.9833333333333325,0.46,14.312900000000003,21.0,16.1,0.0,1029.78
2022-03-13 00:00:00,5.844444444444446,3.011111111111112,0.52,13.685,20.0,16.1,0.0,1029.98
2022-03-13 01:00:00,4.766666666666666,1.7111111111111101,0.57,13.5723,359.0,15.1823,0.0,1030.02
2022-03-13 02:00:00,4.777777777777779,1.6777777777777796,0.58,13.8782,1.0,16.1,0.0,1029.99
2022-03-13 03:00:00,4.272222222222221,0.5999999999999991,0.58,16.744000000000003,1.0,16.1,0.0,1029.79
2022-03-13 04:00:00,3.4777777777777765,0.12777777777777605,0.63,13.5884,350.0,15.1823,0.0,1029.93
2022-03-13 05:00:00,2.666666666666665,-0.9888888888888895,0.67,14.312900000000003,11.0,16.1,0.0,1030.18
2022-03-13 06:00:00,1.0500000000000003,-2.5555555555555562,0.75,12.203800000000001,0.0,16.1,0.0,1030.18
2022-03-13 07:00:00,2.155555555555557,-0.472222222222223,0.69,9.032100000000002,335.0,15.1823,0.0,1030.61
2022-03-13 08:00:00,6.094444444444444,3.544444444444446,0.55,12.316500000000001,20.0,16.1,0.0,1030.86
2022-03-13 09:00:00,8.916666666666664,6.55,0.44,15.3111,21.0,16.1,0.0,1030.85
2022-03-13 10:00:00,10.855555555555554,10.855555555555554,0.39,11.511500000000002,18.0,15.552600000000002,0.0,1030.76
2022-03-13 11:00:00,12.777777777777779,12.777777777777779,0.34,12.0267,359.0,16.1,0.0,1030.45
2022-03-13 12:00:00,14.86111111111111,14.86111111111111,0.29,12.042800000000002,0.0,16.1,0.0,1030.14
2022-03-13 13:00:00,14.86111111111111,14.86111111111111,0.28,13.636700000000001,0.0,15.552600000000002,0.0,1029.32
2022-03-13 14:00:00,16.038888888888888,16.038888888888888,0.25,12.4936,0.0,16.1,0.0,1028.52
2022-03-13 15:00:00,16.133333333333333,16.133333333333333,0.23,10.867500000000001,0.0,16.1,0.0,1027.92
2022-03-13 16:00:00,15.955555555555556,15.955555555555556,0.25,10.0786,27.0,15.552600000000002,0.0,1027.59
2022-03-13 17:00:00,12.916666666666666,12.916666666666666,0.29,7.5992,31.0,16.1,0.0,1027.31
2022-03-13 18:00:00,10.155555555555557,10.155555555555557,0.4,2.9302,20.0,16.1,0.0,1027.4
2022-03-13 19:00:00,7.938888888888887,7.938888888888887,0.48,2.8175000000000003,336.0,15.1823,0.0,1027.53
2022-03-13 20:00:00,4.027777777777778,4.027777777777778,0.63,3.22,220.0,16.0517,0.0,1027.72
2022-03-13 21:00:00,4.400000000000001,4.400000000000001,0.62,3.1878,278.0,15.826300000000002,0.0,1027.71
2022-03-13 22:00:00,3.4888888888888894,2.0388888888888896,0.67,5.9087000000000005,281.0,14.9086,0.0,1027.68
2022-03-13 23:00:00,2.688888888888891,2.688888888888891,0.7,3.22,300.0,15.729700000000001,0.0,1027.62
2022-03-14 00:00:00,3.1555555555555554,3.1555555555555554,0.63,3.2039,281.0,15.729700000000001,0.0,1027.43
2022-03-14 01:00:00,2.177777777777779,2.177777777777779,0.66,3.0107000000000004,273.0,14.876400000000002,0.0,1027.47
2022-03-14 02:00:00,1.072222222222222,1.072222222222222,0.78,3.1556,182.0,14.812,0.0,1027.22
2022-03-14 03:00:00,0.07222222222222364,0.07222222222222364,0.78,2.9302,121.0,11.8979,0.0,1027.1
2022-03-14 04:00:00,-0.09444444444444539,-0.09444444444444539,0.81,2.5277000000000003,171.0,9.9015,0.0,1027.13
2022-03-14 05:00:00,-1.0388888888888894,-1.0388888888888894,0.87,3.0268,193.0,8.05,0.0,1026.99
2022-03-14 06:00:00,-1.0611111111111111,-1.0611111111111111,0.91,3.22,210.0,8.05,0.0,1027.09
2022-03-14 07:00:00,3.377777777777777,3.377777777777777,0.73,2.9463000000000004,184.0,8.3398,0.0,1027.12
2022-03-14 08:00:00,8.716666666666665,8.716666666666665,0.58,0.1449,270.0,11.8979,0.0,1026.9
2022-03-14 09:00:00,12.644444444444442,12.644444444444442,0.35,3.3649,238.0,15.826300000000002,0.0,1026.7
2022-03-14 10:00:00,14.66111111111111,14.66111111111111,0.32,7.3416,211.0,15.520400000000002,0.0,1026.55
2022-03-14 11:00:00,16.11111111111111,16.11111111111111,0.27,9.0965,204.0,16.0517,0.0,1026.08
2022-03-14 12:00:00,17.22222222222222,17.22222222222222,0.25,9.193100000000001,213.0,16.0517,0.0,1025.39
2022-03-14 13:00:00,17.583333333333332,17.583333333333332,0.26,8.7423,237.0,15.520400000000002,0.0,1024.62
2022-03-14 14:00:00,18.81666666666667,18.81666666666667,0.26,8.1144,261.0,16.0517,0.0,1023.68
2022-03-14 15:00:00,18.83888888888889,18.83888888888889,0.21,5.1681,259.0,16.0517,0.0,1022.97
2022-03-14 16:00:00,18.65555555555555,18.65555555555555,0.22,3.9928000000000003,284.0,15.520400000000002,0.0,1022.36
2022-03-14 17:00:00,17.244444444444444,17.244444444444444,0.26,3.6386,259.0,16.0517,0.0,1022.07
2022-03-14 18:00:00,12.916666666666666,12.916666666666666,0.35,7.631400000000001,181.0,15.826300000000002,0.0,1021.97
2022-03-14 19:00:00,11.094444444444443,11.094444444444443,0.47,7.438200000000001,201.0,14.876400000000002,0.0,1022.22
2022-03-14 20:00:00,8.777777777777777,8.777777777777777,0.58,4.717300000000001,181.0,15.729700000000001,0.0,1021.89
2022-03-14 21:00:00,8.199999999999998,7.300000000000001,0.56,6.4078,181.0,15.826300000000002,0.0,1021.78
2022-03-14 22:00:00,7.277777777777778,6.35,0.61,6.021400000000001,199.0,14.9569,0.0,1021.54
2022-03-14 23:00:00,6.611111111111111,5.4944444444444445,0.62,6.295100000000001,172.0,15.826300000000002,0.0,1021.08
2022-03-15 00:00:00,5.4944444444444445,3.150000000000001,0.65,10.5616,161.0,15.826300000000002,0.0,1020.58
2022-03-15 01:00:00,5.294444444444445,2.9666666666666686,0.65,10.2718,184.0,15.150100000000002,0.0,1020.24
2022-03-15 02:00:00,4.944444444444444,2.3555555555555565,0.62,11.2056,201.0,15.826300000000002,0.0,1019.56
2022-03-15 03:00:00,3.416666666666666,0.6166666666666664,0.7,10.7387,181.0,15.826300000000002,0.0,1018.37
2022-03-15 04:00:00,3.3444444444444463,1.7333333333333318,0.72,6.3112,188.0,14.9569,0.0,1017.72
2022-03-15 05:00:00,2.833333333333334,-0.09444444444444539,0.7,10.8031,181.0,15.826300000000002,0.0,1017.24
2022-03-15 06:00:00,2.2777777777777786,-0.7222222222222227,0.72,10.6099,171.0,6.295100000000001,0.0,1016.26
2022-03-15 07:00:00,4.9833333333333325,3.0166666666666666,0.7,8.420300000000001,181.0,8.05,0.0,1016.06
2022-03-15 08:00:00,7.811111111111113,6.372222222222222,0.63,8.3398,210.0,9.982000000000001,0.0,1015.77
2022-03-15 09:00:00,12.316666666666668,12.316666666666668,0.5,15.391600000000002,183.0,12.075000000000001,0.0,1015.2
2022-03-15 10:00:00,15.899999999999999,15.899999999999999,0.37,14.441700000000003,224.0,15.021300000000002,0.0,1013.36
2022-03-15 11:00:00,17.755555555555556,17.755555555555556,0.31,20.2055,249.0,16.0517,0.0,1012.09
2022-03-15 12:00:00,19.90555555555555,19.90555555555555,0.27,23.312800000000003,231.0,15.922900000000002,0.0,1011.07
2022-03-15 13:00:00,19.67222222222222,19.67222222222222,0.28,22.105300000000003,242.0,15.3111,0.0,1009.59
2022-03-15 14:00:00,18.83888888888889,18.83888888888889,0.29,23.1518,250.0,15.826300000000002,0.0,1007.72
2022-03-15 15:00:00,17.727777777777774,17.727777777777774,0.33,21.815500000000004,254.0,15.729700000000001,0.0,1006.93
2022-03-15 16:00:00,17.044444444444444,17.044444444444444,0.38,16.5669,273.0,15.166200000000002,0.0,1006.49
2022-03-15 17:00:00,13.783333333333335,13.783333333333335,0.4,54.88490000000001,320.0,6.295100000000001,0.0,1007.27
2022-03-15 18:00:00,8.788888888888888,4.388888888888888,0.82,39.718700000000005,321.0,9.982000000000001,0.0,1010.33
2022-03-15 19:00:00,6.672222222222221,1.3722222222222216,0.8,42.7616,339.0,9.982000000000001,0.0,1012.04
2022-03-15 20:00:00,6.038888888888888,2.155555555555557,0.79,22.1536,300.0,10.255700000000001,0.0,1012.23
2022-03-15 21:00:00,6.0888888888888895,1.93888888888889,0.79,24.9389,300.0,16.1,0.0,1012.24
2022-03-15 22:00:00,5.7222222222222205,1.5833333333333341,0.8,23.7314,311.0,15.1823,0.0,1012.93
2022-03-15 23:00:00,5.599999999999999,2.183333333333333,0.79,17.259200000000003,280.0,16.1,0.0,1013.46
2022-03-16 00:00:00,6.083333333333335,2.438888888888889,0.73,20.1411,309.0,16.1,0.0,1013.37
2022-03-16 01:00:00,5.594444444444445,1.5666666666666669,0.77,22.362900000000003,297.0,15.1823,0.0,1014.02
2022-03-16 02:00:00,4.977777777777778,1.4388888888888909,0.82,17.066,270.0,16.1,0.0,1014.13
2022-03-16 03:00:00,4.9833333333333325,1.4388888888888909,0.76,17.0982,260.0,16.1,0.0,1013.71
2022-03-16 04:00:00,5.605555555555558,2.272222222222224,0.74,16.6957,259.0,15.1823,0.0,1013.52
2022-03-16 05:00:00,5.5777777777777775,2.627777777777776,0.73,14.039200000000001,250.0,16.1,0.0,1013.2
2022-03-16 06:00:00,6.066666666666667,3.0055555555555538,0.76,15.520400000000002,258.0,9.982000000000001,0.0,1012.88
2022-03-16 07:00:00,6.2333333333333325,3.3444444444444463,0.79,14.6027,244.0,10.3523,0.0,1012.5
2022-03-16 08:00:00,7.222222222222222,4.583333333333333,0.79,14.441700000000003,232.0,9.9015,0.0,1011.93
2022-03-16 09:00:00,7.799999999999999,3.866666666666667,0.75,28.1106,221.0,15.729700000000001,0.0,1011.08
2022-03-16 10:00:00,8.955555555555556,5.005555555555555,0.67,33.27870000000001,228.0,9.982000000000001,0.0,1010.79
2022-03-16 11:00:00,9.994444444444447,6.51111111111111,0.61,31.121299999999998,249.0,9.982000000000001,0.0,1010.34
2022-03-16 12:00:00,11.222222222222223,11.222222222222223,0.54,42.5201,269.0,9.982000000000001,0.0,1009.55
2022-03-16 13:00:00,12.761111111111111,12.761111111111111,0.5,33.6973,261.0,10.3523,0.0,1008.41
2022-03-16 14:00:00,12.894444444444446,12.894444444444446,0.55,34.454,271.0,9.982000000000001,0.0,1006.98
2022-03-16 15:00:00,12.894444444444446,12.894444444444446,0.51,20.8012,254.0,9.982000000000001,0.0,1006.87
2022-03-16 16:00:00,13.91111111111111,13.91111111111111,0.48,29.6401,269.0,10.3523,0.0,1006.77
2022-03-16 17:00:00,13.955555555555556,13.955555555555556,0.55,25.7922,281.0,9.982000000000001,0.0,1006.58
2022-03-16 18:00:00,14.949999999999998,14.949999999999998,0.51,34.5023,281.0,9.982000000000001,0.0,1007.29
2022-03-16 19:00:00,14.988888888888887,14.988888888888887,0.51,33.7456,280.0,10.3523,0.0,1007.69
2022-03-16 20:00:00,14.994444444444447,14.994444444444447,0.51,36.321600000000004,290.0,9.982000000000001,0.0,1008.42
2022-03-16 21:00:00,14.972222222222221,14.972222222222221,0.51,39.783100000000005,299.0,9.982000000000001,0.0,1009.6
2022-03-16 22:00:00,14.527777777777779,14.527777777777779,0.52,42.665,299.0,14.9569,0.0,1010.41
2022-03-16 23:00:00,14.349999999999998,14.349999999999998,0.54,41.9566,300.0,15.826300000000002,0.0,1010.95
2022-03-17 00:00:00,13.794444444444444,13.794444444444444,0.57,34.5667,309.0,16.1,0.0,1011.61
2022-03-17 01:00:00,13.316666666666666,13.316666666666666,0.56,33.021100000000004,311.0,15.1823,0.0,1011.94
2022-03-17 02:00:00,12.644444444444442,12.644444444444442,0.59,24.922800000000002,301.0,16.1,0.0,1012.45
2022-03-17 03:00:00,12.566666666666666,12.566666666666666,0.6,24.633000000000003,300.0,16.1,0.0,1012.54
2022-03-17 04:00:00,11.016666666666666,11.016666666666666,0.63,16.3415,287.0,15.1823,0.0,1012.96
2022-03-17 05:00:00,9.849999999999998,7.977777777777778,0.66,13.1859,261.0,16.1,0.0,1013.62
2022-03-17 06:00:00,9.916666666666666,8.383333333333335,0.66,10.996300000000002,278.0,10.255700000000001,0.0,1014.01
2022-03-17 07:00:00,11.877777777777778,11.877777777777778,0.59,20.4309,315.0,10.577700000000002,0.0,1014.7
2022-03-17 08:00:00,14.81666666666667,14.81666666666667,0.48,25.4058,308.0,16.1,0.0,1015.0
2022-03-17 09:00:00,15.994444444444444,15.994444444444444,0.42,51.1497,310.0,16.1,0.0,1015.31
2022-03-17 10:00:00,16.177777777777777,16.177777777777777,0.43,45.7884,311.0,15.552600000000002,0.0,1015.93
2022-03-17 11:00:00,17.21666666666667,17.21666666666667,0.38,45.09610000000001,309.0,16.1,0.0,1016.16
2022-03-17 12:00:00,17.794444444444444,17.794444444444444,0.4,46.609500000000004,300.0,16.1,0.0,1015.91
2022-03-17 13:00:00,17.82222222222222,17.82222222222222,0.39,41.1838,311.0,15.552600000000002,0.0,1016.04
2022-03-17 14:00:00,17.816666666666663,17.816666666666663,0.42,36.225,309.0,16.1,0.0,1015.79
2022-03-17 15:00:00,17.816666666666663,17.816666666666663,0.4,28.3682,311.0,16.1,0.0,1015.49
2022-03-17 16:00:00,17.416666666666668,17.416666666666668,0.42,22.362900000000003,313.0,15.552600000000002,0.0,1015.4
2022-03-17 17:00:00,16.099999999999998,16.099999999999998,0.48,15.665300000000002,339.0,16.1,0.0,1015.29
2022-03-17 18:00:00,13.877777777777775,13.877777777777775,0.51,0.9982000000000001,327.0,16.1,0.0,1015.8
2022-03-17 19:00:00,12.205555555555556,12.205555555555556,0.57,7.921200000000001,348.0,15.1823,0.0,1016.31
2022-03-17 20:00:00,9.027777777777779,7.588888888888887,0.7,9.450700000000001,319.0,16.1,0.0,1016.71
2022-03-17 21:00:00,8.333333333333334,8.333333333333334,0.71,2.9785000000000004,308.0,16.1,0.0,1017.4
2022-03-17 22:00:00,6.83888888888889,6.83888888888889,0.8,2.8658,296.0,15.150100000000002,0.0,1017.71
2022-03-17 23:00:00,6.577777777777779,6.577777777777779,0.79,3.2683,286.0,16.0517,0.0,1017.72
2022-03-18 00:00:00,5.172222222222223,5.172222222222223,0.85,3.7191000000000005,268.0,16.0517,0.0,1017.72
2022-03-18 01:00:00,5.505555555555554,3.2055555555555575,0.82,10.3523,213.0,15.1823,0.0,1018.04
2022-03-18 02:00:00,5.58888888888889,4.21111111111111,0.79,6.6654,270.0,16.1,0.0,1018.11
2022-03-18 03:00:00,6.588888888888889,4.305555555555555,0.79,11.382700000000002,261.0,16.1,0.0,1018.02
2022-03-18 04:00:00,7.161111111111111,4.688888888888887,0.75,13.218100000000002,252.0,15.1823,0.0,1018.06
2022-03-18 05:00:00,6.033333333333333,3.3611111111111094,0.79,12.960500000000001,280.0,16.1,0.0,1018.22
2022-03-18 06:00:00,5.938888888888887,5.094444444444445,0.79,5.184200000000001,284.0,16.1,0.0,1018.15
2022-03-18 07:00:00,8.361111111111109,6.344444444444445,0.74,11.9945,252.0,15.1823,0.0,1018.81
2022-03-18 08:00:00,11.949999999999998,11.949999999999998,0.58,20.769000000000002,280.0,16.0517,0.0,1018.93
2022-03-18 09:00:00,13.816666666666666,13.816666666666666,0.46,17.388,300.0,16.1,0.0,1019.11
2022-03-18 10:00:00,15.005555555555553,15.005555555555553,0.4,16.2288,315.0,15.552600000000002,0.0,1019.37
2022-03-18 11:00:00,17.083333333333332,17.083333333333332,0.38,17.3719,300.0,16.1,0.0,1019.29
2022-03-18 12:00:00,17.22222222222222,17.22222222222222,0.38,17.5329,292.0,16.1,0.0,1018.87
2022-03-18 13:00:00,17.694444444444443,17.694444444444443,0.37,13.6689,266.0,15.552600000000002,0.0,1017.95
2022-03-18 14:00:00,18.883333333333333,18.883333333333333,0.34,15.794100000000002,260.0,16.1,0.0,1017.16
2022-03-18 15:00:00,18.883333333333333,18.883333333333333,0.34,14.329,232.0,16.1,0.0,1016.56
2022-03-18 16:00:00,18.8,18.8,0.35,11.8496,221.0,15.552600000000002,0.0,1016.01
2022-03-18 17:00:00,17.31111111111111,17.31111111111111,0.44,10.8192,210.0,16.1,0.0,1015.45
2022-03-18 18:00:00,14.094444444444443,14.094444444444443,0.54,4.6368,152.0,16.1,0.0,1015.36
2022-03-18 19:00:00,12.96111111111111,12.96111111111111,0.58,7.615300000000001,152.0,15.552600000000002,0.0,1015.44
2022-03-18 20:00:00,10.100000000000001,10.100000000000001,0.71,4.7012,143.0,16.0517,0.0,1015.46
2022-03-18 21:00:00,9.611111111111109,9.611111111111109,0.71,3.703,185.0,16.0517,0.0,1015.44
2022-03-18 22:00:00,10.533333333333335,10.533333333333335,0.67,10.255700000000001,151.0,15.150100000000002,0.0,1015.14
2022-03-18 23:00:00,10.972222222222221,10.972222222222221,0.67,10.6582,171.0,15.922900000000002,0.0,1014.58
2022-03-19 00:00:00,10.02222222222222,10.02222222222222,0.71,10.867500000000001,170.0,15.922900000000002,0.0,1014.36
2022-03-19 01:00:00,9.488888888888887,8.027777777777779,0.72,10.0625,171.0,15.021300000000002,0.0,1014.03
2022-03-19 02:00:00,7.200000000000001,4.694444444444446,0.79,13.5401,180.0,15.826300000000002,0.0,1013.38
2022-03-19 03:00:00,7.799999999999999,5.438888888888888,0.79,13.4435,181.0,15.826300000000002,0.0,1012.6
2022-03-19 04:00:00,7.33888888888889,5.305555555555554,0.81,10.8836,224.0,14.9569,0.0,1012.78
2022-03-19 05:00:00,9.97777777777778,8.044444444444443,0.68,13.846,251.0,15.826300000000002,0.0,1012.72
2022-03-19 06:00:00,8.844444444444445,7.3666666666666645,0.71,9.450700000000001,251.0,15.826300000000002,0.0,1013.11
2022-03-19 07:00:00,10.811111111111112,10.811111111111112,0.68,8.5974,225.0,9.982000000000001,0.0,1013.78
2022-03-19 08:00:00,12.133333333333335,12.133333333333335,0.66,17.549000000000003,280.0,9.982000000000001,0.0,1014.54
2022-03-19 09:00:00,14.844444444444443,14.844444444444443,0.52,26.4201,300.0,9.982000000000001,0.0,1015.84
2022-03-19 10:00:00,14.81666666666667,14.81666666666667,0.49,29.752800000000004,309.0,10.1752,0.0,1016.61
2022-03-19 11:00:00,13.877777777777775,13.877777777777775,0.47,38.157000000000004,310.0,10.255700000000001,0.0,1017.28
2022-03-19 12:00:00,13.872222222222222,13.872222222222222,0.45,33.42360000000001,300.0,10.255700000000001,0.0,1017.93
2022-03-19 13:00:00,13.838888888888887,13.838888888888887,0.43,26.0015,312.0,10.577700000000002,0.0,1017.96
2022-03-19 14:00:00,12.894444444444446,12.894444444444446,0.49,16.5025,309.0,10.255700000000001,0.0,1017.9
2022-03-19 15:00:00,14.949999999999998,14.949999999999998,0.42,25.3897,301.0,10.255700000000001,0.0,1018.29
2022-03-19 16:00:00,14.83888888888889,14.83888888888889,0.43,22.942500000000003,310.0,10.577700000000002,0.0,1019.15
2022-03-19 17:00:00,13.91111111111111,13.91111111111111,0.42,23.4738,302.0,10.255700000000001,0.0,1019.73
2022-03-19 18:00:00,13.838888888888887,13.838888888888887,0.45,21.992600000000003,301.0,16.1,0.0,1020.73
2022-03-19 19:00:00,11.149999999999999,11.149999999999999,0.54,13.5401,282.0,15.1823,0.0,1021.71
2022-03-19 20:00:00,11.083333333333336,11.083333333333336,0.54,21.6384,299.0,16.1,0.0,1022.71
2022-03-19 21:00:00,9.444444444444445,7.349999999999998,0.61,14.168000000000003,280.0,16.1,0.0,1023.41
2022-03-19 22:00:00,8.81111111111111,6.338888888888887,0.64,15.955100000000002,287.0,15.1823,0.0,1023.97
2022-03-19 23:00:00,7.383333333333332,4.849999999999998,0.67,13.9426,270.0,16.1,0.0,1024.01
2022-03-20 00:00:00,7.872222222222224,5.444444444444443,0.68,14.007,261.0,16.1,0.0,1024.32
2022-03-20 01:00:00,7.699999999999999,4.972222222222224,0.69,15.906800000000002,269.0,15.1823,0.0,1024.9
2022-03-20 02:00:00,7.694444444444445,4.727777777777777,0.68,17.838800000000003,289.0,16.1,0.0,1024.73
2022-03-20 03:00:00,8.199999999999998,5.372222222222224,0.66,17.693900000000003,270.0,16.1,0.0,1024.62
2022-03-20 04:00:00,8.699999999999998,6.2333333333333325,0.63,15.713600000000001,269.0,15.1823,0.0,1024.94
2022-03-20 05:00:00,7.266666666666666,4.488888888888888,0.65,15.504300000000002,270.0,16.1,0.0,1024.93
2022-03-20 06:00:00,6.1388888888888875,3.838888888888887,0.7,10.996300000000002,280.0,16.1,0.0,1025.62
2022-03-20 07:00:00,8.649999999999999,7.33888888888889,0.68,8.4525,260.0,15.1823,0.0,1026.28
2022-03-20 08:00:00,12.666666666666664,12.666666666666664,0.52,16.9694,289.0,16.1,0.0,1026.5
2022-03-20 09:00:00,14.97777777777778,14.97777777777778,0.44,15.761899999999999,300.0,16.1,0.0,1026.89
2022-03-20 10:00:00,15.983333333333336,15.983333333333336,0.42,14.2646,308.0,15.1823,0.0,1026.92
2022-03-20 11:00:00,17.244444444444444,17.244444444444444,0.37,21.960400000000003,309.0,16.1,0.0,1026.59
2022-03-20 12:00:00,18.81666666666667,18.81666666666667,0.33,13.1698,289.0,16.1,0.0,1026.29
2022-03-20 13:00:00,18.81666666666667,18.81666666666667,0.33,13.3469,301.0,15.552600000000002,0.0,1025.95
2022-03-20 14:00:00,19.977777777777774,19.977777777777774,0.28,11.3666,253.0,16.1,0.0,1025.4
2022-03-20 15:00:00,19.95,19.95,0.26,8.3398,286.0,16.1,0.0,1025.0
2022-03-20 16:00:00,18.927777777777774,18.927777777777774,0.27,10.0303,259.0,15.552600000000002,0.0,1024.56
2022-03-20 17:00:00,17.31111111111111,17.31111111111111,0.37,9.708300000000001,241.0,16.1,0.0,1024.29
2022-03-20 18:00:00,15.094444444444447,15.094444444444447,0.42,7.856800000000001,238.0,16.1,0.0,1024.49
2022-03-20 19:00:00,10.755555555555555,10.755555555555555,0.57,7.760200000000001,232.0,15.1823,0.0,1025.01
2022-03-20 20:00:00,9.93888888888889,9.700000000000001,0.61,4.9910000000000005,208.0,16.0517,0.0,1025.38
2022-03-20 21:00:00,8.455555555555556,7.655555555555556,0.67,6.2146,200.0,16.1,0.0,1025.56
2022-03-20 22:00:00,8.488888888888889,7.772222222222224,0.71,5.9087000000000005,192.0,15.1823,0.0,1025.43
2022-03-20 23:00:00,7.577777777777778,6.622222222222224,0.73,6.279,181.0,16.1,0.0,1025.37
2022-03-21 00:00:00,6.977777777777779,4.927777777777776,0.76,10.5455,160.0,16.1,0.0,1024.89
2022-03-21 01:00:00,6.222222222222224,4.155555555555554,0.77,9.8693,189.0,15.1823,0.0,1024.93
2022-03-21 02:00:00,5.8833333333333355,4.683333333333334,0.8,6.2146,152.0,16.1,0.0,1024.48
2022-03-21 03:00:00,3.266666666666668,0.4222222222222211,0.85,10.8031,131.0,16.1,0.0,1024.36
2022-03-21 04:00:00,3.505555555555557,0.8388888888888878,0.86,10.239600000000001,130.0,15.150100000000002,0.0,1024.27
2022-03-21 05:00:00,3.9333333333333322,0.8111111111111116,0.82,12.9122,131.0,16.0517,0.0,1023.84
2022-03-21 06:00:00,4.883333333333333,2.0388888888888896,0.83,12.5097,131.0,15.826300000000002,0.0,1023.53
2022-03-21 07:00:00,6.9222222222222225,4.544444444444444,0.81,12.332600000000001,140.0,14.9569,0.0,1023.13
2022-03-21 08:00:00,11.016666666666666,11.016666666666666,0.66,15.439900000000002,141.0,15.922900000000002,0.0,1022.69
2022-03-21 09:00:00,13.866666666666667,13.866666666666667,0.59,14.296800000000003,150.0,16.0517,0.0,1022.86
2022-03-21 10:00:00,17.03333333333333,17.03333333333333,0.44,21.815500000000004,157.0,15.520400000000002,0.0,1022.36
2022-03-21 11:00:00,18.81666666666667,18.81666666666667,0.33,26.565,169.0,16.1,0.0,1021.66
2022-03-21 12:00:00,19.92777777777778,19.92777777777778,0.31,27.692,169.0,16.1,0.0,1020.67
2022-03-21 13:00:00,20.07222222222222,20.07222222222222,0.3,25.4219,158.0,15.552600000000002,0.0,1019.72
2022-03-21 14:00:00,22.150000000000002,22.150000000000002,0.27,24.552500000000002,159.0,16.1,0.0,1018.37
2022-03-21 15:00:00,21.15555555555555,21.15555555555555,0.29,24.5686,169.0,16.1,0.0,1017.57
2022-03-21 16:00:00,21.13333333333334,21.13333333333334,0.28,21.3647,168.0,15.552600000000002,0.0,1016.88
2022-03-21 17:00:00,18.95555555555556,18.95555555555556,0.34,17.146500000000003,161.0,16.1,0.0,1016.46
2022-03-21 18:00:00,17.17222222222222,17.17222222222222,0.41,15.874600000000001,150.0,16.1,0.0,1016.36
2022-03-21 19:00:00,14.700000000000001,14.700000000000001,0.49,13.9587,160.0,15.552600000000002,0.0,1016.47
2022-03-21 20:00:00,12.088888888888887,12.088888888888887,0.57,13.8621,169.0,16.1,0.0,1016.56
2022-03-21 21:00:00,11.461111111111112,11.461111111111112,0.58,13.620600000000001,160.0,16.1,0.0,1016.56
2022-03-21 22:00:00,11.594444444444443,11.594444444444443,0.57,16.1483,171.0,15.1823,0.0,1016.7
2022-03-21 23:00:00,10.261111111111111,10.261111111111111,0.6,6.423900000000001,180.0,16.1,0.0,1016.56
2022-03-22 00:00:00,8.733333333333333,6.449999999999999,0.68,14.329,170.0,16.1,0.0,1016.37
2022-03-22 01:00:00,9.83888888888889,8.016666666666667,0.64,12.799500000000002,206.0,15.1823,0.0,1016.45
2022-03-22 02:00:00,8.133333333333333,6.283333333333335,0.71,10.722600000000002,170.0,16.1,0.0,1016.05
2022-03-22 03:00:00,7.1333333333333355,5.061111111111111,0.73,10.851400000000002,171.0,16.1,0.0,1015.57
2022-03-22 04:00:00,6.9722222222222205,5.916666666666666,0.74,6.295100000000001,160.0,15.1823,0.0,1015.43
2022-03-22 05:00:00,6.133333333333333,4.461111111111112,0.79,8.0822,152.0,16.0517,0.0,1015.05
2022-03-22 06:00:00,6.111111111111111,4.105555555555556,0.76,9.5151,142.0,16.0517,0.0,1015.15
2022-03-22 07:00:00,7.916666666666667,6.0555555555555545,0.76,10.5455,165.0,15.150100000000002,0.0,1015.56
2022-03-22 08:00:00,12.68888888888889,12.68888888888889,0.55,15.4721,179.0,16.1,0.0,1015.23
2022-03-22 09:00:00,17.17777777777778,17.17777777777778,0.38,16.1,191.0,16.1,0.0,1015.2
2022-03-22 10:00:00,18.67777777777778,18.67777777777778,0.33,21.847700000000003,209.0,15.552600000000002,0.0,1014.98
2022-03-22 11:00:00,19.977777777777774,19.977777777777774,0.29,25.4058,211.0,16.1,0.0,1014.23
2022-03-22 12:00:00,22.127777777777776,22.127777777777776,0.27,25.067700000000002,202.0,16.1,0.0,1013.63
2022-03-22 13:00:00,22.344444444444445,22.344444444444445,0.27,29.752800000000004,193.0,10.577700000000002,0.0,1012.54
2022-03-22 14:00:00,22.150000000000002,22.150000000000002,0.27,26.6616,220.0,16.1,0.0,1011.46
2022-03-22 15:00:00,22.17222222222222,22.17222222222222,0.27,24.9389,229.0,16.1,0.0,1010.95
2022-03-22 16:00:00,21.06666666666667,21.06666666666667,0.29,21.896,225.0,15.552600000000002,0.0,1010.46
2022-03-22 17:00:00,19.994444444444444,19.994444444444444,0.32,15.778000000000002,221.0,16.1,0.0,1010.24
2022-03-22 18:00:00,16.316666666666666,16.316666666666666,0.43,9.321900000000001,192.0,16.1,0.0,1010.23
2022-03-22 19:00:00,15.144444444444442,15.144444444444442,0.47,10.6582,172.0,15.1823,0.0,1010.32
2022-03-22 20:00:00,14.972222222222221,14.972222222222221,0.47,10.642100000000001,161.0,16.1,0.0,1010.45
2022-03-22 21:00:00,14.905555555555553,14.905555555555553,0.48,10.642100000000001,161.0,16.1,0.0,1010.29
2022-03-22 22:00:00,14.022222222222224,14.022222222222224,0.53,10.5938,213.0,15.1823,0.0,1010.52
2022-03-22 23:00:00,12.788888888888891,12.788888888888891,0.59,13.5562,161.0,16.1,0.0,1010.45
2022-03-23 00:00:00,11.094444444444443,11.094444444444443,0.66,10.706500000000002,190.0,16.1,0.0,1010.17
2022-03-23 01:00:00,10.316666666666666,10.316666666666666,0.7,10.5455,206.0,15.1823,0.0,1010.02
2022-03-23 02:00:00,9.31666666666667,7.650000000000002,0.74,11.0285,219.0,16.1,0.0,1009.67
2022-03-23 03:00:00,7.833333333333333,5.911111111111111,0.76,10.787,181.0,16.1,0.0,1009.36
2022-03-23 04:00:00,7.411111111111113,5.533333333333334,0.78,10.110800000000001,177.0,15.1823,0.0,1009.3
2022-03-23 05:00:00,7.966666666666669,6.3166666666666655,0.76,9.4829,172.0,16.1,0.0,1008.94
2022-03-23 06:00:00,7.972222222222222,6.099999999999998,0.75,10.6743,190.0,16.1,0.0,1009.02
2022-03-23 07:00:00,11.722222222222221,11.722222222222221,0.64,12.058900000000001,179.0,15.1823,0.0,1009.03
2022-03-23 08:00:00,14.727777777777776,14.727777777777776,0.56,12.4936,151.0,16.1,0.0,1009.03
2022-03-23 09:00:00,14.933333333333334,14.933333333333334,0.55,14.007,142.0,16.1,0.0,1008.75
2022-03-23 10:00:00,17.255555555555556,17.255555555555556,0.52,14.329,171.0,15.552600000000002,0.0,1008.57
2022-03-23 11:00:00,17.77777777777778,17.77777777777778,0.46,17.661700000000003,151.0,16.1,0.0,1007.81
2022-03-23 12:00:00,19.994444444444444,19.994444444444444,0.37,25.0999,160.0,16.1,0.0,1007.12
2022-03-23 13:00:00,20.961111111111116,20.961111111111116,0.35,21.6545,156.0,15.552600000000002,0.0,1005.99
2022-03-23 14:00:00,21.06111111111111,21.06111111111111,0.32,24.906700000000004,180.0,16.1,0.0,1005.13
2022-03-23 15:00:00,19.95555555555556,19.95555555555556,0.33,23.119600000000002,171.0,10.255700000000001,0.0,1004.45
2022-03-23 16:00:00,17.511111111111113,17.511111111111113,0.51,12.5741,209.0,10.2718,0.0,1004.63
2022-03-23 17:00:00,16.083333333333332,16.083333333333332,0.56,12.2521,200.0,9.982000000000001,0.0,1004.3
2022-03-23 18:00:00,17.061111111111114,17.061111111111114,0.42,20.9783,230.0,10.255700000000001,0.0,1004.59
2022-03-23 19:00:00,15.127777777777775,15.127777777777775,0.55,9.1287,265.0,10.2235,0.0,1005.42
2022-03-23 20:00:00,13.838888888888887,13.838888888888887,0.6,3.0429,70.0,16.1,0.0,1004.95
2022-03-23 21:00:00,13.305555555555557,13.305555555555557,0.64,6.359500000000001,122.0,16.1,0.0,1004.67
2022-03-23 22:00:00,12.966666666666669,12.966666666666669,0.59,13.652800000000001,157.0,15.1823,0.0,1004.84
2022-03-23 23:00:00,11.183333333333334,11.183333333333334,0.66,10.722600000000002,197.0,16.1,0.0,1005.04
2022-03-24 00:00:00,11.155555555555555,11.155555555555555,0.64,13.7977,169.0,16.1,0.0,1004.93
2022-03-24 01:00:00,10.583333333333332,10.583333333333332,0.67,11.543700000000001,183.0,14.9569,0.0,1004.76
2022-03-24 02:00:00,11.622222222222224,11.622222222222224,0.65,14.989100000000002,179.0,15.826300000000002,0.0,1004.77
2022-03-24 03:00:00,11.533333333333331,11.533333333333331,0.66,10.722600000000002,202.0,16.1,0.0,1004.58
2022-03-24 04:00:00,9.666666666666666,8.116666666666667,0.73,10.8031,209.0,14.876400000000002,0.0,1004.97
2022-03-24 05:00:00,9.788888888888888,7.977777777777778,0.73,12.654600000000002,281.0,9.9015,0.0,1005.33
2022-03-24 06:00:00,9.744444444444444,7.788888888888891,0.84,13.6045,291.0,9.8049,0.0,1005.06
2022-03-24 07:00:00,8.855555555555554,8.855555555555554,0.9,4.7012,317.0,9.837100000000001,0.0,1006.15
2022-03-24 08:00:00,8.77222222222222,7.449999999999998,0.93,8.6135,352.0,6.166300000000001,0.0,1006.14
2022-03-24 09:00:00,8.816666666666666,8.816666666666666,0.93,0.7567,277.0,6.118,0.0,1005.84
2022-03-24 10:00:00,8.922222222222224,8.922222222222224,0.94,1.8193,138.0,4.9910000000000005,0.0,1006.18
2022-03-24 11:00:00,8.816666666666666,7.527777777777776,0.93,8.4847,194.0,6.118,0.0,1006.48
2022-03-24 12:00:00,8.838888888888887,8.838888888888887,0.89,0.5796,139.0,9.853200000000001,0.0,1006.71
2022-03-24 13:00:00,8.794444444444444,7.4833333333333325,0.9,8.5813,330.0,9.5151,0.0,1005.98
2022-03-24 14:00:00,8.816666666666666,7.07222222222222,0.89,10.9158,338.0,9.982000000000001,0.0,1005.92
2022-03-24 15:00:00,8.88888888888889,6.91111111111111,0.88,12.461400000000001,329.0,9.982000000000001,0.0,1006.02
2022-03-24 16:00:00,8.855555555555554,7.438888888888889,0.89,9.160900000000002,290.0,9.982000000000001,0.0,1005.94
2022-03-24 17:00:00,8.838888888888887,7.277777777777778,0.82,9.9176,301.0,9.982000000000001,0.0,1005.62
2022-03-24 18:00:00,7.799999999999999,5.555555555555555,0.88,12.6868,290.0,9.982000000000001,0.0,1006.12
2022-03-24 19:00:00,7.816666666666666,6.644444444444445,0.88,7.228900000000001,280.0,9.982000000000001,0.0,1006.41
2022-03-24 20:00:00,7.666666666666665,5.411111111111112,0.76,12.5741,300.0,9.982000000000001,0.0,1006.92
2022-03-24 21:00:00,7.083333333333333,4.9333333333333345,0.83,11.237800000000002,279.0,16.1,0.0,1007.03
2022-03-24 22:00:00,6.722222222222223,4.6000000000000005,0.81,10.6582,270.0,15.1823,0.0,1007.4
2022-03-24 23:00:00,5.622222222222221,3.150000000000001,0.81,11.3344,271.0,16.1,0.0,1007.7
2022-03-25 00:00:00,5.022222222222222,1.9277777777777771,0.85,14.1519,271.0,16.1,0.0,1007.72
2022-03-25 01:00:00,4.655555555555557,2.1499999999999986,0.83,10.513300000000001,272.0,15.1823,0.0,1007.85
2022-03-25 02:00:00,3.4222222222222203,-0.0611111111111108,0.88,14.296800000000003,271.0,16.1,0.0,1007.81
2022-03-25 03:00:00,3.311111111111112,0.36666666666666475,0.85,11.3022,262.0,16.1,0.0,1007.9
2022-03-25 04:00:00,2.872222222222223,-0.011111111111110874,0.86,10.6099,272.0,15.1823,0.0,1008.28
2022-03-25 05:00:00,2.177777777777779,-1.2999999999999998,0.85,12.799500000000002,271.0,16.1,0.0,1008.32
2022-03-25 06:00:00,2.1611111111111114,-1.8666666666666663,0.85,15.778000000000002,280.0,15.1823,0.0,1008.72
2022-03-25 07:00:00,3.75,0.022222222222221748,0.84,16.325400000000002,279.0,15.1823,0.0,1009.38
2022-03-25 08:00:00,6.0888888888888895,2.2111111111111095,0.76,22.218000000000004,290.0,9.982000000000001,0.0,1009.5
2022-03-25 09:00:00,7.244444444444444,3.688888888888889,0.7,22.1536,291.0,9.982000000000001,0.0,1009.32
2022-03-25 10:00:00,7.916666666666667,4.8388888888888895,0.63,19.271700000000003,301.0,10.3523,0.0,1009.48
2022-03-25 11:00:00,8.933333333333332,6.905555555555555,0.62,12.847800000000001,301.0,9.982000000000001,0.0,1009.48
2022-03-25 12:00:00,10.116666666666667,10.116666666666667,0.6,15.939000000000002,291.0,10.255700000000001,0.0,1009.29
2022-03-25 13:00:00,11.044444444444444,11.044444444444444,0.49,15.520400000000002,288.0,10.577700000000002,0.0,1008.9
2022-03-25 14:00:00,11.133333333333333,11.133333333333333,0.49,15.778000000000002,291.0,10.255700000000001,0.0,1008.71
2022-03-25 15:00:00,12.127777777777776,12.127777777777776,0.47,11.2217,310.0,10.255700000000001,0.0,1008.71
2022-03-25 16:00:00,12.088888888888887,12.088888888888887,0.42,14.6188,284.0,10.577700000000002,0.0,1008.97
2022-03-25 17:00:00,11.11111111111111,11.11111111111111,0.53,12.477500000000001,291.0,10.255700000000001,0.0,1009.29
2022-03-25 18:00:00,7.916666666666667,5.994444444444444,0.66,10.867500000000001,291.0,10.255700000000001,0.0,1009.8
2022-03-25 19:00:00,7.272222222222224,5.7222222222222205,0.6,8.4364,307.0,10.2235,0.0,1010.32
2022-03-25 20:00:00,5.955555555555555,5.955555555555555,0.65,1.8032000000000004,275.0,10.255700000000001,0.0,1010.71
2022-03-25 21:00:00,5.26111111111111,5.26111111111111,0.68,3.3649,320.0,16.0517,0.0,1010.81
2022-03-25 22:00:00,4.57222222222222,3.555555555555555,0.73,5.152000000000001,88.0,15.150100000000002,0.0,1011.03
2022-03-25 23:00:00,3.06111111111111,1.4722222222222214,0.79,6.1019000000000005,47.0,15.826300000000002,0.0,1011.32
2022-03-26 00:00:00,2.066666666666666,2.066666666666666,0.85,3.2039,291.0,15.826300000000002,0.0,1011.52
2022-03-26 01:00:00,1.4833333333333343,1.4833333333333343,0.89,2.9785000000000004,256.0,14.9569,0.0,1011.75
2022-03-26 02:00:00,0.8833333333333352,0.8833333333333352,0.89,3.0751,310.0,14.9086,0.0,1011.82
2022-03-26 03:00:00,0.3500000000000014,0.3500000000000014,0.89,3.2683,284.0,14.9086,0.0,1011.93
2022-03-26 04:00:00,0.472222222222223,0.472222222222223,0.9,2.9302,338.0,13.9748,0.0,1011.91
2022-03-26 05:00:00,-0.19999999999999968,-0.19999999999999968,0.86,4.7495,20.0,5.8765,0.0,1012.05
2022-03-26 06:00:00,0.816666666666666,-2.144444444444444,0.86,9.338000000000001,29.0,5.8443000000000005,0.0,1012.64
2022-03-26 07:00:00,2.638888888888889,2.638888888888889,0.83,4.6690000000000005,30.0,8.0661,0.0,1012.85
2022-03-26 08:00:00,6.900000000000001,6.272222222222222,0.74,4.9588,105.0,8.05,0.0,1013.33
2022-03-26 09:00:00,8.866666666666667,6.822222222222223,0.66,12.863900000000001,99.0,14.9086,0.0,1013.43
2022-03-26 10:00:00,9.994444444444447,8.144444444444442,0.62,13.250300000000001,62.0,10.3523,0.0,1013.74
2022-03-26 11:00:00,11.22777777777778,11.22777777777778,0.55,14.023100000000003,72.0,9.982000000000001,0.0,1013.71
2022-03-26 12:00:00,12.266666666666666,12.266666666666666,0.56,15.616999999999999,61.0,9.982000000000001,0.0,1013.32
2022-03-26 13:00:00,12.799999999999999,12.799999999999999,0.49,16.3737,40.0,10.577700000000002,0.0,1013.3
2022-03-26 14:00:00,12.850000000000001,12.850000000000001,0.5,15.423800000000002,31.0,10.255700000000001,0.0,1013.21
2022-03-26 15:00:00,12.844444444444443,12.844444444444443,0.54,12.590200000000001,31.0,10.255700000000001,0.0,1013.12
2022-03-26 16:00:00,12.899999999999999,12.899999999999999,0.49,16.3415,31.0,10.577700000000002,0.0,1013.19
2022-03-26 17:00:00,12.266666666666666,12.266666666666666,0.56,13.685,22.0,16.1,0.0,1013.34
2022-03-26 18:00:00,9.027777777777779,7.6277777777777755,0.7,9.209200000000001,11.0,16.1,0.0,1013.84
2022-03-26 19:00:00,8.172222222222224,6.81111111111111,0.73,8.2754,2.0,15.1823,0.0,1014.2
2022-03-26 20:00:00,7.755555555555556,6.122222222222224,0.75,9.2253,11.0,16.1,0.0,1014.64
2022-03-26 21:00:00,7.688888888888891,6.705555555555556,0.75,6.423900000000001,21.0,15.826300000000002,0.0,1014.75
2022-03-26 22:00:00,7.838888888888889,7.044444444444444,0.75,5.8604,29.0,14.9569,0.0,1015.02
2022-03-26 23:00:00,8.172222222222224,7.266666666666666,0.74,6.4078,47.0,15.826300000000002,0.0,1015.15
2022-03-27 00:00:00,8.194444444444445,6.355555555555554,0.76,10.7387,10.0,15.826300000000002,0.0,1014.95
2022-03-27 01:00:00,7.788888888888891,6.094444444444444,0.78,9.5473,22.0,14.9569,0.0,1015.04
2022-03-27 02:00:00,7.588888888888887,5.572222222222223,0.79,11.0446,30.0,15.826300000000002,0.0,1015.03
2022-03-27 03:00:00,7.127777777777776,5.061111111111111,0.79,10.8192,68.0,15.826300000000002,0.0,1014.83
2022-03-27 04:00:00,6.977777777777779,5.905555555555557,0.79,6.3756,72.0,14.9569,0.0,1014.49
2022-03-27 05:00:00,6.083333333333335,5.277777777777778,0.79,5.1359,42.0,15.826300000000002,0.0,1014.11
2022-03-27 06:00:00,6.133333333333333,3.838888888888887,0.85,10.948,61.0,11.9784,0.0,1014.41
2022-03-27 07:00:00,7.705555555555555,5.733333333333333,0.78,10.948,70.0,11.688600000000001,0.0,1014.72
2022-03-27 08:00:00,9.83888888888889,8.22777777777778,0.77,11.3505,60.0,10.2074,0.0,1014.8
2022-03-27 09:00:00,12.005555555555555,12.005555555555555,0.66,12.5419,70.0,10.2074,0.0,1014.61
2022-03-27 10:00:00,13.816666666666666,13.816666666666666,0.59,16.8084,106.0,10.5455,0.0,1014.43
2022-03-27 11:00:00,13.91111111111111,13.91111111111111,0.55,20.2377,108.0,10.255700000000001,0.0,1013.92
2022-03-27 12:00:00,15.088888888888887,15.088888888888887,0.51,21.8316,109.0,9.982000000000001,0.0,1013.4
2022-03-27 13:00:00,16.905555555555555,16.905555555555555,0.45,19.271700000000003,126.0,10.577700000000002,0.0,1012.97
2022-03-27 14:00:00,17.15,17.15,0.41,17.3719,108.0,9.982000000000001,0.0,1012.02
2022-03-27 15:00:00,17.17222222222222,17.17222222222222,0.38,23.2967,61.0,9.982000000000001,0.0,1011.6
2022-03-27 16:00:00,16.0,16.0,0.42,23.779700000000002,65.0,10.3523,0.0,1010.83
2022-03-27 17:00:00,15.02222222222222,15.02222222222222,0.44,21.847700000000003,51.0,16.1,0.0,1010.61
2022-03-27 18:00:00,12.777777777777779,12.777777777777779,0.51,14.296800000000003,41.0,16.1,0.0,1010.34
2022-03-27 19:00:00,12.288888888888888,12.288888888888888,0.52,10.6582,52.0,15.1823,0.0,1010.36
2022-03-27 20:00:00,11.038888888888888,11.038888888888888,0.61,14.039200000000001,41.0,16.1,0.0,1010.82
2022-03-27 21:00:00,10.527777777777779,10.527777777777779,0.63,14.1519,41.0,16.1,0.0,1010.75
2022-03-27 22:00:00,10.516666666666667,10.516666666666667,0.63,14.812,53.0,15.1823,0.0,1010.69
2022-03-27 23:00:00,9.927777777777777,7.96111111111111,0.68,14.007,50.0,16.1,0.0,1010.88
2022-03-28 00:00:00,9.372222222222222,6.900000000000001,0.68,17.114300000000004,40.0,16.1,0.0,1010.68
2022-03-28 01:00:00,8.477777777777776,6.311111111111111,0.74,13.121500000000001,32.0,15.150100000000002,0.0,1010.66
2022-03-28 02:00:00,7.822222222222221,4.972222222222224,0.73,17.0982,40.0,16.0517,0.0,1010.67
2022-03-28 03:00:00,7.750000000000002,5.272222222222223,0.73,14.168000000000003,40.0,16.0517,0.0,1010.65
2022-03-28 04:00:00,7.277777777777778,5.3666666666666645,0.78,10.1591,19.0,14.9569,0.0,1010.71
2022-03-28 05:00:00,6.177777777777776,3.8555555555555543,0.85,11.125100000000002,2.0,8.1305,0.0,1011.15
2022-03-28 06:00:00,5.155555555555556,2.3555555555555565,0.92,12.606300000000001,2.0,8.1305,0.0,1011.44
2022-03-28 07:00:00,7.194444444444446,4.461111111111112,0.8,15.0535,1.0,8.420300000000001,0.0,1011.52
2022-03-28 08:00:00,7.938888888888887,5.077777777777778,0.82,17.4846,11.0,15.134000000000002,0.0,1011.77
2022-03-28 09:00:00,10.116666666666667,10.116666666666667,0.7,15.955100000000002,39.0,15.1823,0.0,1012.25
2022-03-28 10:00:00,12.683333333333332,12.683333333333332,0.64,10.4167,22.0,15.1823,0.0,1012.57
2022-03-28 11:00:00,15.027777777777779,15.027777777777779,0.51,8.372000000000002,67.0,16.1,0.0,1012.83
2022-03-28 12:00:00,16.183333333333334,16.183333333333334,0.44,11.3666,68.0,10.255700000000001,0.0,1013.11
2022-03-28 13:00:00,16.105555555555558,16.105555555555558,0.48,8.05,64.0,10.577700000000002,0.0,1013.21
2022-03-28 14:00:00,17.36111111111111,17.36111111111111,0.41,8.6779,77.0,10.255700000000001,0.0,1013.11
2022-03-28 15:00:00,17.383333333333333,17.383333333333333,0.43,4.459700000000001,147.0,16.1,0.0,1013.11
2022-03-28 16:00:00,17.133333333333336,17.133333333333336,0.41,7.1806,186.0,15.552600000000002,0.0,1013.27
2022-03-28 17:00:00,16.20555555555556,16.20555555555556,0.51,8.1949,218.0,16.1,0.0,1013.43
2022-03-28 18:00:00,12.494444444444447,12.494444444444447,0.64,4.3309,221.0,16.1,0.0,1014.22
2022-03-28 19:00:00,11.45,11.45,0.66,7.148400000000001,242.0,15.1823,0.0,1015.1
2022-03-28 20:00:00,10.144444444444442,10.144444444444442,0.7,9.080400000000001,262.0,16.1,0.0,1015.65
2022-03-28 21:00:00,9.544444444444444,7.950000000000001,0.71,10.8997,303.0,16.1,0.0,1016.16
2022-03-28 22:00:00,8.638888888888888,6.944444444444445,0.75,10.432800000000002,325.0,15.150100000000002,0.0,1016.63
2022-03-28 23:00:00,10.338888888888889,10.338888888888889,0.68,16.840600000000002,10.0,16.1,0.0,1017.1
2022-03-29 00:00:00,10.377777777777778,10.377777777777778,0.62,14.007,20.0,16.1,0.0,1017.51
2022-03-29 01:00:00,9.261111111111113,7.638888888888889,0.69,10.7387,348.0,15.150100000000002,0.0,1018.19
2022-03-29 02:00:00,8.405555555555557,6.099999999999998,0.73,14.007,351.0,15.826300000000002,0.0,1018.39
2022-03-29 03:00:00,8.75,6.5388888888888905,0.71,13.8782,350.0,15.826300000000002,0.0,1018.49
2022-03-29 04:00:00,8.594444444444443,5.744444444444446,0.78,18.837,8.0,14.9569,0.0,1019.02
2022-03-29 05:00:00,7.733333333333334,4.883333333333333,0.82,16.9211,9.0,8.1305,0.0,1019.28
2022-03-29 06:00:00,6.1833333333333345,3.877777777777776,0.85,11.0768,350.0,8.1305,0.0,1019.97
2022-03-29 07:00:00,8.788888888888888,6.805555555555555,0.83,12.380900000000002,343.0,11.109000000000002,0.0,1020.33
2022-03-29 08:00:00,12.161111111111111,12.161111111111111,0.71,15.922900000000002,19.0,11.9784,0.0,1020.86
2022-03-29 09:00:00,12.872222222222224,12.872222222222224,0.68,15.939000000000002,11.0,14.9086,0.0,1021.16
2022-03-29 10:00:00,14.86111111111111,14.86111111111111,0.61,15.230600000000003,3.0,14.5544,0.0,1021.49
2022-03-29 11:00:00,17.266666666666666,17.266666666666666,0.53,14.296800000000003,20.0,10.2074,0.0,1021.43
2022-03-29 12:00:00,17.872222222222224,17.872222222222224,0.39,20.4309,10.0,16.1,0.0,1021.42
2022-03-29 13:00:00,17.84444444444445,17.84444444444445,0.35,19.642,1.0,15.552600000000002,0.0,1021.12
2022-03-29 14:00:00,18.95555555555556,18.95555555555556,0.36,14.1358,13.0,16.1,0.0,1020.91
2022-03-29 15:00:00,18.95555555555556,18.95555555555556,0.33,15.6009,11.0,16.1,0.0,1020.81
2022-03-29 16:00:00,18.86666666666666,18.86666666666666,0.33,11.125100000000002,3.0,15.552600000000002,0.0,1020.65
2022-03-29 17:00:00,17.333333333333332,17.333333333333332,0.25,15.1823,20.0,16.1,0.0,1020.71
2022-03-29 18:00:00,14.044444444444444,14.044444444444444,0.33,7.905100000000001,41.0,16.1,0.0,1021.0
2022-03-29 19:00:00,12.355555555555558,12.355555555555558,0.4,3.6547,24.0,15.552600000000002,0.0,1021.47
2022-03-29 20:00:00,8.916666666666664,8.916666666666664,0.57,4.6046000000000005,20.0,16.1,0.0,1021.92
2022-03-29 21:00:00,8.177777777777777,8.177777777777777,0.64,3.22,310.0,16.1,0.0,1022.23
2022-03-29 22:00:00,6.855555555555558,5.805555555555557,0.7,6.2146,301.0,15.1823,0.0,1022.33
2022-03-29 23:00:00,5.999999999999998,5.999999999999998,0.69,3.2039,301.0,16.1,0.0,1022.62
2022-03-30 00:00:00,4.31111111111111,1.7277777777777774,0.73,10.5616,320.0,16.1,0.0,1022.52
2022-03-30 01:00:00,6.1388888888888875,5.038888888888889,0.62,6.021400000000001,356.0,15.1823,0.0,1022.28
2022-03-30 03:00:00,3.2722222222222226,3.2722222222222226,0.75,3.1556,18.0,16.1,0.0,1021.93
2022-03-30 04:00:00,3.177777777777777,3.177777777777777,0.73,3.1878,358.0,16.0517,0.0,1021.54
2022-03-30 05:00:00,2.000000000000001,0.6166666666666664,0.8,5.184200000000001,343.0,15.150100000000002,0.0,1021.64
2022-03-30 06:00:00,1.0666666666666675,1.0666666666666675,0.78,1.5295,60.0,15.134000000000002,0.0,1021.51
2022-03-30 07:00:00,2.155555555555557,2.155555555555557,0.84,0.0,0.0,15.134000000000002,0.0,1021.51
2022-03-30 08:00:00,7.472222222222224,7.472222222222224,0.6,0.5796,155.0,15.1823,0.0,1021.25
2022-03-30 09:00:00,10.116666666666667,10.116666666666667,0.57,10.2718,209.0,16.1,0.0,1021.18
2022-03-30 10:00:00,13.88888888888889,13.88888888888889,0.5,10.626,179.0,16.1,0.0,1020.98
2022-03-30 11:00:00,16.016666666666666,16.016666666666666,0.4,7.2772,165.0,15.552600000000002,0.0,1020.54
2022-03-30 12:00:00,17.800000000000004,17.800000000000004,0.33,4.8622000000000005,168.0,16.1,0.0,1019.88
2022-03-30 13:00:00,18.93333333333333,18.93333333333333,0.33,4.8139,169.0,16.1,0.0,1019.17
2022-03-30 14:00:00,19.87222222222222,19.87222222222222,0.27,4.508,116.0,15.552600000000002,0.0,1018.38
2022-03-30 15:00:00,20.022222222222226,20.022222222222226,0.28,7.8084999999999996,195.0,16.1,0.0,1017.57
2022-03-30 16:00:00,20.04444444444444,20.04444444444444,0.31,7.985600000000001,170.0,16.1,0.0,1016.76
2022-03-30 17:00:00,19.01666666666667,19.01666666666667,0.28,8.0983,143.0,15.552600000000002,0.0,1016.22
2022-03-30 18:00:00,17.866666666666664,17.866666666666664,0.27,5.119800000000001,157.0,16.1,0.0,1015.87
2022-03-30 19:00:00,15.116666666666667,15.116666666666667,0.39,4.83,129.0,16.1,0.0,1015.86
2022-03-30 20:00:00,12.96111111111111,12.96111111111111,0.44,7.0679,121.0,15.552600000000002,0.0,1015.74
2022-03-30 21:00:00,11.044444444444444,11.044444444444444,0.54,4.83,150.0,16.1,0.0,1016.09
2022-03-30 22:00:00,9.911111111111113,9.911111111111113,0.61,3.1234,133.0,16.1,0.0,1016.1
2022-03-30 23:00:00,8.06111111111111,8.06111111111111,0.69,4.0572,145.0,15.1823,0.0,1016.21
2022-03-31 00:00:00,6.627777777777777,6.627777777777777,0.75,3.1556,177.0,16.1,0.0,1016.09
2022-03-31 01:00:00,5.583333333333332,5.583333333333332,0.84,1.5295,100.0,16.1,0.0,1015.79
2022-03-31 02:00:00,5.5444444444444425,5.5444444444444425,0.87,3.2039,161.0,14.3612,0.0,1015.54
2022-03-31 03:00:00,4.400000000000001,4.400000000000001,0.88,3.1717,218.0,15.826300000000002,0.0,1015.1
2022-03-31 04:00:00,4.8888888888888875,3.4722222222222223,0.88,6.44,190.0,15.826300000000002,0.0,1014.43
2022-03-31 05:00:00,3.0333333333333337,3.0333333333333337,0.92,1.7227000000000001,206.0,14.9569,0.0,1014.61
2022-03-31 06:00:00,3.800000000000002,1.9277777777777771,0.91,7.357700000000001,160.0,3.3649,0.0,1014.3
2022-03-31 07:00:00,3.827777777777778,3.827777777777778,0.91,4.3631,162.0,8.1305,0.0,1014.11
2022-03-31 08:00:00,8.61111111111111,8.61111111111111,0.78,4.4919,169.0,11.3183,0.0,1014.03
2022-03-31 09:00:00,12.877777777777778,12.877777777777778,0.59,4.717300000000001,203.0,10.0786,0.0,1013.87
2022-03-31 10:00:00,16.20555555555556,16.20555555555556,0.51,7.695800000000001,202.0,15.134000000000002,0.0,1013.77
2022-03-31 11:00:00,17.855555555555554,17.855555555555554,0.45,9.9981,182.0,15.1823,0.0,1013.52
2022-03-31 12:00:00,19.00555555555555,19.00555555555555,0.36,9.466800000000001,202.0,16.1,0.0,1012.96
2022-03-31 13:00:00,20.04444444444444,20.04444444444444,0.31,10.0625,182.0,16.1,0.0,1012.16
2022-03-31 14:00:00,21.016666666666666,21.016666666666666,0.27,14.2002,212.0,15.552600000000002,0.0,1011.63
2022-03-31 15:00:00,20.09444444444445,20.09444444444445,0.31,7.2772,188.0,16.1,0.0,1010.79
2022-03-31 16:00:00,20.13888888888889,20.13888888888889,0.32,11.0285,282.0,16.1,0.0,1010.09
2022-03-31 17:00:00,19.099999999999998,19.099999999999998,0.38,10.8192,282.0,15.552600000000002,0.0,1009.79
2022-03-31 18:00:00,17.37777777777778,17.37777777777778,0.38,5.2808,298.0,16.1,0.0,1009.4
2022-03-31 19:00:00,14.161111111111113,14.161111111111113,0.5,3.5903,251.0,16.1,0.0,1009.5
2022-03-31 20:00:00,13.211111111111112,13.211111111111112,0.54,1.0304,276.0,15.150100000000002,0.0,1009.69
2022-03-31 21:00:00,12.31111111111111,12.31111111111111,0.56,11.0607,271.0,16.0517,0.0,1010.29
2022-03-31 22:00:00,11.688888888888888,11.688888888888888,0.57,11.141200000000001,272.0,15.826300000000002,0.0,1010.22
2022-03-31 23:00:00,9.449999999999998,7.966666666666669,0.68,10.0947,280.0,14.9569,0.0,1010.35
2022-04-01 00:00:00,9.522222222222222,7.88888888888889,0.68,11.0768,271.0,15.826300000000002,0.0,1010.13
2022-04-01 01:00:00,9.405555555555557,7.699999999999999,0.68,11.398800000000001,261.0,15.826300000000002,0.0,1010.22
2022-04-01 02:00:00,9.283333333333335,7.755555555555556,0.69,10.1752,271.0,14.9569,0.0,1010.19
2022-04-01 03:00:00,8.394444444444444,6.522222222222223,0.71,11.1734,281.0,15.826300000000002,0.0,1009.95
2022-04-01 04:00:00,8.955555555555556,6.388888888888889,0.73,17.0499,281.0,15.826300000000002,0.0,1009.96
2022-04-01 05:00:00,8.16111111111111,5.944444444444446,0.74,12.976600000000001,288.0,14.9569,0.0,1010.13
2022-04-01 06:00:00,7.311111111111109,4.733333333333335,0.73,14.168000000000003,290.0,15.826300000000002,0.0,1010.28
2022-04-01 07:00:00,7.727777777777776,5.4944444444444445,0.71,12.4936,310.0,15.826300000000002,0.0,1010.69
2022-04-01 08:00:00,9.022222222222224,6.622222222222224,0.7,15.778000000000002,319.0,14.9569,0.0,1011.47
2022-04-01 09:00:00,12.33888888888889,12.33888888888889,0.6,14.2163,340.0,15.826300000000002,0.0,1011.67
2022-04-01 10:00:00,15.0,15.0,0.51,15.6009,350.0,16.0517,0.0,1012.46
2022-04-01 11:00:00,16.044444444444444,16.044444444444444,0.47,18.5794,8.0,15.1823,0.0,1012.83
2022-04-01 12:00:00,17.244444444444444,17.244444444444444,0.41,14.828100000000003,10.0,16.1,0.0,1012.66
2022-04-01 13:00:00,17.800000000000004,17.800000000000004,0.37,11.8979,19.0,16.0517,0.0,1012.82
2022-04-01 14:00:00,18.77777777777778,18.77777777777778,0.31,8.758400000000002,350.0,15.520400000000002,0.0,1012.28
2022-04-01 15:00:00,17.872222222222224,17.872222222222224,0.33,4.7334000000000005,340.0,16.0517,0.0,1011.91
2022-04-01 16:00:00,18.93333333333333,18.93333333333333,0.33,3.3649,333.0,16.1,0.0,1011.6
2022-04-01 17:00:00,17.90555555555556,17.90555555555556,0.41,7.486500000000001,327.0,15.552600000000002,0.0,1011.56
2022-04-01 18:00:00,17.23888888888889,17.23888888888889,0.43,5.2969,308.0,16.1,0.0,1011.4
2022-04-01 19:00:00,15.044444444444443,15.044444444444443,0.46,3.3649,280.0,16.1,0.0,1011.89
2022-04-01 20:00:00,12.977777777777778,12.977777777777778,0.56,2.8819000000000004,228.0,15.150100000000002,0.0,1012.02
2022-04-01 21:00:00,11.072222222222223,11.072222222222223,0.61,3.2361,224.0,15.826300000000002,0.0,1012.49
2022-04-01 22:00:00,10.977777777777776,10.977777777777776,0.66,2.9946,195.0,15.922900000000002,0.0,1012.51
2022-04-01 23:00:00,10.483333333333333,10.483333333333333,0.66,3.059,216.0,14.9569,0.0,1012.64
2022-04-02 00:00:00,10.238888888888889,10.238888888888889,0.66,3.1878,212.0,15.826300000000002,0.0,1012.62
2022-04-02 01:00:00,8.68888888888889,8.68888888888889,0.71,3.1234,213.0,15.826300000000002,0.0,1012.81
2022-04-02 02:00:00,7.244444444444444,7.244444444444444,0.78,3.1717,253.0,14.9569,0.0,1012.94
2022-04-02 03:00:00,6.488888888888889,6.488888888888889,0.79,3.0429,205.0,15.826300000000002,0.0,1013.02
2022-04-02 04:00:00,5.422222222222221,5.422222222222221,0.79,2.8014,212.0,15.778000000000002,0.0,1012.91
2022-04-02 05:00:00,5.699999999999999,5.699999999999999,0.8,2.4955000000000003,203.0,14.9569,0.0,1012.8
2022-04-02 06:00:00,2.8500000000000014,2.8500000000000014,0.95,3.2361,334.0,6.295100000000001,0.0,1013.03
2022-04-02 07:00:00,3.8499999999999996,3.8499999999999996,0.88,3.22,340.0,6.295100000000001,0.0,1013.63
2022-04-02 08:00:00,7.727777777777776,7.727777777777776,0.76,1.3202,280.0,8.05,0.0,1013.78
2022-04-02 09:00:00,11.06111111111111,11.06111111111111,0.61,3.3488,350.0,10.2074,0.0,1013.93
2022-04-02 10:00:00,13.838888888888887,13.838888888888887,0.55,4.5563,352.0,15.134000000000002,0.0,1014.03
2022-04-02 11:00:00,16.322222222222223,16.322222222222223,0.44,3.4776000000000002,10.0,15.552600000000002,0.0,1013.92
2022-04-02 12:00:00,17.700000000000003,17.700000000000003,0.43,3.1234,345.0,16.1,0.0,1013.81
2022-04-02 13:00:00,18.788888888888884,18.788888888888884,0.33,7.486500000000001,322.0,16.1,0.0,1013.6
2022-04-02 14:00:00,19.799999999999997,19.799999999999997,0.3,2.1574000000000004,32.0,15.552600000000002,0.0,1013.13
2022-04-02 15:00:00,19.899999999999995,19.899999999999995,0.29,3.059,323.0,16.1,0.0,1012.72
2022-04-02 16:00:00,18.86111111111111,18.86111111111111,0.29,4.4919,1.0,16.1,0.0,1012.41
2022-04-02 17:00:00,18.038888888888888,18.038888888888888,0.4,7.953400000000001,8.0,15.552600000000002,0.0,1012.15
2022-04-02 18:00:00,17.82222222222222,17.82222222222222,0.4,10.867500000000001,40.0,16.1,0.0,1012.27
2022-04-02 19:00:00,16.06111111111111,16.06111111111111,0.45,9.2253,62.0,16.1,0.0,1012.17
2022-04-02 20:00:00,15.794444444444444,15.794444444444444,0.44,9.160900000000002,71.0,14.3934,0.0,1011.98
2022-04-02 21:00:00,13.677777777777777,13.677777777777777,0.56,1.6583,107.0,16.0517,0.0,1012.32
2022-04-02 22:00:00,13.15,13.15,0.59,6.279,120.0,16.0517,0.0,1012.49
2022-04-02 23:00:00,12.044444444444444,12.044444444444444,0.64,3.4937,161.0,15.150100000000002,0.0,1012.7
2022-04-03 00:00:00,11.405555555555557,11.405555555555557,0.65,10.9319,130.0,15.922900000000002,0.0,1012.59
2022-04-03 01:00:00,10.299999999999999,10.299999999999999,0.67,11.0768,130.0,15.826300000000002,0.0,1012.58
2022-04-03 02:00:00,9.488888888888887,7.927777777777781,0.75,10.5938,150.0,14.9569,0.0,1012.59
2022-04-03 03:00:00,9.333333333333332,7.288888888888888,0.74,13.6045,159.0,15.826300000000002,0.0,1012.35
2022-04-03 04:00:00,8.733333333333333,6.516666666666665,0.8,13.894300000000003,160.0,15.826300000000002,0.0,1012.07
2022-04-03 05:00:00,8.672222222222222,6.15,0.79,16.1483,159.0,14.9569,0.0,1012.01
2022-04-03 06:00:00,7.527777777777776,4.855555555555557,0.83,15.166200000000002,160.0,15.649200000000002,0.0,1012.07
2022-04-03 07:00:00,7.6000000000000005,5.58888888888889,0.84,11.0607,169.0,9.9015,0.0,1012.54
2022-04-03 08:00:00,9.772222222222224,7.311111111111109,0.79,17.9998,159.0,14.0875,0.0,1012.72
2022-04-03 09:00:00,12.244444444444444,12.244444444444444,0.66,25.9693,160.0,15.826300000000002,0.0,1012.23
2022-04-03 10:00:00,15.044444444444443,15.044444444444443,0.6,21.541800000000002,181.0,15.826300000000002,0.0,1012.16
2022-04-03 11:00:00,17.1,17.1,0.52,16.905,184.0,15.520400000000002,0.0,1012.08
2022-04-03 12:00:00,17.916666666666668,17.916666666666668,0.46,12.719000000000001,211.0,16.1,0.0,1011.52
2022-04-03 13:00:00,19.00555555555555,19.00555555555555,0.46,14.0553,190.0,16.1,0.0,1010.43
2022-04-03 14:00:00,20.98333333333333,20.98333333333333,0.33,18.9175,199.0,15.552600000000002,0.0,1009.92
2022-04-03 15:00:00,21.18333333333333,21.18333333333333,0.3,23.4738,201.0,16.1,0.0,1009.14
2022-04-03 16:00:00,21.11111111111111,21.11111111111111,0.3,20.3987,220.0,16.1,0.0,1008.66
2022-04-03 17:00:00,20.194444444444443,20.194444444444443,0.33,18.7082,217.0,16.1,0.0,1008.4
2022-04-03 18:00:00,18.93888888888889,18.93888888888889,0.4,9.708300000000001,221.0,16.1,0.0,1008.45
2022-04-03 19:00:00,16.227777777777778,16.227777777777778,0.52,9.3541,192.0,16.1,0.0,1008.64
2022-04-03 20:00:00,14.355555555555558,14.355555555555558,0.64,9.2253,184.0,15.1823,0.0,1008.71
2022-04-03 21:00:00,13.827777777777778,13.827777777777778,0.64,7.953400000000001,191.0,16.1,0.0,1009.17
2022-04-03 22:00:00,13.205555555555557,13.205555555555557,0.66,10.706500000000002,171.0,16.1,0.0,1009.08
2022-04-03 23:00:00,12.783333333333331,12.783333333333331,0.66,10.6582,173.0,15.1823,0.0,1009.27
2022-04-04 00:00:00,12.644444444444442,12.644444444444442,0.66,16.6474,200.0,16.1,0.0,1009.27
2022-04-04 01:00:00,11.622222222222224,11.622222222222224,0.71,13.652800000000001,199.0,16.1,0.0,1009.47
2022-04-04 02:00:00,10.799999999999999,10.799999999999999,0.77,13.0732,190.0,15.1823,0.0,1009.45
2022-04-04 03:00:00,10.094444444444445,10.094444444444445,0.79,10.8997,180.0,16.1,0.0,1009.34
2022-04-04 04:00:00,9.444444444444445,7.8666666666666645,0.8,10.6904,171.0,16.1,0.0,1008.96
2022-04-04 05:00:00,9.544444444444444,8.822222222222223,0.81,6.5366,164.0,15.150100000000002,0.0,1009.12
2022-04-04 06:00:00,8.816666666666666,7.105555555555555,0.89,10.722600000000002,151.0,15.134000000000002,0.0,1008.97
2022-04-04 07:00:00,8.75,7.305555555555555,0.89,9.209200000000001,159.0,11.9784,0.0,1009.27
2022-04-04 08:00:00,10.005555555555553,10.005555555555553,0.86,7.550900000000001,164.0,11.688600000000001,0.0,1009.49
2022-04-04 09:00:00,12.200000000000001,12.200000000000001,0.74,7.647500000000001,160.0,12.2199,0.0,1009.47
2022-04-04 10:00:00,14.088888888888889,14.088888888888889,0.71,9.064300000000001,162.0,16.1,0.0,1009.95
2022-04-04 11:00:00,17.91111111111111,17.91111111111111,0.55,8.6618,171.0,15.552600000000002,0.0,1009.73
2022-04-04 12:00:00,19.966666666666665,19.966666666666665,0.45,8.9999,161.0,16.1,0.0,1009.18
2022-04-04 13:00:00,21.005555555555556,21.005555555555556,0.38,4.508,144.0,16.1,0.0,1008.98
2022-04-04 14:00:00,22.061111111111106,22.061111111111106,0.35,7.502600000000001,148.0,15.552600000000002,0.0,1008.42
2022-04-04 15:00:00,22.150000000000002,22.150000000000002,0.33,7.631400000000001,118.0,16.1,0.0,1007.9
2022-04-04 16:00:00,22.17222222222222,22.17222222222222,0.33,7.3738,170.0,16.1,0.0,1007.61
2022-04-04 17:00:00,22.17777777777778,22.17777777777778,0.35,9.965900000000001,118.0,15.552600000000002,0.0,1007.54
2022-04-04 18:00:00,22.055555555555557,22.055555555555557,0.34,9.5312,88.0,16.1,0.0,1007.51
2022-04-04 19:00:00,19.833333333333332,19.833333333333332,0.45,16.0195,60.0,16.1,0.0,1007.34
2022-04-04 20:00:00,17.66111111111111,17.66111111111111,0.47,16.0839,68.0,15.1823,0.0,1007.63
2022-04-04 21:00:00,17.055555555555557,17.055555555555557,0.49,15.633100000000002,69.0,16.1,0.0,1008.41
2022-04-04 22:00:00,16.5,16.5,0.51,19.931800000000003,60.0,16.1,0.0,1008.33
2022-04-04 23:00:00,15.42777777777778,15.42777777777778,0.54,18.0803,61.0,15.150100000000002,0.0,1008.19
2022-04-05 00:00:00,14.855555555555558,14.855555555555558,0.56,16.8728,59.0,16.0517,0.0,1008.32
2022-04-05 01:00:00,13.766666666666667,13.766666666666667,0.6,16.9694,50.0,16.1,0.0,1007.97
2022-04-05 02:00:00,13.333333333333334,13.333333333333334,0.64,16.2288,40.0,15.150100000000002,0.0,1007.89
2022-04-05 03:00:00,13.261111111111111,13.261111111111111,0.66,16.9694,50.0,15.826300000000002,0.0,1007.44
2022-04-05 04:00:00,12.261111111111111,12.261111111111111,0.72,13.685,30.0,15.729700000000001,0.0,1007.54
2022-04-05 05:00:00,11.988888888888887,11.988888888888887,0.76,10.110800000000001,14.0,14.876400000000002,0.0,1007.36
2022-04-05 06:00:00,11.194444444444445,11.194444444444445,0.79,10.9319,2.0,9.853200000000001,0.0,1008.09
2022-04-05 07:00:00,11.149999999999999,11.149999999999999,0.79,16.454200000000004,1.0,9.9015,0.0,1007.55
2022-04-05 08:00:00,12.377777777777778,12.377777777777778,0.79,8.8872,36.0,9.9015,0.0,1008.3
2022-04-05 09:00:00,12.31111111111111,12.31111111111111,0.79,8.227100000000002,58.0,9.982000000000001,0.0,1008.53
2022-04-05 10:00:00,12.472222222222223,12.472222222222223,0.84,9.5151,32.0,10.0786,0.0,1009.27
2022-04-05 11:00:00,13.383333333333335,13.383333333333335,0.85,11.817400000000001,69.0,8.1949,0.0,1009.86
2022-04-05 12:00:00,14.205555555555556,14.205555555555556,0.87,12.477500000000001,61.0,9.982000000000001,0.0,1009.98
2022-04-05 13:00:00,15.200000000000001,15.200000000000001,0.81,13.7494,52.0,14.9086,0.0,1010.11
2022-04-05 14:00:00,16.422222222222224,16.422222222222224,0.73,14.6671,50.0,10.3523,0.0,1010.25
2022-04-05 15:00:00,17.31111111111111,17.31111111111111,0.71,10.8192,50.0,9.982000000000001,0.0,1010.21
2022-04-05 16:00:00,16.227777777777778,16.227777777777778,0.76,13.652800000000001,60.0,9.982000000000001,0.0,1010.4
2022-04-05 17:00:00,16.400000000000002,16.400000000000002,0.76,14.844200000000003,51.0,9.982000000000001,0.0,1010.71
2022-04-05 18:00:00,15.16111111111111,15.16111111111111,0.77,15.697500000000002,60.0,9.982000000000001,0.0,1010.92
2022-04-05 19:00:00,15.072222222222223,15.072222222222223,0.77,16.5347,70.0,15.826300000000002,0.0,1011.6
2022-04-05 20:00:00,13.544444444444444,13.544444444444444,0.83,13.7494,71.0,14.168000000000003,0.0,1012.72
2022-04-05 21:00:00,13.91111111111111,13.91111111111111,0.83,10.626,70.0,14.812,0.0,1013.19
2022-04-05 22:00:00,13.333333333333334,13.333333333333334,0.86,6.1824,62.0,14.812,0.0,1013.78
2022-04-05 23:00:00,13.216666666666665,13.216666666666665,0.84,6.118,83.0,14.0553,0.0,1014.55
2022-04-06 00:00:00,12.777777777777779,12.777777777777779,0.73,16.583000000000002,130.0,15.6009,0.0,1014.98
2022-04-06 01:00:00,11.71111111111111,11.71111111111111,0.78,13.507900000000001,169.0,15.6009,0.0,1015.75
2022-04-06 02:00:00,10.438888888888888,10.438888888888888,0.79,11.012400000000001,167.0,14.6832,0.0,1016.09
2022-04-06 03:00:00,10.027777777777777,10.027777777777777,0.78,13.5562,179.0,15.6009,0.0,1016.35
2022-04-06 04:00:00,8.916666666666664,6.366666666666667,0.8,16.8084,179.0,15.729700000000001,0.0,1016.36
2022-04-06 05:00:00,8.222222222222221,6.438888888888891,0.82,10.448900000000002,179.0,14.9569,0.0,1016.39
2022-04-06 06:00:00,7.827777777777779,5.411111111111112,0.77,13.8299,170.0,15.826300000000002,0.0,1016.68
2022-04-06 07:00:00,7.805555555555554,4.6333333333333355,0.77,19.8996,170.0,15.826300000000002,0.0,1017.27
2022-04-06 08:00:00,7.8666666666666645,5.322222222222221,0.77,14.828100000000003,169.0,10.3523,0.0,1017.8
2022-04-06 09:00:00,8.866666666666667,6.477777777777776,0.77,15.407700000000002,170.0,9.982000000000001,0.0,1018.28
2022-04-06 10:00:00,9.905555555555555,7.566666666666666,0.71,17.114300000000004,170.0,9.982000000000001,0.0,1018.78
2022-04-06 11:00:00,10.255555555555556,10.255555555555556,0.76,12.461400000000001,186.0,10.3523,0.0,1018.96
2022-04-06 12:00:00,12.149999999999999,12.149999999999999,0.72,11.1895,179.0,10.255700000000001,0.0,1018.97
2022-04-06 13:00:00,14.772222222222224,14.772222222222224,0.56,14.2324,181.0,10.255700000000001,0.0,1018.59
2022-04-06 14:00:00,14.927777777777777,14.927777777777777,0.59,13.2825,190.0,10.577700000000002,0.0,1018.35
2022-04-06 15:00:00,14.994444444444447,14.994444444444447,0.6,13.9426,180.0,10.255700000000001,0.0,1017.8
2022-04-06 16:00:00,16.06111111111111,16.06111111111111,0.56,12.461400000000001,191.0,16.1,0.0,1017.58
2022-04-06 17:00:00,15.105555555555554,15.105555555555554,0.55,13.7172,199.0,10.577700000000002,0.0,1017.39
2022-04-06 18:00:00,14.027777777777779,14.027777777777779,0.59,10.8192,191.0,10.255700000000001,0.0,1017.19
2022-04-06 19:00:00,12.933333333333334,12.933333333333334,0.64,10.5938,171.0,16.1,0.0,1017.74
2022-04-06 20:00:00,11.516666666666664,11.516666666666664,0.69,13.1537,171.0,15.552600000000002,0.0,1018.18
2022-04-06 21:00:00,10.166666666666664,10.166666666666664,0.77,10.980200000000002,171.0,16.1,0.0,1018.75
2022-04-06 22:00:00,9.611111111111109,7.622222222222222,0.77,13.652800000000001,170.0,16.1,0.0,1019.04
2022-04-06 23:00:00,10.116666666666667,10.116666666666667,0.74,13.5723,172.0,15.1823,0.0,1019.1
2022-04-07 00:00:00,10.005555555555553,10.005555555555553,0.74,10.8192,181.0,16.1,0.0,1019.24
2022-04-07 01:00:00,9.494444444444447,7.049999999999999,0.74,17.1787,200.0,16.1,0.0,1019.06
2022-04-07 02:00:00,8.944444444444445,6.51111111111111,0.79,15.955100000000002,190.0,15.1823,0.0,1018.99
2022-04-07 03:00:00,7.872222222222224,5.472222222222223,0.83,13.8299,181.0,16.1,0.0,1018.77
2022-04-07 04:00:00,7.755555555555556,5.361111111111111,0.84,13.5884,191.0,16.0517,0.0,1018.59
2022-04-07 05:00:00,7.922222222222221,6.227777777777778,0.87,9.6761,183.0,14.876400000000002,0.0,1018.46
2022-04-07 06:00:00,7.222222222222222,5.916666666666666,0.93,7.3738,137.0,15.456,0.0,1018.59
2022-04-07 07:00:00,7.161111111111111,5.811111111111112,0.87,7.486500000000001,135.0,15.391600000000002,0.0,1018.73
2022-04-07 08:00:00,8.916666666666664,8.916666666666664,0.85,4.186000000000001,194.0,14.6188,0.0,1018.97
2022-04-07 09:00:00,12.244444444444444,12.244444444444444,0.75,3.7513000000000005,349.0,15.729700000000001,0.0,1018.95
2022-04-07 10:00:00,12.916666666666666,12.916666666666666,0.76,11.2056,11.0,9.982000000000001,0.0,1019.34
2022-04-07 11:00:00,15.155555555555557,15.155555555555557,0.67,10.3201,20.0,9.982000000000001,0.0,1019.68
2022-04-07 12:00:00,15.155555555555557,15.155555555555557,0.62,11.109000000000002,50.0,9.982000000000001,0.0,1019.71
2022-04-07 13:00:00,17.21666666666667,17.21666666666667,0.58,9.1126,87.0,9.982000000000001,0.0,1019.43
2022-04-07 14:00:00,17.861111111111114,17.861111111111114,0.56,7.921200000000001,342.0,10.3523,0.0,1019.37
2022-04-07 15:00:00,17.84444444444445,17.84444444444445,0.55,4.781700000000001,332.0,9.982000000000001,0.0,1018.92
2022-04-07 16:00:00,18.86111111111111,18.86111111111111,0.51,9.080400000000001,27.0,10.255700000000001,0.0,1018.62
2022-04-07 17:00:00,18.72222222222222,18.72222222222222,0.49,8.355900000000002,352.0,10.577700000000002,0.0,1018.17
2022-04-07 18:00:00,17.288888888888888,17.288888888888888,0.57,9.450700000000001,0.0,16.1,0.0,1018.32
2022-04-07 19:00:00,15.088888888888887,15.088888888888887,0.66,9.048200000000001,20.0,15.1823,0.0,1018.5
2022-04-07 20:00:00,13.844444444444445,13.844444444444445,0.67,4.459700000000001,45.0,11.914000000000001,0.0,1018.71
2022-04-07 21:00:00,11.038888888888888,11.038888888888888,0.8,1.61,50.0,16.1,0.0,1019.12
2022-04-07 22:00:00,10.394444444444446,10.394444444444446,0.83,3.22,40.0,16.0517,0.0,1019.41
2022-04-07 23:00:00,8.044444444444443,8.044444444444443,0.89,3.1073,18.0,14.3612,0.0,1019.62
2022-04-08 00:00:00,7.666666666666665,7.666666666666665,0.93,3.22,280.0,0.9982000000000001,0.0,1019.61
2022-04-08 01:00:00,6.644444444444445,6.644444444444445,0.95,3.22,290.0,0.6762,0.0,1019.53
2022-04-08 02:00:00,5.344444444444443,5.344444444444443,0.94,0.2093,228.0,2.3345000000000002,0.0,1019.72
2022-04-08 03:00:00,6.044444444444446,6.044444444444446,0.96,2.7853000000000003,19.0,1.7549000000000001,0.0,1019.5
2022-04-08 04:00:00,4.9833333333333325,4.9833333333333325,0.93,0.0,0.0,1.127,0.0,1019.49
2022-04-08 05:00:00,4.761111111111111,4.761111111111111,0.93,3.22,120.0,1.9964000000000002,0.0,1019.44
2022-04-08 06:00:00,3.9111111111111105,3.9111111111111105,0.92,3.22,200.0,0.5796,0.0,1019.38
2022-04-08 07:00:00,5.050000000000002,5.050000000000002,1.0,1.6744,219.0,1.5134,0.0,1019.28
2022-04-08 08:00:00,10.75,10.75,0.93,3.0107000000000004,163.0,3.4615,0.0,1019.12
2022-04-08 09:00:00,14.933333333333334,14.933333333333334,0.63,10.9158,180.0,7.1323,0.0,1018.87
2022-04-08 10:00:00,17.244444444444444,17.244444444444444,0.54,11.157300000000001,189.0,15.922900000000002,0.0,1018.76
2022-04-08 11:00:00,18.827777777777776,18.827777777777776,0.47,11.4632,189.0,15.520400000000002,0.0,1018.43
2022-04-08 12:00:00,20.04444444444444,20.04444444444444,0.44,12.654600000000002,207.0,16.1,0.0,1017.94
2022-04-08 13:00:00,21.17777777777778,21.17777777777778,0.41,15.6009,190.0,16.1,0.0,1017.23
2022-04-08 14:00:00,22.183333333333337,22.183333333333337,0.38,14.4095,209.0,15.552600000000002,0.0,1016.55
2022-04-08 15:00:00,22.28888888888889,22.28888888888889,0.35,14.0875,191.0,16.1,0.0,1015.53
2022-04-08 16:00:00,22.24444444444445,22.24444444444445,0.35,11.2056,182.0,16.1,0.0,1014.84
2022-04-08 17:00:00,22.16666666666667,22.16666666666667,0.38,10.4006,187.0,15.552600000000002,0.0,1014.21
2022-04-08 18:00:00,21.2,21.2,0.41,12.075000000000001,172.0,16.1,0.0,1013.36
2022-04-08 19:00:00,17.916666666666668,17.916666666666668,0.49,9.2253,161.0,16.1,0.0,1013.06
2022-04-08 20:00:00,16.355555555555554,16.355555555555554,0.57,7.8729,144.0,15.1823,0.0,1013.31
2022-04-08 21:00:00,14.961111111111112,14.961111111111112,0.62,12.4292,160.0,16.1,0.0,1013.47
2022-04-08 22:00:00,14.333333333333334,14.333333333333334,0.64,10.8997,170.0,16.1,0.0,1013.47
2022-04-08 23:00:00,13.788888888888888,13.788888888888888,0.67,10.0464,151.0,15.150100000000002,0.0,1013.15
2022-04-09 00:00:00,12.3,12.3,0.73,5.506200000000001,170.0,16.1,0.0,1013.13
2022-04-09 01:00:00,11.505555555555556,11.505555555555556,0.76,4.5724,173.0,15.826300000000002,0.0,1013.16
2022-04-09 02:00:00,12.133333333333335,12.133333333333335,0.72,10.787,319.0,14.9569,0.0,1013.31
2022-04-09 03:00:00,12.844444444444443,12.844444444444443,0.71,18.321800000000003,330.0,15.826300000000002,0.0,1013.65
2022-04-09 04:00:00,13.266666666666667,13.266666666666667,0.69,18.4506,330.0,15.826300000000002,0.0,1013.29
2022-04-09 05:00:00,13.083333333333332,13.083333333333332,0.6,23.6509,329.0,14.9569,0.0,1013.42
2022-04-09 06:00:00,12.149999999999999,12.149999999999999,0.74,25.2609,329.0,10.2074,0.0,1013.77
2022-04-09 07:00:00,11.08888888888889,11.08888888888889,0.8,22.105300000000003,292.0,10.255700000000001,0.0,1014.18
2022-04-09 08:00:00,11.18888888888889,11.18888888888889,0.71,26.6938,311.0,10.2235,0.0,1015.1
2022-04-09 09:00:00,11.183333333333334,11.183333333333334,0.65,25.566800000000004,310.0,10.255700000000001,0.0,1015.21
2022-04-09 10:00:00,12.244444444444444,12.244444444444444,0.52,34.437900000000006,320.0,10.255700000000001,0.0,1015.98
2022-04-09 11:00:00,12.811111111111112,12.811111111111112,0.42,34.37350000000001,319.0,10.577700000000002,0.0,1016.5
2022-04-09 12:00:00,12.82777777777778,12.82777777777778,0.45,31.942400000000003,311.0,10.255700000000001,0.0,1016.97
2022-04-09 13:00:00,13.93888888888889,13.93888888888889,0.39,32.071200000000005,320.0,10.255700000000001,0.0,1017.53
2022-04-09 14:00:00,13.855555555555554,13.855555555555554,0.39,30.783200000000004,312.0,10.3523,0.0,1017.54
2022-04-09 15:00:00,14.927777777777777,14.927777777777777,0.3,32.216100000000004,301.0,10.255700000000001,0.0,1017.13
2022-04-09 16:00:00,13.91111111111111,13.91111111111111,0.36,31.958500000000004,319.0,10.255700000000001,0.0,1016.85
2022-04-09 17:00:00,13.994444444444444,13.994444444444444,0.32,30.429,311.0,10.577700000000002,0.0,1017.18
2022-04-09 18:00:00,12.844444444444443,12.844444444444443,0.35,32.8279,310.0,10.255700000000001,0.0,1017.24
2022-04-09 19:00:00,11.177777777777777,11.177777777777777,0.38,22.427300000000002,310.0,10.255700000000001,0.0,1017.55
2022-04-09 20:00:00,10.111111111111112,10.111111111111112,0.45,22.701,311.0,15.1823,0.0,1018.19
2022-04-09 21:00:00,8.861111111111112,5.933333333333334,0.54,20.2055,310.0,16.1,0.0,1018.96
2022-04-09 22:00:00,8.238888888888887,5.1611111111111105,0.59,20.0445,319.0,16.1,0.0,1019.16
2022-04-09 23:00:00,6.716666666666669,4.055555555555554,0.65,13.7977,319.0,15.1823,0.0,1019.17
2022-04-10 00:00:00,5.0166666666666675,3.561111111111109,0.73,6.6332,329.0,16.1,0.0,1019.15
2022-04-10 01:00:00,3.9055555555555563,2.3499999999999983,0.76,6.391700000000001,326.0,16.1,0.0,1019.04
2022-04-10 02:00:00,3.227777777777779,3.227777777777779,0.75,3.9928000000000003,281.0,15.1823,0.0,1018.8
2022-04-10 03:00:00,2.2888888888888874,-0.7833333333333334,0.82,10.9319,300.0,16.1,0.0,1018.34
2022-04-10 04:00:00,2.155555555555557,-1.0166666666666657,0.82,11.270000000000001,310.0,16.1,0.0,1017.94
2022-04-10 05:00:00,2.272222222222224,-0.7611111111111116,0.83,10.770900000000001,307.0,15.1823,0.0,1017.82
2022-04-10 06:00:00,1.072222222222222,1.072222222222222,0.85,2.0447,324.0,16.1,0.0,1017.64
2022-04-10 07:00:00,3.8944444444444435,1.81111111111111,0.82,8.1305,300.0,10.255700000000001,0.0,1017.62
2022-04-10 08:00:00,6.927777777777777,4.4222222222222225,0.73,13.1376,308.0,15.1823,0.0,1017.6
2022-04-10 09:00:00,10.0,7.6111111111111125,0.54,17.7905,309.0,16.1,0.0,1017.32
2022-04-10 10:00:00,12.222222222222221,12.222222222222221,0.47,16.309300000000004,311.0,15.826300000000002,0.0,1017.12
2022-04-10 11:00:00,12.7,12.7,0.45,15.246700000000002,329.0,10.3523,0.0,1016.87
2022-04-10 12:00:00,13.794444444444444,13.794444444444444,0.43,17.871000000000002,319.0,15.826300000000002,0.0,1016.34
2022-04-10 13:00:00,13.800000000000002,13.800000000000002,0.4,20.7851,300.0,15.826300000000002,0.0,1015.84
2022-04-10 14:00:00,12.794444444444444,12.794444444444444,0.49,12.719000000000001,28.0,10.3523,0.0,1015.55
2022-04-10 15:00:00,8.216666666666665,4.41111111111111,0.74,28.046200000000006,280.0,9.982000000000001,0.0,1014.94
2022-04-10 16:00:00,12.049999999999999,12.049999999999999,0.66,22.137500000000003,280.0,9.9015,0.0,1014.84
2022-04-10 17:00:00,9.805555555555555,6.377777777777776,0.78,29.4147,282.0,10.3523,0.0,1014.76
2022-04-10 18:00:00,8.861111111111112,6.472222222222221,0.71,15.423800000000002,301.0,9.982000000000001,0.0,1014.72
2022-04-10 19:00:00,8.933333333333332,7.449999999999998,0.71,9.579500000000001,290.0,9.982000000000001,0.0,1014.81
2022-04-10 20:00:00,8.711111111111112,7.427777777777777,0.74,8.355900000000002,316.0,10.2235,0.0,1015.35
2022-04-10 21:00:00,7.733333333333334,5.5444444444444425,0.83,12.2521,309.0,9.982000000000001,0.0,1015.52
2022-04-10 22:00:00,7.666666666666665,5.750000000000001,0.83,10.577700000000002,302.0,15.826300000000002,0.0,1015.64
2022-04-10 23:00:00,7.022222222222222,5.044444444444443,0.88,10.2235,303.0,14.4095,0.0,1015.62
2022-04-11 00:00:00,6.622222222222224,5.555555555555555,0.93,6.1502,283.0,15.826300000000002,0.0,1015.84
2022-04-11 01:00:00,5.583333333333332,5.583333333333332,0.93,3.2683,312.0,14.9086,0.0,1015.96
2022-04-11 02:00:00,5.616666666666666,4.366666666666666,0.93,6.2468,337.0,14.168000000000003,0.0,1016.0
2022-04-11 03:00:00,5.483333333333332,4.161111111111112,0.93,6.423900000000001,339.0,9.9015,0.0,1016.08
2022-04-11 04:00:00,6.016666666666666,4.811111111111109,0.96,6.3112,330.0,14.812,0.0,1015.99
2022-04-11 05:00:00,6.422222222222223,4.1499999999999995,0.91,11.157300000000001,347.0,14.876400000000002,0.0,1016.29
2022-04-11 06:00:00,5.944444444444446,3.9000000000000017,0.87,9.5473,349.0,15.826300000000002,0.0,1016.67
2022-04-11 07:00:00,5.994444444444444,3.377777777777777,0.87,12.5419,339.0,15.826300000000002,0.0,1017.19
2022-04-11 08:00:00,7.577777777777778,5.105555555555554,0.85,13.846,356.0,15.1823,0.0,1017.67
2022-04-11 09:00:00,8.894444444444442,5.977777777777777,0.71,20.1733,0.0,16.1,0.0,1017.97
2022-04-11 10:00:00,11.094444444444443,11.094444444444443,0.66,15.681400000000002,341.0,9.982000000000001,0.0,1018.17
2022-04-11 11:00:00,12.611111111111112,12.611111111111112,0.56,13.7494,350.0,10.3523,0.0,1018.35
2022-04-11 12:00:00,13.816666666666666,13.816666666666666,0.51,20.0123,10.0,10.255700000000001,0.0,1018.05
2022-04-11 13:00:00,13.88888888888889,13.88888888888889,0.45,17.2109,0.0,10.255700000000001,0.0,1017.76
2022-04-11 14:00:00,12.938888888888888,12.938888888888888,0.49,16.5669,332.0,10.577700000000002,0.0,1017.49
2022-04-11 15:00:00,12.36111111111111,12.36111111111111,0.51,10.8031,339.0,10.255700000000001,0.0,1017.31
2022-04-11 16:00:00,12.427777777777777,12.427777777777777,0.51,14.3451,329.0,10.255700000000001,0.0,1016.8
2022-04-11 17:00:00,12.794444444444444,12.794444444444444,0.5,11.592,346.0,10.2235,0.0,1016.83
2022-04-11 18:00:00,12.405555555555555,12.405555555555555,0.51,12.1072,28.0,10.255700000000001,0.0,1016.9
2022-04-11 19:00:00,11.288888888888888,11.288888888888888,0.6,4.6046000000000005,30.0,16.1,0.0,1016.89
2022-04-11 20:00:00,10.2,10.2,0.68,1.2558,279.0,15.1823,0.0,1017.24
2022-04-11 21:00:00,9.044444444444444,9.044444444444444,0.76,3.3166,80.0,16.1,0.0,1017.61
2022-04-11 22:00:00,9.949999999999998,9.427777777777777,0.73,5.9892,108.0,16.1,0.0,1017.93
2022-04-11 23:00:00,8.916666666666664,8.916666666666664,0.78,2.7209,100.0,15.1823,0.0,1018.1
2022-04-12 00:00:00,8.261111111111111,8.261111111111111,0.82,1.9964000000000002,75.0,16.1,0.0,1018.33
2022-04-12 01:00:00,8.638888888888888,6.944444444444445,0.79,10.4167,40.0,16.1,0.0,1018.24
2022-04-12 02:00:00,7.950000000000001,7.316666666666667,0.79,5.3774,29.0,15.1823,0.0,1017.94
2022-04-12 03:00:00,7.394444444444446,6.3611111111111125,0.77,6.44,40.0,16.1,0.0,1017.65
2022-04-12 04:00:00,6.83888888888889,5.805555555555557,0.83,6.1502,39.0,16.1,0.0,1017.35
2022-04-12 05:00:00,6.4111111111111105,6.4111111111111105,0.88,3.3327,346.0,15.150100000000002,0.0,1017.43
2022-04-12 06:00:00,5.683333333333332,4.027777777777778,0.87,7.6796999999999995,0.0,14.9086,0.0,1017.17
2022-04-12 07:00:00,6.749999999999999,6.749999999999999,0.8,4.6690000000000005,8.0,14.9086,0.0,1017.64
2022-04-12 08:00:00,7.1499999999999995,7.1499999999999995,0.77,4.5563,45.0,14.9569,0.0,1017.92
2022-04-12 09:00:00,8.93888888888889,8.93888888888889,0.66,4.3309,47.0,16.1,0.0,1018.09
2022-04-12 10:00:00,12.244444444444444,12.244444444444444,0.5,4.1699,28.0,15.826300000000002,0.0,1017.89
2022-04-12 11:00:00,13.533333333333333,13.533333333333333,0.53,2.1091,348.0,9.982000000000001,0.0,1017.92
2022-04-12 12:00:00,14.972222222222221,14.972222222222221,0.42,4.4436,183.0,9.982000000000001,0.0,1017.68
2022-04-12 13:00:00,16.083333333333332,16.083333333333332,0.41,3.2522,12.0,10.255700000000001,0.0,1017.18
2022-04-12 14:00:00,15.116666666666667,15.116666666666667,0.39,7.7440999999999995,323.0,10.577700000000002,0.0,1016.56
2022-04-12 15:00:00,15.116666666666667,15.116666666666667,0.41,7.2772,155.0,10.255700000000001,0.0,1015.98
2022-04-12 16:00:00,15.044444444444443,15.044444444444443,0.42,4.6046000000000005,136.0,10.255700000000001,0.0,1015.6
2022-04-12 17:00:00,15.044444444444443,15.044444444444443,0.43,11.527600000000001,117.0,10.577700000000002,0.0,1015.44
2022-04-12 18:00:00,14.972222222222221,14.972222222222221,0.47,12.187700000000001,110.0,10.255700000000001,0.0,1015.4
2022-04-12 19:00:00,12.799999999999999,12.799999999999999,0.55,10.835300000000002,100.0,16.1,0.0,1015.41
2022-04-12 20:00:00,12.544444444444444,12.544444444444444,0.56,10.2074,109.0,15.552600000000002,0.0,1015.94
2022-04-12 21:00:00,12.083333333333334,12.083333333333334,0.58,12.799500000000002,110.0,16.1,0.0,1016.4
2022-04-12 22:00:00,10.955555555555556,10.955555555555556,0.63,11.0446,120.0,16.1,0.0,1016.7
2022-04-12 23:00:00,9.722222222222221,8.977777777777776,0.72,6.745900000000001,139.0,15.1823,0.0,1016.91
2022-04-13 00:00:00,9.711111111111109,8.122222222222222,0.69,11.0446,120.0,16.0517,0.0,1017.11
2022-04-13 01:00:00,9.133333333333333,7.455555555555557,0.72,10.8997,110.0,16.0517,0.0,1017.11
2022-04-13 02:00:00,8.566666666666668,7.905555555555553,0.73,5.7477,128.0,15.150100000000002,0.0,1016.74
2022-04-13 03:00:00,7.977777777777778,7.116666666666668,0.75,6.1502,130.0,16.0517,0.0,1016.32
2022-04-13 04:00:00,7.838888888888889,6.872222222222221,0.73,6.44,130.0,16.0517,0.0,1015.84
2022-04-13 05:00:00,7.6333333333333355,7.6333333333333355,0.77,2.898,130.0,14.9569,0.0,1015.69
2022-04-13 06:00:00,7.327777777777777,7.327777777777777,0.77,3.0751,110.0,15.729700000000001,0.0,1015.83
2022-04-13 07:00:00,7.355555555555558,5.550000000000001,0.78,9.66,120.0,14.7637,0.0,1016.24
2022-04-13 08:00:00,7.616666666666668,6.155555555555555,0.84,8.291500000000001,142.0,13.636700000000001,0.0,1016.66
2022-04-13 09:00:00,11.038888888888888,11.038888888888888,0.66,9.032100000000002,160.0,15.826300000000002,0.0,1016.61
2022-04-13 10:00:00,12.822222222222221,12.822222222222221,0.59,7.631400000000001,152.0,16.0517,0.0,1016.61
2022-04-13 11:00:00,14.949999999999998,14.949999999999998,0.51,4.2665,220.0,10.3523,0.0,1016.47
2022-04-13 12:00:00,17.22222222222222,17.22222222222222,0.38,7.711900000000001,315.0,10.255700000000001,0.0,1016.18
2022-04-13 13:00:00,17.800000000000004,17.800000000000004,0.33,7.486500000000001,5.0,10.255700000000001,0.0,1015.49
2022-04-13 14:00:00,17.333333333333332,17.333333333333332,0.33,7.4704,308.0,10.577700000000002,0.0,1015.04
2022-04-13 15:00:00,17.31111111111111,17.31111111111111,0.36,2.3023000000000002,189.0,10.255700000000001,0.0,1014.59
2022-04-13 16:00:00,17.31111111111111,17.31111111111111,0.34,2.3989000000000003,188.0,10.255700000000001,0.0,1014.39
2022-04-13 17:00:00,17.677777777777777,17.677777777777777,0.3,1.5134,299.0,10.577700000000002,0.0,1014.17
2022-04-13 18:00:00,17.244444444444444,17.244444444444444,0.37,2.415,146.0,10.255700000000001,0.0,1014.11
2022-04-13 19:00:00,16.133333333333333,16.133333333333333,0.39,14.49,290.0,16.1,0.0,1014.11
2022-04-13 20:00:00,14.127777777777778,14.127777777777778,0.49,3.5742000000000007,272.0,15.1823,0.0,1014.68
2022-04-13 21:00:00,12.383333333333333,12.383333333333333,0.61,9.7405,291.0,16.1,0.0,1015.03
2022-04-13 22:00:00,10.761111111111111,10.761111111111111,0.63,14.1841,290.0,16.1,0.0,1015.6
2022-04-13 23:00:00,11.338888888888887,11.338888888888887,0.68,10.432800000000002,281.0,15.1823,0.0,1015.38
2022-04-14 00:00:00,12.149999999999999,12.149999999999999,0.69,14.168000000000003,299.0,16.0517,0.0,1015.32
2022-04-14 01:00:00,11.549999999999999,11.549999999999999,0.74,14.039200000000001,290.0,15.826300000000002,0.0,1015.32
2022-04-14 02:00:00,10.894444444444444,10.894444444444444,0.76,10.384500000000001,271.0,14.876400000000002,0.0,1015.05
2022-04-14 03:00:00,9.261111111111113,7.6000000000000005,0.81,10.948,271.0,15.649200000000002,0.0,1014.94
2022-04-14 04:00:00,7.733333333333334,5.283333333333332,0.86,13.9587,271.0,15.6009,0.0,1014.93
2022-04-14 05:00:00,7.73888888888889,5.872222222222223,0.84,10.4006,271.0,14.715400000000002,0.0,1014.86
2022-04-14 06:00:00,6.927777777777777,5.055555555555556,0.87,9.6117,272.0,9.6117,0.0,1014.93
2022-04-14 07:00:00,8.599999999999998,7.3888888888888875,0.84,7.9373000000000005,281.0,11.753,0.0,1015.04
2022-04-14 08:00:00,10.877777777777776,10.877777777777776,0.78,10.6904,277.0,14.876400000000002,0.0,1015.46
2022-04-14 09:00:00,13.844444444444445,13.844444444444445,0.64,9.434600000000001,243.0,15.826300000000002,0.0,1015.18
2022-04-14 10:00:00,16.11111111111111,16.11111111111111,0.52,9.6278,276.0,16.1,0.0,1014.97
2022-04-14 11:00:00,17.59444444444445,17.59444444444445,0.34,16.856700000000004,233.0,15.552600000000002,0.0,1014.57
2022-04-14 12:00:00,17.861111111111114,17.861111111111114,0.37,17.581200000000003,241.0,10.255700000000001,0.0,1013.75
2022-04-14 13:00:00,18.83888888888889,18.83888888888889,0.33,23.3289,231.0,10.255700000000001,0.0,1012.75
2022-04-14 14:00:00,18.755555555555556,18.755555555555556,0.35,22.878100000000003,223.0,10.2718,0.0,1011.57
2022-04-14 15:00:00,18.783333333333335,18.783333333333335,0.35,22.6044,212.0,9.982000000000001,0.0,1010.48
2022-04-14 16:00:00,18.666666666666664,18.666666666666664,0.35,22.717100000000002,222.0,9.9015,0.0,1009.22
2022-04-14 17:00:00,17.794444444444444,17.794444444444444,0.38,16.6957,234.0,10.2718,0.0,1008.43
2022-04-14 18:00:00,13.016666666666667,13.016666666666667,0.75,20.0928,358.0,9.853200000000001,0.0,1008.51
2022-04-14 19:00:00,12.033333333333331,12.033333333333331,0.75,23.055200000000003,350.0,8.05,0.0,1008.75
2022-04-14 20:00:00,10.211111111111112,10.211111111111112,0.86,28.497,333.0,8.420300000000001,0.0,1010.3
2022-04-14 21:00:00,8.866666666666667,6.005555555555556,0.89,19.561500000000002,348.0,6.295100000000001,0.0,1011.35
2022-04-14 22:00:00,9.83888888888889,7.227777777777776,0.72,19.5454,234.0,10.255700000000001,0.0,1011.26
2022-04-14 23:00:00,9.244444444444445,7.544444444444443,0.84,11.1895,308.0,14.3934,0.0,1011.16
2022-04-15 00:00:00,8.261111111111111,5.466666666666669,0.86,17.581200000000003,309.0,16.1,0.0,1010.96
2022-04-15 01:00:00,7.755555555555556,5.694444444444445,0.85,11.4793,300.0,16.1,0.0,1010.86
2022-04-15 02:00:00,7.666666666666665,4.622222222222223,0.79,18.4506,301.0,15.1823,0.0,1011.41
2022-04-15 03:00:00,7.105555555555555,4.066666666666666,0.76,17.2109,308.0,16.1,0.0,1010.99
2022-04-15 04:00:00,6.544444444444445,3.0277777777777795,0.76,20.0606,290.0,16.1,0.0,1012.22
2022-04-15 05:00:00,6.066666666666667,3.4388888888888878,0.82,12.7512,297.0,15.1823,0.0,1012.14
2022-04-15 06:00:00,5.966666666666668,2.127777777777777,0.77,21.541800000000002,310.0,16.1,0.0,1012.25
2022-04-15 07:00:00,6.061111111111109,3.1555555555555554,0.79,14.457800000000002,310.0,10.255700000000001,0.0,1012.67
2022-04-15 08:00:00,7.07222222222222,3.522222222222224,0.75,21.6545,310.0,10.2235,0.0,1013.66
2022-04-15 09:00:00,8.844444444444445,5.422222222222221,0.66,25.582900000000002,320.0,9.982000000000001,0.0,1013.35
2022-04-15 10:00:00,10.0,7.177777777777779,0.65,22.3468,320.0,9.982000000000001,0.0,1013.55
2022-04-15 11:00:00,10.883333333333335,10.883333333333335,0.6,21.7189,328.0,10.3523,0.0,1013.89
2022-04-15 12:00:00,11.138888888888888,11.138888888888888,0.5,31.282300000000003,321.0,10.255700000000001,0.0,1014.08
2022-04-15 13:00:00,11.138888888888888,11.138888888888888,0.49,25.438000000000002,320.0,10.255700000000001,0.0,1013.98
2022-04-15 14:00:00,12.088888888888887,12.088888888888887,0.38,21.6223,312.0,10.577700000000002,0.0,1014.07
2022-04-15 15:00:00,12.733333333333334,12.733333333333334,0.38,28.5131,300.0,10.255700000000001,0.0,1013.94
2022-04-15 16:00:00,12.244444444444444,12.244444444444444,0.35,26.7904,300.0,16.1,0.0,1013.94
2022-04-15 17:00:00,12.127777777777776,12.127777777777776,0.32,24.2788,304.0,15.552600000000002,0.0,1014.15
2022-04-15 18:00:00,11.06111111111111,11.06111111111111,0.39,20.9783,311.0,16.1,0.0,1014.32
2022-04-15 19:00:00,8.91111111111111,6.261111111111113,0.44,17.71,311.0,10.255700000000001,0.0,1014.42
2022-04-15 20:00:00,7.294444444444445,4.800000000000001,0.54,13.5723,310.0,15.552600000000002,0.0,1014.71
2022-04-15 21:00:00,6.061111111111109,3.1722222222222225,0.66,14.3612,300.0,16.1,0.0,1015.48
2022-04-15 22:00:00,6.016666666666666,2.744444444444443,0.66,17.001600000000003,300.0,16.1,0.0,1015.88
2022-04-15 23:00:00,4.872222222222224,1.4611111111111126,0.78,15.955100000000002,302.0,15.1823,0.0,1016.07
2022-04-16 00:00:00,4.349999999999999,1.072222222222222,0.83,14.329,320.0,16.1,0.0,1016.26
2022-04-16 01:00:00,4.377777777777779,1.7444444444444447,0.82,10.867500000000001,338.0,16.1,0.0,1016.17
2022-04-16 02:00:00,3.7555555555555546,0.9777777777777766,0.87,10.980200000000002,321.0,15.1823,0.0,1016.09
2022-04-16 03:00:00,2.844444444444443,-0.16111111111111065,0.89,11.157300000000001,321.0,16.1,0.0,1016.08
2022-04-16 04:00:00,1.8055555555555556,-0.22222222222222143,0.89,6.810300000000001,339.0,16.1,0.0,1016.38
2022-04-16 05:00:00,1.9111111111111099,-1.2944444444444434,0.9,11.1895,330.0,15.1823,0.0,1016.52
2022-04-16 06:00:00,2.2666666666666657,-0.8333333333333334,0.92,11.0607,330.0,10.255700000000001,0.0,1017.08
2022-04-16 07:00:00,3.916666666666665,1.4000000000000017,0.88,9.9176,339.0,16.1,0.0,1017.67
2022-04-16 08:00:00,6.855555555555558,3.977777777777776,0.76,15.520400000000002,350.0,15.1823,0.0,1017.6
2022-04-16 09:00:00,9.844444444444443,6.749999999999999,0.61,25.1321,9.0,9.982000000000001,0.0,1017.78
2022-04-16 10:00:00,9.911111111111113,6.83888888888889,0.61,25.051600000000004,10.0,9.982000000000001,0.0,1017.6
2022-04-16 11:00:00,10.916666666666666,10.916666666666666,0.54,25.8888,1.0,10.3523,0.0,1017.71
2022-04-16 12:00:00,12.155555555555557,12.155555555555557,0.5,26.7421,19.0,9.982000000000001,0.0,1017.76
2022-04-16 13:00:00,12.66111111111111,12.66111111111111,0.46,33.71340000000001,30.0,9.982000000000001,0.0,1016.81
2022-04-16 14:00:00,12.799999999999999,12.799999999999999,0.39,32.90840000000001,9.0,10.3523,0.0,1015.81
2022-04-16 15:00:00,13.75,13.75,0.4,31.539900000000003,29.0,16.1,0.0,1015.62
2022-04-16 16:00:00,12.850000000000001,12.850000000000001,0.41,34.51840000000001,30.0,10.255700000000001,0.0,1015.29
2022-04-16 17:00:00,11.361111111111112,11.361111111111112,0.54,23.1357,64.0,10.577700000000002,0.0,1015.18
2022-04-16 18:00:00,11.161111111111113,11.161111111111113,0.55,20.9461,38.0,10.255700000000001,0.0,1015.59
2022-04-16 19:00:00,8.055555555555555,4.849999999999998,0.81,20.8173,38.0,7.486500000000001,0.0,1015.89
2022-04-16 20:00:00,8.855555555555554,5.438888888888888,0.73,25.5185,13.0,10.2235,0.0,1016.43
2022-04-16 21:00:00,7.872222222222224,3.627777777777778,0.7,32.4898,10.0,16.1,0.0,1016.64
2022-04-16 22:00:00,8.355555555555554,4.1499999999999995,0.67,34.14810000000001,10.0,16.1,0.0,1016.84
2022-04-16 23:00:00,7.794444444444445,3.7833333333333345,0.73,29.0927,18.0,15.1823,0.0,1016.8
2022-04-17 00:00:00,7.316666666666667,2.8777777777777778,0.77,32.8118,10.0,9.982000000000001,0.0,1016.11
2022-04-17 01:00:00,6.738888888888891,2.2277777777777765,0.81,31.362800000000004,21.0,15.826300000000002,0.0,1016.08
2022-04-17 02:00:00,6.800000000000001,2.3666666666666654,0.82,30.606100000000005,18.0,14.168000000000003,0.0,1015.46
2022-04-17 03:00:00,7.272222222222224,2.4055555555555546,0.78,39.042500000000004,20.0,9.982000000000001,0.0,1015.43
2022-04-17 04:00:00,7.200000000000001,2.822222222222221,0.75,31.556000000000004,21.0,14.9086,0.0,1014.57
2022-04-17 05:00:00,7.194444444444446,2.9111111111111123,0.75,30.2197,28.0,14.9569,0.0,1014.46
2022-04-17 06:00:00,7.222222222222222,2.7500000000000018,0.72,32.90840000000001,30.0,9.982000000000001,0.0,1014.35
2022-04-17 07:00:00,6.161111111111113,1.7111111111111101,0.85,28.4326,30.0,9.982000000000001,0.0,1014.89
2022-04-17 08:00:00,6.2333333333333325,2.133333333333335,0.87,24.8584,30.0,9.982000000000001,0.0,1015.01
2022-04-17 09:00:00,7.177777777777779,3.18888888888889,0.79,26.6294,30.0,9.982000000000001,0.0,1015.22
2022-04-17 10:00:00,7.76111111111111,3.8333333333333326,0.83,27.9013,30.0,9.982000000000001,0.0,1015.33
2022-04-17 11:00:00,9.877777777777778,6.7777777777777795,0.78,25.2287,31.0,10.3523,0.0,1015.33
2022-04-17 12:00:00,12.022222222222222,12.022222222222222,0.74,22.024800000000003,31.0,10.255700000000001,0.0,1015.3
2022-04-17 13:00:00,12.622222222222222,12.622222222222222,0.69,14.699300000000003,22.0,9.982000000000001,0.0,1014.83
2022-04-17 14:00:00,12.683333333333332,12.683333333333332,0.71,11.640300000000002,28.0,10.577700000000002,0.0,1014.68
2022-04-17 15:00:00,13.755555555555553,13.755555555555553,0.67,4.0894,20.0,10.255700000000001,0.0,1014.03
2022-04-17 16:00:00,13.805555555555555,13.805555555555555,0.66,7.695800000000001,81.0,10.255700000000001,0.0,1013.7
2022-04-17 17:00:00,12.616666666666667,12.616666666666667,0.77,10.465,226.0,15.552600000000002,0.0,1013.93
2022-04-17 18:00:00,12.716666666666667,12.716666666666667,0.76,6.9874,256.0,16.1,0.0,1013.68
2022-04-17 19:00:00,12.161111111111111,12.161111111111111,0.79,7.7440999999999995,314.0,16.1,0.0,1013.38
2022-04-17 20:00:00,11.116666666666665,11.116666666666665,0.8,8.3398,321.0,10.2235,0.0,1013.19
2022-04-17 21:00:00,10.094444444444445,10.094444444444445,0.81,9.2897,306.0,15.1823,0.0,1013.07
2022-04-17 22:00:00,9.588888888888887,8.916666666666664,0.81,6.359500000000001,309.0,15.1823,0.0,1013.15
2022-04-17 23:00:00,9.927777777777777,8.466666666666669,0.8,10.5455,326.0,14.3934,0.0,1012.58
2022-04-18 00:00:00,8.983333333333334,7.233333333333336,0.79,11.1734,352.0,15.1823,0.0,1012.26
2022-04-18 01:00:00,8.427777777777779,6.605555555555556,0.82,10.9158,343.0,12.2521,0.0,1012.05
2022-04-18 02:00:00,6.966666666666666,4.922222222222222,0.86,10.5294,345.0,11.914000000000001,0.0,1011.37
2022-04-18 03:00:00,6.805555555555555,5.566666666666668,0.85,6.8425,1.0,12.2521,0.0,1010.83
2022-04-18 04:00:00,7.200000000000001,6.177777777777776,0.88,6.3112,350.0,10.255700000000001,0.0,1010.47
2022-04-18 05:00:00,6.83888888888889,4.7,0.92,10.867500000000001,341.0,10.2235,0.0,1009.77
2022-04-18 06:00:00,7.200000000000001,5.82222222222222,0.85,7.631400000000001,342.0,10.255700000000001,0.0,1009.57
2022-04-18 07:00:00,7.777777777777778,6.383333333333335,0.88,8.1144,351.0,10.255700000000001,0.0,1009.45
2022-04-18 08:00:00,7.9833333333333325,6.133333333333333,0.89,10.5455,349.0,14.3934,0.0,1009.11
2022-04-18 09:00:00,11.138888888888888,11.138888888888888,0.76,10.980200000000002,351.0,16.1,0.0,1008.93
2022-04-18 10:00:00,13.800000000000002,13.800000000000002,0.67,11.0446,351.0,16.1,0.0,1008.63
2022-04-18 11:00:00,15.944444444444445,15.944444444444445,0.62,10.8192,357.0,15.552600000000002,0.0,1007.86
2022-04-18 12:00:00,17.200000000000003,17.200000000000003,0.58,11.253900000000002,10.0,16.1,0.0,1007.24
2022-04-18 13:00:00,17.82777777777778,17.82777777777778,0.5,7.905100000000001,0.0,10.255700000000001,0.0,1006.93
2022-04-18 14:00:00,17.299999999999997,17.299999999999997,0.6,7.3255,20.0,10.577700000000002,0.0,1006.76
2022-04-18 15:00:00,17.938888888888894,17.938888888888894,0.55,4.5724,20.0,10.255700000000001,0.0,1006.4
2022-04-18 16:00:00,17.82777777777778,17.82777777777778,0.52,7.567000000000001,40.0,10.255700000000001,0.0,1006.19
2022-04-18 17:00:00,17.07222222222222,17.07222222222222,0.58,9.3863,341.0,10.577700000000002,0.0,1005.87
2022-04-18 18:00:00,16.183333333333334,16.183333333333334,0.67,9.1448,329.0,10.255700000000001,0.0,1005.33
2022-04-18 19:00:00,15.116666666666667,15.116666666666667,0.71,9.2736,269.0,10.255700000000001,0.0,1005.23
2022-04-18 20:00:00,12.7,12.7,0.84,7.6796999999999995,297.0,10.2235,0.0,1005.28
2022-04-18 21:00:00,12.388888888888888,12.388888888888888,0.82,11.012400000000001,281.0,15.1823,0.0,1005.15
2022-04-18 22:00:00,11.872222222222222,11.872222222222222,0.79,11.0446,311.0,15.1823,0.0,1004.95
2022-04-18 23:00:00,12.083333333333334,12.083333333333334,0.77,10.304000000000002,319.0,15.1823,0.0,1004.5
2022-04-19 00:00:00,11.361111111111112,11.361111111111112,0.78,14.296800000000003,321.0,16.1,0.0,1004.2
2022-04-19 01:00:00,11.338888888888887,11.338888888888887,0.78,14.1841,332.0,16.1,0.0,1005.26
2022-04-19 02:00:00,10.772222222222222,10.772222222222222,0.77,13.846,338.0,14.3934,0.0,1003.5
2022-04-19 03:00:00,10.211111111111112,10.211111111111112,0.78,14.1358,340.0,16.1,0.0,1003.2
2022-04-19 04:00:00,11.738888888888889,11.738888888888889,0.75,14.1197,349.0,16.1,0.0,1002.73
2022-04-19 05:00:00,12.200000000000001,12.200000000000001,0.71,16.6313,349.0,15.1823,0.0,1002.43
2022-04-19 06:00:00,12.133333333333335,12.133333333333335,0.71,14.039200000000001,350.0,16.1,0.0,1002.8
2022-04-19 07:00:00,12.177777777777779,12.177777777777779,0.71,17.1948,359.0,16.1,0.0,1002.91
2022-04-19 08:00:00,12.794444444444444,12.794444444444444,0.69,13.765500000000001,17.0,15.1823,0.0,1002.94
2022-04-19 09:00:00,16.0,16.0,0.58,20.221600000000002,38.0,16.1,0.0,1003.41
2022-04-19 10:00:00,16.08888888888889,16.08888888888889,0.58,21.445200000000003,48.0,15.826300000000002,0.0,1003.6
2022-04-19 11:00:00,16.105555555555558,16.105555555555558,0.58,11.3666,72.0,10.3523,0.0,1004.26
2022-04-19 12:00:00,17.272222222222226,17.272222222222226,0.51,9.3863,111.0,10.255700000000001,0.0,1004.65
2022-04-19 13:00:00,17.294444444444444,17.294444444444444,0.51,8.790600000000001,60.0,10.255700000000001,0.0,1004.82
2022-04-19 14:00:00,17.805555555555557,17.805555555555557,0.51,8.8711,141.0,10.577700000000002,0.0,1005.12
2022-04-19 15:00:00,17.983333333333334,17.983333333333334,0.51,3.6064000000000007,299.0,10.255700000000001,0.0,1004.82
2022-04-19 16:00:00,14.327777777777776,14.327777777777776,0.54,31.411100000000005,128.0,9.982000000000001,0.0,1004.41
2022-04-19 17:00:00,14.633333333333335,14.633333333333335,0.63,4.1699,192.0,9.8049,0.0,1005.71
2022-04-19 18:00:00,14.072222222222221,14.072222222222221,0.7,3.5742000000000007,155.0,9.982000000000001,0.0,1005.46
2022-04-19 19:00:00,12.894444444444446,12.894444444444446,0.76,15.1823,158.0,10.255700000000001,0.0,1006.25
2022-04-19 20:00:00,11.344444444444445,11.344444444444445,0.84,2.9946,198.0,10.2235,0.0,1006.85
2022-04-19 21:00:00,10.16111111111111,10.16111111111111,0.85,3.4132000000000002,108.0,16.1,0.0,1007.37
2022-04-19 22:00:00,9.566666666666666,8.833333333333334,0.88,6.601,98.0,16.1,0.0,1007.6
2022-04-19 23:00:00,9.016666666666664,7.716666666666667,0.89,8.694,129.0,14.3934,0.0,1008.42
2022-04-20 00:00:00,9.327777777777776,7.716666666666667,0.89,10.7387,109.0,15.1823,0.0,1008.58
2022-04-20 01:00:00,8.794444444444444,7.055555555555557,0.86,10.851400000000002,129.0,16.1,0.0,1008.76
2022-04-20 02:00:00,8.766666666666667,7.183333333333334,0.87,9.9498,119.0,15.1823,0.0,1008.28
2022-04-20 03:00:00,7.683333333333333,6.749999999999999,0.89,6.2468,119.0,16.1,0.0,1008.29
2022-04-20 04:00:00,7.733333333333334,5.7555555555555555,0.86,10.980200000000002,109.0,16.1,0.0,1008.49
2022-04-20 05:00:00,7.288888888888888,6.3166666666666655,0.88,6.1824,119.0,15.1823,0.0,1008.55
2022-04-20 06:00:00,7.244444444444444,5.172222222222223,0.93,10.980200000000002,119.0,16.1,0.0,1008.69
2022-04-20 07:00:00,8.77222222222222,6.55,0.89,14.023100000000003,139.0,10.255700000000001,0.0,1008.89
2022-04-20 08:00:00,8.944444444444445,7.244444444444444,0.93,10.787,130.0,10.2235,0.0,1009.33
2022-04-20 09:00:00,10.072222222222223,10.072222222222223,0.86,12.397,129.0,10.255700000000001,0.0,1009.69
2022-04-20 10:00:00,12.872222222222224,12.872222222222224,0.77,10.8836,130.0,9.982000000000001,0.0,1009.98
2022-04-20 11:00:00,12.727777777777776,12.727777777777776,0.78,10.948,133.0,9.982000000000001,0.0,1010.19
2022-04-20 12:00:00,14.005555555555556,14.005555555555556,0.71,15.456,130.0,9.982000000000001,0.0,1010.37
2022-04-20 13:00:00,13.983333333333334,13.983333333333334,0.71,14.168000000000003,111.0,9.982000000000001,0.0,1010.26
2022-04-20 14:00:00,12.894444444444446,12.894444444444446,0.73,13.4274,125.0,9.982000000000001,0.0,1010.37
2022-04-20 15:00:00,13.838888888888887,13.838888888888887,0.68,12.719000000000001,107.0,9.982000000000001,0.0,1010.35
2022-04-20 16:00:00,13.861111111111112,13.861111111111112,0.68,10.304000000000002,139.0,9.982000000000001,0.0,1010.37
2022-04-20 17:00:00,14.122222222222224,14.122222222222224,0.67,9.2736,128.0,10.3523,0.0,1010.05
2022-04-20 18:00:00,13.91111111111111,13.91111111111111,0.72,9.209200000000001,111.0,9.982000000000001,0.0,1009.89
2022-04-20 19:00:00,12.822222222222221,12.822222222222221,0.77,3.0751,67.0,10.255700000000001,0.0,1009.98
2022-04-20 20:00:00,12.327777777777776,12.327777777777776,0.8,4.3309,42.0,10.2235,0.0,1010.27
2022-04-20 21:00:00,11.022222222222224,11.022222222222224,0.86,4.6046000000000005,40.0,16.1,0.0,1010.72
2022-04-20 22:00:00,10.394444444444446,10.394444444444446,0.87,3.0751,40.0,15.1823,0.0,1011.1
2022-04-20 23:00:00,10.016666666666667,10.016666666666667,0.9,5.5223,54.0,14.3612,0.0,1011.31
2022-04-21 00:00:00,9.816666666666668,9.816666666666668,0.93,3.22,70.0,14.9086,0.0,1011.42
2022-04-21 01:00:00,10.811111111111112,10.811111111111112,0.9,6.279,119.0,11.8979,0.0,1011.51
2022-04-21 02:00:00,10.322222222222221,10.322222222222221,0.9,1.9964000000000002,129.0,11.4954,0.0,1011.45
2022-04-21 03:00:00,7.777777777777778,7.777777777777778,0.93,3.1234,87.0,7.905100000000001,0.0,1011.39
2022-04-21 04:00:00,8.722222222222223,7.8999999999999995,0.96,6.44,80.0,6.0697,0.0,1011.19
2022-04-21 05:00:00,8.844444444444445,8.072222222222223,0.94,6.3112,92.0,5.9731000000000005,0.0,1010.97
2022-04-21 06:00:00,8.77222222222222,7.272222222222224,0.93,9.5151,100.0,9.5473,0.0,1010.7
2022-04-21 07:00:00,9.883333333333333,8.338888888888887,0.87,11.012400000000001,119.0,14.586600000000002,0.0,1010.81
2022-04-21 08:00:00,12.116666666666667,12.116666666666667,0.83,15.713600000000001,139.0,14.876400000000002,0.0,1010.92
2022-04-21 09:00:00,14.905555555555553,14.905555555555553,0.73,17.0821,149.0,15.826300000000002,0.0,1010.88
2022-04-21 10:00:00,17.15,17.15,0.63,17.0982,149.0,16.0517,0.0,1010.48
2022-04-21 11:00:00,17.87777777777778,17.87777777777778,0.63,16.5669,159.0,15.3111,0.0,1010.48
2022-04-21 12:00:00,20.022222222222226,20.022222222222226,0.53,15.729700000000001,139.0,9.982000000000001,0.0,1009.98
2022-04-21 13:00:00,21.083333333333332,21.083333333333332,0.46,15.906800000000002,140.0,9.982000000000001,0.0,1009.66
2022-04-21 14:00:00,20.155555555555555,20.155555555555555,0.44,18.9658,139.0,10.577700000000002,0.0,1009.1
2022-04-21 15:00:00,21.13333333333334,21.13333333333334,0.46,17.3075,140.0,10.255700000000001,0.0,1008.68
2022-04-21 16:00:00,22.10555555555556,22.10555555555556,0.38,20.0284,179.0,10.255700000000001,0.0,1008.29
2022-04-21 17:00:00,22.011111111111113,22.011111111111113,0.39,14.973000000000003,158.0,10.3523,0.0,1008.45
2022-04-21 18:00:00,20.99444444444445,20.99444444444445,0.46,15.504300000000002,150.0,15.826300000000002,0.0,1008.1
2022-04-21 19:00:00,18.911111111111115,18.911111111111115,0.52,13.8299,149.0,15.826300000000002,0.0,1008.18
2022-04-21 20:00:00,17.33888888888889,17.33888888888889,0.57,11.4793,123.0,15.552600000000002,0.0,1008.5
2022-04-21 21:00:00,14.961111111111112,14.961111111111112,0.67,12.236,138.0,16.1,0.0,1008.68
2022-04-21 22:00:00,14.938888888888888,14.938888888888888,0.69,10.9158,139.0,16.1,0.0,1008.88
2022-04-21 23:00:00,14.416666666666666,14.416666666666666,0.71,13.7494,143.0,15.1823,0.0,1009.09
2022-04-22 00:00:00,14.31111111111111,14.31111111111111,0.75,14.329,140.0,16.1,0.0,1009.45
2022-04-22 01:00:00,13.333333333333334,13.333333333333334,0.83,10.867500000000001,148.0,16.1,0.0,1009.37
2022-04-22 02:00:00,13.91111111111111,13.91111111111111,0.81,10.465,156.0,15.1823,0.0,1009.64
2022-04-22 03:00:00,13.816666666666666,13.816666666666666,0.8,13.685,160.0,16.1,0.0,1009.75
2022-04-22 04:00:00,13.816666666666666,13.816666666666666,0.81,13.652800000000001,159.0,16.0517,0.0,1009.66
2022-04-22 05:00:00,13.22777777777778,13.22777777777778,0.85,10.642100000000001,160.0,15.150100000000002,0.0,1009.81
2022-04-22 06:00:00,12.777777777777779,12.777777777777779,0.9,10.7548,160.0,7.212800000000001,0.0,1009.98
2022-04-22 07:00:00,12.266666666666666,12.266666666666666,1.0,9.209200000000001,161.0,7.1323,0.0,1010.59
2022-04-22 08:00:00,12.877777777777778,12.877777777777778,0.96,4.8783,165.0,5.1359,0.0,1011.01
2022-04-22 09:00:00,12.872222222222224,12.872222222222224,1.0,9.080400000000001,188.0,3.5259,0.0,1011.5
2022-04-22 10:00:00,13.88888888888889,13.88888888888889,0.93,10.2879,229.0,7.889000000000001,0.0,1011.99
2022-04-22 11:00:00,15.116666666666667,15.116666666666667,0.83,10.8192,268.0,9.708300000000001,0.0,1012.43
2022-04-22 12:00:00,16.038888888888888,16.038888888888888,0.79,3.2683,209.0,9.6117,0.0,1012.88
2022-04-22 13:00:00,17.772222222222226,17.772222222222226,0.73,4.0733,297.0,9.7566,0.0,1013.06
2022-04-22 14:00:00,19.01666666666667,19.01666666666667,0.67,9.1287,205.0,10.3523,0.0,1012.81
2022-04-22 15:00:00,19.855555555555554,19.855555555555554,0.64,8.774500000000002,193.0,9.982000000000001,0.0,1012.79
2022-04-22 16:00:00,18.950000000000003,18.950000000000003,0.68,8.8711,222.0,9.982000000000001,0.0,1012.3
2022-04-22 17:00:00,19.994444444444444,19.994444444444444,0.62,9.305800000000001,198.0,10.3523,0.0,1012.59
2022-04-22 18:00:00,18.927777777777774,18.927777777777774,0.68,4.652900000000001,214.0,9.982000000000001,0.0,1012.79
2022-04-22 19:00:00,17.772222222222226,17.772222222222226,0.73,3.0429,173.0,9.982000000000001,0.0,1013.08
2022-04-22 20:00:00,16.25,16.25,0.79,3.22,170.0,10.577700000000002,0.0,1013.55
2022-04-22 21:00:00,13.861111111111112,13.861111111111112,0.93,2.9624,221.0,9.708300000000001,0.0,1014.49
2022-04-22 22:00:00,13.722222222222223,13.722222222222223,0.93,6.0536,171.0,15.456,0.0,1014.91
2022-04-22 23:00:00,12.183333333333334,12.183333333333334,0.93,2.3506,351.0,11.3022,0.0,1015.43
2022-04-23 00:00:00,11.505555555555556,11.505555555555556,0.93,2.9785000000000004,192.0,11.543700000000001,0.0,1015.53
2022-04-23 01:00:00,10.927777777777779,10.927777777777779,0.93,6.44,170.0,3.3971,0.0,1015.72
2022-04-23 02:00:00,9.994444444444447,9.994444444444447,0.99,0.3542,160.0,2.1574000000000004,0.0,1016.05
2022-04-23 03:00:00,9.355555555555558,9.355555555555558,0.93,3.1717,318.0,0.32200000000000006,0.0,1016.21
2022-04-23 04:00:00,9.333333333333332,9.333333333333332,0.96,3.2361,26.0,0.4025,0.0,1016.14
2022-04-23 05:00:00,8.527777777777779,8.527777777777779,0.96,2.0286,335.0,1.6583,0.0,1016.39
2022-04-23 06:00:00,7.733333333333334,7.23888888888889,0.96,4.8783,339.0,0.16100000000000003,0.0,1016.71
2022-04-23 07:00:00,10.977777777777776,10.977777777777776,0.93,1.5295,300.0,3.4454000000000002,0.0,1017.21
2022-04-23 08:00:00,14.799999999999999,14.799999999999999,0.88,3.9928000000000003,34.0,5.2325,0.0,1017.19
2022-04-23 09:00:00,17.105555555555554,17.105555555555554,0.81,10.577700000000002,19.0,6.021400000000001,0.0,1017.23
2022-04-23 10:00:00,19.855555555555554,19.855555555555554,0.69,10.7548,12.0,9.9015,0.0,1017.21
2022-04-23 11:00:00,19.86111111111111,19.86111111111111,0.64,6.8264000000000005,32.0,10.2718,0.0,1017.79
2022-04-23 12:00:00,19.92777777777778,19.92777777777778,0.64,9.2253,0.0,9.982000000000001,0.0,1017.54
2022-04-23 13:00:00,20.99444444444445,20.99444444444445,0.58,9.160900000000002,1.0,9.982000000000001,0.0,1017.23
2022-04-23 14:00:00,21.022222222222226,21.022222222222226,0.56,6.745900000000001,351.0,10.3523,0.0,1016.83
2022-04-23 15:00:00,21.03888888888889,21.03888888888889,0.57,4.6207,331.0,9.982000000000001,0.0,1016.33
2022-04-23 16:00:00,21.088888888888885,21.088888888888885,0.57,4.9749,6.0,9.982000000000001,0.0,1015.9
2022-04-23 17:00:00,20.05,20.05,0.57,1.9803000000000002,26.0,10.577700000000002,0.0,1015.73
2022-04-23 18:00:00,19.977777777777774,19.977777777777774,0.61,3.0751,40.0,16.1,0.0,1015.4
2022-04-23 19:00:00,17.872222222222224,17.872222222222224,0.73,7.8084999999999996,31.0,10.255700000000001,0.0,1015.2
2022-04-23 20:00:00,17.383333333333333,17.383333333333333,0.74,3.2522,3.0,10.2235,0.0,1015.31
2022-04-23 21:00:00,17.105555555555554,17.105555555555554,0.75,0.1288,220.0,16.1,0.0,1015.43
2022-04-23 22:00:00,16.477777777777774,16.477777777777774,0.82,0.0,0.0,16.0517,0.0,1015.43
2022-04-23 23:00:00,16.022222222222226,16.022222222222226,0.9,3.22,349.0,14.9569,0.0,1014.96
2022-04-24 00:00:00,15.488888888888889,15.488888888888889,0.9,6.230700000000001,351.0,14.9086,0.0,1014.73
2022-04-24 01:00:00,15.438888888888888,15.438888888888888,0.87,6.44,350.0,14.9086,0.0,1014.33
2022-04-24 02:00:00,15.11111111111111,15.11111111111111,0.9,3.5098000000000003,16.0,14.168000000000003,0.0,1013.82
2022-04-24 03:00:00,14.422222222222224,14.422222222222224,0.9,6.5044,9.0,14.9086,0.0,1013.26
2022-04-24 04:00:00,14.422222222222224,14.422222222222224,0.9,6.359500000000001,334.0,14.9086,0.0,1013.07
2022-04-24 05:00:00,14.472222222222221,14.472222222222221,0.88,6.279,353.0,11.688600000000001,0.0,1012.65
2022-04-24 06:00:00,13.838888888888887,13.838888888888887,0.9,12.6868,20.0,11.9784,0.0,1012.48
2022-04-24 07:00:00,13.91111111111111,13.91111111111111,0.9,14.039200000000001,39.0,14.9086,0.0,1012.55
2022-04-24 08:00:00,14.994444444444447,14.994444444444447,0.84,9.2736,37.0,14.3934,0.0,1012.64
2022-04-24 09:00:00,16.044444444444444,16.044444444444444,0.81,11.3344,47.0,10.255700000000001,0.0,1012.74
2022-04-24 10:00:00,16.13888888888889,16.13888888888889,0.8,9.708300000000001,29.0,15.1823,0.0,1012.85
2022-04-24 11:00:00,17.044444444444444,17.044444444444444,0.77,8.420300000000001,21.0,9.982000000000001,0.0,1013.1
2022-04-24 12:00:00,17.244444444444444,17.244444444444444,0.8,7.7440999999999995,11.0,9.982000000000001,0.0,1013.02
2022-04-24 13:00:00,17.272222222222226,17.272222222222226,0.8,4.9749,6.0,9.064300000000001,0.0,1013.01
2022-04-24 14:00:00,16.333333333333332,16.333333333333332,0.87,8.3398,348.0,9.563400000000001,0.0,1012.98
2022-04-24 15:00:00,15.255555555555556,15.255555555555556,0.91,10.2235,351.0,8.1305,0.0,1012.53
2022-04-24 16:00:00,15.211111111111112,15.211111111111112,0.92,11.7691,321.0,8.1305,0.0,1012.23
2022-04-24 17:00:00,16.177777777777777,16.177777777777777,0.87,8.0661,323.0,9.450700000000001,0.0,1011.75
2022-04-24 18:00:00,16.183333333333334,16.183333333333334,0.92,10.626,331.0,8.1305,0.0,1011.74
2022-04-24 19:00:00,16.183333333333334,16.183333333333334,0.87,7.711900000000001,1.0,9.982000000000001,0.0,1011.53
2022-04-24 20:00:00,15.16111111111111,15.16111111111111,0.88,3.3488,119.0,8.05,0.0,1011.79
2022-04-24 21:00:00,15.02222222222222,15.02222222222222,0.93,3.3166,3.0,9.982000000000001,0.0,1012.13
2022-04-24 22:00:00,15.0,15.0,0.9,6.4722,39.0,9.982000000000001,0.0,1012.22
2022-04-24 23:00:00,14.466666666666665,14.466666666666665,0.93,5.796,42.0,9.9015,0.0,1012.26
2022-04-25 00:00:00,14.466666666666665,14.466666666666665,0.93,6.295100000000001,39.0,11.801300000000001,0.0,1012.32
2022-04-25 01:00:00,14.466666666666665,14.466666666666665,0.93,3.3649,59.0,6.295100000000001,0.0,1012.21
2022-04-25 02:00:00,14.511111111111111,14.511111111111111,0.93,3.0751,106.0,5.9248,0.0,1012.12
2022-04-25 03:00:00,13.91111111111111,13.91111111111111,0.96,6.0858,345.0,6.295100000000001,0.0,1011.8
2022-04-25 04:00:00,14.400000000000002,14.400000000000002,0.93,6.3756,62.0,6.295100000000001,0.0,1011.79
2022-04-25 05:00:00,13.93888888888889,13.93888888888889,0.96,10.143,108.0,6.8425,0.0,1012.0
2022-04-25 06:00:00,13.838888888888887,13.838888888888887,0.93,12.397,129.0,4.1216,0.0,1012.19
2022-04-25 07:00:00,13.88888888888889,13.88888888888889,0.93,10.9158,129.0,4.8461,0.0,1012.38
2022-04-25 08:00:00,13.88888888888889,13.88888888888889,0.92,12.7673,146.0,6.021400000000001,0.0,1012.69
2022-04-25 09:00:00,13.91111111111111,13.91111111111111,0.93,10.9641,138.0,4.4275,0.0,1013.07
2022-04-25 10:00:00,13.933333333333332,13.933333333333332,0.9,15.568700000000002,149.0,7.7440999999999995,0.0,1013.47
2022-04-25 11:00:00,14.027777777777779,14.027777777777779,0.91,13.685,148.0,9.2575,0.0,1013.83
2022-04-25 12:00:00,16.016666666666666,16.016666666666666,0.79,14.1519,169.0,9.8049,0.0,1013.57
2022-04-25 13:00:00,16.083333333333332,16.083333333333332,0.73,17.0499,151.0,9.9015,0.0,1013.29
2022-04-25 14:00:00,15.238888888888889,15.238888888888889,0.83,11.1895,150.0,9.982000000000001,0.0,1013.28
2022-04-25 15:00:00,16.15,16.15,0.78,12.6385,178.0,9.982000000000001,0.0,1013.08
2022-04-25 16:00:00,16.2,16.2,0.77,11.109000000000002,170.0,9.982000000000001,0.0,1012.78
2022-04-25 17:00:00,16.400000000000002,16.400000000000002,0.71,4.6207,125.0,10.3523,0.0,1012.46
2022-04-25 18:00:00,16.177777777777777,16.177777777777777,0.78,10.5294,65.0,15.826300000000002,0.0,1012.39
2022-04-25 19:00:00,15.066666666666666,15.066666666666666,0.83,9.338000000000001,71.0,16.1,0.0,1012.48
2022-04-25 20:00:00,14.21111111111111,14.21111111111111,0.88,7.0035,91.0,11.688600000000001,0.0,1012.86
2022-04-25 21:00:00,13.866666666666667,13.866666666666667,0.9,9.3702,80.0,14.9086,0.0,1013.37
2022-04-25 22:00:00,14.377777777777778,14.377777777777778,0.87,6.166300000000001,80.0,15.826300000000002,0.0,1013.48
2022-04-25 23:00:00,13.344444444444447,13.344444444444447,0.9,3.1073,63.0,14.876400000000002,0.0,1013.42
2022-04-26 00:00:00,12.755555555555556,12.755555555555556,0.9,6.1985,99.0,14.812,0.0,1013.49
2022-04-26 01:00:00,11.761111111111113,11.761111111111113,0.93,6.1502,80.0,14.812,0.0,1013.59
2022-04-26 02:00:00,11.405555555555557,11.405555555555557,0.93,3.4454000000000002,55.0,5.425700000000001,0.0,1013.31
2022-04-26 03:00:00,10.672222222222224,10.672222222222224,0.93,3.0751,50.0,3.059,0.0,1012.9
2022-04-26 04:00:00,10.694444444444445,10.694444444444445,0.96,6.0375000000000005,60.0,5.892600000000001,0.0,1012.7
2022-04-26 05:00:00,12.772222222222224,12.772222222222224,0.99,3.3971,80.0,9.2736,0.0,1012.57
2022-04-26 06:00:00,12.755555555555556,12.755555555555556,0.96,9.2414,99.0,9.595600000000001,0.0,1012.79
2022-04-26 07:00:00,13.816666666666666,13.816666666666666,0.91,9.1448,118.0,9.6761,0.0,1013.19
2022-04-26 08:00:00,13.955555555555556,13.955555555555556,0.9,8.3398,106.0,9.209200000000001,0.0,1013.29
2022-04-26 09:00:00,14.972222222222221,14.972222222222221,0.79,9.466800000000001,148.0,9.6761,0.0,1013.59
2022-04-26 10:00:00,16.038888888888888,16.038888888888888,0.73,7.969500000000001,155.0,9.9015,0.0,1013.78
2022-04-26 11:00:00,17.21111111111111,17.21111111111111,0.56,10.8031,152.0,10.3523,0.0,1013.8
2022-04-26 12:00:00,17.82222222222222,17.82222222222222,0.53,12.397,158.0,9.982000000000001,0.0,1013.77
2022-04-26 13:00:00,18.883333333333333,18.883333333333333,0.49,12.380900000000002,140.0,9.982000000000001,0.0,1013.46
2022-04-26 14:00:00,19.81666666666667,19.81666666666667,0.39,11.656400000000001,127.0,10.3523,0.0,1012.9
2022-04-26 15:00:00,18.977777777777774,18.977777777777774,0.4,13.9265,103.0,9.982000000000001,0.0,1012.28
2022-04-26 16:00:00,20.022222222222226,20.022222222222226,0.49,10.948,141.0,9.982000000000001,0.0,1011.57
2022-04-26 17:00:00,19.95,19.95,0.5,10.5938,97.0,10.3523,0.0,1011.03
2022-04-26 18:00:00,18.93333333333333,18.93333333333333,0.6,12.6224,92.0,9.982000000000001,0.0,1010.99
2022-04-26 19:00:00,17.77777777777778,17.77777777777778,0.69,9.3702,108.0,10.255700000000001,0.0,1010.89
2022-04-26 20:00:00,16.16111111111111,16.16111111111111,0.75,5.055400000000001,98.0,10.577700000000002,0.0,1011.39
2022-04-26 21:00:00,14.81666666666667,14.81666666666667,0.79,7.9373000000000005,99.0,16.1,0.0,1011.61
2022-04-26 22:00:00,14.772222222222224,14.772222222222224,0.76,6.3756,108.0,15.826300000000002,0.0,1011.8
2022-04-26 23:00:00,14.17222222222222,14.17222222222222,0.74,6.4078,137.0,14.9569,0.0,1011.93
2022-04-27 00:00:00,12.68888888888889,12.68888888888889,0.78,6.44,150.0,15.826300000000002,0.0,1012.0
2022-04-27 01:00:00,12.666666666666664,12.666666666666664,0.73,6.118,170.0,15.729700000000001,0.0,1011.98
2022-04-27 02:00:00,11.633333333333333,11.633333333333333,0.7,5.9892,174.0,14.7959,0.0,1011.59
2022-04-27 03:00:00,10.533333333333335,10.533333333333335,0.72,10.835300000000002,149.0,15.6009,0.0,1011.17
2022-04-27 04:00:00,10.466666666666669,10.466666666666669,0.68,13.3147,159.0,15.729700000000001,0.0,1010.87
2022-04-27 05:00:00,12.066666666666666,12.066666666666666,0.61,20.9783,157.0,14.9569,0.0,1010.33
2022-04-27 06:00:00,10.972222222222221,10.972222222222221,0.62,13.524000000000001,150.0,9.982000000000001,0.0,1010.38
2022-04-27 07:00:00,12.133333333333335,12.133333333333335,0.66,15.262800000000002,140.0,9.982000000000001,0.0,1010.57
2022-04-27 08:00:00,14.644444444444446,14.644444444444446,0.62,11.1734,118.0,9.982000000000001,0.0,1010.61
2022-04-27 09:00:00,16.038888888888888,16.038888888888888,0.53,16.9533,130.0,10.255700000000001,0.0,1010.56
2022-04-27 10:00:00,17.244444444444444,17.244444444444444,0.48,23.345000000000002,140.0,10.255700000000001,0.0,1010.27
2022-04-27 11:00:00,18.783333333333335,18.783333333333335,0.38,21.252,138.0,10.577700000000002,0.0,1010.08
2022-04-27 12:00:00,20.022222222222226,20.022222222222226,0.44,17.581200000000003,140.0,10.255700000000001,0.0,1009.75
2022-04-27 13:00:00,20.08888888888889,20.08888888888889,0.38,15.874600000000001,121.0,10.255700000000001,0.0,1009.15
2022-04-27 14:00:00,21.06666666666667,21.06666666666667,0.37,14.570500000000003,130.0,15.552600000000002,0.0,1008.3
2022-04-27 15:00:00,21.15555555555555,21.15555555555555,0.38,12.8156,159.0,16.1,0.0,1007.57
2022-04-27 16:00:00,22.194444444444443,22.194444444444443,0.29,15.520400000000002,102.0,16.1,0.0,1006.67
2022-04-27 17:00:00,21.100000000000005,21.100000000000005,0.3,11.946200000000001,121.0,15.552600000000002,0.0,1006.2
2022-04-27 18:00:00,21.06111111111111,21.06111111111111,0.31,12.558,110.0,16.1,0.0,1005.87
2022-04-27 19:00:00,19.90555555555555,19.90555555555555,0.36,7.905100000000001,110.0,16.1,0.0,1005.69
2022-04-27 20:00:00,17.09444444444445,17.09444444444445,0.44,7.631400000000001,102.0,15.552600000000002,0.0,1006.13
2022-04-27 21:00:00,14.844444444444443,14.844444444444443,0.56,9.2253,140.0,16.1,0.0,1006.88
2022-04-27 22:00:00,14.727777777777776,14.727777777777776,0.49,6.44,160.0,16.1,0.0,1007.08
2022-04-27 23:00:00,13.266666666666667,13.266666666666667,0.56,6.021400000000001,161.0,15.1823,0.0,1007.19
2022-04-28 00:00:00,13.216666666666665,13.216666666666665,0.58,10.8997,170.0,16.1,0.0,1007.29
2022-04-28 01:00:00,13.144444444444442,13.144444444444442,0.61,11.270000000000001,160.0,16.0517,0.0,1007.2
2022-04-28 02:00:00,12.272222222222224,12.272222222222224,0.66,3.0429,142.0,14.9569,0.0,1006.98
2022-04-28 03:00:00,11.155555555555555,11.155555555555555,0.74,6.1985,129.0,16.0517,0.0,1006.7
2022-04-28 04:00:00,11.572222222222221,11.572222222222221,0.72,6.1824,139.0,16.1,0.0,1006.31
2022-04-28 05:00:00,11.016666666666666,11.016666666666666,0.81,6.1824,70.0,15.1823,0.0,1006.12
2022-04-28 06:00:00,10.02222222222222,10.02222222222222,0.83,4.7495,60.0,16.1,0.0,1006.29
2022-04-28 07:00:00,11.183333333333334,11.183333333333334,0.8,4.83,20.0,16.1,0.0,1006.5
2022-04-28 08:00:00,14.855555555555558,14.855555555555558,0.64,4.186000000000001,139.0,15.1823,0.0,1006.41
2022-04-28 09:00:00,17.133333333333336,17.133333333333336,0.53,9.4185,142.0,16.1,0.0,1006.6
2022-04-28 10:00:00,17.68888888888889,17.68888888888889,0.56,7.695800000000001,160.0,16.1,0.0,1006.51
2022-04-28 11:00:00,19.73333333333333,19.73333333333333,0.46,7.615300000000001,155.0,10.577700000000002,0.0,1006.41
2022-04-28 12:00:00,21.016666666666666,21.016666666666666,0.42,7.3899,280.0,16.1,0.0,1006.2
2022-04-28 13:00:00,21.13333333333334,21.13333333333334,0.41,6.923,332.0,16.1,0.0,1005.71
2022-04-28 14:00:00,22.044444444444448,22.044444444444448,0.39,10.239600000000001,31.0,15.552600000000002,0.0,1005.33
2022-04-28 15:00:00,22.733333333333334,22.733333333333334,0.38,11.817400000000001,2.0,16.1,0.0,1004.71
2022-04-28 16:00:00,22.31111111111111,22.31111111111111,0.38,10.4811,19.0,16.1,0.0,1004.03
2022-04-28 17:00:00,22.57222222222222,22.57222222222222,0.38,8.8228,356.0,15.3111,0.0,1003.71
2022-04-28 18:00:00,22.127777777777776,22.127777777777776,0.39,13.0571,341.0,15.826300000000002,0.0,1003.65
2022-04-28 19:00:00,19.92777777777778,19.92777777777778,0.49,7.985600000000001,331.0,9.982000000000001,0.0,1003.82
2022-04-28 20:00:00,17.372222222222224,17.372222222222224,0.61,4.6046000000000005,301.0,10.577700000000002,0.0,1004.49
2022-04-28 21:00:00,14.905555555555553,14.905555555555553,0.67,9.66,338.0,10.255700000000001,0.0,1005.04
2022-04-28 22:00:00,14.394444444444442,14.394444444444442,0.67,6.423900000000001,329.0,16.1,0.0,1005.33
2022-04-28 23:00:00,15.444444444444445,15.444444444444445,0.67,14.9086,116.0,15.520400000000002,0.0,1006.0
2022-04-29 00:00:00,13.261111111111111,13.261111111111111,0.8,13.0732,140.0,16.1,0.0,1006.2
2022-04-29 01:00:00,13.194444444444445,13.194444444444445,0.8,16.9372,150.0,16.1,0.0,1006.23
2022-04-29 02:00:00,12.255555555555556,12.255555555555556,0.84,11.801300000000001,163.0,15.1823,0.0,1005.96
2022-04-29 03:00:00,10.972222222222221,10.972222222222221,0.89,10.6582,149.0,16.0517,0.0,1005.73
2022-04-29 04:00:00,9.83888888888889,9.83888888888889,0.9,3.1234,157.0,15.826300000000002,0.0,1005.64
2022-04-29 05:00:00,9.555555555555557,9.261111111111113,0.93,5.0071,202.0,14.876400000000002,0.0,1005.49
2022-04-29 06:00:00,9.883333333333333,9.883333333333333,0.93,4.379200000000001,135.0,15.729700000000001,0.0,1005.82
2022-04-29 07:00:00,12.577777777777778,12.577777777777778,0.9,2.9946,165.0,15.729700000000001,0.0,1006.21
2022-04-29 08:00:00,14.627777777777775,14.627777777777775,0.8,4.3309,154.0,15.150100000000002,0.0,1006.25
2022-04-29 09:00:00,16.13888888888889,16.13888888888889,0.72,4.2665,153.0,16.1,0.0,1006.41
2022-04-29 10:00:00,17.33888888888889,17.33888888888889,0.67,7.148400000000001,176.0,16.1,0.0,1006.41
2022-04-29 11:00:00,18.894444444444446,18.894444444444446,0.61,1.0465000000000002,9.0,10.3523,0.0,1006.51
2022-04-29 12:00:00,20.08888888888889,20.08888888888889,0.53,5.0232,32.0,9.982000000000001,0.0,1006.31
2022-04-29 13:00:00,20.155555555555555,20.155555555555555,0.52,9.7405,19.0,9.982000000000001,0.0,1005.91
2022-04-29 14:00:00,21.90555555555556,21.90555555555556,0.44,9.965900000000001,58.0,10.3523,0.0,1005.36
2022-04-29 15:00:00,20.98333333333333,20.98333333333333,0.44,16.5347,10.0,9.982000000000001,0.0,1004.63
2022-04-29 16:00:00,21.90555555555556,21.90555555555556,0.47,12.397,37.0,9.982000000000001,0.0,1004.23
2022-04-29 17:00:00,17.349999999999998,17.349999999999998,0.75,6.745900000000001,232.0,8.0017,0.0,1004.02
2022-04-29 18:00:00,17.299999999999997,17.299999999999997,0.74,6.44,166.0,9.982000000000001,0.0,1003.97
2022-04-29 19:00:00,15.055555555555555,15.055555555555555,0.77,24.1017,41.0,7.212800000000001,0.0,1004.76
2022-04-29 20:00:00,13.305555555555557,13.305555555555557,0.88,6.9391,262.0,9.450700000000001,0.0,1005.99
2022-04-29 21:00:00,12.850000000000001,12.850000000000001,0.89,10.432800000000002,285.0,9.982000000000001,0.0,1006.52
2022-04-29 22:00:00,12.82777777777778,12.82777777777778,0.89,3.2683,264.0,16.1,0.0,1006.27
2022-04-29 23:00:00,12.799999999999999,12.799999999999999,0.93,5.554500000000001,326.0,15.1823,0.0,1006.48
2022-04-30 00:00:00,12.200000000000001,12.200000000000001,0.92,3.2844,328.0,16.1,0.0,1006.34
2022-04-30 01:00:00,12.149999999999999,12.149999999999999,0.9,3.0268,6.0,15.1823,0.0,1006.33
2022-04-30 02:00:00,11.116666666666665,11.116666666666665,0.93,6.118,328.0,14.3934,0.0,1006.28
2022-04-30 03:00:00,11.477777777777776,11.477777777777776,0.91,6.295100000000001,301.0,15.826300000000002,0.0,1005.94
2022-04-30 04:00:00,11.477777777777776,11.477777777777776,0.93,10.7387,330.0,15.729700000000001,0.0,1006.12
2022-04-30 05:00:00,11.494444444444444,11.494444444444444,0.91,6.1985,318.0,14.876400000000002,0.0,1006.09
2022-04-30 06:00:00,10.899999999999999,10.899999999999999,0.93,4.8944,349.0,15.729700000000001,0.0,1006.15
2022-04-30 07:00:00,12.155555555555557,12.155555555555557,0.86,4.717300000000001,331.0,15.826300000000002,0.0,1006.54
2022-04-30 08:00:00,12.850000000000001,12.850000000000001,0.9,4.8783,349.0,15.1823,0.0,1006.74
2022-04-30 09:00:00,14.005555555555556,14.005555555555556,0.82,3.2844,8.0,10.255700000000001,0.0,1007.02
2022-04-30 10:00:00,17.733333333333334,17.733333333333334,0.73,1.6744,29.0,10.255700000000001,0.0,1007.03
2022-04-30 11:00:00,17.427777777777777,17.427777777777777,0.74,8.1788,231.0,10.3523,0.0,1007.21
2022-04-30 12:00:00,18.011111111111113,18.011111111111113,0.72,8.645700000000001,212.0,10.255700000000001,0.0,1007.2
2022-04-30 13:00:00,20.07222222222222,20.07222222222222,0.6,7.084000000000001,202.0,9.982000000000001,0.0,1006.98
2022-04-30 14:00:00,18.86666666666666,18.86666666666666,0.58,8.0822,172.0,10.3523,0.0,1006.67
2022-04-30 15:00:00,17.5,17.5,0.7,9.5473,156.0,9.982000000000001,0.0,1006.54
2022-04-30 16:00:00,19.88333333333334,19.88333333333334,0.54,7.760200000000001,189.0,9.982000000000001,0.0,1005.99
2022-04-30 17:00:00,18.166666666666668,18.166666666666668,0.69,7.1001,181.0,10.3523,0.0,1005.83
2022-04-30 18:00:00,17.755555555555556,17.755555555555556,0.73,7.631400000000001,268.0,9.982000000000001,0.0,1005.81
2022-04-30 19:00:00,16.038888888888888,16.038888888888888,0.78,0.8372,23.0,9.6761,0.0,1005.9
2022-04-30 20:00:00,14.061111111111112,14.061111111111112,0.88,4.1699,66.0,10.3523,0.0,1006.57
2022-04-30 21:00:00,13.933333333333332,13.933333333333332,0.88,2.6243,143.0,15.826300000000002,0.0,1007.13
2022-04-30 22:00:00,13.838888888888887,13.838888888888887,0.82,5.5867,116.0,16.1,0.0,1007.28
2022-04-30 23:00:00,12.283333333333333,12.283333333333333,0.87,2.6565,172.0,15.1823,0.0,1007.2
2022-05-01 00:00:00,11.594444444444443,11.594444444444443,0.93,6.0053,160.0,8.420300000000001,0.0,1007.32
2022-05-01 01:00:00,10.972222222222221,10.972222222222221,0.93,6.44,100.0,6.295100000000001,0.0,1007.81
2022-05-01 02:00:00,10.450000000000001,10.450000000000001,0.96,3.059,97.0,5.8604,0.0,1007.65
2022-05-01 03:00:00,10.388888888888891,10.388888888888891,0.96,2.7531000000000003,127.0,4.6690000000000005,0.0,1007.73
2022-05-01 04:00:00,9.83888888888889,9.83888888888889,0.93,2.8497000000000003,116.0,5.0393,0.0,1007.73
2022-05-01 05:00:00,8.794444444444444,8.794444444444444,0.94,2.415,205.0,1.4812,0.0,1007.74
2022-05-01 06:00:00,7.711111111111112,6.372222222222222,0.96,7.824600000000001,320.0,0.8855000000000002,0.0,1008.13
2022-05-01 07:00:00,10.999999999999998,10.999999999999998,1.0,1.5295,35.0,5.1359,0.0,1008.33
2022-05-01 08:00:00,12.650000000000002,12.650000000000002,0.9,4.2826,21.0,6.262900000000001,0.0,1008.64
2022-05-01 09:00:00,16.183333333333334,16.183333333333334,0.72,1.6744,332.0,10.255700000000001,0.0,1008.9
2022-05-01 10:00:00,17.82222222222222,17.82222222222222,0.69,2.898,300.0,10.255700000000001,0.0,1008.99
2022-05-01 11:00:00,18.827777777777776,18.827777777777776,0.7,2.3667000000000002,258.0,10.3523,0.0,1009.05
2022-05-01 12:00:00,19.09444444444445,19.09444444444445,0.56,3.1073,352.0,9.982000000000001,0.0,1008.99
2022-05-01 13:00:00,21.0,21.0,0.49,7.550900000000001,57.0,9.982000000000001,0.0,1008.61
2022-05-01 14:00:00,21.700000000000003,21.700000000000003,0.47,8.5813,349.0,10.3523,0.0,1007.97
2022-05-01 15:00:00,22.066666666666666,22.066666666666666,0.47,7.921200000000001,12.0,9.982000000000001,0.0,1007.35
2022-05-01 16:00:00,20.02777777777778,20.02777777777778,0.57,9.466800000000001,11.0,9.982000000000001,0.0,1007.13
2022-05-01 17:00:00,20.72222222222222,20.72222222222222,0.43,4.3631,40.0,9.982000000000001,0.0,1007.29
2022-05-01 18:00:00,18.988888888888894,18.988888888888894,0.56,4.379200000000001,144.0,9.982000000000001,0.0,1007.39
2022-05-01 19:00:00,17.82222222222222,17.82222222222222,0.69,7.615300000000001,244.0,9.982000000000001,0.0,1007.39
2022-05-01 20:00:00,16.227777777777778,16.227777777777778,0.75,4.6851,223.0,9.982000000000001,0.0,1007.74
2022-05-01 21:00:00,14.883333333333333,14.883333333333333,0.83,7.438200000000001,181.0,10.255700000000001,0.0,1008.22
2022-05-01 22:00:00,14.31111111111111,14.31111111111111,0.83,6.1502,160.0,16.1,0.0,1008.72
2022-05-01 23:00:00,13.233333333333333,13.233333333333333,0.87,5.4579,187.0,15.1823,0.0,1008.65
2022-05-02 00:00:00,12.066666666666666,12.066666666666666,0.9,2.9463000000000004,119.0,16.1,0.0,1008.54
2022-05-02 01:00:00,10.927777777777779,10.927777777777779,0.87,0.0,0.0,10.2074,0.0,1008.73
2022-05-02 02:00:00,10.6,10.6,0.93,2.2379,49.0,14.3612,0.0,1008.67
2022-05-02 03:00:00,9.816666666666668,9.31111111111111,0.93,5.8604,140.0,15.826300000000002,0.0,1008.43
2022-05-02 04:00:00,9.794444444444444,9.794444444444444,0.93,3.2361,146.0,2.2057,0.0,1008.11
2022-05-02 05:00:00,9.555555555555557,8.266666666666667,0.93,9.177000000000001,138.0,5.0071,0.0,1008.13
2022-05-02 06:00:00,9.86111111111111,9.86111111111111,0.93,2.9624,148.0,8.05,0.0,1008.32
2022-05-02 07:00:00,12.0,12.0,0.87,4.7012,129.0,9.9015,0.0,1008.61
2022-05-02 08:00:00,12.68888888888889,12.68888888888889,0.91,0.6601,56.0,9.3702,0.0,1008.93
2022-05-02 09:00:00,16.049999999999997,16.049999999999997,0.79,3.3488,88.0,10.2074,0.0,1009.18
2022-05-02 10:00:00,17.33888888888889,17.33888888888889,0.72,9.450700000000001,129.0,9.982000000000001,0.0,1009.26
2022-05-02 11:00:00,17.9,17.9,0.7,8.7262,133.0,9.982000000000001,0.0,1009.7
2022-05-02 12:00:00,20.06666666666667,20.06666666666667,0.57,9.4024,138.0,9.982000000000001,0.0,1009.76
2022-05-02 13:00:00,20.038888888888884,20.038888888888884,0.49,11.0929,80.0,8.1305,0.0,1009.35
2022-05-02 14:00:00,17.866666666666664,17.866666666666664,0.67,7.969500000000001,138.0,10.2718,0.0,1008.76
2022-05-02 15:00:00,19.0,19.0,0.64,3.0912,36.0,9.982000000000001,0.0,1008.09
2022-05-02 16:00:00,22.083333333333332,22.083333333333332,0.47,3.0268,137.0,9.982000000000001,0.0,1007.52
2022-05-02 17:00:00,19.12777777777778,19.12777777777778,0.58,10.9641,113.0,10.3523,0.0,1007.91
2022-05-02 18:00:00,17.672222222222224,17.672222222222224,0.65,7.8084999999999996,98.0,9.982000000000001,0.0,1008.21
2022-05-02 19:00:00,17.105555555555554,17.105555555555554,0.67,16.438100000000002,108.0,9.982000000000001,0.0,1008.44
2022-05-02 20:00:00,15.038888888888888,15.038888888888888,0.77,13.910400000000001,111.0,9.982000000000001,0.0,1009.19
2022-05-02 21:00:00,13.933333333333332,13.933333333333332,0.83,13.5401,128.0,16.1,0.0,1009.42
2022-05-02 22:00:00,13.88888888888889,13.88888888888889,0.8,6.295100000000001,170.0,16.1,0.0,1009.54
2022-05-02 23:00:00,12.883333333333333,12.883333333333333,0.86,5.5384,39.0,15.1823,0.0,1009.78
2022-05-03 00:00:00,11.71111111111111,11.71111111111111,0.9,5.9731000000000005,342.0,16.0517,0.0,1010.1
2022-05-03 01:00:00,11.688888888888888,11.688888888888888,0.9,6.230700000000001,31.0,16.0517,0.0,1010.0
2022-05-03 02:00:00,11.683333333333334,11.683333333333334,0.91,5.9087000000000005,42.0,15.021300000000002,0.0,1009.55
2022-05-03 03:00:00,11.644444444444446,11.644444444444446,0.9,6.7298,43.0,15.922900000000002,0.0,1009.22
2022-05-03 04:00:00,11.688888888888888,11.688888888888888,0.86,11.0446,50.0,16.0517,0.0,1009.01
2022-05-03 05:00:00,11.955555555555557,11.955555555555557,0.88,12.6385,68.0,15.150100000000002,0.0,1008.92
2022-05-03 06:00:00,12.105555555555554,12.105555555555554,0.87,10.9158,79.0,15.697500000000002,0.0,1008.92
2022-05-03 07:00:00,13.72777777777778,13.72777777777778,0.78,10.867500000000001,99.0,15.826300000000002,0.0,1008.94
2022-05-03 08:00:00,15.644444444444442,15.644444444444442,0.71,13.8299,96.0,14.9569,0.0,1008.94
2022-05-03 09:00:00,17.15,17.15,0.64,10.787,98.0,16.0517,0.0,1008.73
2022-05-03 10:00:00,17.711111111111112,17.711111111111112,0.66,13.507900000000001,129.0,9.982000000000001,0.0,1008.73
2022-05-03 11:00:00,18.63333333333334,18.63333333333334,0.62,12.042800000000002,124.0,10.3523,0.0,1008.76
2022-05-03 12:00:00,18.88888888888889,18.88888888888889,0.61,12.236,118.0,9.982000000000001,0.0,1008.72
2022-05-03 13:00:00,17.89444444444444,17.89444444444444,0.69,9.193100000000001,126.0,3.8318,0.0,1008.31
2022-05-03 14:00:00,15.761111111111111,15.761111111111111,0.84,7.3738,155.0,4.7334000000000005,0.0,1008.12
2022-05-03 15:00:00,17.116666666666667,17.116666666666667,0.76,13.846,69.0,7.824600000000001,0.0,1007.39
2022-05-03 16:00:00,14.988888888888887,14.988888888888887,0.83,16.5025,87.0,4.2021,0.0,1007.35
2022-05-03 17:00:00,16.077777777777776,16.077777777777776,0.74,10.5294,35.0,10.3523,0.0,1006.58
2022-05-03 18:00:00,14.905555555555553,14.905555555555553,0.84,10.7387,354.0,9.982000000000001,0.0,1006.3
2022-05-03 19:00:00,13.866666666666667,13.866666666666667,0.9,15.359399999999999,11.0,9.982000000000001,0.0,1006.35
2022-05-03 20:00:00,13.955555555555556,13.955555555555556,0.85,11.801300000000001,357.0,9.6278,0.0,1005.96
2022-05-03 21:00:00,12.777777777777779,12.777777777777779,0.9,12.8317,235.0,3.3649,0.0,1007.06
2022-05-03 22:00:00,12.711111111111112,12.711111111111112,0.93,14.168000000000003,9.0,5.216400000000001,0.0,1008.11
2022-05-03 23:00:00,12.122222222222222,12.122222222222222,0.99,18.998,326.0,7.4543,0.0,1007.42
2022-05-04 00:00:00,12.016666666666667,12.016666666666667,0.93,14.425600000000003,351.0,6.1985,0.0,1006.84
2022-05-04 01:00:00,12.016666666666667,12.016666666666667,0.96,17.2753,9.0,7.212800000000001,0.0,1006.64
2022-05-04 02:00:00,11.105555555555558,11.105555555555558,0.93,26.500600000000002,10.0,6.7298,0.0,1006.22
2022-05-04 03:00:00,9.933333333333334,6.833333333333332,0.92,25.470200000000002,10.0,9.982000000000001,0.0,1006.22
2022-05-04 04:00:00,9.4,5.933333333333334,0.93,28.2877,10.0,9.982000000000001,0.0,1005.82
2022-05-04 05:00:00,9.07777777777778,5.827777777777779,0.93,24.311,9.0,9.0965,0.0,1005.73
2022-05-04 06:00:00,7.805555555555554,4.288888888888888,0.95,23.312800000000003,10.0,9.982000000000001,0.0,1005.96
2022-05-04 07:00:00,7.783333333333331,3.872222222222222,0.89,27.788600000000006,9.0,9.982000000000001,0.0,1005.68
2022-05-04 08:00:00,7.766666666666664,3.6944444444444438,0.9,29.720600000000005,0.0,9.450700000000001,0.0,1006.03
2022-05-04 09:00:00,7.783333333333331,3.6444444444444457,0.89,30.670500000000004,9.0,9.982000000000001,0.0,1006.55
2022-05-04 10:00:00,7.805555555555554,3.994444444444443,0.96,26.613300000000002,9.0,9.982000000000001,0.0,1007.15
2022-05-04 11:00:00,8.827777777777778,5.438888888888888,0.9,25.0999,0.0,9.450700000000001,0.0,1007.59
2022-05-04 12:00:00,11.027777777777779,11.027777777777779,0.77,31.282300000000003,9.0,9.982000000000001,0.0,1007.65
2022-05-04 13:00:00,11.05,11.05,0.77,35.8064,10.0,9.982000000000001,0.0,1007.95
2022-05-04 14:00:00,11.11111111111111,11.11111111111111,0.73,30.9442,0.0,10.3523,0.0,1008.04
2022-05-04 15:00:00,12.161111111111111,12.161111111111111,0.72,31.717000000000002,9.0,9.982000000000001,0.0,1008.17
2022-05-04 16:00:00,11.161111111111113,11.161111111111113,0.76,31.282300000000003,1.0,9.982000000000001,0.0,1008.25
2022-05-04 17:00:00,12.249999999999998,12.249999999999998,0.65,31.588200000000004,1.0,10.3523,0.0,1008.66
2022-05-04 18:00:00,12.316666666666668,12.316666666666668,0.61,31.0569,11.0,10.255700000000001,0.0,1009.09
2022-05-04 19:00:00,12.244444444444444,12.244444444444444,0.61,22.974700000000002,0.0,10.255700000000001,0.0,1009.39
2022-05-04 20:00:00,12.127777777777776,12.127777777777776,0.54,25.212600000000002,9.0,10.577700000000002,0.0,1009.98
2022-05-04 21:00:00,12.200000000000001,12.200000000000001,0.51,24.4559,10.0,10.255700000000001,0.0,1010.99
2022-05-04 22:00:00,11.622222222222224,11.622222222222224,0.53,24.472,11.0,16.1,0.0,1011.5
2022-05-04 23:00:00,10.538888888888888,10.538888888888888,0.56,20.881700000000002,9.0,15.1823,0.0,1011.96
2022-05-05 00:00:00,9.81111111111111,6.905555555555555,0.6,22.717100000000002,350.0,16.1,0.0,1012.74
2022-05-05 01:00:00,9.305555555555555,6.122222222222224,0.59,24.3432,350.0,16.1,0.0,1013.06
2022-05-05 02:00:00,8.272222222222222,5.244444444444444,0.6,19.674200000000003,349.0,15.1823,0.0,1013.51
2022-05-05 03:00:00,7.544444444444443,4.300000000000001,0.64,19.931800000000003,339.0,16.1,0.0,1013.97
2022-05-05 04:00:00,8.005555555555553,4.466666666666666,0.6,24.1983,349.0,16.1,0.0,1014.26
2022-05-05 05:00:00,6.500000000000002,3.3611111111111094,0.66,16.8084,338.0,15.1823,0.0,1014.83
2022-05-05 06:00:00,5.95,2.883333333333332,0.71,15.359399999999999,330.0,16.1,0.0,1015.64
2022-05-05 07:00:00,8.755555555555553,5.82222222222222,0.64,20.0123,350.0,16.1,0.0,1016.12
2022-05-05 08:00:00,9.916666666666666,7.1000000000000005,0.61,22.0087,357.0,15.552600000000002,0.0,1016.61
2022-05-05 09:00:00,12.066666666666666,12.066666666666666,0.53,21.9765,11.0,16.1,0.0,1016.91
2022-05-05 10:00:00,12.711111111111112,12.711111111111112,0.51,25.8566,1.0,9.982000000000001,0.0,1017.21
2022-05-05 11:00:00,13.383333333333335,13.383333333333335,0.47,26.210800000000003,17.0,15.552600000000002,0.0,1017.5
2022-05-05 12:00:00,13.91111111111111,13.91111111111111,0.45,24.488100000000003,20.0,10.255700000000001,0.0,1017.58
2022-05-05 13:00:00,13.955555555555556,13.955555555555556,0.45,22.652700000000003,0.0,10.255700000000001,0.0,1017.58
2022-05-05 14:00:00,14.944444444444445,14.944444444444445,0.48,19.4971,358.0,10.577700000000002,0.0,1017.57
2022-05-05 15:00:00,15.044444444444443,15.044444444444443,0.44,13.7494,351.0,10.255700000000001,0.0,1017.73
2022-05-05 16:00:00,14.972222222222221,14.972222222222221,0.42,13.5401,350.0,10.255700000000001,0.0,1017.53
2022-05-05 17:00:00,14.17777777777778,14.17777777777778,0.45,11.9784,358.0,10.577700000000002,0.0,1017.55
2022-05-05 18:00:00,15.044444444444443,15.044444444444443,0.42,12.042800000000002,350.0,10.255700000000001,0.0,1017.71
2022-05-05 19:00:00,12.894444444444446,12.894444444444446,0.54,7.4704,350.0,10.255700000000001,0.0,1017.99
2022-05-05 20:00:00,11.238888888888887,11.238888888888887,0.55,3.2683,20.0,15.552600000000002,0.0,1018.32
2022-05-05 21:00:00,8.844444444444445,8.516666666666666,0.82,4.83,50.0,16.1,0.0,1019.0
2022-05-05 22:00:00,8.777777777777777,8.777777777777777,0.8,3.22,50.0,16.1,0.0,1019.59
2022-05-05 23:00:00,7.699999999999999,7.699999999999999,0.83,2.7209,102.0,15.1823,0.0,1019.76
2022-05-06 00:00:00,6.072222222222222,6.072222222222222,0.89,3.22,200.0,15.1823,0.0,1020.09
2022-05-06 01:00:00,4.9833333333333325,4.9833333333333325,0.93,4.6046000000000005,170.0,0.9982000000000001,0.0,1020.3
2022-05-06 02:00:00,4.972222222222224,4.972222222222224,0.93,2.7853000000000003,180.0,6.923,0.0,1020.47
2022-05-06 03:00:00,4.355555555555558,4.355555555555558,0.92,0.0,0.0,2.1574000000000004,0.0,1020.61
2022-05-06 04:00:00,3.7722222222222217,3.7722222222222217,0.92,3.22,170.0,1.0948000000000002,0.0,1020.71
2022-05-06 05:00:00,3.738888888888887,3.738888888888887,0.96,3.1234,173.0,1.8998,0.0,1020.86
2022-05-06 06:00:00,4.816666666666667,4.816666666666667,0.93,3.1234,146.0,4.0733,0.0,1021.1
2022-05-06 07:00:00,8.616666666666665,8.616666666666665,0.83,0.1449,120.0,7.084000000000001,0.0,1021.61
2022-05-06 08:00:00,11.638888888888891,11.638888888888891,0.63,4.4275,163.0,11.141200000000001,0.0,1022.02
2022-05-06 09:00:00,13.816666666666666,13.816666666666666,0.52,11.0446,179.0,16.1,0.0,1022.17
2022-05-06 10:00:00,15.050000000000002,15.050000000000002,0.43,12.735100000000001,180.0,9.982000000000001,0.0,1022.55
2022-05-06 11:00:00,16.083333333333332,16.083333333333332,0.45,10.706500000000002,177.0,15.3111,0.0,1022.4
2022-05-06 12:00:00,17.22222222222222,17.22222222222222,0.39,12.590200000000001,200.0,16.1,0.0,1022.65
2022-05-06 13:00:00,17.244444444444444,17.244444444444444,0.37,9.7566,179.0,16.1,0.0,1022.35
2022-05-06 14:00:00,17.31111111111111,17.31111111111111,0.42,8.8711,182.0,15.552600000000002,0.0,1022.08
2022-05-06 15:00:00,17.800000000000004,17.800000000000004,0.4,8.4364,159.0,16.1,0.0,1021.54
2022-05-06 16:00:00,17.77777777777778,17.77777777777778,0.4,8.1305,206.0,16.1,0.0,1020.7
2022-05-06 17:00:00,17.77777777777778,17.77777777777778,0.35,9.66,210.0,0.0,0.0,0.0
2022-05-06 18:00:00,17.77777777777778,17.77777777777778,0.35,11.1895,169.0,16.1,0.0,1020.33
2022-05-06 19:00:00,16.105555555555558,16.105555555555558,0.42,9.579500000000001,159.0,16.1,0.0,1019.96
2022-05-06 20:00:00,13.988888888888889,13.988888888888889,0.61,3.6708,139.0,15.552600000000002,0.0,1020.31
2022-05-06 21:00:00,12.666666666666664,12.666666666666664,0.65,9.321900000000001,111.0,16.1,0.0,1020.45
2022-05-06 22:00:00,11.555555555555554,11.555555555555554,0.69,10.835300000000002,112.0,16.1,0.0,1020.47
2022-05-06 23:00:00,11.116666666666665,11.116666666666665,0.7,10.4006,112.0,15.1823,0.0,1020.36
2022-05-07 00:00:00,10.511111111111113,10.511111111111113,0.68,10.706500000000002,121.0,16.1,0.0,1020.17
2022-05-07 01:00:00,9.933333333333334,8.444444444444446,0.74,10.722600000000002,140.0,16.1,0.0,1019.87
2022-05-07 02:00:00,10.027777777777777,10.027777777777777,0.81,13.0249,139.0,15.1823,0.0,1019.41
2022-05-07 03:00:00,9.933333333333334,7.98888888888889,0.8,13.894300000000003,150.0,16.1,0.0,1019.27
2022-05-07 04:00:00,8.866666666666667,6.67777777777778,0.86,13.894300000000003,140.0,16.1,0.0,1018.94
2022-05-07 05:00:00,8.877777777777775,6.772222222222221,0.85,13.3147,139.0,15.1823,0.0,1018.71
2022-05-07 06:00:00,7.783333333333331,5.5777777777777775,0.89,12.4131,140.0,16.1,0.0,1018.67
2022-05-07 07:00:00,9.911111111111113,7.588888888888887,0.84,17.001600000000003,150.0,16.1,0.0,1018.77
2022-05-07 08:00:00,12.822222222222221,12.822222222222221,0.73,21.670600000000004,159.0,15.1823,0.0,1018.87
2022-05-07 09:00:00,14.933333333333334,14.933333333333334,0.63,26.1142,160.0,16.1,0.0,1018.47
2022-05-07 10:00:00,17.17222222222222,17.17222222222222,0.63,22.9586,179.0,16.1,0.0,1018.34
2022-05-07 11:00:00,18.850000000000005,18.850000000000005,0.52,19.0946,179.0,15.552600000000002,0.0,1017.97
2022-05-07 12:00:00,21.083333333333332,21.083333333333332,0.46,17.0177,189.0,16.1,0.0,1017.23
2022-05-07 13:00:00,22.17222222222222,22.17222222222222,0.4,15.761899999999999,187.0,16.1,0.0,1016.72
2022-05-07 14:00:00,22.716666666666665,22.716666666666665,0.41,15.0374,189.0,15.552600000000002,0.0,1016.26
2022-05-07 15:00:00,22.82222222222222,22.82222222222222,0.37,17.227,179.0,16.1,0.0,1015.52
2022-05-07 16:00:00,23.83888888888889,23.83888888888889,0.36,15.874600000000001,190.0,10.255700000000001,0.0,1014.77
2022-05-07 17:00:00,22.91111111111111,22.91111111111111,0.4,13.089300000000001,192.0,15.552600000000002,0.0,1014.4
2022-05-07 18:00:00,22.266666666666666,22.266666666666666,0.39,17.001600000000003,200.0,16.1,0.0,1013.66
2022-05-07 19:00:00,20.155555555555555,20.155555555555555,0.52,13.3147,181.0,16.1,0.0,1013.65
2022-05-07 20:00:00,19.07222222222222,19.07222222222222,0.53,15.488199999999999,152.0,15.552600000000002,0.0,1013.77
2022-05-07 21:00:00,17.849999999999998,17.849999999999998,0.55,20.463100000000004,162.0,16.1,0.0,1013.99
2022-05-07 22:00:00,17.15,17.15,0.67,17.3236,212.0,9.982000000000001,0.0,1014.24
2022-05-07 23:00:00,16.077777777777776,16.077777777777776,0.74,17.388,202.0,14.9569,0.0,1015.46
2022-05-08 00:00:00,15.555555555555555,15.555555555555555,0.77,3.5581,163.0,16.1,0.0,1015.66
2022-05-08 01:00:00,15.483333333333333,15.483333333333333,0.74,5.9731000000000005,154.0,16.1,0.0,1015.47
2022-05-08 02:00:00,14.972222222222221,14.972222222222221,0.77,6.9391,244.0,15.1823,0.0,1015.55
2022-05-08 03:00:00,13.794444444444444,13.794444444444444,0.81,10.8192,233.0,15.826300000000002,0.0,1015.36
2022-05-08 04:00:00,12.777777777777779,12.777777777777779,0.86,5.8121,179.0,15.826300000000002,0.0,1015.29
2022-05-08 05:00:00,13.255555555555555,13.255555555555555,0.8,13.3308,233.0,14.876400000000002,0.0,1015.77
2022-05-08 06:00:00,12.733333333333334,12.733333333333334,0.84,8.8711,206.0,9.9015,0.0,1015.99
2022-05-08 07:00:00,12.755555555555556,12.755555555555556,0.84,11.0768,271.0,9.982000000000001,0.0,1016.97
2022-05-08 08:00:00,12.811111111111112,12.811111111111112,0.9,11.398800000000001,287.0,9.982000000000001,0.0,1017.62
2022-05-08 09:00:00,13.866666666666667,13.866666666666667,0.83,11.125100000000002,278.0,9.982000000000001,0.0,1017.97
2022-05-08 10:00:00,15.027777777777779,15.027777777777779,0.78,15.971200000000001,280.0,9.982000000000001,0.0,1017.98
2022-05-08 11:00:00,16.072222222222223,16.072222222222223,0.68,13.363000000000001,275.0,10.3523,0.0,1018.22
2022-05-08 12:00:00,16.783333333333335,16.783333333333335,0.69,11.398800000000001,261.0,15.826300000000002,0.0,1018.09
2022-05-08 13:00:00,17.849999999999998,17.849999999999998,0.64,5.5867,306.0,9.982000000000001,0.0,1017.7
2022-05-08 14:00:00,18.927777777777774,18.927777777777774,0.52,10.0142,329.0,10.3523,0.0,1017.59
2022-05-08 15:00:00,20.949999999999996,20.949999999999996,0.46,9.4024,264.0,9.982000000000001,0.0,1017.21
2022-05-08 16:00:00,21.03888888888889,21.03888888888889,0.42,16.9211,282.0,10.255700000000001,0.0,1016.82
2022-05-08 17:00:00,19.116666666666664,19.116666666666664,0.47,11.5759,290.0,10.577700000000002,0.0,1016.82
2022-05-08 18:00:00,20.022222222222226,20.022222222222226,0.45,9.6761,300.0,10.255700000000001,0.0,1016.52
2022-05-08 19:00:00,18.83888888888889,18.83888888888889,0.48,9.466800000000001,310.0,16.1,0.0,1016.62
2022-05-08 20:00:00,16.311111111111114,16.311111111111114,0.6,3.0268,302.0,15.552600000000002,0.0,1016.96
2022-05-08 21:00:00,12.805555555555554,12.805555555555554,0.72,3.0751,240.0,16.1,0.0,1017.3
2022-05-08 22:00:00,13.177777777777777,13.177777777777777,0.75,3.22,270.0,16.1,0.0,1017.61
2022-05-08 23:00:00,11.422222222222224,11.422222222222224,0.85,5.957000000000001,270.0,15.1823,0.0,1017.76
2022-05-09 00:00:00,10.933333333333334,10.933333333333334,0.84,3.22,300.0,16.1,0.0,1017.83
2022-05-09 01:00:00,10.350000000000001,10.350000000000001,0.84,3.0751,243.0,16.1,0.0,1017.92
2022-05-09 02:00:00,9.611111111111109,9.294444444444443,0.89,5.1037,285.0,15.150100000000002,0.0,1017.64
2022-05-09 03:00:00,8.194444444444445,8.194444444444445,0.89,3.22,320.0,15.922900000000002,0.0,1017.61
2022-05-09 04:00:00,8.222222222222221,8.222222222222221,0.93,3.2039,281.0,15.826300000000002,0.0,1017.33
2022-05-09 05:00:00,8.02222222222222,8.02222222222222,0.95,3.7513000000000005,296.0,9.9015,0.0,1017.24
2022-05-09 06:00:00,8.68888888888889,7.194444444444446,0.9,9.3702,300.0,9.982000000000001,0.0,1017.51
2022-05-09 07:00:00,12.533333333333335,12.533333333333335,0.78,4.7495,330.0,16.0517,0.0,1017.24
2022-05-09 08:00:00,15.86111111111111,15.86111111111111,0.69,7.406,331.0,9.982000000000001,0.0,1017.63
2022-05-09 09:00:00,18.86666666666666,18.86666666666666,0.52,7.5992,357.0,16.1,0.0,1017.51
2022-05-09 10:00:00,20.0,20.0,0.47,5.9731000000000005,16.0,16.1,0.0,1017.52
2022-05-09 11:00:00,21.116666666666667,21.116666666666667,0.41,6.6976,37.0,10.577700000000002,0.0,1017.62
2022-05-09 12:00:00,22.22222222222222,22.22222222222222,0.39,3.8479000000000005,48.0,16.1,0.0,1017.4
2022-05-09 13:00:00,22.733333333333334,22.733333333333334,0.32,4.1538,11.0,16.1,0.0,1016.9
2022-05-09 14:00:00,23.572222222222226,23.572222222222226,0.33,7.0679,339.0,15.552600000000002,0.0,1016.34
2022-05-09 15:00:00,23.83888888888889,23.83888888888889,0.32,11.0768,310.0,16.1,0.0,1015.81
2022-05-09 16:00:00,23.83888888888889,23.83888888888889,0.33,11.0285,318.0,16.1,0.0,1015.41
2022-05-09 17:00:00,23.67777777777778,23.67777777777778,0.32,8.3881,25.0,15.552600000000002,0.0,1015.09
2022-05-09 18:00:00,22.75555555555555,22.75555555555555,0.34,7.550900000000001,14.0,16.1,0.0,1014.82
2022-05-09 19:00:00,21.17777777777778,21.17777777777778,0.42,3.2683,350.0,16.1,0.0,1014.62
2022-05-09 20:00:00,18.188888888888886,18.188888888888886,0.53,8.355900000000002,329.0,15.552600000000002,0.0,1014.97
2022-05-09 21:00:00,17.03888888888889,17.03888888888889,0.64,3.3327,273.0,16.1,0.0,1015.3
2022-05-09 22:00:00,14.911111111111113,14.911111111111113,0.72,3.0107000000000004,182.0,16.1,0.0,1015.04
2022-05-09 23:00:00,13.855555555555554,13.855555555555554,0.77,3.1556,244.0,15.552600000000002,0.0,1015.0
2022-05-10 00:00:00,12.666666666666664,12.666666666666664,0.83,3.3649,291.0,16.1,0.0,1014.91
2022-05-10 01:00:00,11.555555555555554,11.555555555555554,0.86,6.262900000000001,251.0,16.1,0.0,1014.63
2022-05-10 02:00:00,11.905555555555557,11.905555555555557,0.82,3.6547,304.0,14.9569,0.0,1014.48
2022-05-10 03:00:00,10.56111111111111,10.56111111111111,0.89,3.22,300.0,15.826300000000002,0.0,1014.33
2022-05-10 04:00:00,10.516666666666667,10.516666666666667,0.86,3.2683,264.0,16.1,0.0,1014.53
2022-05-10 05:00:00,11.972222222222221,11.972222222222221,0.8,4.1699,294.0,15.1823,0.0,1014.5
2022-05-10 06:00:00,13.916666666666664,13.916666666666664,0.83,9.708300000000001,327.0,10.255700000000001,0.0,1014.72
2022-05-10 07:00:00,16.0,16.0,0.78,8.8389,301.0,10.255700000000001,0.0,1014.64
2022-05-10 08:00:00,17.533333333333335,17.533333333333335,0.68,13.8782,311.0,10.2235,0.0,1014.96
2022-05-10 09:00:00,18.79444444444444,18.79444444444444,0.58,30.863700000000005,319.0,9.982000000000001,0.0,1015.05
2022-05-10 10:00:00,18.96111111111111,18.96111111111111,0.56,28.5292,319.0,9.982000000000001,0.0,1015.42
2022-05-10 11:00:00,21.03888888888889,21.03888888888889,0.49,23.1035,314.0,10.577700000000002,0.0,1015.03
2022-05-10 12:00:00,22.127777777777776,22.127777777777776,0.39,28.4004,310.0,10.255700000000001,0.0,1014.86
2022-05-10 13:00:00,22.22222222222222,22.22222222222222,0.35,26.7743,320.0,16.1,0.0,1014.95
2022-05-10 14:00:00,22.127777777777776,22.127777777777776,0.33,27.0319,312.0,15.552600000000002,0.0,1014.52
2022-05-10 15:00:00,22.75555555555555,22.75555555555555,0.29,25.3575,301.0,16.1,0.0,1014.02
2022-05-10 16:00:00,22.77777777777778,22.77777777777778,0.21,28.1106,301.0,16.1,0.0,1013.64
2022-05-10 17:00:00,22.322222222222226,22.322222222222226,0.26,23.7314,307.0,15.552600000000002,0.0,1013.48
2022-05-10 18:00:00,22.17222222222222,22.17222222222222,0.25,17.1304,310.0,16.1,0.0,1013.51
2022-05-10 19:00:00,20.016666666666666,20.016666666666666,0.37,12.5097,281.0,16.1,0.0,1013.4
2022-05-10 20:00:00,17.538888888888888,17.538888888888888,0.46,8.9516,280.0,15.552600000000002,0.0,1013.64
2022-05-10 21:00:00,14.955555555555557,14.955555555555557,0.6,0.1449,260.0,16.1,0.0,1013.6
2022-05-10 22:00:00,14.261111111111113,14.261111111111113,0.65,3.22,170.0,16.1,0.0,1013.78
2022-05-10 23:00:00,12.294444444444444,12.294444444444444,0.75,3.1717,212.0,15.1823,0.0,1013.76
2022-05-11 00:00:00,11.605555555555556,11.605555555555556,0.77,3.059,208.0,16.1,0.0,1013.56
2022-05-11 01:00:00,12.550000000000002,12.550000000000002,0.73,3.1717,159.0,16.1,0.0,1013.18
2022-05-11 02:00:00,11.222222222222223,11.222222222222223,0.81,5.9409,149.0,15.1823,0.0,1012.86
2022-05-11 03:00:00,11.555555555555554,11.555555555555554,0.8,6.1502,150.0,16.1,0.0,1012.36
2022-05-11 04:00:00,11.505555555555556,11.505555555555556,0.78,6.295100000000001,140.0,16.1,0.0,1011.97
2022-05-11 05:00:00,11.166666666666666,11.166666666666666,0.78,10.2235,148.0,15.1823,0.0,1011.71
2022-05-11 06:00:00,12.133333333333335,12.133333333333335,0.73,9.193100000000001,160.0,16.1,0.0,1011.46
2022-05-11 07:00:00,13.755555555555553,13.755555555555553,0.68,10.577700000000002,150.0,15.649200000000002,0.0,1011.2
2022-05-11 08:00:00,15.150000000000002,15.150000000000002,0.68,13.5884,160.0,15.3111,0.0,1011.48
2022-05-11 09:00:00,18.72222222222222,18.72222222222222,0.57,13.218100000000002,159.0,15.826300000000002,0.0,1011.05
2022-05-11 10:00:00,21.938888888888886,21.938888888888886,0.47,14.6188,160.0,15.826300000000002,0.0,1010.85
2022-05-11 11:00:00,22.522222222222226,22.522222222222226,0.49,8.7101,184.0,15.552600000000002,0.0,1010.36
2022-05-11 12:00:00,23.67777777777778,23.67777777777778,0.46,10.867500000000001,190.0,16.1,0.0,1009.74
2022-05-11 13:00:00,23.772222222222226,23.772222222222226,0.48,11.930100000000001,189.0,15.826300000000002,0.0,1009.12
2022-05-11 14:00:00,24.838888888888885,24.838888888888885,0.45,13.9748,221.0,15.552600000000002,0.0,1008.38
2022-05-11 15:00:00,24.88333333333334,24.88333333333334,0.42,12.1555,208.0,10.255700000000001,0.0,1007.77
2022-05-11 16:00:00,25.99444444444445,25.99444444444445,0.4,16.888900000000003,199.0,10.255700000000001,0.0,1006.77
2022-05-11 17:00:00,24.899999999999995,24.899999999999995,0.46,14.7798,191.0,10.577700000000002,0.0,1006.0
2022-05-11 18:00:00,23.83888888888889,23.83888888888889,0.54,10.8192,152.0,16.1,0.0,1004.83
2022-05-11 19:00:00,22.538888888888884,22.538888888888884,0.52,23.489900000000002,162.0,9.982000000000001,0.0,1003.22
2022-05-11 20:00:00,21.977777777777778,21.977777777777778,0.54,19.803,170.0,10.0786,0.0,1002.5
2022-05-11 21:00:00,17.461111111111112,17.461111111111112,0.74,20.076700000000002,263.0,9.9015,0.0,1002.53
2022-05-11 22:00:00,14.727777777777776,14.727777777777776,0.87,24.0212,302.0,9.982000000000001,0.0,1004.93
2022-05-11 23:00:00,12.950000000000001,12.950000000000001,0.85,26.210800000000003,302.0,14.9569,0.0,1005.99
2022-05-12 00:00:00,11.549999999999999,11.549999999999999,0.86,20.479200000000002,311.0,15.826300000000002,0.0,1005.94
2022-05-12 01:00:00,11.016666666666666,11.016666666666666,0.83,17.114300000000004,310.0,15.826300000000002,0.0,1005.86
2022-05-12 02:00:00,10.56111111111111,10.56111111111111,0.87,12.2521,288.0,14.9569,0.0,1006.77
2022-05-12 03:00:00,9.905555555555555,6.594444444444443,0.87,28.2555,290.0,9.982000000000001,0.0,1008.08
2022-05-12 04:00:00,9.4,5.972222222222222,0.89,27.7081,290.0,15.826300000000002,0.0,1009.11
2022-05-12 05:00:00,9.43888888888889,6.733333333333332,0.9,19.481,279.0,14.9569,0.0,1009.72
2022-05-12 06:00:00,9.955555555555556,7.294444444444445,0.84,20.4148,279.0,9.982000000000001,0.0,1010.89
2022-05-12 07:00:00,11.044444444444444,11.044444444444444,0.8,20.4148,262.0,9.982000000000001,0.0,1011.48
2022-05-12 08:00:00,12.022222222222222,12.022222222222222,0.77,22.6366,278.0,10.3523,0.0,1012.31
2022-05-12 09:00:00,12.711111111111112,12.711111111111112,0.72,22.4595,280.0,9.982000000000001,0.0,1012.99
2022-05-12 10:00:00,13.916666666666664,13.916666666666664,0.67,20.8334,300.0,9.982000000000001,0.0,1013.6
2022-05-12 11:00:00,15.794444444444444,15.794444444444444,0.57,21.960400000000003,299.0,10.3523,0.0,1013.9
2022-05-12 12:00:00,17.083333333333332,17.083333333333332,0.48,20.7207,291.0,9.982000000000001,0.0,1013.82
2022-05-12 13:00:00,17.705555555555556,17.705555555555556,0.43,17.806600000000003,300.0,9.982000000000001,0.0,1013.82
2022-05-12 14:00:00,17.772222222222226,17.772222222222226,0.43,20.865600000000004,282.0,10.577700000000002,0.0,1013.89
2022-05-12 15:00:00,17.77777777777778,17.77777777777778,0.4,17.6295,300.0,10.255700000000001,0.0,1013.69
2022-05-12 16:00:00,18.727777777777774,18.727777777777774,0.38,14.5222,301.0,10.255700000000001,0.0,1013.01
2022-05-12 17:00:00,17.872222222222224,17.872222222222224,0.39,20.1411,296.0,10.577700000000002,0.0,1012.9
2022-05-12 18:00:00,17.77777777777778,17.77777777777778,0.37,17.3558,299.0,16.1,0.0,1013.09
2022-05-12 19:00:00,17.15,17.15,0.41,12.847800000000001,290.0,16.1,0.0,1013.01
2022-05-12 20:00:00,14.988888888888887,14.988888888888887,0.53,8.7262,271.0,15.552600000000002,0.0,1013.62
2022-05-12 21:00:00,12.177777777777779,12.177777777777779,0.72,9.5151,270.0,16.1,0.0,1013.9
2022-05-12 22:00:00,11.511111111111111,11.511111111111111,0.71,3.22,300.0,16.1,0.0,1014.3
2022-05-12 23:00:00,10.355555555555556,10.355555555555556,0.78,1.9642000000000002,230.0,15.1823,0.0,1014.68
2022-05-13 00:00:00,9.31111111111111,9.31111111111111,0.86,3.22,190.0,16.1,0.0,1015.0
2022-05-13 01:00:00,7.711111111111112,7.711111111111112,0.86,3.22,210.0,16.1,0.0,1014.9
2022-05-13 02:00:00,7.683333333333333,6.694444444444443,0.87,6.44,330.0,15.1823,0.0,1015.01
2022-05-13 03:00:00,7.200000000000001,7.200000000000001,0.93,3.0751,190.0,16.1,0.0,1014.68
2022-05-13 04:00:00,6.738888888888891,6.738888888888891,0.93,3.2039,39.0,16.1,0.0,1014.67
2022-05-13 05:00:00,6.783333333333334,6.783333333333334,0.9,3.7996,54.0,15.1823,0.0,1014.4
2022-05-13 06:00:00,8.77222222222222,8.77222222222222,0.89,3.22,140.0,16.1,0.0,1014.76
2022-05-13 07:00:00,12.016666666666667,12.016666666666667,0.63,8.05,100.0,16.1,0.0,1014.49
2022-05-13 08:00:00,13.722222222222223,13.722222222222223,0.65,9.9498,126.0,15.552600000000002,0.0,1014.15
2022-05-13 09:00:00,15.994444444444444,15.994444444444444,0.53,15.0696,109.0,16.1,0.0,1014.0
2022-05-13 10:00:00,17.15,17.15,0.42,12.316500000000001,98.0,15.826300000000002,0.0,1013.71
2022-05-13 11:00:00,17.505555555555553,17.505555555555553,0.51,12.187700000000001,115.0,10.3523,0.0,1013.72
2022-05-13 12:00:00,16.16111111111111,16.16111111111111,0.48,21.091,149.0,10.255700000000001,0.0,1013.59
2022-05-13 13:00:00,18.588888888888885,18.588888888888885,0.39,13.846,147.0,15.826300000000002,0.0,1013.1
2022-05-13 14:00:00,17.38888888888889,17.38888888888889,0.49,16.0034,127.0,10.3523,0.0,1012.19
2022-05-13 15:00:00,17.45555555555556,17.45555555555556,0.52,14.441700000000003,138.0,9.982000000000001,0.0,1011.87
2022-05-13 16:00:00,17.5,17.5,0.48,9.837100000000001,126.0,9.982000000000001,0.0,1011.47
2022-05-13 17:00:00,14.994444444444447,14.994444444444447,0.73,14.1358,340.0,10.577700000000002,0.0,1011.14
2022-05-13 18:00:00,13.91111111111111,13.91111111111111,0.77,12.187700000000001,18.0,10.255700000000001,0.0,1011.06
2022-05-13 19:00:00,12.822222222222221,12.822222222222221,0.83,11.930100000000001,56.0,10.255700000000001,0.0,1011.34
2022-05-13 20:00:00,12.805555555555554,12.805555555555554,0.9,4.008900000000001,65.0,10.577700000000002,0.0,1011.69
2022-05-13 21:00:00,12.222222222222221,12.222222222222221,0.85,5.0393,350.0,10.255700000000001,0.0,1011.86
2022-05-13 22:00:00,11.688888888888888,11.688888888888888,0.92,6.617100000000001,331.0,15.1823,0.0,1011.95
2022-05-13 23:00:00,11.583333333333334,11.583333333333334,0.93,5.3452,25.0,14.3934,0.0,1011.78
2022-05-14 00:00:00,12.083333333333334,12.083333333333334,0.9,3.4937,293.0,15.1823,0.0,1011.37
2022-05-14 01:00:00,11.549999999999999,11.549999999999999,0.86,11.0607,320.0,15.1823,0.0,1011.57
2022-05-14 02:00:00,11.016666666666666,11.016666666666666,0.87,10.6904,330.0,14.3934,0.0,1011.1
2022-05-14 03:00:00,10.511111111111113,10.511111111111113,0.86,14.49,331.0,14.9086,0.0,1010.6
2022-05-14 04:00:00,10.0,7.66111111111111,0.89,17.3075,340.0,14.9086,0.0,1010.3
2022-05-14 05:00:00,10.011111111111113,10.011111111111113,0.9,16.1,341.0,13.685,0.0,1010.0
2022-05-14 06:00:00,11.016666666666666,11.016666666666666,0.86,17.404100000000003,0.0,15.826300000000002,0.0,1009.6
2022-05-14 07:00:00,11.066666666666668,11.066666666666668,0.86,21.8638,0.0,9.982000000000001,0.0,1009.22
2022-05-14 08:00:00,11.961111111111112,11.961111111111112,0.82,22.942500000000003,359.0,9.450700000000001,0.0,1008.83
2022-05-14 09:00:00,12.666666666666664,12.666666666666664,0.83,23.715300000000003,359.0,9.982000000000001,0.0,1008.93
2022-05-14 10:00:00,12.711111111111112,12.711111111111112,0.77,24.810100000000002,350.0,9.982000000000001,0.0,1008.65
2022-05-14 11:00:00,13.661111111111113,13.661111111111113,0.74,24.6169,358.0,9.6278,0.0,1008.34
2022-05-14 12:00:00,12.761111111111111,12.761111111111111,0.82,24.294900000000002,359.0,9.982000000000001,0.0,1008.26
2022-05-14 13:00:00,12.82777777777778,12.82777777777778,0.89,24.037300000000002,350.0,9.982000000000001,0.0,1007.78
2022-05-14 14:00:00,12.82777777777778,12.82777777777778,0.84,22.1536,351.0,9.6278,0.0,1007.35
2022-05-14 15:00:00,12.783333333333331,12.783333333333331,0.89,25.3575,359.0,9.982000000000001,0.0,1007.27
2022-05-14 16:00:00,12.244444444444444,12.244444444444444,0.86,28.0945,350.0,8.1305,0.0,1007.25
2022-05-14 17:00:00,12.305555555555555,12.305555555555555,0.93,27.1929,349.0,5.0393,0.0,1006.96
2022-05-14 18:00:00,12.177777777777779,12.177777777777779,0.93,32.5542,350.0,5.216400000000001,0.0,1007.11
2022-05-14 19:00:00,12.155555555555557,12.155555555555557,0.86,38.833200000000005,340.0,6.118,0.0,1007.32
2022-05-14 20:00:00,11.133333333333333,11.133333333333333,0.94,38.479,340.0,6.230700000000001,0.0,1006.94
2022-05-14 21:00:00,11.044444444444444,11.044444444444444,0.86,37.513000000000005,330.0,6.1985,0.0,1007.34
2022-05-14 22:00:00,10.466666666666669,10.466666666666669,0.92,34.4218,330.0,6.295100000000001,0.0,1006.78
2022-05-14 23:00:00,10.383333333333333,10.383333333333333,0.9,34.0515,330.0,7.1001,0.0,1006.68
2022-05-15 00:00:00,10.494444444444445,10.494444444444445,0.86,34.4057,330.0,9.982000000000001,0.0,1006.26
2022-05-15 01:00:00,10.511111111111113,10.511111111111113,0.83,34.5667,330.0,15.826300000000002,0.0,1005.86
2022-05-15 02:00:00,10.005555555555553,10.005555555555553,0.87,30.815400000000004,330.0,11.688600000000001,0.0,1005.47
2022-05-15 03:00:00,9.97777777777778,6.277777777777776,0.86,34.4057,330.0,9.982000000000001,0.0,1004.95
2022-05-15 04:00:00,9.466666666666665,5.594444444444445,0.88,34.5506,330.0,7.1323,0.0,1004.47
2022-05-15 05:00:00,9.444444444444445,5.655555555555555,0.93,33.1177,330.0,6.9391,0.0,1004.02
2022-05-15 06:00:00,9.933333333333334,6.044444444444446,0.86,37.368100000000005,330.0,9.8049,0.0,1003.66
2022-05-15 07:00:00,9.933333333333334,6.038888888888888,0.86,37.496900000000004,330.0,6.166300000000001,0.0,1003.18
2022-05-15 08:00:00,9.877777777777778,6.116666666666665,0.93,34.9048,330.0,5.618900000000001,0.0,1003.09
2022-05-15 09:00:00,9.983333333333333,6.1833333333333345,0.92,36.128400000000006,340.0,7.969500000000001,0.0,1002.87
2022-05-15 10:00:00,10.005555555555553,10.005555555555553,0.93,36.192800000000005,330.0,6.9874,0.0,1002.85
2022-05-15 11:00:00,10.88888888888889,10.88888888888889,0.88,33.1338,330.0,6.0858,0.0,1002.82
2022-05-15 12:00:00,11.044444444444444,11.044444444444444,0.93,32.90840000000001,330.0,4.9910000000000005,0.0,1002.55
2022-05-15 13:00:00,11.066666666666668,11.066666666666668,0.93,28.915600000000005,339.0,6.0697,0.0,1002.63
2022-05-15 14:00:00,11.105555555555558,11.105555555555558,0.93,30.155300000000004,330.0,7.615300000000001,0.0,1002.46
2022-05-15 15:00:00,11.066666666666668,11.066666666666668,0.93,34.2769,330.0,7.969500000000001,0.0,1002.34
2022-05-15 16:00:00,11.066666666666668,11.066666666666668,0.93,31.250100000000003,330.0,8.1305,0.0,1002.32
2022-05-15 17:00:00,11.927777777777777,11.927777777777777,0.88,23.1035,347.0,9.66,0.0,1002.82
2022-05-15 18:00:00,12.105555555555554,12.105555555555554,0.86,25.293100000000003,340.0,9.853200000000001,0.0,1003.11
2022-05-15 19:00:00,11.08888888888889,11.08888888888889,0.93,25.2287,330.0,9.982000000000001,0.0,1003.3
2022-05-15 20:00:00,11.122222222222225,11.122222222222225,0.85,22.652700000000003,330.0,9.982000000000001,0.0,1003.69
2022-05-15 21:00:00,11.08888888888889,11.08888888888889,0.86,22.250200000000003,330.0,9.982000000000001,0.0,1003.97
2022-05-15 22:00:00,11.066666666666668,11.066666666666668,0.89,20.6563,330.0,15.826300000000002,0.0,1004.45
2022-05-15 23:00:00,11.094444444444443,11.094444444444443,0.9,16.6474,340.0,15.1823,0.0,1004.83
2022-05-16 00:00:00,11.06111111111111,11.06111111111111,0.89,14.441700000000003,339.0,16.1,0.0,1005.1
2022-05-16 01:00:00,10.094444444444445,10.094444444444445,0.92,11.543700000000001,320.0,15.826300000000002,0.0,1005.29
2022-05-16 02:00:00,10.583333333333332,10.583333333333332,0.9,11.3183,322.0,14.9569,0.0,1005.38
2022-05-16 03:00:00,10.555555555555555,10.555555555555555,0.89,6.8908000000000005,304.0,15.826300000000002,0.0,1004.78
2022-05-16 04:00:00,10.6,10.6,0.86,6.5849,313.0,15.826300000000002,0.0,1004.57
2022-05-16 05:00:00,10.68333333333333,10.68333333333333,0.9,5.796,330.0,14.9569,0.0,1004.46
2022-05-16 06:00:00,11.161111111111113,11.161111111111113,0.93,7.953400000000001,332.0,6.295100000000001,0.0,1004.39
2022-05-16 07:00:00,11.161111111111113,11.161111111111113,0.93,8.033900000000001,353.0,9.982000000000001,0.0,1004.58
2022-05-16 08:00:00,11.166666666666666,11.166666666666666,0.93,12.654600000000002,147.0,3.864,0.0,1004.96
2022-05-16 09:00:00,10.255555555555556,10.255555555555556,0.93,20.1894,148.0,8.1305,0.0,1005.43
2022-05-16 10:00:00,11.277777777777777,11.277777777777777,0.93,16.180500000000002,137.0,9.982000000000001,0.0,1006.11
2022-05-16 11:00:00,11.18888888888889,11.18888888888889,0.88,15.584800000000001,127.0,9.982000000000001,0.0,1006.68
2022-05-16 12:00:00,12.355555555555558,12.355555555555558,0.8,15.359399999999999,128.0,9.982000000000001,0.0,1007.37
2022-05-16 13:00:00,12.383333333333333,12.383333333333333,0.8,15.488199999999999,128.0,9.982000000000001,0.0,1008.06
2022-05-16 14:00:00,12.377777777777778,12.377777777777778,0.8,22.362900000000003,119.0,10.3523,0.0,1008.42
2022-05-16 15:00:00,12.872222222222224,12.872222222222224,0.82,15.456,129.0,9.982000000000001,0.0,1008.88
2022-05-16 16:00:00,12.850000000000001,12.850000000000001,0.82,16.9372,130.0,9.982000000000001,0.0,1009.12
2022-05-16 17:00:00,12.850000000000001,12.850000000000001,0.78,16.4864,119.0,10.3523,0.0,1009.62
2022-05-16 18:00:00,12.872222222222224,12.872222222222224,0.77,13.6045,120.0,9.982000000000001,0.0,1010.03
2022-05-16 19:00:00,12.777777777777779,12.777777777777779,0.77,11.0446,110.0,10.255700000000001,0.0,1010.43
2022-05-16 20:00:00,12.188888888888888,12.188888888888888,0.82,7.550900000000001,80.0,10.577700000000002,0.0,1010.94
2022-05-16 21:00:00,12.17222222222222,12.17222222222222,0.8,7.711900000000001,38.0,15.1823,0.0,1011.53
2022-05-16 22:00:00,11.644444444444446,11.644444444444446,0.83,5.9731000000000005,69.0,15.1823,0.0,1012.04
2022-05-16 23:00:00,11.127777777777778,11.127777777777778,0.88,6.118,44.0,15.1823,0.0,1012.22
2022-05-17 00:00:00,11.11111111111111,11.11111111111111,0.89,5.957000000000001,48.0,16.1,0.0,1012.33
2022-05-17 01:00:00,11.06111111111111,11.06111111111111,0.89,5.9731000000000005,39.0,16.1,0.0,1012.13
2022-05-17 02:00:00,11.06111111111111,11.06111111111111,0.88,5.7799000000000005,29.0,15.1823,0.0,1011.98
2022-05-17 03:00:00,10.533333333333335,10.533333333333335,0.93,3.5581,352.0,16.0517,0.0,1011.84
2022-05-17 04:00:00,10.533333333333335,10.533333333333335,0.93,6.279,357.0,15.826300000000002,0.0,1011.66
2022-05-17 05:00:00,10.950000000000001,10.950000000000001,0.9,3.4293,315.0,11.012400000000001,0.0,1011.87
2022-05-17 06:00:00,11.066666666666668,11.066666666666668,0.87,0.4025,316.0,9.563400000000001,0.0,1011.93
2022-05-17 07:00:00,11.066666666666668,11.066666666666668,0.93,3.5420000000000007,293.0,9.6761,0.0,1012.42
2022-05-17 08:00:00,12.016666666666667,12.016666666666667,0.88,2.4633000000000003,303.0,9.5151,0.0,1012.77
2022-05-17 09:00:00,12.277777777777779,12.277777777777779,0.86,3.2844,262.0,9.982000000000001,0.0,1013.02
2022-05-17 10:00:00,13.900000000000002,13.900000000000002,0.82,5.119800000000001,272.0,9.982000000000001,0.0,1013.18
2022-05-17 11:00:00,14.738888888888889,14.738888888888889,0.71,8.2432,281.0,9.450700000000001,0.0,1013.06
2022-05-17 12:00:00,16.072222222222223,16.072222222222223,0.59,5.152000000000001,279.0,9.982000000000001,0.0,1013.2
2022-05-17 13:00:00,16.044444444444444,16.044444444444444,0.63,9.6439,279.0,9.982000000000001,0.0,1013.19
2022-05-17 14:00:00,16.005555555555556,16.005555555555556,0.68,9.064300000000001,257.0,10.3523,0.0,1013.27
2022-05-17 15:00:00,17.17777777777778,17.17777777777778,0.63,15.391600000000002,242.0,9.982000000000001,0.0,1013.29
2022-05-17 16:00:00,16.13888888888889,16.13888888888889,0.72,20.108900000000002,231.0,9.982000000000001,0.0,1013.29
2022-05-17 17:00:00,15.761111111111111,15.761111111111111,0.79,16.325400000000002,216.0,9.982000000000001,0.0,1013.48
2022-05-17 18:00:00,16.038888888888888,16.038888888888888,0.72,15.794100000000002,232.0,9.982000000000001,0.0,1013.61
2022-05-17 19:00:00,14.883333333333333,14.883333333333333,0.78,14.0714,232.0,9.982000000000001,0.0,1014.02
2022-05-17 20:00:00,13.761111111111113,13.761111111111113,0.79,15.021300000000002,250.0,10.2235,0.0,1014.49
2022-05-17 21:00:00,12.733333333333334,12.733333333333334,0.9,11.0285,241.0,10.255700000000001,0.0,1014.91
2022-05-17 22:00:00,13.216666666666665,13.216666666666665,0.83,11.0446,250.0,16.1,0.0,1015.59
2022-05-17 23:00:00,12.516666666666667,12.516666666666667,0.88,6.9713,246.0,15.150100000000002,0.0,1015.86
2022-05-18 00:00:00,12.083333333333334,12.083333333333334,0.9,11.270000000000001,250.0,15.826300000000002,0.0,1015.9
2022-05-18 01:00:00,11.555555555555554,11.555555555555554,0.93,6.4078,231.0,15.826300000000002,0.0,1016.0
2022-05-18 02:00:00,11.116666666666665,11.116666666666665,0.93,6.327300000000001,225.0,14.168000000000003,0.0,1016.15
2022-05-18 03:00:00,10.955555555555556,10.955555555555556,0.93,6.423900000000001,231.0,11.9784,0.0,1016.3
2022-05-18 04:00:00,10.911111111111111,10.911111111111111,0.93,6.44,240.0,11.9784,0.0,1016.39
2022-05-18 05:00:00,10.355555555555556,10.355555555555556,0.94,5.8604,250.0,11.6081,0.0,1016.53
2022-05-18 06:00:00,9.822222222222223,9.822222222222223,1.0,4.7495,171.0,8.05,0.0,1016.88
2022-05-18 07:00:00,12.066666666666666,12.066666666666666,0.87,3.3488,179.0,9.982000000000001,0.0,1017.08
2022-05-18 08:00:00,12.63888888888889,12.63888888888889,0.85,8.6135,153.0,9.982000000000001,0.0,1017.4
2022-05-18 09:00:00,13.88888888888889,13.88888888888889,0.77,9.2575,134.0,9.982000000000001,0.0,1017.57
2022-05-18 10:00:00,14.97777777777778,14.97777777777778,0.68,10.835300000000002,143.0,9.982000000000001,0.0,1017.68
2022-05-18 11:00:00,16.044444444444444,16.044444444444444,0.64,9.2575,158.0,10.3523,0.0,1017.88
2022-05-18 12:00:00,16.133333333333333,16.133333333333333,0.67,12.6868,169.0,9.982000000000001,0.0,1017.75
2022-05-18 13:00:00,17.77777777777778,17.77777777777778,0.65,11.012400000000001,168.0,9.982000000000001,0.0,1017.56
2022-05-18 14:00:00,17.755555555555556,17.755555555555556,0.6,10.4167,185.0,10.3523,0.0,1017.21
2022-05-18 15:00:00,17.733333333333334,17.733333333333334,0.57,11.012400000000001,179.0,9.982000000000001,0.0,1016.98
2022-05-18 16:00:00,17.755555555555556,17.755555555555556,0.56,12.6385,179.0,9.982000000000001,0.0,1016.79
2022-05-18 17:00:00,17.82222222222222,17.82222222222222,0.53,10.110800000000001,164.0,10.3523,0.0,1016.71
2022-05-18 18:00:00,17.77777777777778,17.77777777777778,0.57,9.0965,191.0,9.982000000000001,0.0,1016.48
2022-05-18 19:00:00,17.633333333333336,17.633333333333336,0.61,2.8819000000000004,132.0,9.982000000000001,0.0,1016.6
2022-05-18 20:00:00,16.033333333333335,16.033333333333335,0.77,4.347,124.0,10.577700000000002,0.0,1016.82
2022-05-18 21:00:00,13.838888888888887,13.838888888888887,0.83,4.6046000000000005,130.0,9.982000000000001,0.0,0.0
2022-05-18 22:00:00,13.15,13.15,0.9,3.2039,129.0,16.1,0.0,1017.88
2022-05-18 23:00:00,12.966666666666669,12.966666666666669,0.87,6.0697,140.0,14.876400000000002,0.0,1017.9
2022-05-19 00:00:00,12.044444444444444,12.044444444444444,0.87,3.22,150.0,15.729700000000001,0.0,1017.89
2022-05-19 01:00:00,10.972222222222221,10.972222222222221,0.93,6.2468,131.0,15.729700000000001,0.0,1017.8
2022-05-19 02:00:00,10.544444444444443,10.544444444444443,0.93,3.3488,148.0,14.0875,0.0,1017.86
2022-05-19 03:00:00,10.0,9.444444444444445,0.93,6.1502,130.0,8.05,0.0,1017.76
2022-05-19 04:00:00,9.955555555555556,9.36111111111111,0.93,6.279,129.0,8.05,0.0,1017.69
2022-05-19 05:00:00,10.0,10.0,0.96,3.4615,124.0,7.985600000000001,0.0,1017.9
2022-05-19 06:00:00,11.05,11.05,0.93,5.0393,130.0,8.05,0.0,1018.07
2022-05-19 07:00:00,12.161111111111111,12.161111111111111,0.87,9.2414,141.0,9.982000000000001,0.0,1018.26
2022-05-19 08:00:00,15.872222222222222,15.872222222222222,0.79,5.635000000000001,160.0,14.168000000000003,0.0,1018.37
2022-05-19 09:00:00,17.711111111111112,17.711111111111112,0.7,8.017800000000001,167.0,16.1,0.0,1018.28
2022-05-19 10:00:00,18.88888888888889,18.88888888888889,0.65,12.525800000000002,160.0,9.982000000000001,0.0,1018.37
2022-05-19 11:00:00,20.933333333333337,20.933333333333337,0.53,11.8496,170.0,10.3523,0.0,1018.6
2022-05-19 12:00:00,21.13333333333334,21.13333333333334,0.46,15.6009,161.0,10.255700000000001,0.0,1018.37
2022-05-19 13:00:00,22.17222222222222,22.17222222222222,0.46,12.847800000000001,169.0,10.255700000000001,0.0,1018.26
2022-05-19 14:00:00,22.194444444444443,22.194444444444443,0.39,12.187700000000001,169.0,10.577700000000002,0.0,1017.88
2022-05-19 15:00:00,22.800000000000004,22.800000000000004,0.41,11.2217,170.0,10.255700000000001,0.0,1017.26
2022-05-19 16:00:00,23.79444444444444,23.79444444444444,0.34,8.0822,206.0,10.255700000000001,0.0,1016.96
2022-05-19 17:00:00,22.794444444444444,22.794444444444444,0.38,8.774500000000002,160.0,10.577700000000002,0.0,1016.89
2022-05-19 18:00:00,22.70555555555556,22.70555555555556,0.38,5.184200000000001,155.0,10.255700000000001,0.0,1016.56
2022-05-19 19:00:00,22.10555555555556,22.10555555555556,0.46,4.7656,158.0,10.255700000000001,0.0,1016.28
2022-05-19 20:00:00,18.183333333333337,18.183333333333337,0.62,8.5491,128.0,10.577700000000002,0.0,1016.43
2022-05-19 21:00:00,17.68888888888889,17.68888888888889,0.66,9.4829,121.0,16.1,0.0,1016.68
2022-05-19 22:00:00,16.51111111111111,16.51111111111111,0.73,6.279,111.0,16.1,0.0,1017.0
2022-05-19 23:00:00,14.366666666666667,14.366666666666667,0.84,3.0751,104.0,15.1823,0.0,1017.18
2022-05-20 00:00:00,13.244444444444447,13.244444444444447,0.86,3.22,100.0,16.1,0.0,1017.1
2022-05-20 01:00:00,12.155555555555557,12.155555555555557,0.9,3.1717,110.0,16.0517,0.0,1017.2
2022-05-20 02:00:00,11.700000000000001,11.700000000000001,0.93,2.8336,59.0,14.3612,0.0,1017.17
2022-05-20 03:00:00,10.488888888888889,10.488888888888889,0.93,3.22,0.0,9.982000000000001,0.0,1017.2
2022-05-20 04:00:00,10.511111111111113,10.511111111111113,0.93,3.22,20.0,9.982000000000001,0.0,1017.21
2022-05-20 05:00:00,10.177777777777777,10.177777777777777,0.93,3.3649,43.0,9.982000000000001,0.0,1017.3
2022-05-20 06:00:00,12.550000000000002,12.550000000000002,0.9,0.0,0.0,14.9086,0.0,1017.61
2022-05-20 07:00:00,16.91111111111111,16.91111111111111,0.73,3.22,100.0,15.826300000000002,0.0,1017.61
2022-05-20 08:00:00,19.583333333333332,19.583333333333332,0.59,7.1967,135.0,15.552600000000002,0.0,1017.42
2022-05-20 09:00:00,21.016666666666666,21.016666666666666,0.54,9.2414,121.0,16.1,0.0,1017.52
2022-05-20 10:00:00,22.733333333333334,22.733333333333334,0.42,8.903300000000002,73.0,9.982000000000001,0.0,1017.52
2022-05-20 11:00:00,23.62222222222222,23.62222222222222,0.38,8.790600000000001,130.0,10.577700000000002,0.0,1017.73
2022-05-20 12:00:00,23.86111111111111,23.86111111111111,0.33,9.064300000000001,80.0,10.255700000000001,0.0,1017.81
2022-05-20 13:00:00,24.92777777777778,24.92777777777778,0.31,7.792400000000001,52.0,9.982000000000001,0.0,1017.9
2022-05-20 14:00:00,24.87777777777778,24.87777777777778,0.32,8.500800000000002,54.0,10.3523,0.0,1017.71
2022-05-20 15:00:00,24.97222222222222,24.97222222222222,0.32,4.2826,26.0,9.982000000000001,0.0,1017.61
2022-05-20 16:00:00,26.016666666666666,26.016666666666666,0.31,7.1967,21.0,9.982000000000001,0.0,1017.5
2022-05-20 17:00:00,24.95,24.95,0.32,2.6726,60.0,10.3523,0.0,1017.35
2022-05-20 18:00:00,24.92777777777778,24.92777777777778,0.34,9.2253,9.0,9.982000000000001,0.0,1017.3
2022-05-20 19:00:00,23.79444444444444,23.79444444444444,0.39,7.792400000000001,9.0,10.255700000000001,0.0,1017.4
2022-05-20 20:00:00,21.272222222222226,21.272222222222226,0.51,0.6118,21.0,15.552600000000002,0.0,1017.69
2022-05-20 21:00:00,17.68333333333333,17.68333333333333,0.66,0.0,0.0,16.1,0.0,1018.19
2022-05-20 22:00:00,16.988888888888887,16.988888888888887,0.72,3.22,80.0,16.1,0.0,1018.6
2022-05-20 23:00:00,15.205555555555556,15.205555555555556,0.8,1.3202,133.0,15.1823,0.0,1018.89
2022-05-21 00:00:00,13.838888888888887,13.838888888888887,0.86,3.22,100.0,16.1,0.0,1019.1
2022-05-21 01:00:00,14.283333333333335,14.283333333333335,0.78,3.1878,108.0,16.1,0.0,1018.92
2022-05-21 02:00:00,12.955555555555556,12.955555555555556,0.87,2.7048,23.0,15.1823,0.0,1018.96
2022-05-21 03:00:00,12.66111111111111,12.66111111111111,0.87,0.0,0.0,16.0517,0.0,1019.21
2022-05-21 04:00:00,12.061111111111112,12.061111111111112,0.9,3.22,40.0,15.826300000000002,0.0,1019.31
2022-05-21 05:00:00,11.727777777777778,11.727777777777778,0.93,3.2844,113.0,14.9569,0.0,1019.51
2022-05-21 06:00:00,13.683333333333334,13.683333333333334,0.9,8.05,140.0,16.0517,0.0,1019.81
2022-05-21 07:00:00,17.0,17.0,0.76,7.776300000000001,139.0,16.1,0.0,1020.0
2022-05-21 08:00:00,19.81111111111111,19.81111111111111,0.7,4.8139,133.0,15.1823,0.0,1020.09
2022-05-21 09:00:00,21.20555555555556,21.20555555555556,0.63,9.450700000000001,119.0,16.1,0.0,1020.28
2022-05-21 10:00:00,22.872222222222224,22.872222222222224,0.56,9.4829,139.0,16.1,0.0,1020.19
2022-05-21 11:00:00,24.922222222222224,24.922222222222224,0.47,10.5294,136.0,10.577700000000002,0.0,1020.21
2022-05-21 12:00:00,25.09444444444445,25.09444444444445,0.49,9.6439,148.0,16.1,0.0,1020.08
2022-05-21 13:00:00,26.13333333333334,26.13333333333334,0.39,12.461400000000001,132.0,16.1,0.0,1019.69
2022-05-21 14:00:00,26.999999999999996,26.744444444444444,0.37,7.8729,108.0,15.552600000000002,0.0,1019.48
2022-05-21 15:00:00,27.22222222222222,26.866666666666667,0.37,7.953400000000001,123.0,16.1,0.0,1019.09
2022-05-21 16:00:00,27.22222222222222,26.666666666666668,0.33,10.8997,151.0,16.1,0.0,1018.69
2022-05-21 17:00:00,27.144444444444446,26.616666666666664,0.33,9.9498,138.0,15.552600000000002,0.0,1018.3
2022-05-21 18:00:00,26.13333333333334,26.13333333333334,0.39,7.728,141.0,16.1,0.0,1017.91
2022-05-21 19:00:00,24.977777777777774,24.977777777777774,0.42,9.1126,140.0,16.1,0.0,1018.08
2022-05-21 20:00:00,22.89444444444444,22.89444444444444,0.52,4.250400000000001,130.0,15.552600000000002,0.0,1018.01
2022-05-21 21:00:00,19.838888888888885,19.838888888888885,0.68,3.0751,110.0,16.1,0.0,1018.1
2022-05-21 22:00:00,18.70555555555556,18.70555555555556,0.73,3.1717,108.0,16.1,0.0,1018.4
2022-05-21 23:00:00,16.855555555555558,16.855555555555558,0.79,2.737,26.0,15.552600000000002,0.0,1018.5
2022-05-22 00:00:00,16.52777777777778,16.52777777777778,0.81,3.22,80.0,16.1,0.0,1018.3
2022-05-22 01:00:00,15.461111111111109,15.461111111111109,0.84,3.0751,80.0,16.1,0.0,1018.11
2022-05-22 02:00:00,14.63888888888889,14.63888888888889,0.9,3.9928000000000003,118.0,15.552600000000002,0.0,1018.0
2022-05-22 03:00:00,13.333333333333334,13.333333333333334,0.93,0.0,0.0,16.1,0.0,1018.0
2022-05-22 04:00:00,12.777777777777779,12.777777777777779,0.93,3.22,30.0,15.1823,0.0,1017.99
2022-05-22 05:00:00,12.911111111111113,12.911111111111113,0.93,3.0912,76.0,14.168000000000003,0.0,1017.93
2022-05-22 06:00:00,15.883333333333335,15.883333333333335,0.82,4.83,140.0,15.1823,0.0,1017.9
2022-05-22 07:00:00,17.666666666666668,17.666666666666668,0.78,9.048200000000001,129.0,16.1,0.0,1017.89
2022-05-22 08:00:00,20.022222222222226,20.022222222222226,0.69,10.255700000000001,128.0,15.1823,0.0,1018.18
2022-05-22 09:00:00,22.82777777777778,22.82777777777778,0.62,11.012400000000001,148.0,16.1,0.0,1018.16
2022-05-22 10:00:00,23.96111111111111,23.96111111111111,0.5,14.1841,158.0,16.1,0.0,1017.96
2022-05-22 11:00:00,26.100000000000005,26.100000000000005,0.44,13.7333,158.0,15.552600000000002,0.0,1017.76
2022-05-22 12:00:00,27.24444444444445,26.994444444444447,0.39,14.2807,149.0,16.1,0.0,1017.47
2022-05-22 13:00:00,27.77777777777778,27.344444444444445,0.38,17.581200000000003,131.0,16.1,0.0,1017.26
2022-05-22 14:00:00,27.76666666666667,27.16111111111111,0.35,13.1376,153.0,15.552600000000002,0.0,1016.76
2022-05-22 15:00:00,27.82222222222222,27.022222222222222,0.31,12.799500000000002,159.0,16.1,0.0,1016.18
2022-05-22 16:00:00,27.82222222222222,27.011111111111113,0.31,13.9587,141.0,16.1,0.0,1015.86
2022-05-22 17:00:00,27.861111111111114,27.127777777777776,0.33,12.461400000000001,146.0,15.552600000000002,0.0,1015.54
2022-05-22 18:00:00,27.24444444444445,26.672222222222224,0.32,11.157300000000001,158.0,16.1,0.0,1015.06
2022-05-22 19:00:00,26.03888888888889,26.03888888888889,0.42,12.7029,120.0,16.1,0.0,1014.97
2022-05-22 20:00:00,23.82222222222222,23.82222222222222,0.5,10.3523,110.0,15.552600000000002,0.0,1014.99
2022-05-22 21:00:00,22.600000000000005,22.600000000000005,0.57,10.706500000000002,110.0,16.1,0.0,1015.07
2022-05-22 22:00:00,22.044444444444448,22.044444444444448,0.57,11.0446,110.0,16.1,0.0,1015.48
2022-05-22 23:00:00,20.077777777777776,20.077777777777776,0.69,10.432800000000002,132.0,15.1823,0.0,1015.5
2022-05-23 00:00:00,18.733333333333334,18.733333333333334,0.75,10.706500000000002,149.0,16.1,0.0,1015.86
2022-05-23 01:00:00,18.35555555555556,18.35555555555556,0.75,10.9158,159.0,16.1,0.0,1015.56
2022-05-23 02:00:00,16.844444444444445,16.844444444444445,0.81,10.304000000000002,140.0,15.1823,0.0,1015.56
2022-05-23 03:00:00,16.13888888888889,16.13888888888889,0.84,10.722600000000002,150.0,16.1,0.0,1015.64
2022-05-23 04:00:00,15.533333333333335,15.533333333333335,0.87,13.685,130.0,16.0517,0.0,1015.07
2022-05-23 05:00:00,15.02222222222222,15.02222222222222,0.87,10.0625,126.0,14.168000000000003,0.0,1014.89
2022-05-23 06:00:00,16.0,16.0,0.79,4.9588,157.0,15.826300000000002,0.0,1014.98
2022-05-23 07:00:00,17.68888888888889,17.68888888888889,0.74,11.0607,140.0,15.826300000000002,0.0,1014.88
2022-05-23 08:00:00,20.833333333333332,20.833333333333332,0.62,13.620600000000001,128.0,15.150100000000002,0.0,1014.97
2022-05-23 09:00:00,22.22222222222222,22.22222222222222,0.59,14.1519,139.0,16.1,0.0,1015.15
2022-05-23 10:00:00,23.88888888888889,23.88888888888889,0.58,12.6707,139.0,16.1,0.0,1014.78
2022-05-23 11:00:00,25.91111111111111,25.91111111111111,0.48,15.246700000000002,129.0,15.552600000000002,0.0,1014.85
2022-05-23 12:00:00,27.22222222222222,27.1,0.41,17.0338,121.0,16.1,0.0,1014.57
2022-05-23 13:00:00,27.75555555555555,27.10555555555556,0.34,15.778000000000002,130.0,16.1,0.0,1014.47
2022-05-23 14:00:00,27.75,27.199999999999996,0.36,14.1197,135.0,15.552600000000002,0.0,1013.7
2022-05-23 15:00:00,28.86111111111111,27.972222222222218,0.33,14.312900000000003,120.0,16.1,0.0,1013.28
2022-05-23 16:00:00,27.82222222222222,27.22222222222222,0.35,11.2056,139.0,16.1,0.0,1012.89
2022-05-23 17:00:00,28.733333333333334,27.75,0.32,12.380900000000002,114.0,15.552600000000002,0.0,1012.54
2022-05-23 18:00:00,27.75555555555555,27.005555555555556,0.32,12.1072,112.0,16.1,0.0,1012.2
2022-05-23 19:00:00,27.10555555555556,26.71111111111111,0.35,10.6743,111.0,16.1,0.0,1012.08
2022-05-23 20:00:00,24.88333333333334,24.88333333333334,0.45,8.903300000000002,99.0,15.552600000000002,0.0,1011.9
2022-05-23 21:00:00,22.55,22.55,0.53,9.3702,110.0,16.1,0.0,1012.19
2022-05-23 22:00:00,21.36666666666666,21.36666666666666,0.55,11.270000000000001,100.0,16.1,0.0,1012.61
2022-05-23 23:00:00,19.366666666666667,19.366666666666667,0.65,5.892600000000001,107.0,15.1823,0.0,1012.93
2022-05-24 00:00:00,17.66111111111111,17.66111111111111,0.74,6.230700000000001,109.0,16.1,0.0,1012.91
2022-05-24 01:00:00,15.994444444444444,15.994444444444444,0.82,2.9624,182.0,16.1,0.0,1012.81
2022-05-24 02:00:00,15.350000000000001,15.350000000000001,0.87,2.2057,104.0,15.1823,0.0,1012.62
2022-05-24 03:00:00,16.477777777777774,16.477777777777774,0.74,3.22,90.0,16.1,0.0,1012.39
2022-05-24 04:00:00,14.466666666666665,14.466666666666665,0.83,3.3488,100.0,16.1,0.0,1012.43
2022-05-24 05:00:00,14.472222222222221,14.472222222222221,0.85,3.22,93.0,15.1823,0.0,1012.36
2022-05-24 06:00:00,17.505555555555553,17.505555555555553,0.71,3.0751,156.0,16.1,0.0,1012.43
2022-05-24 07:00:00,19.844444444444445,19.844444444444445,0.64,7.953400000000001,161.0,16.1,0.0,1012.8
2022-05-24 08:00:00,19.105555555555554,19.105555555555554,0.69,10.5294,160.0,15.552600000000002,0.0,1013.2
2022-05-24 09:00:00,21.16111111111111,21.16111111111111,0.63,10.3523,141.0,16.1,0.0,1013.48
2022-05-24 10:00:00,22.366666666666667,22.366666666666667,0.59,10.0464,140.0,16.1,0.0,1013.29
2022-05-24 11:00:00,23.911111111111115,23.911111111111115,0.54,10.0142,180.0,15.552600000000002,0.0,1013.29
2022-05-24 12:00:00,25.07222222222222,25.07222222222222,0.54,8.8711,160.0,16.1,0.0,1013.67
2022-05-24 13:00:00,25.161111111111115,25.161111111111115,0.5,9.1126,161.0,15.826300000000002,0.0,1013.38
2022-05-24 14:00:00,27.16666666666667,27.03888888888889,0.41,9.080400000000001,149.0,15.3111,0.0,1013.13
2022-05-24 15:00:00,26.272222222222226,26.272222222222226,0.46,12.0911,171.0,15.826300000000002,0.0,1012.5
2022-05-24 16:00:00,27.68333333333333,27.805555555555557,0.46,12.3004,159.0,9.982000000000001,0.0,1012.09
2022-05-24 17:00:00,26.866666666666667,26.97222222222222,0.44,4.314800000000001,214.0,10.3523,0.0,1012.16
2022-05-24 18:00:00,25.799999999999997,25.799999999999997,0.51,14.023100000000003,310.0,9.982000000000001,0.0,1012.05
2022-05-24 19:00:00,24.805555555555557,24.805555555555557,0.54,0.5957,294.0,15.826300000000002,0.0,1012.64
2022-05-24 20:00:00,22.52777777777778,22.52777777777778,0.62,7.0679,325.0,10.577700000000002,0.0,1013.17
2022-05-24 21:00:00,19.95,19.95,0.73,7.792400000000001,332.0,16.1,0.0,1013.9
2022-05-24 22:00:00,18.72222222222222,18.72222222222222,0.74,6.1985,27.0,16.1,0.0,1014.42
2022-05-24 23:00:00,17.788888888888884,17.788888888888884,0.8,2.7048,289.0,15.1823,0.0,1014.77
2022-05-25 00:00:00,17.03888888888889,17.03888888888889,0.79,6.262900000000001,351.0,16.1,0.0,1014.95
2022-05-25 01:00:00,16.622222222222224,16.622222222222224,0.84,3.1878,95.0,16.1,0.0,1015.51
2022-05-25 02:00:00,16.594444444444445,16.594444444444445,0.85,6.681500000000001,164.0,15.1823,0.0,1015.62
2022-05-25 03:00:00,17.6,17.6,0.84,13.6689,138.0,16.1,0.0,1015.9
2022-05-25 04:00:00,17.066666666666666,17.066666666666666,0.87,14.023100000000003,148.0,15.826300000000002,0.0,1016.29
2022-05-25 05:00:00,16.705555555555556,16.705555555555556,0.88,10.770900000000001,168.0,15.504300000000002,0.0,1016.47
2022-05-25 06:00:00,17.066666666666666,17.066666666666666,0.87,9.5151,190.0,9.982000000000001,0.0,1016.71
2022-05-25 07:00:00,18.711111111111116,18.711111111111116,0.79,10.110800000000001,230.0,9.982000000000001,0.0,1016.75
2022-05-25 08:00:00,20.755555555555556,20.755555555555556,0.72,9.6922,237.0,9.982000000000001,0.0,1017.16
2022-05-25 09:00:00,22.71111111111111,22.71111111111111,0.63,4.379200000000001,249.0,9.982000000000001,0.0,1017.31
2022-05-25 10:00:00,22.800000000000004,22.800000000000004,0.66,4.4436,159.0,9.982000000000001,0.0,1017.21
2022-05-25 11:00:00,23.86666666666666,23.86666666666666,0.65,7.1645,170.0,10.3523,0.0,1017.42
2022-05-25 12:00:00,24.95,24.95,0.55,7.357700000000001,159.0,9.982000000000001,0.0,1017.41
2022-05-25 13:00:00,26.12777777777778,26.12777777777778,0.47,7.583100000000001,150.0,9.982000000000001,0.0,1016.89
2022-05-25 14:00:00,26.027777777777775,26.027777777777775,0.45,7.0357,138.0,10.3523,0.0,1016.02
2022-05-25 15:00:00,26.888888888888893,27.083333333333332,0.46,9.1287,108.0,9.982000000000001,0.0,1015.26
2022-05-25 16:00:00,26.116666666666667,26.116666666666667,0.43,8.8067,179.0,9.982000000000001,0.0,1014.83
2022-05-25 17:00:00,22.47222222222222,22.47222222222222,0.64,13.620600000000001,254.0,10.3523,0.0,1015.28
2022-05-25 18:00:00,21.022222222222226,21.022222222222226,0.64,18.6599,38.0,9.982000000000001,0.0,1015.25
2022-05-25 19:00:00,19.90555555555555,19.90555555555555,0.63,15.955100000000002,358.0,9.9015,0.0,1016.56
2022-05-25 20:00:00,19.099999999999998,19.099999999999998,0.74,10.9158,6.0,10.3523,0.0,1015.71
2022-05-25 21:00:00,17.68888888888889,17.68888888888889,0.79,3.2361,354.0,10.255700000000001,0.0,1015.85
2022-05-25 22:00:00,18.177777777777777,18.177777777777777,0.76,14.168000000000003,88.0,16.0517,0.0,1016.59
2022-05-25 23:00:00,17.572222222222223,17.572222222222223,0.8,5.2969,285.0,15.150100000000002,0.0,1015.96
2022-05-26 00:00:00,15.972222222222221,15.972222222222221,0.88,2.9463000000000004,246.0,15.826300000000002,0.0,1016.43
2022-05-26 01:00:00,14.933333333333334,14.933333333333334,0.9,6.44,310.0,15.826300000000002,0.0,1016.33
2022-05-26 02:00:00,15.005555555555553,15.005555555555553,0.93,3.5742000000000007,330.0,14.9569,0.0,1016.22
2022-05-26 03:00:00,15.933333333333334,15.933333333333334,0.88,3.2683,284.0,15.729700000000001,0.0,1016.02
2022-05-26 04:00:00,14.911111111111113,14.911111111111113,0.9,3.2039,339.0,14.812,0.0,1015.53
2022-05-26 05:00:00,14.07777777777778,14.07777777777778,0.93,5.8604,349.0,14.876400000000002,0.0,1015.18
2022-05-26 06:00:00,14.966666666666665,14.966666666666665,0.93,4.7334000000000005,316.0,15.729700000000001,0.0,1015.12
2022-05-26 07:00:00,17.08888888888889,17.08888888888889,0.82,1.8193,3.0,15.826300000000002,0.0,1015.12
2022-05-26 08:00:00,18.83888888888889,18.83888888888889,0.84,3.3166,347.0,14.9569,0.0,1015.16
2022-05-26 09:00:00,22.24444444444445,22.24444444444445,0.64,5.119800000000001,31.0,16.1,0.0,1014.82
2022-05-26 10:00:00,23.83888888888889,23.83888888888889,0.58,7.792400000000001,106.0,16.1,0.0,1014.62
2022-05-26 11:00:00,24.855555555555554,24.855555555555554,0.52,7.6796999999999995,45.0,10.3523,0.0,1014.44
2022-05-26 12:00:00,25.04444444444444,25.04444444444444,0.51,7.4704,128.0,9.982000000000001,0.0,1014.11
2022-05-26 13:00:00,26.105555555555554,26.105555555555554,0.5,7.905100000000001,199.0,9.982000000000001,0.0,1013.51
2022-05-26 14:00:00,27.08888888888889,27.333333333333332,0.47,2.5760000000000005,118.0,10.3523,0.0,1012.31
2022-05-26 15:00:00,27.727777777777774,27.644444444444446,0.43,2.6243,313.0,9.982000000000001,0.0,1011.05
2022-05-26 16:00:00,27.666666666666668,27.58888888888889,0.43,8.500800000000002,339.0,9.982000000000001,0.0,1010.82
2022-05-26 17:00:00,26.733333333333334,26.849999999999998,0.44,8.3398,75.0,9.982000000000001,0.0,1010.3
2022-05-26 18:00:00,18.438888888888886,18.438888888888886,0.76,26.565,240.0,1.2236,0.0,1010.11
2022-05-26 19:00:00,17.705555555555556,17.705555555555556,0.8,13.041,109.0,9.982000000000001,0.0,1011.86
2022-05-26 20:00:00,18.01666666666667,18.01666666666667,0.83,3.059,126.0,9.982000000000001,0.0,1010.62
2022-05-26 21:00:00,17.89444444444444,17.89444444444444,0.83,13.781600000000001,282.0,10.255700000000001,0.0,1010.54
2022-05-26 22:00:00,17.82777777777778,17.82777777777778,0.83,10.577700000000002,251.0,16.1,0.0,1011.28
2022-05-26 23:00:00,17.950000000000003,17.950000000000003,0.87,2.1574000000000004,137.0,15.1823,0.0,1010.85
2022-05-27 00:00:00,17.16111111111111,17.16111111111111,0.9,2.737,113.0,16.1,0.0,1010.53
2022-05-27 01:00:00,17.155555555555555,17.155555555555555,0.93,10.851400000000002,221.0,16.1,0.0,1010.61
2022-05-27 02:00:00,17.700000000000003,17.700000000000003,0.88,6.5205,244.0,15.1823,0.0,1010.63
2022-05-27 03:00:00,17.03888888888889,17.03888888888889,0.9,6.295100000000001,252.0,16.1,0.0,1010.59
2022-05-27 04:00:00,16.57777777777778,16.57777777777778,0.9,3.22,210.0,15.826300000000002,0.0,1010.2
2022-05-27 05:00:00,16.43888888888889,16.43888888888889,0.91,10.4811,220.0,12.236,0.0,1010.49
2022-05-27 06:00:00,17.083333333333332,17.083333333333332,0.87,9.1287,266.0,9.982000000000001,0.0,1010.29
2022-05-27 07:00:00,17.572222222222223,17.572222222222223,0.79,0.6601,250.0,9.9015,0.0,1010.03
2022-05-27 08:00:00,17.922222222222224,17.922222222222224,0.89,6.488300000000001,149.0,9.982000000000001,0.0,1010.38
2022-05-27 09:00:00,19.97222222222222,19.97222222222222,0.78,10.6582,183.0,9.982000000000001,0.0,1010.77
2022-05-27 10:00:00,22.150000000000002,22.150000000000002,0.73,7.905100000000001,201.0,9.982000000000001,0.0,1010.88
2022-05-27 11:00:00,22.738888888888894,22.738888888888894,0.58,11.141200000000001,207.0,10.3523,0.0,1010.73
2022-05-27 12:00:00,23.883333333333333,23.883333333333333,0.58,11.0446,221.0,9.982000000000001,0.0,1010.2
2022-05-27 13:00:00,24.95,24.95,0.51,13.7977,199.0,9.982000000000001,0.0,1009.69
2022-05-27 14:00:00,24.97222222222222,24.97222222222222,0.5,15.423800000000002,228.0,10.3523,0.0,1008.89
2022-05-27 15:00:00,26.12777777777778,26.12777777777778,0.47,13.620600000000001,238.0,9.982000000000001,0.0,1008.29
2022-05-27 16:00:00,26.17777777777778,26.17777777777778,0.41,12.5419,230.0,9.982000000000001,0.0,1007.78
2022-05-27 17:00:00,25.11666666666666,25.11666666666666,0.44,13.5723,232.0,10.3523,0.0,1007.87
2022-05-27 18:00:00,23.805555555555554,23.805555555555554,0.5,10.9158,249.0,9.982000000000001,0.0,1007.15
2022-05-27 19:00:00,21.16111111111111,21.16111111111111,0.53,9.6922,248.0,9.982000000000001,0.0,1007.87
2022-05-27 20:00:00,20.177777777777774,20.177777777777774,0.6,9.338000000000001,230.0,10.3523,0.0,1007.98
2022-05-27 21:00:00,18.894444444444446,18.894444444444446,0.65,12.203800000000001,230.0,16.1,0.0,1007.99
2022-05-27 22:00:00,18.272222222222222,18.272222222222222,0.66,13.8621,230.0,16.1,0.0,1008.52
2022-05-27 23:00:00,17.950000000000003,17.950000000000003,0.68,13.5401,220.0,15.1823,0.0,1008.76
2022-05-28 00:00:00,18.266666666666666,18.266666666666666,0.65,14.1519,230.0,16.1,0.0,1008.81
2022-05-28 01:00:00,17.200000000000003,17.200000000000003,0.7,16.985500000000002,250.0,16.1,0.0,1008.99
2022-05-28 02:00:00,16.53333333333333,16.53333333333333,0.71,10.722600000000002,277.0,15.1823,0.0,1008.87
2022-05-28 03:00:00,14.86111111111111,14.86111111111111,0.75,6.0053,230.0,16.1,0.0,1008.7
2022-05-28 04:00:00,13.755555555555553,13.755555555555553,0.83,6.1824,151.0,16.1,0.0,1009.16
2022-05-28 05:00:00,12.572222222222223,12.572222222222223,0.86,5.9892,181.0,15.1823,0.0,1009.22
2022-05-28 06:00:00,13.805555555555555,13.805555555555555,0.83,7.792400000000001,162.0,16.1,0.0,1009.54
2022-05-28 07:00:00,14.88888888888889,14.88888888888889,0.83,10.7387,180.0,16.1,0.0,1009.93
2022-05-28 08:00:00,17.272222222222226,17.272222222222226,0.74,11.431000000000001,200.0,15.552600000000002,0.0,1009.95
2022-05-28 09:00:00,17.872222222222224,17.872222222222224,0.65,12.4131,239.0,16.1,0.0,1009.75
2022-05-28 10:00:00,20.04444444444444,20.04444444444444,0.53,11.398800000000001,210.0,9.982000000000001,0.0,1009.55
2022-05-28 11:00:00,21.11111111111111,21.11111111111111,0.55,10.6582,229.0,10.3523,0.0,1009.63
2022-05-28 12:00:00,22.266666666666666,22.266666666666666,0.49,20.3021,219.0,10.255700000000001,0.0,1009.35
2022-05-28 13:00:00,21.227777777777774,21.227777777777774,0.49,17.1626,210.0,9.982000000000001,0.0,1009.26
2022-05-28 14:00:00,22.75555555555555,22.75555555555555,0.47,15.375500000000002,222.0,10.3523,0.0,1009.11
2022-05-28 15:00:00,22.12222222222222,22.12222222222222,0.49,12.525800000000002,229.0,9.982000000000001,0.0,1008.65
2022-05-28 16:00:00,22.56666666666667,22.56666666666667,0.4,21.1876,231.0,9.982000000000001,0.0,1008.03
2022-05-28 17:00:00,22.538888888888884,22.538888888888884,0.42,18.160800000000002,224.0,10.3523,0.0,1008.44
2022-05-28 18:00:00,21.016666666666666,21.016666666666666,0.5,12.397,251.0,9.982000000000001,0.0,1007.96
2022-05-28 19:00:00,18.911111111111115,18.911111111111115,0.65,12.0911,289.0,10.255700000000001,0.0,1008.39
2022-05-28 20:00:00,17.522222222222222,17.522222222222222,0.7,7.438200000000001,263.0,10.577700000000002,0.0,1008.38
2022-05-28 21:00:00,16.16111111111111,16.16111111111111,0.77,7.969500000000001,240.0,16.1,0.0,1008.71
2022-05-28 22:00:00,14.472222222222221,14.472222222222221,0.83,3.3005,223.0,16.1,0.0,1009.6
2022-05-28 23:00:00,15.016666666666667,15.016666666666667,0.87,10.3523,252.0,15.1823,0.0,1009.88
2022-05-29 00:00:00,14.294444444444443,14.294444444444443,0.83,11.157300000000001,252.0,16.1,0.0,1010.21
2022-05-29 01:00:00,13.755555555555553,13.755555555555553,0.83,11.3344,252.0,16.1,0.0,1010.1
2022-05-29 02:00:00,12.866666666666665,12.866666666666665,0.87,10.432800000000002,279.0,15.1823,0.0,1009.8
2022-05-29 03:00:00,11.583333333333334,11.583333333333334,0.9,6.9391,281.0,16.1,0.0,1009.61
2022-05-29 04:00:00,11.538888888888891,11.538888888888891,0.89,2.9141000000000004,192.0,16.1,0.0,1009.52
2022-05-29 05:00:00,11.099999999999998,11.099999999999998,0.88,3.5581,266.0,15.729700000000001,0.0,1009.81
2022-05-29 06:00:00,12.605555555555554,12.605555555555554,0.89,0.5152,240.0,16.1,0.0,1010.28
2022-05-29 07:00:00,14.822222222222223,14.822222222222223,0.78,3.5259,238.0,16.1,0.0,1010.19
2022-05-29 08:00:00,17.116666666666667,17.116666666666667,0.68,10.2235,294.0,15.3111,0.0,1010.52
2022-05-29 09:00:00,17.755555555555556,17.755555555555556,0.61,9.563400000000001,287.0,9.982000000000001,0.0,1010.38
2022-05-29 10:00:00,18.83888888888889,18.83888888888889,0.57,11.0768,279.0,9.982000000000001,0.0,1010.0
2022-05-29 11:00:00,19.93333333333333,19.93333333333333,0.51,14.2002,277.0,10.3523,0.0,1010.06
2022-05-29 12:00:00,20.900000000000002,20.900000000000002,0.44,11.2217,272.0,9.982000000000001,0.0,1010.0
2022-05-29 13:00:00,21.03888888888889,21.03888888888889,0.47,5.313,299.0,9.982000000000001,0.0,1009.53
2022-05-29 14:00:00,21.0,21.0,0.5,14.828100000000003,309.0,10.3523,0.0,1009.43
2022-05-29 15:00:00,22.016666666666666,22.016666666666666,0.47,9.9015,275.0,9.982000000000001,0.0,1008.93
2022-05-29 16:00:00,19.977777777777774,19.977777777777774,0.57,14.329,310.0,9.982000000000001,0.0,1008.54
2022-05-29 17:00:00,21.06666666666667,21.06666666666667,0.53,13.0249,310.0,9.982000000000001,0.0,1008.43
2022-05-29 18:00:00,21.03888888888889,21.03888888888889,0.53,16.0034,310.0,9.982000000000001,0.0,1008.22
2022-05-29 19:00:00,20.949999999999996,20.949999999999996,0.54,13.9587,329.0,15.826300000000002,0.0,1008.43
2022-05-29 20:00:00,17.927777777777774,17.927777777777774,0.64,11.9784,303.0,15.552600000000002,0.0,1008.92
2022-05-29 21:00:00,16.20555555555556,16.20555555555556,0.77,9.8854,290.0,16.1,0.0,1009.52
2022-05-29 22:00:00,15.116666666666667,15.116666666666667,0.79,11.2217,290.0,16.1,0.0,1009.85
2022-05-29 23:00:00,15.461111111111109,15.461111111111109,0.76,15.423800000000002,309.0,15.552600000000002,0.0,1009.92
2022-05-30 00:00:00,14.349999999999998,14.349999999999998,0.77,11.0929,310.0,16.1,0.0,1010.15
2022-05-30 01:00:00,13.261111111111111,13.261111111111111,0.83,10.9319,309.0,16.1,0.0,1010.15
2022-05-30 02:00:00,12.761111111111111,12.761111111111111,0.87,13.6045,319.0,14.9569,0.0,1010.09
2022-05-30 03:00:00,12.149999999999999,12.149999999999999,0.86,11.0929,300.0,15.826300000000002,0.0,1010.15
2022-05-30 04:00:00,11.666666666666666,11.666666666666666,0.86,14.329,310.0,15.826300000000002,0.0,1010.06
2022-05-30 05:00:00,11.199999999999998,11.199999999999998,0.89,16.3576,311.0,14.9569,0.0,1009.84
2022-05-30 06:00:00,12.133333333333335,12.133333333333335,0.81,17.0982,319.0,15.826300000000002,0.0,1010.36
2022-05-30 07:00:00,12.68888888888889,12.68888888888889,0.77,15.826300000000002,320.0,9.982000000000001,0.0,1010.87
2022-05-30 08:00:00,12.755555555555556,12.755555555555556,0.78,19.2395,304.0,10.3523,0.0,1011.2
2022-05-30 09:00:00,13.77222222222222,13.77222222222222,0.72,20.3504,319.0,9.982000000000001,0.0,1011.29
2022-05-30 10:00:00,13.933333333333332,13.933333333333332,0.71,20.4148,300.0,9.982000000000001,0.0,1011.38
2022-05-30 11:00:00,14.005555555555556,14.005555555555556,0.72,21.300300000000004,303.0,10.3523,0.0,1011.8
2022-05-30 12:00:00,13.955555555555556,13.955555555555556,0.71,21.879900000000003,300.0,9.982000000000001,0.0,1012.15
2022-05-30 13:00:00,13.955555555555556,13.955555555555556,0.71,22.0087,310.0,9.982000000000001,0.0,1012.16
2022-05-30 14:00:00,14.200000000000001,14.200000000000001,0.71,22.5561,320.0,10.3523,0.0,1012.37
2022-05-30 15:00:00,13.955555555555556,13.955555555555556,0.72,23.4738,301.0,9.982000000000001,0.0,1012.65
2022-05-30 16:00:00,13.955555555555556,13.955555555555556,0.76,20.5436,310.0,9.982000000000001,0.0,1012.76
2022-05-30 17:00:00,13.961111111111112,13.961111111111112,0.72,17.3558,312.0,10.3523,0.0,1012.76
2022-05-30 18:00:00,13.955555555555556,13.955555555555556,0.72,16.2288,321.0,9.982000000000001,0.0,1012.75
2022-05-30 19:00:00,12.916666666666666,12.916666666666666,0.76,15.906800000000002,311.0,9.982000000000001,0.0,1013.34
2022-05-30 20:00:00,12.844444444444443,12.844444444444443,0.78,18.7082,321.0,9.982000000000001,0.0,1013.29
2022-05-30 21:00:00,12.799999999999999,12.799999999999999,0.77,15.504300000000002,310.0,9.982000000000001,0.0,1013.75
2022-05-30 22:00:00,12.799999999999999,12.799999999999999,0.8,16.7762,310.0,14.812,0.0,1014.08
2022-05-30 23:00:00,12.744444444444444,12.744444444444444,0.81,13.5401,318.0,14.9569,0.0,1014.07
2022-05-31 00:00:00,12.777777777777779,12.777777777777779,0.79,16.599100000000004,321.0,15.826300000000002,0.0,1014.26
2022-05-31 01:00:00,12.244444444444444,12.244444444444444,0.82,13.6689,330.0,15.826300000000002,0.0,1014.16
2022-05-31 02:00:00,12.194444444444446,12.194444444444446,0.71,12.6868,4.0,14.9569,0.0,1014.18
2022-05-31 03:00:00,12.200000000000001,12.200000000000001,0.65,16.7279,8.0,16.1,0.0,1014.17
2022-05-31 04:00:00,11.600000000000001,11.600000000000001,0.73,10.6904,329.0,15.826300000000002,0.0,1014.15
2022-05-31 05:00:00,11.072222222222223,11.072222222222223,0.84,6.7781,312.0,14.9569,0.0,1014.0
2022-05-31 06:00:00,11.044444444444444,11.044444444444444,0.86,12.4292,310.0,15.826300000000002,0.0,1013.97
2022-05-31 07:00:00,12.111111111111109,12.111111111111109,0.81,15.488199999999999,310.0,9.982000000000001,0.0,1014.06
2022-05-31 08:00:00,12.555555555555555,12.555555555555555,0.74,13.4435,313.0,10.2235,0.0,1014.27
2022-05-31 09:00:00,12.68888888888889,12.68888888888889,0.73,14.0875,302.0,9.982000000000001,0.0,1014.28
2022-05-31 10:00:00,13.800000000000002,13.800000000000002,0.72,15.439900000000002,301.0,9.982000000000001,0.0,1014.29
2022-05-31 11:00:00,14.655555555555557,14.655555555555557,0.63,13.3469,336.0,10.3523,0.0,1014.48
2022-05-31 12:00:00,14.927777777777777,14.927777777777777,0.61,14.007,348.0,9.982000000000001,0.0,1014.67
2022-05-31 13:00:00,13.933333333333332,13.933333333333332,0.64,17.0499,348.0,10.255700000000001,0.0,1014.76
2022-05-31 14:00:00,14.133333333333333,14.133333333333333,0.66,13.636700000000001,314.0,10.3523,0.0,1014.97
2022-05-31 15:00:00,14.027777777777779,14.027777777777779,0.66,15.568700000000002,301.0,10.255700000000001,0.0,1014.93
2022-05-31 16:00:00,15.116666666666667,15.116666666666667,0.66,17.0982,302.0,10.255700000000001,0.0,1014.74
2022-05-31 17:00:00,14.066666666666666,14.066666666666666,0.72,12.203800000000001,302.0,10.577700000000002,0.0,1014.67
2022-05-31 18:00:00,15.094444444444447,15.094444444444447,0.71,10.8836,283.0,16.1,0.0,1014.23
2022-05-31 19:00:00,15.044444444444443,15.044444444444443,0.62,11.0607,310.0,16.1,0.0,1014.23
2022-05-31 20:00:00,13.877777777777775,13.877777777777775,0.73,9.032100000000002,290.0,15.552600000000002,0.0,1014.5
2022-05-31 21:00:00,12.33888888888889,12.33888888888889,0.79,9.5151,290.0,16.1,0.0,1014.73
2022-05-31 22:00:00,12.316666666666668,12.316666666666668,0.79,6.6493,299.0,16.1,0.0,1015.31
2022-05-31 23:00:00,11.905555555555557,11.905555555555557,0.83,6.0375000000000005,306.0,15.1823,0.0,1015.4
2022-06-01 00:00:00,11.694444444444443,11.694444444444443,0.83,6.0053,322.0,16.1,0.0,1015.51
2022-06-01 01:00:00,12.68888888888889,12.68888888888889,0.75,6.44,50.0,16.1,0.0,1015.13
2022-06-01 02:00:00,11.783333333333335,11.783333333333335,0.84,2.2379,304.0,15.1823,0.0,1014.44
2022-06-01 03:00:00,11.67222222222222,11.67222222222222,0.83,6.1502,280.0,16.1,0.0,1014.41
2022-06-01 04:00:00,11.094444444444443,11.094444444444443,0.86,6.3756,278.0,16.1,0.0,1014.1
2022-06-01 05:00:00,11.588888888888889,11.588888888888889,0.82,5.8121,260.0,15.552600000000002,0.0,1013.87
2022-06-01 06:00:00,12.094444444444447,12.094444444444447,0.81,0.1449,30.0,10.255700000000001,0.0,1013.83
2022-06-01 07:00:00,12.666666666666664,12.666666666666664,0.78,1.6905000000000001,310.0,10.255700000000001,0.0,1013.54
2022-06-01 08:00:00,13.81111111111111,13.81111111111111,0.74,3.3327,325.0,10.577700000000002,0.0,1013.76
2022-06-01 09:00:00,14.905555555555553,14.905555555555553,0.68,5.1037,354.0,10.255700000000001,0.0,1013.82
2022-06-01 10:00:00,16.116666666666664,16.116666666666664,0.67,7.953400000000001,355.0,10.255700000000001,0.0,1013.62
2022-06-01 11:00:00,16.883333333333333,16.883333333333333,0.6,8.017800000000001,341.0,10.2235,0.0,1013.84
2022-06-01 12:00:00,17.783333333333335,17.783333333333335,0.53,12.799500000000002,291.0,9.982000000000001,0.0,1013.62
2022-06-01 13:00:00,17.922222222222224,17.922222222222224,0.56,14.1358,319.0,10.255700000000001,0.0,1013.61
2022-06-01 14:00:00,18.738888888888894,18.738888888888894,0.56,12.992700000000001,302.0,10.3523,0.0,1013.57
2022-06-01 15:00:00,17.37777777777778,17.37777777777778,0.66,18.6599,298.0,9.982000000000001,0.0,1013.11
2022-06-01 16:00:00,17.883333333333333,17.883333333333333,0.64,10.851400000000002,300.0,9.982000000000001,0.0,1012.96
2022-06-01 17:00:00,17.09444444444445,17.09444444444445,0.68,9.2897,309.0,9.982000000000001,0.0,1013.2
2022-06-01 18:00:00,16.13888888888889,16.13888888888889,0.67,15.439900000000002,311.0,10.255700000000001,0.0,1013.25
2022-06-01 19:00:00,14.933333333333334,14.933333333333334,0.78,12.9444,291.0,10.255700000000001,0.0,1013.54
2022-06-01 20:00:00,14.105555555555556,14.105555555555556,0.83,7.905100000000001,281.0,10.577700000000002,0.0,1013.4
2022-06-01 21:00:00,12.82777777777778,12.82777777777778,0.9,4.83,299.0,16.1,0.0,1013.75
2022-06-01 22:00:00,12.33888888888889,12.33888888888889,0.86,6.3112,300.0,16.1,0.0,1014.13
2022-06-01 23:00:00,13.383333333333335,13.383333333333335,0.85,9.9337,310.0,15.1823,0.0,1014.11
2022-06-02 00:00:00,12.755555555555556,12.755555555555556,0.86,6.4078,281.0,16.1,0.0,1014.24
2022-06-02 01:00:00,12.733333333333334,12.733333333333334,0.86,10.9158,341.0,16.1,0.0,1014.55
2022-06-02 02:00:00,11.883333333333333,11.883333333333333,0.91,6.0858,322.0,15.1823,0.0,1014.7
2022-06-02 03:00:00,11.688888888888888,11.688888888888888,0.9,6.1502,350.0,16.1,0.0,1014.81
2022-06-02 04:00:00,11.644444444444446,11.644444444444446,0.9,6.262900000000001,319.0,16.1,0.0,1014.81
2022-06-02 05:00:00,12.133333333333335,12.133333333333335,0.91,3.1878,243.0,11.914000000000001,0.0,1014.77
2022-06-02 06:00:00,12.111111111111109,12.111111111111109,0.93,4.8461,262.0,9.982000000000001,0.0,1014.93
2022-06-02 07:00:00,13.827777777777778,13.827777777777778,0.83,1.8515,244.0,10.2074,0.0,1015.12
2022-06-02 08:00:00,14.961111111111112,14.961111111111112,0.8,7.7440999999999995,244.0,15.1823,0.0,1014.99
2022-06-02 09:00:00,16.116666666666664,16.116666666666664,0.72,11.141200000000001,298.0,10.255700000000001,0.0,1015.22
2022-06-02 10:00:00,17.31666666666667,17.31666666666667,0.66,14.0875,289.0,9.982000000000001,0.0,1015.49
2022-06-02 11:00:00,17.861111111111114,17.861111111111114,0.61,14.2646,280.0,10.3523,0.0,1015.39
2022-06-02 12:00:00,19.95,19.95,0.45,9.579500000000001,261.0,9.982000000000001,0.0,1015.1
2022-06-02 13:00:00,17.766666666666666,17.766666666666666,0.57,9.3541,214.0,9.982000000000001,0.0,1014.59
2022-06-02 14:00:00,16.65555555555555,16.65555555555555,0.74,5.570600000000001,188.0,9.982000000000001,0.0,1014.94
2022-06-02 15:00:00,19.97222222222222,19.97222222222222,0.57,8.291500000000001,192.0,9.982000000000001,0.0,1014.23
2022-06-02 16:00:00,15.38888888888889,15.38888888888889,0.8,16.5025,20.0,5.216400000000001,0.0,1014.1
2022-06-02 17:00:00,15.75,15.75,0.79,1.3202,162.0,10.3523,0.0,1014.79
2022-06-02 18:00:00,16.405555555555555,16.405555555555555,0.78,2.8014,164.0,9.982000000000001,0.0,1014.68
2022-06-02 19:00:00,16.288888888888888,16.288888888888888,0.84,4.6207,51.0,9.982000000000001,0.0,1014.68
2022-06-02 20:00:00,15.077777777777776,15.077777777777776,0.9,3.1073,151.0,8.0017,0.0,1015.07
2022-06-02 21:00:00,14.883333333333333,14.883333333333333,0.86,0.2898,70.0,6.5688,0.0,1015.22
2022-06-02 22:00:00,13.77222222222222,13.77222222222222,0.9,2.9463000000000004,301.0,7.486500000000001,0.0,1015.52
2022-06-02 23:00:00,12.627777777777775,12.627777777777775,0.92,9.9176,359.0,9.016,0.0,1015.6
2022-06-03 00:00:00,12.105555555555554,12.105555555555554,0.93,3.0107000000000004,38.0,8.420300000000001,0.0,1015.82
2022-06-03 01:00:00,11.066666666666668,11.066666666666668,0.93,3.0751,280.0,7.4543,0.0,1015.92
2022-06-03 02:00:00,10.955555555555556,10.955555555555556,0.93,3.3005,291.0,6.8425,0.0,1015.83
2022-06-03 03:00:00,10.955555555555556,10.955555555555556,0.93,6.44,300.0,8.1305,0.0,1015.63
2022-06-03 04:00:00,10.450000000000001,10.450000000000001,0.93,6.1502,340.0,8.1305,0.0,1015.51
2022-06-03 05:00:00,9.83888888888889,9.83888888888889,0.94,3.1717,358.0,6.3112,0.0,1015.51
2022-06-03 06:00:00,10.983333333333336,10.983333333333336,0.93,4.6046000000000005,20.0,5.216400000000001,0.0,1015.71
2022-06-03 07:00:00,12.7,12.7,0.89,3.22,70.0,7.486500000000001,0.0,1015.8
2022-06-03 08:00:00,14.983333333333333,14.983333333333333,0.8,1.932,101.0,9.982000000000001,0.0,1015.91
2022-06-03 09:00:00,17.22222222222222,17.22222222222222,0.71,7.953400000000001,79.0,9.982000000000001,0.0,1016.0
2022-06-03 10:00:00,17.84444444444445,17.84444444444445,0.64,4.7656,130.0,9.982000000000001,0.0,1016.0
2022-06-03 11:00:00,19.12777777777778,19.12777777777778,0.62,3.5742000000000007,96.0,10.3523,0.0,1015.97
2022-06-03 12:00:00,20.99444444444445,20.99444444444445,0.53,3.22,330.0,9.982000000000001,0.0,1015.7
2022-06-03 13:00:00,21.105555555555554,21.105555555555554,0.42,4.524100000000001,269.0,9.982000000000001,0.0,1015.29
2022-06-03 14:00:00,21.999999999999996,21.999999999999996,0.43,1.5295,301.0,10.577700000000002,0.0,1014.88
2022-06-03 15:00:00,21.06666666666667,21.06666666666667,0.42,7.0518,67.0,10.255700000000001,0.0,1014.32
2022-06-03 16:00:00,21.072222222222226,21.072222222222226,0.41,3.4615,350.0,10.255700000000001,0.0,1014.11
2022-06-03 17:00:00,20.32222222222222,20.32222222222222,0.53,7.1162,278.0,10.577700000000002,0.0,1014.03
2022-06-03 18:00:00,21.11111111111111,21.11111111111111,0.46,3.1234,334.0,10.255700000000001,0.0,1013.89
2022-06-03 19:00:00,20.022222222222226,20.022222222222226,0.56,3.2683,354.0,10.255700000000001,0.0,1013.61
2022-06-03 20:00:00,17.6,17.6,0.67,7.3094,358.0,10.577700000000002,0.0,1013.81
2022-06-03 21:00:00,15.994444444444444,15.994444444444444,0.67,7.905100000000001,351.0,10.255700000000001,0.0,1013.93
2022-06-03 22:00:00,14.772222222222224,14.772222222222224,0.75,6.2468,341.0,16.1,0.0,1014.05
2022-06-03 23:00:00,13.783333333333335,13.783333333333335,0.8,5.618900000000001,46.0,15.1823,0.0,1014.31
2022-06-04 00:00:00,12.083333333333334,12.083333333333334,0.86,6.295100000000001,330.0,16.1,0.0,1014.23
2022-06-04 01:00:00,11.483333333333334,11.483333333333334,0.86,3.22,350.0,16.1,0.0,1014.13
2022-06-04 02:00:00,11.08888888888889,11.08888888888889,0.89,5.828200000000001,9.0,14.3934,0.0,1013.85
2022-06-04 03:00:00,10.372222222222224,10.372222222222224,0.89,3.1717,8.0,15.1823,0.0,1013.44
2022-06-04 04:00:00,9.816666666666668,9.816666666666668,0.9,3.0268,37.0,15.134000000000002,0.0,1013.23
2022-06-04 05:00:00,9.53888888888889,9.016666666666664,0.93,5.7799000000000005,46.0,14.168000000000003,0.0,1013.24
2022-06-04 06:00:00,12.088888888888887,12.088888888888887,0.86,4.8783,41.0,15.134000000000002,0.0,1013.32
2022-06-04 07:00:00,13.805555555555555,13.805555555555555,0.76,6.6332,42.0,16.1,0.0,1012.93
2022-06-04 08:00:00,17.62222222222222,17.62222222222222,0.59,7.550900000000001,75.0,15.1823,0.0,1012.94
2022-06-04 09:00:00,19.90555555555555,19.90555555555555,0.5,7.5348,31.0,16.1,0.0,1012.82
2022-06-04 10:00:00,21.06111111111111,21.06111111111111,0.46,7.486500000000001,22.0,15.826300000000002,0.0,1012.91
2022-06-04 11:00:00,22.1,22.1,0.36,4.9427,68.0,15.552600000000002,0.0,1012.74
2022-06-04 12:00:00,22.727777777777774,22.727777777777774,0.33,7.406,340.0,16.1,0.0,1012.41
2022-06-04 13:00:00,22.82222222222222,22.82222222222222,0.34,7.1806,339.0,16.1,0.0,1012.2
2022-06-04 14:00:00,23.744444444444444,23.744444444444444,0.32,6.5688,56.0,15.552600000000002,0.0,1011.79
2022-06-04 15:00:00,23.86666666666666,23.86666666666666,0.32,4.717300000000001,85.0,16.1,0.0,1011.21
2022-06-04 16:00:00,24.81666666666667,24.81666666666667,0.32,4.5563,44.0,16.1,0.0,1010.91
2022-06-04 17:00:00,23.96111111111111,23.96111111111111,0.33,2.5277000000000003,45.0,15.552600000000002,0.0,1010.83
2022-06-04 18:00:00,23.86111111111111,23.86111111111111,0.34,7.6796999999999995,356.0,10.255700000000001,0.0,1010.58
2022-06-04 19:00:00,22.194444444444443,22.194444444444443,0.46,3.6386,338.0,16.1,0.0,1010.69
2022-06-04 20:00:00,20.172222222222224,20.172222222222224,0.57,3.1556,2.0,15.552600000000002,0.0,1010.93
2022-06-04 21:00:00,17.15,17.15,0.74,1.5295,310.0,16.1,0.0,1011.02
2022-06-04 22:00:00,15.972222222222221,15.972222222222221,0.75,3.22,320.0,16.1,0.0,1011.71
2022-06-04 23:00:00,14.43888888888889,14.43888888888889,0.82,1.7227000000000001,11.0,15.1823,0.0,1012.04
2022-06-05 00:00:00,13.72777777777778,13.72777777777778,0.83,3.22,30.0,16.1,0.0,1012.21
2022-06-05 01:00:00,12.68888888888889,12.68888888888889,0.86,3.22,310.0,16.1,0.0,1012.4
2022-06-05 02:00:00,12.205555555555556,12.205555555555556,0.87,3.22,90.0,14.9569,0.0,1012.53
2022-06-05 03:00:00,11.505555555555556,11.505555555555556,0.9,0.0,0.0,15.826300000000002,0.0,1012.51
2022-06-05 04:00:00,10.488888888888889,10.488888888888889,0.93,0.0,0.0,15.826300000000002,0.0,1012.6
2022-06-05 05:00:00,10.56111111111111,10.56111111111111,0.9,3.22,140.0,14.9569,0.0,1012.63
2022-06-05 06:00:00,12.577777777777778,12.577777777777778,0.96,0.1449,320.0,15.826300000000002,0.0,1012.92
2022-06-05 07:00:00,17.0,17.0,0.75,3.22,80.0,15.826300000000002,0.0,1013.11
2022-06-05 08:00:00,19.844444444444445,19.844444444444445,0.62,1.7066000000000001,112.0,15.1823,0.0,1013.53
2022-06-05 09:00:00,22.733333333333334,22.733333333333334,0.48,0.2576,170.0,16.1,0.0,1013.61
2022-06-05 10:00:00,23.88888888888889,23.88888888888889,0.33,3.1234,196.0,16.1,0.0,1013.71
2022-06-05 11:00:00,24.88888888888889,24.88888888888889,0.32,3.7835000000000005,166.0,15.552600000000002,0.0,1014.0
2022-06-05 12:00:00,26.06111111111111,26.06111111111111,0.3,2.9302,256.0,16.1,0.0,1014.19
2022-06-05 13:00:00,26.03888888888889,26.03888888888889,0.28,1.2880000000000003,59.0,16.1,0.0,1014.0
2022-06-05 14:00:00,26.961111111111112,26.327777777777776,0.28,3.3005,255.0,15.552600000000002,0.0,1013.85
2022-06-05 15:00:00,27.016666666666666,26.416666666666668,0.3,4.524100000000001,173.0,15.826300000000002,0.0,1013.73
2022-06-05 16:00:00,27.150000000000002,26.444444444444443,0.28,7.3899,299.0,15.826300000000002,0.0,1013.62
2022-06-05 17:00:00,26.25,26.25,0.29,0.7889,58.0,15.552600000000002,0.0,1013.65
2022-06-05 18:00:00,27.24444444444445,26.533333333333335,0.29,2.9141000000000004,172.0,16.1,0.0,1013.71
2022-06-05 19:00:00,25.022222222222226,25.022222222222226,0.36,7.3899,27.0,16.1,0.0,1013.71
2022-06-05 20:00:00,22.5,22.5,0.46,7.3255,341.0,15.552600000000002,0.0,1014.03
2022-06-05 21:00:00,18.883333333333333,18.883333333333333,0.65,1.6261,274.0,16.1,0.0,1014.72
2022-06-05 22:00:00,17.733333333333334,17.733333333333334,0.67,11.270000000000001,300.0,16.1,0.0,1015.24
2022-06-05 23:00:00,16.894444444444442,16.894444444444442,0.73,2.6726,297.0,15.1823,0.0,1015.67
2022-06-06 00:00:00,16.594444444444445,16.594444444444445,0.71,3.3166,347.0,16.1,0.0,1016.03
2022-06-06 01:00:00,14.883333333333333,14.883333333333333,0.79,8.1949,330.0,15.134000000000002,0.0,1016.5
2022-06-06 02:00:00,14.17777777777778,14.17777777777778,0.86,9.450700000000001,294.0,14.9569,0.0,1016.25
2022-06-06 03:00:00,13.377777777777776,13.377777777777776,0.86,6.6654,310.0,15.826300000000002,0.0,1016.53
2022-06-06 04:00:00,12.777777777777779,12.777777777777779,0.9,6.44,320.0,16.0195,0.0,1016.55
2022-06-06 05:00:00,12.988888888888889,12.988888888888889,0.91,5.8604,334.0,14.9569,0.0,1016.86
2022-06-06 06:00:00,14.955555555555557,14.955555555555557,0.87,4.83,319.0,15.826300000000002,0.0,1017.24
2022-06-06 07:00:00,17.133333333333336,17.133333333333336,0.76,9.708300000000001,309.0,16.1,0.0,1017.44
2022-06-06 08:00:00,19.944444444444446,19.944444444444446,0.65,10.239600000000001,330.0,15.1823,0.0,1017.74
2022-06-06 09:00:00,22.71111111111111,22.71111111111111,0.53,7.6796999999999995,358.0,16.1,0.0,1017.64
2022-06-06 10:00:00,23.86666666666666,23.86666666666666,0.5,11.012400000000001,299.0,16.1,0.0,1017.55
2022-06-06 11:00:00,24.966666666666665,24.966666666666665,0.45,12.236,297.0,10.577700000000002,0.0,1017.56
2022-06-06 12:00:00,26.088888888888885,26.088888888888885,0.39,10.867500000000001,310.0,16.1,0.0,1017.54
2022-06-06 13:00:00,27.127777777777776,26.683333333333334,0.34,12.1072,289.0,16.1,0.0,1017.33
2022-06-06 14:00:00,26.738888888888887,26.58333333333333,0.38,13.1376,283.0,15.552600000000002,0.0,1016.95
2022-06-06 15:00:00,27.15555555555555,26.611111111111114,0.32,10.9641,328.0,16.1,0.0,1016.54
2022-06-06 16:00:00,27.71111111111111,26.944444444444443,0.31,12.525800000000002,282.0,16.1,0.0,1016.23
2022-06-06 17:00:00,27.738888888888894,27.127777777777776,0.34,12.1233,308.0,15.552600000000002,0.0,1015.98
2022-06-06 18:00:00,27.22222222222222,26.872222222222224,0.37,12.348700000000001,338.0,16.1,0.0,1015.85
2022-06-06 19:00:00,26.11111111111111,26.11111111111111,0.42,12.477500000000001,328.0,16.1,0.0,1015.93
2022-06-06 20:00:00,23.122222222222224,23.122222222222224,0.51,10.255700000000001,300.0,15.552600000000002,0.0,1016.34
2022-06-06 21:00:00,20.11666666666666,20.11666666666666,0.62,7.969500000000001,310.0,16.1,0.0,1016.73
2022-06-06 22:00:00,19.261111111111113,19.261111111111113,0.68,6.6654,300.0,16.1,0.0,1017.24
2022-06-06 23:00:00,18.383333333333336,18.383333333333336,0.69,6.4561,302.0,15.552600000000002,0.0,1017.45
2022-06-07 00:00:00,17.577777777777776,17.577777777777776,0.71,6.44,310.0,16.1,0.0,1017.45
2022-06-07 01:00:00,16.977777777777778,16.977777777777778,0.71,3.5903,330.0,16.1,0.0,1017.37
2022-06-07 02:00:00,16.61111111111111,16.61111111111111,0.73,3.6386,313.0,15.1823,0.0,1017.46
2022-06-07 03:00:00,15.333333333333334,15.333333333333334,0.76,6.295100000000001,320.0,16.1,0.0,1017.28
2022-06-07 04:00:00,14.244444444444444,14.244444444444444,0.81,11.0285,341.0,16.0517,0.0,1017.38
2022-06-07 05:00:00,13.505555555555556,13.505555555555556,0.89,10.126900000000001,340.0,14.9569,0.0,1017.48
2022-06-07 06:00:00,15.938888888888888,15.938888888888888,0.81,9.4024,333.0,15.826300000000002,0.0,1017.76
2022-06-07 07:00:00,18.761111111111106,18.761111111111106,0.73,11.270000000000001,2.0,15.826300000000002,0.0,1017.76
2022-06-07 08:00:00,20.99444444444445,20.99444444444445,0.65,10.6582,26.0,15.1823,0.0,1018.1
2022-06-07 09:00:00,22.800000000000004,22.800000000000004,0.65,9.2253,354.0,16.1,0.0,1018.13
2022-06-07 10:00:00,25.0,25.0,0.54,9.160900000000002,352.0,16.1,0.0,1018.03
2022-06-07 11:00:00,27.066666666666666,27.17222222222222,0.45,11.8979,358.0,15.552600000000002,0.0,1017.82
2022-06-07 12:00:00,27.71111111111111,27.31666666666667,0.38,13.9909,351.0,16.1,0.0,1017.64
2022-06-07 13:00:00,28.75,27.883333333333333,0.34,9.080400000000001,2.0,16.1,0.0,1017.55
2022-06-07 14:00:00,28.833333333333332,27.855555555555554,0.32,12.960500000000001,343.0,15.552600000000002,0.0,1017.44
2022-06-07 15:00:00,29.949999999999996,29.02777777777778,0.34,12.397,358.0,16.1,0.0,1017.04
2022-06-07 16:00:00,29.92777777777778,29.0,0.34,10.4972,351.0,16.1,0.0,1016.75
2022-06-07 17:00:00,28.950000000000003,28.177777777777777,0.35,8.6135,327.0,15.552600000000002,0.0,1016.45
2022-06-07 18:00:00,28.838888888888885,27.91111111111111,0.33,12.203800000000001,10.0,16.1,0.0,1016.44
2022-06-07 19:00:00,27.266666666666666,27.23888888888889,0.43,9.1126,351.0,16.1,0.0,1016.63
2022-06-07 20:00:00,24.394444444444442,24.394444444444442,0.51,10.1752,340.0,15.552600000000002,0.0,1016.82
2022-06-07 21:00:00,22.16111111111111,22.16111111111111,0.59,4.7495,330.0,16.1,0.0,1017.24
2022-06-07 22:00:00,20.32777777777778,20.32777777777778,0.69,3.22,330.0,16.1,0.0,1017.86
2022-06-07 23:00:00,19.41111111111111,19.41111111111111,0.68,6.021400000000001,330.0,15.1823,0.0,1018.41
2022-06-08 00:00:00,17.62222222222222,17.62222222222222,0.75,6.1502,330.0,16.1,0.0,1018.65
2022-06-08 01:00:00,17.52777777777778,17.52777777777778,0.76,6.4078,349.0,16.1,0.0,1018.65
2022-06-08 02:00:00,16.927777777777777,16.927777777777777,0.76,6.0858,342.0,15.1823,0.0,1018.74
2022-06-08 03:00:00,16.005555555555556,16.005555555555556,0.78,6.1985,331.0,16.1,0.0,1018.85
2022-06-08 04:00:00,14.966666666666665,14.966666666666665,0.83,7.776300000000001,321.0,16.1,0.0,1018.93
2022-06-08 05:00:00,14.41111111111111,14.41111111111111,0.84,10.7387,332.0,15.1823,0.0,1019.08
2022-06-08 06:00:00,15.011111111111113,15.011111111111113,0.83,11.270000000000001,330.0,16.1,0.0,1019.17
2022-06-08 07:00:00,20.933333333333337,20.933333333333337,0.69,9.209200000000001,10.0,16.1,0.0,1019.45
2022-06-08 08:00:00,22.805555555555557,22.805555555555557,0.65,8.9838,1.0,15.552600000000002,0.0,1019.51
2022-06-08 09:00:00,25.97222222222222,25.97222222222222,0.54,4.83,0.0,16.1,0.0,1019.83
2022-06-08 10:00:00,27.71111111111111,28.061111111111114,0.49,10.706500000000002,351.0,16.1,0.0,1019.83
2022-06-08 11:00:00,28.86111111111111,28.244444444444447,0.37,12.4936,350.0,15.552600000000002,0.0,1019.83
2022-06-08 12:00:00,29.949999999999996,29.02777777777778,0.34,11.9623,351.0,16.1,0.0,1019.83
2022-06-08 13:00:00,31.016666666666666,29.93333333333333,0.32,9.2897,341.0,16.1,0.0,1019.64
2022-06-08 14:00:00,31.022222222222226,29.899999999999995,0.32,11.012400000000001,336.0,15.552600000000002,0.0,1019.42
2022-06-08 15:00:00,31.13333333333334,29.755555555555556,0.29,10.722600000000002,350.0,16.1,0.0,1019.04
2022-06-08 16:00:00,31.11111111111111,29.59444444444444,0.27,10.996300000000002,20.0,16.1,0.0,1018.64
2022-06-08 17:00:00,31.116666666666667,29.961111111111116,0.31,9.7566,22.0,15.552600000000002,0.0,1018.46
2022-06-08 18:00:00,31.061111111111106,29.544444444444448,0.27,10.5294,28.0,10.255700000000001,0.0,1018.44
2022-06-08 19:00:00,28.88888888888889,27.955555555555552,0.33,7.728,9.0,10.255700000000001,0.0,1018.54
2022-06-08 20:00:00,26.43888888888889,26.43888888888889,0.42,9.724400000000001,7.0,10.577700000000002,0.0,1018.67
2022-06-08 21:00:00,22.733333333333334,22.733333333333334,0.53,4.83,30.0,16.1,0.0,1019.51
2022-06-08 22:00:00,22.600000000000005,22.600000000000005,0.56,6.44,50.0,16.1,0.0,1020.03
2022-06-08 23:00:00,19.60555555555556,19.60555555555556,0.69,3.22,5.0,15.1823,0.0,1019.94
2022-06-09 00:00:00,18.200000000000003,18.200000000000003,0.76,6.279,339.0,16.1,0.0,1019.85
2022-06-09 01:00:00,17.11111111111111,17.11111111111111,0.78,3.0751,350.0,16.1,0.0,1020.04
2022-06-09 02:00:00,17.461111111111112,17.461111111111112,0.74,6.1019000000000005,359.0,15.1823,0.0,1020.02
2022-06-09 03:00:00,16.072222222222223,16.072222222222223,0.81,6.4078,359.0,16.1,0.0,1019.95
2022-06-09 04:00:00,15.472222222222221,15.472222222222221,0.84,3.2039,359.0,16.1,0.0,1019.85
2022-06-09 05:00:00,15.344444444444443,15.344444444444443,0.82,3.1556,353.0,15.1823,0.0,1019.97
2022-06-09 06:00:00,17.627777777777776,17.627777777777776,0.79,9.2253,340.0,16.1,0.0,1020.04
2022-06-09 07:00:00,21.977777777777778,21.977777777777778,0.6,9.4829,11.0,16.1,0.0,1020.04
2022-06-09 08:00:00,23.82222222222222,23.82222222222222,0.58,9.1448,13.0,15.552600000000002,0.0,1020.1
2022-06-09 09:00:00,27.150000000000002,27.61111111111111,0.51,7.6636,354.0,16.1,0.0,1020.03
2022-06-09 10:00:00,27.82222222222222,27.90555555555556,0.46,9.724400000000001,31.0,16.1,0.0,1019.94
2022-06-09 11:00:00,29.88333333333334,29.13888888888889,0.36,11.946200000000001,358.0,15.552600000000002,0.0,1020.02
2022-06-09 12:00:00,31.083333333333332,30.055555555555557,0.32,15.4721,359.0,16.1,0.0,1020.03
2022-06-09 13:00:00,31.13333333333334,29.65555555555555,0.28,15.649200000000002,20.0,16.1,0.0,1019.73
2022-06-09 14:00:00,32.06666666666667,30.577777777777783,0.27,12.380900000000002,353.0,15.552600000000002,0.0,1019.32
2022-06-09 15:00:00,32.266666666666666,30.87222222222222,0.28,12.2843,343.0,16.1,0.0,1018.83
2022-06-09 16:00:00,32.75555555555555,30.938888888888886,0.23,11.0446,353.0,16.1,0.0,1018.34
2022-06-09 17:00:00,32.16111111111111,30.450000000000003,0.25,11.8818,2.0,15.552600000000002,0.0,1018.02
2022-06-09 18:00:00,32.22222222222222,30.633333333333333,0.26,12.5419,1.0,16.1,0.0,1017.73
2022-06-09 19:00:00,30.022222222222226,29.07222222222222,0.34,9.2736,1.0,16.1,0.0,1017.44
2022-06-09 20:00:00,27.600000000000005,27.299999999999997,0.4,8.162700000000001,352.0,15.552600000000002,0.0,1017.54
2022-06-09 21:00:00,22.82222222222222,22.82222222222222,0.53,7.6796999999999995,0.0,16.1,0.0,1017.83
2022-06-09 22:00:00,22.61666666666666,22.61666666666666,0.6,10.851400000000002,359.0,16.1,0.0,1018.24
2022-06-09 23:00:00,21.166666666666664,21.166666666666664,0.63,3.3971,348.0,15.1823,0.0,1018.46
2022-06-10 00:00:00,18.772222222222226,18.772222222222226,0.74,3.3488,338.0,16.1,0.0,1018.63
2022-06-10 01:00:00,17.68888888888889,17.68888888888889,0.78,6.3434,8.0,16.1,0.0,1018.84
2022-06-10 02:00:00,17.516666666666666,17.516666666666666,0.76,6.166300000000001,333.0,15.1823,0.0,1019.01
2022-06-10 03:00:00,16.555555555555557,16.555555555555557,0.78,6.1341,331.0,16.1,0.0,1018.95
2022-06-10 04:00:00,16.53333333333333,16.53333333333333,0.78,6.6654,330.0,16.1,0.0,1018.65
2022-06-10 05:00:00,16.33888888888889,16.33888888888889,0.78,9.853200000000001,331.0,14.296800000000003,0.0,1018.59
2022-06-10 06:00:00,17.76111111111111,17.76111111111111,0.78,3.1878,322.0,16.1,0.0,1018.64
2022-06-10 07:00:00,22.022222222222222,22.022222222222222,0.61,9.3541,20.0,16.1,0.0,1018.45
2022-06-10 08:00:00,24.822222222222226,24.822222222222226,0.52,8.3237,26.0,15.1823,0.0,1018.68
2022-06-10 09:00:00,27.733333333333334,27.661111111111115,0.43,7.760200000000001,59.0,16.1,0.0,1018.51
2022-06-10 10:00:00,29.977777777777774,29.33888888888889,0.37,7.824600000000001,39.0,16.1,0.0,1018.32
2022-06-10 11:00:00,31.049999999999997,30.077777777777776,0.33,4.9266000000000005,47.0,15.552600000000002,0.0,1018.31
2022-06-10 12:00:00,32.75555555555555,31.54444444444444,0.29,7.631400000000001,331.0,16.1,0.0,1018.12
2022-06-10 13:00:00,32.800000000000004,31.59444444444445,0.29,3.2039,71.0,16.1,0.0,1017.83
2022-06-10 14:00:00,33.65,31.96111111111111,0.24,7.921200000000001,6.0,15.552600000000002,0.0,1017.38
2022-06-10 15:00:00,33.888888888888886,32.37777777777777,0.25,7.4704,331.0,16.1,0.0,1016.92
2022-06-10 16:00:00,33.91111111111112,32.4,0.25,7.8084999999999996,359.0,16.1,0.0,1016.32
2022-06-10 17:00:00,33.794444444444444,31.65555555555556,0.19,6.5688,309.0,15.552600000000002,0.0,1015.76
2022-06-10 18:00:00,32.800000000000004,31.36111111111111,0.27,4.652900000000001,11.0,15.826300000000002,0.0,1015.62
2022-06-10 19:00:00,32.66111111111112,31.61111111111111,0.3,3.5742000000000007,332.0,15.826300000000002,0.0,1015.55
2022-06-10 20:00:00,28.916666666666668,28.727777777777774,0.42,4.2987,333.0,15.3111,0.0,1015.84
2022-06-10 21:00:00,24.90555555555555,24.90555555555555,0.59,2.9302,270.0,9.982000000000001,0.0,1016.09
2022-06-10 22:00:00,25.744444444444447,25.744444444444447,0.47,15.6009,41.0,10.255700000000001,0.0,1016.75
2022-06-10 23:00:00,25.549999999999997,25.549999999999997,0.48,15.713600000000001,28.0,15.552600000000002,0.0,1017.22
2022-06-11 00:00:00,24.60555555555556,24.60555555555556,0.52,11.270000000000001,40.0,16.1,0.0,1017.14
2022-06-11 01:00:00,22.016666666666666,22.016666666666666,0.67,3.1556,358.0,16.1,0.0,1017.25
2022-06-11 02:00:00,20.18333333333333,20.18333333333333,0.77,5.9087000000000005,332.0,15.1823,0.0,1016.91
2022-06-11 03:00:00,19.372222222222224,19.372222222222224,0.78,3.0751,350.0,16.1,0.0,1017.06
2022-06-11 04:00:00,17.77777777777778,17.77777777777778,0.87,6.44,340.0,16.0517,0.0,1017.15
2022-06-11 05:00:00,17.577777777777776,17.577777777777776,0.83,10.465,340.0,15.150100000000002,0.0,1017.52
2022-06-11 06:00:00,18.93888888888889,18.93888888888889,0.83,4.652900000000001,342.0,16.1,0.0,1018.03
2022-06-11 07:00:00,22.666666666666668,22.666666666666668,0.63,9.5151,0.0,16.1,0.0,1017.75
2022-06-11 08:00:00,24.783333333333335,24.783333333333335,0.59,10.7387,28.0,15.552600000000002,0.0,1017.94
2022-06-11 09:00:00,27.24444444444445,27.916666666666668,0.54,12.4292,40.0,16.1,0.0,1018.05
2022-06-11 10:00:00,28.883333333333333,29.377777777777776,0.49,10.9319,22.0,16.1,0.0,1018.04
2022-06-11 11:00:00,29.93333333333333,29.761111111111106,0.41,12.075000000000001,46.0,15.552600000000002,0.0,1017.89
2022-06-11 12:00:00,31.105555555555554,30.400000000000002,0.35,10.626,20.0,16.1,0.0,1017.93
2022-06-11 13:00:00,31.127777777777776,30.766666666666666,0.38,10.8031,19.0,16.1,0.0,1017.81
2022-06-11 14:00:00,32.138888888888886,31.233333333333334,0.32,14.441700000000003,359.0,15.552600000000002,0.0,1017.3
2022-06-11 15:00:00,32.21666666666667,31.47222222222222,0.33,15.246700000000002,19.0,16.1,0.0,1016.92
2022-06-11 16:00:00,32.266666666666666,31.13333333333334,0.3,15.649200000000002,10.0,16.1,0.0,1016.61
2022-06-11 17:00:00,32.083333333333336,31.049999999999997,0.31,18.6277,1.0,15.552600000000002,0.0,1016.32
2022-06-11 18:00:00,31.06666666666667,29.772222222222226,0.3,20.9461,21.0,16.1,0.0,1016.11
2022-06-11 19:00:00,29.866666666666667,28.65555555555555,0.3,14.2324,41.0,10.255700000000001,0.0,1016.22
2022-06-11 20:00:00,27.29444444444444,26.883333333333333,0.36,9.064300000000001,48.0,15.552600000000002,0.0,1016.64
2022-06-11 21:00:00,24.88333333333334,24.88333333333334,0.44,7.792400000000001,51.0,16.1,0.0,1017.31
2022-06-11 22:00:00,24.75,24.75,0.42,11.270000000000001,70.0,16.1,0.0,1017.73
2022-06-11 23:00:00,23.805555555555554,23.805555555555554,0.46,10.8192,67.0,15.552600000000002,0.0,1017.95
2022-06-12 00:00:00,21.58333333333333,21.58333333333333,0.54,6.601,52.0,16.1,0.0,1018.43
2022-06-12 01:00:00,18.477777777777778,18.477777777777778,0.73,6.0053,312.0,16.1,0.0,1018.54
2022-06-12 02:00:00,18.572222222222226,18.572222222222226,0.69,5.763800000000001,2.0,15.1823,0.0,1018.69
2022-06-12 03:00:00,16.81111111111111,16.81111111111111,0.75,6.2468,353.0,16.1,0.0,1019.03
2022-06-12 04:00:00,17.68888888888889,17.68888888888889,0.66,11.0446,40.0,16.1,0.0,1018.45
2022-06-12 05:00:00,16.733333333333334,16.733333333333334,0.68,6.2146,30.0,15.1823,0.0,1018.52
2022-06-12 06:00:00,19.66111111111111,19.66111111111111,0.62,4.7495,10.0,16.1,0.0,1018.36
2022-06-12 07:00:00,22.044444444444448,22.044444444444448,0.56,8.162700000000001,21.0,16.1,0.0,1018.54
2022-06-12 08:00:00,23.86666666666666,23.86666666666666,0.5,10.7387,13.0,15.552600000000002,0.0,1018.68
2022-06-12 09:00:00,26.13333333333334,26.13333333333334,0.39,14.1197,20.0,16.1,0.0,1018.83
2022-06-12 10:00:00,27.28888888888889,26.772222222222222,0.34,15.0696,21.0,16.1,0.0,1018.83
2022-06-12 11:00:00,27.916666666666668,27.09444444444444,0.31,11.8335,25.0,15.552600000000002,0.0,1018.87
2022-06-12 12:00:00,28.977777777777774,27.91111111111111,0.31,9.3541,352.0,16.1,0.0,1018.61
2022-06-12 13:00:00,29.994444444444444,28.561111111111106,0.27,10.9158,339.0,16.1,0.0,1018.43
2022-06-12 14:00:00,31.03888888888889,29.572222222222226,0.28,12.1233,359.0,15.552600000000002,0.0,1018.12
2022-06-12 15:00:00,31.13333333333334,29.77777777777778,0.29,9.3702,16.0,16.1,0.0,1017.52
2022-06-12 16:00:00,31.17777777777778,29.666666666666668,0.27,11.0446,339.0,16.1,0.0,1016.82
2022-06-12 17:00:00,31.11111111111111,29.755555555555556,0.29,11.270000000000001,300.0,16.1,0.0,1016.3
2022-06-12 18:00:00,31.061111111111106,30.005555555555556,0.32,8.3398,339.0,9.982000000000001,0.0,1015.9
2022-06-12 19:00:00,28.81666666666667,28.177777777777777,0.37,11.3022,337.0,15.826300000000002,0.0,1015.73
2022-06-12 20:00:00,26.450000000000003,26.450000000000003,0.46,7.567000000000001,278.0,15.552600000000002,0.0,1015.63
2022-06-12 21:00:00,25.022222222222226,25.022222222222226,0.54,14.0553,292.0,16.1,0.0,1015.86
2022-06-12 22:00:00,24.66666666666667,24.66666666666667,0.57,13.765500000000001,305.0,15.616999999999999,0.0,1016.14
2022-06-12 23:00:00,24.21666666666667,24.21666666666667,0.59,13.121500000000001,318.0,15.1823,0.0,1016.39
2022-06-13 00:00:00,22.077777777777776,22.077777777777776,0.65,11.398800000000001,311.0,16.1,0.0,1016.35
2022-06-13 01:00:00,20.02777777777778,20.02777777777778,0.7,11.398800000000001,331.0,16.1,0.0,1016.17
2022-06-13 02:00:00,19.12777777777778,19.12777777777778,0.75,10.2235,291.0,15.1823,0.0,1016.11
2022-06-13 03:00:00,18.28333333333333,18.28333333333333,0.71,10.980200000000002,321.0,16.1,0.0,1015.68
2022-06-13 04:00:00,18.150000000000002,18.150000000000002,0.74,10.7548,330.0,16.1,0.0,1015.47
2022-06-13 05:00:00,17.605555555555554,17.605555555555554,0.8,5.9087000000000005,356.0,15.1823,0.0,1015.29
2022-06-13 06:00:00,18.755555555555556,18.755555555555556,0.78,7.969500000000001,310.0,16.1,0.0,1015.37
2022-06-13 07:00:00,22.10555555555556,22.10555555555556,0.65,7.728,350.0,16.1,0.0,1015.45
2022-06-13 08:00:00,22.855555555555554,22.855555555555554,0.62,11.753,344.0,15.552600000000002,0.0,1015.32
2022-06-13 09:00:00,24.88333333333334,24.88333333333334,0.5,11.914000000000001,330.0,16.1,0.0,1015.73
2022-06-13 10:00:00,26.06111111111111,26.06111111111111,0.5,9.1287,338.0,10.255700000000001,0.0,1015.63
2022-06-13 11:00:00,27.03333333333333,27.12222222222222,0.44,14.9408,291.0,15.552600000000002,0.0,1015.31
2022-06-13 12:00:00,27.11111111111111,27.016666666666666,0.41,20.286,300.0,10.255700000000001,0.0,1015.05
2022-06-13 13:00:00,27.733333333333334,27.322222222222226,0.38,21.896,318.0,10.255700000000001,0.0,1014.53
2022-06-13 14:00:00,28.48333333333333,27.944444444444443,0.38,18.837,290.0,10.577700000000002,0.0,1013.96
2022-06-13 15:00:00,28.79444444444444,27.68888888888889,0.3,24.890600000000003,290.0,16.1,0.0,1012.95
2022-06-13 16:00:00,27.82222222222222,26.894444444444442,0.28,23.634800000000002,311.0,16.1,0.0,1012.15
2022-06-13 17:00:00,27.872222222222224,27.066666666666666,0.31,19.5132,319.0,15.552600000000002,0.0,1011.69
2022-06-13 18:00:00,27.194444444444443,26.477777777777774,0.28,20.7207,311.0,16.1,0.0,1011.15
2022-06-13 19:00:00,26.06111111111111,26.06111111111111,0.34,16.0839,311.0,16.1,0.0,1011.03
2022-06-13 20:00:00,23.15555555555556,23.15555555555556,0.43,10.6099,302.0,15.552600000000002,0.0,1011.23
2022-06-13 21:00:00,19.97222222222222,19.97222222222222,0.53,10.9158,290.0,16.1,0.0,1011.52
2022-06-13 22:00:00,18.81666666666667,18.81666666666667,0.56,11.0446,300.0,16.1,0.0,1011.94
2022-06-13 23:00:00,17.283333333333335,17.283333333333335,0.58,15.568700000000002,290.0,12.380900000000002,0.0,1012.36
2022-06-14 00:00:00,18.127777777777776,18.127777777777776,0.55,13.894300000000003,310.0,16.1,0.0,1011.97
2022-06-14 01:00:00,17.11111111111111,17.11111111111111,0.61,14.4739,300.0,16.1,0.0,1012.13
2022-06-14 02:00:00,15.044444444444443,15.044444444444443,0.69,10.8031,321.0,15.1823,0.0,1012.21
2022-06-14 03:00:00,14.066666666666666,14.066666666666666,0.74,10.835300000000002,302.0,16.1,0.0,1011.91
2022-06-14 04:00:00,14.505555555555556,14.505555555555556,0.71,10.9158,329.0,16.1,0.0,1011.45
2022-06-14 05:00:00,14.377777777777778,14.377777777777778,0.7,6.601,339.0,15.1823,0.0,1011.72
2022-06-14 06:00:00,17.200000000000003,17.200000000000003,0.58,10.6904,9.0,16.1,0.0,1011.45
2022-06-14 07:00:00,17.200000000000003,17.200000000000003,0.58,4.7656,9.0,10.255700000000001,0.0,1011.85
2022-06-14 08:00:00,17.82777777777778,17.82777777777778,0.57,8.1305,358.0,10.577700000000002,0.0,1012.43
2022-06-14 09:00:00,19.977777777777774,19.977777777777774,0.49,5.2325,6.0,10.255700000000001,0.0,1012.44
2022-06-14 10:00:00,21.13888888888889,21.13888888888889,0.46,5.7155000000000005,315.0,10.255700000000001,0.0,1012.61
2022-06-14 11:00:00,21.933333333333337,21.933333333333337,0.41,11.8818,317.0,10.577700000000002,0.0,1012.63
2022-06-14 12:00:00,22.266666666666666,22.266666666666666,0.39,10.0303,276.0,10.255700000000001,0.0,1012.6
2022-06-14 13:00:00,22.800000000000004,22.800000000000004,0.38,8.0661,258.0,10.255700000000001,0.0,1012.32
2022-06-14 14:00:00,23.716666666666665,23.716666666666665,0.3,19.2073,302.0,10.577700000000002,0.0,1011.95
2022-06-14 15:00:00,23.86111111111111,23.86111111111111,0.32,20.8012,293.0,16.1,0.0,1011.93
2022-06-14 16:00:00,23.86666666666666,23.86666666666666,0.25,22.169700000000002,301.0,16.1,0.0,1011.72
2022-06-14 17:00:00,22.977777777777778,22.977777777777778,0.3,13.9909,314.0,15.552600000000002,0.0,1011.74
2022-06-14 18:00:00,22.82222222222222,22.82222222222222,0.32,14.296800000000003,294.0,16.1,0.0,1011.41
2022-06-14 19:00:00,22.800000000000004,22.800000000000004,0.29,14.1519,321.0,16.1,0.0,1011.52
2022-06-14 20:00:00,19.47222222222222,19.47222222222222,0.45,10.239600000000001,301.0,15.552600000000002,0.0,1011.96
2022-06-14 21:00:00,16.177777777777777,16.177777777777777,0.57,10.9158,301.0,16.1,0.0,1012.53
2022-06-14 22:00:00,14.955555555555557,14.955555555555557,0.62,11.012400000000001,311.0,16.1,0.0,1013.23
2022-06-14 23:00:00,14.255555555555553,14.255555555555553,0.63,9.9337,318.0,15.552600000000002,0.0,1013.58
2022-06-15 00:00:00,13.711111111111112,13.711111111111112,0.65,8.1949,330.0,16.1,0.0,1014.5
2022-06-15 01:00:00,11.688888888888888,11.688888888888888,0.71,6.2468,302.0,16.1,0.0,1014.05
2022-06-15 02:00:00,11.144444444444446,11.144444444444446,0.75,5.828200000000001,334.0,15.1823,0.0,1014.09
2022-06-15 03:00:00,10.416666666666666,10.416666666666666,0.75,10.7387,340.0,16.1,0.0,1013.88
2022-06-15 04:00:00,9.422222222222224,9.422222222222224,0.8,3.2683,324.0,16.1,0.0,1014.08
2022-06-15 05:00:00,9.294444444444443,8.622222222222225,0.85,6.1824,329.0,15.1823,0.0,1014.55
2022-06-15 06:00:00,12.13888888888889,12.13888888888889,0.75,7.695800000000001,331.0,16.1,0.0,1014.76
2022-06-15 07:00:00,16.95555555555556,16.95555555555556,0.59,11.398800000000001,21.0,16.1,0.0,1014.78
2022-06-15 08:00:00,17.538888888888888,17.538888888888888,0.58,14.7637,28.0,15.1823,0.0,1014.97
2022-06-15 09:00:00,19.93333333333333,19.93333333333333,0.53,14.1197,41.0,16.1,0.0,1015.15
2022-06-15 10:00:00,22.127777777777776,22.127777777777776,0.38,16.856700000000004,21.0,16.1,0.0,1015.17
2022-06-15 11:00:00,23.533333333333335,23.533333333333335,0.36,16.035600000000002,8.0,15.552600000000002,0.0,1014.98
2022-06-15 12:00:00,23.83888888888889,23.83888888888889,0.33,13.894300000000003,40.0,16.1,0.0,1014.77
2022-06-15 13:00:00,22.800000000000004,22.800000000000004,0.34,15.423800000000002,21.0,16.1,0.0,1014.67
2022-06-15 14:00:00,24.755555555555556,24.755555555555556,0.31,11.7047,353.0,15.552600000000002,0.0,1014.36
2022-06-15 15:00:00,25.949999999999996,25.949999999999996,0.27,10.948,10.0,16.1,0.0,1014.16
2022-06-15 16:00:00,23.95555555555556,23.95555555555556,0.29,15.552600000000002,41.0,16.1,0.0,1013.86
2022-06-15 17:00:00,24.766666666666666,24.766666666666666,0.3,14.699300000000003,32.0,15.552600000000002,0.0,1013.73
2022-06-15 18:00:00,23.911111111111115,23.911111111111115,0.29,15.2145,19.0,16.1,0.0,1013.53
2022-06-15 19:00:00,22.800000000000004,22.800000000000004,0.34,13.8782,31.0,16.1,0.0,1013.63
2022-06-15 20:00:00,20.38888888888889,20.38888888888889,0.43,8.2754,36.0,15.552600000000002,0.0,1013.82
2022-06-15 21:00:00,17.77777777777778,17.77777777777778,0.51,4.6046000000000005,40.0,16.1,0.0,1014.43
2022-06-15 22:00:00,16.116666666666664,16.116666666666664,0.6,3.2039,31.0,16.1,0.0,1015.33
2022-06-15 23:00:00,14.555555555555555,14.555555555555555,0.67,3.8479000000000005,11.0,15.1823,0.0,1015.66
2022-06-16 00:00:00,16.622222222222224,16.622222222222224,0.56,14.5061,41.0,16.1,0.0,1015.96
2022-06-16 01:00:00,17.061111111111114,17.061111111111114,0.55,17.0821,50.0,16.1,0.0,1015.97
2022-06-16 02:00:00,15.455555555555556,15.455555555555556,0.63,18.3379,41.0,15.1823,0.0,1016.12
2022-06-16 03:00:00,13.883333333333335,13.883333333333335,0.69,13.9265,23.0,16.1,0.0,1016.43
2022-06-16 04:00:00,12.799999999999999,12.799999999999999,0.72,16.6796,21.0,16.1,0.0,1016.43
2022-06-16 05:00:00,12.355555555555558,12.355555555555558,0.73,16.2127,30.0,15.150100000000002,0.0,1016.31
2022-06-16 06:00:00,12.799999999999999,12.799999999999999,0.72,16.840600000000002,40.0,16.0517,0.0,1016.25
2022-06-16 07:00:00,13.93888888888889,13.93888888888889,0.67,17.227,40.0,16.1,0.0,1016.08
2022-06-16 08:00:00,17.01111111111111,17.01111111111111,0.59,14.5544,32.0,15.1823,0.0,1016.22
2022-06-16 09:00:00,17.77777777777778,17.77777777777778,0.56,13.9909,32.0,16.1,0.0,1016.16
2022-06-16 10:00:00,20.933333333333337,20.933333333333337,0.46,13.9748,11.0,16.1,0.0,1015.98
2022-06-16 11:00:00,20.805555555555557,20.805555555555557,0.45,12.0106,9.0,15.552600000000002,0.0,1016.08
2022-06-16 12:00:00,21.094444444444445,21.094444444444445,0.41,11.0446,11.0,10.255700000000001,0.0,1016.15
2022-06-16 13:00:00,22.205555555555556,22.205555555555556,0.38,7.985600000000001,13.0,16.1,0.0,1015.94
2022-06-16 14:00:00,22.511111111111106,22.511111111111106,0.4,7.631400000000001,34.0,15.552600000000002,0.0,1015.56
2022-06-16 15:00:00,22.71111111111111,22.71111111111111,0.35,1.7066000000000001,131.0,16.1,0.0,1015.23
2022-06-16 16:00:00,22.227777777777778,22.227777777777778,0.39,4.6207,242.0,16.1,0.0,1014.74
2022-06-16 17:00:00,21.966666666666672,21.966666666666672,0.47,4.2665,292.0,15.552600000000002,0.0,1014.75
2022-06-16 18:00:00,21.18333333333333,21.18333333333333,0.48,7.1967,262.0,10.255700000000001,0.0,1014.59
2022-06-16 19:00:00,19.050000000000004,19.050000000000004,0.55,9.1126,158.0,10.255700000000001,0.0,1014.59
2022-06-16 20:00:00,18.072222222222223,18.072222222222223,0.65,7.8084999999999996,170.0,10.577700000000002,0.0,1014.86
2022-06-16 21:00:00,17.922222222222224,17.922222222222224,0.64,13.846,171.0,16.1,0.0,1014.97
2022-06-16 22:00:00,16.3,16.3,0.76,10.722600000000002,210.0,10.255700000000001,0.0,1015.55
2022-06-16 23:00:00,15.672222222222224,15.672222222222224,0.82,9.8693,208.0,15.1823,0.0,1015.87
2022-06-17 00:00:00,14.566666666666666,14.566666666666666,0.89,10.851400000000002,217.0,12.2521,0.0,1015.68
2022-06-17 01:00:00,14.544444444444444,14.544444444444444,0.89,6.9069,222.0,16.1,0.0,1015.3
2022-06-17 02:00:00,14.566666666666666,14.566666666666666,0.92,2.8336,354.0,15.1823,0.0,1015.05
2022-06-17 03:00:00,14.444444444444445,14.444444444444445,0.92,3.3005,247.0,15.826300000000002,0.0,1015.0
2022-06-17 04:00:00,14.444444444444445,14.444444444444445,0.93,3.1234,297.0,16.1,0.0,1014.53
2022-06-17 05:00:00,14.43888888888889,14.43888888888889,0.93,5.957000000000001,338.0,11.3183,0.0,1014.47
2022-06-17 06:00:00,14.955555555555557,14.955555555555557,0.87,0.2415,294.0,9.982000000000001,0.0,1014.53
2022-06-17 07:00:00,14.955555555555557,14.955555555555557,0.87,8.935500000000001,348.0,9.982000000000001,0.0,1014.82
2022-06-17 08:00:00,14.994444444444447,14.994444444444447,0.89,7.422100000000001,349.0,9.837100000000001,0.0,1014.89
2022-06-17 09:00:00,16.044444444444444,16.044444444444444,0.88,7.7440999999999995,350.0,9.853200000000001,0.0,1015.12
2022-06-17 10:00:00,16.116666666666664,16.116666666666664,0.87,10.851400000000002,10.0,9.982000000000001,0.0,1014.94
2022-06-17 11:00:00,16.116666666666664,16.116666666666664,0.88,9.2253,2.0,9.982000000000001,0.0,1015.41
2022-06-17 12:00:00,17.266666666666666,17.266666666666666,0.86,9.3702,12.0,8.1305,0.0,1015.44
2022-06-17 13:00:00,17.849999999999998,17.849999999999998,0.83,9.6117,22.0,9.982000000000001,0.0,1015.52
2022-06-17 14:00:00,17.83333333333333,17.83333333333333,0.78,9.209200000000001,26.0,9.982000000000001,0.0,1015.34
2022-06-17 15:00:00,19.02777777777778,19.02777777777778,0.76,9.064300000000001,1.0,9.982000000000001,0.0,1015.11
2022-06-17 16:00:00,20.09444444444445,20.09444444444445,0.62,4.4275,2.0,10.255700000000001,0.0,1014.91
2022-06-17 17:00:00,20.811111111111106,20.811111111111106,0.55,7.6636,34.0,15.552600000000002,0.0,1014.57
2022-06-17 18:00:00,21.188888888888886,21.188888888888886,0.49,7.2772,331.0,16.1,0.0,1014.32
2022-06-17 19:00:00,19.07777777777778,19.07777777777778,0.63,4.7495,310.0,16.1,0.0,1014.22
2022-06-17 20:00:00,17.950000000000003,17.950000000000003,0.71,3.2522,309.0,15.552600000000002,0.0,1014.64
2022-06-17 21:00:00,16.15555555555555,16.15555555555555,0.8,4.7656,233.0,16.1,0.0,1015.12
2022-06-17 22:00:00,15.533333333333335,15.533333333333335,0.84,3.2361,234.0,16.1,0.0,1015.81
2022-06-17 23:00:00,14.52222222222222,14.52222222222222,0.87,6.021400000000001,282.0,14.3612,0.0,1015.83
2022-06-18 00:00:00,13.355555555555554,13.355555555555554,0.9,3.1395,235.0,15.134000000000002,0.0,1015.71
2022-06-18 01:00:00,12.733333333333334,12.733333333333334,0.9,3.3327,293.0,10.255700000000001,0.0,1015.52
2022-06-18 02:00:00,12.349999999999998,12.349999999999998,0.93,2.6887,215.0,9.7405,0.0,1015.73
2022-06-18 03:00:00,11.788888888888888,11.788888888888888,0.92,5.9087000000000005,297.0,10.255700000000001,0.0,1015.24
2022-06-18 04:00:00,11.300000000000002,11.300000000000002,0.92,6.4078,343.0,10.255700000000001,0.0,1015.04
2022-06-18 05:00:00,10.972222222222221,10.972222222222221,0.95,6.1341,341.0,9.853200000000001,0.0,1014.88
2022-06-18 06:00:00,12.82777777777778,12.82777777777778,0.89,11.270000000000001,20.0,10.255700000000001,0.0,1014.96
2022-06-18 07:00:00,14.983333333333333,14.983333333333333,0.78,11.0446,11.0,15.1823,0.0,1015.17
2022-06-18 08:00:00,17.54444444444444,17.54444444444444,0.62,10.835300000000002,14.0,15.1823,0.0,1015.2
2022-06-18 09:00:00,18.96111111111111,18.96111111111111,0.61,12.9444,31.0,16.1,0.0,1015.55
2022-06-18 10:00:00,21.18333333333333,21.18333333333333,0.56,12.847800000000001,39.0,16.1,0.0,1015.63
2022-06-18 11:00:00,22.277777777777775,22.277777777777775,0.48,12.558,41.0,10.577700000000002,0.0,1015.76
2022-06-18 12:00:00,24.02777777777778,24.02777777777778,0.44,14.168000000000003,50.0,10.255700000000001,0.0,1015.53
2022-06-18 13:00:00,25.08888888888889,25.08888888888889,0.32,17.1948,31.0,16.1,0.0,1015.04
2022-06-18 14:00:00,24.81666666666667,24.81666666666667,0.32,14.7637,32.0,15.552600000000002,0.0,1014.39
2022-06-18 15:00:00,25.955555555555556,25.955555555555556,0.3,12.8156,29.0,16.1,0.0,1014.07
2022-06-18 16:00:00,27.10555555555556,26.411111111111115,0.28,15.681400000000002,1.0,16.1,0.0,1013.76
2022-06-18 17:00:00,25.966666666666665,25.966666666666665,0.28,14.9569,29.0,15.552600000000002,0.0,1013.5
2022-06-18 18:00:00,25.05,25.05,0.26,17.227,11.0,16.1,0.0,1013.35
2022-06-18 19:00:00,23.916666666666668,23.916666666666668,0.27,15.359399999999999,21.0,16.1,0.0,1013.54
2022-06-18 20:00:00,20.39444444444444,20.39444444444444,0.39,9.6922,28.0,15.552600000000002,0.0,1013.84
2022-06-18 21:00:00,17.755555555555556,17.755555555555556,0.5,9.0965,30.0,16.1,0.0,1014.33
2022-06-18 22:00:00,15.0,15.0,0.67,9.2253,0.0,16.1,0.0,1014.64
2022-06-18 23:00:00,15.538888888888888,15.538888888888888,0.59,6.0536,27.0,15.1823,0.0,1014.73
2022-06-19 00:00:00,12.68888888888889,12.68888888888889,0.77,11.012400000000001,359.0,16.1,0.0,1014.66
2022-06-19 01:00:00,12.666666666666664,12.666666666666664,0.73,6.44,10.0,16.1,0.0,1014.75
2022-06-19 02:00:00,12.416666666666666,12.416666666666666,0.71,10.255700000000001,29.0,15.1823,0.0,1014.53
2022-06-19 03:00:00,11.561111111111112,11.561111111111112,0.74,6.295100000000001,12.0,16.1,0.0,1014.45
2022-06-19 04:00:00,10.444444444444443,10.444444444444443,0.8,6.44,20.0,16.1,0.0,1013.98
2022-06-19 05:00:00,11.149999999999999,11.149999999999999,0.76,10.2718,20.0,15.1823,0.0,1013.93
2022-06-19 06:00:00,13.644444444444446,13.644444444444446,0.68,7.8084999999999996,39.0,16.1,0.0,1013.76
2022-06-19 07:00:00,17.066666666666666,17.066666666666666,0.55,9.4185,11.0,16.1,0.0,1013.56
2022-06-19 08:00:00,18.7,18.7,0.57,7.5187,40.0,15.1823,0.0,1013.52
2022-06-19 09:00:00,22.16111111111111,22.16111111111111,0.52,7.953400000000001,39.0,10.255700000000001,0.0,1013.05
2022-06-19 10:00:00,23.86666666666666,23.86666666666666,0.32,13.894300000000003,40.0,16.1,0.0,1012.75
2022-06-19 11:00:00,24.79444444444444,24.79444444444444,0.36,13.0732,5.0,10.577700000000002,0.0,1012.43
2022-06-19 12:00:00,26.083333333333332,26.083333333333332,0.26,13.846,39.0,10.255700000000001,0.0,1011.93
2022-06-19 13:00:00,27.10555555555556,26.33888888888889,0.26,11.3022,19.0,10.255700000000001,0.0,1011.23
2022-06-19 14:00:00,27.03888888888889,26.238888888888894,0.24,16.3415,353.0,15.552600000000002,0.0,1010.54
2022-06-19 15:00:00,27.127777777777776,26.29444444444444,0.24,13.9748,351.0,16.1,0.0,1010.25
2022-06-19 16:00:00,27.24444444444445,26.36111111111111,0.24,15.375500000000002,359.0,16.1,0.0,1009.73
2022-06-19 17:00:00,25.92777777777778,25.92777777777778,0.27,10.0303,1.0,15.552600000000002,0.0,1009.39
2022-06-19 18:00:00,26.13333333333334,26.13333333333334,0.26,14.1358,341.0,16.1,0.0,1009.12
2022-06-19 19:00:00,25.0,25.0,0.32,9.3863,330.0,16.1,0.0,1008.93
2022-06-19 20:00:00,21.50555555555555,21.50555555555555,0.45,8.2754,316.0,15.552600000000002,0.0,1008.89
2022-06-19 21:00:00,17.849999999999998,17.849999999999998,0.56,4.83,290.0,16.1,0.0,1009.22
2022-06-19 22:00:00,17.133333333333336,17.133333333333336,0.6,11.270000000000001,300.0,16.1,0.0,1009.74
2022-06-19 23:00:00,16.444444444444443,16.444444444444443,0.68,5.2003,272.0,15.552600000000002,0.0,1009.8
2022-06-20 00:00:00,15.450000000000001,15.450000000000001,0.75,5.6511,141.0,16.1,0.0,1009.64
2022-06-20 01:00:00,13.366666666666667,13.366666666666667,0.82,3.3649,248.0,16.1,0.0,1009.54
2022-06-20 02:00:00,13.244444444444447,13.244444444444447,0.82,4.025,275.0,15.552600000000002,0.0,1009.21
2022-06-20 03:00:00,12.349999999999998,12.349999999999998,0.8,6.6654,300.0,16.1,0.0,1008.94
2022-06-20 04:00:00,12.344444444444443,12.344444444444443,0.77,6.6654,300.0,16.1,0.0,1008.84
2022-06-20 05:00:00,13.261111111111111,13.261111111111111,0.75,6.5366,301.0,15.1823,0.0,1008.83
2022-06-20 06:00:00,17.16111111111111,17.16111111111111,0.59,17.1304,290.0,16.1,0.0,1008.85
2022-06-20 07:00:00,18.755555555555556,18.755555555555556,0.57,20.511400000000002,309.0,16.1,0.0,1008.94
2022-06-20 08:00:00,19.822222222222226,19.822222222222226,0.57,15.649200000000002,304.0,15.3111,0.0,1009.21
2022-06-20 09:00:00,19.02777777777778,19.02777777777778,0.56,17.919300000000003,320.0,10.255700000000001,0.0,1009.36
2022-06-20 10:00:00,20.18888888888889,20.18888888888889,0.52,18.2252,322.0,16.1,0.0,1009.63
2022-06-20 11:00:00,23.711111111111116,23.711111111111116,0.39,29.1088,329.0,15.552600000000002,0.0,1009.79
2022-06-20 12:00:00,24.766666666666666,24.766666666666666,0.33,32.683,311.0,16.1,0.0,1009.32
2022-06-20 13:00:00,23.75,23.75,0.36,32.8118,300.0,16.1,0.0,1009.22
2022-06-20 14:00:00,23.944444444444443,23.944444444444443,0.36,29.720600000000005,302.0,15.552600000000002,0.0,1009.5
2022-06-20 15:00:00,23.88888888888889,23.88888888888889,0.34,31.378899999999998,320.0,16.1,0.0,1009.27
2022-06-20 16:00:00,23.81666666666667,23.81666666666667,0.32,27.386100000000003,329.0,16.1,0.0,1008.94
2022-06-20 17:00:00,23.83888888888889,23.83888888888889,0.32,27.3217,320.0,15.552600000000002,0.0,1008.75
2022-06-20 18:00:00,22.22222222222222,22.22222222222222,0.35,25.5024,301.0,16.1,0.0,1008.67
2022-06-20 19:00:00,21.11111111111111,21.11111111111111,0.35,20.7046,310.0,16.1,0.0,1009.44
2022-06-20 20:00:00,20.08888888888889,20.08888888888889,0.37,13.5723,312.0,15.552600000000002,0.0,1009.71
2022-06-20 21:00:00,18.83888888888889,18.83888888888889,0.4,14.023100000000003,310.0,16.1,0.0,1010.25
2022-06-20 22:00:00,17.244444444444444,17.244444444444444,0.48,11.0768,281.0,16.1,0.0,1011.42
2022-06-20 23:00:00,16.77777777777778,16.77777777777778,0.55,10.7548,274.0,15.552600000000002,0.0,1011.36
2022-06-21 00:00:00,15.577777777777776,15.577777777777776,0.55,13.9587,281.0,16.1,0.0,1011.86
2022-06-21 01:00:00,14.97777777777778,14.97777777777778,0.56,14.2646,282.0,16.1,0.0,1012.27
2022-06-21 02:00:00,14.41111111111111,14.41111111111111,0.57,13.234200000000001,290.0,15.1823,0.0,1012.35
2022-06-21 03:00:00,13.677777777777777,13.677777777777777,0.59,17.404100000000003,300.0,16.1,0.0,1012.69
2022-06-21 04:00:00,12.105555555555554,12.105555555555554,0.65,10.8836,319.0,16.1,0.0,1013.25
2022-06-21 05:00:00,12.122222222222222,12.122222222222222,0.68,13.218100000000002,302.0,15.1823,0.0,1013.78
2022-06-21 06:00:00,12.127777777777776,12.127777777777776,0.72,13.8621,291.0,10.255700000000001,0.0,1014.34
2022-06-21 07:00:00,13.894444444444442,13.894444444444442,0.67,15.568700000000002,319.0,16.1,0.0,1014.63
2022-06-21 08:00:00,17.055555555555557,17.055555555555557,0.56,12.2682,327.0,15.1823,0.0,1015.05
2022-06-21 09:00:00,18.81666666666667,18.81666666666667,0.48,11.0446,291.0,9.982000000000001,0.0,1015.14
2022-06-21 10:00:00,19.95,19.95,0.49,11.398800000000001,300.0,10.255700000000001,0.0,1015.21
2022-06-21 11:00:00,20.86111111111111,20.86111111111111,0.42,12.1716,301.0,10.577700000000002,0.0,1015.1
2022-06-21 12:00:00,21.13333333333334,21.13333333333334,0.35,12.960500000000001,338.0,16.1,0.0,1015.02
2022-06-21 13:00:00,22.10555555555556,22.10555555555556,0.35,11.2056,309.0,16.1,0.0,1014.82
2022-06-21 14:00:00,22.066666666666666,22.066666666666666,0.33,15.246700000000002,313.0,15.552600000000002,0.0,1014.77
2022-06-21 15:00:00,22.199999999999996,22.199999999999996,0.35,15.778000000000002,299.0,16.1,0.0,1014.72
2022-06-21 16:00:00,22.199999999999996,22.199999999999996,0.33,11.4471,291.0,16.1,0.0,1014.81
2022-06-21 17:00:00,22.344444444444445,22.344444444444445,0.29,16.1644,289.0,15.552600000000002,0.0,1014.77
2022-06-21 18:00:00,22.24444444444445,22.24444444444445,0.3,23.779700000000002,281.0,16.1,0.0,1014.63
2022-06-21 19:00:00,20.11666666666666,20.11666666666666,0.39,11.543700000000001,273.0,16.1,0.0,1014.91
2022-06-21 20:00:00,19.233333333333334,19.233333333333334,0.44,10.6904,290.0,15.552600000000002,0.0,1015.18
2022-06-21 21:00:00,16.183333333333334,16.183333333333334,0.52,11.270000000000001,270.0,16.1,0.0,1015.72
2022-06-21 22:00:00,14.400000000000002,14.400000000000002,0.57,11.2056,271.0,16.1,0.0,1016.72
2022-06-21 23:00:00,14.21111111111111,14.21111111111111,0.61,5.828200000000001,271.0,15.1823,0.0,1017.12
2022-06-22 00:00:00,12.711111111111112,12.711111111111112,0.72,3.3327,273.0,16.1,0.0,1017.2
2022-06-22 01:00:00,13.77222222222222,13.77222222222222,0.69,6.423900000000001,281.0,16.1,0.0,1017.14
2022-06-22 02:00:00,14.533333333333331,14.533333333333331,0.64,3.2844,264.0,15.1823,0.0,1017.36
2022-06-22 03:00:00,14.238888888888889,14.238888888888889,0.69,11.270000000000001,300.0,16.1,0.0,1017.42
2022-06-22 04:00:00,12.733333333333334,12.733333333333334,0.8,3.3488,292.0,16.1,0.0,1017.62
2022-06-22 05:00:00,14.016666666666664,14.016666666666664,0.69,3.2361,276.0,15.1823,0.0,1017.8
2022-06-22 06:00:00,14.822222222222223,14.822222222222223,0.68,1.6905000000000001,270.0,16.1,0.0,1017.91
2022-06-22 07:00:00,17.533333333333335,17.533333333333335,0.52,3.3327,317.0,16.1,0.0,1018.29
2022-06-22 08:00:00,19.822222222222226,19.822222222222226,0.42,1.9159,312.0,15.552600000000002,0.0,1018.61
2022-06-22 09:00:00,21.06111111111111,21.06111111111111,0.35,3.3005,263.0,16.1,0.0,1018.79
2022-06-22 10:00:00,21.15555555555555,21.15555555555555,0.38,7.985600000000001,262.0,10.255700000000001,0.0,1018.99
2022-06-22 11:00:00,22.83333333333333,22.83333333333333,0.37,4.524100000000001,293.0,15.552600000000002,0.0,1019.13
2022-06-22 12:00:00,23.95555555555556,23.95555555555556,0.34,8.3076,253.0,16.1,0.0,1018.76
2022-06-22 13:00:00,25.016666666666666,25.016666666666666,0.33,12.735100000000001,252.0,16.1,0.0,1018.18
2022-06-22 14:00:00,25.87222222222222,25.87222222222222,0.32,10.4972,247.0,15.552600000000002,0.0,1017.72
2022-06-22 15:00:00,25.133333333333333,25.133333333333333,0.35,12.799500000000002,261.0,16.1,0.0,1017.18
2022-06-22 16:00:00,26.12777777777778,26.12777777777778,0.31,8.500800000000002,266.0,16.1,0.0,1017.06
2022-06-22 17:00:00,26.13888888888889,26.13888888888889,0.3,10.6743,263.0,15.552600000000002,0.0,1016.83
2022-06-22 18:00:00,25.11111111111111,25.11111111111111,0.33,10.787,245.0,16.1,0.0,1016.67
2022-06-22 19:00:00,26.016666666666666,26.016666666666666,0.34,7.5348,245.0,16.1,0.0,1016.5
2022-06-22 20:00:00,23.183333333333337,23.183333333333337,0.48,2.8497000000000003,227.0,15.552600000000002,0.0,1016.85
2022-06-22 21:00:00,18.95555555555556,18.95555555555556,0.64,1.4168,157.0,16.1,0.0,1017.3
2022-06-22 22:00:00,17.755555555555556,17.755555555555556,0.65,3.22,140.0,16.1,0.0,1017.99
2022-06-22 23:00:00,16.005555555555556,16.005555555555556,0.74,5.6672,33.0,15.1823,0.0,1018.31
2022-06-23 00:00:00,15.56111111111111,15.56111111111111,0.75,6.2468,71.0,16.1,0.0,1018.48
2022-06-23 01:00:00,14.983333333333333,14.983333333333333,0.72,6.44,110.0,16.1,0.0,1018.39
2022-06-23 02:00:00,14.794444444444444,14.794444444444444,0.75,6.262900000000001,114.0,15.1823,0.0,1018.31
2022-06-23 03:00:00,14.955555555555557,14.955555555555557,0.72,3.2683,144.0,15.826300000000002,0.0,1018.11
2022-06-23 04:00:00,14.911111111111113,14.911111111111113,0.75,5.9892,155.0,15.826300000000002,0.0,1017.91
2022-06-23 05:00:00,14.43888888888889,14.43888888888889,0.79,2.6404,184.0,14.9569,0.0,1018.16
2022-06-23 06:00:00,15.955555555555556,15.955555555555556,0.72,4.9105,110.0,9.982000000000001,0.0,1017.93
2022-06-23 07:00:00,18.77777777777778,18.77777777777778,0.68,9.4829,169.0,10.255700000000001,0.0,1018.2
2022-06-23 08:00:00,20.92777777777778,20.92777777777778,0.6,7.824600000000001,182.0,10.577700000000002,0.0,1018.44
2022-06-23 09:00:00,23.883333333333333,23.883333333333333,0.58,7.631400000000001,242.0,16.1,0.0,1018.41
2022-06-23 10:00:00,25.99444444444445,25.99444444444445,0.5,10.5616,243.0,16.1,0.0,1018.2
2022-06-23 11:00:00,27.52777777777778,27.333333333333332,0.41,12.380900000000002,251.0,15.552600000000002,0.0,1018.2
2022-06-23 12:00:00,27.733333333333334,27.072222222222226,0.34,12.799500000000002,299.0,10.255700000000001,0.0,1017.92
2022-06-23 13:00:00,28.75,28.066666666666663,0.36,9.8854,280.0,10.255700000000001,0.0,1017.71
2022-06-23 14:00:00,28.561111111111106,27.96111111111111,0.37,11.640300000000002,256.0,10.577700000000002,0.0,1017.46
2022-06-23 15:00:00,28.911111111111115,28.466666666666665,0.39,21.5096,233.0,10.255700000000001,0.0,1016.81
2022-06-23 16:00:00,24.327777777777783,24.327777777777783,0.56,4.652900000000001,356.0,10.255700000000001,0.0,1016.86
2022-06-23 17:00:00,27.983333333333334,27.600000000000005,0.39,4.8622000000000005,239.0,10.577700000000002,0.0,1016.25
2022-06-23 18:00:00,26.20555555555556,26.20555555555556,0.56,7.3255,45.0,9.982000000000001,0.0,1016.0
2022-06-23 19:00:00,25.18333333333333,25.18333333333333,0.49,4.186000000000001,189.0,10.255700000000001,0.0,1015.59
2022-06-23 20:00:00,25.21111111111111,25.21111111111111,0.55,3.2683,211.0,15.552600000000002,0.0,1015.45
2022-06-23 21:00:00,21.18333333333333,21.18333333333333,0.77,7.615300000000001,201.0,16.1,0.0,1015.58
2022-06-23 22:00:00,20.90555555555555,20.90555555555555,0.73,6.1502,160.0,16.1,0.0,1015.7
2022-06-23 23:00:00,19.53333333333333,19.53333333333333,0.78,5.9892,168.0,15.1823,0.0,1015.54
2022-06-24 00:00:00,18.75,18.75,0.8,6.44,190.0,16.1,0.0,1015.39
2022-06-24 01:00:00,18.79444444444444,18.79444444444444,0.8,6.1502,147.0,16.1,0.0,1014.7
2022-06-24 02:00:00,18.96111111111111,18.96111111111111,0.84,4.395300000000001,164.0,9.982000000000001,0.0,1013.91
2022-06-24 03:00:00,18.72222222222222,18.72222222222222,0.9,12.3004,19.0,3.3649,0.0,1013.22
2022-06-24 04:00:00,17.21111111111111,17.21111111111111,0.92,32.4898,310.0,0.6762,0.0,1013.81
2022-06-24 05:00:00,16.51111111111111,16.51111111111111,0.96,12.88,337.0,8.420300000000001,0.0,1012.98
2022-06-24 06:00:00,16.15555555555555,16.15555555555555,0.93,2.7853000000000003,201.0,9.982000000000001,0.0,1012.67
2022-06-24 07:00:00,16.177777777777777,16.177777777777777,0.99,10.706500000000002,293.0,10.2074,0.0,1012.91
2022-06-24 08:00:00,18.000000000000004,18.000000000000004,0.85,14.6832,336.0,10.2235,0.0,1014.11
2022-06-24 09:00:00,19.97222222222222,19.97222222222222,0.73,15.552600000000002,20.0,10.255700000000001,0.0,1014.22
2022-06-24 10:00:00,21.03888888888889,21.03888888888889,0.63,13.5401,40.0,10.255700000000001,0.0,1014.54
2022-06-24 11:00:00,20.90555555555555,20.90555555555555,0.66,13.491800000000001,48.0,9.982000000000001,0.0,1014.48
2022-06-24 12:00:00,21.022222222222226,21.022222222222226,0.64,2.898,64.0,9.982000000000001,0.0,1014.23
2022-06-24 13:00:00,20.02777777777778,20.02777777777778,0.73,8.1305,220.0,9.982000000000001,0.0,1015.1
2022-06-24 14:00:00,21.83888888888889,21.83888888888889,0.67,4.83,181.0,9.982000000000001,0.0,1015.07
2022-06-24 15:00:00,22.24444444444445,22.24444444444445,0.64,5.184200000000001,230.0,9.982000000000001,0.0,1014.28
2022-06-24 16:00:00,22.633333333333333,22.633333333333333,0.63,2.8658,234.0,9.6117,0.0,1013.41
2022-06-24 17:00:00,23.461111111111116,23.461111111111116,0.6,8.500800000000002,314.0,10.3523,0.0,1013.34
2022-06-24 18:00:00,22.516666666666666,22.516666666666666,0.63,13.4113,330.0,9.982000000000001,0.0,1013.16
2022-06-24 19:00:00,18.83888888888889,18.83888888888889,0.78,20.3182,350.0,10.255700000000001,0.0,1013.44
2022-06-24 20:00:00,18.08888888888889,18.08888888888889,0.83,7.0679,35.0,10.577700000000002,0.0,1013.54
2022-06-24 21:00:00,17.705555555555556,17.705555555555556,0.9,0.1288,350.0,9.982000000000001,0.0,1013.22
2022-06-24 22:00:00,17.127777777777776,17.127777777777776,0.9,2.9624,38.0,15.826300000000002,0.0,1013.37
2022-06-24 23:00:00,17.183333333333334,17.183333333333334,0.9,5.5384,313.0,11.9784,0.0,1013.63
2022-06-25 00:00:00,16.594444444444445,16.594444444444445,0.9,3.3810000000000002,347.0,9.982000000000001,0.0,1013.56
2022-06-25 01:00:00,16.06111111111111,16.06111111111111,0.93,10.448900000000002,308.0,9.982000000000001,0.0,1013.87
2022-06-25 02:00:00,15.677777777777777,15.677777777777777,0.93,3.1073,327.0,11.688600000000001,0.0,1013.24
2022-06-25 03:00:00,15.02222222222222,15.02222222222222,0.93,2.9946,155.0,11.9784,0.0,1012.7
2022-06-25 04:00:00,15.511111111111113,15.511111111111113,0.93,6.0858,25.0,7.212800000000001,0.0,1011.72
2022-06-25 05:00:00,15.550000000000002,15.550000000000002,0.94,3.059,50.0,7.631400000000001,0.0,1011.47
2022-06-25 06:00:00,16.06666666666667,16.06666666666667,0.93,3.1717,6.0,2.8175000000000003,0.0,1011.65
2022-06-25 07:00:00,14.97777777777778,14.97777777777778,0.93,9.450700000000001,349.0,5.0876,0.0,1012.14
2022-06-25 08:00:00,16.072222222222223,16.072222222222223,0.88,5.119800000000001,340.0,5.0715,0.0,1011.09
2022-06-25 09:00:00,15.027777777777779,15.027777777777779,0.93,7.8084999999999996,11.0,4.7495,0.0,1010.99
2022-06-25 10:00:00,15.027777777777779,15.027777777777779,0.93,10.577700000000002,10.0,4.7495,0.0,1010.06
2022-06-25 11:00:00,15.272222222222224,15.272222222222224,0.93,13.0249,3.0,4.2182,0.0,1010.58
2022-06-25 12:00:00,16.06666666666667,16.06666666666667,0.93,8.9677,350.0,4.2987,0.0,1009.3
2022-06-25 13:00:00,16.116666666666664,16.116666666666664,0.92,11.914000000000001,50.0,4.7495,0.0,1009.54
2022-06-25 14:00:00,16.122222222222224,16.122222222222224,0.93,12.461400000000001,19.0,4.2182,0.0,1009.82
2022-06-25 15:00:00,16.13888888888889,16.13888888888889,0.93,12.4292,60.0,3.8318,0.0,1008.3
2022-06-25 16:00:00,17.17777777777778,17.17777777777778,0.87,4.6851,12.0,8.1305,0.0,1007.38
2022-06-25 17:00:00,16.3,16.3,0.93,9.66,308.0,6.8425,0.0,1007.4
2022-06-25 18:00:00,16.16111111111111,16.16111111111111,0.92,7.969500000000001,260.0,6.295100000000001,0.0,1007.66
2022-06-25 19:00:00,17.200000000000003,17.200000000000003,0.87,9.450700000000001,290.0,9.982000000000001,0.0,1005.88
2022-06-25 20:00:00,17.083333333333332,17.083333333333332,0.88,3.0268,256.0,8.645700000000001,0.0,1007.48
2022-06-25 21:00:00,16.08888888888889,16.08888888888889,0.93,9.2736,231.0,10.255700000000001,0.0,1008.16
2022-06-25 22:00:00,16.08888888888889,16.08888888888889,0.93,10.9158,221.0,10.255700000000001,0.0,1007.99
2022-06-25 23:00:00,16.216666666666665,16.216666666666665,0.93,13.5401,243.0,14.168000000000003,0.0,1008.43
2022-06-26 00:00:00,15.627777777777778,15.627777777777778,0.93,11.270000000000001,260.0,15.826300000000002,0.0,1007.82
2022-06-26 01:00:00,15.050000000000002,15.050000000000002,0.93,10.9158,251.0,10.255700000000001,0.0,1008.01
2022-06-26 02:00:00,15.144444444444442,15.144444444444442,0.93,10.4006,244.0,15.150100000000002,0.0,1008.2
2022-06-26 03:00:00,14.97777777777778,14.97777777777778,0.93,11.1895,261.0,16.0517,0.0,1008.44
2022-06-26 04:00:00,14.905555555555553,14.905555555555553,0.92,11.559800000000001,263.0,16.0517,0.0,1008.94
2022-06-26 05:00:00,14.41111111111111,14.41111111111111,0.91,16.9372,280.0,15.1823,0.0,1009.95
2022-06-26 06:00:00,12.755555555555556,12.755555555555556,0.9,16.6796,290.0,16.1,0.0,1010.85
2022-06-26 07:00:00,14.933333333333334,14.933333333333334,0.78,17.6295,290.0,16.1,0.0,1011.52
2022-06-26 08:00:00,15.961111111111109,15.961111111111109,0.72,20.5919,291.0,9.982000000000001,0.0,1012.09
2022-06-26 09:00:00,17.733333333333334,17.733333333333334,0.56,27.0802,290.0,9.982000000000001,0.0,1012.41
2022-06-26 10:00:00,18.83888888888889,18.83888888888889,0.56,25.3897,291.0,9.982000000000001,0.0,1012.41
2022-06-26 11:00:00,19.88888888888889,19.88888888888889,0.45,30.8315,299.0,10.3523,0.0,1013.27
2022-06-26 12:00:00,19.95,19.95,0.49,31.3467,290.0,9.982000000000001,0.0,1013.6
2022-06-26 13:00:00,21.03888888888889,21.03888888888889,0.46,23.489900000000002,300.0,9.982000000000001,0.0,1014.1
2022-06-26 14:00:00,22.022222222222222,22.022222222222222,0.43,21.300300000000004,281.0,10.577700000000002,0.0,1014.05
2022-06-26 15:00:00,21.15555555555555,21.15555555555555,0.46,20.5275,291.0,10.255700000000001,0.0,1013.99
2022-06-26 16:00:00,22.194444444444443,22.194444444444443,0.39,17.259200000000003,300.0,16.1,0.0,1013.71
2022-06-26 17:00:00,21.244444444444444,21.244444444444444,0.41,16.744000000000003,293.0,15.552600000000002,0.0,1013.69
2022-06-26 18:00:00,21.13888888888889,21.13888888888889,0.42,17.2753,301.0,16.1,0.0,1013.2
2022-06-26 19:00:00,20.05,20.05,0.49,11.0768,300.0,16.1,0.0,1013.76
2022-06-26 20:00:00,18.105555555555558,18.105555555555558,0.61,7.905100000000001,302.0,15.552600000000002,0.0,1013.59
2022-06-26 21:00:00,15.072222222222223,15.072222222222223,0.82,8.033900000000001,244.0,16.1,0.0,1013.99
2022-06-26 22:00:00,14.355555555555558,14.355555555555558,0.77,3.0268,220.0,16.1,0.0,1014.7
2022-06-26 23:00:00,13.094444444444443,13.094444444444443,0.82,5.474,222.0,15.1823,0.0,1014.94
2022-06-27 00:00:00,12.68888888888889,12.68888888888889,0.83,2.9463000000000004,239.0,16.1,0.0,1015.41
2022-06-27 01:00:00,12.111111111111109,12.111111111111109,0.86,3.4293,267.0,16.1,0.0,1015.24
2022-06-27 02:00:00,11.81111111111111,11.81111111111111,0.86,5.8604,285.0,15.1823,0.0,1015.24
2022-06-27 03:00:00,11.027777777777779,11.027777777777779,0.86,6.0858,305.0,16.1,0.0,1015.15
2022-06-27 04:00:00,10.399999999999999,10.399999999999999,0.86,6.279,351.0,16.1,0.0,1014.97
2022-06-27 05:00:00,9.694444444444446,9.694444444444446,0.93,3.6386,319.0,15.1823,0.0,1015.3
2022-06-27 06:00:00,11.005555555555556,11.005555555555556,0.93,5.0071,334.0,15.1823,0.0,1015.67
2022-06-27 07:00:00,13.777777777777777,13.777777777777777,0.83,9.4024,19.0,16.1,0.0,1016.27
2022-06-27 08:00:00,15.86111111111111,15.86111111111111,0.73,12.461400000000001,26.0,15.1823,0.0,1017.07
2022-06-27 09:00:00,17.733333333333334,17.733333333333334,0.65,15.4721,21.0,10.255700000000001,0.0,1017.47
2022-06-27 10:00:00,19.92777777777778,19.92777777777778,0.53,13.910400000000001,21.0,10.255700000000001,0.0,1017.85
2022-06-27 11:00:00,21.06666666666667,21.06666666666667,0.49,12.3004,7.0,10.577700000000002,0.0,1018.12
2022-06-27 12:00:00,22.266666666666666,22.266666666666666,0.46,12.2199,352.0,10.255700000000001,0.0,1018.33
2022-06-27 13:00:00,22.800000000000004,22.800000000000004,0.47,10.4972,29.0,10.255700000000001,0.0,1018.41
2022-06-27 14:00:00,22.83333333333333,22.83333333333333,0.38,10.126900000000001,26.0,10.577700000000002,0.0,1018.21
2022-06-27 15:00:00,23.883333333333333,23.883333333333333,0.38,10.384500000000001,21.0,16.1,0.0,1017.94
2022-06-27 16:00:00,23.86111111111111,23.86111111111111,0.34,9.3863,340.0,16.1,0.0,1017.93
2022-06-27 17:00:00,23.972222222222225,23.972222222222225,0.35,4.5724,19.0,15.552600000000002,0.0,1017.93
2022-06-27 18:00:00,23.83888888888889,23.83888888888889,0.34,9.032100000000002,2.0,16.1,0.0,1018.01
2022-06-27 19:00:00,22.800000000000004,22.800000000000004,0.38,4.4114,330.0,16.1,0.0,1018.11
2022-06-27 20:00:00,21.37777777777778,21.37777777777778,0.47,2.9463000000000004,0.0,15.552600000000002,0.0,1018.41
2022-06-27 21:00:00,17.244444444444444,17.244444444444444,0.74,3.22,300.0,16.1,0.0,1018.9
2022-06-27 22:00:00,15.511111111111113,15.511111111111113,0.83,3.22,290.0,16.1,0.0,1019.41
2022-06-27 23:00:00,14.47777777777778,14.47777777777778,0.82,3.22,320.0,15.1823,0.0,1019.72
2022-06-28 00:00:00,12.733333333333334,12.733333333333334,0.9,3.22,310.0,16.1,0.0,1019.9
2022-06-28 01:00:00,12.177777777777779,12.177777777777779,0.92,0.0,0.0,16.1,0.0,1019.82
2022-06-28 02:00:00,11.744444444444445,11.744444444444445,0.92,3.1717,352.0,15.1823,0.0,1019.94
2022-06-28 03:00:00,11.044444444444444,11.044444444444444,0.93,3.22,290.0,16.1,0.0,1020.11
2022-06-28 04:00:00,10.533333333333335,10.533333333333335,0.93,0.0,0.0,16.1,0.0,1020.0
2022-06-28 05:00:00,10.533333333333335,10.533333333333335,0.93,3.22,110.0,16.1,0.0,1020.01
2022-06-28 06:00:00,12.644444444444442,12.644444444444442,0.96,3.22,90.0,16.1,0.0,1020.21
2022-06-28 07:00:00,16.005555555555556,16.005555555555556,0.83,4.7656,141.0,16.1,0.0,1020.11
2022-06-28 08:00:00,20.777777777777782,20.777777777777782,0.45,1.9964000000000002,128.0,15.552600000000002,0.0,1020.01
2022-06-28 09:00:00,22.75555555555555,22.75555555555555,0.37,3.5581,128.0,16.1,0.0,1019.98
2022-06-28 10:00:00,23.88888888888889,23.88888888888889,0.34,9.6439,133.0,16.1,0.0,1019.69
2022-06-28 11:00:00,24.922222222222224,24.922222222222224,0.32,8.8228,111.0,15.552600000000002,0.0,1019.61
2022-06-28 12:00:00,25.022222222222226,25.022222222222226,0.32,8.0822,126.0,16.1,0.0,1019.37
2022-06-28 13:00:00,26.13333333333334,26.13333333333334,0.31,2.6726,64.0,16.1,0.0,1018.79
2022-06-28 14:00:00,26.97222222222222,26.3,0.27,2.7048,128.0,15.552600000000002,0.0,1018.62
2022-06-28 15:00:00,27.17222222222222,26.46111111111111,0.28,11.3344,168.0,16.1,0.0,1017.87
2022-06-28 16:00:00,27.194444444444443,26.51111111111111,0.29,3.5259,192.0,16.1,0.0,1017.18
2022-06-28 17:00:00,27.194444444444443,26.444444444444443,0.28,7.792400000000001,130.0,15.552600000000002,0.0,1016.89
2022-06-28 18:00:00,27.17222222222222,26.494444444444444,0.29,8.2754,170.0,16.1,0.0,1016.47
2022-06-28 19:00:00,26.06111111111111,26.06111111111111,0.36,9.595600000000001,160.0,16.1,0.0,1016.17
2022-06-28 20:00:00,22.68888888888889,22.68888888888889,0.49,8.790600000000001,138.0,15.552600000000002,0.0,1015.75
2022-06-28 21:00:00,20.05,20.05,0.62,11.0446,130.0,16.1,0.0,1015.76
2022-06-28 22:00:00,19.400000000000002,19.400000000000002,0.65,10.7387,140.0,16.1,0.0,1015.97
2022-06-28 23:00:00,17.677777777777777,17.677777777777777,0.73,6.7298,138.0,15.552600000000002,0.0,1015.99
2022-06-29 00:00:00,17.77777777777778,17.77777777777778,0.7,14.1197,140.0,16.1,0.0,1016.06
2022-06-29 01:00:00,18.311111111111106,18.311111111111106,0.73,13.7977,149.0,16.1,0.0,1015.66
2022-06-29 02:00:00,17.655555555555555,17.655555555555555,0.76,13.3952,146.0,15.1823,0.0,1015.21
2022-06-29 03:00:00,17.127777777777776,17.127777777777776,0.78,13.894300000000003,150.0,16.1,0.0,1014.76
2022-06-29 04:00:00,16.666666666666668,16.666666666666668,0.81,14.039200000000001,150.0,16.1,0.0,1014.45
2022-06-29 05:00:00,16.166666666666668,16.166666666666668,0.84,13.7494,149.0,15.1823,0.0,1014.46
2022-06-29 06:00:00,17.08888888888889,17.08888888888889,0.76,15.488199999999999,140.0,10.255700000000001,0.0,1014.44
2022-06-29 07:00:00,18.82222222222222,18.82222222222222,0.73,17.001600000000003,150.0,16.1,0.0,1014.06
2022-06-29 08:00:00,21.055555555555557,21.055555555555557,0.65,19.126800000000003,150.0,15.1823,0.0,1013.74
2022-06-29 09:00:00,23.81666666666667,23.81666666666667,0.58,15.504300000000002,170.0,16.1,0.0,1013.56
2022-06-29 10:00:00,25.04444444444444,25.04444444444444,0.54,15.6009,189.0,16.1,0.0,1013.24
2022-06-29 11:00:00,27.1,27.16666666666667,0.44,15.520400000000002,196.0,15.552600000000002,0.0,1012.91
2022-06-29 12:00:00,27.84444444444445,27.722222222222225,0.43,17.1787,209.0,16.1,0.0,1012.63
2022-06-29 13:00:00,27.89444444444444,27.561111111111114,0.4,21.686700000000002,172.0,16.1,0.0,1012.03
2022-06-29 14:00:00,28.988888888888894,28.561111111111106,0.4,20.4953,191.0,15.552600000000002,0.0,1011.88
2022-06-29 15:00:00,29.994444444444444,29.166666666666668,0.35,22.137500000000003,190.0,16.1,0.0,1011.42
2022-06-29 16:00:00,30.088888888888885,29.727777777777778,0.39,17.4846,192.0,16.1,0.0,1011.02
2022-06-29 17:00:00,29.977777777777774,29.172222222222224,0.35,17.1787,196.0,15.552600000000002,0.0,1010.66
2022-06-29 18:00:00,28.983333333333334,28.305555555555557,0.37,22.137500000000003,180.0,16.1,0.0,1009.91
2022-06-29 19:00:00,27.82222222222222,27.505555555555556,0.4,14.2807,172.0,16.1,0.0,1009.53
2022-06-29 20:00:00,26.29444444444444,26.29444444444444,0.46,13.4274,153.0,15.552600000000002,0.0,1009.47
2022-06-29 21:00:00,24.95,24.95,0.58,16.7923,151.0,15.826300000000002,0.0,1009.34
2022-06-29 22:00:00,23.81666666666667,23.81666666666667,0.6,19.803,150.0,16.1,0.0,1009.72
2022-06-29 23:00:00,23.133333333333333,23.133333333333333,0.61,15.713600000000001,140.0,15.552600000000002,0.0,1009.43
2022-06-30 00:00:00,22.22222222222222,22.22222222222222,0.62,17.1304,150.0,16.1,0.0,1009.03
2022-06-30 01:00:00,20.650000000000002,20.650000000000002,0.68,14.2163,142.0,16.1,0.0,1008.81
2022-06-30 02:00:00,20.349999999999998,20.349999999999998,0.68,14.0714,142.0,15.552600000000002,0.0,1008.36
2022-06-30 03:00:00,20.07222222222222,20.07222222222222,0.66,13.5884,141.0,16.1,0.0,1007.82
2022-06-30 04:00:00,19.977777777777774,19.977777777777774,0.64,16.7762,150.0,16.1,0.0,1007.23
2022-06-30 05:00:00,19.522222222222222,19.522222222222222,0.64,18.0803,140.0,15.552600000000002,0.0,1006.88
2022-06-30 06:00:00,19.93333333333333,19.93333333333333,0.64,13.636700000000001,150.0,16.1,0.0,1006.66
2022-06-30 07:00:00,22.55,22.55,0.55,23.6992,140.0,16.1,0.0,1006.06
2022-06-30 08:00:00,22.733333333333334,22.733333333333334,0.52,25.5185,159.0,15.552600000000002,0.0,1005.81
2022-06-30 09:00:00,22.68888888888889,22.68888888888889,0.54,24.005100000000002,151.0,15.826300000000002,0.0,1005.72
2022-06-30 10:00:00,22.555555555555554,22.555555555555554,0.59,19.5776,171.0,15.826300000000002,0.0,1006.23
2022-06-30 11:00:00,24.238888888888887,24.238888888888887,0.58,21.3808,180.0,15.3111,0.0,1006.76
2022-06-30 12:00:00,23.527777777777775,23.527777777777775,0.6,15.262800000000002,213.0,15.826300000000002,0.0,1006.99
2022-06-30 13:00:00,23.5,23.5,0.63,14.1358,255.0,9.982000000000001,0.0,1007.36
2022-06-30 14:00:00,21.12777777777778,21.12777777777778,0.74,16.3415,290.0,10.3523,0.0,1007.62
2022-06-30 15:00:00,17.805555555555557,17.805555555555557,0.83,17.4685,271.0,9.982000000000001,0.0,1008.47
2022-06-30 16:00:00,17.200000000000003,17.200000000000003,0.93,15.681400000000002,242.0,9.982000000000001,0.0,1009.99
2022-06-30 17:00:00,16.272222222222222,16.272222222222222,0.93,18.8209,279.0,6.488300000000001,0.0,1009.63
2022-06-30 18:00:00,17.266666666666666,17.266666666666666,0.87,11.2056,271.0,9.982000000000001,0.0,1009.03
2022-06-30 19:00:00,17.266666666666666,17.266666666666666,0.86,11.414900000000001,262.0,10.255700000000001,0.0,1010.29
2022-06-30 20:00:00,17.244444444444444,17.244444444444444,0.82,10.239600000000001,253.0,10.2235,0.0,1010.63
2022-06-30 21:00:00,16.183333333333334,16.183333333333334,0.86,11.1895,251.0,16.1,0.0,1011.49
2022-06-30 22:00:00,16.08888888888889,16.08888888888889,0.84,11.125100000000002,242.0,16.1,0.0,1012.09
2022-06-30 23:00:00,15.255555555555556,15.255555555555556,0.87,11.141200000000001,254.0,15.1823,0.0,1012.38
2022-07-01 00:00:00,14.561111111111112,14.561111111111112,0.89,11.141200000000001,243.0,16.1,0.0,1012.87
2022-07-01 01:00:00,14.538888888888891,14.538888888888891,0.86,14.2324,244.0,16.1,0.0,1013.19
2022-07-01 02:00:00,14.066666666666666,14.066666666666666,0.86,11.398800000000001,254.0,15.1823,0.0,1013.57
2022-07-01 03:00:00,13.961111111111112,13.961111111111112,0.85,14.2646,253.0,16.1,0.0,1013.42
2022-07-01 04:00:00,13.377777777777776,13.377777777777776,0.86,14.1036,263.0,16.1,0.0,1013.55
2022-07-01 05:00:00,13.0,13.0,0.86,17.3397,270.0,15.1823,0.0,1014.43
2022-07-01 06:00:00,13.866666666666667,13.866666666666667,0.83,12.799500000000002,281.0,16.1,0.0,1015.15
2022-07-01 07:00:00,16.044444444444444,16.044444444444444,0.78,20.334300000000002,300.0,16.1,0.0,1015.75
2022-07-01 08:00:00,17.194444444444443,17.194444444444443,0.68,20.221600000000002,309.0,9.982000000000001,0.0,1016.67
2022-07-01 09:00:00,18.86666666666666,18.86666666666666,0.65,17.0982,319.0,9.982000000000001,0.0,1017.13
2022-07-01 10:00:00,20.05,20.05,0.57,14.296800000000003,319.0,9.982000000000001,0.0,1017.7
2022-07-01 11:00:00,21.016666666666666,21.016666666666666,0.53,12.654600000000002,329.0,10.3523,0.0,1018.02
2022-07-01 12:00:00,22.24444444444445,22.24444444444445,0.52,11.141200000000001,318.0,9.982000000000001,0.0,1018.01
2022-07-01 13:00:00,22.82777777777778,22.82777777777778,0.47,12.960500000000001,291.0,10.255700000000001,0.0,1018.2
2022-07-01 14:00:00,23.7,23.7,0.44,13.379100000000001,283.0,10.577700000000002,0.0,1018.09
2022-07-01 15:00:00,22.89444444444444,22.89444444444444,0.41,14.312900000000003,300.0,16.1,0.0,1018.19
2022-07-01 16:00:00,24.92777777777778,24.92777777777778,0.36,11.237800000000002,253.0,16.1,0.0,1018.01
2022-07-01 17:00:00,24.92777777777778,24.92777777777778,0.32,12.5419,294.0,15.552600000000002,0.0,1017.99
2022-07-01 18:00:00,24.95,24.95,0.32,12.783400000000002,298.0,16.1,0.0,1018.01
2022-07-01 19:00:00,22.800000000000004,22.800000000000004,0.37,12.783400000000002,282.0,16.1,0.0,1018.21
2022-07-01 20:00:00,20.555555555555557,20.555555555555557,0.56,7.422100000000001,280.0,15.552600000000002,0.0,1018.55
2022-07-01 21:00:00,18.28888888888889,18.28888888888889,0.65,6.1502,270.0,16.1,0.0,1019.2
2022-07-01 22:00:00,15.488888888888889,15.488888888888889,0.78,3.22,250.0,16.1,0.0,1020.0
2022-07-01 23:00:00,14.57777777777778,14.57777777777778,0.81,6.2146,260.0,15.1823,0.0,1020.2
2022-07-02 00:00:00,13.244444444444447,13.244444444444447,0.86,0.0,0.0,16.1,0.0,1020.41
2022-07-02 01:00:00,12.105555555555554,12.105555555555554,0.9,3.22,170.0,16.1,0.0,1020.71
2022-07-02 02:00:00,11.85,11.85,0.93,3.22,250.0,15.1823,0.0,1020.89
2022-07-02 03:00:00,11.08888888888889,11.08888888888889,0.93,0.0,0.0,16.1,0.0,1020.99
2022-07-02 04:00:00,11.066666666666668,11.066666666666668,0.93,3.22,180.0,16.1,0.0,1020.8
2022-07-02 05:00:00,10.16111111111111,10.16111111111111,0.93,2.1413,151.0,15.1823,0.0,1020.96
2022-07-02 06:00:00,13.711111111111112,13.711111111111112,0.93,1.6261,146.0,16.1,0.0,1021.1
2022-07-02 07:00:00,17.6,17.6,0.73,4.6851,140.0,16.1,0.0,1021.08
2022-07-02 08:00:00,20.811111111111106,20.811111111111106,0.58,7.985600000000001,130.0,15.1823,0.0,1021.15
2022-07-02 09:00:00,22.75555555555555,22.75555555555555,0.48,11.0285,123.0,16.1,0.0,1021.28
2022-07-02 10:00:00,23.88888888888889,23.88888888888889,0.36,12.7512,132.0,16.1,0.0,1021.17
2022-07-02 11:00:00,24.87222222222222,24.87222222222222,0.34,13.8782,138.0,15.552600000000002,0.0,1021.02
2022-07-02 12:00:00,26.11111111111111,26.11111111111111,0.3,11.270000000000001,132.0,16.1,0.0,1021.06
2022-07-02 13:00:00,26.13888888888889,26.13888888888889,0.34,15.568700000000002,143.0,16.1,0.0,1020.58
2022-07-02 14:00:00,27.09444444444444,26.483333333333334,0.3,12.9444,154.0,15.552600000000002,0.0,1020.27
2022-07-02 15:00:00,27.24444444444445,26.66111111111111,0.32,12.654600000000002,189.0,16.1,0.0,1019.87
2022-07-02 16:00:00,27.266666666666666,26.555555555555557,0.29,14.1036,142.0,16.1,0.0,1019.48
2022-07-02 17:00:00,27.17222222222222,26.683333333333334,0.34,10.867500000000001,175.0,15.552600000000002,0.0,1018.85
2022-07-02 18:00:00,27.194444444444443,26.522222222222222,0.29,13.9909,189.0,16.1,0.0,1018.49
2022-07-02 19:00:00,26.03888888888889,26.03888888888889,0.42,8.1305,170.0,16.1,0.0,1018.19
2022-07-02 20:00:00,23.244444444444447,23.244444444444447,0.53,4.9910000000000005,155.0,15.552600000000002,0.0,1018.33
2022-07-02 21:00:00,20.11666666666666,20.11666666666666,0.72,4.8944,161.0,16.1,0.0,1018.29
2022-07-02 22:00:00,19.450000000000003,19.450000000000003,0.72,6.423900000000001,161.0,16.1,0.0,1018.78
2022-07-02 23:00:00,18.033333333333328,18.033333333333328,0.74,5.6028,157.0,15.1823,0.0,1018.61
2022-07-03 00:00:00,17.200000000000003,17.200000000000003,0.75,6.1341,159.0,16.1,0.0,1018.58
2022-07-03 01:00:00,16.183333333333334,16.183333333333334,0.81,6.5044,160.0,16.1,0.0,1018.46
2022-07-03 02:00:00,17.422222222222224,17.422222222222224,0.76,9.177000000000001,164.0,15.1823,0.0,1018.27
2022-07-03 03:00:00,16.761111111111113,16.761111111111113,0.81,9.080400000000001,175.0,16.1,0.0,1018.16
2022-07-03 04:00:00,17.666666666666668,17.666666666666668,0.79,20.2377,320.0,15.826300000000002,0.0,1019.43
2022-07-03 05:00:00,17.200000000000003,17.200000000000003,0.84,13.3147,343.0,14.9569,0.0,1019.27
2022-07-03 06:00:00,15.994444444444444,15.994444444444444,0.93,11.2217,300.0,10.255700000000001,0.0,1020.34
2022-07-03 07:00:00,16.08888888888889,16.08888888888889,0.87,17.259200000000003,310.0,9.982000000000001,0.0,1020.56
2022-07-03 08:00:00,17.07777777777778,17.07777777777778,0.83,16.6152,319.0,9.982000000000001,0.0,1021.35
2022-07-03 09:00:00,16.183333333333334,16.183333333333334,0.87,20.5436,301.0,9.982000000000001,0.0,1021.96
2022-07-03 10:00:00,17.288888888888888,17.288888888888888,0.81,19.448800000000002,301.0,9.982000000000001,0.0,1022.66
2022-07-03 11:00:00,19.777777777777775,19.777777777777775,0.7,23.184,328.0,9.982000000000001,0.0,1022.84
2022-07-03 12:00:00,22.216666666666665,22.216666666666665,0.53,24.633000000000003,339.0,9.982000000000001,0.0,1023.13
2022-07-03 13:00:00,22.84444444444445,22.84444444444445,0.48,20.076700000000002,348.0,9.982000000000001,0.0,1023.48
2022-07-03 14:00:00,22.983333333333334,22.983333333333334,0.43,12.7512,1.0,15.552600000000002,0.0,1023.48
2022-07-03 15:00:00,25.022222222222226,25.022222222222226,0.41,7.9373000000000005,6.0,16.1,0.0,1023.12
2022-07-03 16:00:00,24.00555555555555,24.00555555555555,0.44,9.3541,43.0,16.1,0.0,1022.83
2022-07-03 17:00:00,24.099999999999998,24.099999999999998,0.38,4.9266000000000005,17.0,10.577700000000002,0.0,1022.71
2022-07-03 18:00:00,22.96111111111111,22.96111111111111,0.47,2.8658,142.0,10.255700000000001,0.0,1022.82
2022-07-03 19:00:00,23.88888888888889,23.88888888888889,0.34,15.906800000000002,329.0,16.1,0.0,1022.82
2022-07-03 20:00:00,21.36666666666666,21.36666666666666,0.41,11.3505,321.0,10.577700000000002,0.0,1022.88
2022-07-03 21:00:00,17.288888888888888,17.288888888888888,0.63,10.980200000000002,359.0,16.1,0.0,1023.15
2022-07-03 22:00:00,17.11111111111111,17.11111111111111,0.65,10.7548,350.0,16.1,0.0,1023.93
2022-07-03 23:00:00,15.227777777777776,15.227777777777776,0.77,3.8962000000000003,300.0,15.1823,0.0,1024.02
2022-07-04 00:00:00,13.338888888888887,13.338888888888887,0.89,3.22,310.0,16.1,0.0,1024.24
2022-07-04 01:00:00,12.68888888888889,12.68888888888889,0.9,3.1717,62.0,16.1,0.0,1024.52
2022-07-04 02:00:00,12.43888888888889,12.43888888888889,0.89,3.0751,305.0,15.1823,0.0,1024.51
2022-07-04 03:00:00,11.605555555555556,11.605555555555556,0.93,3.22,350.0,16.1,0.0,1024.42
2022-07-04 04:00:00,11.022222222222224,11.022222222222224,0.93,3.22,330.0,16.1,0.0,1024.42
2022-07-04 05:00:00,10.72777777777778,10.72777777777778,0.93,2.9141000000000004,338.0,14.9569,0.0,1024.24
2022-07-04 06:00:00,12.622222222222222,12.622222222222222,0.96,3.22,0.0,16.1,0.0,1024.32
2022-07-04 07:00:00,18.555555555555557,18.555555555555557,0.74,0.0,0.0,15.1823,0.0,1023.92
2022-07-04 08:00:00,21.727777777777778,21.727777777777778,0.56,1.6422,54.0,15.552600000000002,0.0,1023.81
2022-07-04 09:00:00,22.77777777777778,22.77777777777778,0.48,9.5151,102.0,16.1,0.0,1023.71
2022-07-04 10:00:00,22.872222222222224,22.872222222222224,0.37,7.985600000000001,111.0,16.1,0.0,1023.59
2022-07-04 11:00:00,23.82222222222222,23.82222222222222,0.36,5.0876,127.0,15.552600000000002,0.0,1023.33
2022-07-04 12:00:00,25.022222222222226,25.022222222222226,0.32,4.347,76.0,16.1,0.0,1022.88
2022-07-04 13:00:00,26.11111111111111,26.11111111111111,0.34,2.8819000000000004,146.0,16.1,0.0,1021.9
2022-07-04 14:00:00,26.083333333333332,26.083333333333332,0.31,3.4454000000000002,21.0,15.552600000000002,0.0,1021.46
2022-07-04 15:00:00,26.227777777777774,26.227777777777774,0.3,4.8139,205.0,16.1,0.0,1020.76
2022-07-04 16:00:00,27.24444444444445,26.538888888888884,0.29,7.8729,216.0,16.1,0.0,1020.09
2022-07-04 17:00:00,27.17222222222222,26.444444444444443,0.28,3.22,134.0,15.552600000000002,0.0,1019.49
2022-07-04 18:00:00,27.199999999999996,26.477777777777774,0.28,1.9803000000000002,189.0,16.1,0.0,1018.86
2022-07-04 19:00:00,25.07222222222222,25.07222222222222,0.39,5.152000000000001,132.0,16.1,0.0,1018.17
2022-07-04 20:00:00,22.57222222222222,22.57222222222222,0.44,7.550900000000001,117.0,15.552600000000002,0.0,1017.7
2022-07-04 21:00:00,21.06666666666667,21.06666666666667,0.49,10.867500000000001,112.0,16.1,0.0,1017.58
2022-07-04 22:00:00,19.799999999999997,19.799999999999997,0.52,10.6099,111.0,16.1,0.0,1017.6
2022-07-04 23:00:00,16.43888888888889,16.43888888888889,0.71,6.295100000000001,128.0,15.552600000000002,0.0,1017.7
2022-07-05 00:00:00,14.633333333333335,14.633333333333335,0.79,6.021400000000001,131.0,16.1,0.0,1017.16
2022-07-05 01:00:00,17.55,17.55,0.55,10.9158,121.0,16.1,0.0,1016.33
2022-07-05 02:00:00,14.61111111111111,14.61111111111111,0.76,5.8443000000000005,137.0,15.552600000000002,0.0,1016.31
2022-07-05 03:00:00,13.333333333333334,13.333333333333334,0.8,6.230700000000001,138.0,16.1,0.0,1016.15
2022-07-05 04:00:00,14.305555555555555,14.305555555555555,0.76,6.1341,119.0,16.1,0.0,1015.28
2022-07-05 05:00:00,14.294444444444443,14.294444444444443,0.76,9.9981,118.0,15.552600000000002,0.0,1014.94
2022-07-05 06:00:00,15.005555555555553,15.005555555555553,0.78,9.3863,130.0,16.1,0.0,1015.15
2022-07-05 07:00:00,17.666666666666668,17.666666666666668,0.65,16.985500000000002,140.0,16.1,0.0,1014.66
2022-07-05 08:00:00,19.899999999999995,19.899999999999995,0.61,19.2878,140.0,15.552600000000002,0.0,1014.15
2022-07-05 09:00:00,22.75555555555555,22.75555555555555,0.51,26.243000000000002,150.0,16.1,0.0,1013.65
2022-07-05 10:00:00,24.90555555555555,24.90555555555555,0.45,27.5471,141.0,16.1,0.0,1012.77
2022-07-05 11:00:00,26.083333333333332,26.083333333333332,0.41,26.082,159.0,15.552600000000002,0.0,1012.23
2022-07-05 12:00:00,27.194444444444443,26.727777777777778,0.34,23.1035,151.0,16.1,0.0,1011.89
2022-07-05 13:00:00,27.82222222222222,27.36111111111111,0.38,20.1733,151.0,16.1,0.0,1011.57
2022-07-05 14:00:00,27.788888888888884,27.333333333333332,0.38,15.295000000000002,161.0,15.552600000000002,0.0,1011.04
2022-07-05 15:00:00,27.933333333333334,27.283333333333335,0.35,16.985500000000002,160.0,16.1,0.0,1010.78
2022-07-05 16:00:00,29.0,28.22222222222222,0.35,12.4292,170.0,16.1,0.0,1010.57
2022-07-05 17:00:00,28.97222222222222,28.249999999999996,0.36,14.0875,171.0,15.552600000000002,0.0,1010.18
2022-07-05 18:00:00,28.977777777777774,28.272222222222222,0.36,8.9677,139.0,16.1,0.0,1010.18
2022-07-05 19:00:00,27.333333333333332,27.305555555555557,0.43,12.960500000000001,130.0,16.1,0.0,1010.47
2022-07-05 20:00:00,25.25555555555555,25.25555555555555,0.52,9.982000000000001,132.0,15.552600000000002,0.0,1010.85
2022-07-05 21:00:00,22.82777777777778,22.82777777777778,0.57,12.5741,140.0,16.1,0.0,1011.17
2022-07-05 22:00:00,22.16111111111111,22.16111111111111,0.6,11.0285,141.0,16.1,0.0,1011.49
2022-07-05 23:00:00,20.316666666666663,20.316666666666663,0.68,6.617100000000001,174.0,15.552600000000002,0.0,1011.93
2022-07-06 00:00:00,19.983333333333334,19.983333333333334,0.7,11.0285,161.0,16.1,0.0,1012.21
2022-07-06 01:00:00,18.36111111111111,18.36111111111111,0.78,11.0446,160.0,16.1,0.0,1012.48
2022-07-06 02:00:00,18.34444444444444,18.34444444444444,0.79,5.699400000000001,159.0,15.1823,0.0,1012.32
2022-07-06 03:00:00,18.711111111111116,18.711111111111116,0.76,6.295100000000001,160.0,16.1,0.0,1012.3
2022-07-06 04:00:00,18.666666666666664,18.666666666666664,0.76,6.295100000000001,140.0,16.1,0.0,1012.42
2022-07-06 05:00:00,18.68333333333333,18.68333333333333,0.78,5.5384,137.0,15.1823,0.0,1012.55
2022-07-06 06:00:00,18.711111111111116,18.711111111111116,0.78,4.7334000000000005,129.0,10.255700000000001,0.0,1012.91
2022-07-06 07:00:00,20.05,20.05,0.73,7.5992,159.0,16.1,0.0,1013.2
2022-07-06 08:00:00,22.605555555555554,22.605555555555554,0.67,9.6278,148.0,10.2235,0.0,1013.55
2022-07-06 09:00:00,24.93333333333333,24.93333333333333,0.58,8.8389,151.0,10.255700000000001,0.0,1013.61
2022-07-06 10:00:00,26.13888888888889,26.13888888888889,0.54,10.3362,180.0,16.1,0.0,1013.7
2022-07-06 11:00:00,27.62777777777778,27.816666666666663,0.47,10.0786,175.0,15.552600000000002,0.0,1013.75
2022-07-06 12:00:00,28.88888888888889,28.505555555555556,0.4,9.2414,169.0,16.1,0.0,1013.52
2022-07-06 13:00:00,30.0,29.383333333333333,0.37,9.305800000000001,179.0,16.1,0.0,1013.4
2022-07-06 14:00:00,30.077777777777776,29.311111111111114,0.36,8.7262,182.0,15.552600000000002,0.0,1013.25
2022-07-06 15:00:00,29.04444444444444,29.477777777777778,0.48,3.2361,138.0,15.826300000000002,0.0,1012.9
2022-07-06 16:00:00,31.083333333333332,31.105555555555554,0.41,10.5294,220.0,9.982000000000001,0.0,1012.6
2022-07-06 17:00:00,31.11111111111111,30.050000000000004,0.32,6.44,150.0,9.982000000000001,0.0,0.0
2022-07-06 18:00:00,29.616666666666667,29.40555555555556,0.41,4.9105,169.0,9.965900000000001,0.0,1012.3
2022-07-06 19:00:00,27.938888888888894,28.549999999999997,0.52,4.652900000000001,200.0,9.982000000000001,0.0,1012.3
2022-07-06 20:00:00,26.51666666666667,26.51666666666667,0.52,7.5348,124.0,10.3523,0.0,1012.74
2022-07-06 21:00:00,22.872222222222224,22.872222222222224,0.7,7.6796999999999995,130.0,16.1,0.0,1013.28
2022-07-06 22:00:00,22.68888888888889,22.68888888888889,0.68,11.270000000000001,130.0,16.1,0.0,1013.59
2022-07-06 23:00:00,21.827777777777783,21.827777777777783,0.73,5.6833,154.0,15.1823,0.0,1013.91
2022-07-07 00:00:00,19.93333333333333,19.93333333333333,0.81,6.44,180.0,16.1,0.0,1014.0
2022-07-07 01:00:00,19.86111111111111,19.86111111111111,0.81,6.1502,169.0,16.1,0.0,1014.0
2022-07-07 02:00:00,19.60555555555556,19.60555555555556,0.81,5.796,192.0,15.150100000000002,0.0,1013.9
2022-07-07 03:00:00,19.261111111111113,19.261111111111113,0.82,11.270000000000001,170.0,16.0517,0.0,1014.1
2022-07-07 04:00:00,18.70555555555556,18.70555555555556,0.85,6.279,170.0,16.0517,0.0,1014.2
2022-07-07 05:00:00,18.41111111111111,18.41111111111111,0.89,5.8443000000000005,173.0,14.9569,0.0,1014.45
2022-07-07 06:00:00,19.799999999999997,19.799999999999997,0.85,4.6046000000000005,120.0,14.9086,0.0,1014.89
2022-07-07 07:00:00,22.022222222222222,22.022222222222222,0.74,7.6796999999999995,140.0,15.826300000000002,0.0,1014.88
2022-07-07 08:00:00,24.0,24.0,0.7,3.7352,159.0,15.1823,0.0,1015.09
2022-07-07 09:00:00,27.24444444444445,28.066666666666663,0.56,4.652900000000001,149.0,16.1,0.0,1015.48
2022-07-07 10:00:00,28.911111111111115,29.077777777777783,0.46,4.6851,177.0,10.255700000000001,0.0,1015.38
2022-07-07 11:00:00,29.938888888888886,30.016666666666666,0.43,4.8139,167.0,10.577700000000002,0.0,1015.5
2022-07-07 12:00:00,31.13333333333334,30.805555555555557,0.38,7.406,152.0,10.255700000000001,0.0,1015.47
2022-07-07 13:00:00,31.18333333333333,31.238888888888894,0.41,9.016,199.0,10.255700000000001,0.0,1015.1
2022-07-07 14:00:00,32.077777777777776,31.20555555555556,0.32,7.293300000000001,176.0,10.3523,0.0,1014.92
2022-07-07 15:00:00,32.150000000000006,31.416666666666668,0.33,5.4418,209.0,9.982000000000001,0.0,1014.59
2022-07-07 16:00:00,32.24444444444445,31.50555555555555,0.33,9.3541,211.0,9.982000000000001,0.0,1014.1
2022-07-07 17:00:00,32.15555555555555,32.111111111111114,0.38,4.9910000000000005,224.0,10.3523,0.0,1013.79
2022-07-07 18:00:00,30.18333333333333,30.59444444444444,0.45,7.760200000000001,219.0,9.982000000000001,0.0,1013.67
2022-07-07 19:00:00,30.09444444444445,30.73333333333333,0.47,7.824600000000001,237.0,9.982000000000001,0.0,1013.38
2022-07-07 20:00:00,27.71111111111111,29.02777777777778,0.6,0.9821000000000001,333.0,15.552600000000002,0.0,1013.53
2022-07-07 21:00:00,24.00555555555555,24.00555555555555,0.77,1.6905000000000001,106.0,16.1,0.0,1013.68
2022-07-07 22:00:00,23.36111111111111,23.36111111111111,0.78,3.3166,132.0,16.1,0.0,1014.17
2022-07-07 23:00:00,21.994444444444447,21.994444444444447,0.82,2.9302,151.0,15.1823,0.0,1013.92
2022-07-08 00:00:00,21.16111111111111,21.16111111111111,0.83,3.22,170.0,16.1,0.0,1013.88
2022-07-08 01:00:00,21.622222222222224,21.622222222222224,0.76,6.295100000000001,140.0,16.1,0.0,1013.86
2022-07-08 02:00:00,21.52777777777778,21.52777777777778,0.73,5.7155000000000005,137.0,15.1823,0.0,1013.16
2022-07-08 03:00:00,19.92777777777778,19.92777777777778,0.78,6.262900000000001,139.0,16.1,0.0,1012.77
2022-07-08 04:00:00,20.483333333333334,20.483333333333334,0.77,10.5455,150.0,16.1,0.0,1012.38
2022-07-08 05:00:00,20.09444444444445,20.09444444444445,0.83,9.7727,137.0,15.1823,0.0,1011.95
2022-07-08 06:00:00,21.088888888888885,21.088888888888885,0.79,9.4829,139.0,10.255700000000001,0.0,1011.75
2022-07-08 07:00:00,21.255555555555556,21.255555555555556,0.79,10.5938,130.0,16.1,0.0,1011.2
2022-07-08 08:00:00,23.75,23.75,0.71,12.2199,128.0,14.9569,0.0,1011.0
2022-07-08 09:00:00,25.97222222222222,25.97222222222222,0.61,9.2575,111.0,15.826300000000002,0.0,1010.76
2022-07-08 10:00:00,27.633333333333333,28.533333333333335,0.56,17.0821,129.0,15.826300000000002,0.0,1009.89
2022-07-08 11:00:00,27.805555555555557,28.716666666666665,0.55,16.0195,148.0,10.3523,0.0,1009.25
2022-07-08 12:00:00,27.43333333333333,28.59444444444445,0.59,14.1036,150.0,9.982000000000001,0.0,1008.89
2022-07-08 13:00:00,22.59444444444445,22.59444444444445,0.8,25.1965,122.0,6.1985,0.0,1008.0
2022-07-08 14:00:00,22.62222222222222,22.62222222222222,0.75,7.921200000000001,44.0,10.1591,0.0,1007.68
2022-07-08 15:00:00,22.38888888888889,22.38888888888889,0.8,8.7423,39.0,15.826300000000002,0.0,1008.66
2022-07-08 16:00:00,24.038888888888884,24.038888888888884,0.73,8.935500000000001,81.0,9.982000000000001,0.0,1007.94
2022-07-08 17:00:00,24.61111111111111,24.61111111111111,0.74,13.041,102.0,10.3523,0.0,1007.19
2022-07-08 18:00:00,25.077777777777776,25.077777777777776,0.68,21.3808,121.0,9.982000000000001,0.0,1006.46
2022-07-08 19:00:00,24.988888888888894,24.988888888888894,0.69,11.382700000000002,121.0,15.826300000000002,0.0,1006.18
2022-07-08 20:00:00,23.277777777777782,23.277777777777782,0.71,12.7029,133.0,10.1913,0.0,1005.93
2022-07-08 21:00:00,22.16666666666667,22.16666666666667,0.73,13.5401,130.0,15.826300000000002,0.0,1006.17
2022-07-08 22:00:00,20.533333333333328,20.533333333333328,0.81,13.3952,140.0,16.1,0.0,1006.19
2022-07-08 23:00:00,20.622222222222224,20.622222222222224,0.85,9.9981,143.0,14.9569,0.0,1005.98
2022-07-09 00:00:00,21.46111111111111,21.46111111111111,0.82,13.910400000000001,191.0,15.826300000000002,0.0,1006.74
2022-07-09 01:00:00,20.90555555555555,20.90555555555555,0.75,10.722600000000002,188.0,14.6832,0.0,1006.64
2022-07-09 02:00:00,19.416666666666668,19.416666666666668,0.89,9.0965,129.0,8.3398,0.0,1006.19
2022-07-09 03:00:00,19.311111111111114,19.311111111111114,0.88,11.237800000000002,111.0,11.8979,0.0,1005.51
2022-07-09 04:00:00,19.288888888888888,19.288888888888888,0.88,6.3756,132.0,11.8979,0.0,1005.2
2022-07-09 05:00:00,17.9,17.9,0.94,7.1645,118.0,10.5294,0.0,1004.45
2022-07-09 06:00:00,18.772222222222226,18.772222222222226,0.91,3.0751,217.0,7.212800000000001,0.0,1004.82
2022-07-09 07:00:00,19.91111111111111,19.91111111111111,0.87,3.5259,194.0,9.982000000000001,0.0,1004.91
2022-07-09 08:00:00,21.861111111111107,21.861111111111107,0.83,8.5169,215.0,9.982000000000001,0.0,1004.94
2022-07-09 09:00:00,21.97222222222222,21.97222222222222,0.77,11.1895,263.0,9.982000000000001,0.0,1004.84
2022-07-09 10:00:00,17.89444444444444,17.89444444444444,0.96,16.6957,252.0,3.3649,0.0,1005.04
2022-07-09 11:00:00,17.933333333333334,17.933333333333334,0.97,4.5402000000000005,273.0,9.6278,0.0,1006.11
2022-07-09 12:00:00,19.97222222222222,19.97222222222222,0.84,7.3899,0.0,9.982000000000001,0.0,1005.14
2022-07-09 13:00:00,22.144444444444446,22.144444444444446,0.74,11.7047,242.0,9.982000000000001,0.0,1005.09
2022-07-09 14:00:00,22.716666666666665,22.716666666666665,0.7,11.012400000000001,259.0,9.982000000000001,0.0,1005.32
2022-07-09 15:00:00,23.511111111111106,23.511111111111106,0.63,10.851400000000002,244.0,9.982000000000001,0.0,1005.26
2022-07-09 16:00:00,22.15555555555555,22.15555555555555,0.6,16.8728,260.0,9.982000000000001,0.0,1005.25
2022-07-09 17:00:00,19.427777777777777,19.427777777777777,0.77,8.774500000000002,289.0,10.3523,0.0,1006.3
2022-07-09 18:00:00,22.15555555555555,22.15555555555555,0.6,7.889000000000001,268.0,9.982000000000001,0.0,1005.72
2022-07-09 19:00:00,21.116666666666667,21.116666666666667,0.68,5.2647,251.0,9.982000000000001,0.0,1006.18
2022-07-09 20:00:00,20.08888888888889,20.08888888888889,0.77,4.7495,235.0,9.982000000000001,0.0,1006.55
2022-07-09 21:00:00,17.849999999999998,17.849999999999998,0.89,3.3005,253.0,15.826300000000002,0.0,1006.82
2022-07-09 22:00:00,17.299999999999997,17.299999999999997,0.87,3.0751,163.0,15.826300000000002,0.0,1007.3
2022-07-09 23:00:00,16.79444444444444,16.79444444444444,0.89,6.423900000000001,249.0,15.1823,0.0,1007.62
2022-07-10 00:00:00,16.13888888888889,16.13888888888889,0.9,6.5849,264.0,16.1,0.0,1007.5
2022-07-10 01:00:00,15.116666666666667,15.116666666666667,0.89,2.8819000000000004,225.0,16.1,0.0,1007.42
2022-07-10 02:00:00,14.766666666666664,14.766666666666664,0.93,5.8121,301.0,11.914000000000001,0.0,1007.44
2022-07-10 03:00:00,14.005555555555556,14.005555555555556,0.92,3.7513000000000005,326.0,12.2521,0.0,1007.32
2022-07-10 04:00:00,13.405555555555557,13.405555555555557,0.92,3.6547,310.0,12.2521,0.0,1007.4
2022-07-10 05:00:00,13.06111111111111,13.06111111111111,0.9,4.2021,300.0,11.914000000000001,0.0,1007.38
2022-07-10 06:00:00,14.883333333333333,14.883333333333333,0.86,4.7656,309.0,15.1823,0.0,1007.62
2022-07-10 07:00:00,16.094444444444445,16.094444444444445,0.77,9.5473,339.0,16.1,0.0,1007.71
2022-07-10 08:00:00,17.705555555555556,17.705555555555556,0.7,7.3416,29.0,15.1823,0.0,1007.64
2022-07-10 09:00:00,19.86111111111111,19.86111111111111,0.61,9.466800000000001,28.0,16.1,0.0,1007.32
2022-07-10 10:00:00,22.59444444444445,22.59444444444445,0.57,10.4811,0.0,15.826300000000002,0.0,1006.63
2022-07-10 11:00:00,23.588888888888885,23.588888888888885,0.54,4.2987,12.0,15.3111,0.0,1006.37
2022-07-10 12:00:00,23.79444444444444,23.79444444444444,0.54,9.193100000000001,29.0,16.1,0.0,1006.12
2022-07-10 13:00:00,23.911111111111115,23.911111111111115,0.5,12.1716,69.0,16.1,0.0,1005.51
2022-07-10 14:00:00,25.91666666666667,25.91666666666667,0.47,11.640300000000002,53.0,15.552600000000002,0.0,1004.88
2022-07-10 15:00:00,24.93333333333333,24.93333333333333,0.5,12.799500000000002,50.0,10.255700000000001,0.0,1004.23
2022-07-10 16:00:00,23.894444444444446,23.894444444444446,0.54,11.141200000000001,50.0,10.255700000000001,0.0,1003.6
2022-07-10 17:00:00,20.450000000000003,20.450000000000003,0.8,6.5044,306.0,7.695800000000001,0.0,1003.06
2022-07-10 18:00:00,17.977777777777778,17.977777777777778,0.88,16.1966,220.0,4.2987,0.0,1003.7
2022-07-10 19:00:00,17.17777777777778,17.17777777777778,0.87,14.296800000000003,269.0,9.7566,0.0,1005.03
2022-07-10 20:00:00,17.15,17.15,0.88,11.286100000000001,15.0,10.1591,0.0,1004.93
2022-07-10 21:00:00,17.155555555555555,17.155555555555555,0.87,10.5616,20.0,9.9015,0.0,1004.5
2022-07-10 22:00:00,16.622222222222224,16.622222222222224,0.9,5.892600000000001,271.0,16.0517,0.0,1004.63
2022-07-10 23:00:00,16.177777777777777,16.177777777777777,0.93,6.44,232.0,14.3934,0.0,1004.59
2022-07-11 00:00:00,15.577777777777776,15.577777777777776,0.93,6.5849,254.0,15.1823,0.0,1004.24
2022-07-11 01:00:00,15.533333333333335,15.533333333333335,0.93,6.3756,282.0,12.2521,0.0,1004.02
2022-07-11 02:00:00,15.58888888888889,15.58888888888889,0.93,4.8783,241.0,11.914000000000001,0.0,1004.25
2022-07-11 03:00:00,15.072222222222223,15.072222222222223,0.93,3.22,260.0,12.2521,0.0,1003.34
2022-07-11 04:00:00,15.027777777777779,15.027777777777779,0.96,11.270000000000001,180.0,14.9086,0.0,1003.31
2022-07-11 05:00:00,15.666666666666666,15.666666666666666,0.93,6.5688,231.0,8.420300000000001,0.0,1003.97
2022-07-11 06:00:00,16.044444444444444,16.044444444444444,0.93,10.867500000000001,233.0,7.212800000000001,0.0,1003.12
2022-07-11 07:00:00,16.094444444444445,16.094444444444445,0.93,10.7548,252.0,9.982000000000001,0.0,1002.85
2022-07-11 08:00:00,16.994444444444447,16.994444444444447,0.89,8.9677,238.0,9.982000000000001,0.0,1003.19
2022-07-11 09:00:00,17.17777777777778,17.17777777777778,0.87,8.8067,215.0,9.982000000000001,0.0,1003.31
2022-07-11 10:00:00,17.17777777777778,17.17777777777778,0.87,13.7011,243.0,9.595600000000001,0.0,1003.22
2022-07-11 11:00:00,17.23888888888889,17.23888888888889,0.87,11.9784,255.0,9.66,0.0,1003.33
2022-07-11 12:00:00,17.266666666666666,17.266666666666666,0.87,10.2074,232.0,3.6064000000000007,0.0,1003.12
2022-07-11 13:00:00,17.244444444444444,17.244444444444444,0.87,11.640300000000002,233.0,4.6690000000000005,0.0,1003.21
2022-07-11 14:00:00,17.288888888888888,17.288888888888888,0.93,14.007,224.0,4.6046000000000005,0.0,1002.96
2022-07-11 15:00:00,17.22222222222222,17.22222222222222,0.88,14.7476,233.0,5.216400000000001,0.0,1002.56
2022-07-11 16:00:00,16.20555555555556,16.20555555555556,0.93,13.765500000000001,242.0,2.0608,0.0,1002.45
2022-07-11 17:00:00,17.23888888888889,17.23888888888889,0.93,15.134000000000002,269.0,5.0393,0.0,1002.35
2022-07-11 18:00:00,17.244444444444444,17.244444444444444,0.93,19.931800000000003,310.0,8.1305,0.0,1001.98
2022-07-11 19:00:00,17.244444444444444,17.244444444444444,0.93,10.787,290.0,9.8049,0.0,1002.25
2022-07-11 20:00:00,17.227777777777774,17.227777777777774,0.94,9.2253,270.0,5.8121,0.0,1002.64
2022-07-11 21:00:00,17.22222222222222,17.22222222222222,0.93,9.3541,300.0,4.0733,0.0,1002.76
2022-07-11 22:00:00,17.22222222222222,17.22222222222222,0.97,14.039200000000001,300.0,4.0733,0.0,1002.96
2022-07-11 23:00:00,17.17222222222222,17.17222222222222,0.94,11.785200000000001,285.0,4.186000000000001,0.0,1003.08
2022-07-12 00:00:00,17.200000000000003,17.200000000000003,0.93,11.0607,291.0,5.216400000000001,0.0,1003.08
2022-07-12 01:00:00,16.688888888888886,16.688888888888886,0.93,13.8782,291.0,9.9015,0.0,1003.09
2022-07-12 02:00:00,17.15,17.15,0.94,13.7333,280.0,11.141200000000001,0.0,1003.36
2022-07-12 03:00:00,17.17777777777778,17.17777777777778,0.93,13.9748,291.0,8.8872,0.0,1003.48
2022-07-12 04:00:00,17.17777777777778,17.17777777777778,0.93,13.894300000000003,300.0,8.8389,0.0,1003.66
2022-07-12 05:00:00,16.61111111111111,16.61111111111111,0.93,13.7011,289.0,7.985600000000001,0.0,1004.05
2022-07-12 06:00:00,16.08888888888889,16.08888888888889,0.93,14.023100000000003,291.0,9.9015,0.0,1004.36
2022-07-12 07:00:00,17.155555555555555,17.155555555555555,0.87,15.504300000000002,290.0,9.9015,0.0,1004.66
2022-07-12 08:00:00,18.56111111111111,18.56111111111111,0.81,20.108900000000002,298.0,9.982000000000001,0.0,1005.39
2022-07-12 09:00:00,17.84444444444445,17.84444444444445,0.84,21.960400000000003,281.0,9.982000000000001,0.0,1005.64
2022-07-12 10:00:00,21.11111111111111,21.11111111111111,0.68,23.8441,300.0,9.982000000000001,0.0,1006.33
2022-07-12 11:00:00,22.55,22.55,0.62,22.282400000000003,290.0,9.982000000000001,0.0,1006.57
2022-07-12 12:00:00,22.77777777777778,22.77777777777778,0.57,23.5865,310.0,9.982000000000001,0.0,1006.94
2022-07-12 13:00:00,23.93333333333333,23.93333333333333,0.5,21.590100000000003,291.0,9.982000000000001,0.0,1007.14
2022-07-12 14:00:00,25.005555555555556,25.005555555555556,0.44,23.8441,293.0,10.577700000000002,0.0,1007.31
2022-07-12 15:00:00,24.461111111111112,24.461111111111112,0.46,22.7815,291.0,11.0768,0.0,1007.57
2022-07-12 16:00:00,23.644444444444446,23.644444444444446,0.5,21.1876,289.0,11.7691,0.0,1007.93
2022-07-12 17:00:00,22.644444444444446,22.644444444444446,0.54,19.303900000000002,286.0,12.5741,0.0,1008.36
2022-07-12 18:00:00,21.538888888888884,21.538888888888884,0.59,17.259200000000003,282.0,13.4435,0.0,1008.82
2022-07-12 19:00:00,20.427777777777774,20.427777777777774,0.64,15.295000000000002,278.0,14.2807,0.0,1009.29
2022-07-12 20:00:00,19.388888888888893,19.388888888888893,0.68,13.524000000000001,272.0,15.0535,0.0,1009.73
2022-07-12 21:00:00,18.522222222222226,18.522222222222226,0.72,12.0911,265.0,15.681400000000002,0.0,1010.11
2022-07-12 22:00:00,17.9,17.9,0.75,11.0446,260.0,16.1,0.0,1010.4
2022-07-12 23:00:00,17.583333333333332,17.583333333333332,0.78,6.6493,250.0,15.1823,0.0,1011.11
2022-07-13 00:00:00,16.83888888888889,16.83888888888889,0.83,11.270000000000001,260.0,16.1,0.0,1011.09
2022-07-13 01:00:00,15.699999999999998,15.699999999999998,0.87,3.1234,209.0,16.1,0.0,1011.1
2022-07-13 02:00:00,15.966666666666669,15.966666666666669,0.87,3.22,199.0,15.150100000000002,0.0,1011.23
2022-07-13 03:00:00,16.044444444444444,16.044444444444444,0.87,6.118,171.0,16.1,0.0,1011.02
2022-07-13 04:00:00,15.56111111111111,15.56111111111111,0.9,2.8336,153.0,15.1823,0.0,1011.2
2022-07-13 05:00:00,16.144444444444446,16.144444444444446,0.9,5.635000000000001,180.0,15.1823,0.0,1011.43
2022-07-13 06:00:00,16.072222222222223,16.072222222222223,0.87,0.0,0.0,16.1,0.0,1011.79
2022-07-13 07:00:00,17.788888888888884,17.788888888888884,0.89,4.6207,184.0,16.1,0.0,1011.98
2022-07-13 08:00:00,21.11111111111111,21.11111111111111,0.73,2.0447,219.0,15.1823,0.0,1012.13
2022-07-13 09:00:00,23.81666666666667,23.81666666666667,0.62,4.7012,221.0,16.1,0.0,1012.1
2022-07-13 10:00:00,26.016666666666666,26.016666666666666,0.5,4.7978000000000005,247.0,10.255700000000001,0.0,1012.37
2022-07-13 11:00:00,25.0,25.0,0.47,6.44,210.0,16.1,0.0,1012.2
2022-07-13 12:00:00,24.683333333333337,24.683333333333337,0.49,6.359500000000001,209.0,16.1,0.0,1012.22
2022-07-13 13:00:00,24.299999999999997,24.299999999999997,0.5,6.230700000000001,207.0,16.1,0.0,1012.25
2022-07-13 14:00:00,23.850000000000005,23.850000000000005,0.53,6.0536,205.0,16.1,0.0,1012.29
2022-07-13 15:00:00,23.35,23.35,0.56,5.8443000000000005,203.0,16.1,0.0,1012.33
2022-07-13 16:00:00,22.811111111111114,22.811111111111114,0.58,5.6028,201.0,16.1,0.0,1012.38
2022-07-13 17:00:00,22.24444444444445,22.24444444444445,0.62,5.3291,199.0,16.1,0.0,1012.44
2022-07-13 18:00:00,21.65555555555556,21.65555555555556,0.65,5.055400000000001,196.0,16.1,0.0,1012.49
2022-07-13 19:00:00,21.06111111111111,21.06111111111111,0.68,4.781700000000001,193.0,16.1,0.0,1012.55
2022-07-13 20:00:00,20.46111111111111,20.46111111111111,0.72,4.508,190.0,16.1,0.0,1012.6
2022-07-13 21:00:00,19.87777777777778,19.87777777777778,0.75,4.250400000000001,187.0,16.1,0.0,1012.66
2022-07-13 22:00:00,19.311111111111114,19.311111111111114,0.78,4.008900000000001,183.0,16.1,0.0,1012.71
2022-07-13 23:00:00,18.77777777777778,18.77777777777778,0.81,3.7996,180.0,16.1,0.0,1012.76
2022-07-14 03:00:00,17.17777777777778,17.17777777777778,0.9,3.22,170.0,16.1,0.0,1012.88
2022-07-14 04:00:00,16.644444444444446,16.644444444444446,0.91,3.22,220.0,15.1823,0.0,1012.61
2022-07-14 05:00:00,15.894444444444446,15.894444444444446,0.94,5.8121,205.0,11.914000000000001,0.0,1012.87
2022-07-14 06:00:00,16.094444444444445,16.094444444444445,0.93,3.0429,225.0,12.2521,0.0,1012.73
2022-07-14 07:00:00,17.73888888888889,17.73888888888889,0.9,7.502600000000001,240.0,12.2521,0.0,1012.83
2022-07-14 08:00:00,21.65555555555556,21.65555555555556,0.72,3.3327,211.0,15.1823,0.0,1013.27
2022-07-14 09:00:00,22.666666666666668,22.666666666666668,0.63,3.1878,240.0,16.1,0.0,1013.33
2022-07-14 10:00:00,24.844444444444445,24.844444444444445,0.51,4.6690000000000005,191.0,15.826300000000002,0.0,1013.62
2022-07-14 11:00:00,24.844444444444445,24.844444444444445,0.48,7.728,193.0,10.3523,0.0,1013.69
2022-07-14 12:00:00,26.06666666666667,26.06666666666667,0.47,4.6046000000000005,132.0,9.982000000000001,0.0,1013.42
2022-07-14 13:00:00,27.17777777777778,27.633333333333333,0.51,3.2522,120.0,10.255700000000001,0.0,1013.22
2022-07-14 14:00:00,27.600000000000005,27.649999999999995,0.45,2.9946,150.0,15.552600000000002,0.0,1012.82
2022-07-14 15:00:00,27.75555555555555,27.661111111111115,0.43,1.3041000000000003,50.0,16.1,0.0,1012.21
2022-07-14 16:00:00,27.266666666666666,27.116666666666667,0.41,0.1288,210.0,10.255700000000001,0.0,1012.11
2022-07-14 17:00:00,27.216666666666665,27.366666666666667,0.46,8.5491,78.0,10.3523,0.0,1011.84
2022-07-14 18:00:00,24.233333333333334,24.233333333333334,0.57,19.0624,110.0,8.1305,0.0,1011.79
2022-07-14 19:00:00,20.433333333333334,20.433333333333334,0.76,23.0069,119.0,9.982000000000001,0.0,1012.93
2022-07-14 20:00:00,20.100000000000005,20.100000000000005,0.75,12.0911,128.0,9.982000000000001,0.0,1013.38
2022-07-14 21:00:00,19.044444444444444,19.044444444444444,0.83,4.2826,266.0,9.982000000000001,0.0,1013.52
2022-07-14 22:00:00,18.983333333333334,18.983333333333334,0.83,5.9892,308.0,16.1,0.0,1014.12
2022-07-14 23:00:00,18.788888888888884,18.788888888888884,0.88,5.152000000000001,315.0,14.3934,0.0,1014.06
2022-07-15 00:00:00,18.333333333333332,18.333333333333332,0.9,6.6493,321.0,15.1823,0.0,1014.12
2022-07-15 01:00:00,18.28888888888889,18.28888888888889,0.87,3.2039,91.0,15.1823,0.0,1014.31
2022-07-15 02:00:00,18.177777777777777,18.177777777777777,0.89,2.6404,100.0,14.3934,0.0,1014.6
2022-07-15 03:00:00,17.22222222222222,17.22222222222222,0.9,3.22,120.0,8.420300000000001,0.0,1014.89
2022-07-15 04:00:00,16.733333333333334,16.733333333333334,0.93,3.0751,280.0,8.420300000000001,0.0,1014.92
2022-07-15 05:00:00,17.205555555555556,17.205555555555556,0.93,5.828200000000001,296.0,6.3112,0.0,1014.95
2022-07-15 06:00:00,17.805555555555557,17.805555555555557,0.97,4.83,330.0,7.212800000000001,0.0,1014.93
2022-07-15 07:00:00,18.96111111111111,18.96111111111111,0.9,4.8461,332.0,10.255700000000001,0.0,1014.92
2022-07-15 08:00:00,22.344444444444445,22.344444444444445,0.74,5.1037,3.0,15.1823,0.0,1015.05
2022-07-15 09:00:00,23.77777777777778,23.77777777777778,0.63,9.66,2.0,16.1,0.0,1015.15
2022-07-15 10:00:00,25.955555555555556,25.955555555555556,0.58,9.305800000000001,21.0,15.826300000000002,0.0,1015.26
2022-07-15 11:00:00,26.83888888888889,27.644444444444446,0.56,11.8979,343.0,10.3523,0.0,1015.28
2022-07-15 12:00:00,27.71111111111111,28.388888888888886,0.53,11.012400000000001,2.0,9.982000000000001,0.0,1015.15
2022-07-15 13:00:00,28.772222222222226,28.72222222222222,0.44,15.488199999999999,30.0,15.826300000000002,0.0,1014.67
2022-07-15 14:00:00,28.86111111111111,29.238888888888887,0.48,14.6349,17.0,15.3111,0.0,1014.37
2022-07-15 15:00:00,28.86666666666666,28.755555555555556,0.43,22.8459,30.0,15.826300000000002,0.0,1013.95
2022-07-15 16:00:00,27.522222222222226,27.727777777777774,0.47,19.706400000000002,351.0,15.826300000000002,0.0,1013.41
2022-07-15 17:00:00,28.53888888888889,28.47222222222222,0.44,10.9319,355.0,15.3111,0.0,1013.2
2022-07-15 18:00:00,28.605555555555554,28.35,0.42,12.9122,21.0,15.826300000000002,0.0,1013.38
2022-07-15 19:00:00,27.049999999999997,27.350000000000005,0.48,7.905100000000001,351.0,9.982000000000001,0.0,1013.59
2022-07-15 20:00:00,23.827777777777776,23.827777777777776,0.66,4.2826,359.0,10.3523,0.0,1014.09
2022-07-15 21:00:00,21.116666666666667,21.116666666666667,0.79,7.969500000000001,310.0,15.826300000000002,0.0,1014.69
2022-07-15 22:00:00,20.533333333333328,20.533333333333328,0.78,6.6654,340.0,16.1,0.0,1015.08
2022-07-15 23:00:00,19.61111111111111,19.61111111111111,0.83,6.1341,321.0,15.1823,0.0,1015.25
2022-07-16 00:00:00,18.433333333333337,18.433333333333337,0.86,6.3434,312.0,16.1,0.0,1015.57
2022-07-16 01:00:00,18.455555555555556,18.455555555555556,0.84,6.295100000000001,340.0,16.1,0.0,1015.56
2022-07-16 02:00:00,18.144444444444442,18.144444444444442,0.86,6.262900000000001,347.0,15.1823,0.0,1015.33
2022-07-16 03:00:00,17.41111111111111,17.41111111111111,0.86,11.157300000000001,332.0,16.1,0.0,1015.18
2022-07-16 04:00:00,17.344444444444445,17.344444444444445,0.89,11.237800000000002,351.0,16.1,0.0,1015.09
2022-07-16 05:00:00,17.800000000000004,17.800000000000004,0.87,9.821,351.0,15.1823,0.0,1015.41
2022-07-16 06:00:00,18.87222222222222,18.87222222222222,0.84,12.1716,20.0,16.1,0.0,1015.49
2022-07-16 07:00:00,20.02777777777778,20.02777777777778,0.78,11.0285,11.0,16.1,0.0,1015.68
2022-07-16 08:00:00,22.083333333333332,22.083333333333332,0.69,13.1698,19.0,15.1823,0.0,1015.75
2022-07-16 09:00:00,23.894444444444446,23.894444444444446,0.66,12.6385,2.0,16.1,0.0,1015.88
2022-07-16 10:00:00,26.04444444444444,26.04444444444444,0.58,14.2324,21.0,16.1,0.0,1015.68
2022-07-16 11:00:00,27.61111111111111,28.244444444444447,0.53,14.651,353.0,15.552600000000002,0.0,1015.75
2022-07-16 12:00:00,28.84444444444445,29.299999999999997,0.49,17.1626,351.0,16.1,0.0,1015.57
2022-07-16 13:00:00,29.90555555555555,30.288888888888884,0.46,15.778000000000002,1.0,16.1,0.0,1015.27
2022-07-16 14:00:00,29.93333333333333,29.599999999999998,0.4,12.4131,34.0,15.552600000000002,0.0,1014.85
2022-07-16 15:00:00,29.00555555555555,28.577777777777776,0.4,12.735100000000001,38.0,16.1,0.0,1014.55
2022-07-16 16:00:00,30.07222222222222,29.22222222222222,0.35,15.778000000000002,30.0,15.826300000000002,0.0,1014.16
2022-07-16 17:00:00,29.0,28.533333333333335,0.39,13.4596,37.0,15.3111,0.0,1013.95
2022-07-16 18:00:00,27.983333333333334,27.61666666666666,0.39,14.0714,30.0,15.826300000000002,0.0,1013.85
2022-07-16 19:00:00,27.71111111111111,27.68888888888889,0.44,10.722600000000002,9.0,15.826300000000002,0.0,1014.25
2022-07-16 20:00:00,26.011111111111106,26.011111111111106,0.57,3.059,318.0,10.3523,0.0,1014.73
2022-07-16 21:00:00,21.36666666666666,21.36666666666666,0.78,16.6152,200.0,9.982000000000001,0.0,1015.25
2022-07-16 22:00:00,21.71666666666667,21.71666666666667,0.78,5.7155000000000005,167.0,16.1,0.0,1015.83
2022-07-16 23:00:00,20.41111111111111,20.41111111111111,0.82,5.216400000000001,246.0,15.1823,0.0,1016.1
2022-07-17 00:00:00,21.094444444444445,21.094444444444445,0.78,16.1966,108.0,9.982000000000001,0.0,1016.88
2022-07-17 01:00:00,19.522222222222222,19.522222222222222,0.86,13.4435,169.0,16.1,0.0,1016.61
2022-07-17 02:00:00,19.21666666666667,19.21666666666667,0.89,6.1341,229.0,14.3934,0.0,1015.96
2022-07-17 03:00:00,18.383333333333336,18.383333333333336,0.92,6.5849,324.0,15.1823,0.0,1015.6
2022-07-17 04:00:00,17.783333333333335,17.783333333333335,0.89,6.3434,324.0,15.1823,0.0,1015.38
2022-07-17 05:00:00,17.811111111111114,17.811111111111114,0.9,9.9337,342.0,14.039200000000001,0.0,1015.67
2022-07-17 06:00:00,18.82222222222222,18.82222222222222,0.89,10.6904,359.0,15.1823,0.0,1016.07
2022-07-17 07:00:00,21.0,21.0,0.79,10.996300000000002,29.0,15.1823,0.0,1016.18
2022-07-17 08:00:00,22.133333333333336,22.133333333333336,0.7,11.559800000000001,27.0,15.1823,0.0,1016.54
2022-07-17 09:00:00,24.983333333333334,24.983333333333334,0.62,12.783400000000002,11.0,16.1,0.0,1016.46
2022-07-17 10:00:00,26.13888888888889,26.13888888888889,0.58,15.6009,351.0,16.1,0.0,1016.45
2022-07-17 11:00:00,27.116666666666667,27.58888888888889,0.51,14.973000000000003,0.0,10.577700000000002,0.0,1016.36
2022-07-17 12:00:00,27.800000000000004,27.927777777777774,0.46,17.291400000000003,11.0,10.255700000000001,0.0,1016.25
2022-07-17 13:00:00,28.911111111111115,28.53888888888889,0.4,21.7511,1.0,9.982000000000001,0.0,1015.94
2022-07-17 14:00:00,29.827777777777776,29.511111111111113,0.4,15.842400000000001,1.0,15.3111,0.0,1015.28
2022-07-17 15:00:00,30.022222222222226,29.699999999999996,0.4,17.436300000000003,359.0,15.826300000000002,0.0,1014.56
2022-07-17 16:00:00,27.883333333333333,28.194444444444443,0.49,22.105300000000003,21.0,9.9015,0.0,1014.35
2022-07-17 17:00:00,27.855555555555554,27.90555555555556,0.45,19.126800000000003,8.0,10.3523,0.0,1014.3
2022-07-17 18:00:00,24.97222222222222,24.97222222222222,0.58,23.0391,341.0,10.255700000000001,0.0,1014.6
2022-07-17 19:00:00,20.294444444444444,20.294444444444444,0.77,12.5419,17.0,10.255700000000001,0.0,1015.43
2022-07-17 20:00:00,21.34444444444445,21.34444444444445,0.78,12.9122,357.0,10.577700000000002,0.0,1015.02
2022-07-17 21:00:00,20.08888888888889,20.08888888888889,0.83,12.3648,331.0,10.255700000000001,0.0,1015.57
2022-07-17 22:00:00,20.022222222222226,20.022222222222226,0.86,13.6689,330.0,12.2521,0.0,1015.68
2022-07-17 23:00:00,19.12777777777778,19.12777777777778,0.89,13.1859,340.0,14.3934,0.0,1015.95
2022-07-18 00:00:00,19.422222222222217,19.422222222222217,0.87,11.270000000000001,350.0,15.1823,0.0,1016.18
2022-07-18 01:00:00,18.894444444444446,18.894444444444446,0.89,11.2056,351.0,15.1823,0.0,1015.98
2022-07-18 02:00:00,18.455555555555556,18.455555555555556,0.9,10.0303,339.0,14.3934,0.0,1015.76
2022-07-18 03:00:00,18.84444444444445,18.84444444444445,0.87,10.722600000000002,350.0,16.1,0.0,1015.49
2022-07-18 04:00:00,18.311111111111106,18.311111111111106,0.9,10.722600000000002,340.0,16.1,0.0,1015.38
2022-07-18 05:00:00,17.800000000000004,17.800000000000004,0.91,10.4972,338.0,14.3934,0.0,1015.58
2022-07-18 06:00:00,18.772222222222226,18.772222222222226,0.85,10.7387,0.0,16.1,0.0,1015.58
2022-07-18 07:00:00,18.894444444444446,18.894444444444446,0.89,11.0446,340.0,16.1,0.0,1015.96
2022-07-18 08:00:00,20.083333333333336,20.083333333333336,0.84,10.465,339.0,15.1823,0.0,1016.16
2022-07-18 09:00:00,22.199999999999996,22.199999999999996,0.76,12.316500000000001,341.0,10.255700000000001,0.0,1016.27
2022-07-18 10:00:00,23.84444444444445,23.84444444444445,0.69,15.439900000000002,351.0,15.826300000000002,0.0,1016.08
2022-07-18 11:00:00,25.811111111111106,25.811111111111106,0.65,12.1394,351.0,15.3111,0.0,1016.24
2022-07-18 12:00:00,27.066666666666666,27.77777777777778,0.55,12.380900000000002,1.0,9.982000000000001,0.0,1015.99
2022-07-18 13:00:00,27.17777777777778,27.872222222222224,0.54,14.2002,0.0,9.982000000000001,0.0,1016.06
2022-07-18 14:00:00,28.694444444444443,29.12777777777778,0.49,15.0857,351.0,10.577700000000002,0.0,1015.57
2022-07-18 15:00:00,28.86666666666666,29.366666666666667,0.49,15.456,359.0,9.982000000000001,0.0,1014.78
2022-07-18 16:00:00,29.90555555555555,30.0,0.43,15.520400000000002,0.0,9.982000000000001,0.0,1014.46
2022-07-18 17:00:00,29.022222222222222,29.39444444444444,0.48,16.422,349.0,10.3523,0.0,1014.27
2022-07-18 18:00:00,28.838888888888885,28.766666666666666,0.44,16.985500000000002,1.0,9.982000000000001,0.0,1014.25
2022-07-18 19:00:00,27.75555555555555,28.111111111111107,0.49,15.633100000000002,351.0,9.982000000000001,0.0,1014.64
2022-07-18 20:00:00,26.12777777777778,26.12777777777778,0.57,9.434600000000001,24.0,10.3523,0.0,1014.89
2022-07-18 21:00:00,22.89444444444444,22.89444444444444,0.7,7.760200000000001,29.0,9.982000000000001,0.0,1015.15
2022-07-18 22:00:00,22.77777777777778,22.77777777777778,0.71,6.2468,19.0,16.1,0.0,1015.45
2022-07-18 23:00:00,21.12222222222222,21.12222222222222,0.81,5.7477,8.0,15.1823,0.0,1015.89
2022-07-19 00:00:00,20.533333333333328,20.533333333333328,0.84,10.722600000000002,19.0,16.1,0.0,1015.95
2022-07-19 01:00:00,19.466666666666672,19.466666666666672,0.86,10.7387,0.0,16.1,0.0,1015.85
2022-07-19 02:00:00,18.95555555555556,18.95555555555556,0.87,6.2468,340.0,15.1823,0.0,1015.85
2022-07-19 03:00:00,18.40555555555555,18.40555555555555,0.87,6.279,341.0,16.1,0.0,1015.86
2022-07-19 04:00:00,17.805555555555557,17.805555555555557,0.9,11.0446,350.0,16.1,0.0,1015.66
2022-07-19 05:00:00,17.805555555555557,17.805555555555557,0.88,10.3362,341.0,15.1823,0.0,1015.76
2022-07-19 06:00:00,18.84444444444445,18.84444444444445,0.84,9.2575,359.0,16.1,0.0,1016.06
2022-07-19 07:00:00,20.05,20.05,0.78,12.4936,10.0,16.1,0.0,1016.26
2022-07-19 08:00:00,22.1,22.1,0.74,11.8818,18.0,15.1823,0.0,1016.35
2022-07-19 09:00:00,23.96111111111111,23.96111111111111,0.66,9.4024,21.0,16.1,0.0,1016.55
2022-07-19 10:00:00,26.11111111111111,26.11111111111111,0.58,12.2521,2.0,16.1,0.0,1016.44
2022-07-19 11:00:00,27.116666666666667,27.62222222222222,0.51,11.4954,21.0,10.577700000000002,0.0,1016.31
2022-07-19 12:00:00,28.81666666666667,28.72222222222222,0.43,13.9909,1.0,16.1,0.0,1016.13
2022-07-19 13:00:00,28.911111111111115,29.066666666666663,0.46,13.6689,353.0,16.1,0.0,1015.75
2022-07-19 14:00:00,29.87222222222222,29.555555555555557,0.4,12.058900000000001,10.0,15.552600000000002,0.0,1015.47
2022-07-19 15:00:00,30.022222222222226,29.711111111111116,0.4,13.846,28.0,10.255700000000001,0.0,1015.33
2022-07-19 16:00:00,31.088888888888885,30.74444444444445,0.38,13.910400000000001,341.0,10.255700000000001,0.0,1015.14
2022-07-19 17:00:00,30.938888888888886,30.033333333333335,0.34,10.384500000000001,343.0,15.552600000000002,0.0,1014.75
2022-07-19 18:00:00,30.0,29.35555555555556,0.37,10.8031,1.0,16.1,0.0,1014.63
2022-07-19 19:00:00,28.88888888888889,28.77777777777778,0.43,9.177000000000001,10.0,10.255700000000001,0.0,1014.62
2022-07-19 20:00:00,25.51666666666667,25.51666666666667,0.59,7.5348,37.0,15.552600000000002,0.0,1014.66
2022-07-19 21:00:00,22.266666666666666,22.266666666666666,0.75,3.22,40.0,16.1,0.0,1015.03
2022-07-19 22:00:00,21.13888888888889,21.13888888888889,0.8,3.22,330.0,16.1,0.0,1015.53
2022-07-19 23:00:00,20.222222222222225,20.222222222222225,0.85,3.3810000000000002,341.0,15.552600000000002,0.0,1015.75
2022-07-20 00:00:00,19.422222222222217,19.422222222222217,0.87,3.22,320.0,16.1,0.0,1016.02
2022-07-20 01:00:00,18.79444444444444,18.79444444444444,0.9,3.2039,341.0,16.1,0.0,1016.12
2022-07-20 02:00:00,17.950000000000003,17.950000000000003,0.89,5.9087000000000005,331.0,15.1823,0.0,1015.94
2022-07-20 03:00:00,17.22222222222222,17.22222222222222,0.9,3.2039,349.0,16.1,0.0,1015.45
2022-07-20 04:00:00,17.155555555555555,17.155555555555555,0.9,6.1502,320.0,16.1,0.0,1015.43
2022-07-20 05:00:00,16.805555555555557,16.805555555555557,0.9,3.4132000000000002,343.0,15.1823,0.0,1015.57
2022-07-20 06:00:00,17.716666666666665,17.716666666666665,0.96,3.2039,339.0,16.1,0.0,1015.61
2022-07-20 07:00:00,21.999999999999996,21.999999999999996,0.76,1.61,310.0,16.1,0.0,1015.43
2022-07-20 08:00:00,24.683333333333337,24.683333333333337,0.65,3.3488,57.0,15.1823,0.0,1015.62
2022-07-20 09:00:00,27.199999999999996,27.9,0.54,0.1449,80.0,16.1,0.0,1015.8
2022-07-20 10:00:00,29.90555555555555,30.327777777777783,0.46,0.1449,170.0,16.1,0.0,1015.41
2022-07-20 11:00:00,29.850000000000005,29.583333333333332,0.41,3.2683,210.0,15.552600000000002,0.0,1015.08
2022-07-20 12:00:00,31.061111111111106,31.077777777777776,0.41,3.3005,220.0,16.1,0.0,1014.9
2022-07-20 13:00:00,31.13333333333334,30.122222222222224,0.32,4.6046000000000005,177.0,16.1,0.0,1014.59
2022-07-20 14:00:00,31.15555555555555,30.238888888888894,0.33,2.6243,147.0,15.552600000000002,0.0,1014.14
2022-07-20 15:00:00,32.199999999999996,30.672222222222217,0.27,8.05,180.0,16.1,0.0,1013.49
2022-07-20 16:00:00,32.24444444444445,31.733333333333334,0.35,7.889000000000001,161.0,16.1,0.0,1013.18
2022-07-20 17:00:00,31.161111111111115,30.41111111111111,0.35,8.903300000000002,204.0,15.552600000000002,0.0,1012.75
2022-07-20 18:00:00,31.11111111111111,30.40555555555556,0.35,8.1949,178.0,16.1,0.0,1012.28
2022-07-20 19:00:00,28.96111111111111,29.09444444444445,0.45,9.4024,207.0,16.1,0.0,1012.07
2022-07-20 20:00:00,25.66111111111111,25.66111111111111,0.63,4.9910000000000005,185.0,15.552600000000002,0.0,1012.1
2022-07-20 21:00:00,22.916666666666668,22.916666666666668,0.78,4.6046000000000005,208.0,16.1,0.0,1012.29
2022-07-20 22:00:00,22.29444444444444,22.29444444444444,0.78,3.1717,187.0,16.1,0.0,1012.77
2022-07-20 23:00:00,21.405555555555555,21.405555555555555,0.8,3.3488,172.0,15.1823,0.0,1012.58
2022-07-21 00:00:00,21.04444444444444,21.04444444444444,0.81,6.118,141.0,16.1,0.0,1012.48
2022-07-21 01:00:00,20.511111111111113,20.511111111111113,0.78,6.166300000000001,140.0,16.1,0.0,1012.07
2022-07-21 02:00:00,19.78888888888889,19.78888888888889,0.83,6.021400000000001,169.0,15.1823,0.0,1011.35
2022-07-21 03:00:00,18.977777777777774,18.977777777777774,0.86,6.423900000000001,141.0,16.1,0.0,1010.97
2022-07-21 04:00:00,18.466666666666665,18.466666666666665,0.86,3.1878,142.0,16.1,0.0,1010.56
2022-07-21 05:00:00,19.183333333333334,19.183333333333334,0.86,6.262900000000001,142.0,15.1823,0.0,1010.39
2022-07-21 06:00:00,19.983333333333334,19.983333333333334,0.84,10.7387,140.0,16.1,0.0,1009.87
2022-07-21 07:00:00,21.06666666666667,21.06666666666667,0.79,10.948,140.0,16.1,0.0,1009.58
2022-07-21 08:00:00,24.688888888888886,24.688888888888886,0.67,11.914000000000001,151.0,15.1823,0.0,1009.48
2022-07-21 09:00:00,27.17777777777778,28.033333333333328,0.56,14.2807,151.0,16.1,0.0,1009.25
2022-07-21 10:00:00,28.88888888888889,29.66111111111111,0.51,17.0982,151.0,16.1,0.0,1008.86
2022-07-21 11:00:00,29.938888888888886,31.149999999999995,0.51,16.583000000000002,171.0,15.552600000000002,0.0,1008.64
2022-07-21 12:00:00,31.13333333333334,31.85555555555556,0.45,17.1626,181.0,16.1,0.0,1008.38
2022-07-21 13:00:00,32.199999999999996,33.47777777777778,0.45,14.3451,209.0,16.1,0.0,1008.49
2022-07-21 14:00:00,32.144444444444446,31.61666666666666,0.35,19.803,238.0,15.552600000000002,0.0,1008.44
2022-07-21 15:00:00,32.17777777777778,32.18333333333334,0.38,21.9765,259.0,16.1,0.0,1007.98
2022-07-21 16:00:00,31.049999999999997,31.71111111111111,0.45,22.3468,259.0,16.1,0.0,1007.52
2022-07-21 17:00:00,29.877777777777776,29.63888888888889,0.41,21.9765,267.0,15.552600000000002,0.0,1007.85
2022-07-21 18:00:00,27.82777777777778,27.938888888888894,0.46,20.2055,260.0,15.826300000000002,0.0,1008.38
2022-07-21 19:00:00,27.22222222222222,27.700000000000003,0.51,9.434600000000001,231.0,15.826300000000002,0.0,1008.07
2022-07-21 20:00:00,25.272222222222222,25.272222222222222,0.61,7.5348,207.0,15.552600000000002,0.0,1008.48
2022-07-21 21:00:00,23.988888888888894,23.988888888888894,0.65,8.3398,251.0,10.255700000000001,0.0,1009.08
2022-07-21 22:00:00,22.87777777777778,22.87777777777778,0.75,6.6654,270.0,16.1,0.0,1009.19
2022-07-21 23:00:00,23.061111111111114,23.061111111111114,0.72,6.1019000000000005,259.0,15.1823,0.0,1009.0
2022-07-22 00:00:00,22.783333333333335,22.783333333333335,0.71,6.166300000000001,239.0,16.1,0.0,1008.77
2022-07-22 01:00:00,22.25,22.25,0.8,7.840700000000001,182.0,10.255700000000001,0.0,1008.77
2022-07-22 02:00:00,21.799999999999997,21.799999999999997,0.84,6.0697,146.0,15.1823,0.0,1008.71
2022-07-22 03:00:00,21.622222222222224,21.622222222222224,0.81,10.9158,160.0,15.826300000000002,0.0,1008.95
2022-07-22 04:00:00,20.555555555555557,20.555555555555557,0.87,11.2056,121.0,14.9086,0.0,1008.87
2022-07-22 05:00:00,20.472222222222218,20.472222222222218,0.89,6.1341,115.0,10.2235,0.0,1008.14
2022-07-22 06:00:00,20.0,20.0,0.87,9.5151,180.0,10.255700000000001,0.0,1007.88
2022-07-22 07:00:00,20.07222222222222,20.07222222222222,0.87,3.3166,187.0,10.255700000000001,0.0,1007.8
2022-07-22 08:00:00,20.13888888888889,20.13888888888889,0.88,10.4167,143.0,10.2235,0.0,1008.51
2022-07-22 09:00:00,20.161111111111115,20.161111111111115,0.86,13.234200000000001,131.0,15.1823,0.0,1009.15
2022-07-22 10:00:00,20.161111111111115,20.161111111111115,0.86,8.9516,92.0,9.982000000000001,0.0,1009.09
2022-07-22 11:00:00,20.227777777777774,20.227777777777774,0.87,6.0053,81.0,9.7888,0.0,1009.43
2022-07-22 12:00:00,22.127777777777776,22.127777777777776,0.77,9.160900000000002,91.0,9.7566,0.0,1009.31
2022-07-22 13:00:00,22.150000000000002,22.150000000000002,0.74,4.5563,89.0,9.8049,0.0,1009.03
2022-07-22 14:00:00,23.788888888888884,23.788888888888884,0.68,10.0625,42.0,10.3523,0.0,1008.47
2022-07-22 15:00:00,22.861111111111114,22.861111111111114,0.73,13.685,10.0,9.982000000000001,0.0,1008.53
2022-07-22 16:00:00,23.83888888888889,23.83888888888889,0.7,16.583000000000002,21.0,9.982000000000001,0.0,1008.33
2022-07-22 17:00:00,24.02777777777778,24.02777777777778,0.67,16.5025,50.0,10.3523,0.0,1007.71
2022-07-22 18:00:00,23.83888888888889,23.83888888888889,0.67,12.236,48.0,9.982000000000001,0.0,1007.44
2022-07-22 19:00:00,23.79444444444444,23.79444444444444,0.67,9.4185,38.0,9.982000000000001,0.0,1007.85
2022-07-22 20:00:00,22.277777777777775,22.277777777777775,0.75,7.3094,29.0,10.3523,0.0,1008.05
2022-07-22 21:00:00,20.09444444444445,20.09444444444445,0.84,3.22,10.0,10.2074,0.0,1008.43
2022-07-22 22:00:00,20.0,20.0,0.87,3.4776000000000002,9.0,15.826300000000002,0.0,1008.64
2022-07-22 23:00:00,19.561111111111106,19.561111111111106,0.9,9.8049,341.0,14.9569,0.0,1008.38
2022-07-23 00:00:00,19.466666666666672,19.466666666666672,0.9,10.835300000000002,331.0,15.826300000000002,0.0,1008.75
2022-07-23 01:00:00,19.977777777777774,19.977777777777774,0.87,9.563400000000001,332.0,8.1305,0.0,1008.35
2022-07-23 02:00:00,19.844444444444445,19.844444444444445,0.93,10.126900000000001,358.0,5.9248,0.0,1008.08
2022-07-23 03:00:00,19.92777777777778,19.92777777777778,0.93,6.6332,0.0,8.1305,0.0,1007.47
2022-07-23 04:00:00,20.438888888888894,20.438888888888894,0.87,10.948,0.0,11.9784,0.0,1007.37
2022-07-23 05:00:00,19.433333333333337,19.433333333333337,0.94,5.8121,320.0,11.0929,0.0,1007.61
2022-07-23 06:00:00,18.86111111111111,18.86111111111111,0.93,12.525800000000002,321.0,9.982000000000001,0.0,1007.45
2022-07-23 07:00:00,19.88333333333334,19.88333333333334,0.88,9.2575,350.0,9.982000000000001,0.0,1007.55
2022-07-23 08:00:00,19.916666666666664,19.916666666666664,0.86,11.8335,351.0,9.982000000000001,0.0,1007.68
2022-07-23 09:00:00,19.90555555555555,19.90555555555555,0.84,14.1358,332.0,9.853200000000001,0.0,1007.67
2022-07-23 10:00:00,20.92777777777778,20.92777777777778,0.8,11.270000000000001,350.0,9.982000000000001,0.0,1007.68
2022-07-23 11:00:00,21.03888888888889,21.03888888888889,0.8,11.9623,350.0,10.3523,0.0,1007.91
2022-07-23 12:00:00,19.92777777777778,19.92777777777778,0.84,15.874600000000001,352.0,9.982000000000001,0.0,1008.07
2022-07-23 13:00:00,20.99444444444445,20.99444444444445,0.8,14.312900000000003,0.0,9.982000000000001,0.0,1007.88
2022-07-23 14:00:00,20.32777777777778,20.32777777777778,0.78,15.117900000000002,343.0,10.3523,0.0,1008.05
2022-07-23 15:00:00,22.24444444444445,22.24444444444445,0.73,13.9265,353.0,9.982000000000001,0.0,1007.94
2022-07-23 16:00:00,21.227777777777774,21.227777777777774,0.78,12.461400000000001,353.0,9.982000000000001,0.0,1008.12
2022-07-23 17:00:00,21.422222222222224,21.422222222222224,0.77,12.0267,0.0,10.3523,0.0,1007.77
2022-07-23 18:00:00,22.28888888888889,22.28888888888889,0.73,11.125100000000002,1.0,9.982000000000001,0.0,1007.45
2022-07-23 19:00:00,21.17777777777778,21.17777777777778,0.78,9.2414,359.0,9.982000000000001,0.0,1007.75
2022-07-23 20:00:00,21.15555555555555,21.15555555555555,0.78,7.1323,339.0,10.577700000000002,0.0,1008.28
2022-07-23 21:00:00,19.92777777777778,19.92777777777778,0.79,10.8192,321.0,10.255700000000001,0.0,1008.73
2022-07-23 22:00:00,19.377777777777776,19.377777777777776,0.84,2.9946,285.0,16.1,0.0,1008.76
2022-07-23 23:00:00,18.41666666666667,18.41666666666667,0.88,9.7888,299.0,14.9569,0.0,1009.08
2022-07-24 00:00:00,18.200000000000003,18.200000000000003,0.87,10.8997,300.0,15.826300000000002,0.0,1009.05
2022-07-24 01:00:00,16.65,16.65,0.9,6.295100000000001,300.0,16.1,0.0,1009.24
2022-07-24 02:00:00,16.75,16.75,0.91,6.166300000000001,310.0,15.1823,0.0,1009.16
2022-07-24 03:00:00,16.022222222222226,16.022222222222226,0.93,11.270000000000001,280.0,16.1,0.0,1008.93
2022-07-24 04:00:00,16.0,16.0,0.93,6.44,310.0,15.826300000000002,0.0,1009.01
2022-07-24 05:00:00,15.216666666666665,15.216666666666665,0.94,3.1717,233.0,11.688600000000001,0.0,1009.15
2022-07-24 06:00:00,16.02777777777778,16.02777777777778,0.93,3.22,180.0,9.853200000000001,0.0,1009.12
2022-07-24 07:00:00,18.688888888888886,18.688888888888886,0.85,1.7388000000000001,247.0,9.8049,0.0,1009.13
2022-07-24 08:00:00,20.811111111111106,20.811111111111106,0.76,4.7978000000000005,290.0,10.2718,0.0,1009.62
2022-07-24 09:00:00,22.61666666666666,22.61666666666666,0.67,10.5616,242.0,9.982000000000001,0.0,1009.52
2022-07-24 10:00:00,23.79444444444444,23.79444444444444,0.62,13.652800000000001,250.0,9.982000000000001,0.0,1009.51
2022-07-24 11:00:00,24.799999999999997,24.799999999999997,0.59,12.7029,257.0,10.3523,0.0,1009.59
2022-07-24 12:00:00,25.949999999999996,25.949999999999996,0.51,10.980200000000002,232.0,9.982000000000001,0.0,1009.63
2022-07-24 13:00:00,26.06111111111111,26.06111111111111,0.5,10.867500000000001,251.0,9.982000000000001,0.0,1009.63
2022-07-24 14:00:00,27.016666666666666,27.144444444444446,0.45,14.9247,260.0,10.577700000000002,0.0,1009.87
2022-07-24 15:00:00,27.10555555555556,27.194444444444443,0.45,13.8782,280.0,9.982000000000001,0.0,1009.74
2022-07-24 16:00:00,27.22222222222222,27.272222222222226,0.44,12.558,261.0,10.255700000000001,0.0,1009.92
2022-07-24 17:00:00,26.33888888888889,26.33888888888889,0.44,14.9247,269.0,15.552600000000002,0.0,1009.68
2022-07-24 18:00:00,26.15555555555555,26.15555555555555,0.44,15.504300000000002,299.0,16.1,0.0,1009.72
2022-07-24 19:00:00,25.022222222222226,25.022222222222226,0.5,9.595600000000001,300.0,10.255700000000001,0.0,1009.91
2022-07-24 20:00:00,23.122222222222224,23.122222222222224,0.63,7.1001,289.0,10.577700000000002,0.0,1010.14
2022-07-24 21:00:00,20.07222222222222,20.07222222222222,0.83,3.2039,329.0,16.1,0.0,1010.9
2022-07-24 22:00:00,18.84444444444445,18.84444444444445,0.84,0.0,0.0,16.1,0.0,1011.41
2022-07-24 23:00:00,18.116666666666667,18.116666666666667,0.84,2.9302,250.0,15.1823,0.0,1011.8
2022-07-25 00:00:00,17.16111111111111,17.16111111111111,0.87,3.0751,230.0,16.1,0.0,1012.11
2022-07-25 01:00:00,16.094444444444445,16.094444444444445,0.9,3.1717,262.0,15.826300000000002,0.0,1012.02
2022-07-25 02:00:00,16.333333333333332,16.333333333333332,0.9,3.1878,262.0,14.9569,0.0,1012.0
2022-07-25 03:00:00,15.005555555555553,15.005555555555553,0.93,3.3327,283.0,15.826300000000002,0.0,1011.91
2022-07-25 04:00:00,14.961111111111112,14.961111111111112,0.93,3.059,213.0,15.826300000000002,0.0,1012.12
2022-07-25 05:00:00,14.788888888888888,14.788888888888888,0.93,3.3488,288.0,15.150100000000002,0.0,1012.37
2022-07-25 06:00:00,17.022222222222222,17.022222222222222,0.87,1.61,274.0,15.826300000000002,0.0,1012.82
2022-07-25 07:00:00,19.711111111111116,19.711111111111116,0.79,3.22,0.0,16.1,0.0,1012.8
2022-07-25 08:00:00,22.62777777777778,22.62777777777778,0.64,4.459700000000001,4.0,15.1823,0.0,1012.93
2022-07-25 09:00:00,24.92777777777778,24.92777777777778,0.58,4.8944,321.0,15.826300000000002,0.0,1013.01
2022-07-25 10:00:00,26.06111111111111,26.06111111111111,0.5,7.969500000000001,281.0,9.982000000000001,0.0,1013.11
2022-07-25 11:00:00,27.03888888888889,27.23333333333333,0.46,5.0393,289.0,15.3111,0.0,1013.21
2022-07-25 12:00:00,27.733333333333334,27.45,0.4,7.760200000000001,347.0,16.1,0.0,1013.2
2022-07-25 13:00:00,27.800000000000004,27.38888888888889,0.38,3.0751,90.0,16.1,0.0,1013.01
2022-07-25 14:00:00,28.766666666666666,28.488888888888887,0.41,3.9284000000000003,300.0,15.552600000000002,0.0,1012.86
2022-07-25 15:00:00,28.81666666666667,28.42777777777778,0.4,10.770900000000001,1.0,16.1,0.0,1012.53
2022-07-25 16:00:00,28.86111111111111,28.48333333333333,0.4,8.2593,339.0,16.1,0.0,1012.23
2022-07-25 17:00:00,28.783333333333335,27.9,0.33,12.590200000000001,323.0,15.552600000000002,0.0,1012.0
2022-07-25 18:00:00,28.81666666666667,28.122222222222224,0.36,9.3702,9.0,16.1,0.0,1012.03
2022-07-25 19:00:00,27.17222222222222,27.23888888888889,0.44,7.728,15.0,16.1,0.0,1012.12
2022-07-25 20:00:00,23.37222222222222,23.37222222222222,0.66,4.8783,342.0,15.552600000000002,0.0,1012.54
2022-07-25 21:00:00,21.20555555555556,21.20555555555556,0.78,7.760200000000001,320.0,16.1,0.0,1013.22
2022-07-25 22:00:00,20.07222222222222,20.07222222222222,0.76,6.279,330.0,16.1,0.0,1013.52
2022-07-25 23:00:00,19.26666666666667,19.26666666666667,0.79,6.1019000000000005,321.0,15.1823,0.0,1013.74
2022-07-26 00:00:00,17.272222222222226,17.272222222222226,0.9,3.5742000000000007,301.0,16.1,0.0,1014.03
2022-07-26 01:00:00,17.25,17.25,0.87,3.3005,347.0,16.1,0.0,1014.11
2022-07-26 02:00:00,17.03888888888889,17.03888888888889,0.89,3.4615,349.0,14.9569,0.0,1013.94
2022-07-26 03:00:00,15.605555555555558,15.605555555555558,0.93,3.3649,339.0,15.826300000000002,0.0,1013.73
2022-07-26 04:00:00,15.627777777777778,15.627777777777778,0.93,3.2039,339.0,15.826300000000002,0.0,1013.63
2022-07-26 05:00:00,15.450000000000001,15.450000000000001,0.92,3.4132000000000002,331.0,14.9569,0.0,1013.89
2022-07-26 06:00:00,16.116666666666664,16.116666666666664,0.93,1.8193,322.0,15.826300000000002,0.0,1013.73
2022-07-26 07:00:00,19.822222222222226,19.822222222222226,0.85,4.6851,332.0,15.826300000000002,0.0,1013.73
2022-07-26 08:00:00,23.61111111111111,23.61111111111111,0.7,1.9964000000000002,60.0,15.1823,0.0,1013.7
2022-07-26 09:00:00,26.016666666666666,26.016666666666666,0.6,6.44,80.0,16.1,0.0,1013.93
2022-07-26 10:00:00,27.733333333333334,28.41666666666667,0.53,3.2361,135.0,10.255700000000001,0.0,1013.91
2022-07-26 11:00:00,28.716666666666665,28.53888888888889,0.42,2.4794,139.0,10.577700000000002,0.0,1013.85
2022-07-26 12:00:00,27.916666666666668,28.000000000000004,0.46,4.5724,111.0,10.255700000000001,0.0,1013.61
2022-07-26 13:00:00,30.04444444444444,29.41111111111111,0.37,4.459700000000001,198.0,16.1,0.0,1013.29
2022-07-26 14:00:00,30.849999999999998,30.050000000000004,0.35,1.8998,278.0,15.552600000000002,0.0,1012.55
2022-07-26 15:00:00,29.92777777777778,29.04444444444444,0.34,7.5187,119.0,16.1,0.0,1012.1
2022-07-26 16:00:00,30.97222222222222,29.961111111111116,0.33,4.652900000000001,193.0,16.1,0.0,1011.41
2022-07-26 17:00:00,28.277777777777782,28.377777777777776,0.46,8.033900000000001,101.0,15.3111,0.0,1011.04
2022-07-26 18:00:00,29.949999999999996,29.150000000000002,0.35,3.5098000000000003,88.0,15.826300000000002,0.0,1010.8
2022-07-26 19:00:00,27.800000000000004,27.922222222222224,0.46,7.567000000000001,129.0,15.826300000000002,0.0,1010.7
2022-07-26 20:00:00,24.522222222222222,24.522222222222222,0.65,3.2522,112.0,10.3523,0.0,1010.92
2022-07-26 21:00:00,22.22222222222222,22.22222222222222,0.68,7.824600000000001,90.0,15.826300000000002,0.0,1011.41
2022-07-26 22:00:00,21.622222222222224,21.622222222222224,0.71,6.279,90.0,16.1,0.0,1011.61
2022-07-26 23:00:00,22.96666666666667,22.96666666666667,0.71,9.982000000000001,81.0,15.1823,0.0,1011.74
2022-07-27 00:00:00,21.977777777777778,21.977777777777778,0.74,6.1502,90.0,16.1,0.0,1012.02
2022-07-27 01:00:00,22.366666666666667,22.366666666666667,0.72,11.270000000000001,110.0,16.1,0.0,1012.12
2022-07-27 02:00:00,21.36666666666666,21.36666666666666,0.78,9.177000000000001,117.0,15.1823,0.0,1011.61
2022-07-27 03:00:00,21.37222222222222,21.37222222222222,0.8,5.892600000000001,159.0,16.1,0.0,1011.92
2022-07-27 04:00:00,19.844444444444445,19.844444444444445,0.87,3.1717,118.0,16.0517,0.0,1011.7
2022-07-27 05:00:00,19.783333333333335,19.783333333333335,0.88,9.965900000000001,82.0,14.9569,0.0,1011.88
2022-07-27 06:00:00,18.84444444444445,18.84444444444445,0.9,3.4776000000000002,105.0,15.826300000000002,0.0,1011.82
2022-07-27 07:00:00,19.983333333333334,19.983333333333334,0.84,4.395300000000001,160.0,9.982000000000001,0.0,1012.0
2022-07-27 08:00:00,22.027777777777782,22.027777777777782,0.75,3.059,169.0,9.982000000000001,0.0,1012.8
2022-07-27 09:00:00,22.76666666666667,22.76666666666667,0.71,4.7334000000000005,174.0,9.982000000000001,0.0,1012.62
2022-07-27 10:00:00,19.244444444444444,19.244444444444444,0.89,14.2646,168.0,6.295100000000001,0.0,1013.83
2022-07-27 11:00:00,18.400000000000002,18.400000000000002,0.95,7.293300000000001,239.0,7.8729,0.0,1014.41
2022-07-27 12:00:00,20.294444444444444,20.294444444444444,0.85,1.7227000000000001,227.0,9.982000000000001,0.0,1014.46
2022-07-27 13:00:00,21.2,21.2,0.81,3.4132000000000002,114.0,9.982000000000001,0.0,1014.48
2022-07-27 14:00:00,23.811111111111114,23.811111111111114,0.67,8.0822,81.0,10.3523,0.0,1013.21
2022-07-27 15:00:00,25.016666666666666,25.016666666666666,0.62,7.985600000000001,90.0,9.982000000000001,0.0,1012.61
2022-07-27 16:00:00,25.11111111111111,25.11111111111111,0.62,9.6117,90.0,9.982000000000001,0.0,1012.1
2022-07-27 17:00:00,25.100000000000005,25.100000000000005,0.62,11.0607,96.0,10.3523,0.0,1011.71
2022-07-27 18:00:00,25.04444444444444,25.04444444444444,0.63,7.969500000000001,81.0,15.826300000000002,0.0,1011.7
2022-07-27 19:00:00,25.022222222222226,25.022222222222226,0.64,7.792400000000001,43.0,15.826300000000002,0.0,1011.61
2022-07-27 20:00:00,23.049999999999997,23.049999999999997,0.72,9.9176,15.0,10.3523,0.0,1011.5
2022-07-27 21:00:00,18.122222222222224,18.122222222222224,0.89,30.847600000000003,89.0,6.295100000000001,0.0,1012.17
2022-07-27 22:00:00,17.5,17.5,0.89,13.9426,158.0,6.1985,0.0,1013.68
2022-07-27 23:00:00,17.4,17.4,0.93,5.5223,28.0,11.6081,0.0,1012.16
2022-07-28 00:00:00,17.800000000000004,17.800000000000004,0.91,10.948,137.0,11.9784,0.0,1013.4
2022-07-28 01:00:00,17.266666666666666,17.266666666666666,0.91,13.8138,130.0,11.9784,0.0,1013.78
2022-07-28 02:00:00,17.344444444444445,17.344444444444445,0.94,10.448900000000002,117.0,9.6278,0.0,1013.17
2022-07-28 03:00:00,17.266666666666666,17.266666666666666,0.93,3.4615,125.0,9.982000000000001,0.0,1012.14
2022-07-28 04:00:00,17.244444444444444,17.244444444444444,0.97,5.7799000000000005,32.0,9.982000000000001,0.0,1011.92
2022-07-28 05:00:00,17.733333333333334,17.733333333333334,0.94,3.5420000000000007,82.0,11.6081,0.0,1011.84
2022-07-28 06:00:00,17.733333333333334,17.733333333333334,0.97,3.3327,107.0,9.9015,0.0,1012.11
2022-07-28 07:00:00,18.79444444444444,18.79444444444444,0.91,3.4776000000000002,115.0,9.982000000000001,0.0,1012.5
2022-07-28 08:00:00,20.59444444444444,20.59444444444444,0.84,7.1967,115.0,9.982000000000001,0.0,1012.53
2022-07-28 09:00:00,21.922222222222217,21.922222222222217,0.78,4.8944,69.0,9.982000000000001,0.0,1012.63
2022-07-28 10:00:00,22.505555555555556,22.505555555555556,0.74,8.1949,90.0,9.982000000000001,0.0,1012.82
2022-07-28 11:00:00,23.366666666666667,23.366666666666667,0.7,12.461400000000001,129.0,9.982000000000001,0.0,1012.41
2022-07-28 12:00:00,22.17777777777778,22.17777777777778,0.81,9.563400000000001,128.0,9.982000000000001,0.0,1012.24
2022-07-28 13:00:00,23.755555555555556,23.755555555555556,0.7,20.108900000000002,158.0,9.982000000000001,0.0,1012.4
2022-07-28 14:00:00,22.16111111111111,22.16111111111111,0.76,17.0177,148.0,9.982000000000001,0.0,1011.9
2022-07-28 15:00:00,23.82222222222222,23.82222222222222,0.67,11.286100000000001,157.0,9.982000000000001,0.0,1011.78
2022-07-28 16:00:00,24.833333333333332,24.833333333333332,0.63,13.910400000000001,148.0,15.826300000000002,0.0,1011.02
2022-07-28 17:00:00,23.922222222222224,23.922222222222224,0.7,10.835300000000002,170.0,10.3523,0.0,1010.84
2022-07-28 18:00:00,24.81666666666667,24.81666666666667,0.64,11.930100000000001,149.0,9.982000000000001,0.0,1010.52
2022-07-28 19:00:00,22.77777777777778,22.77777777777778,0.73,7.647500000000001,188.0,9.6761,0.0,1010.32
2022-07-28 20:00:00,21.36111111111111,21.36111111111111,0.82,11.6242,114.0,5.9248,0.0,1010.46
2022-07-28 21:00:00,20.022222222222226,20.022222222222226,0.93,8.05,120.0,8.9677,0.0,1010.79
2022-07-28 22:00:00,20.416666666666668,20.416666666666668,0.88,10.8192,119.0,14.586600000000002,0.0,1011.09
2022-07-28 23:00:00,19.466666666666672,19.466666666666672,0.89,10.6904,151.0,14.7637,0.0,1011.02
2022-07-29 00:00:00,18.86666666666666,18.86666666666666,0.88,6.3434,148.0,15.729700000000001,0.0,1010.98
2022-07-29 01:00:00,18.383333333333336,18.383333333333336,0.93,6.4078,109.0,15.729700000000001,0.0,1010.69
2022-07-29 02:00:00,18.833333333333336,18.833333333333336,0.91,10.7387,110.0,14.876400000000002,0.0,1010.49
2022-07-29 03:00:00,18.82222222222222,18.82222222222222,0.93,6.3756,108.0,15.729700000000001,0.0,1010.2
2022-07-29 04:00:00,18.8,18.8,0.9,3.22,110.0,9.8049,0.0,1010.3
2022-07-29 05:00:00,18.261111111111113,18.261111111111113,0.93,6.391700000000001,121.0,9.8693,0.0,1010.39
2022-07-29 06:00:00,18.733333333333334,18.733333333333334,0.91,3.3327,147.0,9.7566,0.0,1010.21
2022-07-29 07:00:00,19.844444444444445,19.844444444444445,0.88,9.2575,150.0,9.7566,0.0,1010.21
2022-07-29 08:00:00,21.772222222222222,21.772222222222222,0.8,9.048200000000001,141.0,9.338000000000001,0.0,1010.41
2022-07-29 09:00:00,22.666666666666668,22.666666666666668,0.74,15.359399999999999,160.0,9.9015,0.0,1010.32
2022-07-29 10:00:00,23.79444444444444,23.79444444444444,0.7,12.2199,140.0,9.982000000000001,0.0,1010.31
2022-07-29 11:00:00,23.894444444444446,23.894444444444446,0.7,7.695800000000001,184.0,9.450700000000001,0.0,1010.36
2022-07-29 12:00:00,26.016666666666666,26.016666666666666,0.65,4.83,189.0,9.982000000000001,0.0,1010.3
2022-07-29 13:00:00,27.061111111111106,27.788888888888884,0.55,4.7012,130.0,9.982000000000001,0.0,1010.19
2022-07-29 14:00:00,26.994444444444447,27.71111111111111,0.55,7.228900000000001,195.0,10.3523,0.0,1009.93
2022-07-29 15:00:00,27.194444444444443,27.90555555555556,0.54,9.193100000000001,189.0,9.982000000000001,0.0,1009.41
2022-07-29 16:00:00,27.216666666666665,28.055555555555557,0.56,7.8729,188.0,9.982000000000001,0.0,1009.19
2022-07-29 17:00:00,26.2,26.2,0.58,9.5473,209.0,10.2718,0.0,1009.43
2022-07-29 18:00:00,26.03888888888889,26.03888888888889,0.6,10.4167,198.0,9.982000000000001,0.0,1008.82
2022-07-29 19:00:00,24.97222222222222,24.97222222222222,0.69,2.9785000000000004,208.0,15.134000000000002,0.0,1008.88
2022-07-29 20:00:00,23.116666666666667,23.116666666666667,0.82,0.7567,213.0,14.425600000000003,0.0,1009.03
2022-07-29 21:00:00,22.150000000000002,22.150000000000002,0.81,4.8783,71.0,11.801300000000001,0.0,1009.47
2022-07-29 22:00:00,21.03888888888889,21.03888888888889,0.87,3.22,90.0,14.9086,0.0,1009.4
2022-07-29 23:00:00,20.683333333333337,20.683333333333337,0.88,3.2683,91.0,14.0553,0.0,1009.51
2022-07-30 00:00:00,20.438888888888894,20.438888888888894,0.88,3.0751,140.0,14.7637,0.0,1009.39
2022-07-30 01:00:00,19.444444444444443,19.444444444444443,0.93,3.2361,126.0,14.6349,0.0,1009.39
2022-07-30 02:00:00,20.561111111111114,20.561111111111114,0.89,3.7513000000000005,110.0,13.894300000000003,0.0,1009.42
2022-07-30 03:00:00,20.46111111111111,20.46111111111111,0.88,6.295100000000001,120.0,14.586600000000002,0.0,1009.19
2022-07-30 04:00:00,20.46111111111111,20.46111111111111,0.88,6.262900000000001,119.0,14.6832,0.0,1008.79
2022-07-30 05:00:00,20.533333333333328,20.533333333333328,0.88,11.237800000000002,118.0,13.9748,0.0,1008.61
2022-07-30 06:00:00,21.016666666666666,21.016666666666666,0.82,11.012400000000001,109.0,14.586600000000002,0.0,1008.39
2022-07-30 07:00:00,21.06666666666667,21.06666666666667,0.8,9.5151,110.0,14.6349,0.0,1008.59
2022-07-30 08:00:00,22.15555555555555,22.15555555555555,0.79,11.1734,110.0,13.5562,0.0,1008.55
2022-07-30 09:00:00,23.83888888888889,23.83888888888889,0.75,15.439900000000002,129.0,15.826300000000002,0.0,1008.39
2022-07-30 10:00:00,26.083333333333332,26.083333333333332,0.65,15.6009,128.0,15.922900000000002,0.0,1008.48
2022-07-30 11:00:00,27.62777777777778,28.916666666666668,0.6,17.5973,121.0,15.520400000000002,0.0,1008.19
2022-07-30 12:00:00,27.82222222222222,29.083333333333332,0.59,23.0713,138.0,9.982000000000001,0.0,1008.07
2022-07-30 13:00:00,28.911111111111115,30.194444444444443,0.55,17.3558,139.0,9.982000000000001,0.0,1007.59
2022-07-30 14:00:00,28.894444444444446,29.805555555555557,0.52,22.974700000000002,131.0,10.3523,0.0,1007.48
2022-07-30 15:00:00,29.949999999999996,31.13888888888889,0.51,21.896,139.0,10.255700000000001,0.0,1007.07
2022-07-30 16:00:00,28.88888888888889,30.12777777777778,0.55,15.939000000000002,139.0,10.255700000000001,0.0,1006.67
2022-07-30 17:00:00,28.855555555555554,31.194444444444443,0.63,17.3719,129.0,10.3523,0.0,1006.25
2022-07-30 18:00:00,27.42777777777778,28.59444444444445,0.59,17.3558,139.0,15.826300000000002,0.0,1005.85
2022-07-30 19:00:00,27.28888888888889,28.433333333333337,0.6,12.5419,140.0,16.1,0.0,1005.96
2022-07-30 20:00:00,25.311111111111114,25.311111111111114,0.7,9.5312,123.0,15.552600000000002,0.0,1006.38
2022-07-30 21:00:00,24.977777777777774,24.977777777777774,0.69,10.432800000000002,112.0,16.0517,0.0,1006.19
2022-07-30 22:00:00,24.227777777777778,24.227777777777778,0.72,10.304000000000002,119.0,16.0517,0.0,1006.05
2022-07-30 23:00:00,21.36111111111111,21.36111111111111,0.82,21.429100000000002,221.0,9.821,0.0,1006.54
2022-07-31 00:00:00,21.072222222222226,21.072222222222226,0.81,19.7869,243.0,11.9784,0.0,1007.17
2022-07-31 01:00:00,19.400000000000002,19.400000000000002,0.88,10.513300000000001,159.0,9.7566,0.0,1008.35
2022-07-31 02:00:00,18.88888888888889,18.88888888888889,0.94,10.4972,118.0,9.0965,0.0,1008.32
2022-07-31 03:00:00,18.35555555555556,18.35555555555556,0.93,11.0446,110.0,9.982000000000001,0.0,1008.25
2022-07-31 04:00:00,18.35555555555556,18.35555555555556,0.9,14.1197,100.0,10.2074,0.0,1007.42
2022-07-31 05:00:00,17.872222222222224,17.872222222222224,0.91,6.681500000000001,136.0,7.631400000000001,0.0,1007.91
2022-07-31 06:00:00,17.82777777777778,17.82777777777778,0.97,1.8193,112.0,8.420300000000001,0.0,1008.2
2022-07-31 07:00:00,18.383333333333336,18.383333333333336,0.9,3.4454000000000002,116.0,9.982000000000001,0.0,1008.42
2022-07-31 08:00:00,18.894444444444446,18.894444444444446,0.91,5.5867,125.0,9.982000000000001,0.0,1008.63
2022-07-31 09:00:00,20.02777777777778,20.02777777777778,0.84,5.055400000000001,83.0,9.982000000000001,0.0,1009.01
2022-07-31 10:00:00,21.088888888888885,21.088888888888885,0.81,8.1949,110.0,9.982000000000001,0.0,1009.58
2022-07-31 11:00:00,21.072222222222226,21.072222222222226,0.83,3.2039,69.0,9.982000000000001,0.0,1009.3
2022-07-31 12:00:00,21.25,21.25,0.81,9.5151,130.0,9.982000000000001,0.0,1010.26
2022-07-31 13:00:00,21.272222222222226,21.272222222222226,0.8,9.3541,102.0,9.982000000000001,0.0,1010.66
2022-07-31 14:00:00,22.733333333333334,22.733333333333334,0.79,10.4972,53.0,9.982000000000001,0.0,1009.29
2022-07-31 15:00:00,23.88888888888889,23.88888888888889,0.62,3.1878,124.0,9.982000000000001,0.0,1009.57
2022-07-31 16:00:00,24.97222222222222,24.97222222222222,0.62,4.3631,256.0,9.982000000000001,0.0,1009.28
2022-07-31 17:00:00,24.78888888888889,24.78888888888889,0.63,3.1556,323.0,10.3523,0.0,1009.07
2022-07-31 18:00:00,25.0,25.0,0.59,4.6368,18.0,9.982000000000001,0.0,1008.73
2022-07-31 19:00:00,23.916666666666668,23.916666666666668,0.66,9.3702,350.0,9.982000000000001,0.0,1008.83
2022-07-31 20:00:00,22.299999999999997,22.299999999999997,0.8,0.483,340.0,10.3523,0.0,1009.14
2022-07-31 21:00:00,21.06666666666667,21.06666666666667,0.87,0.1449,320.0,9.982000000000001,0.0,1009.33
2022-07-31 22:00:00,20.46666666666667,20.46666666666667,0.87,2.9463000000000004,205.0,16.1,0.0,1010.0
2022-07-31 23:00:00,20.37777777777778,20.37777777777778,0.9,4.459700000000001,314.0,14.586600000000002,0.0,1009.76
2022-08-01 00:00:00,20.422222222222224,20.422222222222224,0.9,5.635000000000001,130.0,8.372000000000002,0.0,1010.2
2022-08-01 01:00:00,19.983333333333334,19.983333333333334,0.93,6.1824,358.0,9.982000000000001,0.0,1009.64
2022-08-01 02:00:00,19.850000000000005,19.850000000000005,0.93,4.8944,313.0,11.253900000000002,0.0,1009.4
2022-08-01 03:00:00,19.400000000000002,19.400000000000002,0.93,11.270000000000001,330.0,14.9086,0.0,1009.63
2022-08-01 04:00:00,18.88888888888889,18.88888888888889,0.93,2.5760000000000005,128.0,11.9784,0.0,1009.89
2022-08-01 05:00:00,17.96666666666667,17.96666666666667,0.94,3.1717,352.0,9.499,0.0,1009.77
2022-08-01 06:00:00,18.84444444444445,18.84444444444445,0.93,3.0751,170.0,1.8354,0.0,1009.81
2022-08-01 07:00:00,20.005555555555556,20.005555555555556,0.93,3.0107000000000004,158.0,10.255700000000001,0.0,1009.9
2022-08-01 08:00:00,21.933333333333337,21.933333333333337,0.8,1.9642000000000002,143.0,9.853200000000001,0.0,1009.94
2022-08-01 09:00:00,23.77777777777778,23.77777777777778,0.75,4.8139,336.0,9.982000000000001,0.0,1010.02
2022-08-01 10:00:00,24.93333333333333,24.93333333333333,0.69,9.4185,12.0,9.982000000000001,0.0,1009.93
2022-08-01 11:00:00,25.977777777777778,25.977777777777778,0.68,3.2039,49.0,10.3523,0.0,1010.2
2022-08-01 12:00:00,27.199999999999996,28.36111111111111,0.6,4.7656,2.0,9.982000000000001,0.0,1010.02
2022-08-01 13:00:00,27.733333333333334,28.988888888888894,0.59,8.8067,322.0,9.982000000000001,0.0,1009.73
2022-08-01 14:00:00,28.533333333333335,29.694444444444443,0.55,4.9266000000000005,312.0,10.3523,0.0,1009.46
2022-08-01 15:00:00,28.86666666666666,29.644444444444446,0.51,4.7978000000000005,321.0,9.982000000000001,0.0,1009.02
2022-08-01 16:00:00,27.872222222222224,28.56666666666667,0.53,1.6261,82.0,9.982000000000001,0.0,1008.72
2022-08-01 17:00:00,28.61111111111111,29.172222222222224,0.5,5.1681,229.0,10.3523,0.0,1008.82
2022-08-01 18:00:00,28.711111111111116,29.488888888888887,0.52,4.5563,196.0,9.982000000000001,0.0,1008.84
2022-08-01 19:00:00,26.16111111111111,26.16111111111111,0.6,11.9945,219.0,9.982000000000001,0.0,1009.12
2022-08-01 20:00:00,24.044444444444444,24.044444444444444,0.74,7.3094,230.0,10.3523,0.0,1009.94
2022-08-01 21:00:00,22.272222222222226,22.272222222222226,0.81,7.792400000000001,221.0,16.1,0.0,1010.4
2022-08-01 22:00:00,21.672222222222224,21.672222222222224,0.81,6.295100000000001,240.0,16.1,0.0,1010.81
2022-08-01 23:00:00,20.65555555555556,20.65555555555556,0.87,6.166300000000001,278.0,15.1823,0.0,1011.08
2022-08-02 00:00:00,19.93333333333333,19.93333333333333,0.87,6.44,300.0,16.1,0.0,1011.01
2022-08-02 01:00:00,19.355555555555558,19.355555555555558,0.88,3.1878,335.0,16.1,0.0,1010.83
2022-08-02 02:00:00,19.01111111111111,19.01111111111111,0.91,2.9946,206.0,14.876400000000002,0.0,1010.94
2022-08-02 03:00:00,18.22222222222222,18.22222222222222,0.91,3.2361,244.0,15.6009,0.0,1010.74
2022-08-02 04:00:00,17.76111111111111,17.76111111111111,0.93,6.230700000000001,309.0,15.6009,0.0,1010.92
2022-08-02 05:00:00,17.938888888888894,17.938888888888894,0.93,3.2522,305.0,14.7637,0.0,1011.04
2022-08-02 06:00:00,18.755555555555556,18.755555555555556,0.93,7.969500000000001,320.0,15.6009,0.0,1011.32
2022-08-02 07:00:00,20.933333333333337,20.933333333333337,0.87,4.7495,330.0,15.6009,0.0,1011.23
2022-08-02 08:00:00,23.511111111111106,23.511111111111106,0.81,7.422100000000001,290.0,15.150100000000002,0.0,1011.21
2022-08-02 09:00:00,26.97222222222222,28.77777777777778,0.7,4.717300000000001,332.0,16.0517,0.0,1011.24
2022-08-02 10:00:00,27.68888888888889,29.333333333333332,0.63,7.969500000000001,20.0,16.1,0.0,1011.13
2022-08-02 11:00:00,28.727777777777774,30.38888888888889,0.59,9.032100000000002,10.0,10.577700000000002,0.0,1011.24
2022-08-02 12:00:00,29.92777777777778,30.666666666666668,0.48,7.567000000000001,9.0,9.982000000000001,0.0,1011.13
2022-08-02 13:00:00,30.97222222222222,32.23333333333333,0.48,9.016,10.0,9.982000000000001,0.0,1011.02
2022-08-02 14:00:00,29.84444444444445,30.561111111111114,0.48,4.1216,76.0,10.577700000000002,0.0,1010.86
2022-08-02 15:00:00,30.738888888888887,30.966666666666665,0.43,4.5402000000000005,59.0,9.982000000000001,0.0,1010.38
2022-08-02 16:00:00,29.583333333333332,30.11666666666666,0.48,4.8944,51.0,9.982000000000001,0.0,1009.97
2022-08-02 17:00:00,26.100000000000005,26.100000000000005,0.6,16.2771,256.0,10.3523,0.0,1010.36
2022-08-02 18:00:00,20.32777777777778,20.32777777777778,0.83,9.080400000000001,318.0,8.1305,0.0,1011.64
2022-08-02 19:00:00,21.32222222222222,21.32222222222222,0.81,7.776300000000001,181.0,9.982000000000001,0.0,1011.19
2022-08-02 20:00:00,21.405555555555555,21.405555555555555,0.86,8.3237,113.0,10.3523,0.0,1011.86
2022-08-02 21:00:00,21.16111111111111,21.16111111111111,0.86,0.1449,220.0,10.255700000000001,0.0,1012.06
2022-08-02 22:00:00,20.555555555555557,20.555555555555557,0.9,2.9785000000000004,42.0,16.1,0.0,1011.51
2022-08-02 23:00:00,20.544444444444448,20.544444444444448,0.9,2.0769,341.0,15.1823,0.0,1011.86
2022-08-03 00:00:00,19.93333333333333,19.93333333333333,0.93,3.2039,331.0,16.1,0.0,1012.09
2022-08-03 01:00:00,19.86111111111111,19.86111111111111,0.93,6.1502,190.0,16.1,0.0,1012.01
2022-08-03 02:00:00,19.427777777777777,19.427777777777777,0.93,10.368400000000001,170.0,15.150100000000002,0.0,1011.93
2022-08-03 03:00:00,18.8,18.8,0.93,3.22,350.0,16.0517,0.0,1012.11
2022-08-03 04:00:00,18.244444444444447,18.244444444444447,0.93,0.0,0.0,15.826300000000002,0.0,1012.29
2022-08-03 05:00:00,17.705555555555556,17.705555555555556,0.94,5.6833,99.0,14.9569,0.0,1012.33
2022-08-03 06:00:00,17.783333333333335,17.783333333333335,0.97,0.0,0.0,14.9086,0.0,1012.52
2022-08-03 07:00:00,20.91111111111111,20.91111111111111,0.93,0.0,0.0,14.9086,0.0,1012.78
2022-08-03 08:00:00,22.47222222222222,22.47222222222222,0.76,2.5760000000000005,167.0,15.150100000000002,0.0,1012.58
2022-08-03 09:00:00,25.91111111111111,25.91111111111111,0.61,9.3541,100.0,16.1,0.0,1012.61
2022-08-03 10:00:00,27.17777777777778,27.922222222222224,0.55,4.8783,136.0,16.1,0.0,1012.6
2022-08-03 11:00:00,28.583333333333332,29.711111111111116,0.55,2.6565,96.0,15.552600000000002,0.0,1012.64
2022-08-03 12:00:00,29.88333333333334,30.416666666666668,0.47,1.8676,198.0,16.1,0.0,1012.62
2022-08-03 13:00:00,29.92777777777778,30.427777777777774,0.46,4.652900000000001,157.0,10.255700000000001,0.0,1012.31
2022-08-03 14:00:00,30.85555555555556,30.616666666666667,0.39,6.9552000000000005,166.0,10.577700000000002,0.0,1011.88
2022-08-03 15:00:00,30.91111111111111,30.32222222222222,0.36,4.9588,145.0,10.255700000000001,0.0,1011.43
2022-08-03 16:00:00,30.75,31.45555555555556,0.46,3.2844,182.0,10.255700000000001,0.0,1011.14
2022-08-03 17:00:00,28.96111111111111,30.59444444444444,0.57,3.0429,228.0,10.3523,0.0,1011.27
2022-08-03 18:00:00,28.86111111111111,30.105555555555554,0.55,4.83,90.0,15.826300000000002,0.0,1010.48
2022-08-03 19:00:00,27.266666666666666,28.438888888888886,0.6,4.6046000000000005,140.0,15.826300000000002,0.0,1009.83
2022-08-03 20:00:00,25.305555555555557,25.305555555555557,0.76,8.9999,289.0,15.552600000000002,0.0,1010.75
2022-08-03 21:00:00,23.86666666666666,23.86666666666666,0.84,3.22,310.0,16.1,0.0,1011.41
2022-08-03 22:00:00,23.244444444444447,23.244444444444447,0.82,2.9624,351.0,16.1,0.0,1011.34
2022-08-03 23:00:00,23.42222222222222,23.42222222222222,0.73,16.5508,250.0,10.2235,0.0,1011.19
2022-08-04 00:00:00,22.09444444444444,22.09444444444444,0.79,16.4059,259.0,15.826300000000002,0.0,1011.52
2022-08-04 01:00:00,21.072222222222226,21.072222222222226,0.84,11.0768,280.0,15.826300000000002,0.0,1011.73
2022-08-04 02:00:00,20.677777777777777,20.677777777777777,0.82,4.347,300.0,15.1823,0.0,1012.0
2022-08-04 03:00:00,20.533333333333328,20.533333333333328,0.82,19.191200000000002,231.0,14.9086,0.0,1012.46
2022-08-04 04:00:00,17.916666666666668,17.916666666666668,0.93,13.4113,241.0,8.1305,0.0,1013.17
2022-08-04 05:00:00,17.950000000000003,17.950000000000003,0.93,12.558,329.0,11.688600000000001,0.0,1012.5
2022-08-04 06:00:00,18.86666666666666,18.86666666666666,0.9,7.0357,110.0,9.982000000000001,0.0,1012.28
2022-08-04 07:00:00,18.86666666666666,18.86666666666666,0.9,8.7262,191.0,10.255700000000001,0.0,1013.08
2022-08-04 08:00:00,18.95555555555556,18.95555555555556,0.93,9.9981,129.0,10.2235,0.0,1013.77
2022-08-04 09:00:00,21.016666666666666,21.016666666666666,0.82,11.270000000000001,150.0,9.982000000000001,0.0,1014.19
2022-08-04 10:00:00,21.088888888888885,21.088888888888885,0.81,7.969500000000001,140.0,9.982000000000001,0.0,1014.18
2022-08-04 11:00:00,22.12222222222222,22.12222222222222,0.78,4.1538,117.0,9.982000000000001,0.0,1014.21
2022-08-04 12:00:00,22.75555555555555,22.75555555555555,0.73,3.3327,162.0,9.982000000000001,0.0,1014.41
2022-08-04 13:00:00,22.800000000000004,22.800000000000004,0.73,4.717300000000001,237.0,15.826300000000002,0.0,1014.13
2022-08-04 14:00:00,22.855555555555554,22.855555555555554,0.79,3.3005,273.0,14.9569,0.0,1014.16
2022-08-04 15:00:00,22.90555555555556,22.90555555555556,0.73,9.2575,311.0,15.826300000000002,0.0,1014.21
2022-08-04 16:00:00,23.950000000000003,23.950000000000003,0.73,4.8139,330.0,15.826300000000002,0.0,1014.0
2022-08-04 17:00:00,23.994444444444444,23.994444444444444,0.73,4.524100000000001,352.0,14.9569,0.0,1013.73
2022-08-04 18:00:00,23.994444444444444,23.994444444444444,0.73,7.502600000000001,10.0,15.826300000000002,0.0,1013.5
2022-08-04 19:00:00,22.82222222222222,22.82222222222222,0.79,7.792400000000001,19.0,16.1,0.0,1013.41
2022-08-04 20:00:00,21.383333333333333,21.383333333333333,0.81,6.9713,37.0,15.1823,0.0,1013.59
2022-08-04 21:00:00,20.07222222222222,20.07222222222222,0.87,3.22,340.0,16.1,0.0,1013.99
2022-08-04 22:00:00,20.0,20.0,0.9,3.2039,359.0,16.1,0.0,1014.14
2022-08-04 23:00:00,19.988888888888894,19.988888888888894,0.94,5.8765,322.0,15.021300000000002,0.0,1014.12
2022-08-05 00:00:00,19.86111111111111,19.86111111111111,0.91,3.2361,356.0,15.826300000000002,0.0,1014.02
2022-08-05 01:00:00,18.81666666666667,18.81666666666667,0.93,6.295100000000001,330.0,15.729700000000001,0.0,1013.52
2022-08-05 02:00:00,18.394444444444446,18.394444444444446,0.94,3.3488,293.0,14.876400000000002,0.0,1013.19
2022-08-05 03:00:00,17.77777777777778,17.77777777777778,0.93,6.44,302.0,15.649200000000002,0.0,1013.24
2022-08-05 04:00:00,17.800000000000004,17.800000000000004,0.97,6.44,328.0,9.7566,0.0,1013.33
2022-08-05 05:00:00,17.855555555555554,17.855555555555554,0.97,5.763800000000001,352.0,6.1019000000000005,0.0,1013.26
2022-08-05 06:00:00,17.755555555555556,17.755555555555556,0.97,9.193100000000001,341.0,5.9248,0.0,1013.32
2022-08-05 07:00:00,19.91111111111111,19.91111111111111,0.87,9.4829,359.0,7.905100000000001,0.0,1013.05
2022-08-05 08:00:00,22.22222222222222,22.22222222222222,0.81,11.270000000000001,340.0,8.05,0.0,1013.7
2022-08-05 09:00:00,22.77777777777778,22.77777777777778,0.79,9.5312,322.0,16.1,0.0,1012.93
2022-08-05 10:00:00,26.016666666666666,26.016666666666666,0.65,8.0983,341.0,16.1,0.0,1012.45
2022-08-05 11:00:00,26.966666666666672,27.82777777777778,0.57,3.4293,342.0,15.3111,0.0,1012.4
2022-08-05 12:00:00,27.71111111111111,28.549999999999997,0.55,8.05,359.0,9.982000000000001,0.0,1012.24
2022-08-05 13:00:00,28.75,29.261111111111113,0.49,4.7656,17.0,9.982000000000001,0.0,1011.95
2022-08-05 14:00:00,28.68333333333333,28.938888888888894,0.47,4.1699,41.0,10.3523,0.0,1011.49
2022-08-05 15:00:00,28.79444444444444,29.555555555555557,0.51,4.9266000000000005,312.0,10.255700000000001,0.0,1010.77
2022-08-05 16:00:00,27.800000000000004,28.461111111111116,0.53,8.2754,350.0,9.982000000000001,0.0,1010.35
2022-08-05 17:00:00,28.77777777777778,29.87222222222222,0.54,8.645700000000001,349.0,10.3523,0.0,1009.43
2022-08-05 18:00:00,20.555555555555557,20.555555555555557,0.85,21.8316,88.0,6.295100000000001,0.0,1009.37
2022-08-05 19:00:00,20.25,20.25,0.86,3.7835000000000005,105.0,9.9015,0.0,1009.93
2022-08-05 20:00:00,20.283333333333335,20.283333333333335,0.87,6.4561,289.0,9.177000000000001,0.0,1010.14
2022-08-05 21:00:00,20.133333333333333,20.133333333333333,0.86,9.6278,274.0,9.982000000000001,0.0,1010.79
2022-08-05 22:00:00,19.527777777777782,19.527777777777782,0.9,10.3201,312.0,15.826300000000002,0.0,1010.84
2022-08-05 23:00:00,19.033333333333335,19.033333333333335,0.9,8.533,355.0,10.1752,0.0,1010.57
2022-08-06 00:00:00,18.916666666666668,18.916666666666668,0.87,10.642100000000001,321.0,16.1,0.0,1010.46
2022-08-06 01:00:00,18.383333333333336,18.383333333333336,0.9,16.0839,231.0,7.486500000000001,0.0,1011.12
2022-08-06 02:00:00,18.400000000000002,18.400000000000002,0.93,11.8979,298.0,11.914000000000001,0.0,1010.37
2022-08-06 03:00:00,18.56111111111111,18.56111111111111,0.92,11.9945,306.0,11.9623,0.0,1010.37
2022-08-06 04:00:00,18.788888888888884,18.788888888888884,0.91,12.075000000000001,315.0,11.7691,0.0,1010.37
2022-08-06 05:00:00,19.061111111111114,19.061111111111114,0.89,12.1716,323.0,11.414900000000001,0.0,1010.37
2022-08-06 06:00:00,19.34444444444444,19.34444444444444,0.88,12.332600000000001,331.0,10.996300000000002,0.0,1010.37
2022-08-06 07:00:00,19.616666666666667,19.616666666666667,0.86,12.5419,339.0,10.5616,0.0,1010.37
2022-08-06 08:00:00,19.844444444444445,19.844444444444445,0.85,12.735100000000001,345.0,10.1913,0.0,1010.37
2022-08-06 09:00:00,20.0,20.0,0.84,12.88,350.0,9.982000000000001,0.0,0.0
2022-08-06 10:00:00,19.983333333333334,19.983333333333334,0.84,9.6761,18.0,10.255700000000001,0.0,1011.14
2022-08-06 11:00:00,20.883333333333336,20.883333333333336,0.83,2.5760000000000005,1.0,10.2235,0.0,1011.47
2022-08-06 12:00:00,22.116666666666667,22.116666666666667,0.77,0.8211,26.0,9.982000000000001,0.0,1011.46
2022-08-06 13:00:00,22.183333333333337,22.183333333333337,0.81,7.824600000000001,325.0,9.982000000000001,0.0,1011.73
2022-08-06 14:00:00,22.488888888888894,22.488888888888894,0.76,7.760200000000001,352.0,10.3523,0.0,1011.23
2022-08-06 15:00:00,23.783333333333335,23.783333333333335,0.7,3.4776000000000002,356.0,9.982000000000001,0.0,1011.13
2022-08-06 16:00:00,23.805555555555554,23.805555555555554,0.67,7.3899,60.0,9.982000000000001,0.0,1010.82
2022-08-06 17:00:00,24.644444444444446,24.644444444444446,0.64,3.0268,65.0,10.3523,0.0,1010.44
2022-08-06 18:00:00,24.822222222222226,24.822222222222226,0.63,0.3542,238.0,9.982000000000001,0.0,1010.43
2022-08-06 19:00:00,23.68333333333333,23.68333333333333,0.75,11.270000000000001,0.0,9.982000000000001,0.0,1010.34
2022-08-06 20:00:00,21.211111111111116,21.211111111111116,0.87,2.415,230.0,10.2718,0.0,1010.69
2022-08-06 21:00:00,20.97222222222222,20.97222222222222,0.87,8.9677,282.0,9.9015,0.0,1010.87
2022-08-06 22:00:00,21.46111111111111,21.46111111111111,0.8,16.5669,319.0,15.697500000000002,0.0,1011.3
2022-08-06 23:00:00,19.91111111111111,19.91111111111111,0.88,12.3648,348.0,14.844200000000003,0.0,1011.63
2022-08-07 00:00:00,18.81666666666667,18.81666666666667,0.91,10.577700000000002,1.0,15.649200000000002,0.0,1011.78
2022-08-07 01:00:00,18.333333333333332,18.333333333333332,0.93,6.423900000000001,354.0,14.812,0.0,1011.61
2022-08-07 02:00:00,18.35555555555556,18.35555555555556,0.94,10.5455,359.0,14.168000000000003,0.0,1011.41
2022-08-07 03:00:00,18.711111111111116,18.711111111111116,0.92,10.2718,359.0,13.7977,0.0,1011.48
2022-08-07 04:00:00,19.205555555555552,19.205555555555552,0.9,9.708300000000001,359.0,13.3147,0.0,1011.58
2022-08-07 05:00:00,19.799999999999997,19.799999999999997,0.87,8.935500000000001,358.0,12.7673,0.0,1011.71
2022-08-07 06:00:00,20.444444444444443,20.444444444444443,0.84,8.05,357.0,12.1716,0.0,1011.86
2022-08-07 07:00:00,21.094444444444445,21.094444444444445,0.81,7.1162,356.0,11.5759,0.0,1012.0
2022-08-07 08:00:00,21.71111111111111,21.71111111111111,0.78,6.2468,353.0,11.012400000000001,0.0,1012.14
2022-08-07 09:00:00,22.25,22.25,0.75,5.5223,349.0,10.5455,0.0,1012.26
2022-08-07 10:00:00,22.661111111111115,22.661111111111115,0.74,5.0715,344.0,10.2074,0.0,1012.34
2022-08-07 11:00:00,23.70555555555556,23.70555555555556,0.71,7.8084999999999996,298.0,9.982000000000001,0.0,1012.5
2022-08-07 12:00:00,24.838888888888885,24.838888888888885,0.65,4.8139,305.0,9.982000000000001,0.0,1012.64
2022-08-07 13:00:00,24.95,24.95,0.64,8.05,341.0,9.982000000000001,0.0,1012.35
2022-08-07 14:00:00,25.949999999999996,25.949999999999996,0.65,9.8049,291.0,10.3523,0.0,1012.19
2022-08-07 15:00:00,26.016666666666666,26.016666666666666,0.61,7.695800000000001,322.0,9.982000000000001,0.0,1011.76
2022-08-07 16:00:00,25.955555555555556,25.955555555555556,0.61,10.6743,340.0,9.982000000000001,0.0,1011.47
2022-08-07 17:00:00,26.57222222222222,26.57222222222222,0.62,7.889000000000001,5.0,9.982000000000001,0.0,1011.57
2022-08-07 18:00:00,23.911111111111115,23.911111111111115,0.67,10.0947,78.0,9.982000000000001,0.0,1011.45
2022-08-07 19:00:00,22.29444444444444,22.29444444444444,0.76,10.0947,139.0,9.982000000000001,0.0,1011.92
2022-08-07 20:00:00,21.06666666666667,21.06666666666667,0.82,7.3094,207.0,9.6278,0.0,1012.52
2022-08-07 21:00:00,20.02777777777778,20.02777777777778,0.92,9.450700000000001,261.0,8.1305,0.0,1013.0
2022-08-07 22:00:00,20.02777777777778,20.02777777777778,0.92,2.6082000000000005,326.0,9.982000000000001,0.0,1013.51
2022-08-07 23:00:00,19.511111111111113,19.511111111111113,0.93,5.5384,250.0,14.586600000000002,0.0,1013.02
2022-08-08 00:00:00,18.911111111111115,18.911111111111115,0.93,3.2039,291.0,16.1,0.0,1012.95
2022-08-08 01:00:00,18.377777777777776,18.377777777777776,0.93,0.0,0.0,16.1,0.0,1013.51
2022-08-08 02:00:00,18.000000000000004,18.000000000000004,0.97,2.8658,190.0,5.055400000000001,0.0,1013.64
2022-08-08 03:00:00,17.266666666666666,17.266666666666666,1.0,3.1556,232.0,6.1985,0.0,1013.32
2022-08-08 04:00:00,17.22222222222222,17.22222222222222,0.97,3.0751,240.0,9.7566,0.0,1013.41
2022-08-08 05:00:00,17.344444444444445,17.344444444444445,0.95,2.898,268.0,11.0929,0.0,1013.49
2022-08-08 06:00:00,17.73888888888889,17.73888888888889,0.97,0.2898,260.0,6.021400000000001,0.0,1013.73
2022-08-08 07:00:00,18.805555555555554,18.805555555555554,0.93,3.22,300.0,5.0393,0.0,1013.91
2022-08-08 08:00:00,19.988888888888894,19.988888888888894,0.93,4.83,266.0,7.4543,0.0,1014.24
2022-08-08 09:00:00,21.25,21.25,0.81,6.44,320.0,9.982000000000001,0.0,1014.28
2022-08-08 10:00:00,22.89444444444444,22.89444444444444,0.78,2.8014,194.0,9.982000000000001,0.0,1014.57
2022-08-08 11:00:00,24.822222222222226,24.822222222222226,0.66,6.6654,219.0,9.6278,0.0,1014.53
2022-08-08 12:00:00,26.06111111111111,26.06111111111111,0.58,4.250400000000001,192.0,9.982000000000001,0.0,1014.29
2022-08-08 13:00:00,27.22222222222222,28.044444444444448,0.56,9.064300000000001,222.0,9.982000000000001,0.0,1013.82
2022-08-08 14:00:00,22.83888888888889,22.83888888888889,0.72,10.7387,279.0,10.3523,0.0,1014.06
2022-08-08 15:00:00,24.188888888888894,24.188888888888894,0.67,7.9373000000000005,245.0,9.982000000000001,0.0,1013.85
2022-08-08 16:00:00,27.266666666666666,28.061111111111114,0.55,5.0393,264.0,9.982000000000001,0.0,1013.29
2022-08-08 17:00:00,26.29444444444444,26.29444444444444,0.62,8.4042,274.0,10.3523,0.0,1013.13
2022-08-08 18:00:00,27.150000000000002,27.972222222222218,0.56,4.186000000000001,173.0,9.982000000000001,0.0,1013.01
2022-08-08 19:00:00,25.98888888888889,25.98888888888889,0.69,1.8354,126.0,9.982000000000001,0.0,1013.33
2022-08-08 20:00:00,22.983333333333334,22.983333333333334,0.81,3.1073,114.0,10.3523,0.0,1013.84
2022-08-08 21:00:00,21.016666666666666,21.016666666666666,0.8,14.1197,110.0,9.982000000000001,0.0,1014.39
2022-08-08 22:00:00,20.444444444444443,20.444444444444443,0.82,11.2056,119.0,16.1,0.0,1014.52
2022-08-08 23:00:00,19.450000000000003,19.450000000000003,0.9,5.7799000000000005,139.0,15.1823,0.0,1014.8
2022-08-09 00:00:00,18.772222222222226,18.772222222222226,0.91,6.44,150.0,15.729700000000001,0.0,1014.99
2022-08-09 01:00:00,18.244444444444447,18.244444444444447,0.91,6.118,169.0,14.6832,0.0,1014.73
2022-08-09 02:00:00,18.216666666666672,18.216666666666672,0.91,2.8175000000000003,170.0,11.4954,0.0,1014.64
2022-08-09 03:00:00,17.666666666666668,17.666666666666668,0.93,3.1878,155.0,9.7566,0.0,1014.53
2022-08-09 04:00:00,17.133333333333336,17.133333333333336,0.93,3.2039,71.0,7.8729,0.0,1014.53
2022-08-09 05:00:00,16.79444444444444,16.79444444444444,0.93,2.4633000000000003,23.0,5.216400000000001,0.0,1014.92
2022-08-09 06:00:00,16.094444444444445,16.094444444444445,0.99,0.0,0.0,1.0143,0.0,1015.21
2022-08-09 07:00:00,18.666666666666664,18.666666666666664,0.93,3.22,130.0,4.9910000000000005,0.0,1015.33
2022-08-09 08:00:00,21.861111111111107,21.861111111111107,0.79,4.4758,160.0,7.406,0.0,1015.54
2022-08-09 09:00:00,23.81666666666667,23.81666666666667,0.7,1.8515,104.0,12.075000000000001,0.0,1015.6
2022-08-09 10:00:00,26.06111111111111,26.06111111111111,0.61,3.5420000000000007,111.0,16.1,0.0,1015.5
2022-08-09 11:00:00,27.16666666666667,28.022222222222222,0.56,4.781700000000001,152.0,10.3523,0.0,1015.43
2022-08-09 12:00:00,27.77777777777778,27.738888888888894,0.44,4.6368,214.0,9.982000000000001,0.0,1015.29
2022-08-09 13:00:00,28.838888888888885,29.377777777777776,0.49,7.8729,208.0,9.982000000000001,0.0,1014.9
2022-08-09 14:00:00,28.766666666666666,28.899999999999995,0.46,4.9910000000000005,193.0,10.3523,0.0,1014.76
2022-08-09 15:00:00,28.93333333333333,28.833333333333332,0.43,3.3488,204.0,16.1,0.0,1014.48
2022-08-09 16:00:00,28.911111111111115,28.82222222222222,0.43,4.9588,161.0,16.1,0.0,1014.29
2022-08-09 17:00:00,28.95555555555556,29.294444444444448,0.47,4.379200000000001,197.0,15.552600000000002,0.0,1014.19
2022-08-09 18:00:00,27.84444444444445,28.511111111111106,0.53,7.647500000000001,198.0,16.1,0.0,1014.08
2022-08-09 19:00:00,27.22222222222222,27.916666666666668,0.54,4.652900000000001,179.0,16.1,0.0,1014.17
2022-08-09 20:00:00,23.433333333333337,23.433333333333337,0.74,4.2987,141.0,15.552600000000002,0.0,1014.39
2022-08-09 21:00:00,21.18333333333333,21.18333333333333,0.87,3.22,250.0,16.1,0.0,1014.8
2022-08-09 22:00:00,20.05,20.05,0.9,3.22,90.0,16.1,0.0,1015.41
2022-08-09 23:00:00,19.67222222222222,19.67222222222222,0.9,0.0,0.0,15.021300000000002,0.0,1015.67
2022-08-10 00:00:00,18.93888888888889,18.93888888888889,0.9,0.0,0.0,15.826300000000002,0.0,1015.8
2022-08-10 01:00:00,18.35555555555556,18.35555555555556,0.93,0.0,0.0,15.826300000000002,0.0,1015.71
2022-08-10 02:00:00,18.000000000000004,18.000000000000004,0.93,2.8014,33.0,8.3398,0.0,1015.77
2022-08-10 03:00:00,17.800000000000004,17.800000000000004,0.93,0.0,0.0,7.969500000000001,0.0,1015.19
2022-08-10 04:00:00,17.266666666666666,17.266666666666666,0.93,0.0,0.0,7.8729,0.0,1015.1
2022-08-10 05:00:00,17.816666666666663,17.816666666666663,0.94,3.0429,146.0,8.1466,0.0,1015.22
2022-08-10 06:00:00,17.22222222222222,17.22222222222222,0.93,3.22,270.0,5.9731000000000005,0.0,1015.5
2022-08-10 07:00:00,21.0,21.0,0.87,0.0,0.0,9.853200000000001,0.0,1015.69
2022-08-10 08:00:00,23.7,23.7,0.68,2.9624,155.0,9.982000000000001,0.0,1015.73
2022-08-10 09:00:00,26.022222222222226,26.022222222222226,0.61,3.2039,141.0,10.255700000000001,0.0,1015.9
2022-08-10 10:00:00,27.62222222222222,28.5,0.56,4.7656,190.0,10.255700000000001,0.0,1015.92
2022-08-10 11:00:00,28.533333333333335,29.099999999999998,0.5,8.1305,155.0,10.3523,0.0,1016.11
2022-08-10 12:00:00,28.711111111111116,29.272222222222222,0.5,9.7405,200.0,9.982000000000001,0.0,1016.0
2022-08-10 13:00:00,29.74444444444445,29.60555555555556,0.42,5.0715,230.0,9.982000000000001,0.0,1015.6
2022-08-10 14:00:00,29.799999999999997,29.67777777777778,0.42,7.422100000000001,167.0,15.3111,0.0,1014.97
2022-08-10 15:00:00,29.90555555555555,29.994444444444444,0.43,10.8836,210.0,15.826300000000002,0.0,1014.5
2022-08-10 16:00:00,28.86666666666666,29.083333333333332,0.46,12.3648,191.0,15.826300000000002,0.0,1014.01
2022-08-10 17:00:00,29.099999999999998,29.833333333333332,0.5,10.255700000000001,173.0,15.3111,0.0,1013.63
2022-08-10 18:00:00,28.838888888888885,29.58888888888889,0.51,8.0017,183.0,9.982000000000001,0.0,1013.29
2022-08-10 19:00:00,26.227777777777774,26.227777777777774,0.65,7.631400000000001,162.0,9.982000000000001,0.0,1013.09
2022-08-10 20:00:00,24.438888888888886,24.438888888888886,0.72,4.1699,152.0,10.577700000000002,0.0,1013.3
2022-08-10 21:00:00,22.77777777777778,22.77777777777778,0.84,4.6046000000000005,190.0,10.255700000000001,0.0,1013.59
2022-08-10 22:00:00,22.68888888888889,22.68888888888889,0.84,0.0,0.0,16.1,0.0,1013.7
2022-08-10 23:00:00,22.255555555555556,22.255555555555556,0.85,6.2146,180.0,15.1823,0.0,1013.74
2022-08-11 00:00:00,22.061111111111106,22.061111111111106,0.82,6.0697,158.0,15.134000000000002,0.0,1013.69
2022-08-11 01:00:00,21.50555555555555,21.50555555555555,0.85,3.2039,149.0,14.9086,0.0,1013.58
2022-08-11 02:00:00,20.672222222222217,20.672222222222217,0.91,3.1395,169.0,11.6081,0.0,1013.24
2022-08-11 03:00:00,20.488888888888887,20.488888888888887,0.87,3.22,139.0,9.9015,0.0,1012.98
2022-08-11 04:00:00,19.444444444444443,19.444444444444443,0.93,3.22,130.0,8.05,0.0,1012.7
2022-08-11 05:00:00,19.922222222222224,19.922222222222224,0.91,5.6028,143.0,8.3076,0.0,1012.91
2022-08-11 06:00:00,19.93333333333333,19.93333333333333,0.88,9.5151,140.0,9.8049,0.0,1013.08
2022-08-11 07:00:00,22.133333333333336,22.133333333333336,0.77,9.466800000000001,140.0,9.9015,0.0,1013.08
2022-08-11 08:00:00,22.788888888888884,22.788888888888884,0.81,8.935500000000001,157.0,9.982000000000001,0.0,1013.14
2022-08-11 09:00:00,26.016666666666666,26.016666666666666,0.7,10.948,160.0,15.826300000000002,0.0,1013.08
2022-08-11 10:00:00,27.75555555555555,29.438888888888886,0.63,12.5741,170.0,16.0517,0.0,1013.16
2022-08-11 11:00:00,28.883333333333333,30.21111111111111,0.56,13.041,188.0,15.3111,0.0,1013.02
2022-08-11 12:00:00,29.994444444444444,32.50555555555556,0.58,12.6224,180.0,9.982000000000001,0.0,1012.77
2022-08-11 13:00:00,31.016666666666666,33.62777777777777,0.55,14.1036,182.0,9.982000000000001,0.0,1012.46
2022-08-11 14:00:00,30.15555555555555,31.333333333333332,0.5,12.4131,201.0,15.552600000000002,0.0,1011.88
2022-08-11 15:00:00,31.105555555555554,32.41111111111112,0.48,14.1358,202.0,16.1,0.0,1011.47
2022-08-11 16:00:00,30.0,31.211111111111116,0.51,13.910400000000001,203.0,16.1,0.0,1010.89
2022-08-11 17:00:00,30.227777777777774,31.427777777777774,0.5,14.2002,214.0,15.3111,0.0,1010.96
2022-08-11 18:00:00,28.95555555555556,29.73333333333333,0.51,15.391600000000002,202.0,15.826300000000002,0.0,1010.41
2022-08-11 19:00:00,28.81666666666667,29.62222222222222,0.52,12.2199,240.0,15.826300000000002,0.0,1010.49
2022-08-11 20:00:00,26.427777777777774,26.427777777777774,0.65,10.8192,238.0,15.552600000000002,0.0,1010.4
2022-08-11 21:00:00,23.96111111111111,23.96111111111111,0.74,9.724400000000001,251.0,16.1,0.0,1011.2
2022-08-11 22:00:00,23.33888888888889,23.33888888888889,0.77,6.44,250.0,16.1,0.0,1011.48
2022-08-11 23:00:00,22.988888888888887,22.988888888888887,0.82,3.3005,222.0,15.1823,0.0,1011.76
2022-08-12 00:00:00,22.266666666666666,22.266666666666666,0.83,6.5849,255.0,10.255700000000001,0.0,1011.93
2022-08-12 01:00:00,21.688888888888894,21.688888888888894,0.86,11.0768,290.0,10.255700000000001,0.0,1012.22
2022-08-12 02:00:00,21.688888888888894,21.688888888888894,0.81,10.1913,299.0,10.2235,0.0,1012.44
2022-08-12 03:00:00,20.555555555555557,20.555555555555557,0.8,10.948,300.0,12.2521,0.0,1012.43
2022-08-12 04:00:00,20.488888888888887,20.488888888888887,0.76,10.9158,318.0,15.1823,0.0,1012.52
2022-08-12 05:00:00,18.96111111111111,18.96111111111111,0.84,7.6796999999999995,326.0,12.380900000000002,0.0,1012.81
2022-08-12 06:00:00,18.86666666666666,18.86666666666666,0.84,5.0393,290.0,15.1823,0.0,1013.02
2022-08-12 07:00:00,19.95555555555556,19.95555555555556,0.73,12.6868,300.0,16.1,0.0,1012.95
2022-08-12 08:00:00,21.977777777777778,21.977777777777778,0.69,9.499,301.0,15.1823,0.0,1013.49
2022-08-12 09:00:00,23.733333333333334,23.733333333333334,0.62,11.3505,292.0,16.1,0.0,1013.53
2022-08-12 10:00:00,24.88333333333334,24.88333333333334,0.54,9.579500000000001,311.0,16.1,0.0,1013.62
2022-08-12 11:00:00,26.872222222222224,27.56666666666667,0.54,4.6368,258.0,15.552600000000002,0.0,1013.46
2022-08-12 12:00:00,27.661111111111115,28.33888888888889,0.53,10.980200000000002,291.0,15.826300000000002,0.0,1013.72
2022-08-12 13:00:00,28.772222222222226,28.694444444444443,0.44,10.6904,329.0,15.826300000000002,0.0,1013.42
2022-08-12 14:00:00,29.666666666666668,29.966666666666665,0.46,8.790600000000001,266.0,15.3111,0.0,1012.97
2022-08-12 15:00:00,29.88333333333334,29.916666666666668,0.43,9.4185,303.0,16.1,0.0,1012.63
2022-08-12 16:00:00,29.88333333333334,29.61111111111111,0.4,9.5312,351.0,16.1,0.0,1012.34
2022-08-12 17:00:00,29.833333333333332,29.599999999999998,0.41,8.774500000000002,310.0,15.552600000000002,0.0,1012.45
2022-08-12 18:00:00,28.81666666666667,28.727777777777774,0.43,12.2843,9.0,16.1,0.0,1012.23
2022-08-12 19:00:00,27.17222222222222,27.661111111111115,0.51,4.7978000000000005,358.0,16.1,0.0,1012.14
2022-08-12 20:00:00,24.116666666666664,24.116666666666664,0.67,8.4686,346.0,15.552600000000002,0.0,1012.44
2022-08-12 21:00:00,22.127777777777776,22.127777777777776,0.8,8.0983,339.0,16.1,0.0,1012.84
2022-08-12 22:00:00,21.57222222222222,21.57222222222222,0.78,11.0768,340.0,16.1,0.0,1012.82
2022-08-12 23:00:00,21.03888888888889,21.03888888888889,0.72,10.5938,342.0,15.1823,0.0,1013.14
2022-08-13 00:00:00,20.39444444444444,20.39444444444444,0.71,10.5616,0.0,16.1,0.0,1012.96
2022-08-13 01:00:00,19.86111111111111,19.86111111111111,0.75,10.5294,341.0,16.1,0.0,1012.96
2022-08-13 02:00:00,18.96111111111111,18.96111111111111,0.83,7.1967,333.0,11.237800000000002,0.0,1013.02
2022-08-13 03:00:00,19.355555555555558,19.355555555555558,0.81,6.1341,350.0,16.1,0.0,1012.63
2022-08-13 04:00:00,18.81666666666667,18.81666666666667,0.87,3.1234,352.0,15.1823,0.0,1012.14
2022-08-13 05:00:00,19.34444444444444,19.34444444444444,0.9,5.828200000000001,11.0,14.3934,0.0,1011.89
2022-08-13 06:00:00,19.79444444444444,19.79444444444444,0.87,4.7012,21.0,12.2521,0.0,1011.66
2022-08-13 07:00:00,20.86111111111111,20.86111111111111,0.87,3.2683,34.0,9.982000000000001,0.0,1011.73
2022-08-13 08:00:00,23.41666666666667,23.41666666666667,0.77,1.0143,88.0,9.853200000000001,0.0,1011.47
2022-08-13 09:00:00,25.811111111111106,25.811111111111106,0.74,2.8497000000000003,166.0,15.826300000000002,0.0,1011.05
2022-08-13 10:00:00,27.522222222222226,29.466666666666672,0.67,4.5724,156.0,15.826300000000002,0.0,1010.74
2022-08-13 11:00:00,29.72222222222222,32.25,0.6,8.629600000000002,206.0,9.982000000000001,0.0,1010.48
2022-08-13 12:00:00,30.900000000000002,33.57222222222222,0.55,10.577700000000002,170.0,9.982000000000001,0.0,1010.03
2022-08-13 13:00:00,31.938888888888886,34.955555555555556,0.53,11.0446,181.0,9.982000000000001,0.0,1009.61
2022-08-13 14:00:00,32.09444444444444,34.91111111111112,0.51,12.590200000000001,171.0,15.3111,0.0,1009.24
2022-08-13 15:00:00,32.17222222222222,35.09444444444445,0.52,14.023100000000003,180.0,15.826300000000002,0.0,1008.68
2022-08-13 16:00:00,32.24444444444445,33.05,0.42,15.4721,180.0,16.1,0.0,1008.07
2022-08-13 17:00:00,32.25555555555556,33.03333333333333,0.42,15.697500000000002,179.0,15.552600000000002,0.0,1007.71
2022-08-13 18:00:00,31.13333333333334,32.43888888888889,0.48,11.3183,161.0,16.1,0.0,1007.16
2022-08-13 19:00:00,28.95555555555556,30.716666666666672,0.58,9.3863,160.0,16.1,0.0,1006.96
2022-08-13 20:00:00,27.461111111111116,29.066666666666663,0.64,12.2682,140.0,15.552600000000002,0.0,1007.05
2022-08-13 21:00:00,27.061111111111106,28.59444444444445,0.66,13.685,150.0,16.1,0.0,1007.16
2022-08-13 22:00:00,27.016666666666666,28.394444444444446,0.64,16.840600000000002,159.0,16.1,0.0,1007.04
2022-08-13 23:00:00,26.011111111111106,26.011111111111106,0.7,17.146500000000003,160.0,15.1823,0.0,1006.42
2022-08-14 00:00:00,25.46666666666667,25.46666666666667,0.74,16.9694,170.0,16.1,0.0,1006.27
2022-08-14 01:00:00,24.844444444444445,24.844444444444445,0.76,16.7923,171.0,16.1,0.0,1006.69
2022-08-14 02:00:00,23.36111111111111,23.36111111111111,0.83,6.601,171.0,15.1823,0.0,1007.02
2022-08-14 03:00:00,21.62777777777778,21.62777777777778,0.9,9.7727,173.0,16.1,0.0,1007.24
2022-08-14 04:00:00,21.06666666666667,21.06666666666667,0.9,5.1681,202.0,16.1,0.0,1007.88
2022-08-14 05:00:00,22.15555555555555,22.15555555555555,0.82,18.6921,330.0,15.1823,0.0,1008.57
2022-08-14 06:00:00,20.949999999999996,20.949999999999996,0.81,15.810200000000002,339.0,16.1,0.0,1009.15
2022-08-14 07:00:00,21.994444444444447,21.994444444444447,0.73,15.955100000000002,340.0,16.1,0.0,1009.93
2022-08-14 08:00:00,22.488888888888894,22.488888888888894,0.73,17.259200000000003,348.0,15.1823,0.0,1010.32
2022-08-14 09:00:00,22.666666666666668,22.666666666666668,0.65,14.4739,350.0,16.1,0.0,1010.65
2022-08-14 10:00:00,23.772222222222226,23.772222222222226,0.61,20.736800000000002,339.0,10.255700000000001,0.0,1010.59
2022-08-14 11:00:00,23.983333333333334,23.983333333333334,0.55,26.0498,331.0,10.368400000000001,0.0,1010.55
2022-08-14 12:00:00,23.63333333333334,23.63333333333334,0.54,23.2967,349.0,9.982000000000001,0.0,1010.11
2022-08-14 13:00:00,24.488888888888887,24.488888888888887,0.55,21.9121,358.0,9.982000000000001,0.0,1009.86
2022-08-14 14:00:00,22.644444444444446,22.644444444444446,0.53,26.4523,348.0,15.3111,0.0,1009.98
2022-08-14 15:00:00,20.833333333333332,20.833333333333332,0.6,35.6293,320.0,15.826300000000002,0.0,1010.57
2022-08-14 16:00:00,18.72222222222222,18.72222222222222,0.74,32.47370000000001,330.0,9.982000000000001,0.0,1011.58
2022-08-14 17:00:00,17.89444444444444,17.89444444444444,0.74,30.6544,340.0,10.3523,0.0,1010.92
2022-08-14 18:00:00,17.616666666666667,17.616666666666667,0.75,29.897700000000004,341.0,9.982000000000001,0.0,1011.27
2022-08-14 19:00:00,17.105555555555554,17.105555555555554,0.82,19.9801,349.0,9.982000000000001,0.0,1010.71
2022-08-14 20:00:00,17.09444444444445,17.09444444444445,0.87,3.0107000000000004,237.0,9.450700000000001,0.0,1010.94
2022-08-14 21:00:00,17.105555555555554,17.105555555555554,0.93,9.2575,290.0,9.982000000000001,0.0,1011.14
2022-08-14 22:00:00,16.6,16.6,0.93,10.6582,241.0,9.982000000000001,0.0,1013.02
2022-08-14 23:00:00,16.06666666666667,16.06666666666667,0.93,10.626,308.0,14.3612,0.0,1013.35
2022-08-15 00:00:00,15.511111111111113,15.511111111111113,0.93,6.601,288.0,15.134000000000002,0.0,1013.81
2022-08-15 01:00:00,15.533333333333335,15.533333333333335,0.93,6.3756,298.0,16.0517,0.0,1013.62
2022-08-15 02:00:00,15.538888888888888,15.538888888888888,0.94,3.703,258.0,14.168000000000003,0.0,1014.13
2022-08-15 03:00:00,14.949999999999998,14.949999999999998,0.93,3.2039,279.0,14.9086,0.0,1013.93
2022-08-15 04:00:00,14.394444444444442,14.394444444444442,0.93,3.2039,249.0,9.982000000000001,0.0,1014.09
2022-08-15 05:00:00,14.616666666666667,14.616666666666667,0.93,3.22,225.0,8.420300000000001,0.0,1013.97
2022-08-15 06:00:00,12.894444444444446,12.894444444444446,0.96,4.7656,213.0,8.1305,0.0,1013.8
2022-08-15 07:00:00,15.994444444444444,15.994444444444444,0.88,8.0822,232.0,9.982000000000001,0.0,1014.09
2022-08-15 08:00:00,17.62222222222222,17.62222222222222,0.86,8.1788,282.0,9.982000000000001,0.0,1014.19
2022-08-15 09:00:00,19.86111111111111,19.86111111111111,0.74,10.9319,299.0,9.982000000000001,0.0,1014.12
2022-08-15 10:00:00,22.083333333333332,22.083333333333332,0.65,9.708300000000001,319.0,9.982000000000001,0.0,1014.0
2022-08-15 11:00:00,22.45555555555556,22.45555555555556,0.55,4.6207,294.0,10.3523,0.0,1014.05
2022-08-15 12:00:00,23.79444444444444,23.79444444444444,0.58,7.5187,281.0,9.982000000000001,0.0,1013.72
2022-08-15 13:00:00,23.83888888888889,23.83888888888889,0.54,9.305800000000001,281.0,9.982000000000001,0.0,1013.6
2022-08-15 14:00:00,24.73888888888889,24.73888888888889,0.48,8.8067,316.0,10.3523,0.0,1013.17
2022-08-15 15:00:00,24.90555555555555,24.90555555555555,0.5,7.728,240.0,10.255700000000001,0.0,1012.71
2022-08-15 16:00:00,24.95,24.95,0.47,2.9302,248.0,10.255700000000001,0.0,1012.31
2022-08-15 17:00:00,25.73333333333333,25.73333333333333,0.45,4.186000000000001,277.0,10.577700000000002,0.0,1012.09
2022-08-15 18:00:00,24.90555555555555,24.90555555555555,0.47,7.695800000000001,268.0,10.255700000000001,0.0,1011.62
2022-08-15 19:00:00,22.77777777777778,22.77777777777778,0.61,4.6690000000000005,250.0,10.255700000000001,0.0,1011.51
2022-08-15 20:00:00,21.238888888888894,21.238888888888894,0.67,4.4758,204.0,10.577700000000002,0.0,1011.77
2022-08-15 21:00:00,17.755555555555556,17.755555555555556,0.89,1.5617,225.0,16.1,0.0,1012.3
2022-08-15 22:00:00,17.68888888888889,17.68888888888889,0.84,3.2683,214.0,16.1,0.0,1012.6
2022-08-15 23:00:00,17.938888888888894,17.938888888888894,0.84,6.1019000000000005,203.0,15.1823,0.0,1012.84
2022-08-16 00:00:00,16.67222222222222,16.67222222222222,0.87,6.262900000000001,215.0,15.826300000000002,0.0,1013.12
2022-08-16 01:00:00,16.733333333333334,16.733333333333334,0.9,10.9319,272.0,15.826300000000002,0.0,1013.13
2022-08-16 02:00:00,16.81111111111111,16.81111111111111,0.9,6.423900000000001,287.0,11.688600000000001,0.0,1012.97
2022-08-16 03:00:00,16.644444444444446,16.644444444444446,0.87,17.114300000000004,321.0,12.2521,0.0,1013.16
2022-08-16 04:00:00,15.483333333333333,15.483333333333333,0.9,10.867500000000001,330.0,15.1823,0.0,1013.63
2022-08-16 05:00:00,15.577777777777776,15.577777777777776,0.91,6.5205,329.0,14.3934,0.0,1013.77
2022-08-16 06:00:00,15.994444444444444,15.994444444444444,0.87,12.525800000000002,319.0,10.255700000000001,0.0,1014.15
2022-08-16 07:00:00,15.994444444444444,15.994444444444444,0.82,11.2217,310.0,10.255700000000001,0.0,1014.27
2022-08-16 08:00:00,17.511111111111113,17.511111111111113,0.75,20.9783,320.0,10.2235,0.0,1014.9
2022-08-16 09:00:00,17.77777777777778,17.77777777777778,0.73,17.549000000000003,319.0,16.1,0.0,1015.13
2022-08-16 10:00:00,20.97222222222222,20.97222222222222,0.57,14.6349,319.0,9.982000000000001,0.0,1015.32
2022-08-16 11:00:00,21.888888888888893,21.888888888888893,0.56,14.296800000000003,313.0,10.3523,0.0,1015.39
2022-08-16 12:00:00,22.63888888888889,22.63888888888889,0.48,17.581200000000003,319.0,10.255700000000001,0.0,1015.25
2022-08-16 13:00:00,22.666666666666668,22.666666666666668,0.44,17.3719,290.0,10.255700000000001,0.0,1015.25
2022-08-16 14:00:00,23.694444444444446,23.694444444444446,0.41,20.1411,320.0,15.552600000000002,0.0,1015.2
2022-08-16 15:00:00,23.75,23.75,0.37,17.2753,300.0,16.1,0.0,1014.93
2022-08-16 16:00:00,23.79444444444444,23.79444444444444,0.38,20.0445,301.0,16.1,0.0,1014.82
2022-08-16 17:00:00,22.299999999999997,22.299999999999997,0.44,20.2377,300.0,15.552600000000002,0.0,1014.57
2022-08-16 18:00:00,22.22222222222222,22.22222222222222,0.46,17.2109,309.0,10.255700000000001,0.0,1014.51
2022-08-16 19:00:00,21.06111111111111,21.06111111111111,0.49,9.7405,311.0,16.1,0.0,1014.52
2022-08-16 20:00:00,17.677777777777777,17.677777777777777,0.74,3.5098000000000003,314.0,15.552600000000002,0.0,1014.39
2022-08-16 21:00:00,16.105555555555558,16.105555555555558,0.77,9.724400000000001,309.0,16.1,0.0,1015.04
2022-08-16 22:00:00,16.044444444444444,16.044444444444444,0.72,11.2056,299.0,16.1,0.0,1015.63
2022-08-16 23:00:00,14.772222222222224,14.772222222222224,0.81,11.0768,280.0,15.1823,0.0,1016.21
2022-08-17 00:00:00,14.405555555555557,14.405555555555557,0.8,11.3344,308.0,16.1,0.0,1016.05
2022-08-17 01:00:00,14.488888888888887,14.488888888888887,0.77,6.7942,300.0,16.1,0.0,1016.03
2022-08-17 02:00:00,14.061111111111112,14.061111111111112,0.81,10.787,300.0,15.1823,0.0,1015.8
2022-08-17 03:00:00,12.916666666666666,12.916666666666666,0.85,6.6493,291.0,16.1,0.0,1016.02
2022-08-17 04:00:00,13.333333333333334,13.333333333333334,0.83,11.0607,319.0,16.1,0.0,1015.85
2022-08-17 05:00:00,12.877777777777778,12.877777777777778,0.87,7.0518,291.0,15.1823,0.0,1015.9
2022-08-17 06:00:00,12.755555555555556,12.755555555555556,0.9,9.563400000000001,301.0,16.1,0.0,1015.78
2022-08-17 07:00:00,14.883333333333333,14.883333333333333,0.78,17.1304,320.0,16.1,0.0,1015.98
2022-08-17 08:00:00,16.866666666666667,16.866666666666667,0.7,21.3486,321.0,15.552600000000002,0.0,1016.4
2022-08-17 09:00:00,18.75,18.75,0.65,12.719000000000001,339.0,16.1,0.0,1016.47
2022-08-17 10:00:00,20.97222222222222,20.97222222222222,0.57,12.6707,348.0,9.982000000000001,0.0,1016.57
2022-08-17 11:00:00,21.866666666666667,21.866666666666667,0.51,14.0875,338.0,10.3523,0.0,1016.77
2022-08-17 12:00:00,22.22222222222222,22.22222222222222,0.49,11.0768,318.0,10.255700000000001,0.0,1016.73
2022-08-17 13:00:00,22.266666666666666,22.266666666666666,0.43,14.329,339.0,10.255700000000001,0.0,1016.52
2022-08-17 14:00:00,23.649999999999995,23.649999999999995,0.41,10.1591,322.0,10.577700000000002,0.0,1015.75
2022-08-17 15:00:00,23.86111111111111,23.86111111111111,0.38,13.9587,329.0,16.1,0.0,1015.42
2022-08-17 16:00:00,23.86111111111111,23.86111111111111,0.35,14.296800000000003,319.0,16.1,0.0,1015.12
2022-08-17 17:00:00,23.75,23.75,0.35,15.584800000000001,318.0,15.552600000000002,0.0,1015.04
2022-08-17 18:00:00,22.733333333333334,22.733333333333334,0.35,14.4739,290.0,16.1,0.0,1014.72
2022-08-17 19:00:00,21.083333333333332,21.083333333333332,0.49,8.1305,300.0,16.1,0.0,1014.62
2022-08-17 20:00:00,17.716666666666665,17.716666666666665,0.68,7.6636,281.0,15.552600000000002,0.0,1014.78
2022-08-17 21:00:00,15.027777777777779,15.027777777777779,0.82,4.7495,290.0,16.1,0.0,1015.51
2022-08-17 22:00:00,13.894444444444442,13.894444444444442,0.85,3.2039,271.0,16.1,0.0,1015.62
2022-08-17 23:00:00,13.15,13.15,0.88,3.22,279.0,15.552600000000002,0.0,1015.79
2022-08-18 00:00:00,12.200000000000001,12.200000000000001,0.9,3.22,270.0,16.1,0.0,1015.81
2022-08-18 01:00:00,11.644444444444446,11.644444444444446,0.9,3.22,170.0,16.1,0.0,1015.8
2022-08-18 02:00:00,11.316666666666666,11.316666666666666,0.89,1.9642000000000002,270.0,15.1823,0.0,1015.66
2022-08-18 03:00:00,10.005555555555553,10.005555555555553,0.93,3.22,240.0,16.1,0.0,1015.61
2022-08-18 04:00:00,10.005555555555553,10.005555555555553,0.93,0.0,0.0,16.0517,0.0,1015.6
2022-08-18 05:00:00,10.627777777777778,10.627777777777778,0.93,6.44,170.0,14.9569,0.0,1015.56
2022-08-18 06:00:00,9.983333333333333,9.983333333333333,0.93,0.0,0.0,9.982000000000001,0.0,1015.4
2022-08-18 07:00:00,13.738888888888887,13.738888888888887,0.9,0.0,0.0,15.826300000000002,0.0,1015.61
2022-08-18 08:00:00,17.54444444444444,17.54444444444444,0.75,2.9302,179.0,15.1823,0.0,1015.84
2022-08-18 09:00:00,20.005555555555556,20.005555555555556,0.53,9.032100000000002,152.0,16.1,0.0,1015.97
2022-08-18 10:00:00,22.199999999999996,22.199999999999996,0.46,9.434600000000001,172.0,16.1,0.0,1015.98
2022-08-18 11:00:00,23.7,23.7,0.41,8.9838,192.0,15.552600000000002,0.0,1015.99
2022-08-18 12:00:00,23.95555555555556,23.95555555555556,0.35,9.3863,199.0,16.1,0.0,1015.48
2022-08-18 13:00:00,23.96111111111111,23.96111111111111,0.36,10.851400000000002,163.0,16.1,0.0,1015.26
2022-08-18 14:00:00,24.844444444444445,24.844444444444445,0.36,9.9176,188.0,15.552600000000002,0.0,1014.63
2022-08-18 15:00:00,25.022222222222226,25.022222222222226,0.36,9.708300000000001,191.0,16.1,0.0,1014.08
2022-08-18 16:00:00,25.022222222222226,25.022222222222226,0.33,11.398800000000001,189.0,16.1,0.0,1013.67
2022-08-18 17:00:00,25.07222222222222,25.07222222222222,0.36,11.0768,189.0,15.552600000000002,0.0,1013.52
2022-08-18 18:00:00,23.983333333333334,23.983333333333334,0.38,12.558,180.0,16.1,0.0,1013.27
2022-08-18 19:00:00,22.28888888888889,22.28888888888889,0.48,5.1681,170.0,16.1,0.0,1013.17
2022-08-18 20:00:00,19.33888888888889,19.33888888888889,0.61,4.6851,161.0,15.552600000000002,0.0,1013.4
2022-08-18 21:00:00,17.272222222222226,17.272222222222226,0.72,4.83,140.0,16.1,0.0,1013.76
2022-08-18 22:00:00,15.605555555555558,15.605555555555558,0.81,6.4078,131.0,16.1,0.0,1013.77
2022-08-18 23:00:00,15.88888888888889,15.88888888888889,0.76,6.5849,141.0,15.1823,0.0,1013.54
2022-08-19 00:00:00,14.444444444444445,14.444444444444445,0.8,6.166300000000001,140.0,16.1,0.0,1013.58
2022-08-19 01:00:00,13.355555555555554,13.355555555555554,0.83,3.2039,151.0,16.1,0.0,1013.58
2022-08-19 02:00:00,12.950000000000001,12.950000000000001,0.89,3.4132000000000002,130.0,15.1823,0.0,1013.63
2022-08-19 03:00:00,13.266666666666667,13.266666666666667,0.86,6.279,139.0,16.1,0.0,1013.5
2022-08-19 04:00:00,13.361111111111109,13.361111111111109,0.83,6.1341,139.0,16.1,0.0,1013.68
2022-08-19 05:00:00,14.38888888888889,14.38888888888889,0.83,10.8836,141.0,15.1823,0.0,1013.58
2022-08-19 06:00:00,13.850000000000001,13.850000000000001,0.9,9.499,139.0,16.1,0.0,1013.97
2022-08-19 07:00:00,15.977777777777776,15.977777777777776,0.79,7.760200000000001,139.0,10.255700000000001,0.0,1013.88
2022-08-19 08:00:00,17.87777777777778,17.87777777777778,0.74,5.152000000000001,135.0,10.2235,0.0,1014.21
2022-08-19 09:00:00,21.06666666666667,21.06666666666667,0.6,10.7387,150.0,10.255700000000001,0.0,1013.98
2022-08-19 10:00:00,23.88888888888889,23.88888888888889,0.5,13.620600000000001,160.0,16.1,0.0,1013.88
2022-08-19 11:00:00,24.922222222222224,24.922222222222224,0.5,11.109000000000002,177.0,15.552600000000002,0.0,1014.2
2022-08-19 12:00:00,25.06666666666667,25.06666666666667,0.5,9.821,191.0,16.1,0.0,1013.97
2022-08-19 13:00:00,27.17222222222222,27.049999999999997,0.41,14.329,228.0,16.1,0.0,1013.57
2022-08-19 14:00:00,27.672222222222224,27.133333333333336,0.36,12.88,227.0,15.552600000000002,0.0,1013.34
2022-08-19 15:00:00,27.70555555555556,27.15555555555555,0.36,14.2807,221.0,16.1,0.0,1013.07
2022-08-19 16:00:00,27.71111111111111,27.305555555555557,0.38,12.8156,230.0,16.1,0.0,1013.05
2022-08-19 17:00:00,26.34444444444445,26.34444444444445,0.39,13.6689,230.0,15.552600000000002,0.0,1012.94
2022-08-19 18:00:00,26.06111111111111,26.06111111111111,0.39,13.685,210.0,16.1,0.0,1012.69
2022-08-19 19:00:00,23.983333333333334,23.983333333333334,0.5,9.2253,211.0,16.1,0.0,1012.68
2022-08-19 20:00:00,21.622222222222224,21.622222222222224,0.61,4.6207,174.0,15.552600000000002,0.0,1013.14
2022-08-19 21:00:00,20.07222222222222,20.07222222222222,0.68,7.776300000000001,191.0,16.1,0.0,1013.78
2022-08-19 22:00:00,19.938888888888886,19.938888888888886,0.7,6.1985,161.0,16.1,0.0,1013.89
2022-08-19 23:00:00,17.994444444444444,17.994444444444444,0.81,3.6064000000000007,168.0,15.1823,0.0,1014.28
2022-08-20 00:00:00,18.28888888888889,18.28888888888889,0.81,3.2039,171.0,16.1,0.0,1014.1
2022-08-20 01:00:00,17.755555555555556,17.755555555555556,0.84,3.22,180.0,16.1,0.0,1014.1
2022-08-20 02:00:00,16.761111111111113,16.761111111111113,0.87,2.8014,54.0,15.1823,0.0,1013.98
2022-08-20 03:00:00,15.672222222222224,15.672222222222224,0.9,3.22,90.0,16.1,0.0,1013.78
2022-08-20 04:00:00,15.627777777777778,15.627777777777778,0.92,6.44,210.0,16.1,0.0,1013.78
2022-08-20 05:00:00,15.172222222222224,15.172222222222224,0.92,3.22,110.0,10.2235,0.0,1013.72
2022-08-20 06:00:00,16.183333333333334,16.183333333333334,0.87,7.406,171.0,9.982000000000001,0.0,1013.73
2022-08-20 07:00:00,17.76111111111111,17.76111111111111,0.84,3.3005,343.0,9.982000000000001,0.0,1013.91
2022-08-20 08:00:00,19.95555555555556,19.95555555555556,0.78,8.1788,346.0,9.982000000000001,0.0,1014.28
2022-08-20 09:00:00,22.71111111111111,22.71111111111111,0.62,3.2361,64.0,9.982000000000001,0.0,1014.4
2022-08-20 10:00:00,24.833333333333332,24.833333333333332,0.46,4.6368,68.0,15.826300000000002,0.0,1014.29
2022-08-20 11:00:00,25.97222222222222,25.97222222222222,0.47,3.7674,96.0,15.3111,0.0,1013.93
2022-08-20 12:00:00,26.06111111111111,26.06111111111111,0.44,7.776300000000001,66.0,15.826300000000002,0.0,1013.73
2022-08-20 13:00:00,27.633333333333333,27.58888888888889,0.44,11.253900000000002,137.0,15.826300000000002,0.0,1013.45
2022-08-20 14:00:00,27.83333333333333,27.538888888888884,0.4,8.0661,149.0,15.3111,0.0,1013.23
2022-08-20 15:00:00,28.699999999999996,28.177777777777777,0.38,9.177000000000001,169.0,15.826300000000002,0.0,1012.77
2022-08-20 16:00:00,26.994444444444447,27.31666666666667,0.48,7.856800000000001,171.0,9.982000000000001,0.0,1012.12
2022-08-20 17:00:00,22.022222222222222,22.022222222222222,0.64,19.851300000000002,329.0,10.3523,0.0,1012.59
2022-08-20 18:00:00,22.37777777777778,22.37777777777778,0.72,11.2056,351.0,9.982000000000001,0.0,1012.75
2022-08-20 19:00:00,21.22222222222222,21.22222222222222,0.78,9.9176,349.0,9.982000000000001,0.0,1012.94
2022-08-20 20:00:00,19.450000000000003,19.450000000000003,0.83,7.824600000000001,15.0,10.577700000000002,0.0,1013.34
2022-08-20 21:00:00,17.866666666666664,17.866666666666664,0.89,0.5152,354.0,10.255700000000001,0.0,1014.12
2022-08-20 22:00:00,17.800000000000004,17.800000000000004,0.92,10.577700000000002,10.0,16.1,0.0,1014.33
2022-08-20 23:00:00,17.872222222222224,17.872222222222224,0.9,6.118,8.0,15.1823,0.0,1014.51
2022-08-21 00:00:00,17.705555555555556,17.705555555555556,0.9,6.295100000000001,340.0,16.1,0.0,1014.15
2022-08-21 01:00:00,17.705555555555556,17.705555555555556,0.9,3.22,0.0,15.1823,0.0,1013.93
2022-08-21 02:00:00,16.81111111111111,16.81111111111111,0.93,2.7692,64.0,11.914000000000001,0.0,1013.86
2022-08-21 03:00:00,16.11111111111111,16.11111111111111,0.93,3.0751,290.0,9.9015,0.0,1013.91
2022-08-21 04:00:00,16.6,16.6,0.93,3.1073,13.0,9.982000000000001,0.0,1013.32
2022-08-21 05:00:00,16.461111111111112,16.461111111111112,0.97,6.0536,30.0,9.9015,0.0,1012.75
2022-08-21 06:00:00,16.08888888888889,16.08888888888889,0.93,4.5724,164.0,9.595600000000001,0.0,1012.5
2022-08-21 07:00:00,17.58888888888889,17.58888888888889,0.91,8.033900000000001,148.0,9.982000000000001,0.0,1012.66
2022-08-21 08:00:00,17.91111111111111,17.91111111111111,0.9,7.1001,42.0,9.982000000000001,0.0,1012.99
2022-08-21 09:00:00,18.70555555555556,18.70555555555556,0.85,9.4829,319.0,9.982000000000001,0.0,1013.53
2022-08-21 10:00:00,17.68888888888889,17.68888888888889,0.97,3.5098000000000003,253.0,8.05,0.0,1013.87
2022-08-21 11:00:00,18.827777777777776,18.827777777777776,0.9,6.810300000000001,204.0,9.982000000000001,0.0,1014.59
2022-08-21 12:00:00,19.75,19.75,0.84,11.237800000000002,262.0,9.982000000000001,0.0,1014.39
2022-08-21 13:00:00,20.90555555555555,20.90555555555555,0.73,20.4953,291.0,9.982000000000001,0.0,1015.13
2022-08-21 14:00:00,21.849999999999998,21.849999999999998,0.66,24.1983,279.0,10.3523,0.0,1015.51
2022-08-21 15:00:00,22.066666666666666,22.066666666666666,0.59,27.933500000000002,300.0,9.982000000000001,0.0,1015.33
2022-08-21 16:00:00,21.16111111111111,21.16111111111111,0.57,22.105300000000003,301.0,9.982000000000001,0.0,1015.4
2022-08-21 17:00:00,21.872222222222224,21.872222222222224,0.54,17.5007,292.0,10.3523,0.0,1015.72
2022-08-21 18:00:00,21.13333333333334,21.13333333333334,0.53,14.441700000000003,310.0,9.982000000000001,0.0,1015.62
2022-08-21 19:00:00,19.95,19.95,0.57,12.4292,310.0,16.1,0.0,1015.92
2022-08-21 20:00:00,16.516666666666666,16.516666666666666,0.75,9.032100000000002,280.0,15.552600000000002,0.0,1016.55
2022-08-21 21:00:00,13.93888888888889,13.93888888888889,0.89,3.5259,238.0,16.1,0.0,1017.32
2022-08-21 22:00:00,13.355555555555554,13.355555555555554,0.86,2.6404,266.0,16.1,0.0,1017.74
2022-08-21 23:00:00,13.22777777777778,13.22777777777778,0.89,2.7531000000000003,201.0,15.1823,0.0,1018.16
2022-08-22 00:00:00,12.68888888888889,12.68888888888889,0.86,6.1985,343.0,16.1,0.0,1018.35
2022-08-22 01:00:00,13.105555555555558,13.105555555555558,0.9,6.279,40.0,15.826300000000002,0.0,1018.33
2022-08-22 02:00:00,12.611111111111112,12.611111111111112,0.93,6.0375000000000005,26.0,14.9569,0.0,1018.32
2022-08-22 03:00:00,12.03888888888889,12.03888888888889,0.93,6.44,40.0,15.729700000000001,0.0,1018.24
2022-08-22 04:00:00,12.105555555555554,12.105555555555554,0.87,6.1502,40.0,15.729700000000001,0.0,1018.44
2022-08-22 05:00:00,12.03888888888889,12.03888888888889,0.88,6.0697,49.0,14.876400000000002,0.0,1018.69
2022-08-22 06:00:00,12.127777777777776,12.127777777777776,0.87,7.969500000000001,50.0,15.729700000000001,0.0,1018.61
2022-08-22 07:00:00,12.68888888888889,12.68888888888889,0.84,9.321900000000001,31.0,15.729700000000001,0.0,1018.54
2022-08-22 08:00:00,14.822222222222223,14.822222222222223,0.75,11.3666,69.0,15.1823,0.0,1018.55
2022-08-22 09:00:00,17.127777777777776,17.127777777777776,0.68,12.799500000000002,52.0,16.1,0.0,1018.61
2022-08-22 10:00:00,18.81666666666667,18.81666666666667,0.61,9.4024,72.0,16.1,0.0,1018.71
2022-08-22 11:00:00,21.055555555555557,21.055555555555557,0.54,10.948,73.0,15.552600000000002,0.0,1018.57
2022-08-22 12:00:00,22.633333333333333,22.633333333333333,0.51,10.770900000000001,43.0,10.255700000000001,0.0,1018.02
2022-08-22 13:00:00,22.727777777777774,22.727777777777774,0.45,9.2736,72.0,10.255700000000001,0.0,1017.43
2022-08-22 14:00:00,23.783333333333335,23.783333333333335,0.41,7.438200000000001,95.0,15.552600000000002,0.0,1017.2
2022-08-22 15:00:00,24.88333333333334,24.88333333333334,0.4,7.422100000000001,178.0,16.1,0.0,1016.64
2022-08-22 16:00:00,24.88333333333334,24.88333333333334,0.4,2.7048,16.0,16.1,0.0,1016.44
2022-08-22 17:00:00,24.961111111111116,24.961111111111116,0.35,3.6386,162.0,15.552600000000002,0.0,1016.13
2022-08-22 18:00:00,24.88333333333334,24.88333333333334,0.37,3.0429,208.0,16.1,0.0,1015.74
2022-08-22 19:00:00,22.127777777777776,22.127777777777776,0.5,9.321900000000001,11.0,16.1,0.0,1015.55
2022-08-22 20:00:00,19.105555555555554,19.105555555555554,0.65,9.048200000000001,0.0,15.552600000000002,0.0,1015.93
2022-08-22 21:00:00,17.66111111111111,17.66111111111111,0.71,9.338000000000001,31.0,16.1,0.0,1016.41
2022-08-22 22:00:00,17.083333333333332,17.083333333333332,0.73,6.44,40.0,16.1,0.0,1016.41
2022-08-22 23:00:00,16.233333333333334,16.233333333333334,0.79,6.118,38.0,15.552600000000002,0.0,1016.4
2022-08-23 00:00:00,14.400000000000002,14.400000000000002,0.84,3.22,30.0,16.1,0.0,1016.43
2022-08-23 01:00:00,13.861111111111112,13.861111111111112,0.87,3.22,0.0,16.1,0.0,1016.43
2022-08-23 02:00:00,13.766666666666667,13.766666666666667,0.89,3.22,351.0,15.1823,0.0,1016.3
2022-08-23 03:00:00,12.799999999999999,12.799999999999999,0.9,3.22,30.0,16.1,0.0,1016.03
2022-08-23 04:00:00,12.844444444444443,12.844444444444443,0.87,3.22,20.0,16.1,0.0,1016.01
2022-08-23 05:00:00,13.166666666666668,13.166666666666668,0.9,6.0858,354.0,14.168000000000003,0.0,1015.86
2022-08-23 06:00:00,12.82777777777778,12.82777777777778,0.95,4.83,350.0,15.134000000000002,0.0,1015.91
2022-08-23 07:00:00,15.933333333333334,15.933333333333334,0.79,3.2683,24.0,10.2074,0.0,1015.72
2022-08-23 08:00:00,17.605555555555554,17.605555555555554,0.75,3.2683,135.0,10.577700000000002,0.0,1016.0
2022-08-23 09:00:00,19.93333333333333,19.93333333333333,0.63,3.3649,130.0,9.982000000000001,0.0,1015.91
2022-08-23 10:00:00,22.199999999999996,22.199999999999996,0.59,4.9749,113.0,9.982000000000001,0.0,1015.91
2022-08-23 11:00:00,23.972222222222225,23.972222222222225,0.5,7.3738,123.0,15.3111,0.0,1015.52
2022-08-23 12:00:00,25.949999999999996,25.949999999999996,0.42,3.4132000000000002,97.0,15.826300000000002,0.0,1015.51
2022-08-23 13:00:00,25.949999999999996,25.949999999999996,0.47,2.9946,225.0,15.826300000000002,0.0,1014.94
2022-08-23 14:00:00,25.933333333333337,25.933333333333337,0.48,0.5796,180.0,15.552600000000002,0.0,1014.51
2022-08-23 15:00:00,25.877777777777776,25.877777777777776,0.48,3.0912,25.0,16.1,0.0,1013.82
2022-08-23 16:00:00,24.838888888888885,24.838888888888885,0.51,3.1395,15.0,16.1,0.0,1012.96
2022-08-23 17:00:00,25.022222222222226,25.022222222222226,0.54,7.8084999999999996,348.0,15.3111,0.0,1012.71
2022-08-23 18:00:00,23.83888888888889,23.83888888888889,0.62,2.8497000000000003,32.0,16.1,0.0,1011.72
2022-08-23 19:00:00,22.127777777777776,22.127777777777776,0.69,4.5402000000000005,337.0,15.826300000000002,0.0,1011.56
2022-08-23 20:00:00,21.216666666666665,21.216666666666665,0.79,0.32200000000000006,329.0,9.982000000000001,0.0,1011.88
2022-08-23 21:00:00,19.91111111111111,19.91111111111111,0.84,11.9623,229.0,9.982000000000001,0.0,1012.07
2022-08-23 22:00:00,19.383333333333333,19.383333333333333,0.84,3.1234,247.0,11.9784,0.0,1011.09
2022-08-23 23:00:00,18.28333333333333,18.28333333333333,0.91,2.7853000000000003,138.0,9.982000000000001,0.0,1010.27
2022-08-24 00:00:00,17.82777777777778,17.82777777777778,0.92,6.7620000000000005,242.0,9.982000000000001,0.0,1010.72
2022-08-24 01:00:00,17.76111111111111,17.76111111111111,0.9,3.5581,235.0,10.255700000000001,0.0,1010.52
2022-08-24 02:00:00,17.76111111111111,17.76111111111111,0.88,6.552700000000001,245.0,11.914000000000001,0.0,1010.23
2022-08-24 03:00:00,17.200000000000003,17.200000000000003,0.9,6.7298,263.0,12.2199,0.0,1009.9
2022-08-24 04:00:00,17.200000000000003,17.200000000000003,0.9,6.7781,254.0,11.9784,0.0,1009.81
2022-08-24 05:00:00,16.772222222222222,16.772222222222222,0.91,6.021400000000001,239.0,11.688600000000001,0.0,1009.64
2022-08-24 06:00:00,17.127777777777776,17.127777777777776,0.87,11.3505,300.0,9.982000000000001,0.0,1009.83
2022-08-24 07:00:00,17.105555555555554,17.105555555555554,0.82,17.1304,291.0,9.982000000000001,0.0,1010.06
2022-08-24 08:00:00,17.144444444444446,17.144444444444446,0.83,25.164300000000004,289.0,9.982000000000001,0.0,1010.85
2022-08-24 09:00:00,17.294444444444444,17.294444444444444,0.75,24.9711,299.0,9.982000000000001,0.0,1011.43
2022-08-24 10:00:00,19.88333333333334,19.88333333333334,0.64,23.6992,300.0,9.982000000000001,0.0,1011.93
2022-08-24 11:00:00,21.822222222222223,21.822222222222223,0.56,26.3396,291.0,10.3523,0.0,1012.44
2022-08-24 12:00:00,21.116666666666667,21.116666666666667,0.59,31.427200000000003,291.0,9.982000000000001,0.0,1013.04
2022-08-24 13:00:00,22.199999999999996,22.199999999999996,0.53,31.717000000000002,291.0,9.982000000000001,0.0,1013.63
2022-08-24 14:00:00,22.55,22.55,0.48,33.681200000000004,311.0,10.3523,0.0,1013.95
2022-08-24 15:00:00,22.75555555555555,22.75555555555555,0.44,32.9889,310.0,10.255700000000001,0.0,1014.22
2022-08-24 16:00:00,23.772222222222226,23.772222222222226,0.41,27.1124,301.0,10.255700000000001,0.0,1014.42
2022-08-24 17:00:00,22.305555555555557,22.305555555555557,0.42,27.8691,319.0,15.552600000000002,0.0,1014.61
2022-08-24 18:00:00,22.10555555555556,22.10555555555556,0.4,22.3307,311.0,16.1,0.0,1015.13
2022-08-24 19:00:00,19.90555555555555,19.90555555555555,0.49,17.2109,319.0,16.1,0.0,1015.64
2022-08-24 20:00:00,17.766666666666666,17.766666666666666,0.55,19.561500000000002,320.0,15.552600000000002,0.0,1016.36
2022-08-24 21:00:00,17.15,17.15,0.54,15.633100000000002,310.0,16.1,0.0,1017.33
2022-08-24 22:00:00,16.594444444444445,16.594444444444445,0.54,17.114300000000004,310.0,16.1,0.0,1017.76
2022-08-24 23:00:00,15.405555555555553,15.405555555555553,0.59,13.524000000000001,309.0,15.1823,0.0,1018.59
2022-08-25 00:00:00,13.394444444444444,13.394444444444444,0.72,10.722600000000002,290.0,16.1,0.0,1019.1
2022-08-25 01:00:00,14.833333333333334,14.833333333333334,0.65,10.9319,301.0,16.1,0.0,1019.13
2022-08-25 02:00:00,13.855555555555554,13.855555555555554,0.7,10.948,300.0,15.1823,0.0,1019.33
2022-08-25 03:00:00,11.638888888888891,11.638888888888891,0.8,11.270000000000001,300.0,16.1,0.0,1019.23
2022-08-25 04:00:00,10.477777777777778,10.477777777777778,0.86,6.6493,291.0,16.1,0.0,1019.42
2022-08-25 05:00:00,10.42777777777778,10.42777777777778,0.88,6.4078,291.0,14.3934,0.0,1019.35
2022-08-25 06:00:00,9.972222222222223,9.783333333333333,0.86,4.8461,262.0,10.255700000000001,0.0,1019.83
2022-08-25 07:00:00,12.105555555555554,12.105555555555554,0.81,8.1949,309.0,10.255700000000001,0.0,1020.04
2022-08-25 08:00:00,14.727777777777776,14.727777777777776,0.69,9.2414,328.0,15.552600000000002,0.0,1020.35
2022-08-25 09:00:00,17.105555555555554,17.105555555555554,0.55,9.1126,6.0,16.1,0.0,1020.72
2022-08-25 10:00:00,17.755555555555556,17.755555555555556,0.56,7.9373000000000005,318.0,16.1,0.0,1021.01
2022-08-25 11:00:00,19.805555555555557,19.805555555555557,0.48,5.3774,330.0,10.577700000000002,0.0,1020.95
2022-08-25 12:00:00,19.90555555555555,19.90555555555555,0.38,9.2253,309.0,16.1,0.0,1020.8
2022-08-25 13:00:00,22.083333333333332,22.083333333333332,0.31,10.5938,282.0,16.1,0.0,1020.32
2022-08-25 14:00:00,22.049999999999997,22.049999999999997,0.31,9.338000000000001,294.0,15.552600000000002,0.0,1020.1
2022-08-25 15:00:00,22.70555555555556,22.70555555555556,0.34,10.948,280.0,16.1,0.0,1019.41
2022-08-25 16:00:00,22.17222222222222,22.17222222222222,0.3,3.0107000000000004,172.0,16.1,0.0,1018.81
2022-08-25 17:00:00,22.23333333333333,22.23333333333333,0.32,3.2844,250.0,15.552600000000002,0.0,1018.38
2022-08-25 18:00:00,22.10555555555556,22.10555555555556,0.33,0.1449,300.0,16.1,0.0,1017.91
2022-08-25 19:00:00,18.86111111111111,18.86111111111111,0.6,1.5939,212.0,16.1,0.0,1018.0
2022-08-25 20:00:00,14.694444444444445,14.694444444444445,0.71,2.737,142.0,15.552600000000002,0.0,1018.18
2022-08-25 21:00:00,12.777777777777779,12.777777777777779,0.82,3.22,10.0,16.1,0.0,1018.3
2022-08-25 22:00:00,12.666666666666664,12.666666666666664,0.78,0.0,0.0,16.1,0.0,1018.18
2022-08-25 23:00:00,11.927777777777777,11.927777777777777,0.83,3.22,340.0,15.1823,0.0,1017.95
2022-08-26 00:00:00,10.488888888888889,10.488888888888889,0.86,3.22,90.0,16.1,0.0,1017.7
2022-08-26 01:00:00,9.955555555555556,9.955555555555556,0.89,3.22,130.0,16.1,0.0,1017.49
2022-08-26 02:00:00,9.866666666666665,9.627777777777776,0.88,4.9588,119.0,15.1823,0.0,1016.7
2022-08-26 03:00:00,9.516666666666667,8.855555555555554,0.89,6.279,131.0,16.1,0.0,1016.18
2022-08-26 04:00:00,9.466666666666665,8.827777777777778,0.86,6.166300000000001,120.0,16.1,0.0,1015.48
2022-08-26 05:00:00,10.999999999999998,10.999999999999998,0.78,6.4722,139.0,15.1823,0.0,1014.95
2022-08-26 06:00:00,11.022222222222224,11.022222222222224,0.8,10.722600000000002,140.0,16.1,0.0,1014.46
2022-08-26 07:00:00,12.111111111111109,12.111111111111109,0.8,10.7387,140.0,16.1,0.0,1013.87
2022-08-26 08:00:00,14.955555555555557,14.955555555555557,0.78,11.157300000000001,151.0,15.1823,0.0,1013.45
2022-08-26 09:00:00,17.61111111111111,17.61111111111111,0.66,15.488199999999999,151.0,16.1,0.0,1012.86
2022-08-26 10:00:00,19.78888888888889,19.78888888888889,0.58,12.735100000000001,160.0,16.1,0.0,1012.21
2022-08-26 11:00:00,22.56666666666667,22.56666666666667,0.52,14.1358,188.0,15.552600000000002,0.0,1012.19
2022-08-26 12:00:00,24.766666666666666,24.766666666666666,0.48,17.2109,199.0,16.1,0.0,1011.3
2022-08-26 13:00:00,26.98333333333333,26.855555555555558,0.4,17.1304,210.0,16.1,0.0,1010.76
2022-08-26 14:00:00,26.938888888888886,26.811111111111114,0.4,21.0427,240.0,15.552600000000002,0.0,1010.23
2022-08-26 15:00:00,27.10555555555556,26.833333333333332,0.38,15.616999999999999,212.0,16.1,0.0,1009.6
2022-08-26 16:00:00,26.083333333333332,26.083333333333332,0.43,16.985500000000002,240.0,16.1,0.0,1009.75
2022-08-26 17:00:00,25.161111111111115,25.161111111111115,0.47,11.1895,240.0,15.552600000000002,0.0,1009.49
2022-08-26 18:00:00,24.95,24.95,0.5,9.6278,233.0,10.255700000000001,0.0,1009.19
2022-08-26 19:00:00,23.83888888888889,23.83888888888889,0.54,9.2897,213.0,10.255700000000001,0.0,1008.99
2022-08-26 20:00:00,22.28888888888889,22.28888888888889,0.64,4.5724,262.0,15.552600000000002,0.0,1009.63
2022-08-26 21:00:00,20.0,20.0,0.73,7.8729,202.0,16.1,0.0,1009.98
2022-08-26 22:00:00,20.07222222222222,20.07222222222222,0.72,6.1502,193.0,16.1,0.0,1009.98
2022-08-26 23:00:00,20.233333333333334,20.233333333333334,0.75,10.7387,221.0,15.552600000000002,0.0,1010.34
2022-08-27 00:00:00,20.38888888888889,20.38888888888889,0.69,10.5616,230.0,16.1,0.0,1009.68
2022-08-27 01:00:00,19.372222222222224,19.372222222222224,0.76,6.279,181.0,16.1,0.0,1009.56
2022-08-27 02:00:00,20.02777777777778,20.02777777777778,0.77,6.5366,224.0,14.3934,0.0,1009.66
2022-08-27 03:00:00,19.855555555555554,19.855555555555554,0.76,10.7387,190.0,16.1,0.0,1009.17
2022-08-27 04:00:00,19.305555555555557,19.305555555555557,0.81,10.5938,190.0,16.1,0.0,1008.76
2022-08-27 05:00:00,18.87222222222222,18.87222222222222,0.86,9.9498,201.0,15.1823,0.0,1008.6
2022-08-27 06:00:00,17.755555555555556,17.755555555555556,0.96,17.0338,230.0,9.982000000000001,0.0,1008.57
2022-08-27 07:00:00,17.82777777777778,17.82777777777778,0.97,15.4721,249.0,5.216400000000001,0.0,1008.79
2022-08-27 08:00:00,17.933333333333334,17.933333333333334,0.97,10.851400000000002,258.0,6.7298,0.0,1009.54
2022-08-27 09:00:00,18.79444444444444,18.79444444444444,0.9,5.1681,242.0,9.982000000000001,0.0,1009.3
2022-08-27 10:00:00,18.86666666666666,18.86666666666666,0.93,8.1949,250.0,9.982000000000001,0.0,1009.6
2022-08-27 11:00:00,19.81666666666667,19.81666666666667,0.89,10.5938,258.0,9.450700000000001,0.0,1010.03
2022-08-27 12:00:00,21.027777777777775,21.027777777777775,0.8,9.837100000000001,252.0,9.982000000000001,0.0,1010.09
2022-08-27 13:00:00,21.049999999999997,21.049999999999997,0.78,11.511500000000002,270.0,9.982000000000001,0.0,1010.19
2022-08-27 14:00:00,21.90555555555556,21.90555555555556,0.75,8.500800000000002,245.0,9.982000000000001,0.0,1010.45
2022-08-27 15:00:00,23.66111111111111,23.66111111111111,0.59,11.012400000000001,279.0,9.982000000000001,0.0,1010.12
2022-08-27 16:00:00,22.733333333333334,22.733333333333334,0.62,9.66,261.0,9.982000000000001,0.0,1010.0
2022-08-27 17:00:00,23.444444444444443,23.444444444444443,0.6,15.166200000000002,288.0,10.3523,0.0,1010.5
2022-08-27 18:00:00,22.52777777777778,22.52777777777778,0.66,11.785200000000001,263.0,9.982000000000001,0.0,1011.14
2022-08-27 19:00:00,18.711111111111116,18.711111111111116,0.74,23.989,290.0,9.982000000000001,0.0,1011.47
2022-08-27 20:00:00,17.26111111111111,17.26111111111111,0.77,15.568700000000002,289.0,10.577700000000002,0.0,1012.51
2022-08-27 21:00:00,17.03888888888889,17.03888888888889,0.76,17.259200000000003,291.0,16.1,0.0,1013.35
2022-08-27 22:00:00,16.477777777777774,16.477777777777774,0.78,17.291400000000003,292.0,16.1,0.0,1014.16
2022-08-27 23:00:00,15.544444444444443,15.544444444444443,0.73,19.7547,301.0,14.9569,0.0,1014.93
2022-08-28 00:00:00,14.327777777777776,14.327777777777776,0.72,16.9211,301.0,15.826300000000002,0.0,1015.87
2022-08-28 01:00:00,13.261111111111111,13.261111111111111,0.74,16.9694,300.0,15.826300000000002,0.0,1016.37
2022-08-28 02:00:00,12.211111111111109,12.211111111111109,0.81,13.9909,328.0,14.9569,0.0,1017.09
2022-08-28 03:00:00,11.038888888888888,11.038888888888888,0.86,10.835300000000002,310.0,16.1,0.0,1017.65
2022-08-28 04:00:00,9.883333333333333,8.277777777777779,0.89,11.382700000000002,319.0,16.1,0.0,1017.96
2022-08-28 05:00:00,9.005555555555556,8.155555555555557,0.9,6.6976,283.0,15.150100000000002,0.0,1018.79
2022-08-28 06:00:00,7.783333333333331,7.249999999999998,0.96,5.0071,274.0,15.826300000000002,0.0,1019.42
2022-08-28 07:00:00,10.933333333333334,10.933333333333334,0.86,0.5152,310.0,15.826300000000002,0.0,1019.82
2022-08-28 08:00:00,13.694444444444445,13.694444444444445,0.75,8.05,272.0,15.150100000000002,0.0,1020.05
2022-08-28 09:00:00,17.105555555555554,17.105555555555554,0.59,7.776300000000001,289.0,16.1,0.0,1020.3
2022-08-28 10:00:00,18.79444444444444,18.79444444444444,0.53,7.5992,242.0,16.1,0.0,1020.42
2022-08-28 11:00:00,19.899999999999995,19.899999999999995,0.45,6.9874,204.0,15.552600000000002,0.0,1020.51
2022-08-28 12:00:00,21.11111111111111,21.11111111111111,0.42,4.652900000000001,327.0,16.1,0.0,1020.48
2022-08-28 13:00:00,21.18333333333333,21.18333333333333,0.46,4.9105,257.0,16.1,0.0,1020.1
2022-08-28 14:00:00,22.144444444444446,22.144444444444446,0.37,1.4168,160.0,15.552600000000002,0.0,1019.84
2022-08-28 15:00:00,22.800000000000004,22.800000000000004,0.38,7.856800000000001,337.0,16.1,0.0,1019.6
2022-08-28 16:00:00,23.81666666666667,23.81666666666667,0.34,12.558,340.0,16.1,0.0,1019.31
2022-08-28 17:00:00,21.450000000000003,21.450000000000003,0.4,2.6243,11.0,15.3111,0.0,1019.33
2022-08-28 18:00:00,22.266666666666666,22.266666666666666,0.35,1.7710000000000004,221.0,16.1,0.0,1019.2
2022-08-28 19:00:00,18.96111111111111,18.96111111111111,0.66,3.5742000000000007,289.0,16.1,0.0,1019.21
2022-08-28 20:00:00,15.383333333333333,15.383333333333333,0.79,4.508,251.0,15.552600000000002,0.0,1019.76
2022-08-28 21:00:00,12.82777777777778,12.82777777777778,0.89,0.0,0.0,16.1,0.0,1020.4
2022-08-28 22:00:00,12.711111111111112,12.711111111111112,0.89,0.0,0.0,16.0517,0.0,1020.51
2022-08-28 23:00:00,12.727777777777776,12.727777777777776,0.9,3.0107000000000004,184.0,15.150100000000002,0.0,1020.63
2022-08-29 00:00:00,12.016666666666667,12.016666666666667,0.9,3.0268,183.0,16.0517,0.0,1020.72
2022-08-29 01:00:00,10.511111111111113,10.511111111111113,0.89,3.0751,160.0,16.0517,0.0,1020.91
2022-08-29 02:00:00,10.538888888888888,10.538888888888888,0.93,3.22,180.0,14.9569,0.0,1020.91
2022-08-29 03:00:00,9.355555555555558,9.355555555555558,0.93,3.22,330.0,15.826300000000002,0.0,1020.73
2022-08-29 04:00:00,8.800000000000002,8.800000000000002,0.93,3.1556,348.0,15.826300000000002,0.0,1020.93
2022-08-29 05:00:00,8.538888888888888,8.538888888888888,0.93,3.22,0.0,14.168000000000003,0.0,1020.91
2022-08-29 06:00:00,7.711111111111112,7.711111111111112,0.99,3.22,80.0,9.9015,0.0,1021.21
2022-08-29 07:00:00,11.93333333333333,11.93333333333333,0.93,1.61,190.0,15.729700000000001,0.0,1021.32
2022-08-29 08:00:00,14.88888888888889,14.88888888888889,0.83,3.22,169.0,14.7959,0.0,1021.32
2022-08-29 09:00:00,18.827777777777776,18.827777777777776,0.62,1.61,80.0,16.0517,0.0,1021.31
2022-08-29 10:00:00,21.13888888888889,21.13888888888889,0.46,3.1395,65.0,16.1,0.0,1021.4
2022-08-29 11:00:00,22.144444444444446,22.144444444444446,0.39,4.588500000000001,143.0,15.552600000000002,0.0,1021.31
2022-08-29 12:00:00,22.800000000000004,22.800000000000004,0.38,9.4185,121.0,16.1,0.0,1020.99
2022-08-29 13:00:00,23.83888888888889,23.83888888888889,0.38,7.357700000000001,235.0,16.1,0.0,1020.6
2022-08-29 14:00:00,23.93888888888889,23.93888888888889,0.33,6.9713,130.0,15.552600000000002,0.0,1020.03
2022-08-29 15:00:00,23.911111111111115,23.911111111111115,0.36,7.711900000000001,103.0,16.1,0.0,1019.61
2022-08-29 16:00:00,24.95,24.95,0.32,0.6118,210.0,16.1,0.0,1019.21
2022-08-29 17:00:00,24.07222222222222,24.07222222222222,0.33,4.6851,176.0,15.552600000000002,0.0,1018.76
2022-08-29 18:00:00,23.883333333333333,23.883333333333333,0.32,1.61,186.0,16.1,0.0,1018.71
2022-08-29 19:00:00,20.06666666666667,20.06666666666667,0.62,1.3202,244.0,16.1,0.0,1018.52
2022-08-29 20:00:00,16.694444444444443,16.694444444444443,0.73,3.22,331.0,15.552600000000002,0.0,1018.9
2022-08-29 21:00:00,14.97777777777778,14.97777777777778,0.83,3.22,350.0,16.1,0.0,1019.02
2022-08-29 22:00:00,13.844444444444445,13.844444444444445,0.86,3.22,20.0,16.1,0.0,1019.13
2022-08-29 23:00:00,13.499999999999998,13.499999999999998,0.87,2.737,10.0,15.1823,0.0,1019.41
2022-08-30 00:00:00,12.68888888888889,12.68888888888889,0.9,3.22,20.0,16.1,0.0,1019.33
2022-08-30 01:00:00,11.644444444444446,11.644444444444446,0.9,0.0,0.0,16.1,0.0,1019.51
2022-08-30 02:00:00,11.41111111111111,11.41111111111111,0.93,3.22,140.0,15.1823,0.0,1019.24
2022-08-30 03:00:00,10.533333333333335,10.533333333333335,0.93,3.22,60.0,16.0517,0.0,1019.32
2022-08-30 04:00:00,10.511111111111113,10.511111111111113,0.93,3.22,120.0,16.0517,0.0,1019.13
2022-08-30 05:00:00,10.766666666666667,10.766666666666667,0.93,2.8819000000000004,10.0,14.9569,0.0,1019.14
2022-08-30 06:00:00,9.933333333333334,9.933333333333334,0.93,3.22,140.0,15.826300000000002,0.0,1019.23
2022-08-30 07:00:00,13.644444444444446,13.644444444444446,0.93,3.22,80.0,16.1,0.0,1019.53
2022-08-30 08:00:00,16.827777777777776,16.827777777777776,0.75,5.119800000000001,126.0,15.1823,0.0,1019.39
2022-08-30 09:00:00,19.938888888888886,19.938888888888886,0.63,3.22,120.0,16.1,0.0,1019.32
2022-08-30 10:00:00,22.644444444444446,22.644444444444446,0.51,3.3327,168.0,16.1,0.0,1019.41
2022-08-30 11:00:00,23.855555555555554,23.855555555555554,0.45,8.372000000000002,132.0,15.552600000000002,0.0,1019.21
2022-08-30 12:00:00,25.022222222222226,25.022222222222226,0.42,12.348700000000001,110.0,16.1,0.0,1018.8
2022-08-30 13:00:00,26.06111111111111,26.06111111111111,0.42,10.722600000000002,110.0,16.1,0.0,1018.5
2022-08-30 14:00:00,26.11111111111111,26.11111111111111,0.34,7.9373000000000005,154.0,15.552600000000002,0.0,1017.86
2022-08-30 15:00:00,27.17222222222222,26.700000000000003,0.34,4.6046000000000005,195.0,16.1,0.0,1017.43
2022-08-30 16:00:00,27.194444444444443,26.71111111111111,0.34,9.3702,149.0,16.1,0.0,1016.93
2022-08-30 17:00:00,27.116666666666667,26.666666666666668,0.34,3.5420000000000007,138.0,15.552600000000002,0.0,1016.58
2022-08-30 18:00:00,26.03888888888889,26.03888888888889,0.42,1.6905000000000001,120.0,16.1,0.0,1016.34
2022-08-30 19:00:00,22.68333333333333,22.68333333333333,0.54,3.1073,353.0,16.1,0.0,1016.24
2022-08-30 20:00:00,20.272222222222222,20.272222222222222,0.7,2.9624,354.0,15.552600000000002,0.0,1016.51
2022-08-30 21:00:00,18.75,18.75,0.73,4.9105,0.0,16.1,0.0,1016.83
2022-08-30 22:00:00,17.73888888888889,17.73888888888889,0.81,6.3756,342.0,16.1,0.0,1016.93
2022-08-30 23:00:00,17.12222222222222,17.12222222222222,0.81,6.1502,50.0,15.552600000000002,0.0,1017.1
2022-08-31 00:00:00,17.116666666666667,17.116666666666667,0.81,6.44,30.0,16.1,0.0,1016.84
2022-08-31 01:00:00,16.072222222222223,16.072222222222223,0.84,3.3649,30.0,16.1,0.0,1016.93
2022-08-31 02:00:00,15.311111111111112,15.311111111111112,0.89,3.0107000000000004,87.0,15.1823,0.0,1016.68
2022-08-31 03:00:00,14.488888888888887,14.488888888888887,0.9,3.0751,50.0,16.1,0.0,1016.54
2022-08-31 04:00:00,14.005555555555556,14.005555555555556,0.92,3.3005,10.0,16.1,0.0,1016.33
2022-08-31 05:00:00,14.17222222222222,14.17222222222222,0.9,3.3810000000000002,76.0,15.1823,0.0,1016.11
2022-08-31 06:00:00,13.983333333333334,13.983333333333334,0.9,4.7978000000000005,107.0,15.1823,0.0,1015.73
2022-08-31 07:00:00,14.033333333333331,14.033333333333331,0.92,4.7334000000000005,109.0,15.1823,0.0,1015.91
2022-08-31 08:00:00,17.58888888888889,17.58888888888889,0.85,3.0429,124.0,14.3934,0.0,1015.78
2022-08-31 09:00:00,22.15555555555555,22.15555555555555,0.59,9.064300000000001,139.0,16.1,0.0,1015.41
2022-08-31 10:00:00,23.84444444444445,23.84444444444445,0.49,15.568700000000002,140.0,16.1,0.0,1015.01
2022-08-31 11:00:00,25.78333333333333,25.78333333333333,0.38,20.752900000000004,150.0,15.552600000000002,0.0,1014.82
2022-08-31 12:00:00,27.150000000000002,26.722222222222218,0.35,15.0696,140.0,16.1,0.0,1014.21
2022-08-31 13:00:00,27.733333333333334,27.072222222222226,0.34,15.230600000000003,141.0,16.1,0.0,1013.8
2022-08-31 14:00:00,27.677777777777774,26.938888888888886,0.32,17.0821,150.0,15.552600000000002,0.0,1013.11
2022-08-31 15:00:00,27.661111111111115,27.03888888888889,0.34,13.8782,169.0,15.826300000000002,0.0,1012.22
2022-08-31 16:00:00,27.22222222222222,26.76666666666667,0.35,10.787,142.0,15.826300000000002,0.0,1011.79
2022-08-31 17:00:00,27.16666666666667,26.938888888888886,0.39,9.2414,169.0,15.3111,0.0,1011.2
2022-08-31 18:00:00,26.06111111111111,26.06111111111111,0.45,4.5563,170.0,16.1,0.0,1010.61
2022-08-31 19:00:00,22.31111111111111,22.31111111111111,0.72,3.0429,140.0,16.1,0.0,1009.92
2022-08-31 20:00:00,22.283333333333335,22.283333333333335,0.71,3.6386,132.0,15.552600000000002,0.0,1010.14
2022-08-31 21:00:00,20.955555555555556,20.955555555555556,0.69,7.8729,137.0,16.1,0.0,1009.93
2022-08-31 22:00:00,20.372222222222224,20.372222222222224,0.7,13.846,138.0,16.1,0.0,1009.63
2022-08-31 23:00:00,20.483333333333334,20.483333333333334,0.65,13.4274,158.0,15.1823,0.0,1009.64
2022-09-01 00:00:00,20.39444444444444,20.39444444444444,0.61,14.1197,160.0,16.1,0.0,1009.19
2022-09-01 01:00:00,17.755555555555556,17.755555555555556,0.74,10.2879,149.0,15.826300000000002,0.0,1008.83
2022-09-01 02:00:00,17.766666666666666,17.766666666666666,0.75,10.706500000000002,137.0,14.9569,0.0,1008.59
2022-09-01 03:00:00,17.17777777777778,17.17777777777778,0.76,10.8997,127.0,15.826300000000002,0.0,1008.21
2022-09-01 04:00:00,17.200000000000003,17.200000000000003,0.76,10.5455,127.0,16.0517,0.0,1007.91
2022-09-01 05:00:00,16.616666666666664,16.616666666666664,0.8,10.867500000000001,117.0,15.150100000000002,0.0,1007.59
2022-09-01 06:00:00,16.11111111111111,16.11111111111111,0.82,10.2879,109.0,9.982000000000001,0.0,1007.49
2022-09-01 07:00:00,17.711111111111112,17.711111111111112,0.72,12.236,98.0,15.826300000000002,0.0,1007.31
2022-09-01 08:00:00,19.761111111111106,19.761111111111106,0.64,13.8138,127.0,10.5294,0.0,1007.52
2022-09-01 09:00:00,21.83888888888889,21.83888888888889,0.56,13.3952,129.0,9.982000000000001,0.0,1007.75
2022-09-01 10:00:00,22.394444444444446,22.394444444444446,0.59,0.4025,66.0,9.982000000000001,0.0,1008.53
2022-09-01 11:00:00,24.26666666666667,24.26666666666667,0.48,9.7727,95.0,10.3523,0.0,1008.25
2022-09-01 12:00:00,24.638888888888886,24.638888888888886,0.48,14.9247,118.0,9.982000000000001,0.0,1007.97
2022-09-01 13:00:00,25.705555555555552,25.705555555555552,0.45,11.0929,108.0,9.982000000000001,0.0,1007.99
2022-09-01 14:00:00,26.027777777777775,26.027777777777775,0.45,14.699300000000003,72.0,15.3111,0.0,1007.22
2022-09-01 15:00:00,26.833333333333332,27.066666666666666,0.46,11.785200000000001,65.0,16.1,0.0,1007.1
2022-09-01 16:00:00,26.738888888888887,26.855555555555558,0.44,12.8156,84.0,16.1,0.0,1006.83
2022-09-01 17:00:00,26.555555555555557,26.555555555555557,0.45,8.1788,81.0,15.552600000000002,0.0,1007.09
2022-09-01 18:00:00,25.627777777777776,25.627777777777776,0.49,8.1788,138.0,9.982000000000001,0.0,1007.34
2022-09-01 19:00:00,22.45555555555556,22.45555555555556,0.67,6.6493,206.0,9.982000000000001,0.0,1007.53
2022-09-01 20:00:00,20.877777777777776,20.877777777777776,0.76,7.3416,285.0,15.3111,0.0,1008.07
2022-09-01 21:00:00,20.811111111111106,20.811111111111106,0.8,8.3076,320.0,15.826300000000002,0.0,1008.88
2022-09-01 22:00:00,19.81666666666667,19.81666666666667,0.79,14.2807,338.0,15.826300000000002,0.0,1008.88
2022-09-01 23:00:00,18.755555555555556,18.755555555555556,0.85,10.722600000000002,340.0,14.7959,0.0,1009.38
2022-09-02 00:00:00,17.66111111111111,17.66111111111111,0.88,11.0768,320.0,15.6009,0.0,1009.28
2022-09-02 01:00:00,17.711111111111112,17.711111111111112,0.87,13.8299,339.0,15.649200000000002,0.0,1009.77
2022-09-02 02:00:00,17.75,17.75,0.88,10.867500000000001,340.0,14.0875,0.0,1009.51
2022-09-02 03:00:00,17.711111111111112,17.711111111111112,0.87,11.2056,328.0,14.9086,0.0,1009.55
2022-09-02 04:00:00,17.17777777777778,17.17777777777778,0.9,11.0285,329.0,14.9086,0.0,1009.36
2022-09-02 05:00:00,17.144444444444446,17.144444444444446,0.91,10.8997,330.0,11.688600000000001,0.0,1009.27
2022-09-02 06:00:00,17.155555555555555,17.155555555555555,0.93,11.398800000000001,331.0,8.1305,0.0,1009.37
2022-09-02 07:00:00,17.666666666666668,17.666666666666668,0.9,9.9337,330.0,8.1305,0.0,1009.76
2022-09-02 08:00:00,18.727777777777774,18.727777777777774,0.86,15.0535,330.0,14.7959,0.0,1009.71
2022-09-02 09:00:00,20.888888888888886,20.888888888888886,0.74,14.4095,350.0,16.0517,0.0,1009.69
2022-09-02 10:00:00,22.533333333333335,22.533333333333335,0.67,12.8961,351.0,16.1,0.0,1009.79
2022-09-02 11:00:00,23.41666666666667,23.41666666666667,0.64,15.230600000000003,359.0,15.3111,0.0,1009.99
2022-09-02 12:00:00,23.688888888888886,23.688888888888886,0.59,13.041,341.0,15.826300000000002,0.0,1009.89
2022-09-02 13:00:00,24.805555555555557,24.805555555555557,0.55,17.0982,332.0,15.826300000000002,0.0,1009.51
2022-09-02 14:00:00,25.533333333333328,25.533333333333328,0.56,13.7011,346.0,15.3111,0.0,1009.43
2022-09-02 15:00:00,25.777777777777782,25.777777777777782,0.51,15.681400000000002,349.0,16.1,0.0,1009.31
2022-09-02 16:00:00,25.799999999999997,25.799999999999997,0.49,17.291400000000003,330.0,16.1,0.0,1009.01
2022-09-02 17:00:00,23.772222222222226,23.772222222222226,0.67,17.581200000000003,311.0,15.552600000000002,0.0,1008.97
2022-09-02 18:00:00,22.600000000000005,22.600000000000005,0.72,17.581200000000003,310.0,16.1,0.0,1009.4
2022-09-02 19:00:00,20.977777777777778,20.977777777777778,0.79,17.436300000000003,320.0,16.1,0.0,1009.41
2022-09-02 20:00:00,19.994444444444444,19.994444444444444,0.84,15.536500000000002,329.0,15.520400000000002,0.0,1009.91
2022-09-02 21:00:00,18.899999999999995,18.899999999999995,0.84,12.6707,331.0,16.1,0.0,1010.3
2022-09-02 22:00:00,18.899999999999995,18.899999999999995,0.83,11.012400000000001,323.0,16.1,0.0,1010.4
2022-09-02 23:00:00,18.35,18.35,0.87,10.6582,332.0,15.1823,0.0,1010.41
2022-09-03 00:00:00,18.294444444444448,18.294444444444448,0.84,10.8997,342.0,16.1,0.0,1010.61
2022-09-03 01:00:00,18.755555555555556,18.755555555555556,0.81,11.0929,0.0,16.1,0.0,1010.51
2022-09-03 02:00:00,19.01666666666667,19.01666666666667,0.81,10.851400000000002,341.0,14.9569,0.0,1010.47
2022-09-03 03:00:00,17.73888888888889,17.73888888888889,0.84,11.270000000000001,0.0,15.826300000000002,0.0,1010.48
2022-09-03 04:00:00,17.227777777777774,17.227777777777774,0.84,11.0929,342.0,15.826300000000002,0.0,1010.2
2022-09-03 05:00:00,17.744444444444444,17.744444444444444,0.85,10.4972,352.0,14.9569,0.0,1009.88
2022-09-03 06:00:00,17.73888888888889,17.73888888888889,0.84,9.6439,1.0,14.9086,0.0,1010.0
2022-09-03 07:00:00,18.827777777777776,18.827777777777776,0.73,14.1519,11.0,14.9086,0.0,1010.22
2022-09-03 08:00:00,19.644444444444446,19.644444444444446,0.72,10.6904,20.0,10.1752,0.0,1010.42
2022-09-03 09:00:00,21.999999999999996,21.999999999999996,0.6,12.735100000000001,39.0,16.1,0.0,1010.52
2022-09-03 10:00:00,23.62777777777778,23.62777777777778,0.55,12.735100000000001,21.0,16.1,0.0,1010.81
2022-09-03 11:00:00,25.66111111111111,25.66111111111111,0.5,9.9015,34.0,15.552600000000002,0.0,1010.64
2022-09-03 12:00:00,27.533333333333335,27.716666666666665,0.47,5.4096,52.0,16.1,0.0,1010.6
2022-09-03 13:00:00,28.62222222222222,28.322222222222226,0.41,13.0571,41.0,16.1,0.0,1010.31
2022-09-03 14:00:00,28.42222222222222,27.983333333333334,0.39,13.6689,51.0,10.577700000000002,0.0,1009.95
2022-09-03 15:00:00,28.733333333333334,28.116666666666667,0.37,16.9211,117.0,9.982000000000001,0.0,1009.8
2022-09-03 16:00:00,23.061111111111114,23.061111111111114,0.7,20.5275,218.0,9.982000000000001,0.0,1010.61
2022-09-03 17:00:00,21.027777777777775,21.027777777777775,0.75,11.559800000000001,247.0,10.5455,0.0,1011.11
2022-09-03 18:00:00,19.111111111111114,19.111111111111114,0.88,11.3022,273.0,10.255700000000001,0.0,1012.09
2022-09-03 19:00:00,19.061111111111114,19.061111111111114,0.91,9.4024,345.0,10.255700000000001,0.0,1011.39
2022-09-03 20:00:00,18.977777777777774,18.977777777777774,0.92,6.552700000000001,245.0,10.2235,0.0,1012.14
2022-09-03 21:00:00,18.966666666666665,18.966666666666665,0.92,4.4436,311.0,15.1823,0.0,1012.7
2022-09-03 22:00:00,18.916666666666668,18.916666666666668,0.92,6.1985,317.0,15.1823,0.0,1012.71
2022-09-03 23:00:00,18.827777777777776,18.827777777777776,0.9,6.617100000000001,339.0,14.3612,0.0,1012.71
2022-09-04 00:00:00,20.0,20.0,0.83,14.586600000000002,11.0,9.982000000000001,0.0,1014.6
2022-09-04 01:00:00,19.400000000000002,19.400000000000002,0.84,11.286100000000001,11.0,15.134000000000002,0.0,1012.61
2022-09-04 02:00:00,18.850000000000005,18.850000000000005,0.83,10.5455,12.0,14.3612,0.0,1012.59
2022-09-04 03:00:00,18.82222222222222,18.82222222222222,0.78,14.1036,20.0,15.134000000000002,0.0,1012.69
2022-09-04 04:00:00,18.36111111111111,18.36111111111111,0.81,6.745900000000001,25.0,15.134000000000002,0.0,1013.16
2022-09-04 05:00:00,17.37777777777778,17.37777777777778,0.85,10.513300000000001,13.0,14.168000000000003,0.0,1013.13
2022-09-04 06:00:00,17.805555555555557,17.805555555555557,0.78,11.012400000000001,12.0,14.9086,0.0,1013.17
2022-09-04 07:00:00,18.82222222222222,18.82222222222222,0.73,12.525800000000002,21.0,9.982000000000001,0.0,1013.19
2022-09-04 08:00:00,18.77777777777778,18.77777777777778,0.76,10.7548,22.0,15.150100000000002,0.0,1013.33
2022-09-04 09:00:00,20.05,20.05,0.68,14.586600000000002,41.0,15.134000000000002,0.0,1015.0
2022-09-04 10:00:00,22.09444444444444,22.09444444444444,0.65,11.125100000000002,33.0,16.1,0.0,1014.06
2022-09-04 11:00:00,22.577777777777776,22.577777777777776,0.6,11.914000000000001,62.0,15.1823,0.0,1014.05
2022-09-04 12:00:00,23.755555555555556,23.755555555555556,0.58,9.853200000000001,33.0,9.982000000000001,0.0,1014.56
2022-09-04 13:00:00,26.977777777777778,27.277777777777775,0.48,15.987300000000001,61.0,10.255700000000001,0.0,1014.1
2022-09-04 14:00:00,24.022222222222222,24.022222222222222,0.59,17.3719,89.0,10.577700000000002,0.0,1014.55
2022-09-04 15:00:00,24.916666666666664,24.916666666666664,0.55,16.180500000000002,80.0,10.255700000000001,0.0,1014.75
2022-09-04 16:00:00,22.922222222222224,22.922222222222224,0.65,12.4936,70.0,10.255700000000001,0.0,1014.92
2022-09-04 17:00:00,22.394444444444446,22.394444444444446,0.67,7.695800000000001,44.0,15.552600000000002,0.0,1014.64
2022-09-04 18:00:00,22.322222222222226,22.322222222222226,0.68,7.969500000000001,10.0,16.1,0.0,1014.44
2022-09-04 19:00:00,20.13888888888889,20.13888888888889,0.83,3.3488,8.0,16.1,0.0,1014.63
2022-09-04 20:00:00,19.311111111111114,19.311111111111114,0.88,2.9946,289.0,15.1823,0.0,1014.86
2022-09-04 21:00:00,19.055555555555557,19.055555555555557,0.89,7.4543,286.0,16.1,0.0,1015.04
2022-09-04 22:00:00,19.522222222222222,19.522222222222222,0.83,6.1985,133.0,16.1,0.0,1014.66
2022-09-04 23:00:00,19.833333333333332,19.833333333333332,0.83,9.595600000000001,188.0,15.1823,0.0,1015.34
2022-09-05 00:00:00,18.894444444444446,18.894444444444446,0.89,5.7155000000000005,205.0,16.1,0.0,1015.54
2022-09-05 01:00:00,18.311111111111106,18.311111111111106,0.89,2.6404,194.0,16.1,0.0,1015.92
2022-09-05 02:00:00,17.805555555555557,17.805555555555557,0.93,5.9892,346.0,15.1823,0.0,1015.65
2022-09-05 03:00:00,17.68333333333333,17.68333333333333,0.92,6.0858,21.0,16.1,0.0,1015.54
2022-09-05 04:00:00,18.09444444444444,18.09444444444444,0.9,10.851400000000002,349.0,16.1,0.0,1015.17
2022-09-05 05:00:00,17.68888888888889,17.68888888888889,0.91,6.423900000000001,358.0,15.1823,0.0,1015.06
2022-09-05 06:00:00,17.633333333333336,17.633333333333336,0.9,10.706500000000002,1.0,10.2074,0.0,1015.14
2022-09-05 07:00:00,17.68333333333333,17.68333333333333,0.9,7.776300000000001,20.0,10.2074,0.0,1014.95
2022-09-05 08:00:00,18.54444444444444,18.54444444444444,0.84,8.919400000000001,3.0,15.150100000000002,0.0,1014.98
2022-09-05 09:00:00,18.84444444444445,18.84444444444445,0.78,9.450700000000001,21.0,16.1,0.0,1015.07
2022-09-05 10:00:00,20.97222222222222,20.97222222222222,0.69,7.647500000000001,49.0,16.1,0.0,1015.25
2022-09-05 11:00:00,22.272222222222226,22.272222222222226,0.61,9.7566,105.0,15.552600000000002,0.0,1015.36
2022-09-05 12:00:00,22.199999999999996,22.199999999999996,0.6,13.4757,99.0,9.982000000000001,0.0,1015.33
2022-09-05 13:00:00,22.29444444444444,22.29444444444444,0.64,12.558,91.0,10.255700000000001,0.0,1015.31
2022-09-05 14:00:00,22.005555555555556,22.005555555555556,0.65,12.3004,130.0,10.2235,0.0,1014.99
2022-09-05 15:00:00,21.211111111111116,21.211111111111116,0.72,9.66,148.0,10.255700000000001,0.0,1015.0
2022-09-05 16:00:00,21.16111111111111,21.16111111111111,0.72,5.2486,122.0,10.255700000000001,0.0,1014.61
2022-09-05 17:00:00,21.072222222222226,21.072222222222226,0.72,3.5581,84.0,10.577700000000002,0.0,1014.15
2022-09-05 18:00:00,20.07222222222222,20.07222222222222,0.83,2.8819000000000004,58.0,10.255700000000001,0.0,1014.11
2022-09-05 19:00:00,18.93888888888889,18.93888888888889,0.89,7.438200000000001,83.0,9.982000000000001,0.0,1014.3
2022-09-05 20:00:00,17.849999999999998,17.849999999999998,0.96,1.4973,65.0,8.420300000000001,0.0,1014.56
2022-09-05 21:00:00,17.805555555555557,17.805555555555557,0.9,9.080400000000001,40.0,10.255700000000001,0.0,1014.53
2022-09-05 22:00:00,17.294444444444444,17.294444444444444,0.92,5.8765,39.0,10.255700000000001,0.0,1014.07
2022-09-05 23:00:00,17.294444444444444,17.294444444444444,0.93,2.9463000000000004,230.0,8.645700000000001,0.0,1014.5
2022-09-06 00:00:00,17.200000000000003,17.200000000000003,0.96,3.1556,301.0,6.5688,0.0,1014.32
2022-09-06 01:00:00,16.666666666666668,16.666666666666668,0.96,3.3488,358.0,6.5688,0.0,1014.15
2022-09-06 02:00:00,16.75,16.75,0.97,2.4472,191.0,6.488300000000001,0.0,1014.24
2022-09-06 03:00:00,16.666666666666668,16.666666666666668,0.99,6.1502,330.0,6.5688,0.0,1013.83
2022-09-06 04:00:00,16.666666666666668,16.666666666666668,0.96,5.9731000000000005,8.0,8.420300000000001,0.0,1013.74
2022-09-06 05:00:00,16.700000000000003,16.700000000000003,0.97,11.0446,18.0,8.0822,0.0,1013.61
2022-09-06 06:00:00,17.17777777777778,17.17777777777778,0.93,11.0929,18.0,10.255700000000001,0.0,1013.41
2022-09-06 07:00:00,17.17777777777778,17.17777777777778,0.93,9.2253,30.0,11.9784,0.0,1013.33
2022-09-06 08:00:00,17.205555555555556,17.205555555555556,0.93,11.0607,20.0,15.1823,0.0,1013.7
2022-09-06 09:00:00,18.850000000000005,18.850000000000005,0.9,9.160900000000002,39.0,16.1,0.0,1013.83
2022-09-06 10:00:00,19.961111111111116,19.961111111111116,0.78,9.048200000000001,69.0,16.1,0.0,1014.13
2022-09-06 11:00:00,21.944444444444443,21.944444444444443,0.67,10.6582,100.0,15.3111,0.0,1014.06
2022-09-06 12:00:00,22.600000000000005,22.600000000000005,0.58,13.781600000000001,109.0,16.1,0.0,1014.04
2022-09-06 13:00:00,22.116666666666667,22.116666666666667,0.65,12.558,139.0,15.826300000000002,0.0,1014.31
2022-09-06 14:00:00,21.77777777777778,21.77777777777778,0.62,11.8979,146.0,15.3111,0.0,1014.41
2022-09-06 15:00:00,21.116666666666667,21.116666666666667,0.58,15.134000000000002,140.0,16.1,0.0,1014.01
2022-09-06 16:00:00,20.055555555555554,20.055555555555554,0.63,7.9373000000000005,111.0,10.255700000000001,0.0,1013.98
2022-09-06 17:00:00,19.105555555555554,19.105555555555554,0.81,4.9910000000000005,85.0,10.3523,0.0,1013.88
2022-09-06 18:00:00,17.89444444444444,17.89444444444444,0.83,10.6582,21.0,9.982000000000001,0.0,1013.81
2022-09-06 19:00:00,17.849999999999998,17.849999999999998,0.84,7.1645,320.0,15.826300000000002,0.0,1013.55
2022-09-06 20:00:00,17.17777777777778,17.17777777777778,0.86,7.5348,0.0,15.3111,0.0,1013.86
2022-09-06 21:00:00,17.17777777777778,17.17777777777778,0.87,4.7334000000000005,9.0,15.826300000000002,0.0,1014.05
2022-09-06 22:00:00,17.155555555555555,17.155555555555555,0.87,6.44,20.0,15.826300000000002,0.0,1014.24
2022-09-06 23:00:00,16.75,16.75,0.87,6.1019000000000005,21.0,15.150100000000002,0.0,1014.48
2022-09-07 00:00:00,16.644444444444446,16.644444444444446,0.87,2.9624,108.0,16.1,0.0,1014.62
2022-09-07 01:00:00,16.622222222222224,16.622222222222224,0.93,3.0268,243.0,15.1823,0.0,1014.52
2022-09-07 02:00:00,16.194444444444443,16.194444444444443,0.96,6.1502,341.0,14.3934,0.0,1014.28
2022-09-07 03:00:00,16.06666666666667,16.06666666666667,0.97,3.1878,8.0,14.9086,0.0,1014.23
2022-09-07 04:00:00,16.116666666666664,16.116666666666664,0.96,2.9463000000000004,355.0,14.9086,0.0,1013.95
2022-09-07 05:00:00,16.122222222222224,16.122222222222224,0.96,6.4078,47.0,14.168000000000003,0.0,1013.94
2022-09-07 06:00:00,16.06666666666667,16.06666666666667,0.93,3.1395,25.0,9.982000000000001,0.0,1014.03
2022-09-07 07:00:00,16.13888888888889,16.13888888888889,0.99,3.3005,283.0,9.982000000000001,0.0,1014.23
2022-09-07 08:00:00,17.105555555555554,17.105555555555554,0.93,3.9284000000000003,326.0,9.982000000000001,0.0,1014.44
2022-09-07 09:00:00,17.82777777777778,17.82777777777778,0.96,7.953400000000001,330.0,10.255700000000001,0.0,1014.63
2022-09-07 10:00:00,17.922222222222224,17.922222222222224,0.95,8.3398,339.0,10.255700000000001,0.0,1015.03
2022-09-07 11:00:00,19.994444444444444,19.994444444444444,0.83,8.4847,353.0,10.2235,0.0,1015.11
2022-09-07 12:00:00,21.049999999999997,21.049999999999997,0.78,11.0929,8.0,16.1,0.0,1015.14
2022-09-07 13:00:00,22.116666666666667,22.116666666666667,0.68,9.466800000000001,340.0,16.1,0.0,1015.24
2022-09-07 14:00:00,21.944444444444443,21.944444444444443,0.73,9.5473,306.0,10.577700000000002,0.0,1015.19
2022-09-07 15:00:00,22.15555555555555,22.15555555555555,0.68,12.187700000000001,312.0,10.255700000000001,0.0,1014.95
2022-09-07 16:00:00,22.68888888888889,22.68888888888889,0.66,15.262800000000002,321.0,10.255700000000001,0.0,1014.55
2022-09-07 17:00:00,22.055555555555557,22.055555555555557,0.66,14.876400000000002,321.0,15.552600000000002,0.0,1014.49
2022-09-07 18:00:00,21.06666666666667,21.06666666666667,0.68,10.5938,340.0,16.1,0.0,1014.54
2022-09-07 19:00:00,19.95555555555556,19.95555555555556,0.78,7.6796999999999995,340.0,16.1,0.0,1014.62
2022-09-07 20:00:00,18.038888888888888,18.038888888888888,0.95,0.22540000000000004,20.0,15.1823,0.0,1015.15
2022-09-07 21:00:00,17.783333333333335,17.783333333333335,0.9,4.7495,290.0,16.1,0.0,1015.72
2022-09-07 22:00:00,17.76111111111111,17.76111111111111,0.9,3.22,300.0,16.1,0.0,1015.92
2022-09-07 23:00:00,17.333333333333332,17.333333333333332,0.93,3.5098000000000003,314.0,14.9569,0.0,1015.87
2022-09-08 00:00:00,17.200000000000003,17.200000000000003,0.93,3.2039,329.0,15.826300000000002,0.0,1015.65
2022-09-08 01:00:00,17.155555555555555,17.155555555555555,0.93,3.22,310.0,15.826300000000002,0.0,1015.74
2022-09-08 02:00:00,16.688888888888886,16.688888888888886,0.96,3.9445000000000006,312.0,14.876400000000002,0.0,1015.56
2022-09-08 03:00:00,16.549999999999997,16.549999999999997,0.97,3.0751,340.0,15.649200000000002,0.0,1015.54
2022-09-08 04:00:00,16.549999999999997,16.549999999999997,0.97,3.22,220.0,14.731500000000002,0.0,1015.64
2022-09-08 05:00:00,16.544444444444444,16.544444444444444,0.96,3.2039,294.0,14.023100000000003,0.0,1015.68
2022-09-08 06:00:00,17.01111111111111,17.01111111111111,0.93,0.1449,280.0,9.8049,0.0,1015.55
2022-09-08 07:00:00,17.105555555555554,17.105555555555554,0.93,1.8193,283.0,9.853200000000001,0.0,1016.03
2022-09-08 08:00:00,17.788888888888884,17.788888888888884,0.96,3.3005,291.0,9.5473,0.0,1016.35
2022-09-08 09:00:00,21.049999999999997,21.049999999999997,0.79,3.3488,312.0,12.2199,0.0,1016.63
2022-09-08 10:00:00,23.711111111111116,23.711111111111116,0.66,4.781700000000001,303.0,15.1823,0.0,1016.84
2022-09-08 11:00:00,24.377777777777776,24.377777777777776,0.63,9.0965,295.0,15.1823,0.0,1016.78
2022-09-08 12:00:00,25.977777777777778,25.977777777777778,0.48,9.3541,292.0,10.255700000000001,0.0,1016.74
2022-09-08 13:00:00,26.04444444444444,26.04444444444444,0.44,9.305800000000001,338.0,10.255700000000001,0.0,1016.43
2022-09-08 14:00:00,26.877777777777776,27.005555555555556,0.45,9.6761,309.0,10.577700000000002,0.0,1016.11
2022-09-08 15:00:00,27.199999999999996,27.23333333333333,0.44,5.0876,312.0,16.1,0.0,1015.63
2022-09-08 16:00:00,27.127777777777776,27.027777777777782,0.41,11.0768,281.0,10.255700000000001,0.0,1015.25
2022-09-08 17:00:00,26.950000000000003,27.016666666666666,0.44,9.5473,303.0,15.552600000000002,0.0,1015.27
2022-09-08 18:00:00,25.99444444444445,25.99444444444445,0.47,11.414900000000001,300.0,10.255700000000001,0.0,1015.43
2022-09-08 19:00:00,22.194444444444443,22.194444444444443,0.68,7.969500000000001,300.0,10.255700000000001,0.0,1015.84
2022-09-08 20:00:00,20.172222222222224,20.172222222222224,0.76,8.774500000000002,308.0,10.2235,0.0,1016.3
2022-09-08 21:00:00,18.772222222222226,18.772222222222226,0.84,4.83,30.0,10.255700000000001,0.0,1016.92
2022-09-08 22:00:00,18.194444444444443,18.194444444444443,0.84,3.22,310.0,16.1,0.0,1017.03
2022-09-08 23:00:00,16.694444444444443,16.694444444444443,0.93,3.0107000000000004,278.0,15.150100000000002,0.0,1016.88
2022-09-09 00:00:00,16.06666666666667,16.06666666666667,0.93,6.1985,223.0,14.9086,0.0,1016.82
2022-09-09 01:00:00,14.955555555555557,14.955555555555557,0.93,3.2683,244.0,8.1305,0.0,1016.75
2022-09-09 02:00:00,14.705555555555556,14.705555555555556,0.93,3.6869,270.0,7.631400000000001,0.0,1016.97
2022-09-09 03:00:00,14.355555555555558,14.355555555555558,0.93,2.9463000000000004,151.0,5.1681,0.0,1016.84
2022-09-09 04:00:00,13.333333333333334,13.333333333333334,0.95,3.22,300.0,5.1681,0.0,1016.81
2022-09-09 05:00:00,13.16111111111111,13.16111111111111,0.96,6.1985,290.0,5.7799000000000005,0.0,1016.51
2022-09-09 06:00:00,12.222222222222221,12.222222222222221,1.0,3.22,300.0,6.9874,0.0,1016.52
2022-09-09 07:00:00,14.844444444444443,14.844444444444443,0.93,1.6422,254.0,7.905100000000001,0.0,1016.63
2022-09-09 08:00:00,17.63888888888889,17.63888888888889,0.85,0.0,0.0,9.5473,0.0,1016.64
2022-09-09 09:00:00,22.066666666666666,22.066666666666666,0.65,7.792400000000001,8.0,11.9784,0.0,1016.33
2022-09-09 10:00:00,23.86666666666666,23.86666666666666,0.58,4.6207,16.0,15.134000000000002,0.0,1016.6
2022-09-09 11:00:00,25.805555555555557,25.805555555555557,0.5,2.9624,219.0,10.3523,0.0,1016.73
2022-09-09 12:00:00,27.061111111111106,27.31111111111111,0.47,1.7388000000000001,209.0,10.255700000000001,0.0,1016.32
2022-09-09 13:00:00,27.127777777777776,27.355555555555554,0.47,3.4132000000000002,207.0,10.255700000000001,0.0,1016.21
2022-09-09 14:00:00,27.211111111111116,27.199999999999996,0.43,8.1949,270.0,10.577700000000002,0.0,1015.82
2022-09-09 15:00:00,26.688888888888894,26.872222222222224,0.45,6.5044,249.0,16.1,0.0,1015.2
2022-09-09 16:00:00,27.75555555555555,27.477777777777774,0.4,9.724400000000001,250.0,16.1,0.0,1014.62
2022-09-09 17:00:00,27.16666666666667,27.027777777777782,0.41,4.8139,264.0,15.552600000000002,0.0,1014.36
2022-09-09 18:00:00,26.11111111111111,26.11111111111111,0.47,7.969500000000001,260.0,16.1,0.0,1014.2
2022-09-09 19:00:00,21.227777777777774,21.227777777777774,0.72,3.0751,250.0,10.255700000000001,0.0,1014.11
2022-09-09 20:00:00,19.222222222222218,19.222222222222218,0.82,0.22540000000000004,290.0,10.2235,0.0,1014.73
2022-09-09 21:00:00,17.294444444444444,17.294444444444444,0.87,3.22,200.0,16.0517,0.0,1015.0
2022-09-09 22:00:00,16.688888888888886,16.688888888888886,0.87,0.0,0.0,15.134000000000002,0.0,1015.21
2022-09-09 23:00:00,16.766666666666666,16.766666666666666,0.93,2.7853000000000003,160.0,14.3612,0.0,1015.18
2022-09-10 00:00:00,15.027777777777779,15.027777777777779,0.96,3.2039,249.0,10.0786,0.0,1015.12
2022-09-10 01:00:00,15.027777777777779,15.027777777777779,0.96,3.0751,180.0,10.0786,0.0,1014.91
2022-09-10 02:00:00,14.716666666666669,14.716666666666669,0.95,3.2039,254.0,9.9015,0.0,1014.68
2022-09-10 03:00:00,13.916666666666664,13.916666666666664,0.96,0.0,0.0,4.6690000000000005,0.0,1014.41
2022-09-10 04:00:00,13.916666666666664,13.916666666666664,0.96,0.0,0.0,4.6690000000000005,0.0,1013.92
2022-09-10 05:00:00,14.07777777777778,14.07777777777778,0.96,2.9785000000000004,208.0,5.3452,0.0,1013.87
2022-09-10 06:00:00,14.933333333333334,14.933333333333334,0.93,4.7334000000000005,151.0,4.0733,0.0,1013.7
2022-09-10 07:00:00,16.072222222222223,16.072222222222223,0.93,3.0751,150.0,4.524100000000001,0.0,1013.7
2022-09-10 08:00:00,18.63333333333334,18.63333333333334,0.9,2.8497000000000003,171.0,5.7316,0.0,1013.56
2022-09-10 09:00:00,20.85555555555556,20.85555555555556,0.8,0.7567,297.0,6.9391,0.0,1013.35
2022-09-10 10:00:00,23.42777777777778,23.42777777777778,0.68,4.0411,212.0,11.7047,0.0,1013.3
2022-09-10 11:00:00,23.48333333333333,23.48333333333333,0.67,15.439900000000002,302.0,14.296800000000003,0.0,1013.38
2022-09-10 12:00:00,24.400000000000002,24.400000000000002,0.66,16.6152,330.0,14.6832,0.0,1013.51
2022-09-10 13:00:00,22.43333333333333,22.43333333333333,0.72,16.4864,350.0,11.9784,0.0,1013.56
2022-09-10 14:00:00,22.772222222222222,22.772222222222222,0.7,17.146500000000003,358.0,14.5222,0.0,1013.16
2022-09-10 15:00:00,21.900000000000002,21.900000000000002,0.7,16.2449,350.0,15.649200000000002,0.0,1012.77
2022-09-10 16:00:00,21.966666666666672,21.966666666666672,0.66,19.5776,0.0,15.826300000000002,0.0,1012.56
2022-09-10 17:00:00,21.088888888888885,21.088888888888885,0.73,15.005200000000002,2.0,15.3111,0.0,1012.19
2022-09-10 18:00:00,19.855555555555554,19.855555555555554,0.79,15.423800000000002,11.0,15.826300000000002,0.0,1012.45
2022-09-10 19:00:00,19.81111111111111,19.81111111111111,0.79,10.642100000000001,11.0,9.982000000000001,0.0,1012.17
2022-09-10 20:00:00,18.883333333333333,18.883333333333333,0.9,12.5097,344.0,9.7888,0.0,1012.45
2022-09-10 21:00:00,17.733333333333334,17.733333333333334,0.9,12.0267,342.0,9.708300000000001,0.0,1012.58
2022-09-10 22:00:00,17.200000000000003,17.200000000000003,0.93,10.2879,332.0,11.801300000000001,0.0,1013.11
2022-09-10 23:00:00,17.23888888888889,17.23888888888889,0.96,10.5294,7.0,11.4954,0.0,1012.95
2022-09-11 00:00:00,17.200000000000003,17.200000000000003,0.97,13.652800000000001,40.0,7.905100000000001,0.0,1012.28
2022-09-11 01:00:00,17.17777777777778,17.17777777777778,0.97,11.0285,31.0,9.708300000000001,0.0,1012.08
2022-09-11 02:00:00,17.21666666666667,17.21666666666667,0.96,3.7513000000000005,22.0,9.209200000000001,0.0,1012.07
2022-09-11 03:00:00,17.17777777777778,17.17777777777778,0.97,6.230700000000001,59.0,7.905100000000001,0.0,1011.74
2022-09-11 04:00:00,17.127777777777776,17.127777777777776,0.93,10.9319,50.0,9.7566,0.0,1011.43
2022-09-11 05:00:00,16.67777777777778,16.67777777777778,0.97,6.601,68.0,11.141200000000001,0.0,1011.18
2022-09-11 06:00:00,17.15,17.15,0.93,11.0285,71.0,11.753,0.0,1011.13
2022-09-11 07:00:00,17.200000000000003,17.200000000000003,0.93,8.162700000000001,79.0,9.708300000000001,0.0,1011.03
2022-09-11 08:00:00,17.288888888888888,17.288888888888888,0.93,5.828200000000001,100.0,9.434600000000001,0.0,1010.95
2022-09-11 09:00:00,18.772222222222226,18.772222222222226,0.9,10.8836,127.0,9.8049,0.0,1010.82
2022-09-11 10:00:00,20.833333333333332,20.833333333333332,0.8,10.835300000000002,129.0,9.8049,0.0,1010.84
2022-09-11 11:00:00,21.900000000000002,21.900000000000002,0.75,10.835300000000002,147.0,9.837100000000001,0.0,1010.64
2022-09-11 12:00:00,22.52777777777778,22.52777777777778,0.72,12.075000000000001,149.0,9.853200000000001,0.0,1010.26
2022-09-11 13:00:00,24.699999999999996,24.699999999999996,0.65,13.765500000000001,140.0,9.9015,0.0,1010.06
2022-09-11 14:00:00,25.73333333333333,25.73333333333333,0.59,13.234200000000001,169.0,10.2718,0.0,1009.69
2022-09-11 15:00:00,26.833333333333332,27.59444444444445,0.56,10.465,199.0,9.9015,0.0,1009.46
2022-09-11 16:00:00,25.811111111111106,25.811111111111106,0.61,7.5992,241.0,9.9015,0.0,1009.15
2022-09-11 17:00:00,23.905555555555555,23.905555555555555,0.66,7.502600000000001,276.0,10.2718,0.0,1008.95
2022-09-11 18:00:00,22.666666666666668,22.666666666666668,0.74,3.3649,29.0,9.9015,0.0,1008.66
2022-09-11 19:00:00,21.06666666666667,21.06666666666667,0.81,9.2253,20.0,9.8049,0.0,1008.73
2022-09-11 20:00:00,21.20555555555556,21.20555555555556,0.81,6.8908000000000005,57.0,9.7888,0.0,1008.82
2022-09-11 21:00:00,22.52777777777778,22.52777777777778,0.73,10.787,97.0,9.853200000000001,0.0,1008.61
2022-09-11 22:00:00,21.483333333333334,21.483333333333334,0.74,10.9641,137.0,15.826300000000002,0.0,1008.62
2022-09-11 23:00:00,20.944444444444443,20.944444444444443,0.78,6.9391,136.0,14.876400000000002,0.0,1008.98
2022-09-12 00:00:00,19.844444444444445,19.844444444444445,0.79,10.6743,139.0,15.649200000000002,0.0,1009.28
2022-09-12 01:00:00,19.86111111111111,19.86111111111111,0.79,10.9158,119.0,15.649200000000002,0.0,1009.37
2022-09-12 02:00:00,19.755555555555556,19.755555555555556,0.85,13.5562,147.0,9.837100000000001,0.0,1009.66
2022-09-12 03:00:00,18.84444444444445,18.84444444444445,0.9,11.0607,140.0,9.9015,0.0,1009.58
2022-09-12 04:00:00,18.28888888888889,18.28888888888889,0.9,13.894300000000003,140.0,9.8049,0.0,1009.69
2022-09-12 05:00:00,18.238888888888887,18.238888888888887,0.93,10.110800000000001,142.0,6.166300000000001,0.0,1009.91
2022-09-12 06:00:00,17.711111111111112,17.711111111111112,0.97,10.8997,160.0,6.118,0.0,1010.18
2022-09-12 07:00:00,17.16111111111111,17.16111111111111,0.93,10.948,160.0,9.6761,0.0,1010.87
2022-09-12 08:00:00,17.6,17.6,0.97,12.4292,167.0,9.708300000000001,0.0,1011.47
2022-09-12 09:00:00,17.644444444444442,17.644444444444442,0.97,9.3702,188.0,9.8049,0.0,1012.1
2022-09-12 10:00:00,17.200000000000003,17.200000000000003,0.93,6.423900000000001,190.0,8.935500000000001,0.0,1013.08
2022-09-12 11:00:00,17.21666666666667,17.21666666666667,0.93,9.080400000000001,224.0,8.9999,0.0,1013.86
2022-09-12 12:00:00,17.288888888888888,17.288888888888888,0.92,6.295100000000001,226.0,9.064300000000001,0.0,1014.19
2022-09-12 13:00:00,19.88333333333334,19.88333333333334,0.84,9.708300000000001,179.0,9.982000000000001,0.0,1014.41
2022-09-12 14:00:00,20.961111111111116,20.961111111111116,0.78,5.4579,171.0,10.3523,0.0,1014.38
2022-09-12 15:00:00,21.57222222222222,21.57222222222222,0.71,3.5903,150.0,14.9086,0.0,1014.44
2022-09-12 16:00:00,22.661111111111115,22.661111111111115,0.66,4.8139,169.0,9.982000000000001,0.0,1014.43
2022-09-12 17:00:00,23.211111111111112,23.211111111111112,0.65,3.0912,129.0,15.3111,0.0,1014.06
2022-09-12 18:00:00,20.99444444444445,20.99444444444445,0.79,8.033900000000001,34.0,9.982000000000001,0.0,1014.34
2022-09-12 19:00:00,18.79444444444444,18.79444444444444,0.84,11.0446,50.0,14.9086,0.0,1014.13
2022-09-12 20:00:00,18.850000000000005,18.850000000000005,0.8,15.794100000000002,78.0,14.0875,0.0,1014.41
2022-09-12 21:00:00,17.733333333333334,17.733333333333334,0.79,15.3433,69.0,15.826300000000002,0.0,1014.33
2022-09-12 22:00:00,17.705555555555556,17.705555555555556,0.79,13.9587,79.0,15.826300000000002,0.0,1013.91
2022-09-12 23:00:00,17.194444444444443,17.194444444444443,0.82,11.0768,69.0,15.729700000000001,0.0,1013.91
2022-09-13 00:00:00,17.15,17.15,0.84,14.168000000000003,69.0,14.860300000000002,0.0,1013.42
2022-09-13 01:00:00,17.66111111111111,17.66111111111111,0.82,14.039200000000001,70.0,14.9086,0.0,1013.33
2022-09-13 02:00:00,17.744444444444444,17.744444444444444,0.83,6.423900000000001,98.0,9.9015,0.0,1013.5
2022-09-13 03:00:00,16.644444444444446,16.644444444444446,0.93,4.025,88.0,7.1323,0.0,1013.24
2022-09-13 04:00:00,16.133333333333333,16.133333333333333,0.97,11.0929,52.0,6.295100000000001,0.0,1012.8
2022-09-13 05:00:00,16.29444444444444,16.29444444444444,0.93,10.2235,70.0,9.9015,0.0,1012.77
2022-09-13 06:00:00,17.15,17.15,0.87,9.6117,88.0,9.9015,0.0,1012.72
2022-09-13 07:00:00,16.06666666666667,16.06666666666667,0.93,10.1752,70.0,9.9015,0.0,1013.33
2022-09-13 08:00:00,17.76111111111111,17.76111111111111,0.85,9.080400000000001,65.0,14.168000000000003,0.0,1013.61
2022-09-13 09:00:00,18.83888888888889,18.83888888888889,0.79,9.724400000000001,79.0,10.2074,0.0,1014.12
2022-09-13 10:00:00,19.95,19.95,0.78,5.2647,89.0,10.2074,0.0,1014.25
2022-09-13 11:00:00,21.06666666666667,21.06666666666667,0.74,4.1055,129.0,10.5455,0.0,1014.78
2022-09-13 12:00:00,21.03888888888889,21.03888888888889,0.79,7.502600000000001,128.0,9.708300000000001,0.0,1015.12
2022-09-13 13:00:00,21.100000000000005,21.100000000000005,0.8,5.0393,99.0,15.826300000000002,0.0,1014.84
2022-09-13 14:00:00,21.36111111111111,21.36111111111111,0.78,11.398800000000001,99.0,15.3111,0.0,1014.98
2022-09-13 15:00:00,22.150000000000002,22.150000000000002,0.68,8.05,79.0,9.982000000000001,0.0,1015.22
2022-09-13 16:00:00,22.10555555555556,22.10555555555556,0.73,10.851400000000002,32.0,9.982000000000001,0.0,1014.36
2022-09-13 17:00:00,22.022222222222222,22.022222222222222,0.74,13.3952,40.0,9.8049,0.0,1014.16
2022-09-13 18:00:00,17.266666666666666,17.266666666666666,0.88,25.6312,230.0,6.295100000000001,0.0,1013.81
2022-09-13 19:00:00,15.18888888888889,15.18888888888889,0.93,7.550900000000001,358.0,8.7423,0.0,1015.74
2022-09-13 20:00:00,15.56111111111111,15.56111111111111,0.98,11.7047,51.0,9.7566,0.0,1015.57
2022-09-13 21:00:00,16.13888888888889,16.13888888888889,0.93,9.5312,15.0,9.853200000000001,0.0,1015.41
2022-09-13 22:00:00,16.13888888888889,16.13888888888889,0.97,11.511500000000002,61.0,15.826300000000002,0.0,1015.41
2022-09-13 23:00:00,17.066666666666666,17.066666666666666,0.94,7.728,93.0,4.3631,0.0,1015.36
2022-09-14 00:00:00,17.155555555555555,17.155555555555555,0.93,15.0535,147.0,9.9015,0.0,1015.16
2022-09-14 01:00:00,17.155555555555555,17.155555555555555,0.97,10.9158,108.0,2.737,0.0,1014.95
2022-09-14 02:00:00,17.21666666666667,17.21666666666667,1.0,10.9319,61.0,9.434600000000001,0.0,1015.25
2022-09-14 03:00:00,17.17777777777778,17.17777777777778,0.99,9.321900000000001,52.0,9.8049,0.0,1014.85
2022-09-14 04:00:00,17.127777777777776,17.127777777777776,0.97,11.270000000000001,40.0,14.6349,0.0,1014.46
2022-09-14 05:00:00,17.16111111111111,17.16111111111111,0.97,6.118,51.0,11.688600000000001,0.0,1014.75
2022-09-14 06:00:00,17.15,17.15,1.0,8.0983,58.0,4.7495,0.0,1014.26
2022-09-14 07:00:00,17.15,17.15,0.99,5.0876,61.0,7.212800000000001,0.0,1014.34
2022-09-14 08:00:00,17.677777777777777,17.677777777777777,0.96,7.760200000000001,56.0,6.7298,0.0,1014.45
2022-09-14 09:00:00,18.75,18.75,0.9,5.5384,88.0,9.982000000000001,0.0,1014.54
2022-09-14 10:00:00,18.81666666666667,18.81666666666667,0.93,7.905100000000001,125.0,9.982000000000001,0.0,1014.83
2022-09-14 11:00:00,19.688888888888886,19.688888888888886,0.86,11.3505,140.0,9.982000000000001,0.0,1015.02
2022-09-14 12:00:00,19.92777777777778,19.92777777777778,0.84,12.2521,156.0,9.982000000000001,0.0,1014.93
2022-09-14 13:00:00,22.03888888888889,22.03888888888889,0.74,13.5884,157.0,9.982000000000001,0.0,1015.01
2022-09-14 14:00:00,20.99444444444445,20.99444444444445,0.78,10.851400000000002,133.0,10.3523,0.0,1015.02
2022-09-14 15:00:00,21.11111111111111,21.11111111111111,0.73,10.851400000000002,157.0,9.982000000000001,0.0,1014.87
2022-09-14 16:00:00,22.199999999999996,22.199999999999996,0.64,10.7387,176.0,9.982000000000001,0.0,1014.67
2022-09-14 17:00:00,22.066666666666666,22.066666666666666,0.68,4.9588,160.0,10.3523,0.0,1014.33
2022-09-14 18:00:00,20.0,20.0,0.68,16.0195,110.0,8.1305,0.0,1014.51
2022-09-14 19:00:00,16.227777777777778,16.227777777777778,0.92,4.8783,55.0,9.982000000000001,0.0,1015.19
2022-09-14 20:00:00,17.127777777777776,17.127777777777776,0.94,0.7728,231.0,9.66,0.0,1015.42
2022-09-14 21:00:00,17.15,17.15,0.93,6.44,70.0,7.969500000000001,0.0,1015.5
2022-09-14 22:00:00,16.622222222222224,16.622222222222224,0.97,3.3005,263.0,5.1359,0.0,1015.71
2022-09-14 23:00:00,16.53333333333333,16.53333333333333,0.97,4.2665,207.0,4.6690000000000005,0.0,1016.02
2022-09-15 00:00:00,16.08888888888889,16.08888888888889,0.97,6.4078,181.0,3.2039,0.0,1016.38
2022-09-15 01:00:00,16.016666666666666,16.016666666666666,0.97,13.8138,69.0,3.1395,0.0,1015.84
2022-09-15 02:00:00,15.983333333333336,15.983333333333336,0.96,2.0447,182.0,7.8729,0.0,1015.28
2022-09-15 03:00:00,16.016666666666666,16.016666666666666,0.97,3.22,0.0,6.1985,0.0,1015.24
2022-09-15 04:00:00,15.972222222222221,15.972222222222221,0.97,6.0697,19.0,9.8049,0.0,1015.24
2022-09-15 05:00:00,15.86111111111111,15.86111111111111,0.97,6.1502,347.0,9.3863,0.0,1015.17
2022-09-15 06:00:00,15.933333333333334,15.933333333333334,0.93,9.3541,320.0,6.166300000000001,0.0,1015.34
2022-09-15 07:00:00,15.933333333333334,15.933333333333334,0.93,9.2253,322.0,4.0733,0.0,1015.46
2022-09-15 08:00:00,16.033333333333335,16.033333333333335,0.94,9.6278,322.0,6.230700000000001,0.0,1015.59
2022-09-15 09:00:00,16.08888888888889,16.08888888888889,1.0,9.2414,344.0,6.9391,0.0,1015.95
2022-09-15 10:00:00,17.17777777777778,17.17777777777778,0.93,10.8192,100.0,9.7566,0.0,1016.06
2022-09-15 11:00:00,17.755555555555556,17.755555555555556,0.9,12.203800000000001,139.0,9.9015,0.0,1016.39
2022-09-15 12:00:00,17.89444444444444,17.89444444444444,0.89,7.647500000000001,157.0,9.982000000000001,0.0,1016.62
2022-09-15 13:00:00,20.04444444444444,20.04444444444444,0.73,2.9785000000000004,143.0,9.982000000000001,0.0,1016.63
2022-09-15 14:00:00,18.09444444444444,18.09444444444444,0.88,14.023100000000003,118.0,9.982000000000001,0.0,1016.45
2022-09-15 15:00:00,17.883333333333333,17.883333333333333,0.83,17.0177,110.0,9.8049,0.0,1016.69
2022-09-15 16:00:00,17.45,17.45,0.86,14.651,130.0,9.7566,0.0,1016.87
2022-09-15 17:00:00,17.23888888888889,17.23888888888889,0.88,9.177000000000001,109.0,9.982000000000001,0.0,1017.11
2022-09-15 18:00:00,16.20555555555556,16.20555555555556,0.93,3.5903,130.0,9.982000000000001,0.0,1017.12
2022-09-15 19:00:00,16.133333333333333,16.133333333333333,0.93,4.7012,89.0,10.2074,0.0,1017.2
2022-09-15 20:00:00,16.038888888888888,16.038888888888888,0.93,0.3381,134.0,10.1752,0.0,1017.36
2022-09-15 21:00:00,15.044444444444443,15.044444444444443,0.93,1.61,100.0,15.826300000000002,0.0,1017.61
2022-09-15 22:00:00,14.511111111111111,14.511111111111111,0.96,3.22,90.0,5.216400000000001,0.0,1017.71
2022-09-15 23:00:00,14.494444444444447,14.494444444444447,0.99,5.6833,30.0,14.9569,0.0,1017.72
2022-09-16 00:00:00,14.444444444444445,14.444444444444445,0.96,3.1717,28.0,15.697500000000002,0.0,1017.73
2022-09-16 01:00:00,14.422222222222224,14.422222222222224,0.96,3.0751,70.0,15.552600000000002,0.0,1017.83
2022-09-16 02:00:00,14.349999999999998,14.349999999999998,0.96,3.6547,47.0,13.894300000000003,0.0,1017.83
2022-09-16 03:00:00,14.355555555555558,14.355555555555558,0.96,3.22,70.0,14.5222,0.0,1017.73
2022-09-16 04:00:00,14.305555555555555,14.305555555555555,1.0,3.22,70.0,15.407700000000002,0.0,1017.83
2022-09-16 05:00:00,14.855555555555558,14.855555555555558,0.96,2.7692,314.0,14.7637,0.0,1018.05
2022-09-16 06:00:00,14.883333333333333,14.883333333333333,0.93,0.0,0.0,15.649200000000002,0.0,1018.23
2022-09-16 07:00:00,14.883333333333333,14.883333333333333,1.0,3.1556,38.0,9.8049,0.0,1018.41
2022-09-16 08:00:00,15.899999999999999,15.899999999999999,0.94,0.966,44.0,9.9015,0.0,1018.6
2022-09-16 09:00:00,16.08888888888889,16.08888888888889,0.93,1.61,40.0,9.9015,0.0,1018.82
2022-09-16 10:00:00,16.183333333333334,16.183333333333334,0.93,7.824600000000001,40.0,9.982000000000001,0.0,1018.86
2022-09-16 11:00:00,18.894444444444446,18.894444444444446,0.83,5.2969,27.0,14.9569,0.0,1019.11
2022-09-16 12:00:00,21.06666666666667,21.06666666666667,0.6,4.4919,97.0,9.982000000000001,0.0,1018.85
2022-09-16 13:00:00,22.68888888888889,22.68888888888889,0.57,4.4275,2.0,9.982000000000001,0.0,1018.74
2022-09-16 14:00:00,22.444444444444446,22.444444444444446,0.54,8.935500000000001,32.0,10.3523,0.0,1018.36
2022-09-16 15:00:00,22.133333333333336,22.133333333333336,0.59,15.6009,29.0,9.982000000000001,0.0,1017.95
2022-09-16 16:00:00,21.027777777777775,21.027777777777775,0.59,4.379200000000001,52.0,9.982000000000001,0.0,1018.04
2022-09-16 17:00:00,18.255555555555556,18.255555555555556,0.75,5.4096,257.0,10.577700000000002,0.0,1018.38
2022-09-16 18:00:00,17.38888888888889,17.38888888888889,0.86,0.22540000000000004,343.0,10.255700000000001,0.0,1018.68
2022-09-16 19:00:00,16.227777777777778,16.227777777777778,0.92,3.22,280.0,10.255700000000001,0.0,1018.79
2022-09-16 20:00:00,17.07222222222222,17.07222222222222,0.88,10.239600000000001,137.0,10.2235,0.0,1019.2
2022-09-16 21:00:00,15.027777777777779,15.027777777777779,0.92,7.711900000000001,201.0,11.9784,0.0,1020.12
2022-09-16 22:00:00,15.511111111111113,15.511111111111113,0.93,6.423900000000001,229.0,15.729700000000001,0.0,1018.98
2022-09-16 23:00:00,14.527777777777779,14.527777777777779,0.96,3.7352,323.0,11.688600000000001,0.0,1019.23
2022-09-17 00:00:00,15.0,15.0,0.95,3.1234,319.0,12.2199,0.0,1019.6
2022-09-17 01:00:00,14.422222222222224,14.422222222222224,0.96,3.0429,305.0,11.9784,0.0,1019.53
2022-09-17 02:00:00,13.983333333333334,13.983333333333334,0.96,6.44,180.0,11.688600000000001,0.0,1019.52
2022-09-17 03:00:00,13.88888888888889,13.88888888888889,0.96,3.0751,10.0,9.982000000000001,0.0,1019.78
2022-09-17 04:00:00,13.866666666666667,13.866666666666667,0.96,3.22,340.0,9.8049,0.0,1019.61
2022-09-17 05:00:00,14.161111111111113,14.161111111111113,0.96,2.9785000000000004,68.0,8.227100000000002,0.0,1019.51
2022-09-17 06:00:00,14.799999999999999,14.799999999999999,0.93,4.508,51.0,7.905100000000001,0.0,1019.7
2022-09-17 07:00:00,14.777777777777779,14.777777777777779,0.93,0.1449,350.0,11.753,0.0,1019.92
2022-09-17 08:00:00,15.766666666666667,15.766666666666667,0.89,7.6636,117.0,9.434600000000001,0.0,1020.02
2022-09-17 09:00:00,17.066666666666666,17.066666666666666,0.82,9.66,140.0,15.729700000000001,0.0,1020.31
2022-09-17 10:00:00,17.711111111111112,17.711111111111112,0.74,9.3863,140.0,15.826300000000002,0.0,1020.6
2022-09-17 11:00:00,19.855555555555554,19.855555555555554,0.62,9.6439,155.0,9.982000000000001,0.0,1020.63
2022-09-17 12:00:00,20.04444444444444,20.04444444444444,0.6,7.905100000000001,170.0,9.982000000000001,0.0,1020.4
2022-09-17 13:00:00,21.15555555555555,21.15555555555555,0.56,4.652900000000001,106.0,9.982000000000001,0.0,1020.19
2022-09-17 14:00:00,20.966666666666665,20.966666666666665,0.55,9.321900000000001,87.0,10.3523,0.0,1019.75
2022-09-17 15:00:00,21.13888888888889,21.13888888888889,0.57,9.016,71.0,10.255700000000001,0.0,1019.31
2022-09-17 16:00:00,21.11111111111111,21.11111111111111,0.59,7.728,81.0,10.255700000000001,0.0,1019.12
2022-09-17 17:00:00,19.261111111111113,19.261111111111113,0.64,4.6046000000000005,147.0,10.577700000000002,0.0,1019.16
2022-09-17 18:00:00,17.983333333333334,17.983333333333334,0.82,0.27370000000000005,130.0,10.255700000000001,0.0,1019.1
2022-09-17 19:00:00,16.227777777777778,16.227777777777778,0.86,0.1288,150.0,10.255700000000001,0.0,1019.11
2022-09-17 20:00:00,14.238888888888889,14.238888888888889,0.91,2.8014,73.0,10.1752,0.0,1019.73
2022-09-17 21:00:00,12.850000000000001,12.850000000000001,0.99,1.61,150.0,11.8979,0.0,1020.11
2022-09-17 22:00:00,12.805555555555554,12.805555555555554,0.93,0.0,0.0,11.930100000000001,0.0,1020.31
2022-09-17 23:00:00,12.377777777777778,12.377777777777778,0.96,3.0751,7.0,9.9498,0.0,1020.23
2022-09-18 00:00:00,11.716666666666669,11.716666666666669,0.96,3.22,0.0,6.1985,0.0,1020.31
2022-09-18 01:00:00,11.161111111111113,11.161111111111113,0.96,3.1073,13.0,6.118,0.0,1020.21
2022-09-18 02:00:00,11.194444444444445,11.194444444444445,0.96,3.1717,12.0,6.5849,0.0,1020.15
2022-09-18 03:00:00,10.583333333333332,10.583333333333332,0.99,3.0751,50.0,3.4615,0.0,1020.02
2022-09-18 04:00:00,10.533333333333335,10.533333333333335,0.96,3.22,30.0,1.932,0.0,1020.02
2022-09-18 05:00:00,11.08888888888889,11.08888888888889,0.96,3.3166,32.0,3.9928000000000003,0.0,1019.95
2022-09-18 06:00:00,10.933333333333334,10.933333333333334,0.93,4.7495,60.0,2.9624,0.0,1019.84
2022-09-18 07:00:00,12.044444444444444,12.044444444444444,0.93,3.22,80.0,3.4615,0.0,1020.33
2022-09-18 08:00:00,14.744444444444444,14.744444444444444,0.88,9.2575,106.0,9.837100000000001,0.0,1020.62
2022-09-18 09:00:00,17.155555555555555,17.155555555555555,0.76,10.835300000000002,118.0,15.729700000000001,0.0,1020.8
2022-09-18 10:00:00,19.977777777777774,19.977777777777774,0.63,11.2217,110.0,15.826300000000002,0.0,1020.99
2022-09-18 11:00:00,21.04444444444444,21.04444444444444,0.55,13.2986,111.0,15.3111,0.0,1020.98
2022-09-18 12:00:00,22.71111111111111,22.71111111111111,0.48,14.49,140.0,16.1,0.0,1020.7
2022-09-18 13:00:00,22.75555555555555,22.75555555555555,0.41,14.49,149.0,16.1,0.0,1020.59
2022-09-18 14:00:00,23.733333333333334,23.733333333333334,0.35,14.5222,114.0,15.552600000000002,0.0,1020.39
2022-09-18 15:00:00,22.77777777777778,22.77777777777778,0.37,11.1895,121.0,16.1,0.0,1019.9
2022-09-18 16:00:00,23.83888888888889,23.83888888888889,0.35,9.724400000000001,102.0,16.1,0.0,1019.89
2022-09-18 17:00:00,22.788888888888884,22.788888888888884,0.38,9.321900000000001,91.0,15.552600000000002,0.0,1019.79
2022-09-18 18:00:00,21.06111111111111,21.06111111111111,0.47,4.6690000000000005,111.0,16.1,0.0,1019.9
2022-09-18 19:00:00,16.177777777777777,16.177777777777777,0.77,4.7495,110.0,16.1,0.0,1020.19
2022-09-18 20:00:00,15.383333333333333,15.383333333333333,0.75,7.550900000000001,128.0,15.552600000000002,0.0,1020.69
2022-09-18 21:00:00,13.844444444444445,13.844444444444445,0.83,9.2897,129.0,16.1,0.0,1020.98
2022-09-18 22:00:00,14.83888888888889,14.83888888888889,0.76,10.465,140.0,16.0517,0.0,1021.09
2022-09-18 23:00:00,14.116666666666665,14.116666666666665,0.76,6.3112,139.0,15.021300000000002,0.0,1021.1
2022-09-19 00:00:00,13.005555555555553,13.005555555555553,0.82,6.44,141.0,16.1,0.0,1021.17
2022-09-19 01:00:00,12.872222222222224,12.872222222222224,0.82,10.722600000000002,130.0,16.1,0.0,1020.91
2022-09-19 02:00:00,12.727777777777776,12.727777777777776,0.84,9.6922,127.0,14.9569,0.0,1020.95
2022-09-19 03:00:00,12.755555555555556,12.755555555555556,0.8,10.577700000000002,139.0,15.826300000000002,0.0,1020.87
2022-09-19 04:00:00,12.761111111111111,12.761111111111111,0.8,11.237800000000002,131.0,15.826300000000002,0.0,1020.38
2022-09-19 05:00:00,12.600000000000001,12.600000000000001,0.82,13.218100000000002,127.0,14.9569,0.0,1020.19
2022-09-19 06:00:00,12.227777777777776,12.227777777777776,0.8,9.8854,130.0,15.826300000000002,0.0,1020.09
2022-09-19 07:00:00,12.783333333333331,12.783333333333331,0.77,9.6117,131.0,15.826300000000002,0.0,1020.38
2022-09-19 08:00:00,13.738888888888887,13.738888888888887,0.79,13.2825,126.0,14.9569,0.0,1020.59
2022-09-19 09:00:00,15.994444444444444,15.994444444444444,0.72,15.520400000000002,140.0,16.0517,0.0,1020.6
2022-09-19 10:00:00,17.105555555555554,17.105555555555554,0.67,16.9694,141.0,16.1,0.0,1020.89
2022-09-19 11:00:00,17.922222222222224,17.922222222222224,0.65,13.9426,151.0,15.1823,0.0,1020.93
2022-09-19 12:00:00,19.97222222222222,19.97222222222222,0.61,15.633100000000002,150.0,16.1,0.0,1020.48
2022-09-19 13:00:00,22.077777777777776,22.077777777777776,0.55,14.168000000000003,150.0,16.1,0.0,1019.98
2022-09-19 14:00:00,22.788888888888884,22.788888888888884,0.53,13.652800000000001,158.0,15.552600000000002,0.0,1019.58
2022-09-19 15:00:00,23.86111111111111,23.86111111111111,0.5,14.296800000000003,151.0,16.1,0.0,1018.78
2022-09-19 16:00:00,24.92777777777778,24.92777777777778,0.47,14.0714,170.0,16.1,0.0,1018.46
2022-09-19 17:00:00,24.02777777777778,24.02777777777778,0.52,13.2825,173.0,15.552600000000002,0.0,1018.05
2022-09-19 18:00:00,22.216666666666665,22.216666666666665,0.64,10.787,160.0,16.1,0.0,1017.89
2022-09-19 19:00:00,20.022222222222226,20.022222222222226,0.73,10.722600000000002,150.0,16.1,0.0,1017.98
2022-09-19 20:00:00,18.988888888888894,18.988888888888894,0.77,9.724400000000001,155.0,14.3612,0.0,1018.08
2022-09-19 21:00:00,18.87222222222222,18.87222222222222,0.78,14.329,160.0,15.134000000000002,0.0,1018.37
2022-09-19 22:00:00,18.28888888888889,18.28888888888889,0.76,14.0875,161.0,15.134000000000002,0.0,1018.48
2022-09-19 23:00:00,17.861111111111114,17.861111111111114,0.76,10.787,161.0,14.3612,0.0,1018.51
2022-09-20 00:00:00,17.294444444444444,17.294444444444444,0.78,11.012400000000001,161.0,15.134000000000002,0.0,1018.55
2022-09-20 01:00:00,17.266666666666666,17.266666666666666,0.78,10.722600000000002,160.0,14.9086,0.0,1018.06
2022-09-20 02:00:00,16.855555555555558,16.855555555555558,0.82,10.384500000000001,159.0,14.168000000000003,0.0,1018.01
2022-09-20 03:00:00,16.761111111111113,16.761111111111113,0.78,10.722600000000002,151.0,14.9086,0.0,1017.49
2022-09-20 04:00:00,16.688888888888886,16.688888888888886,0.81,10.7387,160.0,14.9086,0.0,1017.66
2022-09-20 05:00:00,16.383333333333336,16.383333333333336,0.87,4.0411,164.0,11.6081,0.0,1017.75
2022-09-20 06:00:00,16.183333333333334,16.183333333333334,0.87,7.985600000000001,161.0,9.982000000000001,0.0,1016.97
2022-09-20 07:00:00,16.183333333333334,16.183333333333334,0.87,12.1716,141.0,14.9086,0.0,1016.96
2022-09-20 08:00:00,17.244444444444444,17.244444444444444,0.82,12.992700000000001,151.0,15.3111,0.0,1016.64
2022-09-20 09:00:00,17.38888888888889,17.38888888888889,0.81,9.4185,142.0,9.982000000000001,0.0,1016.35
2022-09-20 10:00:00,19.07777777777778,19.07777777777778,0.77,13.846,161.0,15.826300000000002,0.0,1016.16
2022-09-20 11:00:00,20.18888888888889,20.18888888888889,0.78,10.2718,163.0,10.3523,0.0,1015.94
2022-09-20 12:00:00,21.32222222222222,21.32222222222222,0.72,10.6582,164.0,15.826300000000002,0.0,1016.24
2022-09-20 13:00:00,22.338888888888885,22.338888888888885,0.72,10.5938,173.0,15.826300000000002,0.0,1015.56
2022-09-20 14:00:00,22.96666666666667,22.96666666666667,0.71,8.855,172.0,10.3523,0.0,1014.97
2022-09-20 15:00:00,24.88333333333334,24.88333333333334,0.59,13.9426,222.0,9.982000000000001,0.0,1014.3
2022-09-20 16:00:00,23.84444444444445,23.84444444444445,0.66,13.910400000000001,260.0,9.982000000000001,0.0,1013.82
2022-09-20 17:00:00,22.727777777777774,22.727777777777774,0.71,10.5294,246.0,10.3523,0.0,1013.79
2022-09-20 18:00:00,22.24444444444445,22.24444444444445,0.73,7.502600000000001,231.0,10.255700000000001,0.0,1013.7
2022-09-20 19:00:00,18.983333333333334,18.983333333333334,0.89,9.2253,200.0,16.1,0.0,1013.8
2022-09-20 20:00:00,18.899999999999995,18.899999999999995,0.91,8.227100000000002,212.0,14.876400000000002,0.0,1014.28
2022-09-20 21:00:00,17.77777777777778,17.77777777777778,0.97,10.9319,220.0,15.6009,0.0,1014.42
2022-09-20 22:00:00,18.238888888888887,18.238888888888887,0.93,11.270000000000001,240.0,15.6009,0.0,1014.5
2022-09-20 23:00:00,17.68888888888889,17.68888888888889,0.93,6.295100000000001,235.0,14.6832,0.0,1014.31
2022-09-21 00:00:00,16.13888888888889,16.13888888888889,0.97,6.262900000000001,171.0,14.5383,0.0,1014.39
2022-09-21 01:00:00,16.116666666666664,16.116666666666664,0.97,6.1502,171.0,7.905100000000001,0.0,1014.01
2022-09-21 02:00:00,15.77222222222222,15.77222222222222,0.96,6.0536,185.0,2.3506,0.0,1014.15
2022-09-21 03:00:00,15.605555555555558,15.605555555555558,0.96,6.262900000000001,171.0,0.2898,0.0,1014.0
2022-09-21 04:00:00,16.13888888888889,16.13888888888889,0.97,6.295100000000001,182.0,0.4508000000000001,0.0,1013.89
2022-09-21 05:00:00,15.711111111111112,15.711111111111112,0.99,9.8854,191.0,1.1431,0.0,1013.94
2022-09-21 06:00:00,16.13888888888889,16.13888888888889,0.93,4.652900000000001,180.0,0.9016000000000002,0.0,1013.48
2022-09-21 07:00:00,16.16111111111111,16.16111111111111,1.0,7.6796999999999995,181.0,0.9016000000000002,0.0,1013.57
2022-09-21 08:00:00,17.299999999999997,17.299999999999997,0.93,7.889000000000001,183.0,2.7048,0.0,1013.35
2022-09-21 09:00:00,17.849999999999998,17.849999999999998,0.96,3.3327,219.0,3.6547,0.0,1012.93
2022-09-21 10:00:00,17.944444444444443,17.944444444444443,0.98,9.321900000000001,213.0,7.212800000000001,0.0,1013.57
2022-09-21 11:00:00,21.683333333333334,21.683333333333334,0.83,5.3774,236.0,9.450700000000001,0.0,1013.25
2022-09-21 12:00:00,23.79444444444444,23.79444444444444,0.74,12.348700000000001,242.0,9.982000000000001,0.0,1012.82
2022-09-21 13:00:00,24.92777777777778,24.92777777777778,0.62,10.6904,224.0,9.982000000000001,0.0,1012.52
2022-09-21 14:00:00,24.633333333333336,24.633333333333336,0.62,12.0267,261.0,10.3523,0.0,1012.09
2022-09-21 15:00:00,25.97222222222222,25.97222222222222,0.54,17.243100000000002,291.0,9.982000000000001,0.0,1011.15
2022-09-21 16:00:00,26.06111111111111,26.06111111111111,0.5,17.4524,299.0,10.255700000000001,0.0,1010.54
2022-09-21 17:00:00,24.92777777777778,24.92777777777778,0.5,12.8961,296.0,10.577700000000002,0.0,1010.4
2022-09-21 18:00:00,22.83888888888889,22.83888888888889,0.61,9.724400000000001,299.0,10.255700000000001,0.0,1010.22
2022-09-21 19:00:00,18.983333333333334,18.983333333333334,0.78,3.3649,280.0,10.255700000000001,0.0,1010.32
2022-09-21 20:00:00,17.655555555555555,17.655555555555555,0.86,4.2826,196.0,15.1823,0.0,1011.05
2022-09-21 21:00:00,16.183333333333334,16.183333333333334,0.92,1.5295,190.0,15.1823,0.0,1011.2
2022-09-21 22:00:00,16.65,16.65,0.89,6.118,181.0,15.1823,0.0,1010.9
2022-09-21 23:00:00,15.899999999999999,15.899999999999999,0.95,5.3291,175.0,10.2235,0.0,1010.53
2022-09-22 00:00:00,15.100000000000001,15.100000000000001,0.95,3.1395,205.0,8.420300000000001,0.0,1010.21
2022-09-22 01:00:00,15.100000000000001,15.100000000000001,0.95,6.6493,271.0,8.420300000000001,0.0,1010.12
2022-09-22 02:00:00,16.233333333333334,16.233333333333334,0.93,7.0679,297.0,10.2235,0.0,1010.1
2022-09-22 03:00:00,16.13888888888889,16.13888888888889,0.93,6.0536,289.0,10.255700000000001,0.0,1009.7
2022-09-22 04:00:00,16.06666666666667,16.06666666666667,0.9,6.1502,319.0,8.420300000000001,0.0,1008.91
2022-09-22 05:00:00,15.572222222222223,15.572222222222223,0.96,3.7674,298.0,8.645700000000001,0.0,1008.33
2022-09-22 06:00:00,16.06666666666667,16.06666666666667,0.93,4.8944,281.0,9.982000000000001,0.0,1008.24
2022-09-22 07:00:00,16.13888888888889,16.13888888888889,0.93,3.1073,227.0,10.255700000000001,0.0,1008.61
2022-09-22 08:00:00,16.133333333333333,16.133333333333333,0.99,3.7191000000000005,320.0,9.982000000000001,0.0,1008.38
2022-09-22 09:00:00,16.16111111111111,16.16111111111111,0.92,3.6869,250.0,8.1305,0.0,1008.62
2022-09-22 10:00:00,16.20555555555556,16.20555555555556,0.98,4.8461,244.0,9.982000000000001,0.0,1009.11
2022-09-22 11:00:00,17.105555555555554,17.105555555555554,0.87,22.6044,311.0,9.450700000000001,0.0,1009.05
2022-09-22 12:00:00,17.200000000000003,17.200000000000003,0.74,24.5686,311.0,9.982000000000001,0.0,1009.25
2022-09-22 13:00:00,17.68888888888889,17.68888888888889,0.6,26.9192,310.0,9.982000000000001,0.0,1009.26
2022-09-22 14:00:00,17.194444444444443,17.194444444444443,0.62,24.665200000000002,319.0,10.3523,0.0,1009.28
2022-09-22 15:00:00,17.17222222222222,17.17222222222222,0.58,28.497,301.0,9.982000000000001,0.0,1009.25
2022-09-22 16:00:00,17.127777777777776,17.127777777777776,0.54,23.522100000000002,310.0,16.1,0.0,1009.64
2022-09-22 17:00:00,16.06666666666667,16.06666666666667,0.61,15.0374,310.0,15.552600000000002,0.0,1009.92
2022-09-22 18:00:00,13.916666666666664,13.916666666666664,0.72,12.960500000000001,280.0,16.1,0.0,1009.96
2022-09-22 19:00:00,13.844444444444445,13.844444444444445,0.72,12.4131,260.0,16.1,0.0,1010.63
2022-09-22 20:00:00,12.866666666666665,12.866666666666665,0.78,12.397,250.0,15.150100000000002,0.0,1011.03
2022-09-22 21:00:00,12.161111111111111,12.161111111111111,0.8,11.3344,262.0,16.0517,0.0,1011.24
2022-09-22 22:00:00,11.094444444444443,11.094444444444443,0.88,11.286100000000001,243.0,16.1,0.0,1011.77
2022-09-22 23:00:00,11.222222222222223,11.222222222222223,0.87,14.0714,269.0,15.1823,0.0,1012.14
2022-09-23 00:00:00,11.044444444444444,11.044444444444444,0.8,17.8549,290.0,16.1,0.0,1011.95
2022-09-23 01:00:00,10.577777777777776,10.577777777777776,0.8,14.1841,300.0,16.1,0.0,1011.44
2022-09-23 02:00:00,10.066666666666666,10.066666666666666,0.84,12.8961,300.0,15.1823,0.0,1010.41
2022-09-23 03:00:00,8.983333333333334,7.227777777777776,0.89,11.1734,282.0,16.1,0.0,1010.64
2022-09-23 04:00:00,10.02222222222222,10.02222222222222,0.85,14.425600000000003,291.0,16.1,0.0,1010.39
2022-09-23 05:00:00,10.505555555555553,10.505555555555553,0.84,19.7547,301.0,15.1823,0.0,1010.63
2022-09-23 06:00:00,9.927777777777777,7.1000000000000005,0.83,22.218000000000004,310.0,16.1,0.0,1010.12
2022-09-23 07:00:00,9.883333333333333,7.650000000000002,0.83,16.1,309.0,16.1,0.0,1010.58
2022-09-23 08:00:00,9.994444444444447,7.1499999999999995,0.78,22.6044,310.0,15.552600000000002,0.0,1011.34
2022-09-23 09:00:00,11.161111111111113,11.161111111111113,0.71,27.0641,310.0,9.982000000000001,0.0,1012.18
2022-09-23 10:00:00,13.800000000000002,13.800000000000002,0.64,31.3467,320.0,9.982000000000001,0.0,1012.99
2022-09-23 11:00:00,14.700000000000001,14.700000000000001,0.6,26.210800000000003,312.0,10.3523,0.0,1013.79
2022-09-23 12:00:00,15.994444444444444,15.994444444444444,0.52,25.438000000000002,320.0,9.982000000000001,0.0,1013.87
2022-09-23 13:00:00,16.06666666666667,16.06666666666667,0.56,27.048000000000002,319.0,10.255700000000001,0.0,1013.89
2022-09-23 14:00:00,17.0,17.0,0.48,25.8888,302.0,10.577700000000002,0.0,1014.24
2022-09-23 15:00:00,17.105555555555554,17.105555555555554,0.52,28.6902,310.0,10.255700000000001,0.0,1014.56
2022-09-23 16:00:00,16.133333333333333,16.133333333333333,0.56,25.582900000000002,311.0,10.255700000000001,0.0,1014.67
2022-09-23 17:00:00,16.06111111111111,16.06111111111111,0.52,26.323500000000003,311.0,10.577700000000002,0.0,1015.06
2022-09-23 18:00:00,15.0,15.0,0.59,16.3898,292.0,10.255700000000001,0.0,1015.73
2022-09-23 19:00:00,12.288888888888888,12.288888888888888,0.71,12.863900000000001,282.0,10.255700000000001,0.0,1016.36
2022-09-23 20:00:00,11.427777777777777,11.427777777777777,0.75,10.867500000000001,277.0,15.1823,0.0,1017.42
2022-09-23 21:00:00,11.183333333333334,11.183333333333334,0.76,12.6868,280.0,10.255700000000001,0.0,1018.33
2022-09-23 22:00:00,11.11111111111111,11.11111111111111,0.77,13.8621,261.0,16.1,0.0,1018.82
2022-09-23 23:00:00,10.06111111111111,10.06111111111111,0.8,13.218100000000002,278.0,15.1823,0.0,1018.97
2022-09-24 00:00:00,8.816666666666666,7.0055555555555555,0.86,11.3344,282.0,16.1,0.0,1019.25
2022-09-24 01:00:00,8.177777777777777,6.227777777777778,0.89,11.3344,272.0,16.1,0.0,1019.56
2022-09-24 02:00:00,7.855555555555556,5.9611111111111095,0.89,10.6743,282.0,15.1823,0.0,1019.98
2022-09-24 03:00:00,7.622222222222222,6.694444444444443,0.89,6.1824,328.0,16.1,0.0,1019.87
2022-09-24 04:00:00,5.972222222222222,4.661111111111111,0.93,6.6493,301.0,16.1,0.0,1020.14
2022-09-24 05:00:00,5.255555555555556,5.255555555555556,0.93,3.6064000000000007,275.0,14.9569,0.0,1020.35
2022-09-24 06:00:00,3.8444444444444454,3.8444444444444454,0.92,3.22,300.0,9.982000000000001,0.0,1020.33
2022-09-24 07:00:00,4.844444444444444,4.844444444444444,0.93,4.524100000000001,213.0,9.982000000000001,0.0,1020.73
2022-09-24 08:00:00,8.466666666666669,8.466666666666669,0.85,3.3971,296.0,14.9569,0.0,1020.76
2022-09-24 09:00:00,12.044444444444444,12.044444444444444,0.73,4.9105,340.0,16.1,0.0,1020.82
2022-09-24 10:00:00,13.28888888888889,13.28888888888889,0.59,3.0107000000000004,7.0,16.1,0.0,1021.01
2022-09-24 11:00:00,15.766666666666667,15.766666666666667,0.45,2.5921000000000003,313.0,10.577700000000002,0.0,1021.21
2022-09-24 12:00:00,16.06111111111111,16.06111111111111,0.37,4.2826,33.0,10.255700000000001,0.0,1020.89
2022-09-24 13:00:00,17.15,17.15,0.38,2.7048,252.0,10.255700000000001,0.0,1020.59
2022-09-24 14:00:00,17.188888888888886,17.188888888888886,0.38,4.0411,18.0,15.552600000000002,0.0,1020.02
2022-09-24 15:00:00,17.77777777777778,17.77777777777778,0.37,3.0912,69.0,16.1,0.0,1019.4
2022-09-24 16:00:00,17.266666666666666,17.266666666666666,0.41,3.0912,82.0,16.1,0.0,1018.78
2022-09-24 17:00:00,17.305555555555557,17.305555555555557,0.38,3.2522,105.0,15.552600000000002,0.0,1018.19
2022-09-24 18:00:00,14.994444444444447,14.994444444444447,0.55,6.7942,111.0,16.1,0.0,1017.79
2022-09-24 19:00:00,10.13888888888889,10.13888888888889,0.76,3.22,120.0,16.1,0.0,1017.78
2022-09-24 20:00:00,9.194444444444443,9.194444444444443,0.82,0.22540000000000004,95.0,15.1823,0.0,1017.9
2022-09-24 21:00:00,7.33888888888889,7.33888888888889,0.92,4.6046000000000005,100.0,16.1,0.0,1017.88
2022-09-24 22:00:00,7.244444444444444,7.244444444444444,0.95,3.22,110.0,16.0517,0.0,1017.6
2022-09-24 23:00:00,6.555555555555554,6.555555555555554,0.92,3.2361,107.0,14.9569,0.0,1017.36
2022-09-25 00:00:00,6.133333333333333,6.133333333333333,0.93,3.22,180.0,15.826300000000002,0.0,1017.3
2022-09-25 01:00:00,5.116666666666667,5.116666666666667,0.96,3.1556,118.0,15.826300000000002,0.0,1017.1
2022-09-25 02:00:00,5.438888888888888,4.227777777777778,0.95,6.0375000000000005,130.0,14.9569,0.0,1017.31
2022-09-25 03:00:00,4.972222222222224,3.5666666666666678,0.96,6.44,120.0,15.826300000000002,0.0,1016.81
2022-09-25 04:00:00,4.511111111111109,4.511111111111109,0.96,3.2039,115.0,15.729700000000001,0.0,1016.5
2022-09-25 05:00:00,4.31111111111111,4.31111111111111,0.95,2.9141000000000004,144.0,14.876400000000002,0.0,1016.42
2022-09-25 06:00:00,4.927777777777776,3.1722222222222225,0.93,7.5992,140.0,15.729700000000001,0.0,1016.31
2022-09-25 07:00:00,7.033333333333331,5.58888888888889,0.93,7.792400000000001,109.0,14.812,0.0,1016.57
2022-09-25 08:00:00,8.738888888888887,7.449999999999998,0.9,8.4042,137.0,14.0875,0.0,1016.22
2022-09-25 09:00:00,10.072222222222223,10.072222222222223,0.86,7.6796999999999995,142.0,14.9086,0.0,1016.68
2022-09-25 10:00:00,12.33888888888889,12.33888888888889,0.79,7.889000000000001,152.0,16.0517,0.0,1017.27
2022-09-25 11:00:00,13.094444444444443,13.094444444444443,0.77,5.1359,145.0,10.577700000000002,0.0,1017.29
2022-09-25 12:00:00,16.25,16.25,0.71,8.162700000000001,151.0,10.255700000000001,0.0,1017.08
2022-09-25 13:00:00,17.84444444444445,17.84444444444445,0.59,7.647500000000001,141.0,10.255700000000001,0.0,1016.78
2022-09-25 14:00:00,17.849999999999998,17.849999999999998,0.55,4.6207,154.0,10.577700000000002,0.0,1016.26
2022-09-25 15:00:00,19.81666666666667,19.81666666666667,0.5,1.4168,187.0,10.255700000000001,0.0,1015.93
2022-09-25 16:00:00,18.75,18.75,0.53,2.8819000000000004,162.0,9.982000000000001,0.0,1015.84
2022-09-25 17:00:00,17.766666666666666,17.766666666666666,0.56,2.6726,132.0,10.3523,0.0,1015.83
2022-09-25 18:00:00,16.08888888888889,16.08888888888889,0.77,3.9123000000000006,197.0,9.982000000000001,0.0,1015.99
2022-09-25 19:00:00,14.97777777777778,14.97777777777778,0.77,14.023100000000003,330.0,9.982000000000001,0.0,1016.56
2022-09-25 20:00:00,13.927777777777777,13.927777777777777,0.83,10.143,320.0,9.9015,0.0,1016.96
2022-09-25 21:00:00,12.799999999999999,12.799999999999999,0.89,12.203800000000001,329.0,5.1359,0.0,1017.39
2022-09-25 22:00:00,13.261111111111111,13.261111111111111,0.86,13.636700000000001,329.0,9.9015,0.0,1018.17
2022-09-25 23:00:00,12.855555555555556,12.855555555555556,0.89,4.0894,328.0,14.0875,0.0,1018.55
2022-09-26 00:00:00,12.244444444444444,12.244444444444444,0.89,6.488300000000001,318.0,9.982000000000001,0.0,1018.74
2022-09-26 01:00:00,11.71111111111111,11.71111111111111,0.92,3.4937,265.0,7.212800000000001,0.0,1018.72
2022-09-26 02:00:00,11.172222222222222,11.172222222222222,0.93,6.5849,262.0,8.420300000000001,0.0,1018.61
2022-09-26 03:00:00,10.533333333333335,10.533333333333335,0.92,6.6654,264.0,8.1305,0.0,1018.74
2022-09-26 04:00:00,10.42222222222222,10.42222222222222,0.93,3.6064000000000007,267.0,8.1305,0.0,1018.74
2022-09-26 05:00:00,9.616666666666667,8.900000000000002,0.95,6.552700000000001,280.0,8.372000000000002,0.0,1018.71
2022-09-26 06:00:00,9.844444444444443,8.794444444444444,0.93,8.1949,301.0,7.969500000000001,0.0,1018.85
2022-09-26 07:00:00,9.949999999999998,8.466666666666669,0.93,10.7387,300.0,9.8049,0.0,1018.87
2022-09-26 08:00:00,12.022222222222222,12.022222222222222,0.87,13.1698,310.0,14.0875,0.0,1018.99
2022-09-26 09:00:00,13.77222222222222,13.77222222222222,0.77,15.584800000000001,339.0,14.9086,0.0,1019.17
2022-09-26 10:00:00,16.038888888888888,16.038888888888888,0.72,16.0839,330.0,15.826300000000002,0.0,1019.36
2022-09-26 11:00:00,16.966666666666665,16.966666666666665,0.63,14.0875,338.0,10.3523,0.0,1019.59
2022-09-26 12:00:00,17.666666666666668,17.666666666666668,0.6,15.633100000000002,321.0,9.982000000000001,0.0,1019.46
2022-09-26 13:00:00,17.711111111111112,17.711111111111112,0.56,12.719000000000001,321.0,9.982000000000001,0.0,1019.06
2022-09-26 14:00:00,17.711111111111112,17.711111111111112,0.52,11.2217,341.0,9.8049,0.0,1018.8
2022-09-26 15:00:00,17.17222222222222,17.17222222222222,0.59,17.1787,310.0,9.982000000000001,0.0,1018.66
2022-09-26 16:00:00,15.116666666666667,15.116666666666667,0.81,9.7405,356.0,9.982000000000001,0.0,1018.55
2022-09-26 17:00:00,14.43333333333333,14.43333333333333,0.84,5.7799000000000005,308.0,10.3523,0.0,1018.56
2022-09-26 18:00:00,14.005555555555556,14.005555555555556,0.88,5.0876,262.0,10.255700000000001,0.0,1018.92
2022-09-26 19:00:00,12.844444444444443,12.844444444444443,0.94,4.6207,249.0,10.255700000000001,0.0,1019.14
2022-09-26 20:00:00,12.905555555555553,12.905555555555553,0.93,5.0071,284.0,10.2235,0.0,1019.45
2022-09-26 21:00:00,12.727777777777776,12.727777777777776,0.9,10.948,300.0,8.1305,0.0,1019.66
2022-09-26 22:00:00,12.705555555555556,12.705555555555556,0.86,10.948,310.0,8.1305,0.0,1020.15
2022-09-26 23:00:00,12.233333333333336,12.233333333333336,0.9,10.1752,303.0,8.420300000000001,0.0,1020.3
2022-09-27 00:00:00,11.205555555555556,11.205555555555556,0.89,10.835300000000002,312.0,8.05,0.0,1020.37
2022-09-27 01:00:00,11.161111111111113,11.161111111111113,0.93,10.9158,301.0,8.0017,0.0,1020.59
2022-09-27 02:00:00,10.577777777777776,10.577777777777776,0.96,9.9981,347.0,6.6976,0.0,1021.03
2022-09-27 03:00:00,10.455555555555556,10.455555555555556,0.93,10.9319,358.0,6.118,0.0,1021.18
2022-09-27 04:00:00,10.966666666666669,10.966666666666669,0.96,10.722600000000002,340.0,6.9874,0.0,1021.69
2022-09-27 05:00:00,10.411111111111113,10.411111111111113,0.94,10.7387,341.0,7.1645,0.0,1022.07
2022-09-27 06:00:00,8.861111111111112,7.177777777777779,0.93,10.5938,330.0,6.166300000000001,0.0,1022.76
2022-09-27 07:00:00,8.788888888888888,7.344444444444444,0.93,9.2253,330.0,7.084000000000001,0.0,1023.18
2022-09-27 08:00:00,10.933333333333334,10.933333333333334,0.88,9.1126,346.0,11.286100000000001,0.0,1023.95
2022-09-27 09:00:00,12.755555555555556,12.755555555555556,0.78,13.5562,9.0,15.826300000000002,0.0,1024.45
2022-09-27 10:00:00,14.97777777777778,14.97777777777778,0.67,15.295000000000002,10.0,16.1,0.0,1024.77
2022-09-27 11:00:00,17.044444444444444,17.044444444444444,0.52,13.636700000000001,350.0,15.552600000000002,0.0,1025.04
2022-09-27 12:00:00,17.77777777777778,17.77777777777778,0.5,12.187700000000001,350.0,9.982000000000001,0.0,1025.33
2022-09-27 13:00:00,18.86666666666666,18.86666666666666,0.47,12.2682,357.0,15.826300000000002,0.0,1025.42
2022-09-27 14:00:00,19.772222222222226,19.772222222222226,0.4,13.894300000000003,355.0,15.552600000000002,0.0,1025.22
2022-09-27 15:00:00,20.0,20.0,0.41,10.9641,348.0,16.1,0.0,1025.02
2022-09-27 16:00:00,19.86111111111111,19.86111111111111,0.42,12.4131,337.0,15.826300000000002,0.0,1024.74
2022-09-27 17:00:00,18.855555555555554,18.855555555555554,0.47,11.125100000000002,322.0,15.3111,0.0,1024.79
2022-09-27 18:00:00,17.200000000000003,17.200000000000003,0.59,8.1144,300.0,15.826300000000002,0.0,1025.14
2022-09-27 19:00:00,14.100000000000001,14.100000000000001,0.77,10.8836,300.0,16.0517,0.0,1025.52
2022-09-27 20:00:00,14.933333333333334,14.933333333333334,0.82,8.7262,299.0,10.1752,0.0,1025.91
2022-09-27 21:00:00,14.005555555555556,14.005555555555556,0.9,0.1288,280.0,16.0517,0.0,1026.12
2022-09-27 22:00:00,13.93888888888889,13.93888888888889,0.9,6.6332,282.0,15.826300000000002,0.0,1026.52
2022-09-27 23:00:00,14.377777777777778,14.377777777777778,0.91,6.488300000000001,292.0,15.150100000000002,0.0,1026.6
2022-09-28 00:00:00,13.838888888888887,13.838888888888887,0.9,3.22,320.0,15.826300000000002,0.0,1026.84
2022-09-28 01:00:00,13.32777777777778,13.32777777777778,0.96,3.2039,315.0,15.826300000000002,0.0,1027.13
2022-09-28 02:00:00,12.555555555555555,12.555555555555555,0.93,3.6708,320.0,5.4579,0.0,1027.48
2022-09-28 03:00:00,11.105555555555558,11.105555555555558,0.93,0.1449,330.0,4.9910000000000005,0.0,1027.73
2022-09-28 04:00:00,11.572222222222221,11.572222222222221,1.0,6.279,290.0,11.7047,0.0,1027.85
2022-09-28 05:00:00,11.86111111111111,11.86111111111111,0.96,6.1019000000000005,313.0,13.9426,0.0,1027.9
2022-09-28 06:00:00,11.927777777777777,11.927777777777777,0.94,8.05,330.0,9.7566,0.0,1028.06
2022-09-28 07:00:00,12.416666666666666,12.416666666666666,0.79,9.2575,11.0,9.8049,0.0,1028.28
2022-09-28 08:00:00,13.577777777777776,13.577777777777776,0.76,8.4525,38.0,14.9569,0.0,1028.63
2022-09-28 09:00:00,15.933333333333334,15.933333333333334,0.64,7.824600000000001,41.0,16.1,0.0,1028.94
2022-09-28 10:00:00,17.6,17.6,0.54,9.66,33.0,16.1,0.0,1029.33
2022-09-28 11:00:00,18.666666666666664,18.666666666666664,0.47,8.8067,24.0,15.552600000000002,0.0,1029.32
2022-09-28 12:00:00,19.92777777777778,19.92777777777778,0.45,8.6618,343.0,15.826300000000002,0.0,1029.23
2022-09-28 13:00:00,20.0,20.0,0.45,7.3416,37.0,15.826300000000002,0.0,1029.31
2022-09-28 14:00:00,20.938888888888886,20.938888888888886,0.42,12.9283,342.0,15.3111,0.0,1028.85
2022-09-28 15:00:00,21.083333333333332,21.083333333333332,0.42,8.8067,349.0,15.826300000000002,0.0,1028.62
2022-09-28 16:00:00,21.083333333333332,21.083333333333332,0.46,10.2074,359.0,16.1,0.0,1028.31
2022-09-28 17:00:00,20.08888888888889,20.08888888888889,0.44,7.6796999999999995,341.0,15.552600000000002,0.0,1028.34
2022-09-28 18:00:00,17.82222222222222,17.82222222222222,0.6,4.717300000000001,331.0,16.1,0.0,1028.41
2022-09-28 19:00:00,13.91111111111111,13.91111111111111,0.77,4.6046000000000005,280.0,16.1,0.0,1028.6
2022-09-28 20:00:00,12.411111111111113,12.411111111111113,0.85,0.3542,326.0,15.1823,0.0,1029.01
2022-09-28 21:00:00,11.138888888888888,11.138888888888888,0.87,3.22,310.0,15.826300000000002,0.0,1029.41
2022-09-28 22:00:00,9.466666666666665,9.466666666666665,0.93,0.0,0.0,15.729700000000001,0.0,1029.51
2022-09-28 23:00:00,9.294444444444443,9.294444444444443,0.96,3.22,240.0,14.7959,0.0,1029.79
2022-09-29 00:00:00,8.377777777777776,8.377777777777776,0.96,0.0,0.0,15.649200000000002,0.0,1030.01
2022-09-29 01:00:00,8.355555555555554,8.355555555555554,0.93,0.0,0.0,14.731500000000002,0.0,1030.2
2022-09-29 02:00:00,7.966666666666669,7.966666666666669,0.96,3.22,340.0,14.023100000000003,0.0,1030.2
2022-09-29 03:00:00,7.244444444444444,7.244444444444444,0.96,3.22,200.0,14.731500000000002,0.0,1030.0
2022-09-29 04:00:00,6.716666666666669,6.716666666666669,0.96,0.0,0.0,14.6832,0.0,1029.9
2022-09-29 05:00:00,6.461111111111112,6.461111111111112,0.96,3.22,250.0,6.7298,0.0,1029.92
2022-09-29 06:00:00,6.205555555555557,6.205555555555557,1.0,3.22,160.0,2.737,0.0,1029.89
2022-09-29 07:00:00,7.711111111111112,7.711111111111112,0.96,1.61,180.0,2.2057,0.0,1030.0
2022-09-29 08:00:00,12.211111111111109,12.211111111111109,0.95,1.7388000000000001,146.0,8.5813,0.0,1030.02
2022-09-29 09:00:00,15.88888888888889,15.88888888888889,0.69,1.8354,163.0,9.982000000000001,0.0,1030.11
2022-09-29 10:00:00,17.733333333333334,17.733333333333334,0.61,4.6851,154.0,16.1,0.0,1030.29
2022-09-29 11:00:00,19.755555555555556,19.755555555555556,0.56,4.652900000000001,165.0,15.552600000000002,0.0,1030.38
2022-09-29 12:00:00,21.088888888888885,21.088888888888885,0.49,9.2736,132.0,16.1,0.0,1030.27
2022-09-29 13:00:00,21.18333333333333,21.18333333333333,0.41,7.8084999999999996,152.0,16.1,0.0,1029.68
2022-09-29 14:00:00,22.194444444444443,22.194444444444443,0.38,5.1681,137.0,15.552600000000002,0.0,1029.28
2022-09-29 15:00:00,22.266666666666666,22.266666666666666,0.39,8.0983,160.0,16.1,0.0,1028.86
2022-09-29 16:00:00,22.266666666666666,22.266666666666666,0.39,3.6547,164.0,16.1,0.0,1028.35
2022-09-29 17:00:00,22.150000000000002,22.150000000000002,0.42,6.9069,163.0,15.552600000000002,0.0,1027.79
2022-09-29 18:00:00,18.95555555555556,18.95555555555556,0.52,3.4776000000000002,169.0,16.1,0.0,1027.57
2022-09-29 19:00:00,14.100000000000001,14.100000000000001,0.76,3.3649,159.0,16.1,0.0,1027.56
2022-09-29 20:00:00,13.13888888888889,13.13888888888889,0.81,7.084000000000001,103.0,15.1823,0.0,1027.58
2022-09-29 21:00:00,10.116666666666667,10.116666666666667,0.86,4.83,110.0,16.1,0.0,1027.41
2022-09-29 22:00:00,10.0,10.0,0.93,3.059,156.0,12.2521,0.0,1027.51
2022-09-29 23:00:00,8.788888888888888,8.788888888888888,0.93,0.9016000000000002,51.0,10.1752,0.0,1027.5
2022-09-30 00:00:00,8.355555555555554,8.355555555555554,0.93,3.22,130.0,8.1305,0.0,1027.48
2022-09-30 01:00:00,7.777777777777778,7.777777777777778,0.96,0.0,0.0,6.295100000000001,0.0,1027.09
2022-09-30 02:00:00,8.872222222222222,8.216666666666665,0.96,5.9087000000000005,122.0,6.8425,0.0,1026.71
2022-09-30 03:00:00,7.733333333333334,7.733333333333334,0.96,3.1717,158.0,6.1985,0.0,1026.5
2022-09-30 04:00:00,6.644444444444445,6.644444444444445,0.96,3.22,160.0,2.2057,0.0,1026.31
2022-09-30 05:00:00,6.044444444444446,5.272222222222223,0.96,5.0232,131.0,2.8497000000000003,0.0,1026.35
2022-09-30 06:00:00,5.094444444444445,5.094444444444445,1.0,1.61,100.0,3.2039,0.0,1026.4
2022-09-30 07:00:00,6.061111111111109,6.061111111111109,0.93,1.6744,111.0,1.5617,0.0,1026.4
2022-09-30 08:00:00,9.844444444444443,9.844444444444443,0.99,3.8479000000000005,154.0,4.4758,0.0,1026.36
2022-09-30 09:00:00,13.872222222222222,13.872222222222222,0.83,4.7012,160.0,5.1359,0.0,1026.4
2022-09-30 10:00:00,17.755555555555556,17.755555555555556,0.72,1.6905000000000001,188.0,14.9086,0.0,1026.39
2022-09-30 11:00:00,19.805555555555557,19.805555555555557,0.58,3.2683,163.0,15.3111,0.0,1026.08
2022-09-30 12:00:00,21.13333333333334,21.13333333333334,0.49,3.22,165.0,16.1,0.0,1025.9
2022-09-30 13:00:00,22.24444444444445,22.24444444444445,0.46,2.8497000000000003,85.0,16.1,0.0,1025.5
2022-09-30 14:00:00,22.87777777777778,22.87777777777778,0.4,3.2039,179.0,15.552600000000002,0.0,1025.13
2022-09-30 15:00:00,22.84444444444445,22.84444444444445,0.41,7.8084999999999996,239.0,16.1,0.0,1024.8
2022-09-30 16:00:00,23.83888888888889,23.83888888888889,0.39,3.1878,258.0,16.1,0.0,1024.49
2022-09-30 17:00:00,22.988888888888887,22.988888888888887,0.4,3.1234,306.0,15.552600000000002,0.0,1024.23
2022-09-30 18:00:00,20.0,20.0,0.57,1.61,10.0,16.1,0.0,1024.3
2022-09-30 19:00:00,15.116666666666667,15.116666666666667,0.83,3.22,70.0,16.1,0.0,1024.58
2022-09-30 20:00:00,13.22777777777778,13.22777777777778,0.83,1.5134,42.0,15.552600000000002,0.0,1024.72
2022-09-30 21:00:00,12.288888888888888,12.288888888888888,0.87,0.0,0.0,16.0517,0.0,1024.83
2022-09-30 22:00:00,11.71111111111111,11.71111111111111,0.9,0.0,0.0,15.922900000000002,0.0,1024.91
2022-09-30 23:00:00,10.855555555555554,10.855555555555554,0.93,6.44,70.0,14.9569,0.0,1025.05
2022-10-01 00:00:00,10.072222222222223,10.072222222222223,0.93,0.0,0.0,14.812,0.0,1025.01
2022-10-01 01:00:00,8.961111111111112,8.961111111111112,0.96,3.22,290.0,14.812,0.0,1024.82
2022-10-01 02:00:00,9.25,9.25,0.96,3.0429,334.0,14.0875,0.0,1024.87
2022-10-01 03:00:00,8.88888888888889,8.88888888888889,0.96,0.0,0.0,14.812,0.0,1024.63
2022-10-01 04:00:00,8.355555555555554,8.355555555555554,0.96,0.0,0.0,14.812,0.0,1024.53
2022-10-01 05:00:00,8.538888888888888,8.538888888888888,0.96,3.1717,33.0,14.0875,0.0,1024.55
2022-10-01 06:00:00,7.8999999999999995,7.8999999999999995,0.96,0.0,0.0,11.9784,0.0,1024.32
2022-10-01 07:00:00,8.93888888888889,8.93888888888889,0.93,1.5295,330.0,8.1305,0.0,1024.43
2022-10-01 08:00:00,13.444444444444446,13.444444444444446,0.91,6.44,110.0,8.05,0.0,1024.47
2022-10-01 09:00:00,16.049999999999997,16.049999999999997,0.81,0.0,0.0,11.9784,0.0,1024.53
2022-10-01 10:00:00,18.77777777777778,18.77777777777778,0.66,1.61,10.0,9.982000000000001,0.0,1024.82
2022-10-01 11:00:00,21.994444444444447,21.994444444444447,0.53,1.7871000000000004,78.0,10.577700000000002,0.0,1024.72
2022-10-01 12:00:00,22.15555555555555,22.15555555555555,0.44,3.1878,118.0,16.1,0.0,1024.52
2022-10-01 13:00:00,22.17777777777778,22.17777777777778,0.47,4.652900000000001,38.0,16.1,0.0,1024.22
2022-10-01 14:00:00,22.355555555555554,22.355555555555554,0.45,3.5098000000000003,69.0,15.552600000000002,0.0,1023.82
2022-10-01 15:00:00,22.266666666666666,22.266666666666666,0.46,3.2844,34.0,16.1,0.0,1023.31
2022-10-01 16:00:00,22.733333333333334,22.733333333333334,0.44,4.9910000000000005,23.0,16.0517,0.0,1022.91
2022-10-01 17:00:00,22.133333333333336,22.133333333333336,0.46,5.2486,7.0,15.520400000000002,0.0,1022.98
2022-10-01 18:00:00,19.90555555555555,19.90555555555555,0.61,4.6207,334.0,15.826300000000002,0.0,1023.13
2022-10-01 19:00:00,18.772222222222226,18.772222222222226,0.66,11.012400000000001,11.0,14.9086,0.0,1023.33
2022-10-01 20:00:00,17.299999999999997,17.299999999999997,0.71,7.905100000000001,20.0,14.168000000000003,0.0,1023.52
2022-10-01 21:00:00,17.133333333333336,17.133333333333336,0.73,9.8854,30.0,14.9086,0.0,1023.63
2022-10-01 22:00:00,16.13888888888889,16.13888888888889,0.78,11.270000000000001,40.0,14.9086,0.0,1023.56
2022-10-01 23:00:00,16.11111111111111,16.11111111111111,0.81,6.327300000000001,11.0,14.168000000000003,0.0,1023.66
2022-10-02 00:00:00,16.08888888888889,16.08888888888889,0.84,6.5205,354.0,14.9086,0.0,1023.58
2022-10-02 01:00:00,15.072222222222223,15.072222222222223,0.87,6.1824,335.0,14.9086,0.0,1023.86
2022-10-02 02:00:00,15.511111111111113,15.511111111111113,0.88,10.304000000000002,0.0,14.168000000000003,0.0,1023.93
2022-10-02 03:00:00,15.555555555555555,15.555555555555555,0.87,10.867500000000001,11.0,14.9086,0.0,1023.66
2022-10-02 04:00:00,15.488888888888889,15.488888888888889,0.87,6.5044,10.0,14.9086,0.0,1023.66
2022-10-02 05:00:00,15.416666666666666,15.416666666666666,0.91,9.724400000000001,18.0,14.168000000000003,0.0,1023.62
2022-10-02 06:00:00,14.955555555555557,14.955555555555557,0.93,10.8997,38.0,9.9015,0.0,1023.87
2022-10-02 07:00:00,14.905555555555553,14.905555555555553,0.93,12.203800000000001,20.0,6.1985,0.0,1024.09
2022-10-02 08:00:00,14.916666666666666,14.916666666666666,0.94,11.270000000000001,17.0,6.6976,0.0,1024.66
2022-10-02 09:00:00,16.038888888888888,16.038888888888888,0.88,12.332600000000001,10.0,7.969500000000001,0.0,1025.07
2022-10-02 10:00:00,16.11111111111111,16.11111111111111,0.87,10.706500000000002,0.0,9.982000000000001,0.0,1025.37
2022-10-02 11:00:00,16.266666666666666,16.266666666666666,0.86,11.253900000000002,2.0,9.982000000000001,0.0,1025.35
2022-10-02 12:00:00,16.272222222222222,16.272222222222222,0.86,12.348700000000001,10.0,9.982000000000001,0.0,1025.33
2022-10-02 13:00:00,17.288888888888888,17.288888888888888,0.86,7.905100000000001,10.0,9.982000000000001,0.0,1025.25
2022-10-02 14:00:00,17.349999999999998,17.349999999999998,0.85,7.1323,357.0,9.982000000000001,0.0,1025.11
2022-10-02 15:00:00,17.33888888888889,17.33888888888889,0.83,6.4078,350.0,14.9086,0.0,1025.12
2022-10-02 16:00:00,17.288888888888888,17.288888888888888,0.86,3.6064000000000007,9.0,9.982000000000001,0.0,1024.92
2022-10-02 17:00:00,17.26111111111111,17.26111111111111,0.86,2.5116,91.0,9.982000000000001,0.0,1024.92
2022-10-02 18:00:00,16.20555555555556,16.20555555555556,0.92,4.6851,322.0,10.255700000000001,0.0,1024.93
2022-10-02 19:00:00,16.08888888888889,16.08888888888889,0.87,3.22,0.0,9.982000000000001,0.0,1025.4
2022-10-02 20:00:00,15.033333333333335,15.033333333333335,0.93,1.8837,21.0,9.982000000000001,0.0,1025.36
2022-10-02 21:00:00,14.97777777777778,14.97777777777778,0.93,3.2039,349.0,10.2074,0.0,1025.64
2022-10-02 22:00:00,14.466666666666665,14.466666666666665,0.96,3.1878,8.0,12.2199,0.0,1025.82
2022-10-02 23:00:00,14.455555555555557,14.455555555555557,0.96,3.2522,60.0,8.2593,0.0,1025.78
2022-10-03 00:00:00,13.916666666666664,13.916666666666664,0.96,3.2683,86.0,8.8872,0.0,1025.82
2022-10-03 01:00:00,14.36111111111111,14.36111111111111,0.96,3.1717,128.0,8.935500000000001,0.0,1025.73
2022-10-03 02:00:00,13.972222222222221,13.972222222222221,0.96,2.8014,132.0,8.227100000000002,0.0,1025.9
2022-10-03 03:00:00,13.872222222222222,13.872222222222222,0.96,11.270000000000001,80.0,5.9731000000000005,0.0,1025.71
2022-10-03 04:00:00,13.894444444444442,13.894444444444442,0.96,2.9463000000000004,325.0,5.9731000000000005,0.0,1025.31
2022-10-03 05:00:00,14.38888888888889,14.38888888888889,0.94,3.2361,96.0,6.6976,0.0,1025.3
2022-10-03 06:00:00,13.844444444444445,13.844444444444445,1.0,4.9105,70.0,6.9874,0.0,1025.41
2022-10-03 07:00:00,13.866666666666667,13.866666666666667,1.0,2.0447,78.0,4.524100000000001,0.0,1025.41
2022-10-03 08:00:00,13.966666666666667,13.966666666666667,0.99,3.9928000000000003,160.0,6.7781,0.0,1025.81
2022-10-03 09:00:00,13.91111111111111,13.91111111111111,0.91,7.5992,166.0,9.708300000000001,0.0,1026.09
2022-10-03 10:00:00,13.955555555555556,13.955555555555556,0.9,10.4006,178.0,9.708300000000001,0.0,1026.58
2022-10-03 11:00:00,13.977777777777776,13.977777777777776,0.84,11.431000000000001,175.0,9.708300000000001,0.0,1026.57
2022-10-03 12:00:00,15.044444444444443,15.044444444444443,0.79,13.2664,168.0,9.8049,0.0,1026.29
2022-10-03 13:00:00,16.133333333333333,16.133333333333333,0.72,13.781600000000001,169.0,9.982000000000001,0.0,1025.89
2022-10-03 14:00:00,16.033333333333335,16.033333333333335,0.68,13.8138,142.0,9.982000000000001,0.0,1025.58
2022-10-03 15:00:00,17.200000000000003,17.200000000000003,0.64,12.332600000000001,150.0,9.982000000000001,0.0,1025.29
2022-10-03 16:00:00,16.133333333333333,16.133333333333333,0.67,5.0393,167.0,9.982000000000001,0.0,1024.98
2022-10-03 17:00:00,15.972222222222221,15.972222222222221,0.71,7.824600000000001,160.0,10.2235,0.0,1024.83
2022-10-03 18:00:00,14.97777777777778,14.97777777777778,0.78,3.3488,132.0,15.1823,0.0,1024.79
2022-10-03 19:00:00,13.88888888888889,13.88888888888889,0.83,4.7012,101.0,10.2074,0.0,1024.89
2022-10-03 20:00:00,13.894444444444442,13.894444444444442,0.88,7.4704,123.0,10.1752,0.0,1024.99
2022-10-03 21:00:00,12.850000000000001,12.850000000000001,0.95,4.6046000000000005,80.0,10.0786,0.0,1025.08
2022-10-03 22:00:00,13.355555555555554,13.355555555555554,0.9,3.22,110.0,11.9784,0.0,1025.01
2022-10-03 23:00:00,13.294444444444444,13.294444444444444,0.95,6.118,115.0,9.9015,0.0,1025.01
2022-10-04 00:00:00,13.28888888888889,13.28888888888889,0.96,3.2039,91.0,9.7566,0.0,1024.81
2022-10-04 01:00:00,12.777777777777779,12.777777777777779,1.0,1.7710000000000004,104.0,5.9731000000000005,0.0,1024.61
2022-10-04 02:00:00,13.294444444444444,13.294444444444444,0.94,3.5259,59.0,6.1824,0.0,1024.49
2022-10-04 03:00:00,13.28888888888889,13.28888888888889,0.93,6.295100000000001,70.0,5.9248,0.0,1024.1
2022-10-04 04:00:00,13.28888888888889,13.28888888888889,0.93,11.270000000000001,70.0,5.9248,0.0,1023.71
2022-10-04 05:00:00,13.277777777777779,13.277777777777779,0.94,10.0625,53.0,6.166300000000001,0.0,1023.53
2022-10-04 06:00:00,12.777777777777779,12.777777777777779,0.96,0.0,0.0,5.8765,0.0,1023.4
2022-10-04 07:00:00,12.777777777777779,12.777777777777779,0.96,7.824600000000001,70.0,4.347,0.0,1023.39
2022-10-04 08:00:00,12.838888888888889,12.838888888888889,0.96,4.1055,107.0,6.262900000000001,0.0,1023.61
2022-10-04 09:00:00,12.777777777777779,12.777777777777779,0.96,4.83,129.0,9.6761,0.0,1023.7
2022-10-04 10:00:00,13.794444444444444,13.794444444444444,0.93,4.6690000000000005,129.0,9.708300000000001,0.0,1023.9
2022-10-04 11:00:00,13.766666666666667,13.766666666666667,0.9,3.3971,166.0,9.2575,0.0,1023.9
2022-10-04 12:00:00,13.883333333333335,13.883333333333335,0.83,7.824600000000001,149.0,7.969500000000001,0.0,1023.79
2022-10-04 13:00:00,14.972222222222221,14.972222222222221,0.73,4.5402000000000005,129.0,9.853200000000001,0.0,1023.48
2022-10-04 14:00:00,15.116666666666667,15.116666666666667,0.68,4.2182,90.0,10.239600000000001,0.0,1022.88
2022-10-04 15:00:00,16.083333333333332,16.083333333333332,0.68,4.781700000000001,116.0,9.9015,0.0,1022.39
2022-10-04 16:00:00,15.088888888888887,15.088888888888887,0.68,7.776300000000001,70.0,9.9015,0.0,1022.09
2022-10-04 17:00:00,14.155555555555553,14.155555555555553,0.81,3.9445000000000006,45.0,9.837100000000001,0.0,1021.97
2022-10-04 18:00:00,13.91111111111111,13.91111111111111,0.92,4.6690000000000005,31.0,5.0393,0.0,1021.79
2022-10-04 19:00:00,13.844444444444445,13.844444444444445,0.9,7.824600000000001,40.0,4.9910000000000005,0.0,1021.7
2022-10-04 20:00:00,13.644444444444446,13.644444444444446,0.91,1.0787000000000002,46.0,5.313,0.0,1021.82
2022-10-04 21:00:00,12.777777777777779,12.777777777777779,1.0,3.22,30.0,4.4436,0.0,1021.81
2022-10-04 22:00:00,13.266666666666667,13.266666666666667,0.93,3.1717,38.0,4.83,0.0,1021.81
2022-10-04 23:00:00,12.727777777777776,12.727777777777776,0.96,3.2039,99.0,3.6547,0.0,1021.95
2022-10-05 00:00:00,11.688888888888888,11.688888888888888,0.96,3.22,120.0,2.9785000000000004,0.0,1021.89
2022-10-05 01:00:00,10.183333333333332,10.183333333333332,0.93,4.459700000000001,127.0,1.2719,0.0,1021.68
2022-10-05 02:00:00,10.399999999999999,10.399999999999999,0.95,5.7316,136.0,3.6386,0.0,1021.42
2022-10-05 03:00:00,10.672222222222224,10.672222222222224,0.84,6.118,149.0,3.9123000000000006,0.0,1020.99
2022-10-05 04:00:00,10.144444444444442,10.144444444444442,0.84,3.059,157.0,5.9087000000000005,0.0,1020.9
2022-10-05 05:00:00,9.755555555555556,9.383333333333333,0.87,5.361300000000001,179.0,7.5992,0.0,1020.82
2022-10-05 06:00:00,10.055555555555555,10.055555555555555,0.87,3.0751,170.0,7.824600000000001,0.0,1020.6
2022-10-05 07:00:00,11.027777777777779,11.027777777777779,0.93,8.05,120.0,7.905100000000001,0.0,1020.51
2022-10-05 08:00:00,10.983333333333336,10.983333333333336,0.87,7.792400000000001,124.0,9.5151,0.0,1020.99
2022-10-05 09:00:00,12.761111111111111,12.761111111111111,0.77,4.6046000000000005,130.0,11.8979,0.0,1021.47
2022-10-05 10:00:00,15.972222222222221,15.972222222222221,0.57,12.316500000000001,122.0,15.826300000000002,0.0,1021.49
2022-10-05 11:00:00,17.0,17.0,0.49,12.187700000000001,127.0,15.3111,0.0,1021.34
2022-10-05 12:00:00,17.655555555555555,17.655555555555555,0.51,12.847800000000001,121.0,9.982000000000001,0.0,1021.09
2022-10-05 13:00:00,17.772222222222226,17.772222222222226,0.52,10.8836,103.0,9.982000000000001,0.0,1020.61
2022-10-05 14:00:00,17.87777777777778,17.87777777777778,0.5,10.1752,106.0,10.3523,0.0,1020.34
2022-10-05 15:00:00,17.755555555555556,17.755555555555556,0.5,11.0607,100.0,9.982000000000001,0.0,1019.92
2022-10-05 16:00:00,17.755555555555556,17.755555555555556,0.5,9.6117,92.0,9.982000000000001,0.0,1019.81
2022-10-05 17:00:00,17.21111111111111,17.21111111111111,0.51,5.6833,118.0,10.3523,0.0,1019.75
2022-10-05 18:00:00,14.027777777777779,14.027777777777779,0.72,4.717300000000001,117.0,15.826300000000002,0.0,1019.9
2022-10-05 19:00:00,12.333333333333336,12.333333333333336,0.75,4.6046000000000005,90.0,15.134000000000002,0.0,1020.2
2022-10-05 20:00:00,11.45,11.45,0.79,7.228900000000001,92.0,14.5222,0.0,1020.54
2022-10-05 21:00:00,9.122222222222224,8.011111111111113,0.92,7.905100000000001,99.0,11.9784,0.0,1020.79
2022-10-05 22:00:00,9.033333333333331,8.344444444444447,0.95,6.1019000000000005,177.0,11.9784,0.0,1021.18
2022-10-05 23:00:00,8.32222222222222,7.716666666666667,0.93,5.4579,134.0,9.982000000000001,0.0,1021.3
2022-10-06 00:00:00,6.927777777777777,6.927777777777777,0.93,0.0,0.0,11.930100000000001,0.0,1021.3
2022-10-06 01:00:00,6.905555555555555,6.905555555555555,0.93,3.22,130.0,14.860300000000002,0.0,1021.29
2022-10-06 02:00:00,6.71111111111111,6.71111111111111,0.95,3.3971,59.0,11.527600000000001,0.0,1021.17
2022-10-06 03:00:00,5.744444444444446,5.744444444444446,0.96,3.0751,40.0,11.7047,0.0,1021.09
2022-10-06 04:00:00,6.238888888888887,6.238888888888887,0.93,4.83,90.0,3.059,0.0,1021.1
2022-10-06 05:00:00,8.722222222222223,7.311111111111109,0.9,9.016,97.0,8.1144,0.0,1021.05
2022-10-06 06:00:00,8.81111111111111,7.088888888888888,0.84,10.787,109.0,0.805,0.0,1021.4
2022-10-06 07:00:00,8.75,7.066666666666666,0.84,10.4811,109.0,0.32200000000000006,0.0,1020.71
2022-10-06 08:00:00,10.744444444444447,10.744444444444447,0.75,10.2235,115.0,8.5652,0.0,1021.09
2022-10-06 09:00:00,12.711111111111112,12.711111111111112,0.66,9.3863,100.0,14.812,0.0,1020.89
2022-10-06 10:00:00,15.950000000000001,15.950000000000001,0.53,11.398800000000001,120.0,14.989100000000002,0.0,1020.99
2022-10-06 11:00:00,17.016666666666666,17.016666666666666,0.45,14.2485,112.0,14.7637,0.0,1021.07
2022-10-06 12:00:00,18.79444444444444,18.79444444444444,0.41,12.9283,112.0,16.1,0.0,1020.7
2022-10-06 13:00:00,19.88333333333334,19.88333333333334,0.36,14.1519,110.0,15.826300000000002,0.0,1020.09
2022-10-06 14:00:00,19.844444444444445,19.844444444444445,0.4,15.536500000000002,138.0,15.3111,0.0,1019.32
2022-10-06 15:00:00,19.97222222222222,19.97222222222222,0.44,11.543700000000001,119.0,10.255700000000001,0.0,1018.98
2022-10-06 16:00:00,19.92777777777778,19.92777777777778,0.44,12.6868,110.0,10.255700000000001,0.0,1018.49
2022-10-06 17:00:00,18.84444444444445,18.84444444444445,0.47,11.592,155.0,10.577700000000002,0.0,1018.51
2022-10-06 18:00:00,17.15,17.15,0.54,10.770900000000001,138.0,10.255700000000001,0.0,1018.49
2022-10-06 19:00:00,15.944444444444445,15.944444444444445,0.63,11.9623,168.0,10.255700000000001,0.0,1018.79
2022-10-06 20:00:00,14.883333333333333,14.883333333333333,0.62,12.1072,159.0,10.0625,0.0,1019.07
2022-10-06 21:00:00,13.88888888888889,13.88888888888889,0.68,9.209200000000001,140.0,9.982000000000001,0.0,1019.66
2022-10-06 22:00:00,13.28888888888889,13.28888888888889,0.73,6.166300000000001,130.0,15.134000000000002,0.0,1019.79
2022-10-06 23:00:00,13.0,13.0,0.73,6.8264000000000005,133.0,14.3612,0.0,1019.75
2022-10-07 00:00:00,13.661111111111113,13.661111111111113,0.71,10.5294,149.0,14.9086,0.0,1019.69
2022-10-07 01:00:00,13.816666666666666,13.816666666666666,0.7,10.867500000000001,140.0,14.9086,0.0,1019.79
2022-10-07 02:00:00,13.805555555555555,13.805555555555555,0.71,13.218100000000002,136.0,14.168000000000003,0.0,1019.73
2022-10-07 03:00:00,13.311111111111112,13.311111111111112,0.77,6.295100000000001,131.0,14.9086,0.0,1019.77
2022-10-07 04:00:00,13.261111111111111,13.261111111111111,0.78,6.359500000000001,112.0,14.9086,0.0,1019.57
2022-10-07 05:00:00,12.838888888888889,12.838888888888889,0.86,4.2021,105.0,14.023100000000003,0.0,1019.59
2022-10-07 06:00:00,12.777777777777779,12.777777777777779,0.83,4.8783,91.0,9.9015,0.0,1019.49
2022-10-07 07:00:00,12.755555555555556,12.755555555555556,0.78,10.722600000000002,100.0,9.708300000000001,0.0,1019.69
2022-10-07 08:00:00,13.72777777777778,13.72777777777778,0.71,8.9999,109.0,9.7888,0.0,1020.0
2022-10-07 09:00:00,13.816666666666666,13.816666666666666,0.78,8.0983,139.0,9.982000000000001,0.0,1020.28
2022-10-07 10:00:00,14.949999999999998,14.949999999999998,0.68,11.237800000000002,120.0,9.982000000000001,0.0,1020.57
2022-10-07 11:00:00,16.099999999999998,16.099999999999998,0.68,16.856700000000004,147.0,10.3523,0.0,1020.58
2022-10-07 12:00:00,17.755555555555556,17.755555555555556,0.65,23.0713,159.0,9.982000000000001,0.0,1020.56
2022-10-07 13:00:00,17.82222222222222,17.82222222222222,0.6,23.489900000000002,150.0,9.982000000000001,0.0,1020.57
2022-10-07 14:00:00,18.850000000000005,18.850000000000005,0.57,19.9479,149.0,10.3523,0.0,1020.34
2022-10-07 15:00:00,18.927777777777774,18.927777777777774,0.61,17.1304,150.0,15.826300000000002,0.0,1019.86
2022-10-07 16:00:00,18.927777777777774,18.927777777777774,0.61,15.633100000000002,150.0,15.826300000000002,0.0,1019.67
2022-10-07 17:00:00,18.87222222222222,18.87222222222222,0.61,14.3934,140.0,15.3111,0.0,1019.78
2022-10-07 18:00:00,17.194444444444443,17.194444444444443,0.67,13.910400000000001,139.0,16.1,0.0,1019.93
2022-10-07 19:00:00,14.972222222222221,14.972222222222221,0.78,15.649200000000002,140.0,16.1,0.0,1020.36
2022-10-07 20:00:00,14.066666666666666,14.066666666666666,0.78,14.457800000000002,149.0,15.1823,0.0,1021.07
2022-10-07 21:00:00,12.844444444444443,12.844444444444443,0.83,15.616999999999999,159.0,16.1,0.0,1021.63
2022-10-07 22:00:00,12.799999999999999,12.799999999999999,0.81,13.9909,169.0,16.1,0.0,1022.02
2022-10-07 23:00:00,11.733333333333333,11.733333333333333,0.87,13.4757,149.0,15.1823,0.0,1021.87
2022-10-08 00:00:00,11.644444444444446,11.644444444444446,0.86,16.6152,160.0,16.0517,0.0,1021.95
2022-10-08 01:00:00,10.577777777777776,10.577777777777776,0.93,13.6689,159.0,15.922900000000002,0.0,1022.06
2022-10-08 02:00:00,10.5,10.5,0.9,13.234200000000001,149.0,14.9569,0.0,1021.87
2022-10-08 03:00:00,9.97777777777778,8.488888888888889,0.93,10.770900000000001,159.0,15.729700000000001,0.0,1021.85
2022-10-08 04:00:00,10.488888888888889,10.488888888888889,0.93,13.894300000000003,150.0,15.649200000000002,0.0,1021.48
2022-10-08 05:00:00,9.911111111111113,8.005555555555553,0.94,13.5562,139.0,14.876400000000002,0.0,1021.51
2022-10-08 06:00:00,9.961111111111112,8.222222222222221,0.93,12.4131,150.0,15.826300000000002,0.0,1021.58
2022-10-08 07:00:00,8.961111111111112,7.472222222222224,1.0,9.6117,150.0,9.982000000000001,0.0,1021.94
2022-10-08 08:00:00,11.055555555555555,11.055555555555555,0.94,12.976600000000001,138.0,9.982000000000001,0.0,1022.23
2022-10-08 09:00:00,12.733333333333334,12.733333333333334,0.9,20.076700000000002,160.0,14.9086,0.0,1022.55
2022-10-08 10:00:00,15.972222222222221,15.972222222222221,0.73,21.686700000000002,150.0,9.982000000000001,0.0,1022.64
2022-10-08 11:00:00,17.66111111111111,17.66111111111111,0.72,22.4112,150.0,10.577700000000002,0.0,1022.32
2022-10-08 12:00:00,18.766666666666666,18.766666666666666,0.66,20.253800000000002,151.0,16.1,0.0,1022.17
2022-10-08 13:00:00,19.833333333333332,19.833333333333332,0.64,17.114300000000004,150.0,16.1,0.0,1021.77
2022-10-08 14:00:00,21.15555555555555,21.15555555555555,0.56,15.439900000000002,158.0,15.552600000000002,0.0,1021.18
2022-10-08 15:00:00,21.055555555555557,21.055555555555557,0.58,17.259200000000003,160.0,16.1,0.0,1020.38
2022-10-08 16:00:00,22.1,22.1,0.54,20.253800000000002,150.0,16.1,0.0,1019.96
2022-10-08 17:00:00,21.083333333333332,21.083333333333332,0.58,15.1984,150.0,15.552600000000002,0.0,1019.6
2022-10-08 18:00:00,18.883333333333333,18.883333333333333,0.68,15.375500000000002,150.0,16.1,0.0,1019.45
2022-10-08 19:00:00,17.17222222222222,17.17222222222222,0.73,19.6581,150.0,16.1,0.0,1019.65
2022-10-08 20:00:00,16.166666666666668,16.166666666666668,0.78,19.046300000000002,151.0,15.1823,0.0,1020.24
2022-10-08 21:00:00,14.044444444444444,14.044444444444444,0.83,17.114300000000004,160.0,16.1,0.0,1020.42
2022-10-08 22:00:00,14.005555555555556,14.005555555555556,0.83,14.312900000000003,160.0,16.1,0.0,1020.8
2022-10-08 23:00:00,12.988888888888889,12.988888888888889,0.86,11.253900000000002,159.0,15.1823,0.0,1020.65
2022-10-09 00:00:00,12.82777777777778,12.82777777777778,0.86,14.1358,160.0,16.0517,0.0,1020.33
2022-10-09 01:00:00,12.266666666666666,12.266666666666666,0.9,14.1519,150.0,16.0517,0.0,1020.23
2022-10-09 02:00:00,12.255555555555556,12.255555555555556,0.91,16.180500000000002,150.0,14.9569,0.0,1020.2
2022-10-09 03:00:00,12.200000000000001,12.200000000000001,0.9,16.985500000000002,150.0,15.826300000000002,0.0,1019.76
2022-10-09 04:00:00,11.600000000000001,11.600000000000001,0.93,16.985500000000002,140.0,15.826300000000002,0.0,1019.49
2022-10-09 05:00:00,11.705555555555556,11.705555555555556,0.93,13.1537,158.0,14.9569,0.0,1019.61
2022-10-09 06:00:00,12.127777777777776,12.127777777777776,0.87,14.039200000000001,150.0,15.826300000000002,0.0,1019.46
2022-10-09 07:00:00,11.08888888888889,11.08888888888889,0.93,15.504300000000002,150.0,15.729700000000001,0.0,1019.65
2022-10-09 08:00:00,12.63888888888889,12.63888888888889,0.91,13.363000000000001,149.0,14.0875,0.0,1020.08
2022-10-09 09:00:00,14.883333333333333,14.883333333333333,0.84,20.2055,150.0,15.826300000000002,0.0,1020.26
2022-10-09 10:00:00,17.15,17.15,0.73,20.0606,160.0,16.0517,0.0,1020.36
2022-10-09 11:00:00,18.850000000000005,18.850000000000005,0.67,18.998,168.0,15.552600000000002,0.0,1020.29
2022-10-09 12:00:00,21.083333333333332,21.083333333333332,0.59,14.296800000000003,169.0,16.1,0.0,1020.04
2022-10-09 13:00:00,22.266666666666666,22.266666666666666,0.59,17.436300000000003,151.0,16.1,0.0,1019.55
2022-10-09 14:00:00,23.000000000000004,23.000000000000004,0.52,16.711800000000004,151.0,15.552600000000002,0.0,1019.16
2022-10-09 15:00:00,23.905555555555555,23.905555555555555,0.5,15.971200000000001,150.0,16.1,0.0,1018.45
2022-10-09 16:00:00,23.905555555555555,23.905555555555555,0.5,15.922900000000002,151.0,16.1,0.0,1018.12
2022-10-09 17:00:00,22.927777777777774,22.927777777777774,0.52,15.729700000000001,149.0,15.552600000000002,0.0,1017.78
2022-10-09 18:00:00,20.11111111111111,20.11111111111111,0.63,12.397,150.0,16.1,0.0,1017.56
2022-10-09 19:00:00,18.83888888888889,18.83888888888889,0.73,15.375500000000002,140.0,16.1,0.0,1018.04
2022-10-09 20:00:00,17.355555555555558,17.355555555555558,0.75,19.014100000000003,150.0,15.1823,0.0,1018.33
2022-10-09 21:00:00,16.15555555555555,16.15555555555555,0.78,16.985500000000002,150.0,16.1,0.0,1018.9
2022-10-09 22:00:00,15.577777777777776,15.577777777777776,0.81,16.985500000000002,150.0,16.0517,0.0,1018.93
2022-10-09 23:00:00,14.472222222222221,14.472222222222221,0.84,16.0517,150.0,15.021300000000002,0.0,1019.16
2022-10-10 00:00:00,13.91111111111111,13.91111111111111,0.86,13.7977,161.0,15.826300000000002,0.0,1019.24
2022-10-10 01:00:00,13.266666666666667,13.266666666666667,0.87,13.7172,150.0,15.729700000000001,0.0,1019.26
2022-10-10 02:00:00,12.772222222222224,12.772222222222224,0.91,10.626,158.0,14.0875,0.0,1019.5
2022-10-10 03:00:00,12.177777777777779,12.177777777777779,0.9,14.007,169.0,14.7637,0.0,1019.43
2022-10-10 04:00:00,12.177777777777779,12.177777777777779,0.9,14.023100000000003,160.0,14.7637,0.0,1019.15
2022-10-10 05:00:00,12.044444444444444,12.044444444444444,0.91,12.8961,157.0,14.0553,0.0,1019.11
2022-10-10 06:00:00,12.200000000000001,12.200000000000001,0.93,15.375500000000002,150.0,14.731500000000002,0.0,1019.05
2022-10-10 07:00:00,12.200000000000001,12.200000000000001,0.93,12.6868,160.0,7.905100000000001,0.0,1019.05
2022-10-10 08:00:00,13.61111111111111,13.61111111111111,0.91,15.729700000000001,159.0,9.9015,0.0,1019.44
2022-10-10 09:00:00,15.955555555555556,15.955555555555556,0.82,20.076700000000002,160.0,9.9015,0.0,1019.85
2022-10-10 10:00:00,17.755555555555556,17.755555555555556,0.78,20.0606,170.0,11.9784,0.0,1020.04
2022-10-10 11:00:00,20.061111111111114,20.061111111111114,0.67,16.1966,170.0,15.520400000000002,0.0,1020.02
2022-10-10 12:00:00,22.266666666666666,22.266666666666666,0.59,15.552600000000002,151.0,16.1,0.0,1019.74
2022-10-10 13:00:00,23.95555555555556,23.95555555555556,0.57,15.729700000000001,151.0,16.1,0.0,1019.23
2022-10-10 14:00:00,25.07222222222222,25.07222222222222,0.48,15.005200000000002,155.0,15.552600000000002,0.0,1018.62
2022-10-10 15:00:00,26.15555555555555,26.15555555555555,0.47,16.840600000000002,162.0,16.1,0.0,1018.15
2022-10-10 16:00:00,25.08888888888889,25.08888888888889,0.47,15.423800000000002,151.0,16.1,0.0,1017.75
2022-10-10 17:00:00,24.08333333333333,24.08333333333333,0.48,11.6081,152.0,15.552600000000002,0.0,1017.82
2022-10-10 18:00:00,21.2,21.2,0.63,12.2682,150.0,16.1,0.0,1018.04
2022-10-10 19:00:00,20.022222222222226,20.022222222222226,0.66,11.0607,151.0,16.1,0.0,1018.24
2022-10-10 20:00:00,18.033333333333328,18.033333333333328,0.76,11.9945,134.0,15.552600000000002,0.0,1018.43
2022-10-10 21:00:00,17.644444444444442,17.644444444444442,0.78,19.6581,160.0,16.1,0.0,1018.75
2022-10-10 22:00:00,17.505555555555553,17.505555555555553,0.76,16.4703,160.0,16.1,0.0,1018.87
2022-10-10 23:00:00,16.427777777777777,16.427777777777777,0.8,15.7458,160.0,14.9569,0.0,1019.02
2022-10-11 00:00:00,15.444444444444445,15.444444444444445,0.85,10.722600000000002,169.0,15.826300000000002,0.0,1019.06
2022-10-11 01:00:00,14.355555555555558,14.355555555555558,0.88,14.329,160.0,15.729700000000001,0.0,1018.76
2022-10-11 02:00:00,13.75,13.75,0.91,10.384500000000001,148.0,14.0553,0.0,1018.9
2022-10-11 03:00:00,13.244444444444447,13.244444444444447,0.87,11.125100000000002,150.0,14.731500000000002,0.0,1018.57
2022-10-11 04:00:00,12.711111111111112,12.711111111111112,0.9,11.270000000000001,150.0,11.753,0.0,1018.46
2022-10-11 05:00:00,12.188888888888888,12.188888888888888,0.94,10.4006,139.0,11.4954,0.0,1018.4
2022-10-11 06:00:00,12.155555555555557,12.155555555555557,0.93,9.2897,140.0,11.753,0.0,1018.17
2022-10-11 07:00:00,12.155555555555557,12.155555555555557,0.94,9.2897,141.0,8.8389,0.0,1018.08
2022-10-11 08:00:00,12.7,12.7,0.91,10.2718,138.0,9.338000000000001,0.0,1018.31
2022-10-11 09:00:00,16.0,16.0,0.79,20.076700000000002,150.0,14.812,0.0,1018.37
2022-10-11 10:00:00,17.755555555555556,17.755555555555556,0.73,21.541800000000002,150.0,14.9086,0.0,1018.35
2022-10-11 11:00:00,20.077777777777776,20.077777777777776,0.63,15.552600000000002,165.0,15.150100000000002,0.0,1017.91
2022-10-11 12:00:00,22.199999999999996,22.199999999999996,0.59,14.023100000000003,151.0,16.0517,0.0,1017.76
2022-10-11 13:00:00,23.83888888888889,23.83888888888889,0.54,12.6868,151.0,16.0517,0.0,1017.26
2022-10-11 14:00:00,24.133333333333333,24.133333333333333,0.52,13.6045,151.0,15.552600000000002,0.0,1016.67
2022-10-11 15:00:00,24.994444444444444,24.994444444444444,0.47,15.584800000000001,151.0,16.1,0.0,1016.06
2022-10-11 16:00:00,25.016666666666666,25.016666666666666,0.5,14.2807,151.0,16.1,0.0,1015.66
2022-10-11 17:00:00,23.144444444444442,23.144444444444442,0.54,9.4829,158.0,15.552600000000002,0.0,1015.26
2022-10-11 18:00:00,19.13888888888889,19.13888888888889,0.68,9.305800000000001,149.0,16.1,0.0,1015.25
2022-10-11 19:00:00,17.36111111111111,17.36111111111111,0.75,9.2897,141.0,16.0517,0.0,1015.36
2022-10-11 20:00:00,17.477777777777778,17.477777777777778,0.75,9.4829,134.0,15.150100000000002,0.0,1015.32
2022-10-11 21:00:00,16.116666666666664,16.116666666666664,0.81,10.7387,140.0,16.0517,0.0,1015.57
2022-10-11 22:00:00,17.044444444444444,17.044444444444444,0.76,11.125100000000002,150.0,16.0517,0.0,1015.69
2022-10-11 23:00:00,15.977777777777776,15.977777777777776,0.82,10.6099,160.0,14.9569,0.0,1016.14
2022-10-12 00:00:00,15.399999999999999,15.399999999999999,0.82,10.8997,160.0,15.729700000000001,0.0,1016.19
2022-10-12 01:00:00,14.31111111111111,14.31111111111111,0.88,10.5616,169.0,14.6832,0.0,1016.08
2022-10-12 02:00:00,13.744444444444447,13.744444444444447,0.88,10.6099,159.0,13.9748,0.0,1016.34
2022-10-12 03:00:00,13.28888888888889,13.28888888888889,0.9,10.577700000000002,159.0,11.753,0.0,1016.26
2022-10-12 04:00:00,12.777777777777779,12.777777777777779,0.9,10.787,149.0,9.7566,0.0,1016.36
2022-10-12 05:00:00,12.233333333333336,12.233333333333336,0.94,10.642100000000001,140.0,8.227100000000002,0.0,1016.35
2022-10-12 06:00:00,12.177777777777779,12.177777777777779,0.93,9.080400000000001,169.0,6.0697,0.0,1016.38
2022-10-12 07:00:00,11.161111111111113,11.161111111111113,1.0,10.9158,151.0,6.021400000000001,0.0,1016.48
2022-10-12 08:00:00,12.66111111111111,12.66111111111111,0.91,9.7888,157.0,8.2593,0.0,1016.75
2022-10-12 09:00:00,14.97777777777778,14.97777777777778,0.84,12.2682,170.0,9.9015,0.0,1016.88
2022-10-12 10:00:00,17.31111111111111,17.31111111111111,0.75,10.851400000000002,171.0,14.812,0.0,1017.15
2022-10-12 11:00:00,20.077777777777776,20.077777777777776,0.68,8.8711,154.0,15.150100000000002,0.0,1017.01
2022-10-12 12:00:00,22.266666666666666,22.266666666666666,0.59,7.5187,143.0,16.1,0.0,1016.68
2022-10-12 13:00:00,23.86111111111111,23.86111111111111,0.58,7.615300000000001,175.0,16.1,0.0,1016.09
2022-10-12 14:00:00,25.900000000000002,25.900000000000002,0.47,5.2325,200.0,15.552600000000002,0.0,1015.55
2022-10-12 15:00:00,26.06111111111111,26.06111111111111,0.48,9.2897,201.0,16.1,0.0,1015.2
2022-10-12 16:00:00,26.016666666666666,26.016666666666666,0.45,3.3971,213.0,16.1,0.0,1014.91
2022-10-12 17:00:00,24.922222222222224,24.922222222222224,0.5,5.2486,235.0,15.552600000000002,0.0,1014.88
2022-10-12 18:00:00,20.08888888888889,20.08888888888889,0.68,0.3703,290.0,16.1,0.0,1014.92
2022-10-12 19:00:00,17.21666666666667,17.21666666666667,0.87,4.4758,189.0,16.0517,0.0,1015.4
2022-10-12 20:00:00,15.58888888888889,15.58888888888889,0.86,3.3488,180.0,14.9569,0.0,1015.48
2022-10-12 21:00:00,14.97777777777778,14.97777777777778,0.93,3.22,170.0,15.729700000000001,0.0,1015.81
2022-10-12 22:00:00,15.394444444444446,15.394444444444446,0.88,3.22,200.0,15.552600000000002,0.0,1016.01
2022-10-12 23:00:00,14.033333333333331,14.033333333333331,0.93,3.3488,215.0,14.715400000000002,0.0,1016.08
2022-10-13 00:00:00,13.244444444444447,13.244444444444447,0.96,3.1395,188.0,14.586600000000002,0.0,1016.1
2022-10-13 01:00:00,12.68888888888889,12.68888888888889,0.93,3.0751,160.0,11.543700000000001,0.0,1015.9
2022-10-13 02:00:00,12.811111111111112,12.811111111111112,0.96,3.1234,163.0,11.3022,0.0,1016.07
2022-10-13 03:00:00,11.688888888888888,11.688888888888888,0.96,3.22,180.0,11.543700000000001,0.0,1015.79
2022-10-13 04:00:00,12.63888888888889,12.63888888888889,1.0,6.295100000000001,149.0,11.543700000000001,0.0,1015.39
2022-10-13 05:00:00,11.77222222222222,11.77222222222222,0.99,6.1341,131.0,9.6117,0.0,1015.41
2022-10-13 06:00:00,12.149999999999999,12.149999999999999,0.94,7.9373000000000005,139.0,5.8443000000000005,0.0,1015.09
2022-10-13 07:00:00,12.17222222222222,12.17222222222222,0.93,12.3004,140.0,3.864,0.0,1015.15
2022-10-13 08:00:00,13.755555555555553,13.755555555555553,0.94,7.711900000000001,155.0,3.5903,0.0,1015.21
2022-10-13 09:00:00,16.06666666666667,16.06666666666667,0.88,9.5312,178.0,6.1985,0.0,1015.28
2022-10-13 10:00:00,18.911111111111115,18.911111111111115,0.78,11.1734,151.0,6.295100000000001,0.0,1015.37
2022-10-13 11:00:00,22.09444444444444,22.09444444444444,0.68,10.770900000000001,172.0,8.0822,0.0,1015.28
2022-10-13 12:00:00,23.911111111111115,23.911111111111115,0.62,12.863900000000001,161.0,8.372000000000002,0.0,1014.93
2022-10-13 13:00:00,25.04444444444444,25.04444444444444,0.54,15.922900000000002,161.0,11.9784,0.0,1014.32
2022-10-13 14:00:00,26.088888888888885,26.088888888888885,0.49,20.4309,172.0,12.2843,0.0,1013.33
2022-10-13 15:00:00,26.15555555555555,26.15555555555555,0.47,17.243100000000002,171.0,15.1823,0.0,1012.65
2022-10-13 16:00:00,26.15555555555555,26.15555555555555,0.47,15.649200000000002,182.0,16.1,0.0,1012.14
2022-10-13 17:00:00,24.15,24.15,0.56,10.835300000000002,176.0,15.552600000000002,0.0,1011.77
2022-10-13 18:00:00,21.25,21.25,0.67,10.7548,151.0,16.1,0.0,1011.75
2022-10-13 19:00:00,20.04444444444444,20.04444444444444,0.73,10.722600000000002,160.0,12.2521,0.0,1011.78
2022-10-13 20:00:00,19.07777777777778,19.07777777777778,0.73,9.048200000000001,171.0,11.914000000000001,0.0,1012.04
2022-10-13 21:00:00,17.17777777777778,17.17777777777778,0.81,9.2575,170.0,12.2521,0.0,1012.17
2022-10-13 22:00:00,16.688888888888886,16.688888888888886,0.81,6.5044,170.0,10.255700000000001,0.0,1012.35
2022-10-13 23:00:00,15.92777777777778,15.92777777777778,0.86,6.6493,151.0,10.1752,0.0,1012.11
2022-10-14 00:00:00,17.016666666666666,17.016666666666666,0.79,10.770900000000001,159.0,9.9015,0.0,1011.88
2022-10-14 01:00:00,16.57222222222222,16.57222222222222,0.82,10.867500000000001,140.0,9.9015,0.0,1011.87
2022-10-14 02:00:00,17.02777777777778,17.02777777777778,0.83,11.3022,151.0,9.9015,0.0,1011.94
2022-10-14 03:00:00,15.883333333333335,15.883333333333335,0.88,6.1019000000000005,179.0,8.05,0.0,1011.98
2022-10-14 04:00:00,14.88888888888889,14.88888888888889,0.9,11.270000000000001,150.0,6.118,0.0,1011.85
2022-10-14 05:00:00,15.02222222222222,15.02222222222222,0.93,10.0786,162.0,6.5849,0.0,1011.57
2022-10-14 06:00:00,14.883333333333333,14.883333333333333,0.88,11.125100000000002,170.0,5.892600000000001,0.0,1010.83
2022-10-14 07:00:00,12.755555555555556,12.755555555555556,0.96,4.9105,170.0,5.8765,0.0,1011.77
2022-10-14 08:00:00,15.094444444444447,15.094444444444447,0.93,5.2003,173.0,5.2003,0.0,1012.18
2022-10-14 09:00:00,17.788888888888884,17.788888888888884,0.84,7.953400000000001,190.0,6.166300000000001,0.0,1012.16
2022-10-14 10:00:00,21.16111111111111,21.16111111111111,0.72,9.4829,184.0,8.420300000000001,0.0,1012.34
2022-10-14 11:00:00,24.67777777777778,24.67777777777778,0.54,13.620600000000001,232.0,10.577700000000002,0.0,1012.57
2022-10-14 12:00:00,27.061111111111106,26.988888888888887,0.42,20.1733,241.0,15.826300000000002,0.0,1012.46
2022-10-14 13:00:00,27.083333333333332,26.90555555555556,0.4,17.6456,261.0,15.826300000000002,0.0,1011.86
2022-10-14 14:00:00,26.966666666666672,26.900000000000002,0.41,19.2234,244.0,15.552600000000002,0.0,1011.49
2022-10-14 15:00:00,27.58888888888889,27.355555555555554,0.41,14.312900000000003,253.0,16.1,0.0,1011.0
2022-10-14 16:00:00,26.03888888888889,26.03888888888889,0.45,12.397,280.0,16.1,0.0,1011.08
2022-10-14 17:00:00,24.099999999999998,24.099999999999998,0.49,7.3899,253.0,15.552600000000002,0.0,1011.06
2022-10-14 18:00:00,22.10555555555556,22.10555555555556,0.6,7.8084999999999996,241.0,10.255700000000001,0.0,1011.08
2022-10-14 19:00:00,20.877777777777776,20.877777777777776,0.64,9.016,221.0,16.0517,0.0,1011.2
2022-10-14 20:00:00,19.12777777777778,19.12777777777778,0.71,4.1538,255.0,14.9569,0.0,1011.72
2022-10-14 21:00:00,17.105555555555554,17.105555555555554,0.82,3.22,230.0,9.982000000000001,0.0,1011.61
2022-10-14 22:00:00,17.055555555555557,17.055555555555557,0.82,3.22,210.0,15.826300000000002,0.0,1011.73
2022-10-14 23:00:00,17.22222222222222,17.22222222222222,0.87,4.1699,301.0,6.8425,0.0,1011.89
2022-10-15 00:00:00,16.961111111111112,16.961111111111112,0.85,10.706500000000002,191.0,8.05,0.0,1011.72
2022-10-15 01:00:00,16.427777777777777,16.427777777777777,0.94,3.22,110.0,7.905100000000001,0.0,1011.71
2022-10-15 02:00:00,15.533333333333335,15.533333333333335,0.95,2.5760000000000005,172.0,8.2593,0.0,1011.67
2022-10-15 03:00:00,14.877777777777778,14.877777777777778,0.96,6.44,140.0,7.905100000000001,0.0,1011.12
2022-10-15 04:00:00,14.81111111111111,14.81111111111111,0.96,3.22,180.0,7.905100000000001,0.0,1010.84
2022-10-15 05:00:00,15.105555555555554,15.105555555555554,0.96,3.2683,136.0,8.227100000000002,0.0,1011.13
2022-10-15 06:00:00,14.883333333333333,14.883333333333333,0.93,7.3255,140.0,7.905100000000001,0.0,1011.01
2022-10-15 07:00:00,14.927777777777777,14.927777777777777,0.93,7.615300000000001,156.0,7.824600000000001,0.0,1010.21
2022-10-15 08:00:00,16.87777777777778,16.87777777777778,0.83,7.422100000000001,141.0,11.4471,0.0,1009.79
2022-10-15 09:00:00,17.03888888888889,17.03888888888889,0.88,4.8944,197.0,9.6439,0.0,1009.81
2022-10-15 10:00:00,16.97222222222222,16.97222222222222,0.94,7.357700000000001,200.0,9.595600000000001,0.0,1009.44
2022-10-15 11:00:00,17.205555555555556,17.205555555555556,0.88,10.6904,0.0,7.8084999999999996,0.0,1010.78
2022-10-15 12:00:00,17.083333333333332,17.083333333333332,0.94,8.8228,13.0,9.6761,0.0,1010.75
2022-10-15 13:00:00,17.127777777777776,17.127777777777776,0.94,4.4436,85.0,9.7566,0.0,1009.79
2022-10-15 14:00:00,17.344444444444445,17.344444444444445,0.92,8.6779,234.0,7.840700000000001,0.0,1009.84
2022-10-15 15:00:00,17.17777777777778,17.17777777777778,0.93,9.5312,182.0,9.982000000000001,0.0,1009.75
2022-10-15 16:00:00,17.17777777777778,17.17777777777778,0.88,10.9319,210.0,9.982000000000001,0.0,1009.6
2022-10-15 17:00:00,17.183333333333334,17.183333333333334,0.88,6.2468,217.0,10.3523,0.0,1009.92
2022-10-15 18:00:00,15.072222222222223,15.072222222222223,0.99,5.119800000000001,191.0,9.982000000000001,0.0,1009.67
2022-10-15 19:00:00,16.06666666666667,16.06666666666667,0.88,9.563400000000001,201.0,14.9086,0.0,1010.07
2022-10-15 20:00:00,15.18333333333333,15.18333333333333,0.93,10.110800000000001,186.0,14.168000000000003,0.0,1010.45
2022-10-15 21:00:00,14.955555555555557,14.955555555555557,0.93,4.652900000000001,182.0,14.9086,0.0,1010.18
2022-10-15 22:00:00,14.466666666666665,14.466666666666665,0.96,6.1019000000000005,172.0,11.9784,0.0,1010.09
2022-10-15 23:00:00,14.705555555555556,14.705555555555556,0.94,6.9713,182.0,11.688600000000001,0.0,1010.16
2022-10-16 00:00:00,13.916666666666664,13.916666666666664,0.96,3.0268,187.0,11.9784,0.0,1009.98
2022-10-16 01:00:00,13.93888888888889,13.93888888888889,0.96,3.3649,214.0,11.801300000000001,0.0,1009.88
2022-10-16 02:00:00,14.600000000000001,14.600000000000001,0.96,6.5688,232.0,11.4954,0.0,1010.0
2022-10-16 03:00:00,14.422222222222224,14.422222222222224,0.96,3.3971,277.0,11.672500000000001,0.0,1009.79
2022-10-16 04:00:00,14.422222222222224,14.422222222222224,0.96,6.3434,202.0,9.6761,0.0,1009.6
2022-10-16 05:00:00,14.266666666666667,14.266666666666667,0.96,3.9767000000000006,217.0,9.708300000000001,0.0,1009.5
2022-10-16 06:00:00,14.972222222222221,14.972222222222221,0.94,4.7495,261.0,3.059,0.0,1009.71
2022-10-16 07:00:00,14.927777777777777,14.927777777777777,1.0,7.8729,242.0,4.3631,0.0,1009.81
2022-10-16 08:00:00,15.144444444444442,15.144444444444442,1.0,5.1359,260.0,4.3309,0.0,1010.64
2022-10-16 09:00:00,16.016666666666666,16.016666666666666,0.93,4.7495,336.0,4.3631,0.0,1010.7
2022-10-16 10:00:00,16.11111111111111,16.11111111111111,0.93,1.7549000000000001,340.0,4.4275,0.0,1011.19
2022-10-16 11:00:00,16.283333333333335,16.283333333333335,0.99,0.9499,96.0,4.4919,0.0,1011.21
2022-10-16 12:00:00,16.13888888888889,16.13888888888889,0.99,4.4114,337.0,4.6207,0.0,1011.22
2022-10-16 13:00:00,17.200000000000003,17.200000000000003,0.93,8.05,250.0,4.2021,0.0,1011.01
2022-10-16 14:00:00,17.772222222222226,17.772222222222226,0.96,3.5098000000000003,268.0,6.7781,0.0,1010.83
2022-10-16 15:00:00,19.90555555555555,19.90555555555555,0.78,7.905100000000001,300.0,8.1305,0.0,1011.02
2022-10-16 16:00:00,19.95555555555556,19.95555555555556,0.77,4.6046000000000005,309.0,9.982000000000001,0.0,1010.8
2022-10-16 17:00:00,18.02777777777778,18.02777777777778,0.83,7.3416,274.0,10.2235,0.0,1010.95
2022-10-16 18:00:00,15.116666666666667,15.116666666666667,0.93,4.6851,278.0,16.0517,0.0,1011.51
2022-10-16 19:00:00,14.005555555555556,14.005555555555556,0.93,4.9588,229.0,10.2074,0.0,1012.47
2022-10-16 20:00:00,14.22777777777778,14.22777777777778,0.93,3.2844,225.0,10.0625,0.0,1012.18
2022-10-16 21:00:00,12.894444444444446,12.894444444444446,0.96,3.5742000000000007,229.0,8.1305,0.0,1012.88
2022-10-16 22:00:00,12.894444444444446,12.894444444444446,0.96,3.4132000000000002,202.0,7.4543,0.0,1013.35
2022-10-16 23:00:00,13.672222222222222,13.672222222222222,0.96,5.796,156.0,5.7316,0.0,1013.24
2022-10-17 00:00:00,12.894444444444446,12.894444444444446,0.96,6.1341,171.0,4.8461,0.0,1012.97
2022-10-17 01:00:00,12.894444444444446,12.894444444444446,0.96,6.1502,190.0,4.7495,0.0,1013.16
2022-10-17 02:00:00,14.205555555555556,14.205555555555556,0.96,6.327300000000001,182.0,5.152000000000001,0.0,1012.92
2022-10-17 03:00:00,13.961111111111112,13.961111111111112,0.96,6.488300000000001,171.0,8.1305,0.0,1012.48
2022-10-17 04:00:00,14.488888888888887,14.488888888888887,0.96,6.1341,161.0,8.1305,0.0,1012.17
2022-10-17 05:00:00,15.155555555555557,15.155555555555557,0.96,10.787,192.0,8.420300000000001,0.0,1011.71
2022-10-17 06:00:00,14.97777777777778,14.97777777777778,0.93,9.466800000000001,192.0,4.2987,0.0,1011.4
2022-10-17 07:00:00,14.97777777777778,14.97777777777778,1.0,9.160900000000002,212.0,6.1985,0.0,1010.99
2022-10-17 08:00:00,16.094444444444445,16.094444444444445,0.94,8.227100000000002,222.0,6.7781,0.0,1011.31
2022-10-17 09:00:00,16.06666666666667,16.06666666666667,0.93,10.948,232.0,7.1323,0.0,1011.22
2022-10-17 10:00:00,17.105555555555554,17.105555555555554,0.88,9.0965,249.0,7.905100000000001,0.0,1011.6
2022-10-17 11:00:00,17.255555555555556,17.255555555555556,0.93,10.0947,231.0,8.5169,0.0,1011.77
2022-10-17 12:00:00,17.127777777777776,17.127777777777776,0.94,7.6796999999999995,220.0,5.9248,0.0,1011.87
2022-10-17 13:00:00,17.17222222222222,17.17222222222222,0.93,3.22,170.0,6.021400000000001,0.0,1011.08
2022-10-17 14:00:00,17.266666666666666,17.266666666666666,0.99,4.395300000000001,177.0,6.5849,0.0,1010.69
2022-10-17 15:00:00,17.75,17.75,0.97,8.8389,200.0,5.9731000000000005,0.0,1010.1
2022-10-17 16:00:00,17.650000000000002,17.650000000000002,0.97,9.595600000000001,190.0,5.9731000000000005,0.0,1009.74
2022-10-17 17:00:00,17.872222222222224,17.872222222222224,0.96,8.420300000000001,308.0,9.982000000000001,0.0,1010.03
2022-10-17 18:00:00,13.883333333333335,13.883333333333335,0.93,31.2018,349.0,8.372000000000002,0.0,1011.36
2022-10-17 19:00:00,12.799999999999999,12.799999999999999,0.96,14.812,320.0,10.255700000000001,0.0,1013.8
2022-10-17 20:00:00,12.888888888888891,12.888888888888891,0.96,16.0195,313.0,15.150100000000002,0.0,1015.38
2022-10-17 21:00:00,12.266666666666666,12.266666666666666,0.93,13.6045,301.0,16.1,0.0,1016.07
2022-10-17 22:00:00,12.244444444444444,12.244444444444444,0.93,14.651,291.0,16.1,0.0,1017.33
2022-10-17 23:00:00,12.188888888888888,12.188888888888888,0.93,13.363000000000001,282.0,15.1823,0.0,1017.85
2022-10-18 00:00:00,11.67222222222222,11.67222222222222,0.93,11.511500000000002,272.0,16.1,0.0,1018.93
2022-10-18 01:00:00,11.183333333333334,11.183333333333334,0.96,6.7620000000000005,283.0,16.0517,0.0,1019.52
2022-10-18 02:00:00,11.222222222222223,11.222222222222223,0.96,10.304000000000002,296.0,15.150100000000002,0.0,1020.07
2022-10-18 03:00:00,10.577777777777776,10.577777777777776,0.93,3.6869,291.0,15.826300000000002,0.0,1020.13
2022-10-18 04:00:00,10.65,10.65,0.96,11.3505,280.0,15.826300000000002,0.0,1020.06
2022-10-18 05:00:00,10.655555555555557,10.655555555555557,0.94,11.141200000000001,271.0,14.9569,0.0,1020.57
2022-10-18 06:00:00,10.027777777777777,10.027777777777777,0.93,9.595600000000001,289.0,15.826300000000002,0.0,1021.15
2022-10-18 07:00:00,10.072222222222223,10.072222222222223,1.0,9.595600000000001,299.0,15.826300000000002,0.0,1021.54
2022-10-18 08:00:00,12.111111111111109,12.111111111111109,0.93,9.177000000000001,298.0,15.150100000000002,0.0,1022.06
2022-10-18 09:00:00,14.883333333333333,14.883333333333333,0.84,20.4148,299.0,16.1,0.0,1022.47
2022-10-18 10:00:00,16.06666666666667,16.06666666666667,0.81,20.2699,328.0,9.982000000000001,0.0,1023.33
2022-10-18 11:00:00,17.59444444444445,17.59444444444445,0.73,19.7386,328.0,10.3523,0.0,1023.9
2022-10-18 12:00:00,18.81666666666667,18.81666666666667,0.68,20.1572,339.0,9.982000000000001,0.0,1024.24
2022-10-18 13:00:00,19.92777777777778,19.92777777777778,0.63,12.348700000000001,330.0,9.982000000000001,0.0,1024.24
2022-10-18 14:00:00,18.972222222222225,18.972222222222225,0.63,11.3022,5.0,10.3523,0.0,1024.26
2022-10-18 15:00:00,19.90555555555555,19.90555555555555,0.57,9.160900000000002,350.0,9.982000000000001,0.0,1024.61
2022-10-18 16:00:00,17.866666666666664,17.866666666666664,0.64,7.4704,28.0,9.982000000000001,0.0,1024.72
2022-10-18 17:00:00,17.36111111111111,17.36111111111111,0.7,4.4436,94.0,10.3523,0.0,1025.16
2022-10-18 18:00:00,14.044444444444444,14.044444444444444,0.89,3.0751,120.0,10.255700000000001,0.0,1025.7
2022-10-18 19:00:00,12.755555555555556,12.755555555555556,0.96,4.83,110.0,9.853200000000001,0.0,1026.5
2022-10-18 20:00:00,12.383333333333333,12.383333333333333,0.93,3.1717,117.0,14.844200000000003,0.0,1026.94
2022-10-18 21:00:00,10.994444444444444,10.994444444444444,0.93,3.22,80.0,14.6832,0.0,1027.51
2022-10-18 22:00:00,8.983333333333334,8.983333333333334,1.0,0.0,0.0,1.127,0.0,1028.01
2022-10-18 23:00:00,8.427777777777779,8.427777777777779,0.99,1.3846,191.0,1.9642000000000002,0.0,1028.53
2022-10-19 00:00:00,8.311111111111112,8.311111111111112,0.96,3.22,160.0,0.2898,0.0,1028.88
2022-10-19 01:00:00,8.77222222222222,8.77222222222222,0.96,3.2039,139.0,0.3703,0.0,1028.8
2022-10-19 02:00:00,7.677777777777777,7.677777777777777,0.96,3.1878,132.0,2.7692,0.0,1028.78
2022-10-19 03:00:00,6.761111111111112,6.761111111111112,1.0,3.22,160.0,1.449,0.0,1028.7
2022-10-19 04:00:00,7.272222222222224,6.277777777777776,1.0,6.2468,101.0,1.449,0.0,1028.21
2022-10-19 05:00:00,6.416666666666665,6.416666666666665,0.94,0.7084,266.0,0.6440000000000001,0.0,1028.13
2022-10-19 06:00:00,5.138888888888889,5.138888888888889,1.0,3.22,139.0,0.16100000000000003,0.0,1028.1
2022-10-19 07:00:00,5.138888888888889,5.138888888888889,1.0,1.5778,185.0,0.16100000000000003,0.0,1028.38
2022-10-19 08:00:00,7.73888888888889,7.73888888888889,0.97,2.8819000000000004,143.0,0.1449,0.0,1028.7
2022-10-19 09:00:00,10.0,10.0,0.94,3.4293,161.0,0.16100000000000003,0.0,1028.68
2022-10-19 10:00:00,11.294444444444444,11.294444444444444,1.0,5.0232,161.0,0.3381,0.0,1028.86
2022-10-19 11:00:00,15.233333333333336,15.233333333333336,0.84,9.338000000000001,166.0,6.230700000000001,0.0,1028.48
2022-10-19 12:00:00,16.805555555555557,16.805555555555557,0.74,11.141200000000001,152.0,10.0786,0.0,1028.15
2022-10-19 13:00:00,18.93333333333333,18.93333333333333,0.61,14.1519,160.0,9.982000000000001,0.0,1027.46
2022-10-19 14:00:00,18.96111111111111,18.96111111111111,0.55,11.2056,151.0,10.3523,0.0,1026.95
2022-10-19 15:00:00,18.95555555555556,18.95555555555556,0.56,12.525800000000002,151.0,9.982000000000001,0.0,1026.17
2022-10-19 16:00:00,18.95555555555556,18.95555555555556,0.56,11.0607,160.0,15.826300000000002,0.0,1025.65
2022-10-19 17:00:00,17.45555555555556,17.45555555555556,0.61,8.0017,149.0,15.552600000000002,0.0,1025.24
2022-10-19 18:00:00,14.044444444444444,14.044444444444444,0.77,10.867500000000001,132.0,16.1,0.0,1024.92
2022-10-19 19:00:00,12.82777777777778,12.82777777777778,0.83,10.770900000000001,131.0,16.1,0.0,1024.75
2022-10-19 20:00:00,11.561111111111112,11.561111111111112,0.85,7.856800000000001,128.0,15.150100000000002,0.0,1024.33
2022-10-19 21:00:00,9.072222222222221,9.072222222222221,0.93,4.6851,150.0,15.922900000000002,0.0,1024.35
2022-10-19 22:00:00,9.049999999999999,8.294444444444444,0.93,6.3756,151.0,14.9086,0.0,1024.08
2022-10-19 23:00:00,8.06666666666667,8.06666666666667,0.95,3.3327,144.0,9.982000000000001,0.0,1024.18
2022-10-20 00:00:00,9.444444444444445,7.877777777777778,0.93,10.5938,150.0,9.8049,0.0,1023.49
2022-10-20 01:00:00,7.8500000000000005,7.8500000000000005,0.93,3.3971,143.0,9.8049,0.0,1023.0
2022-10-20 02:00:00,8.527777777777779,7.805555555555554,0.96,5.957000000000001,132.0,9.837100000000001,0.0,1022.62
2022-10-20 03:00:00,7.777777777777778,6.800000000000001,0.96,6.4722,142.0,6.118,0.0,1022.19
2022-10-20 04:00:00,7.755555555555556,6.766666666666667,0.96,6.488300000000001,151.0,5.9731000000000005,0.0,1021.87
2022-10-20 05:00:00,7.772222222222224,5.833333333333333,0.97,10.8031,151.0,6.5849,0.0,1021.45
2022-10-20 06:00:00,7.222222222222222,5.211111111111112,1.0,10.5938,160.0,3.9284000000000003,0.0,1021.07
2022-10-20 07:00:00,7.266666666666666,7.266666666666666,0.93,4.7012,170.0,2.9785000000000004,0.0,1020.68
2022-10-20 08:00:00,8.944444444444445,8.477777777777776,0.94,5.313,167.0,5.506200000000001,0.0,1020.92
2022-10-20 09:00:00,12.155555555555557,12.155555555555557,0.93,8.033900000000001,191.0,6.0697,0.0,1020.77
2022-10-20 10:00:00,15.072222222222223,15.072222222222223,0.83,9.209200000000001,183.0,7.084000000000001,0.0,1020.56
2022-10-20 11:00:00,17.744444444444444,17.744444444444444,0.73,12.332600000000001,222.0,8.6135,0.0,1020.18
2022-10-20 12:00:00,20.97222222222222,20.97222222222222,0.64,13.636700000000001,241.0,10.255700000000001,0.0,1020.08
2022-10-20 13:00:00,22.61111111111111,22.61111111111111,0.54,12.6868,261.0,12.2521,0.0,1019.11
2022-10-20 14:00:00,23.56666666666667,23.56666666666667,0.51,11.253900000000002,250.0,15.1823,0.0,1018.4
2022-10-20 15:00:00,24.833333333333332,24.833333333333332,0.48,12.654600000000002,299.0,16.1,0.0,1017.69
2022-10-20 16:00:00,23.86111111111111,23.86111111111111,0.5,9.563400000000001,279.0,16.1,0.0,1017.0
2022-10-20 17:00:00,22.15555555555555,22.15555555555555,0.58,9.3702,246.0,15.552600000000002,0.0,1016.91
2022-10-20 18:00:00,17.82222222222222,17.82222222222222,0.78,4.7978000000000005,201.0,16.1,0.0,1016.78
2022-10-20 19:00:00,16.183333333333334,16.183333333333334,0.87,7.8084999999999996,191.0,16.0517,0.0,1016.98
2022-10-20 20:00:00,15.277777777777779,15.277777777777779,0.92,4.7012,192.0,14.9569,0.0,1016.82
2022-10-20 21:00:00,14.011111111111111,14.011111111111111,0.93,9.563400000000001,201.0,15.826300000000002,0.0,1016.47
2022-10-20 22:00:00,13.988888888888889,13.988888888888889,0.93,6.391700000000001,192.0,10.2074,0.0,1016.07
2022-10-20 23:00:00,13.683333333333334,13.683333333333334,0.93,3.864,194.0,10.1752,0.0,1015.62
2022-10-21 00:00:00,12.877777777777778,12.877777777777778,0.93,6.4722,192.0,8.372000000000002,0.0,1014.96
2022-10-21 01:00:00,11.766666666666667,11.766666666666667,0.93,10.948,172.0,6.295100000000001,0.0,1014.57
2022-10-21 02:00:00,11.416666666666664,11.416666666666664,0.96,9.708300000000001,183.0,5.5384,0.0,1014.48
2022-10-21 03:00:00,11.694444444444443,11.694444444444443,0.93,6.1985,191.0,4.6690000000000005,0.0,1014.29
2022-10-21 04:00:00,10.605555555555558,10.605555555555558,0.96,10.7548,170.0,4.524100000000001,0.0,1013.6
2022-10-21 05:00:00,10.88888888888889,10.88888888888889,0.99,9.499,173.0,3.9445000000000006,0.0,1012.98
2022-10-21 06:00:00,10.094444444444445,10.094444444444445,1.0,8.05,170.0,3.9284000000000003,0.0,1012.41
2022-10-21 07:00:00,11.138888888888888,11.138888888888888,0.94,8.9999,172.0,3.4615,0.0,1012.23
2022-10-21 08:00:00,12.349999999999998,12.349999999999998,0.94,5.361300000000001,239.0,3.7996,0.0,1012.43
2022-10-21 09:00:00,13.850000000000001,13.850000000000001,1.0,7.824600000000001,283.0,6.1985,0.0,1012.82
2022-10-21 10:00:00,15.994444444444444,15.994444444444444,0.88,4.7334000000000005,286.0,6.295100000000001,0.0,1012.84
2022-10-21 11:00:00,16.15,16.15,0.87,3.7674,275.0,9.450700000000001,0.0,1012.6
2022-10-21 12:00:00,17.17222222222222,17.17222222222222,0.81,1.1592,220.0,8.1305,0.0,1012.5
2022-10-21 13:00:00,17.75,17.75,0.78,4.3631,64.0,9.982000000000001,0.0,1011.83
2022-10-21 14:00:00,18.011111111111113,18.011111111111113,0.77,3.7674,32.0,9.450700000000001,0.0,1011.18
2022-10-21 15:00:00,17.89444444444444,17.89444444444444,0.77,2.7531000000000003,27.0,9.982000000000001,0.0,1011.39
2022-10-21 16:00:00,17.84444444444445,17.84444444444445,0.77,9.048200000000001,338.0,14.9086,0.0,1010.62
2022-10-21 17:00:00,17.41111111111111,17.41111111111111,0.79,5.216400000000001,335.0,14.4095,0.0,1010.61
2022-10-21 18:00:00,16.083333333333332,16.083333333333332,0.86,1.449,346.0,15.1823,0.0,1010.29
2022-10-21 19:00:00,13.983333333333334,13.983333333333334,0.92,3.22,176.0,14.9086,0.0,1010.2
2022-10-21 20:00:00,14.038888888888891,14.038888888888891,0.93,0.5313000000000001,258.0,13.5562,0.0,1009.95
2022-10-21 21:00:00,13.838888888888887,13.838888888888887,0.93,3.059,160.0,14.7637,0.0,1009.48
2022-10-21 22:00:00,13.333333333333334,13.333333333333334,0.96,6.279,210.0,14.812,0.0,1009.05
2022-10-21 23:00:00,14.449999999999998,14.449999999999998,0.93,5.8443000000000005,130.0,11.688600000000001,0.0,1007.95
2022-10-22 00:00:00,14.349999999999998,14.349999999999998,0.93,10.448900000000002,140.0,14.9086,0.0,1006.88
2022-10-22 01:00:00,13.838888888888887,13.838888888888887,0.93,6.118,139.0,14.731500000000002,0.0,1006.16
2022-10-22 02:00:00,13.922222222222224,13.922222222222224,0.93,13.121500000000001,140.0,13.9748,0.0,1005.04
2022-10-22 03:00:00,13.838888888888887,13.838888888888887,0.91,13.234200000000001,139.0,14.5383,0.0,1003.6
2022-10-22 04:00:00,14.349999999999998,14.349999999999998,0.91,12.992700000000001,149.0,15.439900000000002,0.0,1002.04
2022-10-22 05:00:00,14.283333333333335,14.283333333333335,0.93,10.5616,139.0,9.837100000000001,0.0,1000.94
2022-10-22 06:00:00,9.955555555555556,5.8833333333333355,0.93,40.92620000000001,311.0,4.1699,0.0,1000.05
2022-10-22 07:00:00,8.916666666666664,5.233333333333334,1.0,29.2215,330.0,6.1985,0.0,1002.06
2022-10-22 08:00:00,9.016666666666664,5.727777777777779,0.93,24.5364,329.0,9.9015,0.0,1002.12
2022-10-22 09:00:00,9.86111111111111,6.611111111111111,0.87,27.209,310.0,9.7566,0.0,1002.18
2022-10-22 10:00:00,8.844444444444445,5.172222222222223,0.93,28.770700000000005,301.0,9.7566,0.0,1002.3
2022-10-22 11:00:00,7.96111111111111,3.8555555555555543,0.95,31.024700000000003,310.0,9.9015,0.0,1003.08
2022-10-22 12:00:00,8.894444444444442,4.955555555555557,0.89,32.7796,310.0,9.9015,0.0,1003.24
2022-10-22 13:00:00,8.916666666666664,5.5277777777777795,0.84,25.3897,301.0,9.982000000000001,0.0,1002.55
2022-10-22 14:00:00,8.072222222222223,5.244444444444444,0.95,17.404100000000003,274.0,9.982000000000001,0.0,1003.26
2022-10-22 15:00:00,9.97777777777778,7.027777777777777,0.77,23.779700000000002,291.0,9.982000000000001,0.0,1003.03
2022-10-22 16:00:00,8.961111111111112,5.711111111111112,0.83,23.9085,281.0,9.982000000000001,0.0,1003.79
2022-10-22 17:00:00,8.855555555555554,6.2666666666666675,0.83,17.066,288.0,9.982000000000001,0.0,1004.23
2022-10-22 18:00:00,8.866666666666667,6.216666666666665,0.77,17.5973,291.0,9.982000000000001,0.0,1004.5
2022-10-22 19:00:00,8.866666666666667,6.566666666666666,0.77,14.715400000000002,272.0,10.255700000000001,0.0,1005.3
2022-10-22 20:00:00,7.916666666666667,5.488888888888891,0.83,14.1036,289.0,14.9569,0.0,1005.28
2022-10-22 21:00:00,7.8500000000000005,4.461111111111112,0.83,22.0892,270.0,15.826300000000002,0.0,1005.42
2022-10-22 22:00:00,8.28888888888889,5.488888888888891,0.8,17.661700000000003,272.0,15.826300000000002,0.0,1005.9
2022-10-22 23:00:00,7.827777777777779,4.7111111111111095,0.83,19.448800000000002,290.0,14.9569,0.0,1005.48
2022-10-23 00:00:00,7.777777777777778,4.877777777777778,0.79,17.4202,281.0,15.826300000000002,0.0,1005.32
2022-10-23 01:00:00,7.777777777777778,5.305555555555554,0.79,14.168000000000003,301.0,15.826300000000002,0.0,1004.93
2022-10-23 02:00:00,7.361111111111111,5.338888888888889,0.83,10.8192,287.0,14.9569,0.0,1005.28
2022-10-23 03:00:00,7.266666666666666,5.183333333333333,0.83,11.0768,290.0,15.826300000000002,0.0,1005.12
2022-10-23 04:00:00,7.266666666666666,6.161111111111113,0.86,6.6332,281.0,15.826300000000002,0.0,1004.75
2022-10-23 05:00:00,7.311111111111109,6.2666666666666675,0.86,6.44,256.0,14.9569,0.0,1004.79
2022-10-23 06:00:00,7.755555555555556,7.755555555555556,0.89,4.8139,285.0,9.8049,0.0,1004.53
2022-10-23 07:00:00,7.244444444444444,5.505555555555554,0.93,9.2575,281.0,9.6761,0.0,1004.35
2022-10-23 08:00:00,7.727777777777776,7.727777777777776,0.89,4.5563,283.0,9.708300000000001,0.0,1004.63
2022-10-23 09:00:00,7.755555555555556,6.099999999999998,0.89,9.305800000000001,312.0,9.708300000000001,0.0,1005.52
2022-10-23 10:00:00,7.777777777777778,6.477777777777776,0.89,7.711900000000001,333.0,9.7566,0.0,1005.63
2022-10-23 11:00:00,8.738888888888887,7.294444444444445,0.85,9.209200000000001,356.0,9.2575,0.0,1005.53
2022-10-23 12:00:00,7.827777777777779,7.827777777777779,0.96,0.7567,22.0,8.1305,0.0,1006.04
2022-10-23 13:00:00,7.8500000000000005,5.955555555555555,0.96,10.6582,2.0,5.216400000000001,0.0,1006.73
2022-10-23 14:00:00,7.877777777777778,5.750000000000001,0.96,12.042800000000002,18.0,4.781700000000001,0.0,1005.56
2022-10-23 15:00:00,7.799999999999999,7.799999999999999,0.96,3.4293,9.0,6.9391,0.0,1006.14
2022-10-23 16:00:00,7.8500000000000005,5.911111111111111,0.96,10.8836,358.0,4.8461,0.0,1006.25
2022-10-23 17:00:00,7.838888888888889,5.744444444444446,0.97,11.817400000000001,349.0,4.8139,0.0,1005.84
2022-10-23 18:00:00,7.827777777777779,5.405555555555554,1.0,13.894300000000003,340.0,2.2057,0.0,1006.34
2022-10-23 19:00:00,7.922222222222221,5.277777777777778,1.0,15.681400000000002,341.0,4.2987,0.0,1005.8
2022-10-23 20:00:00,8.872222222222222,7.838888888888889,0.93,7.357700000000001,327.0,4.9105,0.0,1005.86
2022-10-23 21:00:00,8.93888888888889,8.93888888888889,0.99,3.9123000000000006,350.0,4.7495,0.0,1005.82
2022-10-23 22:00:00,10.511111111111113,10.511111111111113,0.96,25.212600000000002,40.0,4.5724,0.0,1006.1
2022-10-23 23:00:00,9.855555555555558,8.06666666666667,0.96,12.590200000000001,38.0,5.152000000000001,0.0,1007.1
2022-10-24 00:00:00,9.422222222222224,6.883333333333334,0.93,17.8227,22.0,4.2987,0.0,1007.32
2022-10-24 01:00:00,8.838888888888887,5.444444444444443,0.93,25.2448,21.0,5.216400000000001,0.0,1007.62
2022-10-24 02:00:00,8.311111111111112,4.988888888888887,0.94,22.7815,30.0,5.828200000000001,0.0,1008.38
2022-10-24 03:00:00,7.777777777777778,4.088888888888889,0.93,25.164300000000004,40.0,5.216400000000001,0.0,1008.9
2022-10-24 04:00:00,7.755555555555556,4.494444444444446,0.93,20.5758,30.0,4.2987,0.0,1009.39
2022-10-24 05:00:00,7.688888888888891,5.005555555555555,0.94,15.552600000000002,30.0,7.8729,0.0,1009.88
2022-10-24 06:00:00,7.733333333333334,5.0166666666666675,0.96,15.874600000000001,38.0,9.982000000000001,0.0,1010.5
2022-10-24 07:00:00,7.683333333333333,5.638888888888888,0.96,11.3183,30.0,3.1395,0.0,1011.2
2022-10-24 08:00:00,7.73888888888889,5.7055555555555575,0.96,11.3022,30.0,3.6386,0.0,1012.28
2022-10-24 09:00:00,7.733333333333334,5.744444444444446,0.96,11.0446,31.0,3.1073,0.0,1013.56
2022-10-24 10:00:00,7.733333333333334,5.7055555555555575,0.96,11.270000000000001,32.0,3.5581,0.0,1014.46
2022-10-24 11:00:00,7.8666666666666645,6.105555555555557,0.95,9.965900000000001,32.0,3.7996,0.0,1015.34
2022-10-24 12:00:00,7.705555555555555,5.683333333333332,1.0,11.2217,31.0,4.0733,0.0,1016.16
2022-10-24 13:00:00,8.722222222222223,6.916666666666668,0.93,11.1895,31.0,4.524100000000001,0.0,1016.55
2022-10-24 14:00:00,8.900000000000002,7.533333333333335,0.92,8.935500000000001,27.0,7.1967,0.0,1016.92
2022-10-24 15:00:00,8.77222222222222,6.933333333333332,0.93,11.4471,14.0,8.05,0.0,1017.26
2022-10-24 16:00:00,8.722222222222223,6.71111111111111,0.93,12.4936,22.0,6.9874,0.0,1017.57
2022-10-24 17:00:00,8.855555555555554,7.26111111111111,0.93,10.110800000000001,15.0,7.1967,0.0,1018.15
2022-10-24 18:00:00,8.699999999999998,6.655555555555554,0.94,12.654600000000002,31.0,5.9248,0.0,1018.39
2022-10-24 19:00:00,7.683333333333333,5.227777777777776,0.96,13.910400000000001,22.0,5.9087000000000005,0.0,1019.53
2022-10-24 20:00:00,7.872222222222224,5.405555555555554,0.96,14.296800000000003,23.0,4.6690000000000005,0.0,1019.84
2022-10-24 21:00:00,7.172222222222221,4.733333333333335,1.0,13.0571,41.0,1.2880000000000003,0.0,1020.36
2022-10-24 22:00:00,7.172222222222221,4.577777777777779,0.96,14.0875,21.0,0.9821000000000001,0.0,1021.25
2022-10-24 23:00:00,7.155555555555556,4.727777777777777,0.96,12.9444,9.0,1.0626000000000002,0.0,1021.64
2022-10-25 00:00:00,7.105555555555555,4.544444444444444,0.96,13.7494,21.0,1.4168,0.0,1022.06
2022-10-25 01:00:00,7.083333333333333,4.722222222222222,0.94,12.445300000000001,1.0,0.5474000000000001,0.0,1022.26
2022-10-25 02:00:00,6.683333333333334,4.555555555555557,0.96,10.6582,2.0,0.6923,0.0,1022.34
2022-10-25 03:00:00,6.55,3.433333333333333,0.96,16.7923,11.0,0.9016000000000002,0.0,1022.66
2022-10-25 04:00:00,6.038888888888888,2.3888888888888875,0.96,20.0606,11.0,1.6583,0.0,1022.48
2022-10-25 05:00:00,5.677777777777777,2.894444444444445,0.96,13.1376,8.0,4.1699,0.0,1022.61
2022-10-25 06:00:00,4.994444444444445,1.6499999999999995,0.93,15.729700000000001,0.0,9.982000000000001,0.0,1022.87
2022-10-25 07:00:00,4.994444444444445,2.2000000000000006,0.93,12.380900000000002,0.0,9.982000000000001,0.0,1023.07
2022-10-25 08:00:00,5.999999999999998,5.999999999999998,0.88,3.9123000000000006,32.0,9.2897,0.0,1024.05
2022-10-25 09:00:00,6.0888888888888895,4.122222222222224,0.87,9.321900000000001,29.0,10.255700000000001,0.0,1024.83
2022-10-25 10:00:00,7.200000000000001,4.894444444444446,0.8,12.2521,352.0,10.255700000000001,0.0,1024.67
2022-10-25 11:00:00,8.622222222222225,7.349999999999998,0.79,8.2432,344.0,9.853200000000001,0.0,1025.14
2022-10-25 12:00:00,9.86111111111111,7.905555555555553,0.77,13.8138,0.0,10.255700000000001,0.0,1024.96
2022-10-25 13:00:00,10.994444444444444,10.994444444444444,0.72,9.321900000000001,20.0,10.255700000000001,0.0,1025.12
2022-10-25 14:00:00,10.866666666666667,10.866666666666667,0.72,10.1591,29.0,10.2235,0.0,1024.72
2022-10-25 15:00:00,10.111111111111112,10.111111111111112,0.77,10.642100000000001,39.0,10.255700000000001,0.0,1024.62
2022-10-25 16:00:00,11.016666666666666,11.016666666666666,0.72,4.8622000000000005,26.0,10.255700000000001,0.0,1024.81
2022-10-25 17:00:00,8.922222222222224,8.922222222222224,0.84,2.5921000000000003,244.0,10.2235,0.0,1025.15
2022-10-25 18:00:00,8.305555555555557,8.305555555555557,0.86,3.22,0.0,15.134000000000002,0.0,1025.32
2022-10-25 19:00:00,8.677777777777777,8.677777777777777,0.9,3.22,230.0,9.9015,0.0,1025.71
2022-10-25 20:00:00,7.6333333333333355,6.600000000000001,0.96,6.5849,181.0,8.2593,0.0,1025.97
2022-10-25 21:00:00,7.544444444444443,6.533333333333332,0.94,6.44,190.0,7.824600000000001,0.0,1026.3
2022-10-25 22:00:00,8.072222222222223,8.072222222222223,0.9,3.1717,188.0,7.776300000000001,0.0,1026.81
2022-10-25 23:00:00,7.544444444444443,7.544444444444443,0.94,2.415,247.0,7.0196000000000005,0.0,1027.05
2022-10-26 00:00:00,7.638888888888889,6.694444444444443,0.96,6.262900000000001,251.0,7.824600000000001,0.0,1027.03
2022-10-26 01:00:00,7.711111111111112,7.711111111111112,0.93,3.1556,242.0,7.905100000000001,0.0,1027.31
2022-10-26 02:00:00,7.177777777777779,7.177777777777779,0.96,3.0751,240.0,4.524100000000001,0.0,1027.4
2022-10-26 02:00:00,7.5,7.5,0.96,2.8658,162.0,4.5402000000000005,0.0,1027.59
2022-10-26 03:00:00,7.177777777777779,6.111111111111111,0.96,6.44,130.0,4.0733,0.0,1027.78
2022-10-26 04:00:00,5.716666666666666,4.616666666666668,0.93,5.828200000000001,160.0,4.4114,0.0,1028.31
2022-10-26 05:00:00,5.138888888888889,3.761111111111113,0.94,6.44,160.0,4.0733,0.0,1028.58
2022-10-26 06:00:00,3.099999999999999,3.099999999999999,1.0,4.83,190.0,4.025,0.0,1028.59
2022-10-26 07:00:00,3.394444444444444,3.394444444444444,0.99,4.7012,211.0,4.9588,0.0,1028.91
2022-10-26 08:00:00,6.227777777777778,4.8055555555555545,0.87,7.1645,180.0,6.9874,0.0,1029.48
2022-10-26 09:00:00,7.288888888888888,5.350000000000001,0.75,10.3201,190.0,9.853200000000001,0.0,1029.88
2022-10-26 10:00:00,8.900000000000002,7.305555555555555,0.69,10.126900000000001,199.0,9.9015,0.0,1029.97
2022-10-26 11:00:00,10.016666666666667,10.016666666666667,0.67,7.1323,252.0,9.9015,0.0,1030.29
2022-10-26 12:00:00,9.927777777777777,9.927777777777777,0.67,4.2665,208.0,9.9015,0.0,1030.0
2022-10-26 13:00:00,9.93888888888889,9.127777777777778,0.67,7.1645,178.0,9.9015,0.0,1030.04
2022-10-26 14:00:00,9.972222222222223,9.100000000000001,0.67,7.4543,159.0,9.9015,0.0,1029.89
2022-10-26 15:00:00,9.000000000000002,7.938888888888887,0.71,7.583100000000001,157.0,9.9015,0.0,1030.18
2022-10-26 16:00:00,8.0,6.961111111111112,0.75,6.8264000000000005,148.0,9.837100000000001,0.0,1030.2
2022-10-26 17:00:00,7.311111111111109,7.311111111111109,0.8,4.5402000000000005,141.0,15.536500000000002,0.0,1030.48
2022-10-26 18:00:00,6.222222222222224,6.222222222222224,0.86,2.9141000000000004,144.0,15.488199999999999,0.0,1030.99
2022-10-26 19:00:00,6.2333333333333325,6.2333333333333325,0.93,3.0268,146.0,13.8299,0.0,1031.19
2022-10-26 20:00:00,5.044444444444443,5.044444444444443,0.93,1.6261,148.0,7.728,0.0,1031.48
2022-10-26 21:00:00,5.38888888888889,5.38888888888889,0.96,3.0751,200.0,9.5473,0.0,1031.61
2022-10-26 22:00:00,5.3666666666666645,5.3666666666666645,0.96,1.9159,39.0,9.6117,0.0,1031.84
2022-10-26 23:00:00,3.816666666666665,3.816666666666665,0.96,3.0751,353.0,8.6135,0.0,1031.74
2022-10-27 00:00:00,2.8500000000000014,2.8500000000000014,0.96,3.2039,9.0,7.695800000000001,0.0,1031.92
2022-10-27 01:00:00,1.93888888888889,1.93888888888889,0.97,2.6726,84.0,3.5903,0.0,1032.23
2022-10-27 02:00:00,1.7166666666666686,1.7166666666666686,0.96,3.1717,352.0,4.7656,0.0,1032.03
2022-10-27 03:00:00,0.6500000000000009,0.6500000000000009,0.96,3.22,350.0,0.6279,0.0,1032.02
2022-10-27 04:00:00,0.8722222222222223,0.8722222222222223,0.96,2.5921000000000003,281.0,1.932,0.0,1032.16
2022-10-27 05:00:00,1.0444444444444458,1.0444444444444458,0.93,3.22,270.0,0.9338,0.0,1032.13
2022-10-27 06:00:00,0.994444444444444,0.994444444444444,0.93,1.5295,310.0,0.16100000000000003,0.0,1032.13
2022-10-27 07:00:00,1.2444444444444456,1.2444444444444456,0.93,1.6422,343.0,0.6440000000000001,0.0,1032.32
2022-10-27 08:00:00,2.1611111111111114,2.1611111111111114,1.0,1.8354,337.0,0.5152,0.0,1032.63
2022-10-27 09:00:00,3.916666666666665,3.916666666666665,0.93,1.8998,12.0,0.6118,0.0,1032.73
2022-10-27 10:00:00,5.6722222222222225,5.6722222222222225,0.89,3.9928000000000003,327.0,2.2057,0.0,1032.75
2022-10-27 11:00:00,5.327777777777779,5.327777777777779,0.98,3.3810000000000002,341.0,0.8855000000000002,0.0,1032.61
2022-10-27 12:00:00,7.433333333333334,6.883333333333334,0.97,4.9266000000000005,341.0,4.1055,0.0,1032.01
2022-10-27 13:00:00,10.216666666666667,10.216666666666667,0.72,2.7209,345.0,10.577700000000002,0.0,1031.33
2022-10-27 14:00:00,11.044444444444444,11.044444444444444,0.65,4.83,315.0,10.255700000000001,0.0,1030.63
2022-10-27 15:00:00,11.072222222222223,11.072222222222223,0.61,4.6207,18.0,16.1,0.0,1030.32
2022-10-27 16:00:00,10.816666666666666,10.816666666666666,0.65,1.0465000000000002,1.0,15.552600000000002,0.0,1030.04
2022-10-27 17:00:00,5.116666666666667,5.116666666666667,0.86,3.22,330.0,10.255700000000001,0.0,1030.32
2022-10-27 18:00:00,3.888888888888889,3.888888888888889,0.92,0.0,0.0,10.255700000000001,0.0,1030.71
2022-10-27 19:00:00,2.5333333333333345,2.5333333333333345,0.92,4.508,334.0,10.1752,0.0,1030.6
2022-10-27 20:00:00,2.127777777777777,2.127777777777777,0.92,1.8676,324.0,5.1359,0.0,1030.42
2022-10-27 21:00:00,1.0666666666666675,1.0666666666666675,0.96,3.2039,329.0,4.6207,0.0,1030.25
2022-10-27 22:00:00,1.900000000000001,1.900000000000001,0.93,3.3971,317.0,4.6046000000000005,0.0,1029.98
2022-10-27 23:00:00,1.555555555555554,1.555555555555554,0.96,3.0751,0.0,3.8801000000000005,0.0,1029.85
2022-10-28 00:00:00,-1.0611111111111111,-1.0611111111111111,1.0,1.5939,245.0,0.7889,0.0,1030.02
2022-10-28 01:00:00,-0.7944444444444443,-0.7944444444444443,0.97,1.9642000000000002,0.0,1.2558,0.0,1029.79
2022-10-28 02:00:00,-1.1388888888888893,-1.1388888888888893,0.96,0.0,0.0,0.4669,0.0,1029.62
2022-10-28 03:00:00,-1.6222222222222231,-1.6222222222222231,0.96,3.22,310.0,0.22540000000000004,0.0,1029.42
2022-10-28 04:00:00,-1.3444444444444454,-1.3444444444444454,0.97,3.1717,268.0,0.5796,0.0,1029.4
2022-10-28 05:00:00,-2.155555555555555,-2.155555555555555,1.0,0.1449,320.0,1.0143,0.0,1029.12
2022-10-28 06:00:00,-2.155555555555555,-2.155555555555555,1.0,0.0,0.0,1.2397,0.0,1029.11
2022-10-28 07:00:00,-0.9111111111111114,-0.9111111111111114,0.92,1.6744,195.0,0.805,0.0,1029.19
2022-10-28 08:00:00,0.09999999999999984,0.09999999999999984,1.0,1.5295,150.0,0.1449,0.0,1029.41
2022-10-28 09:00:00,3.8499999999999996,3.8499999999999996,0.99,3.22,200.0,4.0733,0.0,1029.21
2022-10-28 10:00:00,7.438888888888889,7.438888888888889,0.66,4.588500000000001,193.0,7.615300000000001,0.0,1029.03
2022-10-28 11:00:00,9.844444444444443,8.977777777777776,0.52,7.357700000000001,191.0,15.826300000000002,0.0,1028.52
2022-10-28 12:00:00,10.999999999999998,10.999999999999998,0.51,4.1538,201.0,16.0517,0.0,1027.81
2022-10-28 13:00:00,11.033333333333333,11.033333333333333,0.5,4.3309,192.0,15.021300000000002,0.0,1027.23
2022-10-28 14:00:00,11.044444444444444,11.044444444444444,0.55,4.4919,146.0,16.1,0.0,1026.51
2022-10-28 15:00:00,11.066666666666668,11.066666666666668,0.47,4.2343,189.0,15.1823,0.0,1025.92
2022-10-28 16:00:00,8.233333333333333,8.233333333333333,0.6,4.2182,168.0,14.168000000000003,0.0,1025.91
2022-10-28 17:00:00,7.1499999999999995,7.1499999999999995,0.74,2.9463000000000004,160.0,7.3094,0.0,1025.89
2022-10-28 18:00:00,6.0888888888888895,4.044444444444445,0.71,9.66,160.0,8.1305,0.0,1025.98
2022-10-28 19:00:00,6.294444444444443,4.927777777777776,0.78,7.0196000000000005,160.0,9.982000000000001,0.0,1025.66
2022-10-28 20:00:00,7.105555555555555,7.105555555555555,0.74,4.6046000000000005,180.0,9.982000000000001,0.0,1025.4
2022-10-28 21:00:00,7.066666666666666,6.022222222222224,0.75,6.295100000000001,180.0,11.8979,0.0,1025.3
2022-10-28 22:00:00,6.672222222222221,6.672222222222221,0.79,3.8801000000000005,171.0,11.527600000000001,0.0,1025.28
2022-10-28 23:00:00,6.577777777777779,5.416666666666667,0.78,6.44,160.0,9.8049,0.0,1025.18
2022-10-29 00:00:00,6.066666666666667,4.872222222222224,0.8,6.295100000000001,160.0,14.731500000000002,0.0,1024.99
2022-10-29 01:00:00,5.5277777777777795,4.266666666666667,0.77,6.262900000000001,159.0,14.023100000000003,0.0,1024.84
2022-10-29 02:00:00,5.5777777777777775,4.355555555555558,0.77,6.1502,170.0,14.731500000000002,0.0,1024.58
2022-10-29 03:00:00,5.533333333333334,4.316666666666668,0.8,6.118,160.0,14.7637,0.0,1024.2
2022-10-29 04:00:00,5.516666666666667,4.205555555555556,0.77,6.391700000000001,166.0,14.0553,0.0,1023.85
2022-10-29 05:00:00,5.994444444444444,4.4222222222222225,0.77,7.615300000000001,160.0,14.812,0.0,1023.61
2022-10-29 06:00:00,5.905555555555557,5.905555555555557,0.77,3.22,130.0,11.8979,0.0,1023.51
2022-10-29 07:00:00,5.833333333333333,5.833333333333333,0.78,3.7191000000000005,119.0,11.688600000000001,0.0,1023.73
2022-10-29 08:00:00,6.1388888888888875,6.1388888888888875,0.76,4.5724,112.0,14.9086,0.0,1023.99
2022-10-29 09:00:00,7.222222222222222,5.766666666666668,0.71,7.969500000000001,141.0,12.075000000000001,0.0,1023.99
2022-10-29 10:00:00,7.799999999999999,7.244444444444444,0.71,5.0715,125.0,11.785200000000001,0.0,1024.18
2022-10-29 11:00:00,8.866666666666667,7.438888888888889,0.66,9.2253,129.0,14.9086,0.0,1024.01
2022-10-29 12:00:00,8.866666666666667,8.866666666666667,0.63,4.652900000000001,102.0,9.982000000000001,0.0,1023.42
2022-10-29 13:00:00,9.83888888888889,8.93888888888889,0.62,7.502600000000001,125.0,10.3523,0.0,1023.23
2022-10-29 14:00:00,9.97777777777778,9.783333333333333,0.61,4.8783,131.0,9.982000000000001,0.0,1022.9
2022-10-29 15:00:00,8.93888888888889,7.877777777777778,0.66,7.5348,63.0,10.2074,0.0,1022.88
2022-10-29 16:00:00,8.93888888888889,8.93888888888889,0.7,4.250400000000001,49.0,10.1752,0.0,1022.63
2022-10-29 17:00:00,7.799999999999999,7.799999999999999,0.76,2.9785000000000004,32.0,9.982000000000001,0.0,1022.61
2022-10-29 18:00:00,7.755555555555556,7.755555555555556,0.83,4.83,30.0,9.982000000000001,0.0,1022.91
2022-10-29 19:00:00,7.683333333333333,7.683333333333333,0.84,4.2665,41.0,9.982000000000001,0.0,1023.03
2022-10-29 20:00:00,7.711111111111112,7.711111111111112,0.83,3.22,50.0,9.9337,0.0,1023.03
2022-10-29 21:00:00,7.711111111111112,7.711111111111112,0.84,3.22,60.0,9.9015,0.0,1023.42
2022-10-29 22:00:00,7.655555555555556,6.966666666666666,0.84,5.425700000000001,50.0,9.8693,0.0,1023.55
2022-10-29 23:00:00,7.711111111111112,6.727777777777778,0.8,6.44,110.0,9.853200000000001,0.0,1023.71
2022-10-30 00:00:00,7.711111111111112,6.727777777777778,0.77,6.44,110.0,9.853200000000001,0.0,1023.81
2022-10-30 01:00:00,7.088888888888888,6.333333333333332,0.79,5.4096,119.0,9.080400000000001,0.0,1023.9
2022-10-30 02:00:00,6.688888888888888,5.638888888888888,0.82,6.1502,140.0,8.8872,0.0,1024.0
2022-10-30 03:00:00,6.644444444444445,6.644444444444445,0.83,3.22,170.0,7.969500000000001,0.0,1023.91
2022-10-30 04:00:00,6.63888888888889,6.63888888888889,0.86,2.6726,84.0,8.2593,0.0,1023.93
2022-10-30 05:00:00,7.177777777777779,5.694444444444445,0.86,8.05,60.0,7.969500000000001,0.0,1024.22
2022-10-30 06:00:00,7.127777777777776,7.127777777777776,0.87,1.61,340.0,7.969500000000001,0.0,1024.43
2022-10-30 07:00:00,7.07222222222222,7.07222222222222,0.87,0.3703,60.0,8.1788,0.0,1025.02
2022-10-30 08:00:00,7.200000000000001,7.200000000000001,0.8,4.83,0.0,9.708300000000001,0.0,1025.51
2022-10-30 09:00:00,7.777777777777778,7.777777777777778,0.83,3.1717,2.0,9.708300000000001,0.0,1025.63
2022-10-30 10:00:00,7.861111111111111,7.861111111111111,0.78,1.9803000000000002,333.0,8.5813,0.0,1025.86
2022-10-30 11:00:00,8.91111111111111,7.733333333333334,0.72,8.05,350.0,7.905100000000001,0.0,1026.03
2022-10-30 12:00:00,9.972222222222223,9.033333333333331,0.71,7.776300000000001,359.0,7.905100000000001,0.0,1025.91
2022-10-30 13:00:00,9.944444444444445,9.027777777777779,0.67,7.647500000000001,331.0,8.5813,0.0,1025.76
2022-10-30 14:00:00,9.949999999999998,9.011111111111111,0.71,7.776300000000001,349.0,9.8049,0.0,1025.72
2022-10-30 15:00:00,9.949999999999998,9.027777777777779,0.71,7.6796999999999995,340.0,9.9015,0.0,1025.73
2022-10-30 16:00:00,9.088888888888889,9.088888888888889,0.76,3.8479000000000005,337.0,8.7101,0.0,1025.78
2022-10-30 17:00:00,8.88888888888889,8.88888888888889,0.77,3.22,330.0,8.0017,0.0,1026.12
2022-10-30 18:00:00,7.777777777777778,7.777777777777778,0.89,3.1717,338.0,8.0017,0.0,1026.52
2022-10-30 19:00:00,7.777777777777778,7.777777777777778,0.88,4.6368,304.0,8.3076,0.0,1026.85
2022-10-30 20:00:00,7.655555555555556,7.655555555555556,0.84,0.1449,260.0,7.969500000000001,0.0,1027.0
2022-10-30 21:00:00,7.588888888888887,7.588888888888887,0.87,3.0751,240.0,7.905100000000001,0.0,1027.11
2022-10-30 22:00:00,7.533333333333335,7.533333333333335,0.87,3.059,283.0,7.0035,0.0,1027.26
2022-10-30 23:00:00,7.588888888888887,7.588888888888887,0.84,3.2039,281.0,6.9069,0.0,1027.33
2022-10-31 00:00:00,6.522222222222223,4.922222222222222,0.87,8.05,310.0,6.8586,0.0,1027.32
2022-10-31 01:00:00,6.655555555555554,6.655555555555554,0.87,3.3005,277.0,6.9391,0.0,1027.26
2022-10-31 02:00:00,6.516666666666665,6.516666666666665,0.87,3.2039,295.0,6.8264000000000005,0.0,1027.23
2022-10-31 03:00:00,6.933333333333332,6.933333333333332,0.87,3.2039,319.0,6.7942,0.0,1027.04
2022-10-31 04:00:00,6.666666666666667,6.666666666666667,0.88,3.2039,299.0,6.9069,0.0,1027.11
2022-10-31 05:00:00,4.622222222222223,2.694444444444445,0.93,8.05,310.0,6.7781,0.0,1027.16
2022-10-31 06:00:00,3.5388888888888874,3.5388888888888874,0.93,4.7495,300.0,3.8479000000000005,0.0,1027.35
2022-10-31 07:00:00,3.711111111111111,3.711111111111111,0.93,4.379200000000001,298.0,2.0447,0.0,1027.5
2022-10-31 08:00:00,5.716666666666666,4.0388888888888905,0.94,7.824600000000001,320.0,2.4633000000000003,0.0,1027.94
2022-10-31 09:00:00,7.6111111111111125,7.6111111111111125,0.84,3.2039,351.0,2.9785000000000004,0.0,1028.13
2022-10-31 10:00:00,9.81111111111111,9.81111111111111,0.74,2.5277000000000003,321.0,5.152000000000001,0.0,1028.06
2022-10-31 11:00:00,12.011111111111111,12.011111111111111,0.62,7.4704,333.0,6.0697,0.0,1028.13
2022-10-31 12:00:00,12.105555555555554,12.105555555555554,0.66,4.4436,301.0,6.118,0.0,1027.55
2022-10-31 13:00:00,12.633333333333335,12.633333333333335,0.59,5.1037,326.0,7.728,0.0,1027.36
2022-10-31 14:00:00,12.733333333333334,12.733333333333334,0.59,3.0429,358.0,8.935500000000001,0.0,1026.8
2022-10-31 15:00:00,12.17222222222222,12.17222222222222,0.62,3.1878,348.0,9.853200000000001,0.0,1026.54
2022-10-31 16:00:00,10.294444444444444,10.294444444444444,0.74,2.7692,10.0,8.5169,0.0,1026.95
2022-10-31 17:00:00,6.25,6.25,0.86,1.61,50.0,7.8729,0.0,1027.2
2022-10-31 18:00:00,5.5777777777777775,5.5777777777777775,0.89,3.0268,47.0,6.8586,0.0,1027.42
2022-10-31 19:00:00,4.17777777777778,4.17777777777778,0.93,3.1234,306.0,3.8962000000000003,0.0,1027.51
2022-10-31 20:00:00,2.755555555555556,2.755555555555556,1.0,3.2039,329.0,2.4794,0.0,1027.52
2022-10-31 21:00:00,2.2000000000000006,2.2000000000000006,0.96,3.3971,327.0,2.4794,0.0,1027.82
2022-10-31 22:00:00,2.005555555555555,2.005555555555555,0.96,3.3971,299.0,2.7209,0.0,1027.83
2022-10-31 23:00:00,1.7111111111111101,1.7111111111111101,0.96,0.0,0.0,1.4007,0.0,1027.94
2022-11-01 00:00:00,2.1722222222222203,2.1722222222222203,0.96,3.22,330.0,0.7889,0.0,1028.12
2022-11-01 01:00:00,2.183333333333333,2.183333333333333,0.97,3.0751,336.0,0.8694000000000001,0.0,1027.95
2022-11-01 02:00:00,1.1277777777777784,1.1277777777777784,0.96,0.0,0.0,0.32200000000000006,0.0,1027.73
2022-11-01 03:00:00,0.6611111111111099,0.6611111111111099,0.96,3.0268,293.0,0.1771,0.0,1027.62
2022-11-01 04:00:00,3.3611111111111094,3.3611111111111094,0.97,2.6565,333.0,1.1109,0.0,1027.5
2022-11-01 05:00:00,3.8833333333333346,3.8833333333333346,1.0,0.0,0.0,1.449,0.0,1027.42
2022-11-01 06:00:00,4.949999999999998,4.949999999999998,0.94,0.0,0.0,1.2719,0.0,1027.41
2022-11-01 07:00:00,5.105555555555554,5.105555555555554,1.0,0.0,0.0,1.4168,0.0,1027.63
2022-11-01 08:00:00,6.111111111111111,6.111111111111111,1.0,0.0,0.0,1.7388000000000001,0.0,1028.0
2022-11-01 09:00:00,7.222222222222222,7.222222222222222,0.93,0.0,0.0,1.7549000000000001,0.0,1028.01
2022-11-01 10:00:00,7.8999999999999995,7.8999999999999995,0.96,3.0429,177.0,2.2379,0.0,1028.14
2022-11-01 11:00:00,9.97777777777778,9.97777777777778,0.82,3.5259,204.0,4.0733,0.0,1028.1
2022-11-01 12:00:00,10.0,9.777777777777779,0.77,4.9749,201.0,6.118,0.0,1027.52
2022-11-01 13:00:00,10.988888888888889,10.988888888888889,0.67,3.3488,210.0,6.5849,0.0,1027.43
2022-11-01 14:00:00,11.06111111111111,11.06111111111111,0.62,1.2719,178.0,9.7566,0.0,1027.09
2022-11-01 15:00:00,10.044444444444444,10.044444444444444,0.66,0.1449,250.0,8.8389,0.0,1026.79
2022-11-01 16:00:00,10.011111111111113,10.011111111111113,0.66,2.737,173.0,8.4686,0.0,1026.75
2022-11-01 17:00:00,8.722222222222223,8.722222222222223,0.72,3.22,330.0,8.790600000000001,0.0,1026.9
2022-11-01 18:00:00,7.550000000000002,7.550000000000002,0.78,0.0,0.0,7.824600000000001,0.0,1027.29
2022-11-01 19:00:00,5.966666666666668,5.966666666666668,0.87,1.7227000000000001,169.0,5.6672,0.0,1027.28
2022-11-01 20:00:00,3.8222222222222237,3.8222222222222237,0.93,3.22,130.0,5.9087000000000005,0.0,1027.41
2022-11-01 21:00:00,3.2611111111111097,3.2611111111111097,0.93,0.0,0.0,4.314800000000001,0.0,1027.41
2022-11-01 22:00:00,2.922222222222221,2.922222222222221,0.93,3.22,140.0,3.8801000000000005,0.0,1027.34
2022-11-01 23:00:00,2.105555555555555,2.105555555555555,0.96,0.0,0.0,3.8479000000000005,0.0,1027.3
2022-11-02 00:00:00,1.0388888888888874,1.0388888888888874,0.96,0.0,0.0,3.8479000000000005,0.0,1026.83
2022-11-02 01:00:00,0.8722222222222223,0.8722222222222223,0.96,2.6887,145.0,3.8801000000000005,0.0,1026.74
2022-11-02 02:00:00,0.07222222222222364,0.07222222222222364,0.96,0.0,0.0,0.6279,0.0,1026.89
2022-11-02 03:00:00,-0.36666666666666675,-0.36666666666666675,0.96,0.0,0.0,0.6440000000000001,0.0,1026.49
2022-11-02 04:00:00,0.39444444444444493,-3.138888888888888,0.96,11.270000000000001,160.0,1.0304,0.0,1026.13
2022-11-02 05:00:00,1.6277777777777775,1.6277777777777775,0.96,3.22,90.0,0.483,0.0,1026.0
2022-11-02 06:00:00,2.716666666666667,2.716666666666667,0.96,1.8676,154.0,0.805,0.0,1025.73
2022-11-02 07:00:00,2.383333333333333,2.383333333333333,0.93,3.9123000000000006,160.0,3.1234,0.0,1026.19
2022-11-02 08:00:00,6.044444444444446,6.044444444444446,0.93,3.22,180.0,3.9123000000000006,0.0,1026.4
2022-11-02 09:00:00,7.688888888888891,7.688888888888891,0.77,3.2039,201.0,5.957000000000001,0.0,1026.3
2022-11-02 10:00:00,9.833333333333336,9.833333333333336,0.72,2.0447,191.0,5.699400000000001,0.0,1026.26
2022-11-02 11:00:00,12.061111111111112,12.061111111111112,0.62,1.5939,142.0,6.9391,0.0,1026.09
2022-11-02 12:00:00,12.17222222222222,12.17222222222222,0.58,3.0107000000000004,127.0,7.905100000000001,0.0,1025.5
2022-11-02 13:00:00,12.116666666666667,12.116666666666667,0.57,1.9481000000000002,116.0,7.760200000000001,0.0,1025.05
2022-11-02 14:00:00,12.194444444444446,12.194444444444446,0.62,7.5187,127.0,8.9677,0.0,1024.29
2022-11-02 15:00:00,12.149999999999999,12.149999999999999,0.58,3.1556,115.0,8.9677,0.0,1023.91
2022-11-02 16:00:00,10.177777777777777,10.177777777777777,0.65,3.5420000000000007,87.0,6.9874,0.0,1024.01
2022-11-02 17:00:00,7.216666666666669,7.216666666666669,0.8,3.4293,89.0,4.9105,0.0,1023.98
2022-11-02 18:00:00,6.083333333333335,6.083333333333335,0.87,4.7495,80.0,3.9284000000000003,0.0,1024.2
2022-11-02 19:00:00,6.050000000000001,6.050000000000001,0.87,4.6851,69.0,3.9284000000000003,0.0,1024.43
2022-11-02 20:00:00,6.044444444444446,5.294444444444445,0.87,4.9749,100.0,3.4454000000000002,0.0,1024.48
2022-11-02 21:00:00,5.394444444444445,4.033333333333332,0.9,6.5044,99.0,3.4454000000000002,0.0,1024.21
2022-11-02 22:00:00,4.016666666666665,4.016666666666665,0.91,3.1878,106.0,4.2987,0.0,1024.14
2022-11-02 23:00:00,2.8277777777777797,2.8277777777777797,0.93,3.22,70.0,4.3309,0.0,1023.91
2022-11-03 00:00:00,2.7777777777777777,2.7777777777777777,0.93,3.1717,138.0,3.864,0.0,1023.71
2022-11-03 01:00:00,2.4444444444444438,2.4444444444444438,0.96,4.0572,128.0,3.8801000000000005,0.0,1023.55
2022-11-03 02:00:00,1.2055555555555566,1.2055555555555566,0.96,3.22,70.0,1.6905000000000001,0.0,1023.5
2022-11-03 03:00:00,2.7333333333333343,1.0222222222222241,0.96,6.3112,128.0,5.8443000000000005,0.0,1022.99
2022-11-03 04:00:00,2.7888888888888905,1.211111111111111,0.93,5.9731000000000005,138.0,5.570600000000001,0.0,1022.56
2022-11-03 05:00:00,2.7111111111111126,0.09999999999999984,0.96,9.3541,130.0,4.7656,0.0,1022.37
2022-11-03 06:00:00,2.616666666666667,0.03888888888888905,0.96,9.1448,128.0,2.9302,0.0,1022.11
2022-11-03 07:00:00,3.4777777777777765,1.0666666666666675,0.91,9.1287,116.0,3.864,0.0,1022.21
2022-11-03 08:00:00,5.78888888888889,3.127777777777779,0.81,12.5741,139.0,3.4454000000000002,0.0,1022.42
2022-11-03 09:00:00,7.594444444444445,5.1,0.78,14.039200000000001,150.0,4.025,0.0,1022.3
2022-11-03 10:00:00,9.666666666666666,7.405555555555555,0.72,15.890699999999999,148.0,6.0858,0.0,1022.2
2022-11-03 11:00:00,11.016666666666666,11.016666666666666,0.67,16.985500000000002,150.0,6.9874,0.0,1021.69
2022-11-03 12:00:00,12.149999999999999,12.149999999999999,0.66,17.2109,149.0,7.0357,0.0,1020.98
2022-11-03 13:00:00,13.744444444444447,13.744444444444447,0.59,13.9265,149.0,6.9874,0.0,1019.97
2022-11-03 14:00:00,13.794444444444444,13.794444444444444,0.59,15.6009,160.0,7.1323,0.0,1019.19
2022-11-03 15:00:00,12.755555555555556,12.755555555555556,0.64,12.5097,150.0,7.1323,0.0,1018.89
2022-11-03 16:00:00,12.155555555555557,12.155555555555557,0.65,8.903300000000002,149.0,7.5348,0.0,1018.48
2022-11-03 17:00:00,8.933333333333332,7.799999999999999,0.77,7.856800000000001,150.0,4.588500000000001,0.0,1018.49
2022-11-03 18:00:00,7.805555555555554,5.8500000000000005,0.83,10.948,140.0,4.524100000000001,0.0,1018.85
2022-11-03 19:00:00,7.755555555555556,5.177777777777778,0.84,14.860300000000002,149.0,4.8139,0.0,1018.84
2022-11-03 20:00:00,6.161111111111113,3.877777777777776,0.87,10.9158,159.0,4.0733,0.0,1018.75
2022-11-03 21:00:00,6.577777777777779,3.8499999999999996,0.83,14.039200000000001,160.0,4.0733,0.0,1018.64
2022-11-03 22:00:00,6.038888888888888,3.366666666666668,0.84,12.976600000000001,160.0,4.5563,0.0,1018.47
2022-11-03 23:00:00,5.488888888888891,2.5444444444444434,0.87,13.8621,160.0,4.025,0.0,1018.24
2022-11-04 00:00:00,5.511111111111112,2.5444444444444434,0.87,14.023100000000003,160.0,4.025,0.0,1018.13
2022-11-04 01:00:00,4.73888888888889,1.7833333333333339,0.88,12.976600000000001,160.0,4.5563,0.0,1018.03
2022-11-04 02:00:00,4.377777777777779,1.1777777777777763,0.9,13.8782,160.0,3.9767000000000006,0.0,1017.85
2022-11-04 03:00:00,3.866666666666667,1.0888888888888895,0.9,11.0768,160.0,3.5259,0.0,1017.45
2022-11-04 04:00:00,3.7555555555555546,1.1111111111111112,0.9,10.3362,158.0,4.008900000000001,0.0,1017.51
2022-11-04 05:00:00,3.7944444444444434,0.7388888888888879,0.9,12.397,161.0,3.5259,0.0,1017.14
2022-11-04 06:00:00,3.7944444444444434,0.7111111111111117,0.9,12.558,161.0,3.5259,0.0,1017.03
2022-11-04 07:00:00,3.672222222222222,0.25000000000000155,0.93,14.2807,152.0,4.0733,0.0,1017.23
2022-11-04 08:00:00,6.044444444444446,3.1555555555555554,0.87,14.312900000000003,151.0,4.9427,0.0,1017.21
2022-11-04 09:00:00,7.805555555555554,5.344444444444443,0.83,14.1358,161.0,4.0733,0.0,1017.1
2022-11-04 10:00:00,11.149999999999999,11.149999999999999,0.72,12.2521,151.0,5.2808,0.0,1016.69
2022-11-04 11:00:00,13.866666666666667,13.866666666666667,0.64,14.2646,142.0,7.1323,0.0,1016.21
2022-11-04 12:00:00,15.094444444444447,15.094444444444447,0.62,17.388,151.0,8.1305,0.0,1015.33
2022-11-04 13:00:00,16.255555555555553,16.255555555555553,0.54,14.570500000000003,161.0,9.563400000000001,0.0,1014.78
2022-11-04 14:00:00,17.266666666666666,17.266666666666666,0.52,14.6188,161.0,11.9784,0.0,1014.02
2022-11-04 15:00:00,16.177777777777777,16.177777777777777,0.58,13.1537,160.0,11.9784,0.0,1013.81
2022-11-04 16:00:00,13.399999999999999,13.399999999999999,0.65,10.9641,150.0,13.202,0.0,1013.59
2022-11-04 17:00:00,12.288888888888888,12.288888888888888,0.66,14.039200000000001,150.0,9.982000000000001,0.0,1013.51
2022-11-04 18:00:00,12.083333333333334,12.083333333333334,0.67,13.9909,159.0,9.982000000000001,0.0,1013.63
2022-11-04 19:00:00,10.183333333333332,10.183333333333332,0.76,15.1823,141.0,8.3398,0.0,1013.8
2022-11-04 20:00:00,9.972222222222223,7.833333333333333,0.77,15.504300000000002,150.0,8.05,0.0,1013.82
2022-11-04 21:00:00,9.394444444444442,7.327777777777777,0.78,13.8782,150.0,8.05,0.0,1014.01
2022-11-04 22:00:00,8.88888888888889,6.4111111111111105,0.81,16.180500000000002,150.0,8.3076,0.0,1014.12
2022-11-04 23:00:00,8.28888888888889,5.550000000000001,0.83,17.114300000000004,150.0,7.969500000000001,0.0,1014.01
2022-11-05 00:00:00,7.777777777777778,4.9333333333333345,0.86,16.9694,150.0,7.969500000000001,0.0,1013.61
2022-11-05 01:00:00,7.794444444444445,4.977777777777778,0.87,16.7762,151.0,9.7888,0.0,1013.35
2022-11-05 02:00:00,7.683333333333333,4.800000000000001,0.84,17.114300000000004,150.0,9.708300000000001,0.0,1013.13
2022-11-05 03:00:00,7.616666666666668,4.394444444444442,0.84,19.9157,150.0,9.708300000000001,0.0,1012.94
2022-11-05 04:00:00,7.577777777777778,5.138888888888889,0.85,13.6045,150.0,9.7566,0.0,1012.93
2022-11-05 05:00:00,7.572222222222223,4.683333333333334,0.84,16.9694,150.0,9.708300000000001,0.0,1012.74
2022-11-05 06:00:00,7.066666666666666,4.449999999999999,0.87,14.007,140.0,7.824600000000001,0.0,1012.82
2022-11-05 07:00:00,7.555555555555555,4.883333333333333,0.85,15.246700000000002,150.0,7.647500000000001,0.0,1012.92
2022-11-05 08:00:00,9.822222222222223,7.022222222222222,0.78,21.5257,150.0,7.8729,0.0,1013.43
2022-11-05 09:00:00,12.149999999999999,12.149999999999999,0.72,20.3987,160.0,7.969500000000001,0.0,1013.24
2022-11-05 10:00:00,14.927777777777777,14.927777777777777,0.62,21.3647,159.0,8.3398,0.0,1013.37
2022-11-05 11:00:00,16.15555555555555,16.15555555555555,0.58,25.1482,159.0,8.0983,0.0,1013.13
2022-11-05 12:00:00,17.866666666666664,17.866666666666664,0.56,22.0892,160.0,9.982000000000001,0.0,1012.71
2022-11-05 13:00:00,18.977777777777774,18.977777777777774,0.5,20.0606,152.0,10.3523,0.0,1012.38
2022-11-05 14:00:00,18.977777777777774,18.977777777777774,0.52,20.865600000000004,160.0,10.2074,0.0,1012.11
2022-11-05 15:00:00,17.88888888888889,17.88888888888889,0.6,14.49,150.0,12.2199,0.0,1011.91
2022-11-05 16:00:00,16.38888888888889,16.38888888888889,0.6,14.0553,141.0,14.731500000000002,0.0,1011.81
2022-11-05 17:00:00,14.994444444444447,14.994444444444447,0.67,19.931800000000003,150.0,14.9086,0.0,1012.1
2022-11-05 18:00:00,12.894444444444446,12.894444444444446,0.72,15.520400000000002,140.0,14.9086,0.0,1012.42
2022-11-05 19:00:00,12.855555555555556,12.855555555555556,0.72,20.9622,149.0,11.688600000000001,0.0,1012.68
2022-11-05 20:00:00,12.266666666666666,12.266666666666666,0.73,21.541800000000002,150.0,11.8979,0.0,1012.82
2022-11-05 21:00:00,11.71111111111111,11.71111111111111,0.74,20.0606,150.0,11.8979,0.0,1013.11
2022-11-05 22:00:00,11.716666666666669,11.716666666666669,0.75,19.2878,150.0,11.527600000000001,0.0,1013.25
2022-11-05 23:00:00,11.083333333333336,11.083333333333336,0.78,17.1304,140.0,11.801300000000001,0.0,1013.52
2022-11-06 00:00:00,11.083333333333336,11.083333333333336,0.78,19.931800000000003,140.0,11.8979,0.0,1013.52
2022-11-06 01:00:00,12.161111111111111,12.161111111111111,0.76,19.819100000000002,149.0,11.6081,0.0,1013.58
2022-11-06 02:00:00,12.677777777777777,12.677777777777777,0.73,16.9694,150.0,14.812,0.0,1013.53
2022-11-06 03:00:00,12.655555555555557,12.655555555555557,0.73,19.7708,150.0,14.812,0.0,1013.54
2022-11-06 04:00:00,12.100000000000001,12.100000000000001,0.76,19.416600000000003,149.0,14.0875,0.0,1013.99
2022-11-06 05:00:00,11.155555555555555,11.155555555555555,0.8,19.931800000000003,140.0,14.860300000000002,0.0,1014.04
2022-11-06 06:00:00,12.149999999999999,12.149999999999999,0.75,22.974700000000002,149.0,14.9086,0.0,1013.91
2022-11-06 07:00:00,11.93888888888889,11.93888888888889,0.77,16.422,149.0,11.688600000000001,0.0,1014.4
2022-11-06 08:00:00,12.222222222222221,12.222222222222221,0.74,20.0445,141.0,11.9784,0.0,1014.92
2022-11-06 09:00:00,13.861111111111112,13.861111111111112,0.72,19.931800000000003,150.0,14.9086,0.0,1015.05
2022-11-06 10:00:00,15.899999999999999,15.899999999999999,0.64,20.6724,151.0,14.5222,0.0,1015.5
2022-11-06 11:00:00,16.038888888888888,16.038888888888888,0.67,19.7869,150.0,14.9086,0.0,1015.67
2022-11-06 12:00:00,17.127777777777776,17.127777777777776,0.64,19.7869,150.0,14.9086,0.0,1015.46
2022-11-06 13:00:00,17.26111111111111,17.26111111111111,0.63,17.1787,149.0,14.5222,0.0,1015.12
2022-11-06 14:00:00,17.288888888888888,17.288888888888888,0.63,21.284200000000002,150.0,14.9086,0.0,1014.85
2022-11-06 15:00:00,17.21666666666667,17.21666666666667,0.67,16.8084,149.0,15.134000000000002,0.0,1014.87
2022-11-06 16:00:00,16.177777777777777,16.177777777777777,0.71,13.620600000000001,140.0,14.168000000000003,0.0,1015.11
2022-11-06 17:00:00,14.927777777777777,14.927777777777777,0.78,14.1197,139.0,9.982000000000001,0.0,1015.27
2022-11-06 18:00:00,14.883333333333333,14.883333333333333,0.73,15.713600000000001,130.0,8.1305,0.0,1015.47
2022-11-06 19:00:00,14.899999999999999,14.899999999999999,0.74,18.2574,132.0,8.420300000000001,0.0,1015.42
2022-11-06 20:00:00,13.844444444444445,13.844444444444445,0.78,15.375500000000002,140.0,8.1305,0.0,1015.29
2022-11-06 21:00:00,13.311111111111112,13.311111111111112,0.81,11.0607,140.0,8.1305,0.0,1015.94
2022-11-06 22:00:00,13.122222222222222,13.122222222222222,0.83,11.253900000000002,142.0,8.420300000000001,0.0,1015.93
2022-11-06 23:00:00,13.377777777777776,13.377777777777776,0.8,14.1841,140.0,8.1305,0.0,1015.75
2022-11-07 00:00:00,13.333333333333334,13.333333333333334,0.77,16.9694,150.0,9.982000000000001,0.0,1015.57
2022-11-07 01:00:00,13.050000000000002,13.050000000000002,0.8,10.996300000000002,141.0,9.982000000000001,0.0,1015.3
2022-11-07 02:00:00,13.28888888888889,13.28888888888889,0.78,14.1841,139.0,11.9784,0.0,1015.05
2022-11-07 03:00:00,13.311111111111112,13.311111111111112,0.8,19.6098,139.0,11.9784,0.0,1014.74
2022-11-07 04:00:00,13.75,13.75,0.78,18.3379,149.0,11.688600000000001,0.0,1014.75
2022-11-07 05:00:00,13.816666666666666,13.816666666666666,0.78,19.642,140.0,14.9086,0.0,1014.46
2022-11-07 06:00:00,13.794444444444444,13.794444444444444,0.78,22.6044,150.0,9.9015,0.0,1014.07
2022-11-07 07:00:00,13.694444444444445,13.694444444444445,0.8,19.303900000000002,139.0,9.9015,0.0,1014.38
2022-11-07 08:00:00,14.86111111111111,14.86111111111111,0.79,22.862000000000002,150.0,9.9015,0.0,1014.66
2022-11-07 09:00:00,17.016666666666666,17.016666666666666,0.68,21.2198,149.0,9.982000000000001,0.0,1014.56
2022-11-07 10:00:00,17.27777777777778,17.27777777777778,0.71,20.125,159.0,15.3111,0.0,1014.5
2022-11-07 11:00:00,18.72222222222222,18.72222222222222,0.66,21.3486,159.0,14.9086,0.0,1014.04
2022-11-07 12:00:00,21.083333333333332,21.083333333333332,0.57,20.366500000000002,159.0,15.826300000000002,0.0,1013.16
2022-11-07 13:00:00,22.188888888888886,22.188888888888886,0.53,21.702800000000003,168.0,15.391600000000002,0.0,1012.73
2022-11-07 14:00:00,21.227777777777774,21.227777777777774,0.57,21.7511,160.0,15.134000000000002,0.0,1012.14
2022-11-07 15:00:00,21.17777777777778,21.17777777777778,0.57,15.665300000000002,160.0,10.2074,0.0,1011.95
2022-11-07 16:00:00,20.022222222222226,20.022222222222226,0.6,18.515,160.0,10.5455,0.0,1012.02
2022-11-07 17:00:00,18.86666666666666,18.86666666666666,0.65,15.423800000000002,169.0,10.2074,0.0,1012.35
2022-11-07 18:00:00,18.79444444444444,18.79444444444444,0.66,15.3433,169.0,16.0517,0.0,1012.85
2022-11-07 19:00:00,17.66111111111111,17.66111111111111,0.7,15.697500000000002,159.0,14.9569,0.0,1013.21
2022-11-07 20:00:00,17.22222222222222,17.22222222222222,0.72,15.3433,160.0,15.826300000000002,0.0,1013.44
2022-11-07 21:00:00,16.133333333333333,16.133333333333333,0.75,13.8782,160.0,15.826300000000002,0.0,1013.65
2022-11-07 22:00:00,16.733333333333334,16.733333333333334,0.68,13.4113,160.0,14.9569,0.0,1013.61
2022-11-07 23:00:00,15.599999999999998,15.599999999999998,0.72,10.8836,161.0,14.9086,0.0,1013.37
2022-11-08 00:00:00,15.094444444444447,15.094444444444447,0.73,10.626,161.0,14.9086,0.0,1013.57
2022-11-08 01:00:00,14.11111111111111,14.11111111111111,0.76,10.1591,159.0,14.168000000000003,0.0,1013.58
2022-11-08 02:00:00,12.916666666666666,12.916666666666666,0.78,11.270000000000001,130.0,14.9086,0.0,1013.66
2022-11-08 03:00:00,11.783333333333335,11.783333333333335,0.84,10.9158,130.0,14.9086,0.0,1013.56
2022-11-08 04:00:00,12.238888888888889,12.238888888888889,0.82,6.2146,157.0,14.168000000000003,0.0,1013.52
2022-11-08 05:00:00,11.11111111111111,11.11111111111111,0.87,9.3702,140.0,14.9086,0.0,1013.51
2022-11-08 06:00:00,11.11111111111111,11.11111111111111,0.87,9.66,140.0,14.812,0.0,1013.39
2022-11-08 07:00:00,12.127777777777776,12.127777777777776,0.82,7.084000000000001,155.0,11.6081,0.0,1014.0
2022-11-08 08:00:00,12.63888888888889,12.63888888888889,0.84,7.921200000000001,178.0,11.8979,0.0,1014.43
2022-11-08 09:00:00,13.794444444444444,13.794444444444444,0.78,7.2611,150.0,9.9015,0.0,1014.55
2022-11-08 10:00:00,16.077777777777776,16.077777777777776,0.69,4.4919,320.0,9.9015,0.0,1014.43
2022-11-08 11:00:00,15.972222222222221,15.972222222222221,0.73,4.347,56.0,9.9015,0.0,1014.61
2022-11-08 12:00:00,16.094444444444445,16.094444444444445,0.68,14.3451,106.0,9.982000000000001,0.0,1014.1
2022-11-08 13:00:00,17.233333333333334,17.233333333333334,0.68,2.3345000000000002,26.0,10.3523,0.0,1014.2
2022-11-08 14:00:00,17.066666666666666,17.066666666666666,0.73,10.4972,67.0,9.9015,0.0,1013.75
2022-11-08 15:00:00,16.016666666666666,16.016666666666666,0.79,9.1448,76.0,15.729700000000001,0.0,1013.74
2022-11-08 16:00:00,16.005555555555556,16.005555555555556,0.79,10.1591,76.0,14.7959,0.0,1013.69
2022-11-08 17:00:00,13.816666666666666,13.816666666666666,0.84,4.9588,313.0,14.6832,0.0,1013.87
2022-11-08 18:00:00,12.777777777777779,12.777777777777779,0.96,4.652900000000001,332.0,11.7047,0.0,1014.16
2022-11-08 19:00:00,13.033333333333335,13.033333333333335,0.95,3.3971,354.0,11.4471,0.0,1014.15
2022-11-08 20:00:00,12.244444444444444,12.244444444444444,0.93,1.7871000000000004,31.0,11.753,0.0,1014.33
2022-11-08 21:00:00,12.222222222222221,12.222222222222221,0.93,3.1556,18.0,9.708300000000001,0.0,1014.62
2022-11-08 22:00:00,12.316666666666668,12.316666666666668,0.93,3.2361,68.0,8.1788,0.0,1014.63
2022-11-08 23:00:00,11.644444444444446,11.644444444444446,0.93,6.0858,352.0,7.8729,0.0,1014.34
2022-11-09 00:00:00,11.622222222222224,11.622222222222224,0.93,1.5295,320.0,4.025,0.0,1014.41
2022-11-09 01:00:00,11.238888888888887,11.238888888888887,0.96,3.1073,100.0,4.524100000000001,0.0,1014.08
2022-11-09 02:00:00,12.044444444444444,12.044444444444444,0.87,2.737,117.0,4.025,0.0,1013.94
2022-11-09 03:00:00,11.483333333333334,11.483333333333334,0.87,5.763800000000001,138.0,3.9284000000000003,0.0,1013.85
2022-11-09 04:00:00,10.433333333333334,10.433333333333334,0.93,13.6045,133.0,4.8139,0.0,1014.03
2022-11-09 05:00:00,10.0,9.41111111111111,0.96,6.279,157.0,0.6762,0.0,1014.4
2022-11-09 06:00:00,9.955555555555556,8.233333333333333,1.0,12.3004,180.0,0.16100000000000003,0.0,1014.7
2022-11-09 07:00:00,9.866666666666665,8.133333333333333,0.94,12.236,193.0,0.3703,0.0,1015.01
2022-11-09 08:00:00,9.005555555555556,7.022222222222222,1.0,12.654600000000002,190.0,0.16100000000000003,0.0,1015.78
2022-11-09 09:00:00,10.02222222222222,10.02222222222222,0.94,10.770900000000001,210.0,0.32200000000000006,0.0,1016.37
2022-11-09 10:00:00,10.316666666666666,10.316666666666666,0.99,10.770900000000001,211.0,1.4329,0.0,1016.86
2022-11-09 11:00:00,11.177777777777777,11.177777777777777,1.0,9.3541,192.0,5.892600000000001,0.0,1016.77
2022-11-09 12:00:00,12.777777777777779,12.777777777777779,0.9,8.033900000000001,209.0,6.8264000000000005,0.0,1016.38
2022-11-09 13:00:00,13.1,13.1,0.89,3.1878,178.0,8.790600000000001,0.0,1016.49
2022-11-09 14:00:00,13.88888888888889,13.88888888888889,0.83,6.5849,217.0,9.853200000000001,0.0,1016.38
2022-11-09 15:00:00,14.905555555555553,14.905555555555553,0.79,6.0858,215.0,9.9015,0.0,1016.29
2022-11-09 16:00:00,13.194444444444445,13.194444444444445,0.88,1.4329,58.0,7.0196000000000005,0.0,1016.52
2022-11-09 17:00:00,11.211111111111112,11.211111111111112,0.93,3.1234,113.0,4.7495,0.0,1016.88
2022-11-09 18:00:00,10.072222222222223,10.072222222222223,0.93,4.6046000000000005,80.0,4.7495,0.0,1017.3
2022-11-09 19:00:00,9.205555555555556,9.205555555555556,0.93,2.2862,68.0,1.6905000000000001,0.0,1017.5
2022-11-09 20:00:00,7.777777777777778,7.777777777777778,0.96,0.0,0.0,2.4633000000000003,0.0,1017.81
2022-11-09 21:00:00,7.755555555555556,6.977777777777779,0.96,5.7477,100.0,1.2397,0.0,1018.3
2022-11-09 22:00:00,7.505555555555554,7.505555555555554,0.96,2.9946,91.0,0.6762,0.0,1018.2
2022-11-09 23:00:00,7.244444444444444,7.244444444444444,0.96,3.1556,2.0,0.9338,0.0,1018.22
2022-11-10 00:00:00,6.71111111111111,6.71111111111111,0.96,3.059,77.0,0.9338,0.0,1018.22
2022-11-10 01:00:00,6.405555555555556,6.405555555555556,0.97,2.3345000000000002,70.0,1.0787000000000002,0.0,1018.35
2022-11-10 02:00:00,5.6722222222222225,5.6722222222222225,0.96,3.0268,313.0,0.6279,0.0,1018.99
2022-11-10 03:00:00,5.599999999999999,5.599999999999999,0.96,2.9624,357.0,0.16100000000000003,0.0,1018.9
2022-11-10 04:00:00,5.872222222222223,4.800000000000001,0.96,5.828200000000001,119.0,1.3041000000000003,0.0,1018.98
2022-11-10 05:00:00,7.666666666666665,5.683333333333332,1.0,10.948,100.0,2.4633000000000003,0.0,1019.08
2022-11-10 06:00:00,7.177777777777779,5.716666666666666,1.0,7.969500000000001,128.0,2.9302,0.0,1018.89
2022-11-10 07:00:00,7.605555555555554,5.7055555555555575,0.96,10.4167,138.0,2.8175000000000003,0.0,1019.23
2022-11-10 08:00:00,8.733333333333333,6.472222222222221,0.94,14.2002,140.0,3.3971,0.0,1019.81
2022-11-10 09:00:00,10.905555555555557,10.905555555555557,0.87,15.375500000000002,170.0,4.7978000000000005,0.0,1019.92
2022-11-10 10:00:00,12.550000000000002,12.550000000000002,0.85,9.2897,151.0,5.957000000000001,0.0,1020.31
2022-11-10 11:00:00,14.605555555555554,14.605555555555554,0.74,9.4024,168.0,7.728,0.0,1020.02
2022-11-10 12:00:00,15.899999999999999,15.899999999999999,0.74,9.321900000000001,160.0,7.8729,0.0,1019.5
2022-11-10 13:00:00,17.03333333333333,17.03333333333333,0.67,9.080400000000001,165.0,9.66,0.0,1019.01
2022-11-10 14:00:00,17.083333333333332,17.083333333333332,0.68,9.338000000000001,150.0,9.853200000000001,0.0,1018.99
2022-11-10 15:00:00,17.105555555555554,17.105555555555554,0.68,7.9373000000000005,168.0,9.9015,0.0,1019.08
2022-11-10 16:00:00,14.238888888888889,14.238888888888889,0.81,4.5724,147.0,8.4686,0.0,1019.06
2022-11-10 17:00:00,12.222222222222221,12.222222222222221,0.86,0.483,130.0,4.9427,0.0,1019.28
2022-11-10 18:00:00,11.06111111111111,11.06111111111111,0.93,7.502600000000001,130.0,4.459700000000001,0.0,1019.38
2022-11-10 19:00:00,11.116666666666665,11.116666666666665,0.87,8.2593,128.0,4.2987,0.0,1019.63
2022-11-10 20:00:00,10.966666666666669,10.966666666666669,0.93,7.550900000000001,119.0,3.8801000000000005,0.0,1019.58
2022-11-10 21:00:00,10.433333333333334,10.433333333333334,0.9,6.5044,120.0,3.864,0.0,1019.59
2022-11-10 22:00:00,10.46111111111111,10.46111111111111,0.94,6.4078,141.0,4.7656,0.0,1019.7
2022-11-10 23:00:00,10.577777777777776,10.577777777777776,0.89,10.8836,131.0,3.9767000000000006,0.0,1019.68
2022-11-11 00:00:00,9.305555555555555,7.733333333333334,0.93,10.448900000000002,130.0,4.781700000000001,0.0,1019.86
2022-11-11 01:00:00,9.11111111111111,7.166666666666667,0.9,12.5741,129.0,5.9248,0.0,1019.64
2022-11-11 02:00:00,8.655555555555555,6.816666666666668,0.9,11.270000000000001,130.0,5.8443000000000005,0.0,1019.79
2022-11-11 03:00:00,8.1,6.288888888888889,0.9,10.465,139.0,5.8443000000000005,0.0,1019.51
2022-11-11 04:00:00,7.927777777777781,6.194444444444444,0.91,9.8854,126.0,5.9248,0.0,1019.48
2022-11-11 05:00:00,7.544444444444443,5.038888888888889,0.9,14.023100000000003,139.0,7.695800000000001,0.0,1019.6
2022-11-11 06:00:00,7.522222222222221,5.0666666666666655,0.9,13.636700000000001,139.0,5.8443000000000005,0.0,1019.5
2022-11-11 07:00:00,7.383333333333332,5.361111111111111,0.91,10.835300000000002,145.0,5.570600000000001,0.0,1019.58
2022-11-11 08:00:00,8.677777777777777,7.0055555555555555,0.9,10.3523,149.0,6.7781,0.0,1019.8
2022-11-11 09:00:00,10.899999999999999,10.899999999999999,0.82,12.1072,148.0,7.776300000000001,0.0,1019.51
2022-11-11 10:00:00,12.588888888888887,12.588888888888887,0.79,9.032100000000002,140.0,8.227100000000002,0.0,1019.52
2022-11-11 11:00:00,14.81111111111111,14.81111111111111,0.73,10.770900000000001,148.0,8.0017,0.0,1019.11
2022-11-11 12:00:00,15.950000000000001,15.950000000000001,0.68,12.348700000000001,128.0,8.05,0.0,1018.4
2022-11-11 13:00:00,16.022222222222226,16.022222222222226,0.68,13.234200000000001,127.0,8.7101,0.0,1017.75
2022-11-11 14:00:00,16.105555555555558,16.105555555555558,0.72,12.5419,129.0,8.1305,0.0,1017.19
2022-11-11 15:00:00,16.105555555555558,16.105555555555558,0.67,10.770900000000001,128.0,8.1305,0.0,1017.1
2022-11-11 16:00:00,14.011111111111111,14.011111111111111,0.77,9.0965,130.0,7.921200000000001,0.0,1016.86
2022-11-11 17:00:00,12.055555555555557,12.055555555555557,0.81,9.321900000000001,119.0,7.0357,0.0,1016.69
2022-11-11 18:00:00,12.061111111111112,12.061111111111112,0.82,12.1233,128.0,6.0697,0.0,1016.69
2022-11-11 19:00:00,11.966666666666665,11.966666666666665,0.82,4.9910000000000005,129.0,6.617100000000001,0.0,1016.38
2022-11-11 20:00:00,10.950000000000001,10.950000000000001,0.82,11.0929,128.0,8.790600000000001,0.0,1016.2
2022-11-11 21:00:00,10.394444444444446,10.394444444444446,0.84,10.642100000000001,157.0,8.790600000000001,0.0,1016.37
2022-11-11 22:00:00,9.488888888888887,7.6000000000000005,0.9,12.719000000000001,139.0,8.9677,0.0,1016.13
2022-11-11 23:00:00,9.422222222222224,7.799999999999999,0.87,10.9158,139.0,11.7047,0.0,1015.69
2022-11-12 00:00:00,9.4,7.277777777777778,0.84,14.329,140.0,11.801300000000001,0.0,1015.57
2022-11-12 01:00:00,9.344444444444443,6.988888888888888,0.85,16.0517,140.0,9.837100000000001,0.0,1015.15
2022-11-12 02:00:00,8.794444444444444,6.238888888888887,0.87,16.6474,140.0,9.8049,0.0,1014.77
2022-11-12 03:00:00,8.794444444444444,6.222222222222224,0.87,16.7923,139.0,9.8049,0.0,1014.28
2022-11-12 04:00:00,9.261111111111113,6.622222222222224,0.85,18.386200000000002,149.0,9.837100000000001,0.0,1014.07
2022-11-12 05:00:00,8.75,5.566666666666668,0.84,22.540000000000003,149.0,9.8049,0.0,1013.48
2022-11-12 06:00:00,8.75,6.194444444444444,0.84,16.583000000000002,149.0,8.8872,0.0,1013.28
2022-11-12 07:00:00,8.777777777777777,5.7222222222222205,0.86,21.2198,139.0,9.8693,0.0,1013.26
2022-11-12 08:00:00,9.86111111111111,7.088888888888888,0.84,21.3647,139.0,11.8979,0.0,1013.48
2022-11-12 09:00:00,11.994444444444447,11.994444444444447,0.74,25.9371,149.0,11.9784,0.0,1013.28
2022-11-12 10:00:00,12.133333333333335,12.133333333333335,0.73,23.3289,150.0,14.168000000000003,0.0,1013.55
2022-11-12 11:00:00,12.733333333333334,12.733333333333334,0.73,26.0498,149.0,14.9086,0.0,1013.17
2022-11-12 12:00:00,14.86111111111111,14.86111111111111,0.68,14.1519,149.0,14.9086,0.0,1012.48
2022-11-12 13:00:00,13.972222222222221,13.972222222222221,0.64,23.634800000000002,140.0,14.5222,0.0,1012.09
2022-11-12 14:00:00,13.91111111111111,13.91111111111111,0.68,20.0445,139.0,14.9086,0.0,1011.77
2022-11-12 15:00:00,13.933333333333332,13.933333333333332,0.65,20.1733,139.0,15.134000000000002,0.0,1011.47
2022-11-12 16:00:00,12.788888888888891,12.788888888888891,0.69,13.2825,133.0,14.3612,0.0,1011.49
2022-11-12 17:00:00,12.155555555555557,12.155555555555557,0.73,10.948,148.0,14.9086,0.0,1011.28
2022-11-12 18:00:00,11.116666666666665,11.116666666666665,0.77,11.0768,130.0,14.9086,0.0,1011.38
2022-11-12 19:00:00,10.105555555555554,10.105555555555554,0.83,5.8121,103.0,11.688600000000001,0.0,1011.38
2022-11-12 20:00:00,9.955555555555556,8.683333333333334,0.83,9.466800000000001,101.0,11.9784,0.0,1011.28
2022-11-12 21:00:00,10.466666666666669,10.466666666666669,0.78,13.894300000000003,110.0,11.9784,0.0,1011.07
2022-11-12 22:00:00,9.300000000000002,8.299999999999999,0.82,7.5348,89.0,8.3398,0.0,1010.81
2022-11-12 23:00:00,9.86111111111111,8.305555555555557,0.81,11.0446,99.0,8.05,0.0,1010.5
2022-11-13 00:00:00,9.35,7.716666666666667,0.81,10.8836,108.0,8.0017,0.0,1010.39
2022-11-13 01:00:00,9.155555555555553,7.561111111111111,0.83,10.4167,98.0,8.3076,0.0,1010.42
2022-11-13 02:00:00,7.333333333333335,6.277777777777776,0.89,6.5044,80.0,6.118,0.0,1010.47
2022-11-13 03:00:00,7.799999999999999,5.844444444444446,0.87,10.9319,90.0,7.969500000000001,0.0,1010.18
2022-11-13 04:00:00,6.91111111111111,5.594444444444445,0.9,7.212800000000001,63.0,8.1466,0.0,1009.92
2022-11-13 05:00:00,7.266666666666666,5.155555555555556,0.87,11.2056,70.0,7.824600000000001,0.0,1010.07
2022-11-13 06:00:00,7.822222222222221,6.188888888888889,0.9,9.2575,80.0,7.824600000000001,0.0,1010.19
2022-11-13 07:00:00,8.905555555555557,7.66111111111111,0.85,8.372000000000002,65.0,9.708300000000001,0.0,1010.39
2022-11-13 08:00:00,9.97777777777778,9.733333333333336,0.84,5.0232,70.0,9.6761,0.0,1010.9
2022-11-13 09:00:00,11.038888888888888,11.038888888888888,0.78,3.6386,76.0,11.672500000000001,0.0,1011.3
2022-11-13 10:00:00,12.083333333333334,12.083333333333334,0.76,8.5169,71.0,13.9426,0.0,1011.48
2022-11-13 11:00:00,12.755555555555556,12.755555555555556,0.73,9.450700000000001,70.0,9.7566,0.0,1011.51
2022-11-13 12:00:00,13.77222222222222,13.77222222222222,0.68,8.227100000000002,62.0,14.731500000000002,0.0,1011.42
2022-11-13 13:00:00,14.700000000000001,14.700000000000001,0.7,9.563400000000001,72.0,10.1913,0.0,1011.39
2022-11-13 14:00:00,14.81666666666667,14.81666666666667,0.68,12.3648,89.0,14.731500000000002,0.0,1011.41
2022-11-13 15:00:00,13.794444444444444,13.794444444444444,0.73,10.787,69.0,9.853200000000001,0.0,1011.6
2022-11-13 16:00:00,12.883333333333333,12.883333333333333,0.78,7.1323,69.0,9.837100000000001,0.0,1012.05
2022-11-13 17:00:00,12.66111111111111,12.66111111111111,0.78,7.631400000000001,50.0,9.8049,0.0,1012.42
2022-11-13 18:00:00,12.083333333333334,12.083333333333334,0.81,4.652900000000001,30.0,9.7566,0.0,1012.93
2022-11-13 19:00:00,11.927777777777777,11.927777777777777,0.83,3.1234,19.0,9.7566,0.0,1013.48
2022-11-13 20:00:00,10.044444444444444,10.044444444444444,0.93,2.8336,242.0,11.7047,0.0,1013.92
2022-11-13 21:00:00,10.455555555555556,10.455555555555556,0.89,5.6511,260.0,11.6242,0.0,1014.33
2022-11-13 22:00:00,9.455555555555557,8.944444444444445,0.9,5.6833,319.0,11.3505,0.0,1014.93
2022-11-13 23:00:00,9.394444444444442,8.711111111111112,0.93,6.279,341.0,8.645700000000001,0.0,1015.21
2022-11-14 00:00:00,9.322222222222223,9.322222222222223,0.93,3.22,340.0,7.728,0.0,1015.42
2022-11-14 01:00:00,9.283333333333335,8.649999999999999,0.94,6.0375000000000005,330.0,6.1824,0.0,1015.44
2022-11-14 02:00:00,9.4,8.716666666666665,0.93,6.279,340.0,5.9731000000000005,0.0,1015.45
2022-11-14 03:00:00,8.916666666666664,8.916666666666664,0.93,3.2683,306.0,5.9731000000000005,0.0,1015.63
2022-11-14 04:00:00,8.361111111111109,8.361111111111109,0.96,3.22,311.0,5.763800000000001,0.0,1015.77
2022-11-14 05:00:00,8.850000000000001,8.850000000000001,0.93,4.7495,324.0,6.0697,0.0,1016.02
2022-11-14 06:00:00,8.827777777777778,8.461111111111109,0.93,4.9266000000000005,352.0,6.0697,0.0,1016.12
2022-11-14 07:00:00,8.81111111111111,8.81111111111111,0.93,3.3488,355.0,3.0268,0.0,1016.55
2022-11-14 08:00:00,9.872222222222225,9.872222222222225,0.93,0.1449,30.0,3.1073,0.0,1017.02
2022-11-14 09:00:00,11.027777777777779,11.027777777777779,0.86,4.347,293.0,4.9749,0.0,1017.6
2022-11-14 10:00:00,12.100000000000001,12.100000000000001,0.82,3.4615,350.0,5.8443000000000005,0.0,1017.68
2022-11-14 11:00:00,12.755555555555556,12.755555555555556,0.77,2.9302,339.0,8.05,0.0,1017.7
2022-11-14 12:00:00,12.777777777777779,12.777777777777779,0.77,4.0411,352.0,14.812,0.0,1017.21
2022-11-14 13:00:00,13.944444444444445,13.944444444444445,0.69,4.025,50.0,13.5562,0.0,1017.02
2022-11-14 14:00:00,13.983333333333334,13.983333333333334,0.72,3.22,130.0,14.812,0.0,1016.69
2022-11-14 15:00:00,13.933333333333332,13.933333333333332,0.68,2.7209,26.0,15.729700000000001,0.0,1016.58
2022-11-14 16:00:00,12.988888888888889,12.988888888888889,0.73,0.5957,116.0,9.2897,0.0,1016.81
2022-11-14 17:00:00,12.17222222222222,12.17222222222222,0.81,3.22,120.0,9.8049,0.0,1017.0
2022-11-14 18:00:00,12.049999999999999,12.049999999999999,0.81,4.83,110.0,7.905100000000001,0.0,1017.29
2022-11-14 19:00:00,10.016666666666667,10.016666666666667,0.93,4.347,121.0,6.5849,0.0,1017.64
2022-11-14 20:00:00,10.038888888888888,10.038888888888888,0.86,4.5563,139.0,7.0357,0.0,1017.76
2022-11-14 21:00:00,9.949999999999998,9.38888888888889,0.89,6.166300000000001,130.0,7.0357,0.0,1017.86
2022-11-14 22:00:00,8.883333333333335,8.11111111111111,0.9,6.327300000000001,121.0,7.406,0.0,1017.72
2022-11-14 23:00:00,7.755555555555556,7.755555555555556,0.93,3.2039,121.0,6.8586,0.0,1017.98
2022-11-15 00:00:00,7.733333333333334,6.83888888888889,0.94,6.1502,130.0,6.7942,0.0,1017.97
2022-11-15 01:00:00,7.644444444444442,5.811111111111112,0.9,10.0947,131.0,7.245,0.0,1017.72
2022-11-15 02:00:00,7.033333333333331,4.944444444444444,0.9,10.835300000000002,149.0,6.7781,0.0,1017.59
2022-11-15 03:00:00,7.055555555555557,5.0166666666666675,0.9,10.577700000000002,140.0,6.7781,0.0,1017.11
2022-11-15 04:00:00,7.311111111111109,5.405555555555554,0.89,10.1591,149.0,7.2772,0.0,1017.07
2022-11-15 05:00:00,6.038888888888888,3.7666666666666675,0.93,10.7548,139.0,6.810300000000001,0.0,1016.99
2022-11-15 06:00:00,6.038888888888888,3.8055555555555562,0.94,10.5455,139.0,6.8264000000000005,0.0,1016.7
2022-11-15 07:00:00,6.0555555555555545,4.444444444444445,0.94,7.792400000000001,135.0,6.5849,0.0,1017.26
2022-11-15 08:00:00,7.755555555555556,5.322222222222221,0.9,13.846,140.0,9.8049,0.0,1017.07
2022-11-15 09:00:00,9.927777777777777,7.766666666666664,0.78,15.6009,141.0,14.9086,0.0,1017.16
2022-11-15 10:00:00,11.949999999999998,11.949999999999998,0.74,20.9461,141.0,10.3523,0.0,1016.65
2022-11-15 11:00:00,12.733333333333334,12.733333333333334,0.72,24.633000000000003,150.0,9.982000000000001,0.0,1016.37
2022-11-15 12:00:00,13.838888888888887,13.838888888888887,0.67,23.3289,149.0,9.982000000000001,0.0,1015.74
2022-11-15 13:00:00,14.738888888888889,14.738888888888889,0.6,21.9121,150.0,10.3523,0.0,1014.46
2022-11-15 14:00:00,13.861111111111112,13.861111111111112,0.67,17.259200000000003,150.0,9.982000000000001,0.0,1013.98
2022-11-15 15:00:00,12.822222222222221,12.822222222222221,0.69,13.765500000000001,150.0,9.982000000000001,0.0,1013.87
2022-11-15 16:00:00,11.294444444444444,11.294444444444444,0.71,15.697500000000002,150.0,15.3111,0.0,1014.03
2022-11-15 17:00:00,10.050000000000002,10.050000000000002,0.78,20.6402,140.0,16.1,0.0,1013.94
2022-11-15 18:00:00,8.916666666666664,5.8833333333333355,0.78,21.413000000000004,140.0,16.1,0.0,1014.03
2022-11-15 19:00:00,7.916666666666667,4.755555555555556,0.84,20.0928,147.0,15.1823,0.0,1014.18
2022-11-15 20:00:00,7.755555555555556,4.594444444444446,0.84,19.642,140.0,16.0517,0.0,1013.86
2022-11-15 21:00:00,7.733333333333334,4.911111111111113,0.8,16.711800000000004,140.0,16.0517,0.0,1013.78
2022-11-15 22:00:00,7.138888888888889,4.283333333333334,0.85,15.842400000000001,138.0,14.49,0.0,1013.79
2022-11-15 23:00:00,6.600000000000001,3.9055555555555563,0.87,13.8782,140.0,15.922900000000002,0.0,1013.36
2022-11-16 00:00:00,6.111111111111111,2.8611111111111103,0.89,16.9694,140.0,15.922900000000002,0.0,1013.03
2022-11-16 01:00:00,6.716666666666669,3.6555555555555546,0.87,16.6635,139.0,14.2485,0.0,1012.59
2022-11-16 02:00:00,6.0888888888888895,2.4833333333333325,0.87,19.7869,140.0,14.989100000000002,0.0,1012.26
2022-11-16 03:00:00,6.038888888888888,2.422222222222222,0.87,19.7869,140.0,14.812,0.0,1011.77
2022-11-16 04:00:00,6.661111111111112,2.8611111111111103,0.84,22.974700000000002,148.0,14.0875,0.0,1011.4
2022-11-16 05:00:00,7.127777777777776,3.4777777777777765,0.8,22.797600000000003,149.0,14.812,0.0,1011.16
2022-11-16 06:00:00,7.1499999999999995,3.3611111111111094,0.8,24.3432,140.0,14.812,0.0,1010.96
2022-11-16 07:00:00,7.161111111111111,3.383333333333335,0.81,24.1983,139.0,11.9784,0.0,1011.06
2022-11-16 08:00:00,7.733333333333334,3.966666666666667,0.77,25.872700000000002,149.0,14.812,0.0,1011.27
2022-11-16 09:00:00,7.755555555555556,3.633333333333333,0.77,30.380700000000004,150.0,15.826300000000002,0.0,1011.26
2022-11-16 10:00:00,8.81111111111111,5.305555555555554,0.78,26.565,149.0,10.3523,0.0,1011.25
2022-11-16 11:00:00,8.88888888888889,5.583333333333332,0.83,24.375400000000003,150.0,9.982000000000001,0.0,1011.19
2022-11-16 12:00:00,9.933333333333334,7.772222222222224,0.78,15.616999999999999,151.0,9.982000000000001,0.0,1011.19
2022-11-16 13:00:00,10.816666666666666,10.816666666666666,0.73,22.7815,167.0,9.982000000000001,0.0,1011.04
2022-11-16 14:00:00,9.955555555555556,7.222222222222222,0.78,21.2359,150.0,9.982000000000001,0.0,1010.78
2022-11-16 15:00:00,7.938888888888887,4.377777777777779,0.95,24.262700000000002,159.0,6.295100000000001,0.0,1010.92
2022-11-16 16:00:00,7.927777777777781,5.199999999999999,0.95,16.3737,155.0,7.8729,0.0,1010.96
2022-11-16 17:00:00,7.8500000000000005,5.411111111111112,0.96,14.039200000000001,150.0,5.216400000000001,0.0,1011.06
2022-11-16 18:00:00,7.799999999999999,4.249999999999999,0.96,23.667,141.0,9.6761,0.0,1011.16
2022-11-16 19:00:00,7.750000000000002,4.194444444444443,0.9,23.5382,158.0,9.7888,0.0,1011.11
2022-11-16 20:00:00,7.799999999999999,4.977777777777778,0.9,16.840600000000002,150.0,9.8049,0.0,1011.27
2022-11-16 21:00:00,7.799999999999999,4.977777777777778,0.87,16.856700000000004,150.0,15.649200000000002,0.0,1011.46
2022-11-16 22:00:00,7.683333333333333,4.622222222222223,0.88,18.611600000000003,150.0,14.876400000000002,0.0,1011.4
2022-11-16 23:00:00,7.777777777777778,4.949999999999998,0.87,16.8245,150.0,15.649200000000002,0.0,1011.57
2022-11-17 00:00:00,7.777777777777778,5.3,0.87,14.2002,150.0,15.649200000000002,0.0,1011.47
2022-11-17 01:00:00,7.255555555555556,4.800000000000001,0.9,13.2664,131.0,14.876400000000002,0.0,1011.29
2022-11-17 02:00:00,7.200000000000001,6.172222222222222,0.9,6.327300000000001,110.0,15.729700000000001,0.0,1011.17
2022-11-17 03:00:00,7.177777777777779,6.099999999999998,0.87,6.488300000000001,91.0,15.826300000000002,0.0,1010.49
2022-11-17 04:00:00,6.700000000000001,5.294444444444445,0.9,7.422100000000001,112.0,14.9569,0.0,1010.56
2022-11-17 05:00:00,7.177777777777779,5.088888888888887,0.8,10.996300000000002,101.0,15.826300000000002,0.0,1010.61
2022-11-17 06:00:00,7.161111111111111,4.800000000000001,0.86,12.5097,111.0,9.982000000000001,0.0,1010.79
2022-11-17 07:00:00,7.472222222222224,5.58888888888889,0.85,10.2074,101.0,9.982000000000001,0.0,1010.99
2022-11-17 08:00:00,7.666666666666665,5.211111111111112,0.84,13.894300000000003,108.0,9.982000000000001,0.0,1011.2
2022-11-17 09:00:00,8.800000000000002,5.7555555555555555,0.79,21.2198,119.0,15.697500000000002,0.0,1011.0
2022-11-17 10:00:00,8.88888888888889,6.449999999999999,0.84,15.890699999999999,139.0,10.3523,0.0,1011.25
2022-11-17 11:00:00,9.911111111111113,7.938888888888887,0.78,14.0553,158.0,9.982000000000001,0.0,1011.41
2022-11-17 12:00:00,9.933333333333334,8.58888888888889,0.83,9.8854,140.0,9.982000000000001,0.0,1011.31
2022-11-17 13:00:00,10.055555555555555,10.055555555555555,0.83,13.105400000000001,152.0,10.3523,0.0,1011.24
2022-11-17 14:00:00,10.972222222222221,10.972222222222221,0.78,9.708300000000001,149.0,9.982000000000001,0.0,1011.41
2022-11-17 15:00:00,10.972222222222221,10.972222222222221,0.8,7.953400000000001,177.0,9.982000000000001,0.0,1011.61
2022-11-17 16:00:00,10.977777777777776,10.977777777777776,0.82,8.4847,187.0,8.420300000000001,0.0,1011.8
2022-11-17 17:00:00,9.888888888888888,9.888888888888888,0.86,3.2039,139.0,8.1305,0.0,1012.0
2022-11-17 18:00:00,8.850000000000001,7.655555555555556,0.93,8.05,180.0,7.212800000000001,0.0,1012.5
2022-11-17 19:00:00,9.633333333333335,8.861111111111112,0.88,6.7942,187.0,7.2772,0.0,1012.87
2022-11-17 20:00:00,8.822222222222223,7.677777777777777,0.89,7.824600000000001,167.0,7.212800000000001,0.0,1012.9
2022-11-17 21:00:00,8.844444444444445,8.844444444444445,0.89,3.3649,146.0,8.05,0.0,1013.0
2022-11-17 22:00:00,8.199999999999998,8.199999999999998,0.9,3.9123000000000006,123.0,7.985600000000001,0.0,1013.23
2022-11-17 23:00:00,7.827777777777779,6.877777777777779,0.96,6.3756,131.0,4.6207,0.0,1013.28
2022-11-18 00:00:00,7.827777777777779,5.944444444444446,0.93,10.577700000000002,130.0,4.588500000000001,0.0,1013.27
2022-11-18 01:00:00,5.7055555555555575,4.41111111111111,0.94,6.44,129.0,4.459700000000001,0.0,1013.36
2022-11-18 02:00:00,5.78888888888889,3.405555555555557,0.93,11.0607,100.0,4.524100000000001,0.0,1012.55
2022-11-18 03:00:00,5.744444444444446,2.7722222222222235,0.93,14.425600000000003,110.0,4.524100000000001,0.0,1012.23
2022-11-18 04:00:00,6.605555555555556,3.1944444444444446,0.9,19.2878,108.0,8.2593,0.0,1011.31
2022-11-18 05:00:00,7.733333333333334,4.372222222222221,0.84,21.541800000000002,119.0,9.9015,0.0,1010.56
2022-11-18 06:00:00,7.755555555555556,4.255555555555554,0.84,23.0391,129.0,15.134000000000002,0.0,1009.97
2022-11-18 07:00:00,7.688888888888891,4.094444444444443,0.85,23.8119,117.0,10.2235,0.0,1009.93
2022-11-18 08:00:00,8.822222222222223,5.277777777777778,0.84,27.0319,130.0,9.982000000000001,0.0,1009.69
2022-11-18 09:00:00,7.777777777777778,5.938888888888887,0.96,10.2718,207.0,9.982000000000001,0.0,1010.63
2022-11-18 10:00:00,8.894444444444442,7.227777777777776,0.9,10.5455,123.0,9.7405,0.0,1011.82
2022-11-18 11:00:00,9.883333333333333,6.688888888888888,0.87,26.4523,110.0,9.982000000000001,0.0,1011.07
2022-11-18 12:00:00,11.038888888888888,11.038888888888888,0.81,17.0821,178.0,9.982000000000001,0.0,1010.15
2022-11-18 13:00:00,11.233333333333333,11.233333333333333,0.81,12.477500000000001,151.0,10.3523,0.0,1010.77
2022-11-18 14:00:00,12.799999999999999,12.799999999999999,0.77,15.665300000000002,151.0,9.982000000000001,0.0,1010.55
2022-11-18 15:00:00,12.288888888888888,12.288888888888888,0.8,14.1841,160.0,16.1,0.0,1010.64
2022-11-18 16:00:00,11.18888888888889,11.18888888888889,0.81,13.620600000000001,150.0,15.520400000000002,0.0,1011.01
2022-11-18 17:00:00,10.02222222222222,10.02222222222222,0.86,17.0338,159.0,15.826300000000002,0.0,1011.64
2022-11-18 18:00:00,8.883333333333335,6.683333333333334,0.89,14.039200000000001,150.0,15.826300000000002,0.0,1012.31
2022-11-18 19:00:00,7.855555555555556,5.516666666666667,0.9,13.4113,142.0,14.876400000000002,0.0,1012.1
2022-11-18 20:00:00,7.244444444444444,5.166666666666665,0.93,11.012400000000001,132.0,15.729700000000001,0.0,1012.34
2022-11-18 21:00:00,6.71111111111111,3.9833333333333343,0.93,14.2807,131.0,15.649200000000002,0.0,1012.27
2022-11-18 22:00:00,6.833333333333332,5.605555555555558,0.9,6.8425,127.0,14.876400000000002,0.0,1012.54
2022-11-18 23:00:00,6.755555555555554,4.6333333333333355,0.9,10.706500000000002,150.0,14.812,0.0,1012.9
2022-11-19 00:00:00,6.688888888888888,5.750000000000001,0.94,5.796,301.0,9.7566,0.0,1013.44
2022-11-19 01:00:00,7.1499999999999995,5.083333333333332,0.93,10.835300000000002,118.0,13.9748,0.0,1012.95
2022-11-19 02:00:00,7.11111111111111,4.461111111111112,0.9,14.3451,132.0,15.504300000000002,0.0,1012.59
2022-11-19 03:00:00,6.072222222222222,3.7722222222222217,0.9,10.8997,140.0,14.586600000000002,0.0,1012.7
2022-11-19 04:00:00,5.999999999999998,3.444444444444446,0.94,12.2521,130.0,11.414900000000001,0.0,1012.68
2022-11-19 05:00:00,6.1833333333333345,6.1833333333333345,0.94,3.0751,200.0,14.586600000000002,0.0,1013.19
2022-11-19 06:00:00,6.205555555555557,6.205555555555557,0.93,4.83,90.0,11.672500000000001,0.0,1013.17
2022-11-19 07:00:00,6.105555555555557,6.105555555555557,1.0,4.250400000000001,111.0,1.4973,0.0,1013.28
2022-11-19 08:00:00,7.177777777777779,5.699999999999999,0.94,8.033900000000001,89.0,0.7245,0.0,1014.28
2022-11-19 09:00:00,7.244444444444444,7.244444444444444,1.0,4.6851,186.0,1.449,0.0,1014.7
2022-11-19 10:00:00,7.744444444444444,7.744444444444444,0.96,4.314800000000001,235.0,2.9946,0.0,1014.82
2022-11-19 11:00:00,7.872222222222224,6.544444444444445,0.96,7.889000000000001,301.0,4.9105,0.0,1014.83
2022-11-19 12:00:00,7.894444444444446,6.655555555555554,0.96,7.5187,283.0,2.5277000000000003,0.0,1015.02
2022-11-19 13:00:00,8.144444444444442,6.949999999999999,0.95,7.5348,310.0,6.5044,0.0,1015.08
2022-11-19 14:00:00,8.955555555555556,7.188888888888887,0.89,11.2056,302.0,6.9069,0.0,1015.53
2022-11-19 15:00:00,8.955555555555556,7.444444444444445,0.89,9.7405,320.0,6.021400000000001,0.0,1016.02
2022-11-19 16:00:00,8.455555555555556,8.455555555555556,0.93,4.1055,316.0,6.7781,0.0,1016.24
2022-11-19 17:00:00,8.75,7.000000000000001,0.89,10.8836,310.0,5.216400000000001,0.0,1016.93
2022-11-19 18:00:00,8.838888888888887,7.333333333333335,0.89,9.579500000000001,310.0,6.295100000000001,0.0,1017.5
2022-11-19 19:00:00,7.249999999999998,4.849999999999998,0.94,12.9122,289.0,6.488300000000001,0.0,1017.72
2022-11-19 20:00:00,6.205555555555557,3.866666666666667,0.87,11.270000000000001,290.0,7.212800000000001,0.0,1018.25
2022-11-19 21:00:00,5.138888888888889,2.1000000000000005,0.93,13.9587,271.0,7.212800000000001,0.0,1018.84
2022-11-19 22:00:00,5.311111111111113,2.3277777777777766,0.9,13.8621,280.0,7.631400000000001,0.0,1019.32
2022-11-19 23:00:00,5.627777777777779,2.2388888888888894,0.9,17.114300000000004,290.0,9.982000000000001,0.0,1019.63
2022-11-20 00:00:00,4.61111111111111,1.4222222222222234,0.92,14.1358,271.0,9.982000000000001,0.0,1019.84
2022-11-20 01:00:00,5.205555555555554,2.2499999999999982,0.9,13.5562,270.0,9.982000000000001,0.0,1020.19
2022-11-20 02:00:00,6.205555555555557,2.938888888888888,0.89,17.243100000000002,290.0,10.2074,0.0,1020.03
2022-11-20 03:00:00,6.666666666666667,3.944444444444445,0.89,14.1519,290.0,9.982000000000001,0.0,1020.05
2022-11-20 04:00:00,6.544444444444445,3.522222222222224,0.9,16.035600000000002,288.0,9.982000000000001,0.0,1020.14
2022-11-20 05:00:00,7.177777777777779,3.811111111111111,0.93,20.2055,291.0,9.9015,0.0,1020.36
2022-11-20 06:00:00,7.200000000000001,3.8333333333333326,0.86,20.2377,309.0,9.9015,0.0,1020.57
2022-11-20 07:00:00,6.9722222222222205,3.75,0.88,18.418400000000002,318.0,9.837100000000001,0.0,1020.83
2022-11-20 08:00:00,7.1499999999999995,4.322222222222223,0.93,15.697500000000002,300.0,9.7566,0.0,1021.38
2022-11-20 09:00:00,7.733333333333334,5.022222222222222,0.89,15.810200000000002,319.0,9.853200000000001,0.0,1022.15
2022-11-20 10:00:00,8.777777777777777,6.227777777777778,0.84,16.5669,318.0,9.982000000000001,0.0,1022.44
2022-11-20 11:00:00,7.872222222222224,4.53888888888889,0.89,21.6062,310.0,9.982000000000001,0.0,1022.66
2022-11-20 12:00:00,8.93888888888889,6.383333333333335,0.83,16.9372,330.0,9.982000000000001,0.0,1022.74
2022-11-20 13:00:00,8.994444444444444,6.7444444444444445,0.82,14.570500000000003,338.0,10.3523,0.0,1022.62
2022-11-20 14:00:00,9.955555555555556,8.444444444444446,0.83,10.8836,319.0,9.982000000000001,0.0,1022.72
2022-11-20 15:00:00,9.955555555555556,8.694444444444445,0.83,9.4185,308.0,9.982000000000001,0.0,1022.82
2022-11-20 16:00:00,8.872222222222222,7.455555555555557,0.82,9.177000000000001,291.0,10.1752,0.0,1022.8
2022-11-20 17:00:00,7.799999999999999,6.416666666666665,0.89,8.0822,262.0,9.982000000000001,0.0,1022.93
2022-11-20 18:00:00,7.755555555555556,5.744444444444446,0.83,11.2056,263.0,9.982000000000001,0.0,1023.14
2022-11-20 19:00:00,7.583333333333333,5.450000000000001,0.84,11.7208,289.0,9.6278,0.0,1023.68
2022-11-20 20:00:00,7.477777777777779,4.911111111111113,0.84,14.329,290.0,9.8049,0.0,1023.55
2022-11-20 21:00:00,6.855555555555558,3.7333333333333325,0.84,17.3558,281.0,14.6832,0.0,1024.04
2022-11-20 22:00:00,5.811111111111112,3.672222222222222,0.85,9.8693,306.0,13.9426,0.0,1024.1
2022-11-20 23:00:00,4.216666666666669,4.216666666666669,0.9,3.5742000000000007,299.0,14.586600000000002,0.0,1024.24
2022-11-21 00:00:00,3.800000000000002,1.0611111111111091,0.93,10.835300000000002,281.0,14.6832,0.0,1024.35
2022-11-21 01:00:00,3.3888888888888897,0.7222222222222207,0.93,10.126900000000001,282.0,9.7888,0.0,1024.27
2022-11-21 02:00:00,3.7555555555555546,2.1499999999999986,0.93,6.4722,299.0,7.905100000000001,0.0,1024.34
2022-11-21 03:00:00,4.31111111111111,2.8500000000000014,0.9,6.295100000000001,350.0,7.905100000000001,0.0,1024.15
2022-11-21 04:00:00,4.222222222222223,4.222222222222223,0.93,3.1395,333.0,8.227100000000002,0.0,1024.36
2022-11-21 05:00:00,3.800000000000002,3.800000000000002,1.0,3.1878,338.0,2.0769,0.0,1024.32
2022-11-21 06:00:00,3.761111111111113,3.761111111111113,1.0,3.1073,313.0,0.8372,0.0,1024.34
2022-11-21 07:00:00,4.677777777777779,4.677777777777779,0.94,1.2719,317.0,1.7710000000000004,0.0,1025.11
2022-11-21 08:00:00,4.755555555555556,4.755555555555556,0.93,2.5921000000000003,264.0,2.3023000000000002,0.0,1025.33
2022-11-21 09:00:00,5.888888888888889,5.888888888888889,0.93,1.5778,197.0,4.7495,0.0,1025.36
2022-11-21 10:00:00,5.872222222222223,5.872222222222223,0.81,3.7996,180.0,7.8729,0.0,1025.76
2022-11-21 11:00:00,7.127777777777776,5.761111111111109,0.74,7.550900000000001,211.0,7.905100000000001,0.0,1025.63
2022-11-21 12:00:00,7.194444444444446,4.9333333333333345,0.79,11.9945,243.0,7.905100000000001,0.0,1025.52
2022-11-21 13:00:00,6.2333333333333325,4.549999999999999,0.8,8.1949,261.0,6.1985,0.0,1025.48
2022-11-21 14:00:00,7.216666666666669,5.844444444444446,0.74,7.631400000000001,261.0,6.166300000000001,0.0,1025.21
2022-11-21 15:00:00,6.177777777777776,3.688888888888889,0.86,12.075000000000001,310.0,6.166300000000001,0.0,1025.6
2022-11-21 16:00:00,6.066666666666667,4.155555555555554,0.81,9.064300000000001,312.0,6.118,0.0,1025.59
2022-11-21 17:00:00,5.0666666666666655,3.2222222222222205,0.86,8.033900000000001,279.0,6.0697,0.0,1025.89
2022-11-21 18:00:00,5.044444444444443,2.866666666666665,0.86,9.3702,240.0,6.0697,0.0,1026.08
2022-11-21 19:00:00,3.3388888888888877,1.122222222222224,0.95,8.2754,273.0,6.0858,0.0,1026.11
2022-11-21 20:00:00,2.449999999999998,2.449999999999998,0.92,1.8193,275.0,4.025,0.0,1026.2
2022-11-21 21:00:00,1.8944444444444426,1.8944444444444426,0.93,3.0751,320.0,3.059,0.0,1026.5
2022-11-21 22:00:00,2.972222222222223,2.972222222222223,0.96,2.9302,19.0,4.347,0.0,1026.55
2022-11-21 23:00:00,2.938888888888888,2.938888888888888,0.96,0.0,0.0,3.9767000000000006,0.0,1026.61
2022-11-22 00:00:00,3.3999999999999986,3.3999999999999986,0.96,0.0,0.0,3.9767000000000006,0.0,1026.41
2022-11-22 01:00:00,3.2055555555555575,3.2055555555555575,0.96,3.22,200.0,4.0733,0.0,1026.6
2022-11-22 02:00:00,3.938888888888891,3.938888888888891,0.92,3.22,300.0,3.9767000000000006,0.0,1026.7
2022-11-22 03:00:00,3.938888888888891,3.938888888888891,0.92,3.22,240.0,3.9767000000000006,0.0,1026.51
2022-11-22 04:00:00,3.816666666666665,2.7777777777777777,0.93,4.9427,251.0,4.4919,0.0,1026.59
2022-11-22 05:00:00,3.938888888888891,3.938888888888891,0.92,3.22,200.0,3.5581,0.0,1026.51
2022-11-22 06:00:00,3.938888888888891,3.938888888888891,0.92,0.3703,200.0,2.6404,0.0,1026.59
2022-11-22 07:00:00,3.916666666666665,3.916666666666665,0.93,2.8658,168.0,2.0125,0.0,1026.64
2022-11-22 08:00:00,3.9611111111111126,3.9611111111111126,1.0,3.22,180.0,2.5921000000000003,0.0,1027.09
2022-11-22 09:00:00,5.050000000000002,5.050000000000002,0.93,3.22,190.0,2.5921000000000003,0.0,1027.4
2022-11-22 10:00:00,6.016666666666666,6.016666666666666,0.87,2.8175000000000003,216.0,3.5098000000000003,0.0,1028.03
2022-11-22 11:00:00,7.222222222222222,7.222222222222222,0.79,0.1288,120.0,3.5420000000000007,0.0,1028.19
2022-11-22 12:00:00,7.266666666666666,7.266666666666666,0.73,3.22,180.0,6.0053,0.0,1027.91
2022-11-22 13:00:00,7.777777777777778,7.777777777777778,0.76,3.22,320.0,7.647500000000001,0.0,1027.73
2022-11-22 14:00:00,7.755555555555556,7.755555555555556,0.63,3.22,300.0,7.969500000000001,0.0,1027.6
2022-11-22 15:00:00,7.755555555555556,7.755555555555556,0.59,3.22,310.0,9.9015,0.0,1027.7
2022-11-22 16:00:00,7.255555555555556,7.255555555555556,0.65,3.3488,50.0,9.9015,0.0,1027.91
2022-11-22 17:00:00,7.1499999999999995,7.1499999999999995,0.66,3.22,70.0,9.9015,0.0,1028.2
2022-11-22 18:00:00,6.111111111111111,6.111111111111111,0.71,1.5295,330.0,9.853200000000001,0.0,1028.31
2022-11-22 19:00:00,7.016666666666668,7.016666666666668,0.63,2.4794,2.0,9.837100000000001,0.0,1028.43
2022-11-22 20:00:00,7.083333333333333,7.083333333333333,0.67,1.61,20.0,9.8049,0.0,1028.72
2022-11-22 21:00:00,5.999999999999998,5.999999999999998,0.8,3.2039,31.0,14.731500000000002,0.0,1028.91
2022-11-22 22:00:00,5.4944444444444445,5.4944444444444445,0.79,2.6565,43.0,14.023100000000003,0.0,1029.01
2022-11-22 23:00:00,5.422222222222221,5.422222222222221,0.87,3.22,30.0,11.7047,0.0,1029.31
2022-11-23 00:00:00,5.444444444444443,5.444444444444443,0.8,0.0,0.0,11.7047,0.0,1029.22
2022-11-23 01:00:00,4.8055555555555545,4.8055555555555545,0.87,2.5599000000000003,14.0,11.4471,0.0,1029.14
2022-11-23 02:00:00,4.977777777777778,4.977777777777778,0.83,0.0,0.0,11.7047,0.0,1029.62
2022-11-23 03:00:00,4.466666666666666,4.466666666666666,0.92,3.0751,330.0,9.708300000000001,0.0,1029.71
2022-11-23 04:00:00,4.400000000000001,4.400000000000001,0.9,3.22,0.0,9.7566,0.0,1029.69
2022-11-23 05:00:00,3.9111111111111105,3.9111111111111105,0.92,3.22,40.0,9.708300000000001,0.0,1029.81
2022-11-23 06:00:00,3.8611111111111125,3.8611111111111125,0.92,0.0,0.0,5.9731000000000005,0.0,1029.8
2022-11-23 07:00:00,3.555555555555555,3.555555555555555,0.92,3.0751,342.0,6.552700000000001,0.0,1029.77
2022-11-23 08:00:00,4.883333333333333,4.883333333333333,0.93,0.0,0.0,5.9731000000000005,0.0,1030.53
2022-11-23 09:00:00,6.133333333333333,6.133333333333333,0.86,3.3971,23.0,6.9069,0.0,1030.73
2022-11-23 10:00:00,7.222222222222222,7.222222222222222,0.78,4.7656,31.0,8.3881,0.0,1031.28
2022-11-23 11:00:00,7.822222222222221,7.822222222222221,0.63,4.6046000000000005,81.0,9.7566,0.0,1031.31
2022-11-23 12:00:00,7.777777777777778,7.777777777777778,0.59,4.6207,71.0,9.9015,0.0,1031.11
2022-11-23 13:00:00,7.827777777777779,6.5388888888888905,0.54,7.695800000000001,23.0,9.8049,0.0,1030.77
2022-11-23 14:00:00,7.799999999999999,5.894444444444444,0.59,10.6582,41.0,9.9015,0.0,1030.33
2022-11-23 15:00:00,7.266666666666666,5.533333333333334,0.6,9.2414,52.0,9.982000000000001,0.0,1030.5
2022-11-23 16:00:00,7.1333333333333355,5.46111111111111,0.61,8.8389,40.0,9.3702,0.0,1030.46
2022-11-23 17:00:00,6.0888888888888895,6.0888888888888895,0.66,4.652900000000001,42.0,9.8049,0.0,1030.58
2022-11-23 18:00:00,7.083333333333333,5.638888888888888,0.62,7.824600000000001,60.0,9.8049,0.0,1030.51
2022-11-23 19:00:00,5.933333333333334,5.933333333333334,0.72,3.3327,26.0,9.2897,0.0,1030.37
2022-11-23 20:00:00,5.972222222222222,5.972222222222222,0.71,0.1449,20.0,9.7566,0.0,1030.62
2022-11-23 21:00:00,5.466666666666669,5.466666666666669,0.8,0.0,0.0,14.6832,0.0,1030.73
2022-11-23 22:00:00,5.416666666666667,5.416666666666667,0.77,3.3971,17.0,13.4435,0.0,1030.82
2022-11-23 23:00:00,5.488888888888891,5.488888888888891,0.77,3.22,50.0,11.753,0.0,1030.71
2022-11-24 00:00:00,4.466666666666666,4.466666666666666,0.82,0.0,0.0,11.801300000000001,0.0,1030.05
2022-11-24 01:00:00,4.7,4.7,0.8,2.3345000000000002,350.0,10.996300000000002,0.0,1029.88
2022-11-24 02:00:00,3.377777777777777,1.722222222222223,0.89,6.44,10.0,11.8496,0.0,1030.11
2022-11-24 03:00:00,2.7999999999999994,2.7999999999999994,0.89,3.22,20.0,11.8496,0.0,1029.7
2022-11-24 04:00:00,1.3333333333333326,1.3333333333333326,0.92,3.1556,21.0,8.3076,0.0,1029.26
2022-11-24 05:00:00,1.25,-0.10555555555555626,0.92,4.8783,25.0,8.0017,0.0,1029.21
2022-11-24 06:00:00,1.1555555555555546,1.1555555555555546,0.92,3.22,80.0,3.1395,0.0,1029.03
2022-11-24 07:00:00,0.26111111111111046,0.26111111111111046,0.99,4.4436,37.0,3.2844,0.0,1029.04
2022-11-24 08:00:00,1.0888888888888895,1.0888888888888895,0.93,3.3166,35.0,3.6064000000000007,0.0,1029.41
2022-11-24 09:00:00,4.905555555555555,4.905555555555555,0.82,4.6851,71.0,7.969500000000001,0.0,1029.2
2022-11-24 10:00:00,6.9722222222222205,5.061111111111111,0.64,9.837100000000001,91.0,11.141200000000001,0.0,1028.95
2022-11-24 11:00:00,7.705555555555555,7.705555555555555,0.54,4.6690000000000005,153.0,9.982000000000001,0.0,1028.72
2022-11-24 12:00:00,7.755555555555556,6.466666666666667,0.54,7.647500000000001,156.0,9.982000000000001,0.0,1028.23
2022-11-24 13:00:00,7.305555555555555,5.777777777777777,0.6,8.355900000000002,125.0,10.3523,0.0,1027.9
2022-11-24 14:00:00,7.266666666666666,5.82222222222222,0.6,7.953400000000001,127.0,9.982000000000001,0.0,1027.7
2022-11-24 15:00:00,7.755555555555556,6.050000000000001,0.63,9.563400000000001,100.0,9.982000000000001,0.0,1027.68
2022-11-24 16:00:00,6.15,5.316666666666666,0.69,5.2325,103.0,13.379100000000001,0.0,1027.67
2022-11-24 17:00:00,7.122222222222222,5.633333333333334,0.66,8.033900000000001,109.0,9.982000000000001,0.0,1028.9
2022-11-24 18:00:00,5.811111111111112,4.094444444444443,0.67,8.05,80.0,9.982000000000001,0.0,1028.61
2022-11-24 19:00:00,4.783333333333333,2.6999999999999997,0.73,8.774500000000002,93.0,12.397,0.0,1028.91
2022-11-24 20:00:00,2.688888888888891,0.42777777777777953,0.83,8.033900000000001,91.0,11.801300000000001,0.0,1029.0
2022-11-24 21:00:00,2.6611111111111105,2.6611111111111105,0.83,3.1234,126.0,14.6832,0.0,1029.29
2022-11-24 22:00:00,2.727777777777776,-0.11111111111111072,0.81,10.2879,132.0,13.4435,0.0,1029.33
2022-11-24 23:00:00,1.2666666666666673,1.2666666666666673,0.86,3.1878,175.0,14.6349,0.0,1029.85
2022-11-25 00:00:00,0.7611111111111097,-2.5333333333333328,0.89,10.577700000000002,150.0,14.6349,0.0,1029.98
2022-11-25 01:00:00,1.3277777777777782,-1.761111111111112,0.86,10.2074,159.0,13.9748,0.0,1029.81
2022-11-25 02:00:00,0.7611111111111097,0.7611111111111097,0.89,3.3971,141.0,14.7637,0.0,1030.52
2022-11-25 03:00:00,1.761111111111112,-1.3888888888888888,0.86,10.8192,140.0,14.731500000000002,0.0,1029.59
2022-11-25 04:00:00,1.7277777777777774,-1.900000000000001,0.86,13.0571,141.0,8.227100000000002,0.0,1029.56
2022-11-25 05:00:00,2.2666666666666657,1.0055555555555569,0.8,4.9910000000000005,161.0,8.0017,0.0,1029.89
2022-11-25 06:00:00,2.244444444444444,2.244444444444444,0.8,4.7978000000000005,170.0,8.0017,0.0,1029.89
2022-11-25 07:00:00,2.2777777777777786,-0.29444444444444506,0.82,8.8872,127.0,8.3398,0.0,1029.84
2022-11-25 08:00:00,2.2666666666666657,-0.7277777777777771,0.8,10.5938,130.0,11.8979,0.0,1029.59
2022-11-25 09:00:00,2.7777777777777777,0.19444444444444522,0.83,9.2897,129.0,15.729700000000001,0.0,1029.31
2022-11-25 10:00:00,3.9055555555555563,1.5777777777777797,0.72,9.1126,87.0,10.2718,0.0,1029.65
2022-11-25 11:00:00,3.9111111111111105,1.2166666666666655,0.82,10.706500000000002,82.0,9.9015,0.0,1029.21
2022-11-25 12:00:00,4.994444444444445,2.2499999999999982,0.76,12.1072,72.0,10.0786,0.0,1028.69
2022-11-25 13:00:00,5.083333333333332,2.5999999999999996,0.69,10.8192,76.0,10.3523,0.0,1028.13
2022-11-25 14:00:00,4.972222222222224,4.972222222222224,0.71,3.6869,71.0,9.9015,0.0,1027.8
2022-11-25 15:00:00,4.972222222222224,2.766666666666665,0.76,9.434600000000001,51.0,9.853200000000001,0.0,1027.51
2022-11-25 16:00:00,4.949999999999998,2.883333333333332,0.76,8.8389,42.0,7.840700000000001,0.0,1027.47
2022-11-25 17:00:00,3.8611111111111125,1.1444444444444457,0.82,10.787,51.0,6.118,0.0,1027.52
2022-11-25 18:00:00,3.838888888888887,1.5333333333333323,0.83,8.9677,50.0,6.118,0.0,1027.63
2022-11-25 19:00:00,3.8055555555555562,1.0500000000000003,0.84,10.9158,49.0,5.699400000000001,0.0,1027.53
2022-11-25 20:00:00,2.7111111111111126,0.09444444444444539,0.89,9.3541,50.0,4.9427,0.0,1027.62
2022-11-25 21:00:00,3.238888888888888,0.3722222222222232,0.86,10.8997,60.0,5.9731000000000005,0.0,1027.63
2022-11-25 22:00:00,2.8388888888888886,0.20555555555555413,0.87,9.5151,49.0,6.552700000000001,0.0,1027.64
2022-11-25 23:00:00,2.705555555555554,0.944444444444446,0.86,6.44,20.0,5.9087000000000005,0.0,1027.72
2022-11-26 00:00:00,1.1333333333333329,-0.7888888888888899,0.93,6.230700000000001,9.0,4.8139,0.0,1027.52
2022-11-26 01:00:00,1.7388888888888903,0.0611111111111108,0.93,5.8121,1.0,4.8139,0.0,1027.23
2022-11-26 02:00:00,1.6222222222222231,-0.30555555555555597,0.93,6.44,30.0,2.9946,0.0,1026.94
2022-11-26 03:00:00,1.161111111111113,1.161111111111113,0.92,3.2039,339.0,1.932,0.0,1026.63
2022-11-26 04:00:00,-0.11111111111111072,-0.11111111111111072,0.93,3.059,7.0,2.7853000000000003,0.0,1026.62
2022-11-26 05:00:00,-0.9444444444444441,-0.9444444444444441,0.93,3.22,0.0,0.27370000000000005,0.0,1026.51
2022-11-26 06:00:00,0.07222222222222364,0.07222222222222364,0.93,1.61,280.0,0.27370000000000005,0.0,1026.4
2022-11-26 07:00:00,0.35555555555555585,0.35555555555555585,0.99,3.1073,52.0,0.9177,0.0,1026.46
2022-11-26 08:00:00,1.1388888888888873,1.1388888888888873,1.0,1.5295,70.0,1.1592,0.0,1026.5
2022-11-26 09:00:00,2.2222222222222223,2.2222222222222223,1.0,4.6046000000000005,127.0,1.4651,0.0,1026.51
2022-11-26 10:00:00,2.9166666666666665,1.7777777777777795,0.94,4.8944,119.0,3.9445000000000006,0.0,1026.61
2022-11-26 11:00:00,2.894444444444445,0.7388888888888879,0.89,7.776300000000001,140.0,3.9767000000000006,0.0,1026.3
2022-11-26 12:00:00,2.933333333333334,2.933333333333334,0.95,1.932,135.0,4.4436,0.0,1025.9
2022-11-26 13:00:00,4.022222222222223,4.022222222222223,0.76,3.7996,130.0,7.647500000000001,0.0,1025.42
2022-11-26 14:00:00,3.8833333333333346,3.8833333333333346,0.82,2.7048,354.0,7.7440999999999995,0.0,1024.99
2022-11-26 15:00:00,3.838888888888887,1.8833333333333337,0.83,7.6636,35.0,5.8765,0.0,1024.79
2022-11-26 16:00:00,2.9666666666666686,0.6944444444444444,0.87,8.2593,38.0,5.0393,0.0,1024.62
2022-11-26 17:00:00,2.755555555555556,0.18333333333333238,0.89,9.2253,43.0,4.7978000000000005,0.0,1024.61
2022-11-26 18:00:00,2.755555555555556,0.16111111111111065,0.89,9.321900000000001,71.0,4.9105,0.0,1024.51
2022-11-26 19:00:00,2.7777777777777777,-0.016666666666667298,0.9,10.1591,72.0,6.0375000000000005,0.0,1024.54
2022-11-26 20:00:00,2.194444444444446,-1.1722222222222218,0.92,12.236,81.0,5.9731000000000005,0.0,1024.41
2022-11-26 21:00:00,2.194444444444446,-0.8777777777777769,0.89,10.867500000000001,81.0,5.9731000000000005,0.0,1024.6
2022-11-26 22:00:00,1.8277777777777773,0.15000000000000174,0.9,5.8604,79.0,5.313,0.0,1024.73
2022-11-26 23:00:00,1.0833333333333348,-0.9222222222222223,0.96,6.423900000000001,72.0,4.025,0.0,1024.71
2022-11-27 00:00:00,1.0611111111111091,-0.9000000000000006,0.92,6.3112,82.0,3.5259,0.0,1024.41
2022-11-27 01:00:00,0.7222222222222207,-1.1444444444444437,0.95,5.9087000000000005,77.0,3.1878,0.0,1024.13
2022-11-27 02:00:00,0.8833333333333352,0.8833333333333352,0.93,3.5420000000000007,73.0,1.9642000000000002,0.0,1023.91
2022-11-27 03:00:00,0.8833333333333352,0.8833333333333352,0.93,3.3166,55.0,2.9624,0.0,1023.52
2022-11-27 04:00:00,0.7999999999999987,-2.333333333333333,0.92,9.965900000000001,54.0,4.008900000000001,0.0,1023.26
2022-11-27 05:00:00,0.8611111111111095,-1.6499999999999995,0.93,7.8084999999999996,71.0,2.9624,0.0,1023.02
2022-11-27 06:00:00,0.9333333333333331,-1.6055555555555558,0.93,7.9373000000000005,72.0,6.8264000000000005,0.0,1022.82
2022-11-27 07:00:00,-0.29999999999999954,-3.677777777777779,0.93,10.0786,70.0,2.737,0.0,1022.93
2022-11-27 08:00:00,-0.06666666666666722,-3.9777777777777774,0.93,12.525800000000002,91.0,2.9624,0.0,1023.01
2022-11-27 09:00:00,-0.044444444444443496,-3.5888888888888895,0.93,10.9641,62.0,3.1395,0.0,1023.1
2022-11-27 10:00:00,0.9777777777777766,-2.0722222222222224,0.81,9.8049,97.0,3.2522,0.0,1022.85
2022-11-27 11:00:00,2.7111111111111126,0.09444444444444539,0.77,9.3702,108.0,6.0053,0.0,1022.31
2022-11-27 12:00:00,4.788888888888888,1.6888888888888884,0.66,13.894300000000003,118.0,6.166300000000001,0.0,1021.72
2022-11-27 13:00:00,3.7777777777777763,0.9222222222222203,0.66,11.3505,107.0,7.9373000000000005,0.0,1021.04
2022-11-27 14:00:00,3.7722222222222217,0.9722222222222222,0.65,11.0768,90.0,7.969500000000001,0.0,1020.64
2022-11-27 15:00:00,2.7333333333333343,-1.1000000000000003,0.76,15.439900000000002,71.0,7.969500000000001,0.0,1020.62
2022-11-27 16:00:00,2.4944444444444454,-1.0277777777777786,0.77,13.379100000000001,85.0,5.216400000000001,0.0,1020.63
2022-11-27 17:00:00,2.194444444444446,-1.849999999999999,0.79,15.939000000000002,71.0,4.588500000000001,0.0,1020.5
2022-11-27 18:00:00,2.194444444444446,-1.5166666666666668,0.85,14.023100000000003,81.0,4.524100000000001,0.0,1020.4
2022-11-27 19:00:00,2.311111111111109,-1.1333333333333329,0.85,12.735100000000001,73.0,5.3452,0.0,1020.42
2022-11-27 20:00:00,2.1499999999999986,-1.8277777777777773,0.85,15.4721,71.0,4.025,0.0,1020.6
2022-11-27 21:00:00,1.6388888888888904,-2.205555555555555,0.89,14.0553,72.0,4.025,0.0,1020.67
2022-11-27 22:00:00,1.7499999999999991,-2.005555555555555,0.88,13.7172,85.0,5.2969,0.0,1020.42
2022-11-27 23:00:00,1.6166666666666647,-1.6055555555555558,0.89,11.012400000000001,108.0,4.9105,0.0,1020.43
2022-11-28 00:00:00,1.594444444444443,-0.4055555555555558,0.89,6.6332,98.0,4.8783,0.0,1020.49
2022-11-28 01:00:00,1.6055555555555558,-1.7666666666666666,0.9,11.672500000000001,110.0,5.618900000000001,0.0,1020.35
2022-11-28 02:00:00,1.5722222222222213,-1.6888888888888884,0.92,11.141200000000001,108.0,4.8461,0.0,1019.81
2022-11-28 03:00:00,1.5722222222222213,-1.655555555555556,0.93,10.996300000000002,99.0,2.9624,0.0,1019.62
2022-11-28 04:00:00,1.5833333333333341,-0.6388888888888881,0.93,7.293300000000001,108.0,4.008900000000001,0.0,1019.53
2022-11-28 05:00:00,1.0611111111111091,-2.3666666666666676,0.93,11.414900000000001,90.0,2.9624,0.0,1019.5
2022-11-28 06:00:00,1.0611111111111091,-1.5111111111111104,0.93,8.1305,99.0,3.8801000000000005,0.0,1019.4
2022-11-28 07:00:00,1.288888888888889,-2.2888888888888896,0.93,12.316500000000001,91.0,2.7209,0.0,1019.76
2022-11-28 08:00:00,2.1499999999999986,-0.9777777777777786,0.93,11.0768,99.0,3.8801000000000005,0.0,1019.91
2022-11-28 09:00:00,2.1499999999999986,-0.9777777777777786,0.93,11.0768,99.0,2.9624,0.0,1020.12
2022-11-28 10:00:00,2.311111111111109,-0.4833333333333339,0.93,9.8049,101.0,3.864,0.0,1020.42
2022-11-28 11:00:00,2.727777777777776,0.0611111111111108,0.9,9.579500000000001,99.0,3.8801000000000005,0.0,1020.1
2022-11-28 12:00:00,2.7500000000000018,-0.5388888888888883,0.96,12.4131,90.0,4.347,0.0,1020.01
2022-11-28 13:00:00,3.011111111111112,1.4722222222222214,0.96,5.9409,86.0,4.2665,0.0,1019.63
2022-11-28 14:00:00,2.7999999999999994,0.5111111111111121,0.96,8.1788,53.0,3.8801000000000005,0.0,1019.42
2022-11-28 15:00:00,3.816666666666665,1.033333333333333,0.9,11.0607,61.0,4.3631,0.0,1019.52
2022-11-28 16:00:00,3.0333333333333337,0.8999999999999986,0.96,7.792400000000001,63.0,2.9302,0.0,1019.7
2022-11-28 17:00:00,2.7777777777777777,0.13333333333333444,1.0,9.5312,52.0,2.9624,0.0,1019.92
2022-11-28 18:00:00,3.7944444444444434,0.9999999999999984,0.93,11.0768,61.0,2.9624,0.0,1020.13
2022-11-28 19:00:00,3.838888888888887,0.8444444444444462,0.93,12.1394,68.0,3.7191000000000005,0.0,1020.39
2022-11-28 20:00:00,3.7444444444444454,0.6444444444444426,0.93,12.5741,50.0,2.9624,0.0,1020.34
2022-11-28 21:00:00,3.238888888888888,-0.3222222222222213,0.96,14.49,50.0,2.5277000000000003,0.0,1020.46
2022-11-28 22:00:00,3.7666666666666675,1.1388888888888873,0.93,10.2879,50.0,2.5760000000000005,0.0,1020.82
2022-11-28 23:00:00,3.238888888888888,0.35555555555555585,0.96,10.948,41.0,1.9159,0.0,1021.04
2022-11-29 00:00:00,3.2166666666666663,0.30555555555555397,0.96,11.0768,41.0,1.7388000000000001,0.0,1020.94
2022-11-29 01:00:00,3.2722222222222226,0.5444444444444427,0.96,10.304000000000002,33.0,1.8837,0.0,1020.91
2022-11-29 02:00:00,2.755555555555556,-0.22222222222222143,0.96,10.948,51.0,1.7388000000000001,0.0,1020.83
2022-11-29 03:00:00,2.755555555555556,-0.21111111111111056,0.96,10.8997,41.0,0.8372,0.0,1020.63
2022-11-29 04:00:00,2.738888888888889,-0.04999999999999992,0.96,10.110800000000001,60.0,0.9016000000000002,0.0,1020.43
2022-11-29 05:00:00,2.755555555555556,-0.23888888888888873,0.96,11.012400000000001,42.0,0.6762,0.0,1020.41
2022-11-29 06:00:00,2.755555555555556,-0.5833333333333337,0.96,12.6868,50.0,0.6762,0.0,1020.14
2022-11-29 07:00:00,2.755555555555556,-0.12777777777777802,0.99,10.513300000000001,33.0,0.5796,0.0,1019.96
2022-11-29 08:00:00,2.755555555555556,-0.3166666666666668,0.96,11.382700000000002,31.0,0.3703,0.0,1020.52
2022-11-29 09:00:00,2.755555555555556,-0.5555555555555556,1.0,12.525800000000002,41.0,0.9821000000000001,0.0,1020.23
2022-11-29 10:00:00,3.9055555555555563,0.944444444444446,0.93,12.0267,40.0,1.7710000000000004,0.0,1020.05
2022-11-29 11:00:00,3.838888888888887,0.766666666666668,1.0,12.525800000000002,31.0,1.7549000000000001,0.0,1019.66
2022-11-29 12:00:00,4.877777777777778,2.2777777777777786,0.93,11.2217,50.0,1.7710000000000004,0.0,1019.44
2022-11-29 13:00:00,5.027777777777776,2.000000000000001,0.93,13.7333,42.0,3.1556,0.0,1018.93
2022-11-29 14:00:00,4.877777777777778,2.005555555555555,0.93,12.654600000000002,41.0,2.0286,0.0,1018.65
2022-11-29 15:00:00,4.811111111111109,1.6611111111111123,0.93,14.168000000000003,41.0,1.5617,0.0,1018.64
2022-11-29 16:00:00,5.027777777777776,2.5944444444444454,0.93,10.5455,42.0,2.2862,0.0,1018.54
2022-11-29 17:00:00,4.788888888888888,2.488888888888887,0.93,9.708300000000001,41.0,1.5617,0.0,1018.66
2022-11-29 18:00:00,4.788888888888888,2.194444444444446,0.93,11.0768,31.0,1.5617,0.0,1018.68
2022-11-29 19:00:00,4.027777777777778,1.1777777777777763,0.93,11.592,12.0,2.5438,0.0,1018.76
2022-11-29 20:00:00,2.727777777777776,-0.8500000000000006,1.0,13.9426,20.0,1.8676,0.0,1018.96
2022-11-29 21:00:00,3.2166666666666663,0.29999999999999954,0.96,11.0768,21.0,1.9159,0.0,1019.26
2022-11-29 22:00:00,3.3333333333333335,0.1222222222222216,0.93,12.7029,21.0,2.5116,0.0,1019.35
2022-11-29 23:00:00,2.7333333333333343,-0.8500000000000006,0.96,13.9748,31.0,2.0608,0.0,1019.44
2022-11-30 00:00:00,2.7333333333333343,-0.27222222222222137,0.92,11.0446,31.0,2.2057,0.0,1019.33
2022-11-30 01:00:00,2.833333333333334,1.3166666666666653,0.95,5.828200000000001,47.0,2.6404,0.0,1019.47
2022-11-30 02:00:00,2.7333333333333343,1.0166666666666657,0.96,6.327300000000001,23.0,2.3023000000000002,0.0,1019.54
2022-11-30 03:00:00,2.7333333333333343,0.9333333333333331,0.96,6.5688,32.0,2.2057,0.0,1019.54
2022-11-30 04:00:00,3.1666666666666683,1.849999999999999,0.96,5.4096,10.0,2.4794,0.0,1019.16
2022-11-30 05:00:00,3.1944444444444446,1.4611111111111126,0.96,6.5849,14.0,2.0286,0.0,1019.24
2022-11-30 06:00:00,3.699999999999998,3.699999999999998,0.93,0.7084,61.0,1.9642000000000002,0.0,1019.15
2022-11-30 07:00:00,3.5999999999999983,1.6444444444444448,0.93,7.5187,110.0,0.9499,0.0,1019.33
2022-11-30 08:00:00,3.699999999999998,1.2833333333333345,0.93,9.321900000000001,137.0,0.3703,0.0,1019.46
2022-11-30 09:00:00,3.7222222222222237,3.7222222222222237,0.93,3.4776000000000002,115.0,0.3542,0.0,1019.83
2022-11-30 10:00:00,3.699999999999998,1.8388888888888901,0.93,7.245,125.0,1.127,0.0,1019.96
2022-11-30 11:00:00,3.7222222222222237,1.3555555555555543,0.93,9.1448,136.0,0.3542,0.0,1019.56
2022-11-30 12:00:00,3.7444444444444454,3.7444444444444454,0.93,4.7495,121.0,0.3381,0.0,1019.13
2022-11-30 13:00:00,3.9000000000000017,1.5611111111111124,0.93,9.1448,127.0,2.1574000000000004,0.0,1018.66
2022-11-30 14:00:00,3.7666666666666675,1.6722222222222212,1.0,8.1305,106.0,3.8801000000000005,0.0,1018.52
2022-11-30 15:00:00,3.7666666666666675,3.7666666666666675,1.0,4.7495,121.0,4.781700000000001,0.0,1018.32
2022-11-30 16:00:00,4.772222222222224,2.7333333333333343,0.88,8.5652,96.0,5.9892,0.0,1018.11
2022-11-30 17:00:00,4.788888888888888,2.561111111111111,0.87,9.3702,107.0,7.695800000000001,0.0,1017.82
2022-11-30 18:00:00,4.811111111111109,2.8388888888888886,0.87,8.3398,70.0,7.7440999999999995,0.0,1017.94
2022-11-30 19:00:00,4.772222222222224,2.6055555555555543,0.93,9.0965,88.0,7.3094,0.0,1018.12
2022-11-30 20:00:00,4.788888888888888,2.5,0.87,9.6439,98.0,5.9087000000000005,0.0,1018.09
2022-11-30 21:00:00,4.2777777777777795,1.594444444444443,0.93,11.012400000000001,88.0,5.957000000000001,0.0,1017.63
2022-11-30 22:00:00,4.300000000000001,1.6944444444444429,0.93,10.6743,80.0,6.552700000000001,0.0,1017.55
2022-11-30 23:00:00,4.788888888888888,2.194444444444446,0.94,11.0607,97.0,4.8783,0.0,1017.31
2022-12-01 00:00:00,4.2777777777777795,2.694444444444445,0.93,6.6654,104.0,4.4275,0.0,1017.19
2022-12-01 01:00:00,3.688888888888889,0.8500000000000006,0.93,11.1734,105.0,6.552700000000001,0.0,1016.71
2022-12-01 02:00:00,4.255555555555554,1.505555555555556,0.9,11.3183,98.0,5.957000000000001,0.0,1016.62
2022-12-01 03:00:00,3.7444444444444454,2.005555555555555,0.93,6.8908000000000005,87.0,5.9248,0.0,1016.41
2022-12-01 04:00:00,3.7166666666666655,0.6722222222222227,0.93,12.2682,88.0,6.5366,0.0,1016.09
2022-12-01 05:00:00,3.7444444444444454,0.9166666666666659,0.93,11.1895,105.0,4.8461,0.0,1015.72
2022-12-01 06:00:00,3.7444444444444454,0.044444444444443496,0.93,16.1322,89.0,4.395300000000001,0.0,1016.19
2022-12-01 07:00:00,3.6944444444444438,-0.027777777777778172,0.93,16.1483,79.0,5.6511,0.0,1015.89
2022-12-01 08:00:00,3.7222222222222237,0.26111111111111046,0.93,14.570500000000003,97.0,8.7423,0.0,1015.8
2022-12-01 09:00:00,4.73888888888889,1.5277777777777777,0.94,14.457800000000002,89.0,7.824600000000001,0.0,1016.3
2022-12-01 10:00:00,4.722222222222222,0.777777777777777,0.88,19.6581,107.0,9.708300000000001,0.0,1015.96
2022-12-01 11:00:00,4.811111111111109,0.8277777777777788,0.86,20.125,108.0,9.708300000000001,0.0,1016.0
2022-12-01 12:00:00,4.761111111111111,1.5166666666666648,0.87,14.715400000000002,98.0,9.6761,0.0,1015.75
2022-12-01 13:00:00,4.677777777777779,1.3222222222222237,0.87,15.295000000000002,92.0,9.708300000000001,0.0,1014.38
2022-12-01 14:00:00,4.788888888888888,1.1722222222222218,0.87,17.259200000000003,108.0,9.708300000000001,0.0,1013.61
2022-12-01 15:00:00,3.7444444444444454,1.0611111111111091,0.92,10.513300000000001,155.0,9.6761,0.0,1013.74
2022-12-01 16:00:00,3.6055555555555565,0.5777777777777773,0.89,12.0106,133.0,9.708300000000001,0.0,1014.03
2022-12-01 17:00:00,2.6611111111111105,-0.5333333333333338,0.9,11.8818,164.0,9.708300000000001,0.0,1014.28
2022-12-01 18:00:00,2.127777777777777,-3.0444444444444447,0.81,24.0695,147.0,9.708300000000001,0.0,1015.0
2022-12-01 19:00:00,1.0111111111111113,-3.9555555555555566,0.93,20.0606,127.0,7.293300000000001,0.0,1014.21
2022-12-01 20:00:00,1.1388888888888873,-5.01111111111111,0.86,30.445100000000004,129.0,7.8729,0.0,1013.03
2022-12-01 21:00:00,1.0888888888888895,-4.372222222222224,0.9,23.989,139.0,7.8729,0.0,1013.82
2022-12-01 22:00:00,1.0777777777777766,-3.4722222222222223,0.9,17.388,138.0,8.1466,0.0,1013.94
2022-12-01 23:00:00,1.6000000000000014,-1.633333333333334,0.9,11.0285,128.0,7.776300000000001,0.0,1013.87
2022-12-02 00:00:00,1.5777777777777797,-2.205555555555555,0.86,13.6689,130.0,7.776300000000001,0.0,1013.98
2022-12-02 01:00:00,1.555555555555554,-1.6999999999999993,0.86,11.0768,112.0,8.0983,0.0,1013.61
2022-12-02 02:00:00,2.133333333333335,-0.9555555555555549,0.83,10.8836,109.0,7.8729,0.0,1013.29
2022-12-02 03:00:00,1.6444444444444448,-2.1611111111111114,0.83,13.8621,128.0,7.8729,0.0,1013.37
2022-12-02 04:00:00,1.5666666666666669,-2.3166666666666678,0.84,14.2002,126.0,8.1788,0.0,1012.95
2022-12-02 05:00:00,1.1388888888888873,-3.283333333333333,0.93,16.6796,128.0,7.776300000000001,0.0,1013.17
2022-12-02 06:00:00,2.155555555555557,-1.6055555555555558,0.86,14.2646,108.0,7.776300000000001,0.0,1012.96
2022-12-02 07:00:00,2.055555555555557,-0.8000000000000007,0.87,9.837100000000001,111.0,8.0661,0.0,1012.74
2022-12-02 08:00:00,2.177777777777779,2.177777777777779,0.93,4.7978000000000005,132.0,1.8837,0.0,1013.39
2022-12-02 09:00:00,2.177777777777779,2.177777777777779,0.93,0.8694000000000001,76.0,1.449,0.0,1013.51
2022-12-02 10:00:00,2.638888888888889,2.638888888888889,0.96,3.0912,84.0,2.7692,0.0,1013.91
2022-12-02 11:00:00,3.75,1.2833333333333345,0.93,9.579500000000001,89.0,6.8586,0.0,1013.8
2022-12-02 12:00:00,3.7722222222222217,1.2777777777777761,0.92,9.708300000000001,89.0,9.708300000000001,0.0,1013.71
2022-12-02 13:00:00,3.761111111111113,0.7833333333333314,0.92,11.9623,80.0,9.708300000000001,0.0,1013.45
2022-12-02 14:00:00,4.8388888888888895,2.5444444444444434,0.87,9.724400000000001,80.0,9.708300000000001,0.0,1013.32
2022-12-02 15:00:00,4.8388888888888895,2.538888888888889,0.87,9.724400000000001,80.0,9.7405,0.0,1013.52
2022-12-02 16:00:00,4.811111111111109,2.9888888888888903,0.93,7.792400000000001,62.0,7.422100000000001,0.0,1013.87
2022-12-02 17:00:00,4.8388888888888895,2.5444444444444434,0.93,9.708300000000001,61.0,8.8389,0.0,1014.23
2022-12-02 18:00:00,4.8388888888888895,2.2277777777777765,0.93,11.2056,80.0,8.8389,0.0,1014.63
2022-12-02 19:00:00,4.811111111111109,2.2499999999999982,0.93,10.948,92.0,7.824600000000001,0.0,1015.35
2022-12-02 20:00:00,4.861111111111111,3.199999999999999,0.93,7.228900000000001,164.0,7.824600000000001,0.0,1015.64
2022-12-02 21:00:00,4.861111111111111,3.661111111111113,0.9,5.763800000000001,163.0,11.672500000000001,0.0,1016.41
2022-12-02 22:00:00,4.2944444444444425,3.111111111111112,0.87,5.506200000000001,149.0,13.894300000000003,0.0,1016.79
2022-12-02 23:00:00,4.3277777777777775,4.3277777777777775,0.86,3.5259,92.0,15.504300000000002,0.0,1017.31
2022-12-03 00:00:00,4.3277777777777775,2.6055555555555543,0.83,7.1323,68.0,15.488199999999999,0.0,1017.7
2022-12-03 01:00:00,4.2944444444444425,4.2944444444444425,0.89,3.7835000000000005,87.0,14.6671,0.0,1017.98
2022-12-03 02:00:00,4.3277777777777775,1.8444444444444446,0.86,10.126900000000001,71.0,15.504300000000002,0.0,1018.11
2022-12-03 03:00:00,4.3277777777777775,4.3277777777777775,0.89,3.4937,45.0,15.552600000000002,0.0,1018.22
2022-12-03 04:00:00,4.266666666666667,4.266666666666667,0.87,3.3649,29.0,14.715400000000002,0.0,1018.51
2022-12-03 05:00:00,4.8388888888888895,4.8388888888888895,0.93,3.0268,359.0,7.969500000000001,0.0,1018.92
2022-12-03 06:00:00,4.8388888888888895,4.8388888888888895,0.93,2.8497000000000003,329.0,1.5134,0.0,1019.21
2022-12-03 07:00:00,4.733333333333335,4.733333333333335,0.93,3.2361,0.0,2.4311000000000003,0.0,1019.59
2022-12-03 08:00:00,4.883333333333333,3.9722222222222214,0.93,4.9910000000000005,33.0,2.9946,0.0,1019.91
2022-12-03 09:00:00,5.95,4.222222222222223,0.93,8.1788,43.0,8.05,0.0,1020.51
2022-12-03 10:00:00,6.988888888888888,6.988888888888888,0.81,4.2021,50.0,9.450700000000001,0.0,1020.99
2022-12-03 11:00:00,7.083333333333333,5.638888888888888,0.8,7.824600000000001,32.0,9.982000000000001,0.0,1020.73
2022-12-03 12:00:00,7.127777777777776,7.127777777777776,0.86,3.1395,359.0,9.982000000000001,0.0,1020.62
2022-12-03 13:00:00,7.744444444444444,7.744444444444444,0.81,3.2844,47.0,10.3523,0.0,1020.46
2022-12-03 14:00:00,7.683333333333333,6.255555555555555,0.83,8.211,61.0,10.255700000000001,0.0,1020.21
2022-12-03 15:00:00,7.172222222222221,5.361111111111111,0.86,9.563400000000001,23.0,9.338000000000001,0.0,1020.31
2022-12-03 16:00:00,6.355555555555554,5.68888888888889,0.9,4.8622000000000005,47.0,8.6135,0.0,1020.53
2022-12-03 17:00:00,6.083333333333335,6.083333333333335,0.93,3.703,48.0,7.4543,0.0,1021.0
2022-12-03 18:00:00,6.061111111111109,4.388888888888888,0.93,8.05,52.0,7.4543,0.0,1021.49
2022-12-03 19:00:00,6.15,4.666666666666666,0.91,7.357700000000001,191.0,7.824600000000001,0.0,1021.73
2022-12-03 20:00:00,6.038888888888888,6.038888888888888,0.87,4.5563,133.0,8.1305,0.0,1021.99
2022-12-03 21:00:00,6.016666666666666,6.016666666666666,0.83,2.8175000000000003,159.0,9.982000000000001,0.0,1021.82
2022-12-03 22:00:00,5.499999999999999,5.499999999999999,0.86,2.8658,189.0,9.982000000000001,0.0,1022.18
2022-12-03 23:00:00,5.488888888888891,5.488888888888891,0.8,2.898,152.0,9.982000000000001,0.0,1022.41
2022-12-04 00:00:00,4.977777777777778,4.977777777777778,0.86,3.22,350.0,9.982000000000001,0.0,1022.3
2022-12-04 01:00:00,4.916666666666668,4.916666666666668,0.87,2.8658,329.0,9.9015,0.0,1022.31
2022-12-04 02:00:00,4.927777777777776,4.927777777777776,0.87,3.9606000000000003,1.0,9.9015,0.0,1022.3
2022-12-04 03:00:00,4.844444444444444,4.844444444444444,0.87,1.5295,80.0,9.8049,0.0,1021.82
2022-12-04 04:00:00,4.755555555555556,4.755555555555556,0.88,3.2039,74.0,9.8693,0.0,1021.85
2022-12-04 05:00:00,4.844444444444444,4.844444444444444,0.83,2.9785000000000004,228.0,9.853200000000001,0.0,1022.19
2022-12-04 06:00:00,3.8444444444444454,3.8444444444444454,0.89,3.22,0.0,9.7566,0.0,1022.31
2022-12-04 07:00:00,2.9111111111111123,2.9111111111111123,0.95,4.314800000000001,317.0,9.7888,0.0,1022.49
2022-12-04 08:00:00,3.8222222222222237,3.8222222222222237,0.92,4.6046000000000005,342.0,7.905100000000001,0.0,1022.62
2022-12-04 09:00:00,5.994444444444444,5.994444444444444,0.8,2.9946,318.0,8.05,0.0,1022.9
2022-12-04 10:00:00,6.933333333333332,6.933333333333332,0.74,1.0304,30.0,11.6081,0.0,1023.11
2022-12-04 11:00:00,7.200000000000001,7.200000000000001,0.74,1.7388000000000001,34.0,14.9086,0.0,1022.78
2022-12-04 12:00:00,7.266666666666666,7.266666666666666,0.73,1.3202,353.0,14.989100000000002,0.0,1022.19
2022-12-04 13:00:00,7.733333333333334,6.805555555555555,0.73,6.262900000000001,78.0,14.3612,0.0,1021.9
2022-12-04 14:00:00,8.816666666666666,8.816666666666666,0.72,0.5957,98.0,14.989100000000002,0.0,1021.48
2022-12-04 15:00:00,7.777777777777778,6.416666666666665,0.76,7.969500000000001,79.0,14.989100000000002,0.0,1021.31
2022-12-04 16:00:00,7.127777777777776,7.127777777777776,0.8,3.1878,53.0,14.0875,0.0,1021.39
2022-12-04 17:00:00,5.905555555555557,5.905555555555557,0.87,3.22,80.0,14.6832,0.0,1021.71
2022-12-04 18:00:00,4.861111111111111,4.861111111111111,0.87,3.0751,40.0,11.7047,0.0,1021.89
2022-12-04 19:00:00,3.988888888888889,2.105555555555555,0.92,7.486500000000001,44.0,11.3022,0.0,1021.93
2022-12-04 20:00:00,3.7222222222222237,3.7222222222222237,0.93,3.0751,80.0,7.695800000000001,0.0,1021.91
2022-12-04 21:00:00,3.7722222222222217,3.7722222222222217,0.96,3.059,42.0,7.711900000000001,0.0,1021.74
2022-12-04 22:00:00,3.8611111111111125,3.8611111111111125,0.96,1.6905000000000001,114.0,4.8783,0.0,1021.94
2022-12-04 23:00:00,4.749999999999998,4.749999999999998,0.94,3.1234,57.0,4.8461,0.0,1021.92
2022-12-05 00:00:00,4.772222222222224,4.772222222222224,0.96,3.22,80.0,4.8461,0.0,1021.72
2022-12-05 01:00:00,5.272222222222223,5.272222222222223,0.94,3.3649,87.0,5.6511,0.0,1021.66
2022-12-05 02:00:00,4.883333333333333,4.883333333333333,0.96,4.6851,73.0,1.932,0.0,1021.6
2022-12-05 03:00:00,3.3333333333333335,3.3333333333333335,0.96,3.3810000000000002,38.0,0.8533000000000001,0.0,1021.31
2022-12-05 04:00:00,2.9666666666666686,2.9666666666666686,0.96,3.3810000000000002,64.0,2.0447,0.0,1021.25
2022-12-05 05:00:00,2.8277777777777797,2.8277777777777797,1.0,3.5098000000000003,96.0,1.932,0.0,1021.3
2022-12-05 06:00:00,2.8500000000000014,1.7166666666666686,0.96,4.8622000000000005,98.0,5.9248,0.0,1021.21
2022-12-05 07:00:00,3.8444444444444454,1.8000000000000012,0.93,7.985600000000001,108.0,5.4579,0.0,1021.49
2022-12-05 08:00:00,4.955555555555557,2.4277777777777763,0.87,10.9158,89.0,6.8747,0.0,1021.7
2022-12-05 09:00:00,4.977777777777778,3.1555555555555554,0.87,7.8729,107.0,7.840700000000001,0.0,1021.89
2022-12-05 10:00:00,5.955555555555555,5.144444444444443,0.82,5.1037,99.0,7.4543,0.0,1021.88
2022-12-05 11:00:00,7.1499999999999995,7.1499999999999995,0.8,3.6225,108.0,9.7566,0.0,1021.41
2022-12-05 12:00:00,7.222222222222222,7.222222222222222,0.8,3.6386,89.0,11.801300000000001,0.0,1021.0
2022-12-05 13:00:00,7.288888888888888,7.288888888888888,0.8,3.4615,114.0,11.8979,0.0,1020.54
2022-12-05 14:00:00,7.200000000000001,5.7555555555555555,0.8,7.905100000000001,61.0,8.0017,0.0,1020.2
2022-12-05 15:00:00,7.127777777777776,5.694444444444445,0.87,7.8084999999999996,51.0,7.969500000000001,0.0,1019.9
2022-12-05 16:00:00,7.205555555555555,5.233333333333334,0.87,10.384500000000001,53.0,8.1788,0.0,1019.91
2022-12-05 17:00:00,7.105555555555555,5.666666666666668,0.87,7.824600000000001,51.0,8.790600000000001,0.0,1019.91
2022-12-05 18:00:00,7.105555555555555,5.372222222222224,0.87,9.1287,60.0,9.708300000000001,0.0,1019.81
2022-12-05 19:00:00,7.11111111111111,5.583333333333332,0.87,8.1788,52.0,8.1788,0.0,1019.68
2022-12-05 20:00:00,7.022222222222222,5.605555555555558,0.87,7.647500000000001,70.0,7.8729,0.0,1019.71
2022-12-05 21:00:00,6.51111111111111,5.42777777777778,0.9,6.1502,70.0,7.8729,0.0,1019.62
2022-12-05 22:00:00,6.572222222222221,6.572222222222221,0.9,3.0429,78.0,8.1788,0.0,1019.67
2022-12-05 23:00:00,6.577777777777779,6.577777777777779,0.89,1.5295,90.0,6.021400000000001,0.0,1019.71
2022-12-06 00:00:00,6.066666666666667,6.066666666666667,0.96,0.2576,100.0,6.021400000000001,0.0,1019.79
2022-12-06 01:00:00,6.099999999999998,6.099999999999998,0.96,2.9302,33.0,6.617100000000001,0.0,1019.31
2022-12-06 02:00:00,6.016666666666666,6.016666666666666,0.96,2.6082000000000005,186.0,6.021400000000001,0.0,1019.39
2022-12-06 03:00:00,6.016666666666666,6.016666666666666,0.9,1.5295,100.0,9.708300000000001,0.0,1019.1
2022-12-06 04:00:00,6.033333333333333,6.033333333333333,0.93,3.9928000000000003,102.0,8.1466,0.0,1018.82
2022-12-06 05:00:00,6.016666666666666,6.016666666666666,0.93,3.22,23.0,7.8729,0.0,1018.51
2022-12-06 06:00:00,6.016666666666666,6.016666666666666,0.93,4.7656,33.0,4.4919,0.0,1018.61
2022-12-06 07:00:00,5.95,4.461111111111112,0.93,7.2611,30.0,4.0572,0.0,1018.81
2022-12-06 08:00:00,6.016666666666666,4.4555555555555575,0.93,7.583100000000001,344.0,3.0107000000000004,0.0,1019.02
2022-12-06 09:00:00,5.994444444444444,4.033333333333332,0.93,9.209200000000001,12.0,1.932,0.0,1019.02
2022-12-06 10:00:00,6.077777777777777,4.916666666666668,0.96,6.1985,1.0,2.6726,0.0,1019.02
2022-12-06 11:00:00,7.105555555555555,5.644444444444442,0.87,7.921200000000001,352.0,3.5581,0.0,1018.83
2022-12-06 12:00:00,7.200000000000001,5.794444444444444,0.93,7.760200000000001,4.0,3.6547,0.0,1018.33
2022-12-06 13:00:00,7.605555555555554,6.283333333333335,0.91,7.695800000000001,1.0,3.7513000000000005,0.0,1017.94
2022-12-06 14:00:00,7.177777777777779,5.694444444444445,0.93,8.05,10.0,3.703,0.0,1017.74
2022-12-06 15:00:00,7.177777777777779,5.333333333333334,0.93,9.708300000000001,11.0,3.2361,0.0,1017.72
2022-12-06 16:00:00,7.166666666666667,5.727777777777779,0.94,7.8729,3.0,2.0930000000000004,0.0,1017.91
2022-12-06 17:00:00,7.177777777777779,7.177777777777779,0.93,4.459700000000001,333.0,2.1252000000000004,0.0,1017.83
2022-12-06 18:00:00,7.177777777777779,7.177777777777779,0.93,1.8998,30.0,2.1574000000000004,0.0,1017.83
2022-12-06 19:00:00,7.138888888888889,7.138888888888889,0.94,4.8139,19.0,2.0447,0.0,1017.77
2022-12-06 20:00:00,7.127777777777776,7.127777777777776,0.94,4.7495,20.0,3.1395,0.0,1017.74
2022-12-06 21:00:00,6.622222222222224,6.622222222222224,0.96,3.1717,357.0,3.059,0.0,1017.74
2022-12-06 22:00:00,6.627777777777777,6.627777777777777,0.95,3.4132000000000002,351.0,3.0107000000000004,0.0,1017.69
2022-12-06 23:00:00,6.111111111111111,4.449999999999999,1.0,8.033900000000001,341.0,1.3202,0.0,1017.63
2022-12-07 00:00:00,6.111111111111111,4.966666666666665,0.96,6.1502,0.0,1.3202,0.0,1017.43
2022-12-07 01:00:00,6.172222222222222,6.172222222222222,1.0,3.2039,309.0,1.1914,0.0,1017.4
2022-12-07 02:00:00,6.111111111111111,6.111111111111111,0.96,3.22,310.0,0.805,0.0,1017.24
2022-12-07 03:00:00,6.111111111111111,6.111111111111111,0.96,3.3971,303.0,0.966,0.0,1017.04
2022-12-07 04:00:00,6.094444444444444,6.094444444444444,0.97,3.2522,276.0,1.1431,0.0,1016.89
2022-12-07 05:00:00,6.0888888888888895,6.0888888888888895,1.0,3.1717,264.0,0.6601,0.0,1016.62
2022-12-07 06:00:00,6.066666666666667,6.066666666666667,1.0,3.0268,261.0,0.6762,0.0,1016.72
2022-12-07 07:00:00,5.994444444444444,5.994444444444444,1.0,3.22,241.0,1.1914,0.0,1016.91
2022-12-07 08:00:00,6.066666666666667,6.066666666666667,1.0,2.9624,252.0,1.3524,0.0,1017.11
2022-12-07 09:00:00,7.083333333333333,7.083333333333333,0.94,4.2665,272.0,3.0107000000000004,0.0,1017.23
2022-12-07 10:00:00,6.933333333333332,5.56111111111111,0.94,7.422100000000001,228.0,3.9123000000000006,0.0,1017.5
2022-12-07 11:00:00,7.127777777777776,5.055555555555556,0.94,10.851400000000002,201.0,3.9284000000000003,0.0,1017.22
2022-12-07 12:00:00,7.1499999999999995,5.183333333333333,0.94,10.3201,210.0,5.957000000000001,0.0,1017.09
2022-12-07 13:00:00,7.000000000000001,4.966666666666665,0.88,10.4972,198.0,6.021400000000001,0.0,1016.77
2022-12-07 14:00:00,7.1499999999999995,5.750000000000001,0.87,7.6796999999999995,200.0,5.957000000000001,0.0,1016.68
2022-12-07 15:00:00,6.133333333333333,6.133333333333333,0.93,3.1073,168.0,5.9731000000000005,0.0,1016.58
2022-12-07 16:00:00,6.111111111111111,6.111111111111111,0.94,3.2361,149.0,6.0053,0.0,1016.45
2022-12-07 17:00:00,6.111111111111111,6.111111111111111,0.93,3.0268,147.0,5.892600000000001,0.0,1016.49
2022-12-07 18:00:00,6.0888888888888895,4.416666666666668,0.94,8.05,120.0,5.892600000000001,0.0,1016.3
2022-12-07 19:00:00,6.011111111111111,4.366666666666666,0.94,7.889000000000001,132.0,6.7620000000000005,0.0,1016.45
2022-12-07 20:00:00,6.0888888888888895,4.416666666666668,0.94,8.05,130.0,5.8765,0.0,1016.5
2022-12-07 21:00:00,5.5777777777777775,4.355555555555558,0.96,6.1502,120.0,4.781700000000001,0.0,1016.51
2022-12-07 22:00:00,5.5777777777777775,4.188888888888888,0.94,6.681500000000001,133.0,4.6851,0.0,1016.36
2022-12-07 23:00:00,5.5777777777777775,4.266666666666667,0.93,6.44,130.0,3.8801000000000005,0.0,1016.22
2022-12-08 00:00:00,5.555555555555555,4.238888888888891,0.93,6.44,150.0,3.8801000000000005,0.0,1016.3
2022-12-08 01:00:00,5.533333333333334,5.533333333333334,0.94,3.4454000000000002,151.0,3.8479000000000005,0.0,1016.16
2022-12-08 02:00:00,5.533333333333334,5.533333333333334,0.96,3.22,130.0,2.9302,0.0,1016.11
2022-12-08 03:00:00,5.533333333333334,5.533333333333334,0.96,3.0751,180.0,2.9302,0.0,1015.82
2022-12-08 04:00:00,5.505555555555554,5.505555555555554,0.94,3.3810000000000002,154.0,3.059,0.0,1015.76
2022-12-08 05:00:00,5.022222222222222,5.022222222222222,1.0,3.2039,162.0,2.4794,0.0,1015.61
2022-12-08 06:00:00,6.038888888888888,6.038888888888888,0.94,0.22540000000000004,267.0,1.4007,0.0,1015.81
2022-12-08 07:00:00,5.922222222222221,5.922222222222221,0.94,1.61,151.0,1.1592,0.0,1015.85
2022-12-08 08:00:00,6.016666666666666,6.016666666666666,0.94,0.27370000000000005,279.0,0.6601,0.0,1016.13
2022-12-08 09:00:00,5.994444444444444,5.994444444444444,0.94,0.5957,308.0,1.0626000000000002,0.0,1016.43
2022-12-08 10:00:00,6.022222222222224,6.022222222222224,1.0,3.3005,290.0,2.3023000000000002,0.0,1016.49
2022-12-08 11:00:00,7.066666666666666,7.066666666666666,0.87,3.4615,286.0,5.9731000000000005,0.0,1016.25
2022-12-08 12:00:00,7.083333333333333,7.083333333333333,0.87,3.5259,321.0,7.840700000000001,0.0,1016.04
2022-12-08 13:00:00,6.0555555555555545,3.6166666666666654,0.94,11.656400000000001,291.0,3.3649,0.0,1016.01
2022-12-08 14:00:00,6.066666666666667,3.761111111111113,0.93,10.9319,300.0,2.6404,0.0,1015.93
2022-12-08 15:00:00,6.066666666666667,3.7333333333333325,0.87,11.0768,300.0,4.9427,0.0,1015.94
2022-12-08 16:00:00,5.983333333333335,4.372222222222221,0.88,7.728,281.0,3.8318,0.0,1016.0
2022-12-08 17:00:00,5.994444444444444,5.233333333333334,0.87,4.9910000000000005,296.0,4.025,0.0,1016.05
2022-12-08 18:00:00,4.977777777777778,3.1166666666666663,0.93,8.033900000000001,303.0,3.5581,0.0,1016.24
2022-12-08 19:00:00,5.011111111111113,2.7888888888888905,0.99,9.5473,320.0,1.6905000000000001,0.0,1016.28
2022-12-08 20:00:00,4.977777777777778,3.0444444444444425,0.99,8.3076,340.0,1.8676,0.0,1016.25
2022-12-08 21:00:00,5.488888888888891,4.155555555555554,0.96,6.4561,341.0,1.6261,0.0,1016.26
2022-12-08 22:00:00,5.450000000000001,4.13888888888889,0.96,6.359500000000001,13.0,1.8515,0.0,1016.29
2022-12-08 23:00:00,5.438888888888888,5.438888888888888,0.96,3.8157000000000005,35.0,1.6583,0.0,1016.28
2022-12-09 00:00:00,5.927777777777779,4.588888888888888,0.96,6.7137,49.0,1.8354,0.0,1016.0
2022-12-09 01:00:00,5.38888888888889,3.966666666666667,0.96,6.6976,40.0,2.3345000000000002,0.0,1015.92
2022-12-09 02:00:00,4.400000000000001,0.7222222222222207,0.96,17.0338,30.0,1.8354,0.0,1016.26
2022-12-09 03:00:00,4.400000000000001,1.1666666666666674,0.92,14.1358,31.0,1.8354,0.0,1016.45
2022-12-09 04:00:00,3.994444444444443,0.26666666666666494,0.93,16.6635,29.0,2.1574000000000004,0.0,1016.5
2022-12-09 05:00:00,3.816666666666665,-0.011111111111110874,0.9,17.0982,11.0,2.3023000000000002,0.0,1016.49
2022-12-09 06:00:00,3.866666666666667,0.033333333333334596,0.89,17.2109,11.0,3.8318,0.0,1016.69
2022-12-09 07:00:00,3.872222222222222,-0.3777777777777776,0.9,20.3182,20.0,4.250400000000001,0.0,1016.97
2022-12-09 08:00:00,3.866666666666667,-0.5944444444444446,0.89,22.0409,21.0,9.982000000000001,0.0,1017.49
2022-12-09 09:00:00,3.888888888888889,-0.7388888888888879,0.89,23.570400000000003,11.0,7.212800000000001,0.0,1017.91
2022-12-09 10:00:00,3.966666666666667,-0.6222222222222228,0.89,23.4094,19.0,9.982000000000001,0.0,1018.3
2022-12-09 11:00:00,4.977777777777778,0.7888888888888899,0.82,22.2985,11.0,10.255700000000001,0.0,1018.13
2022-12-09 12:00:00,3.9611111111111126,-0.816666666666666,0.88,25.116,11.0,10.255700000000001,0.0,1018.11
2022-12-09 13:00:00,4.027777777777778,-0.7611111111111116,0.89,25.454100000000004,10.0,10.2235,0.0,1018.19
2022-12-09 14:00:00,3.9833333333333343,-1.4777777777777779,0.88,32.47370000000001,10.0,8.1305,0.0,1018.5
2022-12-09 15:00:00,3.9833333333333343,-1.0777777777777784,0.88,28.046200000000006,10.0,8.1305,0.0,1018.73
2022-12-09 16:00:00,3.9222222222222234,-1.1444444444444437,0.9,27.8691,10.0,7.631400000000001,0.0,1019.02
2022-12-09 17:00:00,2.894444444444445,-2.216666666666666,0.95,25.4058,1.0,7.212800000000001,0.0,1019.73
2022-12-09 18:00:00,2.894444444444445,-2.3444444444444437,0.95,26.613300000000002,1.0,7.212800000000001,0.0,1020.14
2022-12-09 19:00:00,2.8888888888888906,-2.216666666666666,0.9,25.3736,1.0,7.631400000000001,0.0,1020.46
2022-12-09 20:00:00,2.822222222222221,-2.3111111111111113,0.89,25.4219,2.0,6.295100000000001,0.0,1020.62
2022-12-09 21:00:00,2.7777777777777777,-2.5,0.89,26.645500000000002,1.0,6.295100000000001,0.0,1020.94
2022-12-09 22:00:00,2.738888888888889,-2.6444444444444453,0.9,27.6276,10.0,7.1001,0.0,1021.1
2022-12-09 23:00:00,2.2222222222222223,-3.049999999999999,0.92,25.164300000000004,1.0,8.1305,0.0,1021.34
2022-12-10 00:00:00,2.2222222222222223,-2.5055555555555564,0.92,20.6563,10.0,11.9784,0.0,1021.45
2022-12-10 01:00:00,2.205555555555555,-2.5166666666666675,0.93,20.5758,9.0,8.420300000000001,0.0,1021.57
2022-12-10 02:00:00,2.2222222222222223,-2.4944444444444436,0.92,20.5597,9.0,7.212800000000001,0.0,1021.72
2022-12-10 03:00:00,2.244444444444444,-2.4666666666666672,0.92,20.5919,0.0,7.212800000000001,0.0,1021.63
2022-12-10 04:00:00,2.255555555555557,-1.9833333333333334,0.92,17.259200000000003,351.0,7.631400000000001,0.0,1021.69
2022-12-10 05:00:00,2.2222222222222223,-1.772222222222223,0.92,15.681400000000002,350.0,7.212800000000001,0.0,1021.6
2022-12-10 06:00:00,2.2222222222222223,-1.7333333333333338,0.92,15.4721,349.0,9.982000000000001,0.0,1021.4
2022-12-10 07:00:00,2.694444444444445,-0.9333333333333331,0.9,14.168000000000003,330.0,9.982000000000001,0.0,1021.55
2022-12-10 08:00:00,2.7333333333333343,-1.161111111111111,0.89,15.826300000000002,329.0,9.982000000000001,0.0,1022.02
2022-12-10 09:00:00,2.7333333333333343,-1.3666666666666671,0.89,17.114300000000004,330.0,9.982000000000001,0.0,1022.4
2022-12-10 10:00:00,3.6555555555555546,0.016666666666667298,0.83,15.536500000000002,330.0,9.982000000000001,0.0,1022.47
2022-12-10 11:00:00,3.8444444444444454,0.7444444444444464,0.82,12.6707,329.0,9.982000000000001,0.0,1021.87
2022-12-10 12:00:00,3.866666666666667,0.7444444444444464,0.82,12.8156,319.0,9.982000000000001,0.0,1021.59
2022-12-10 13:00:00,3.8499999999999996,0.25000000000000155,0.82,15.616999999999999,311.0,9.982000000000001,0.0,1021.52
2022-12-10 14:00:00,3.8444444444444454,1.0666666666666675,0.82,11.0446,309.0,9.982000000000001,0.0,1021.73
2022-12-10 15:00:00,3.8444444444444454,1.0611111111111091,0.82,11.0768,290.0,9.982000000000001,0.0,1021.67
2022-12-10 16:00:00,2.8888888888888906,0.3222222222222213,0.88,9.305800000000001,281.0,8.420300000000001,0.0,1022.04
2022-12-10 17:00:00,2.7777777777777777,0.5944444444444446,0.82,7.824600000000001,261.0,9.982000000000001,0.0,1022.12
2022-12-10 18:00:00,2.7777777777777777,-0.5777777777777773,0.82,12.799500000000002,280.0,9.064300000000001,0.0,1022.3
2022-12-10 19:00:00,2.8111111111111122,1.6277777777777775,0.83,4.9749,252.0,9.982000000000001,0.0,1022.34
2022-12-10 20:00:00,2.7777777777777777,0.5500000000000012,0.82,7.969500000000001,252.0,8.1305,0.0,1022.31
2022-12-10 21:00:00,2.755555555555556,2.755555555555556,0.82,3.3649,218.0,8.1305,0.0,1022.39
2022-12-10 22:00:00,2.755555555555556,2.755555555555556,0.83,3.7191000000000005,245.0,8.2593,0.0,1022.11
2022-12-10 23:00:00,2.7333333333333343,1.0055555555555569,0.85,6.359500000000001,213.0,8.1305,0.0,1021.89
2022-12-11 00:00:00,2.7333333333333343,1.0111111111111113,0.85,6.3434,224.0,8.1305,0.0,1021.7
2022-12-11 01:00:00,2.738888888888889,0.9888888888888895,0.86,6.423900000000001,212.0,8.420300000000001,0.0,1021.87
2022-12-11 02:00:00,2.7333333333333343,0.9777777777777766,0.88,6.423900000000001,202.0,8.1305,0.0,1021.89
2022-12-11 03:00:00,2.7111111111111126,1.1055555555555567,0.88,6.0053,194.0,8.1305,0.0,1021.59
2022-12-11 04:00:00,2.688888888888891,-0.17777777777777792,0.89,10.384500000000001,212.0,8.420300000000001,0.0,1021.44
2022-12-11 05:00:00,2.6611111111111105,0.9555555555555549,0.88,6.262900000000001,231.0,8.1305,0.0,1020.89
2022-12-11 06:00:00,2.127777777777777,2.127777777777777,0.91,4.6690000000000005,192.0,8.1305,0.0,1020.7
2022-12-11 07:00:00,2.177777777777779,-0.4499999999999993,0.92,9.032100000000002,210.0,4.7978000000000005,0.0,1020.8
2022-12-11 08:00:00,2.105555555555555,-0.6722222222222227,0.92,9.579500000000001,220.0,5.216400000000001,0.0,1020.9
2022-12-11 09:00:00,2.7111111111111126,0.10555555555555429,0.89,9.305800000000001,220.0,8.1305,0.0,1020.98
2022-12-11 10:00:00,3.699999999999998,1.1111111111111112,0.79,10.0464,203.0,11.688600000000001,0.0,1020.8
2022-12-11 11:00:00,3.888888888888889,1.1722222222222218,0.76,10.8031,200.0,15.826300000000002,0.0,1020.3
2022-12-11 12:00:00,3.9333333333333322,1.2277777777777783,0.75,10.787,212.0,15.826300000000002,0.0,1019.98
2022-12-11 13:00:00,4.016666666666665,1.8388888888888901,0.75,8.5974,196.0,9.982000000000001,0.0,1019.44
2022-12-11 14:00:00,5.0,3.2111111111111117,0.7,7.760200000000001,221.0,16.0517,0.0,1019.38
2022-12-11 15:00:00,3.9611111111111126,2.9277777777777794,0.75,4.9749,241.0,15.826300000000002,0.0,1019.67
2022-12-11 16:00:00,2.983333333333332,0.6333333333333336,0.8,8.5491,175.0,8.420300000000001,0.0,1019.59
2022-12-11 17:00:00,2.2222222222222223,2.2222222222222223,0.79,3.4454000000000002,200.0,7.212800000000001,0.0,1019.6
2022-12-11 18:00:00,1.161111111111113,-1.3333333333333326,0.92,7.921200000000001,182.0,6.295100000000001,0.0,1020.26
2022-12-11 19:00:00,1.311111111111111,-1.377777777777778,0.86,8.694,173.0,7.2772,0.0,1020.16
2022-12-11 20:00:00,0.09444444444444539,-2.538888888888889,0.92,7.776300000000001,192.0,6.295100000000001,0.0,1020.19
2022-12-11 21:00:00,0.6277777777777792,0.6277777777777792,0.91,3.3971,203.0,6.295100000000001,0.0,1020.59
2022-12-11 22:00:00,0.8888888888888897,0.8888888888888897,0.89,3.22,184.0,6.488300000000001,0.0,1020.87
2022-12-11 23:00:00,0.07222222222222364,0.07222222222222364,0.92,3.4293,209.0,5.216400000000001,0.0,1021.22
2022-12-12 00:00:00,-0.4555555555555557,-2.766666666666667,0.92,6.601,192.0,6.295100000000001,0.0,1020.94
2022-12-12 01:00:00,-0.7833333333333334,-4.333333333333333,0.92,10.368400000000001,191.0,6.488300000000001,0.0,1020.51
2022-12-12 02:00:00,-0.5055555555555556,-4.088888888888889,0.92,10.7387,191.0,6.295100000000001,0.0,1020.6
2022-12-12 03:00:00,-1.0388888888888894,-4.666666666666666,0.92,10.4811,201.0,9.064300000000001,0.0,1020.69
2022-12-12 04:00:00,-0.35555555555555585,-3.822222222222221,0.92,10.384500000000001,165.0,8.8389,0.0,1021.04
2022-12-12 05:00:00,-1.083333333333333,-5.466666666666667,0.92,13.6689,181.0,6.295100000000001,0.0,1021.67
2022-12-12 06:00:00,-0.044444444444443496,-3.8444444444444454,0.92,12.058900000000001,190.0,6.295100000000001,0.0,1021.86
2022-12-12 07:00:00,-0.8722222222222223,-4.555555555555555,0.93,10.835300000000002,191.0,2.1574000000000004,0.0,1022.33
2022-12-12 08:00:00,0.027777777777776198,-3.4777777777777787,0.92,10.851400000000002,182.0,0.6118,0.0,1022.66
2022-12-12 09:00:00,0.14444444444444335,-3.394444444444444,0.92,11.0607,191.0,0.6118,0.0,1022.93
2022-12-12 10:00:00,0.3722222222222232,-3.9611111111111104,0.98,15.117900000000002,181.0,0.6279,0.0,1023.14
2022-12-12 11:00:00,1.4388888888888909,-2.1222222222222222,0.91,12.397,180.0,0.8372,0.0,1022.69
2022-12-12 12:00:00,1.5277777777777777,-2.066666666666666,0.98,12.654600000000002,180.0,0.9982000000000001,0.0,1022.29
2022-12-12 13:00:00,2.3444444444444437,-1.6166666666666667,0.92,15.681400000000002,178.0,0.8533000000000001,0.0,1022.1
2022-12-12 14:00:00,2.411111111111113,-1.2777777777777781,0.92,14.1519,159.0,0.6762,0.0,1021.72
2022-12-12 15:00:00,2.4555555555555566,-1.2166666666666675,0.99,14.1358,161.0,0.8211,0.0,1021.82
2022-12-12 16:00:00,2.272222222222224,-1.9111111111111119,0.96,16.9211,160.0,0.9338,0.0,1021.63
2022-12-12 17:00:00,1.2277777777777783,-2.794444444444445,0.92,14.4739,160.0,1.449,0.0,1021.5
2022-12-12 18:00:00,0.18333333333333238,-3.6944444444444438,1.0,12.6224,151.0,1.449,0.0,1021.33
2022-12-12 19:00:00,0.11666666666666714,-3.8166666666666678,0.99,12.8156,158.0,0.8855000000000002,0.0,1021.29
2022-12-12 20:00:00,0.044444444444443496,-3.872222222222222,0.93,12.654600000000002,141.0,0.966,0.0,1020.75
2022-12-12 21:00:00,-0.5555555555555556,-4.894444444444444,0.96,14.039200000000001,140.0,1.0143,0.0,1020.63
2022-12-12 22:00:00,-0.5111111111111121,-4.905555555555555,0.93,14.3773,141.0,3.7191000000000005,0.0,1020.32
2022-12-12 23:00:00,-0.5333333333333338,-5.433333333333334,0.96,17.114300000000004,151.0,4.9749,0.0,1020.03
2022-12-13 00:00:00,-0.5333333333333338,-4.872222222222222,0.96,14.0875,151.0,6.118,0.0,1020.04
2022-12-13 01:00:00,-0.5111111111111121,-4.222222222222223,0.96,11.253900000000002,152.0,5.763800000000001,0.0,1019.81
2022-12-13 02:00:00,-0.06666666666666722,-4.272222222222222,0.92,13.9426,141.0,6.0697,0.0,1019.65
2022-12-13 03:00:00,0.39444444444444493,-4.199999999999999,0.93,16.6474,150.0,6.021400000000001,0.0,1019.75
2022-12-13 04:00:00,-0.03888888888888905,-4.299999999999999,0.93,14.2163,160.0,6.0858,0.0,1019.71
2022-12-13 05:00:00,-0.07222222222222167,-4.294444444444445,0.93,14.007,160.0,6.021400000000001,0.0,1019.74
2022-12-13 06:00:00,-0.07222222222222167,-3.988888888888889,0.93,12.5419,161.0,5.9731000000000005,0.0,1020.04
2022-12-13 07:00:00,-0.044444444444443496,-4.216666666666667,0.93,13.7977,153.0,5.0876,0.0,1020.5
2022-12-13 08:00:00,0.994444444444444,-3.277777777777777,0.86,15.6009,151.0,4.9105,0.0,1020.82
2022-12-13 09:00:00,2.155555555555557,-2.5166666666666675,0.86,20.125,160.0,4.9910000000000005,0.0,1020.94
2022-12-13 10:00:00,3.8611111111111125,-0.35555555555555585,0.83,20.0284,162.0,7.3094,0.0,1021.41
2022-12-13 11:00:00,6.0888888888888895,2.972222222222223,0.71,15.955100000000002,161.0,8.05,0.0,1021.02
2022-12-13 12:00:00,7.799999999999999,4.922222222222222,0.71,17.3075,170.0,8.1305,0.0,1020.71
2022-12-13 13:00:00,8.994444444444444,6.561111111111113,0.69,16.035600000000002,163.0,9.8049,0.0,1020.31
2022-12-13 14:00:00,10.02222222222222,10.02222222222222,0.66,17.291400000000003,161.0,10.0786,0.0,1019.83
2022-12-13 15:00:00,7.88888888888889,5.055555555555556,0.75,17.114300000000004,151.0,12.2199,0.0,1020.0
2022-12-13 16:00:00,7.344444444444444,4.388888888888888,0.74,17.0177,160.0,11.3183,0.0,1020.26
2022-12-13 17:00:00,6.155555555555555,3.3388888888888877,0.79,14.023100000000003,160.0,9.982000000000001,0.0,1020.43
2022-12-13 18:00:00,5.116666666666667,2.561111111111111,0.82,11.2217,170.0,8.1305,0.0,1020.81
2022-12-13 19:00:00,5.266666666666665,2.6722222222222234,0.82,11.592,171.0,7.631400000000001,0.0,1021.28
2022-12-13 20:00:00,4.61111111111111,1.9555555555555573,0.82,11.2056,162.0,7.212800000000001,0.0,1021.33
2022-12-13 21:00:00,3.9833333333333343,0.7222222222222207,0.85,13.7494,160.0,8.1305,0.0,1021.53
2022-12-13 22:00:00,2.8111111111111122,-0.2666666666666669,0.87,11.4632,180.0,8.420300000000001,0.0,1021.73
2022-12-13 23:00:00,3.544444444444446,0.6611111111111099,0.84,11.253900000000002,179.0,7.4543,0.0,1021.84
2022-12-14 00:00:00,4.544444444444444,1.900000000000001,0.82,11.0768,170.0,7.212800000000001,0.0,1021.74
2022-12-14 01:00:00,4.4722222222222205,1.7777777777777795,0.83,11.270000000000001,163.0,7.631400000000001,0.0,1021.54
2022-12-14 02:00:00,6.1388888888888875,3.3611111111111094,0.76,13.7494,171.0,8.372000000000002,0.0,1021.45
2022-12-14 03:00:00,6.161111111111113,3.416666666666666,0.76,13.5401,180.0,9.064300000000001,0.0,1021.55
2022-12-14 04:00:00,5.888888888888889,3.5777777777777766,0.78,10.787,178.0,10.1752,0.0,1021.45
2022-12-14 05:00:00,6.027777777777779,3.7666666666666675,0.77,10.6743,169.0,12.2521,0.0,1021.35
2022-12-14 06:00:00,6.027777777777779,3.4777777777777765,0.79,12.2199,171.0,9.982000000000001,0.0,1021.45
2022-12-14 07:00:00,4.927777777777776,2.372222222222224,0.83,11.0285,160.0,6.8425,0.0,1021.75
2022-12-14 08:00:00,6.005555555555556,3.444444444444446,0.8,12.2521,160.0,6.295100000000001,0.0,1022.24
2022-12-14 09:00:00,7.11111111111111,4.772222222222224,0.74,12.3648,149.0,6.295100000000001,0.0,1022.64
2022-12-14 10:00:00,7.055555555555557,4.705555555555555,0.74,12.332600000000001,151.0,8.420300000000001,0.0,1022.92
2022-12-14 11:00:00,7.88888888888889,5.711111111111112,0.76,12.380900000000002,160.0,8.1305,0.0,1022.54
2022-12-14 12:00:00,9.11111111111111,6.7777777777777795,0.76,15.407700000000002,161.0,8.1305,0.0,1022.23
2022-12-14 13:00:00,10.144444444444442,10.144444444444442,0.7,13.9587,169.0,8.420300000000001,0.0,1022.02
2022-12-14 14:00:00,9.088888888888889,6.93888888888889,0.76,13.9748,151.0,8.1305,0.0,1021.73
2022-12-14 15:00:00,9.044444444444444,7.094444444444446,0.77,12.4936,141.0,8.1305,0.0,1021.73
2022-12-14 16:00:00,8.133333333333333,6.044444444444446,0.83,12.1394,151.0,8.420300000000001,0.0,1022.1
2022-12-14 17:00:00,7.799999999999999,5.5777777777777775,0.83,12.5419,149.0,8.1305,0.0,1022.27
2022-12-14 18:00:00,7.822222222222221,5.933333333333334,0.83,10.577700000000002,150.0,8.1305,0.0,1022.35
2022-12-14 19:00:00,7.505555555555554,5.816666666666666,0.85,9.2575,161.0,8.3398,0.0,1022.55
2022-12-14 20:00:00,7.572222222222223,6.244444444444445,0.84,7.6796999999999995,170.0,7.0357,0.0,1022.68
2022-12-14 21:00:00,7.066666666666666,5.083333333333332,0.89,10.2879,179.0,6.9391,0.0,1022.88
2022-12-14 22:00:00,6.816666666666668,5.66111111111111,0.87,6.552700000000001,170.0,7.406,0.0,1023.23
2022-12-14 23:00:00,6.416666666666665,4.17777777777778,0.83,10.9319,180.0,6.8264000000000005,0.0,1023.18
2022-12-15 00:00:00,6.383333333333335,4.13888888888889,0.87,10.980200000000002,179.0,6.7781,0.0,1023.38
2022-12-15 01:00:00,6.199999999999998,4.01111111111111,0.87,10.4811,170.0,7.245,0.0,1023.38
2022-12-15 02:00:00,6.322222222222224,4.13888888888889,0.83,10.5616,159.0,6.7942,0.0,1023.28
2022-12-15 03:00:00,4.283333333333334,2.7722222222222235,0.9,6.44,150.0,6.7942,0.0,1023.16
2022-12-15 04:00:00,3.3222222222222206,0.56111111111111,0.9,10.4811,150.0,5.5867,0.0,1023.02
2022-12-15 05:00:00,2.2000000000000006,-0.8500000000000006,0.93,10.787,139.0,3.9123000000000006,0.0,1022.77
2022-12-15 06:00:00,2.7611111111111106,-0.10555555555555626,0.96,10.448900000000002,150.0,3.9284000000000003,0.0,1023.05
2022-12-15 07:00:00,2.294444444444446,-0.6777777777777771,0.88,10.513300000000001,140.0,4.83,0.0,1023.05
2022-12-15 08:00:00,2.8277777777777797,-0.09999999999999984,0.9,10.787,139.0,4.395300000000001,0.0,1023.35
2022-12-15 09:00:00,3.988888888888889,1.1944444444444438,0.89,11.270000000000001,150.0,4.9910000000000005,0.0,1023.45
2022-12-15 10:00:00,5.0666666666666655,2.5166666666666675,0.87,11.157300000000001,151.0,6.166300000000001,0.0,1023.68
2022-12-15 11:00:00,7.222222222222222,5.150000000000002,0.74,10.948,150.0,7.0357,0.0,1023.35
2022-12-15 12:00:00,8.866666666666667,7.11111111111111,0.72,11.0446,169.0,7.0357,0.0,1022.76
2022-12-15 13:00:00,8.883333333333335,7.488888888888886,0.77,9.064300000000001,168.0,7.760200000000001,0.0,1022.51
2022-12-15 14:00:00,8.961111111111112,7.5,0.83,9.466800000000001,141.0,7.084000000000001,0.0,1022.04
2022-12-15 15:00:00,7.872222222222224,5.899999999999999,0.89,11.0929,140.0,7.0357,0.0,1021.74
2022-12-15 16:00:00,7.466666666666665,5.1944444444444455,0.86,12.4131,142.0,5.2003,0.0,1021.71
2022-12-15 17:00:00,6.205555555555557,3.377777777777777,0.93,14.168000000000003,151.0,4.9910000000000005,0.0,1021.75
2022-12-15 18:00:00,5.188888888888891,2.638888888888889,0.93,11.253900000000002,169.0,4.524100000000001,0.0,1021.75
2022-12-15 19:00:00,5.155555555555556,2.6055555555555543,0.93,11.253900000000002,152.0,4.025,0.0,1021.69
2022-12-15 20:00:00,5.1611111111111105,3.0444444444444425,0.93,9.2253,151.0,4.025,0.0,1021.46
2022-12-15 21:00:00,4.561111111111112,1.9499999999999988,0.93,10.9319,150.0,4.4436,0.0,1021.37
2022-12-15 22:00:00,4.477777777777779,2.933333333333334,0.9,6.6493,167.0,5.1359,0.0,1021.41
2022-12-15 23:00:00,4.561111111111112,3.1166666666666663,0.89,6.359500000000001,141.0,4.025,0.0,1021.07
2022-12-16 00:00:00,4.027777777777778,1.2722222222222217,0.92,11.125100000000002,140.0,4.9427,0.0,1020.38
2022-12-16 01:00:00,3.511111111111111,1.872222222222221,0.93,6.4561,127.0,5.6672,0.0,1020.4
2022-12-16 02:00:00,4.027777777777778,1.4166666666666652,0.89,10.448900000000002,130.0,4.9105,0.0,1019.96
2022-12-16 03:00:00,2.9666666666666686,0.06666666666666525,0.89,10.8031,140.0,4.9105,0.0,1019.75
2022-12-16 04:00:00,2.4277777777777763,2.4277777777777763,0.91,3.703,147.0,5.6672,0.0,1019.37
2022-12-16 05:00:00,2.8277777777777797,-0.6944444444444444,0.96,13.7333,129.0,4.83,0.0,1018.76
2022-12-16 06:00:00,2.7777777777777777,-0.22222222222222143,0.9,11.0768,129.0,4.83,0.0,1018.46
2022-12-16 07:00:00,3.788888888888889,1.0055555555555569,0.9,11.0285,139.0,7.3094,0.0,1018.17
2022-12-16 08:00:00,4.905555555555555,2.333333333333335,0.83,11.125100000000002,130.0,12.6385,0.0,1017.98
2022-12-16 09:00:00,4.927777777777776,2.6833333333333322,0.83,9.579500000000001,140.0,15.649200000000002,0.0,1017.8
2022-12-16 10:00:00,6.038888888888888,3.1333333333333337,0.81,14.4095,131.0,9.338000000000001,0.0,1017.53
2022-12-16 11:00:00,7.172222222222221,5.133333333333335,0.74,10.722600000000002,149.0,15.729700000000001,0.0,1016.89
2022-12-16 12:00:00,7.777777777777778,5.361111111111111,0.76,13.7494,140.0,15.729700000000001,0.0,1016.1
2022-12-16 13:00:00,8.81111111111111,6.81111111111111,0.78,12.5097,141.0,15.246700000000002,0.0,1015.26
2022-12-16 14:00:00,8.838888888888887,7.322222222222223,0.77,9.66,150.0,8.05,0.0,0.0
2022-12-16 15:00:00,7.750000000000002,7.750000000000002,0.83,4.7495,126.0,8.05,0.0,0.0
2022-12-16 16:00:00,7.811111111111113,6.4444444444444455,0.84,8.033900000000001,131.0,8.3398,0.0,1013.82
2022-12-16 17:00:00,7.699999999999999,5.716666666666666,0.89,10.996300000000002,139.0,8.05,0.0,0.0
2022-12-16 18:00:00,7.122222222222222,5.716666666666666,0.86,7.6796999999999995,139.0,7.1323,0.0,0.0
2022-12-16 19:00:00,7.066666666666666,5.56111111111111,0.87,8.0822,142.0,7.486500000000001,0.0,1012.77
2022-12-16 20:00:00,7.527777777777776,5.872222222222223,0.84,9.0965,160.0,6.9391,0.0,0.0
2022-12-16 21:00:00,6.944444444444445,4.866666666666665,0.87,10.6904,159.0,6.810300000000001,0.0,0.0
2022-12-16 22:00:00,7.022222222222222,4.300000000000001,0.94,14.715400000000002,160.0,6.745900000000001,0.0,1011.89
2022-12-16 23:00:00,6.994444444444446,4.911111111111113,0.93,10.7548,150.0,4.83,0.0,0.0
2022-12-17 00:00:00,7.022222222222222,4.577777777777779,0.93,12.88,140.0,3.4454000000000002,0.0,0.0
2022-12-17 01:00:00,6.561111111111113,4.41111111111111,0.94,10.642100000000001,149.0,3.8962000000000003,0.0,1010.92
2022-12-17 02:00:00,7.07222222222222,5.216666666666667,0.93,9.66,130.0,3.4454000000000002,0.0,0.0
2022-12-17 03:00:00,6.011111111111111,6.011111111111111,0.93,4.4758,161.0,3.8801000000000005,0.0,0.0
2022-12-17 04:00:00,6.044444444444446,6.044444444444446,0.96,2.8175000000000003,157.0,3.0912,0.0,1010.28
2022-12-17 05:00:00,6.011111111111111,6.011111111111111,1.0,3.0268,187.0,1.449,0.0,0.0
2022-12-17 06:00:00,6.061111111111109,5.183333333333333,1.0,5.313,274.0,1.8998,0.0,0.0
2022-12-17 07:00:00,6.15,5.383333333333332,0.99,5.055400000000001,215.0,2.5599000000000003,0.0,1011.28
2022-12-17 08:00:00,6.061111111111109,2.950000000000001,1.0,15.858500000000001,309.0,1.7388000000000001,0.0,0.0
2022-12-17 09:00:00,6.111111111111111,3.4611111111111095,0.93,12.9122,309.0,2.5438,0.0,0.0
2022-12-17 10:00:00,7.094444444444446,4.677777777777779,0.88,12.8156,316.0,2.5760000000000005,0.0,1013.68
2022-12-17 11:00:00,7.222222222222222,5.038888888888889,0.86,11.559800000000001,300.0,3.2361,0.0,0.0
2022-12-17 12:00:00,7.750000000000002,5.955555555555555,0.89,10.0303,290.0,3.3649,0.0,0.0
2022-12-17 13:00:00,7.872222222222224,5.1944444444444455,0.83,15.842400000000001,300.0,5.796,0.0,1013.19
2022-12-17 14:00:00,7.777777777777778,5.238888888888889,0.83,14.6188,309.0,6.118,0.0,0.0
2022-12-17 15:00:00,7.750000000000002,5.699999999999999,0.76,11.4632,282.0,8.05,0.0,0.0
2022-12-17 16:00:00,6.2666666666666675,4.05,0.85,10.706500000000002,291.0,5.796,0.0,1013.97
2022-12-17 17:00:00,3.888888888888889,3.888888888888889,0.92,3.2039,281.0,4.508,0.0,0.0
2022-12-17 18:00:00,3.888888888888889,3.888888888888889,0.92,3.0751,230.0,4.025,0.0,0.0
2022-12-17 19:00:00,2.4055555555555546,2.4055555555555546,0.93,4.6207,288.0,3.7352,0.0,1014.65
2022-12-17 20:00:00,2.2222222222222223,2.2222222222222223,0.92,0.1449,100.0,4.025,0.0,0.0
2022-12-17 21:00:00,1.1111111111111112,1.1111111111111112,1.0,3.22,320.0,2.0286,0.0,0.0
2022-12-17 22:00:00,-0.21111111111111056,-0.21111111111111056,0.96,3.0429,255.0,1.4168,0.0,1015.07
2022-12-17 23:00:00,0.0,0.0,0.92,4.7334000000000005,249.0,1.4651,0.0,0.0
2022-12-18 00:00:00,-0.04999999999999992,-0.04999999999999992,0.92,3.3649,236.0,0.4025,0.0,0.0
2022-12-18 01:00:00,0.10555555555555429,0.10555555555555429,0.96,3.22,250.0,0.7406,0.0,1015.35
2022-12-18 02:00:00,-0.04999999999999992,-0.04999999999999992,0.92,0.0,0.0,1.3685,0.0,0.0
2022-12-18 03:00:00,0.0,0.0,1.0,0.0,0.0,2.5921000000000003,0.0,0.0
2022-12-18 04:00:00,0.6555555555555554,-1.416666666666667,0.96,6.44,0.0,4.588500000000001,0.0,1016.1
2022-12-18 05:00:00,1.1111111111111112,-1.427777777777778,0.92,8.05,210.0,4.524100000000001,0.0,0.0
2022-12-18 06:00:00,1.1111111111111112,1.1111111111111112,0.92,0.3703,220.0,6.0697,0.0,0.0
2022-12-18 07:00:00,1.2222222222222239,1.2222222222222239,0.93,1.8676,186.0,1.5617,0.0,1017.34
2022-12-18 08:00:00,1.2388888888888872,1.2388888888888872,0.92,3.2683,186.0,1.9159,0.0,0.0
2022-12-18 09:00:00,2.8777777777777778,1.7388888888888903,0.99,4.8783,175.0,2.1252000000000004,0.0,0.0
2022-12-18 10:00:00,4.672222222222221,4.672222222222221,0.91,3.2844,188.0,3.5098000000000003,0.0,1019.27
2022-12-18 11:00:00,7.249999999999998,5.177777777777778,0.79,10.948,193.0,6.295100000000001,0.0,0.0
2022-12-18 12:00:00,7.827777777777779,5.605555555555558,0.76,12.558,212.0,7.212800000000001,0.0,0.0
2022-12-18 13:00:00,7.905555555555553,5.772222222222222,0.81,12.1072,241.0,7.1001,0.0,1019.07
2022-12-18 14:00:00,8.88888888888889,7.416666666666667,0.77,9.466800000000001,214.0,7.212800000000001,0.0,0.0
2022-12-18 15:00:00,7.827777777777779,6.116666666666665,0.83,9.66,190.0,7.212800000000001,0.0,0.0
2022-12-18 16:00:00,7.222222222222222,5.533333333333334,0.87,9.016,204.0,5.2003,0.0,1019.27
2022-12-18 17:00:00,5.1,2.8888888888888906,0.86,9.563400000000001,211.0,7.084000000000001,0.0,0.0
2022-12-18 18:00:00,3.988888888888889,1.5722222222222213,0.92,9.563400000000001,202.0,4.9910000000000005,0.0,0.0
2022-12-18 19:00:00,4.122222222222224,1.81111111111111,0.92,9.2253,184.0,3.8318,0.0,1020.54
2022-12-18 20:00:00,2.9277777777777794,0.3111111111111124,0.96,9.5473,201.0,2.3023000000000002,0.0,0.0
2022-12-18 21:00:00,3.988888888888889,1.9499999999999988,1.0,8.05,190.0,2.9141000000000004,0.0,0.0
2022-12-18 22:00:00,5.0666666666666655,2.6111111111111125,0.96,10.6743,193.0,3.0751,0.0,1021.16
2022-12-18 23:00:00,5.0,2.4166666666666674,1.0,11.270000000000001,190.0,2.8175000000000003,0.0,0.0
2022-12-19 00:00:00,6.061111111111109,3.416666666666666,0.93,12.799500000000002,200.0,2.8175000000000003,0.0,0.0
2022-12-19 01:00:00,4.383333333333334,1.7444444444444447,0.93,10.8997,182.0,3.864,0.0,1020.87
2022-12-19 02:00:00,3.938888888888891,0.8666666666666679,0.92,12.6385,191.0,3.5420000000000007,0.0,0.0
2022-12-19 03:00:00,3.988888888888889,0.9666666666666678,0.92,12.445300000000001,180.0,3.5420000000000007,0.0,0.0
2022-12-19 04:00:00,4.4222222222222225,1.8055555555555556,0.92,10.835300000000002,180.0,3.864,0.0,1020.39
2022-12-19 05:00:00,5.050000000000002,2.8277777777777797,0.86,9.579500000000001,180.0,4.2987,0.0,0.0
2022-12-19 06:00:00,3.988888888888889,1.5611111111111124,0.92,9.579500000000001,180.0,4.025,0.0,0.0
2022-12-19 07:00:00,4.055555555555554,1.3444444444444454,0.93,10.948,162.0,4.186000000000001,0.0,1020.54
2022-12-19 08:00:00,5.1,2.5333333333333345,0.86,11.270000000000001,190.0,3.7513000000000005,0.0,0.0
2022-12-19 09:00:00,5.1,2.0222222222222226,0.93,14.1519,181.0,4.2021,0.0,0.0
2022-12-19 10:00:00,6.122222222222224,3.366666666666668,0.88,13.5884,180.0,5.8765,0.0,1020.98
2022-12-19 11:00:00,7.300000000000001,4.672222222222221,0.86,14.49,180.0,7.1323,0.0,0.0
2022-12-19 12:00:00,9.038888888888891,6.633333333333332,0.83,15.874600000000001,202.0,7.084000000000001,0.0,0.0
2022-12-19 13:00:00,11.055555555555555,11.055555555555555,0.76,12.5097,200.0,7.293300000000001,0.0,1019.64
2022-12-19 14:00:00,12.249999999999998,12.249999999999998,0.72,12.799500000000002,202.0,7.212800000000001,0.0,0.0
2022-12-19 15:00:00,11.161111111111113,11.161111111111113,0.77,11.0768,191.0,7.084000000000001,0.0,0.0
2022-12-19 16:00:00,8.877777777777775,6.983333333333333,0.84,11.914000000000001,172.0,7.3255,0.0,1018.77
2022-12-19 17:00:00,7.827777777777779,5.86111111111111,0.89,11.0446,161.0,7.084000000000001,0.0,0.0
2022-12-19 18:00:00,6.188888888888889,4.161111111111112,0.93,9.66,162.0,6.118,0.0,0.0
2022-12-19 19:00:00,5.238888888888889,3.3999999999999986,0.93,8.1144,170.0,2.1413,0.0,1018.8
2022-12-19 20:00:00,3.988888888888889,1.2055555555555566,0.92,11.2056,161.0,0.6440000000000001,0.0,0.0
2022-12-19 21:00:00,3.988888888888889,0.9333333333333331,0.92,12.606300000000001,171.0,0.966,0.0,0.0
2022-12-19 22:00:00,3.5944444444444437,0.46111111111111014,0.96,12.606300000000001,168.0,2.1252000000000004,0.0,1018.14
2022-12-19 23:00:00,2.8277777777777797,-0.1722222222222215,0.96,11.125100000000002,190.0,0.9821000000000001,0.0,0.0
2022-12-20 00:00:00,2.8277777777777797,-0.16666666666666707,0.96,11.109000000000002,181.0,0.966,0.0,0.0
2022-12-20 01:00:00,3.4111111111111114,0.6055555555555574,0.93,10.7548,152.0,3.3649,0.0,1017.53
2022-12-20 02:00:00,2.8277777777777797,2.8277777777777797,0.96,2.0286,195.0,3.2844,0.0,0.0
2022-12-20 03:00:00,2.449999999999998,-0.9611111111111114,0.91,12.735100000000001,182.0,3.2844,0.0,0.0
2022-12-20 04:00:00,3.122222222222221,1.5333333333333323,0.92,6.1341,192.0,4.7495,0.0,1017.67
2022-12-20 05:00:00,5.050000000000002,2.8277777777777797,0.93,9.563400000000001,259.0,4.025,0.0,0.0
2022-12-20 06:00:00,7.750000000000002,5.083333333333332,0.83,15.552600000000002,289.0,8.05,0.0,0.0
2022-12-20 07:00:00,7.283333333333333,5.499999999999999,0.86,9.499,243.0,10.2235,0.0,1019.47
2022-12-20 08:00:00,7.777777777777778,5.238888888888889,0.83,14.6188,271.0,9.982000000000001,0.0,0.0
2022-12-20 09:00:00,8.88888888888889,6.566666666666666,0.77,14.9408,272.0,9.982000000000001,0.0,0.0
2022-12-20 10:00:00,10.050000000000002,10.050000000000002,0.66,17.388,300.0,9.982000000000001,0.0,1022.3
2022-12-20 11:00:00,11.06111111111111,11.06111111111111,0.56,33.81,320.0,9.982000000000001,0.0,0.0
2022-12-20 12:00:00,11.11111111111111,11.11111111111111,0.56,25.8888,319.0,9.982000000000001,0.0,0.0
2022-12-20 13:00:00,11.183333333333334,11.183333333333334,0.49,26.758200000000002,313.0,15.552600000000002,0.0,1022.1
2022-12-20 14:00:00,10.0,7.272222222222224,0.5,21.268100000000004,329.0,0.0,0.0,0.0
2022-12-20 15:00:00,9.949999999999998,8.299999999999999,0.5,11.7691,311.0,0.0,0.0,0.0
2022-12-20 16:00:00,7.699999999999999,7.161111111111111,0.58,4.9910000000000005,261.0,15.552600000000002,0.0,1021.49
2022-12-20 17:00:00,5.1,5.1,0.65,3.4293,263.0,0.0,0.0,0.0
2022-12-20 18:00:00,3.988888888888889,1.5888888888888886,0.76,9.4829,163.0,0.0,0.0,0.0
2022-12-20 19:00:00,5.044444444444443,5.044444444444443,0.73,4.588500000000001,155.0,14.9569,0.0,1020.75
2022-12-20 20:00:00,3.988888888888889,1.6055555555555558,0.82,9.4185,162.0,9.982000000000001,0.0,0.0
2022-12-20 21:00:00,3.988888888888889,1.6166666666666647,0.81,9.3541,190.0,9.982000000000001,0.0,0.0
2022-12-20 22:00:00,5.155555555555556,2.294444444444446,0.82,12.9283,160.0,9.7566,0.0,1018.22
2022-12-20 23:00:00,3.938888888888891,-0.6166666666666664,0.89,23.055200000000003,319.0,8.05,0.0,0.0
2022-12-21 00:00:00,4.949999999999998,1.4499999999999997,0.87,16.7279,319.0,3.5420000000000007,0.0,0.0
2022-12-21 01:00:00,3.672222222222222,0.4111111111111122,0.92,13.363000000000001,38.0,7.856800000000001,0.0,1019.82
2022-12-21 02:00:00,2.9277777777777794,0.2833333333333322,0.95,9.66,150.0,9.982000000000001,0.0,0.0
2022-12-21 03:00:00,2.8777777777777778,0.0500000000000019,0.95,10.384500000000001,197.0,0.0,0.0,0.0
2022-12-21 04:00:00,2.666666666666665,0.033333333333334596,0.91,9.4024,187.0,15.1823,0.0,1020.26
2022-12-21 05:00:00,3.938888888888891,0.00555555555555445,0.82,18.064200000000003,291.0,0.0,0.0,0.0
2022-12-21 06:00:00,3.938888888888891,0.39444444444444493,0.76,15.407700000000002,291.0,0.0,0.0,0.0
2022-12-21 07:00:00,4.8888888888888875,0.7555555555555552,0.76,21.6062,272.0,15.1823,0.0,1022.74
2022-12-21 08:00:00,5.0,0.14444444444444335,0.7,29.1249,310.0,9.982000000000001,0.0,0.0
2022-12-21 09:00:00,5.0,0.8833333333333352,0.7,21.702800000000003,301.0,0.0,0.0,0.0
2022-12-21 10:00:00,7.044444444444444,3.0944444444444446,0.56,25.6795,301.0,10.3523,0.0,1025.25
2022-12-21 11:00:00,7.222222222222222,2.983333333333332,0.55,29.785,310.0,9.982000000000001,0.0,0.0
2022-12-21 12:00:00,7.249999999999998,3.0444444444444425,0.6,29.4147,320.0,9.982000000000001,0.0,0.0
2022-12-21 13:00:00,7.344444444444444,2.2777777777777786,0.58,42.6972,310.0,10.3523,0.0,1026.19
2022-12-21 14:00:00,7.222222222222222,2.261111111111111,0.55,40.298300000000005,310.0,9.982000000000001,0.0,0.0
2022-12-21 15:00:00,7.222222222222222,3.18888888888889,0.51,27.2895,310.0,9.982000000000001,0.0,0.0
2022-12-21 16:00:00,6.122222222222224,2.999999999999999,0.59,16.035600000000002,302.0,10.577700000000002,0.0,1027.87
2022-12-21 17:00:00,3.938888888888891,1.9111111111111099,0.64,7.969500000000001,218.0,9.982000000000001,0.0,0.0
2022-12-21 18:00:00,2.7777777777777777,-0.2499999999999996,0.76,11.2056,261.0,0.0,0.0,0.0
2022-12-21 19:00:00,4.133333333333332,0.6611111111111099,0.68,15.230600000000003,254.0,15.552600000000002,0.0,1029.66
2022-12-21 20:00:00,2.8777777777777778,-0.777777777777777,0.76,14.586600000000002,271.0,0.0,0.0,0.0
2022-12-21 21:00:00,2.8777777777777778,-0.47777777777777747,0.7,12.9283,262.0,0.0,0.0,0.0
2022-12-21 22:00:00,1.7499999999999991,-0.14444444444444532,0.76,6.4078,242.0,15.1823,0.0,1030.28
2022-12-21 23:00:00,1.288888888888889,-1.083333333333333,0.77,7.5992,175.0,0.0,0.0,0.0
2022-12-22 00:00:00,2.3499999999999983,-1.3444444444444454,0.72,14.1036,232.0,0.0,0.0,0.0
2022-12-22 01:00:00,1.0888888888888895,-0.9500000000000005,0.81,6.5205,211.0,15.1823,0.0,1029.62
2022-12-22 02:00:00,0.22777777777777589,-4.022222222222221,0.84,14.49,260.0,0.0,0.0,0.0
2022-12-22 03:00:00,2.2499999999999982,-0.5444444444444447,0.72,9.7405,230.0,0.0,0.0,0.0
2022-12-22 04:00:00,0.33333333333333415,-3.166666666666666,0.82,11.0768,200.0,15.1823,0.0,1027.92
2022-12-22 05:00:00,0.12777777777777605,-4.138888888888889,0.84,14.457800000000002,201.0,0.0,0.0,0.0
2022-12-22 06:00:00,1.2388888888888872,-3.2944444444444443,0.77,17.5329,201.0,0.0,0.0,0.0
2022-12-22 07:00:00,2.3277777777777766,-1.6166666666666667,0.73,15.520400000000002,201.0,15.552600000000002,0.0,1026.14
2022-12-22 08:00:00,2.2499999999999982,-2.4333333333333327,0.72,20.334300000000002,200.0,0.0,0.0,0.0
2022-12-22 09:00:00,2.7777777777777777,-1.7944444444444447,0.76,20.608000000000004,211.0,0.0,0.0,0.0
2022-12-22 10:00:00,3.8555555555555543,-0.3722222222222232,0.71,20.1411,210.0,15.1823,0.0,1025.18
2022-12-22 11:00:00,5.050000000000002,0.9277777777777787,0.7,21.896,213.0,0.0,0.0,0.0
2022-12-22 12:00:00,6.111111111111111,3.4666666666666677,0.7,12.88,220.0,0.0,0.0,0.0
2022-12-22 13:00:00,5.438888888888888,2.744444444444443,0.74,12.332600000000001,207.0,15.1823,0.0,1022.93
2022-12-22 14:00:00,5.050000000000002,1.9055555555555554,0.76,14.49,210.0,9.982000000000001,0.0,0.0
2022-12-22 15:00:00,6.161111111111113,3.3388888888888877,0.76,14.0714,211.0,9.982000000000001,0.0,0.0
2022-12-22 16:00:00,6.35,4.188888888888888,0.78,10.4811,203.0,10.2235,0.0,1021.68
2022-12-22 17:00:00,6.161111111111113,4.17777777777778,0.79,9.466800000000001,192.0,9.982000000000001,0.0,0.0
2022-12-22 18:00:00,6.238888888888887,3.366666666666668,0.85,14.49,210.0,9.982000000000001,0.0,0.0
2022-12-22 19:00:00,6.472222222222221,4.194444444444443,0.84,11.253900000000002,205.0,10.2235,0.0,1020.99
2022-12-22 20:00:00,6.238888888888887,5.383333333333332,0.78,5.313,234.0,0.0,0.0,0.0
2022-12-22 21:00:00,7.249999999999998,5.1111111111111125,0.73,11.3344,242.0,0.0,0.0,0.0
2022-12-22 22:00:00,7.283333333333333,5.216666666666667,0.76,10.996300000000002,258.0,11.914000000000001,0.0,1021.18
2022-12-22 23:00:00,7.750000000000002,5.450000000000001,0.71,12.992700000000001,242.0,0.0,0.0,0.0
2022-12-23 00:00:00,7.750000000000002,5.699999999999999,0.71,11.4632,242.0,0.0,0.0,0.0
2022-12-23 01:00:00,5.377777777777777,3.9222222222222234,0.78,6.7942,241.0,15.1823,0.0,1020.51
2022-12-23 02:00:00,3.988888888888889,1.9111111111111099,0.81,8.1949,223.0,0.0,0.0,0.0
2022-12-23 03:00:00,5.127777777777776,2.0388888888888896,0.81,14.2485,213.0,9.982000000000001,0.0,0.0
2022-12-23 04:00:00,6.449999999999999,3.711111111111111,0.74,13.9265,241.0,14.3934,0.0,1020.67
2022-12-23 05:00:00,7.222222222222222,4.6000000000000005,0.71,14.329,260.0,9.982000000000001,0.0,0.0
2022-12-23 06:00:00,7.172222222222221,5.033333333333335,0.71,11.237800000000002,249.0,9.982000000000001,0.0,0.0
2022-12-23 07:00:00,6.672222222222221,4.183333333333334,0.74,12.7029,250.0,10.2235,0.0,1021.1
2022-12-23 08:00:00,7.172222222222221,5.699999999999999,0.71,8.0017,249.0,0.0,0.0,0.0
2022-12-23 09:00:00,7.249999999999998,5.122222222222222,0.73,11.270000000000001,222.0,0.0,0.0,0.0
2022-12-23 10:00:00,7.805555555555554,6.372222222222222,0.76,8.291500000000001,217.0,15.552600000000002,0.0,1022.27
2022-12-23 11:00:00,8.93888888888889,6.883333333333334,0.7,13.089300000000001,269.0,0.0,0.0,0.0
2022-12-23 12:00:00,11.11111111111111,11.11111111111111,0.61,17.9354,270.0,0.0,0.0,0.0
2022-12-23 13:00:00,12.088888888888887,12.088888888888887,0.65,16.0517,260.0,15.552600000000002,0.0,1021.71
2022-12-23 14:00:00,12.17222222222222,12.17222222222222,0.61,11.656400000000001,243.0,0.0,0.0,0.0
2022-12-23 15:00:00,10.050000000000002,10.050000000000002,0.7,13.0571,241.0,0.0,0.0,0.0
2022-12-23 16:00:00,8.13888888888889,6.944444444444445,0.76,7.5348,180.0,15.552600000000002,0.0,1021.47
2022-12-23 17:00:00,6.238888888888887,4.233333333333332,0.85,9.6117,202.0,0.0,0.0,0.0
2022-12-23 18:00:00,5.127777777777776,3.2444444444444462,0.93,8.1949,203.0,0.0,0.0,0.0
2022-12-23 19:00:00,4.41111111111111,1.7777777777777795,0.91,10.8997,212.0,14.168000000000003,0.0,1021.57
2022-12-23 20:00:00,4.066666666666666,1.6444444444444448,0.91,9.6117,212.0,6.118,0.0,0.0
2022-12-23 21:00:00,3.0055555555555538,0.033333333333334596,0.95,11.157300000000001,212.0,4.9910000000000005,0.0,0.0
2022-12-23 22:00:00,3.405555555555557,0.6444444444444426,0.91,10.5616,214.0,6.1341,0.0,1021.9
2022-12-23 23:00:00,2.4722222222222237,-0.9166666666666659,0.91,12.6385,212.0,4.9910000000000005,0.0,0.0
2022-12-24 00:00:00,2.3000000000000003,-0.3777777777777776,0.92,9.2897,191.0,4.025,0.0,0.0
2022-12-24 01:00:00,1.7000000000000013,-1.4333333333333325,0.91,10.706500000000002,214.0,5.152000000000001,0.0,1022.38
2022-12-24 02:00:00,1.338888888888887,-1.0888888888888895,0.91,7.792400000000001,174.0,4.025,0.0,0.0
2022-12-24 03:00:00,0.17777777777777792,-3.311111111111112,1.0,10.8836,162.0,4.025,0.0,0.0
2022-12-24 04:00:00,0.9166666666666659,-2.322222222222222,0.96,10.4811,174.0,4.3631,0.0,1022.29
2022-12-24 05:00:00,0.12777777777777605,-2.9888888888888885,0.92,9.4185,202.0,4.025,0.0,0.0
2022-12-24 06:00:00,1.188888888888889,-0.2055555555555561,0.92,4.9588,215.0,3.059,0.0,0.0
2022-12-24 07:00:00,0.28888888888889064,-2.3166666666666678,0.93,7.792400000000001,192.0,5.152000000000001,0.0,1022.76
2022-12-24 08:00:00,0.12777777777777605,-2.9888888888888885,0.92,9.4185,182.0,4.508,0.0,0.0
2022-12-24 09:00:00,2.4000000000000004,-0.2666666666666669,0.92,9.321900000000001,163.0,6.118,0.0,0.0
2022-12-24 10:00:00,5.322222222222221,3.4722222222222223,0.86,8.211,205.0,6.8425,0.0,1023.24
2022-12-24 11:00:00,7.827777777777779,5.555555555555555,0.82,12.88,210.0,8.05,0.0,0.0
2022-12-24 12:00:00,10.0,7.799999999999999,0.77,16.1,210.0,0.0,0.0,0.0
2022-12-24 13:00:00,11.166666666666666,11.166666666666666,0.7,12.654600000000002,220.0,15.552600000000002,0.0,1021.32
2022-12-24 14:00:00,11.06111111111111,11.06111111111111,0.71,16.1,210.0,0.0,0.0,0.0
2022-12-24 15:00:00,10.0,8.011111111111113,0.77,14.312900000000003,221.0,0.0,0.0,0.0
2022-12-24 16:00:00,7.3666666666666645,5.094444444444445,0.85,12.2843,200.0,15.1823,0.0,1020.64
2022-12-24 17:00:00,6.161111111111113,3.5944444444444437,0.86,12.477500000000001,211.0,6.118,0.0,0.0
2022-12-24 18:00:00,5.0,2.166666666666666,0.86,12.5741,211.0,6.118,0.0,0.0
2022-12-24 19:00:00,3.0055555555555538,0.7888888888888899,0.96,8.0661,210.0,1.6744,0.0,1020.87
2022-12-24 20:00:00,2.8277777777777797,1.6277777777777775,0.96,5.0071,194.0,0.8211,0.0,0.0
2022-12-24 21:00:00,2.8277777777777797,2.8277777777777797,0.96,3.5581,213.0,0.9821000000000001,0.0,0.0
2022-12-24 22:00:00,2.177777777777779,2.177777777777779,0.95,4.1377,208.0,1.7066000000000001,0.0,1021.85
2022-12-24 23:00:00,0.2777777777777778,-1.4055555555555561,0.99,5.313,234.0,0.16100000000000003,0.0,0.0
2022-12-25 00:00:00,1.3888888888888888,-1.555555555555556,0.91,9.66,200.0,0.32200000000000006,0.0,0.0
2022-12-25 01:00:00,1.1166666666666656,-1.1500000000000001,0.95,7.1806,228.0,1.7388000000000001,0.0,1022.04
2022-12-25 02:00:00,1.338888888888887,-2.027777777777777,0.91,11.382700000000002,231.0,0.6440000000000001,0.0,1022.2
2022-12-25 03:00:00,1.2388888888888872,-1.2777777777777781,0.92,8.033900000000001,184.0,0.6440000000000001,0.0,1022.1
2022-12-25 04:00:00,0.8777777777777769,0.8777777777777769,0.93,3.703,195.0,1.5134,0.0,1021.76
2022-12-25 05:00:00,0.17777777777777792,0.17777777777777792,1.0,3.4293,197.0,3.5420000000000007,0.0,1021.3
2022-12-25 06:00:00,1.188888888888889,-2.105555555555555,0.92,10.948,193.0,3.5420000000000007,0.0,0.0
2022-12-25 07:00:00,0.49444444444444474,-3.0333333333333337,0.98,11.3505,210.0,3.6708,0.0,1021.47
2022-12-25 08:00:00,1.288888888888889,-1.6722222222222232,0.92,9.66,210.0,4.508,0.0,0.0
2022-12-25 09:00:00,2.8777777777777778,0.2833333333333322,0.89,9.4024,213.0,5.216400000000001,0.0,0.0
2022-12-25 10:00:00,6.116666666666665,4.027777777777778,0.86,9.8854,231.0,6.118,0.0,1021.55
2022-12-25 11:00:00,7.827777777777779,5.105555555555554,0.76,16.1,270.0,0.0,0.0,0.0
2022-12-25 12:00:00,8.88888888888889,6.849999999999999,0.71,12.863900000000001,261.0,0.0,0.0,0.0
2022-12-25 13:00:00,10.866666666666667,10.866666666666667,0.58,8.1144,269.0,10.577700000000002,0.0,1020.08
2022-12-25 14:00:00,11.06111111111111,11.06111111111111,0.61,0.6601,280.0,9.982000000000001,0.0,0.0
2022-12-25 15:00:00,9.949999999999998,8.933333333333332,0.71,8.1305,242.0,9.982000000000001,0.0,0.0
2022-12-25 16:00:00,7.916666666666667,6.6166666666666645,0.72,7.8084999999999996,252.0,10.5455,0.0,1020.46
2022-12-25 17:00:00,5.1,5.1,0.85,0.5152,260.0,9.982000000000001,0.0,0.0
2022-12-25 18:00:00,6.111111111111111,5.2888888888888905,0.79,5.184200000000001,254.0,8.05,0.0,0.0
2022-12-25 19:00:00,7.188888888888887,4.2777777777777795,0.75,16.4059,310.0,9.434600000000001,0.0,1020.91
2022-12-25 20:00:00,7.122222222222222,4.688888888888887,0.71,12.960500000000001,310.0,9.982000000000001,0.0,0.0
2022-12-25 21:00:00,6.011111111111111,2.677777777777778,0.76,17.4202,320.0,9.982000000000001,0.0,0.0
2022-12-25 22:00:00,5.638888888888888,2.6833333333333322,0.75,14.1519,294.0,14.3934,0.0,1021.86
2022-12-25 23:00:00,6.011111111111111,3.311111111111112,0.7,13.089300000000001,311.0,9.982000000000001,0.0,0.0
2022-12-26 00:00:00,4.949999999999998,1.5277777777777777,0.7,16.180500000000002,290.0,9.982000000000001,0.0,1021.8
2022-12-26 01:00:00,4.966666666666665,1.872222222222221,0.67,14.0553,301.0,15.1823,0.0,1021.19
2022-12-26 02:00:00,4.9,1.5111111111111104,0.65,15.874600000000001,300.0,0.0,0.0,0.0
2022-12-26 03:00:00,3.811111111111111,0.6833333333333316,0.7,12.799500000000002,310.0,16.1,0.0,1021.2
2022-12-26 04:00:00,3.877777777777776,0.5833333333333317,0.72,13.7977,308.0,15.1823,0.0,1021.16
2022-12-26 05:00:00,3.838888888888887,0.44444444444444287,0.7,14.329,300.0,0.0,0.0,0.0
2022-12-26 06:00:00,3.838888888888887,0.15000000000000174,0.7,16.1644,310.0,0.0,0.0,0.0
2022-12-26 07:00:00,2.9277777777777794,-0.5666666666666664,0.75,13.7011,307.0,15.1823,0.0,1021.61
2022-12-26 08:00:00,2.7500000000000018,-0.9166666666666659,0.76,14.4739,300.0,0.0,0.0,0.0
2022-12-26 09:00:00,3.838888888888887,-0.10555555555555626,0.7,17.9354,300.0,0.0,0.0,0.0
2022-12-26 10:00:00,4.9833333333333325,0.43333333333333396,0.69,25.8244,300.0,14.9569,0.0,1021.7
2022-12-26 11:00:00,6.111111111111111,1.7166666666666686,0.65,27.643700000000006,319.0,9.982000000000001,0.0,0.0
2022-12-26 12:00:00,6.061111111111109,1.6777777777777796,0.65,27.37,309.0,9.982000000000001,0.0,0.0
2022-12-26 13:00:00,6.016666666666666,1.9499999999999988,0.59,23.8763,312.0,10.3523,0.0,1020.22
2022-12-26 14:00:00,4.949999999999998,0.26666666666666494,0.65,27.0963,319.0,9.982000000000001,0.0,0.0
2022-12-26 15:00:00,3.838888888888887,-1.3055555555555562,0.7,28.4648,310.0,9.982000000000001,0.0,0.0
2022-12-26 16:00:00,2.8777777777777778,-1.6222222222222231,0.75,20.2055,310.0,9.982000000000001,0.0,1020.46
2022-12-26 17:00:00,2.1722222222222203,-2.1333333333333333,0.79,17.5651,300.0,9.982000000000001,0.0,0.0
2022-12-26 18:00:00,1.0611111111111091,-2.994444444444445,0.78,14.4739,290.0,0.0,0.0,0.0
2022-12-26 19:00:00,1.1500000000000001,-3.1555555555555554,0.77,16.0034,311.0,15.1823,0.0,1020.8
2022-12-26 20:00:00,1.0111111111111113,-4.238888888888888,0.75,22.169700000000002,300.0,0.0,0.0,0.0
2022-12-26 21:00:00,-0.09999999999999984,-5.855555555555555,0.75,23.6992,300.0,0.0,0.0,0.0
2022-12-26 22:00:00,-0.5555555555555556,-5.477777777777778,0.69,17.2109,311.0,14.9569,0.0,1020.23
2022-12-26 23:00:00,-1.1111111111111112,-6.227777777777778,0.69,17.549000000000003,310.0,9.982000000000001,0.0,0.0
2022-12-27 00:00:00,-1.1111111111111112,-6.938888888888887,0.68,22.169700000000002,320.0,9.982000000000001,0.0,0.0
2022-12-27 01:00:00,-0.7277777777777771,-6.116666666666668,0.64,19.8674,330.0,14.9569,0.0,1020.0
2022-12-27 02:00:00,-1.188888888888889,-7.422222222222222,0.63,25.067700000000002,320.0,9.982000000000001,0.0,1019.8
2022-12-27 03:00:00,-1.2388888888888892,-6.849999999999999,0.69,20.463100000000004,320.0,9.982000000000001,0.0,0.0
2022-12-27 04:00:00,-1.8444444444444446,-8.122222222222224,0.68,23.972900000000003,320.0,14.9569,0.0,1019.28
2022-12-27 05:00:00,-2.8777777777777778,-7.783333333333335,0.69,14.2324,329.0,9.982000000000001,0.0,0.0
2022-12-27 06:00:00,-2.8777777777777778,-7.072222222222223,0.69,11.237800000000002,309.0,9.982000000000001,0.0,0.0
2022-12-27 07:00:00,-4.027777777777778,-8.005555555555555,0.75,9.66,310.0,14.9569,0.0,1018.74
2022-12-27 08:00:00,-3.938888888888889,-9.433333333333334,0.78,15.874600000000001,290.0,9.982000000000001,0.0,0.0
2022-12-27 09:00:00,-2.3000000000000003,-7.683333333333333,0.66,17.388,309.0,9.982000000000001,0.0,0.0
2022-12-27 10:00:00,-1.1166666666666676,-5.572222222222223,0.61,14.007,310.0,15.1823,0.0,1018.24
2022-12-27 11:00:00,-0.04999999999999992,-3.2111111111111117,0.51,9.466800000000001,288.0,0.0,0.0,0.0
2022-12-27 12:00:00,0.0,-3.5666666666666678,0.47,11.0768,289.0,0.0,0.0,0.0
2022-12-27 13:00:00,1.1055555555555567,-2.0444444444444443,0.44,10.2718,308.0,15.552600000000002,0.0,1015.16
2022-12-27 14:00:00,1.1111111111111112,1.1111111111111112,0.43,4.6851,276.0,0.0,0.0,0.0
2022-12-27 15:00:00,1.0611111111111091,-0.3222222222222213,0.51,4.8944,203.0,0.0,0.0,0.0
2022-12-27 16:00:00,-0.905555555555555,-0.905555555555555,0.61,4.250400000000001,147.0,15.552600000000002,0.0,1013.75
2022-12-27 17:00:00,-2.2500000000000004,-5.372222222222224,0.66,8.05,140.0,0.0,0.0,0.0
2022-12-27 18:00:00,-2.2222222222222223,-5.822222222222223,0.68,9.563400000000001,131.0,0.0,0.0,0.0
2022-12-27 19:00:00,-2.6333333333333324,-5.683333333333334,0.79,7.631400000000001,132.0,15.1823,0.0,1011.92
2022-12-27 20:00:00,-2.7499999999999996,-7.311111111111111,0.77,12.799500000000002,130.0,0.0,0.0,0.0
2022-12-27 21:00:00,-2.2222222222222223,-7.305555555555555,0.8,15.874600000000001,120.0,0.0,0.0,0.0
2022-12-27 22:00:00,-2.216666666666666,-6.927777777777777,0.8,14.039200000000001,131.0,15.1823,0.0,1010.69
2022-12-27 23:00:00,-2.7499999999999996,-7.6499999999999995,0.85,14.329,130.0,0.0,0.0,0.0
2022-12-28 00:00:00,-2.2222222222222223,-7.033333333333333,0.75,14.49,120.0,0.0,0.0,0.0
2022-12-28 01:00:00,-2.755555555555556,-7.6000000000000005,0.8,14.1036,119.0,15.1823,0.0,1008.8
2022-12-28 02:00:00,-2.7777777777777777,-7.988888888888888,0.78,15.858500000000001,109.0,0.0,0.0,0.0
2022-12-28 03:00:00,-2.3000000000000003,-6.7555555555555555,0.75,12.799500000000002,110.0,0.0,0.0,0.0
2022-12-28 04:00:00,-2.3000000000000003,-7.638888888888889,0.77,17.146500000000003,98.0,15.1823,0.0,1007.96
2022-12-28 05:00:00,-2.3000000000000003,-7.705555555555557,0.76,17.5329,99.0,0.0,0.0,0.0
2022-12-28 06:00:00,-2.3000000000000003,-7.733333333333334,0.76,17.693900000000003,80.0,0.0,0.0,0.0
2022-12-28 07:00:00,-2.2222222222222223,-7.594444444444445,0.77,17.404100000000003,71.0,15.021300000000002,0.0,1007.39
2022-12-28 08:00:00,-2.2500000000000004,-7.433333333333333,0.76,16.3737,69.0,0.0,0.0,0.0
2022-12-28 09:00:00,-2.2222222222222223,-7.705555555555557,0.81,18.064200000000003,69.0,0.0,0.0,0.0
2022-12-28 10:00:00,-2.1888888888888896,-7.322222222222223,0.96,16.1644,53.0,1.2397,0.0,1006.7
2022-12-28 11:00:00,-2.1722222222222225,-7.655555555555556,0.95,18.1447,41.0,1.0626000000000002,0.0,1006.5
2022-12-28 12:00:00,-2.1722222222222225,-8.105555555555556,0.95,20.9461,31.0,1.2236,0.0,1006.4
2022-12-28 13:00:00,-2.0500000000000007,-8.294444444444444,0.96,23.312800000000003,32.0,1.2880000000000003,0.0,1006.55
2022-12-28 14:00:00,-1.1111111111111112,-7.388888888888889,0.92,25.599000000000004,30.0,1.8354,0.0,1006.1
2022-12-28 15:00:00,-1.1111111111111112,-7.361111111111111,0.92,25.3414,31.0,1.7549000000000001,0.0,1007.0
2022-12-28 16:00:00,-1.1500000000000001,-6.733333333333334,0.93,20.3987,30.0,1.9803000000000002,0.0,1007.57
2022-12-28 17:00:00,-1.0611111111111111,-6.727777777777778,0.91,21.139300000000002,21.0,2.3023000000000002,0.0,0.0
2022-12-28 18:00:00,-1.0611111111111111,-6.927777777777777,0.91,22.540000000000003,10.0,2.3023000000000002,0.0,0.0
2022-12-28 19:00:00,-1.1277777777777784,-8.133333333333333,0.89,31.990700000000004,11.0,6.552700000000001,0.0,1009.5
2022-12-28 20:00:00,-1.1111111111111112,-8.088888888888889,0.8,31.765300000000003,11.0,7.212800000000001,0.0,0.0
2022-12-28 21:00:00,-1.1111111111111112,-8.294444444444444,0.8,33.81,10.0,6.118,0.0,0.0
2022-12-28 22:00:00,-1.6444444444444448,-8.350000000000001,0.8,27.8369,0.0,6.166300000000001,0.0,1011.87
2022-12-28 23:00:00,-2.1722222222222225,-9.794444444444444,0.74,34.8243,0.0,4.9910000000000005,0.0,0.0
2022-12-29 00:00:00,-2.2222222222222223,-9.705555555555556,0.74,33.2948,0.0,6.118,0.0,0.0
2022-12-29 01:00:00,-1.7888888888888883,-8.572222222222223,0.71,28.1106,358.0,7.084000000000001,0.0,1012.87
2022-12-29 02:00:00,-2.2222222222222223,-9.705555555555556,0.69,33.2948,0.0,6.118,0.0,0.0
2022-12-29 03:00:00,-2.2222222222222223,-9.705555555555556,0.68,33.2948,0.0,6.118,0.0,0.0
2022-12-29 04:00:00,-2.833333333333334,-10.616666666666667,0.66,34.293000000000006,358.0,7.084000000000001,0.0,1014.86
2022-12-29 05:00:00,-2.7777777777777777,-10.411111111111113,0.67,33.0855,350.0,8.05,0.0,0.0
2022-12-29 06:00:00,-2.7777777777777777,-10.411111111111113,0.62,33.0855,350.0,8.05,0.0,0.0
2022-12-29 07:00:00,-4.061111111111111,-12.216666666666669,0.63,34.1159,349.0,10.2235,0.0,1018.3
2022-12-29 08:00:00,-3.938888888888889,-11.427777777777777,0.62,28.6741,340.0,9.982000000000001,0.0,0.0
2022-12-29 09:00:00,-5.0,-12.222222222222221,0.62,24.375400000000003,320.0,9.982000000000001,0.0,0.0
2022-12-29 10:00:00,-4.866666666666668,-12.950000000000001,0.62,31.298400000000004,322.0,14.7637,0.0,1020.92
2022-12-29 11:00:00,-2.6999999999999997,-10.350000000000001,0.53,33.4397,330.0,0.0,0.0,0.0
2022-12-29 12:00:00,-2.1222222222222222,-8.899999999999999,0.54,27.273400000000002,330.0,0.0,0.0,0.0
2022-12-29 13:00:00,-1.2000000000000002,-7.788888888888888,0.47,27.933500000000002,330.0,15.552600000000002,0.0,1020.82
2022-12-29 14:00:00,-1.0611111111111111,-6.194444444444444,0.54,17.71,312.0,0.0,0.0,0.0
2022-12-29 15:00:00,-2.2222222222222223,-7.422222222222222,0.55,16.4703,311.0,0.0,0.0,0.0
2022-12-29 16:00:00,-2.966666666666667,-8.183333333333334,0.63,15.633100000000002,291.0,15.552600000000002,0.0,1021.75
2022-12-29 17:00:00,-3.988888888888889,-9.822222222222223,0.74,17.549000000000003,290.0,0.0,0.0,0.0
2022-12-29 18:00:00,-5.1,-11.211111111111112,0.82,17.549000000000003,290.0,0.0,0.0,0.0
2022-12-29 19:00:00,-6.061111111111111,-11.994444444444445,0.81,15.568700000000002,299.0,14.9569,0.0,1023.91
2022-12-29 20:00:00,-6.188888888888889,-12.538888888888888,0.81,17.4202,300.0,0.0,0.0,0.0
2022-12-29 21:00:00,-7.300000000000001,-12.405555555555555,0.88,11.270000000000001,310.0,8.05,0.0,0.0
2022-12-29 22:00:00,-8.1,-11.522222222222224,0.86,6.4078,283.0,14.0875,0.0,1025.62
2022-12-29 23:00:00,-7.222222222222222,-12.316666666666668,0.88,11.270000000000001,310.0,0.0,0.0,0.0
2022-12-30 00:00:00,-7.172222222222222,-11.75,0.88,9.66,302.0,0.0,0.0,0.0
2022-12-30 01:00:00,-6.388888888888889,-11.91111111111111,0.85,13.507900000000001,319.0,11.6081,0.0,1026.35
2022-12-30 02:00:00,-5.050000000000001,-10.761111111111111,0.81,15.649200000000002,359.0,4.1216,0.0,0.0
2022-12-30 03:00:00,-5.1,-9.705555555555556,0.82,11.0768,339.0,7.969500000000001,0.0,0.0
2022-12-30 04:00:00,-5.388888888888889,-8.366666666666667,0.85,6.359500000000001,345.0,9.9015,0.0,1028.0
2022-12-30 05:00:00,-5.050000000000001,-8.722222222222221,0.84,8.1949,30.0,2.3023000000000002,0.0,0.0
2022-12-30 06:00:00,-6.161111111111111,-10.983333333333333,0.87,11.0768,31.0,8.1305,0.0,0.0
2022-12-30 07:00:00,-7.772222222222221,-12.43888888888889,0.79,9.595600000000001,8.0,9.450700000000001,0.0,1029.51
2022-12-30 08:00:00,-7.75,-12.911111111111113,0.67,11.125100000000002,10.0,9.982000000000001,0.0,0.0
2022-12-30 09:00:00,-6.111111111111111,-8.511111111111111,0.62,5.0071,16.0,9.982000000000001,0.0,0.0
2022-12-30 10:00:00,-5.216666666666667,-10.872222222222222,0.56,15.230600000000003,17.0,15.3111,0.0,1030.95
2022-12-30 11:00:00,-5.0,-10.794444444444444,0.57,16.1,0.0,9.982000000000001,0.0,0.0
2022-12-30 12:00:00,-3.888888888888889,-10.277777777777779,0.5,20.93,0.0,9.982000000000001,0.0,0.0
2022-12-30 13:00:00,-4.083333333333334,-9.866666666666665,0.47,17.1787,19.0,10.3523,0.0,1030.18
2022-12-30 14:00:00,-4.949999999999999,-11.622222222222224,0.5,20.93,10.0,9.982000000000001,0.0,0.0
2022-12-30 15:00:00,-5.0,-11.11111111111111,0.54,17.71,10.0,9.982000000000001,0.0,0.0
2022-12-30 16:00:00,-5.133333333333332,-10.016666666666667,0.51,12.0911,9.0,10.577700000000002,0.0,1030.46
2022-12-30 17:00:00,-6.061111111111111,-10.427777777777777,0.59,9.66,22.0,9.982000000000001,0.0,0.0
2022-12-30 18:00:00,-7.172222222222222,-12.644444444444442,0.64,12.6385,1.0,0.0,0.0,0.0
2022-12-30 19:00:00,-8.072222222222223,-13.672222222222222,0.62,12.4131,18.0,15.1823,0.0,1031.61
2022-12-30 20:00:00,-7.777777777777778,-12.933333333333334,0.61,11.109000000000002,21.0,0.0,0.0,0.0
2022-12-30 21:00:00,-8.88888888888889,-14.255555555555556,0.67,11.0446,21.0,0.0,0.0,0.0
2022-12-30 22:00:00,-9.394444444444444,-14.872222222222222,0.68,11.0768,38.0,15.1823,0.0,1032.68
2022-12-30 23:00:00,-8.88888888888889,-15.17222222222222,0.73,14.2807,31.0,0.0,0.0,0.0
2022-12-31 00:00:00,-8.88888888888889,-14.77222222222222,0.73,12.783400000000002,31.0,0.0,0.0,0.0
2022-12-31 01:00:00,-9.716666666666669,-16.005555555555553,0.72,13.5884,30.0,15.697500000000002,0.0,1033.05
2022-12-31 02:00:00,-10.05,-16.577777777777776,0.73,14.2002,20.0,0.0,0.0,0.0
2022-12-31 03:00:00,-11.161111111111111,-17.933333333333334,0.8,14.1841,29.0,0.0,0.0,0.0
2022-12-31 04:00:00,-11.305555555555555,-17.133333333333333,0.79,10.948,20.0,15.150100000000002,0.0,1034.08
2022-12-31 05:00:00,-12.172222222222222,-18.227777777777778,0.8,11.109000000000002,11.0,0.0,0.0,0.0
2022-12-31 06:00:00,-12.75,-19.47222222222222,0.83,12.783400000000002,11.0,0.0,0.0,0.0
2022-12-31 07:00:00,-12.472222222222221,-18.788888888888888,0.88,11.7047,10.0,14.9569,0.0,1035.41
2022-12-31 08:00:00,-11.11111111111111,-16.461111111111112,0.8,9.724400000000001,11.0,0.0,0.0,0.0
2022-12-31 09:00:00,-9.95,-15.63888888888889,0.8,11.382700000000002,21.0,0.0,0.0,0.0
2022-12-31 10:00:00,-9.122222222222224,-14.761111111111111,0.74,11.753,21.0,14.9569,0.0,1036.94
2022-12-31 11:00:00,-7.172222222222222,-12.655555555555557,0.67,12.6868,11.0,0.0,0.0,0.0
2022-12-31 12:00:00,-4.949999999999999,-8.55,0.57,8.05,0.0,0.0,0.0,0.0
2022-12-31 13:00:00,-4.333333333333333,-7.977777777777778,0.54,8.4686,0.0,15.1823,0.0,1036.67
2022-12-31 14:00:00,-3.888888888888889,-7.300000000000001,0.57,8.05,0.0,0.0,0.0,0.0
2022-12-31 15:00:00,-4.949999999999999,-9.072222222222221,0.57,9.563400000000001,341.0,0.0,0.0,0.0
2022-12-31 16:00:00,-6.15,-6.15,0.61,3.8318,353.0,8.645700000000001,0.0,1037.63
2022-12-31 17:00:00,-9.872222222222222,-14.333333333333334,0.72,8.05,320.0,7.084000000000001,0.0,0.0
2022-12-31 18:00:00,-11.011111111111111,-11.011111111111111,0.79,4.7495,330.0,7.084000000000001,0.0,0.0
2022-12-31 19:00:00,-11.105555555555558,-11.105555555555558,0.86,3.1395,321.0,7.0357,0.0,1038.43
2022-12-31 20:00:00,-11.11111111111111,-11.11111111111111,0.8,1.5939,335.0,4.025,0.0,0.0
2022-12-31 21:00:00,-12.172222222222222,-17.033333333333335,0.87,8.05,310.0,4.2021,0.0,0.0
2022-12-31 22:00:00,-13.255555555555555,-13.255555555555555,0.88,3.1556,278.0,4.5402000000000005,0.0,1039.13
2022-12-31 23:00:00,-12.649999999999999,-12.649999999999999,0.83,3.1556,318.0,4.2021,0.0,0.0
