DatetimeNYC,Temperature,ApparentTemperature,Humidity,WindSpeed,WindBearing,Visibility,LoudCover,Pressure
2023-01-01 00:00:00,-12.649999999999999,-12.649999999999999,0.83,3.0751,240.0,4.1699,0.0,0.0
2023-01-01 01:00:00,-13.066666666666666,-13.066666666666666,0.84,2.8175000000000003,247.0,4.8944,0.0,1038.57
2023-01-01 02:00:00,-11.994444444444445,-11.994444444444445,0.86,1.8998,262.0,6.166300000000001,0.0,0.0
2023-01-01 03:00:00,-10.933333333333334,-10.933333333333334,0.86,3.3166,285.0,6.1985,0.0,1038.4
2023-01-01 04:00:00,-9.705555555555556,-9.705555555555556,0.82,3.1717,237.0,7.8729,0.0,1038.16
2023-01-01 05:00:00,-9.822222222222223,-9.822222222222223,0.79,0.5152,270.0,8.1305,0.0,0.0
2023-01-01 06:00:00,-9.822222222222223,-9.822222222222223,0.83,4.7978000000000005,286.0,9.982000000000001,0.0,1037.8
2023-01-01 07:00:00,-9.049999999999999,-13.011111111111113,0.85,7.228900000000001,182.0,7.8729,0.0,1037.45
2023-01-01 08:00:00,-7.699999999999999,-11.733333333333333,0.77,7.921200000000001,202.0,8.1305,0.0,0.0
2023-01-01 09:00:00,-7.122222222222222,-11.05,0.73,7.921200000000001,212.0,7.212800000000001,0.0,0.0
2023-01-01 10:00:00,-5.366666666666666,-9.655555555555557,0.7,9.853200000000001,222.0,7.5187,0.0,1038.12
2023-01-01 11:00:00,-4.949999999999999,-10.305555555555555,0.62,14.1519,211.0,9.982000000000001,0.0,0.0
2023-01-01 12:00:00,-4.9,-10.58888888888889,0.68,15.713600000000001,210.0,9.982000000000001,0.0,0.0
2023-01-01 13:00:00,-4.9833333333333325,-10.227777777777778,0.63,13.652800000000001,203.0,14.4095,0.0,1036.62
2023-01-01 14:00:00,-4.9,-9.4,0.68,10.851400000000002,201.0,9.982000000000001,0.0,0.0
2023-01-01 15:00:00,-4.9,-9.855555555555558,0.74,12.5419,191.0,8.1305,0.0,0.0
2023-01-01 16:00:00,-5.8500000000000005,-11.194444444444445,0.79,13.250300000000001,220.0,6.3112,0.0,1036.91
2023-01-01 17:00:00,-4.9,-9.011111111111111,0.74,9.563400000000001,221.0,5.216400000000001,0.0,0.0
2023-01-01 18:00:00,-4.9,-9.472222222222221,0.74,11.109000000000002,231.0,6.295100000000001,0.0,0.0
2023-01-01 19:00:00,-5.088888888888889,-9.144444444444446,0.75,9.2736,236.0,7.8729,0.0,1037.02
2023-01-01 20:00:00,-4.9,-9.472222222222221,0.74,11.109000000000002,219.0,8.1305,0.0,0.0
2023-01-01 21:00:00,-4.9,-9.016666666666667,0.74,9.579500000000001,230.0,8.1305,0.0,0.0
2023-01-01 22:00:00,-4.98888888888889,-7.8999999999999995,0.76,6.3434,218.0,8.3398,0.0,1036.86
2023-01-01 23:00:00,-4.949999999999999,-9.061111111111112,0.75,9.5473,219.0,7.969500000000001,0.0,0.0
2023-01-02 00:00:00,-4.949999999999999,-9.57777777777778,0.81,11.270000000000001,200.0,6.021400000000001,0.0,0.0
2023-01-02 01:00:00,-4.972222222222222,-9.27222222222222,0.85,10.126900000000001,219.0,6.5849,0.0,1035.99
2023-01-02 02:00:00,-4.949999999999999,-8.988888888888889,0.84,9.321900000000001,181.0,5.9731000000000005,0.0,0.0
2023-01-02 03:00:00,-4.949999999999999,-8.466666666666665,0.85,7.824600000000001,220.0,5.9248,0.0,0.0
2023-01-02 04:00:00,-4.438888888888887,-7.155555555555555,0.89,6.118,173.0,5.5867,0.0,1035.18
2023-01-02 05:00:00,-3.888888888888889,-8.255555555555555,0.85,11.109000000000002,181.0,3.8801000000000005,0.0,0.0
2023-01-02 06:00:00,-3.888888888888889,-7.811111111111111,0.85,9.579500000000001,190.0,5.8765,0.0,0.0
2023-01-02 07:00:00,-4.022222222222221,-8.944444444444445,0.87,13.1859,180.0,2.2057,0.0,1033.97
2023-01-02 08:00:00,-3.8388888888888886,-8.200000000000001,0.92,11.125100000000002,180.0,0.483,0.0,0.0
2023-01-02 09:00:00,-3.8388888888888886,-8.194444444444445,0.92,11.109000000000002,189.0,0.6440000000000001,0.0,0.0
2023-01-02 10:00:00,-2.8666666666666667,-7.027777777777777,0.93,11.125100000000002,180.0,1.1109,0.0,1034.23
2023-01-02 11:00:00,-2.7499999999999996,-6.505555555555556,0.92,9.7405,160.0,0.9821000000000001,0.0,0.0
2023-01-02 12:00:00,-2.1722222222222225,-6.227777777777778,0.96,11.270000000000001,160.0,1.0465000000000002,0.0,0.0
2023-01-02 13:00:00,-2.061111111111112,-6.066666666666667,0.94,11.141200000000001,161.0,1.1914,0.0,1032.08
2023-01-02 14:00:00,-2.0722222222222224,-6.844444444444445,0.88,14.49,160.0,2.0286,0.0,0.0
2023-01-02 15:00:00,-2.0722222222222224,-6.505555555555556,0.88,12.9122,161.0,4.4919,0.0,0.0
2023-01-02 16:00:00,-1.988888888888888,-6.633333333333334,0.89,13.9587,170.0,3.8962000000000003,0.0,1030.18
2023-01-02 17:00:00,-2.6999999999999997,-7.622222222222222,0.92,14.49,170.0,3.059,0.0,0.0
2023-01-02 18:00:00,-2.6999999999999997,-7.533333333333333,0.85,14.0714,151.0,1.9803000000000002,0.0,0.0
2023-01-02 19:00:00,-2.1111111111111116,-6.066666666666667,0.96,10.9158,181.0,1.3685,0.0,1028.63
2023-01-02 20:00:00,-1.0611111111111111,-5.566666666666666,0.92,14.312900000000003,201.0,1.0626000000000002,0.0,0.0
2023-01-02 21:00:00,-1.0611111111111111,-6.122222222222222,0.92,17.3075,191.0,1.5617,0.0,0.0
2023-01-02 22:00:00,-0.6055555555555555,-4.949999999999999,0.93,14.007,209.0,1.9159,0.0,1028.85
2023-01-02 23:00:00,0.09999999999999984,-3.788888888888889,0.85,12.590200000000001,213.0,2.6887,0.0,0.0
2023-01-03 00:00:00,0.09999999999999984,-3.7611111111111106,0.85,12.461400000000001,204.0,3.6547,0.0,0.0
2023-01-03 01:00:00,-0.4555555555555557,-2.855555555555556,0.93,6.8425,211.0,2.9302,0.0,1028.29
2023-01-03 02:00:00,-0.9611111111111114,-4.199999999999999,0.92,9.1287,204.0,3.2039,0.0,0.0
2023-01-03 03:00:00,-2.1722222222222225,-5.716666666666666,0.96,9.4185,232.0,2.737,0.0,0.0
2023-01-03 04:00:00,-2.488888888888889,-6.588888888888889,0.92,11.1734,305.0,3.3166,0.0,1028.51
2023-01-03 05:00:00,-1.0111111111111113,-6.133333333333333,0.92,17.71,300.0,6.118,0.0,0.0
2023-01-03 06:00:00,1.161111111111113,-2.8888888888888884,0.78,14.586600000000002,309.0,0.0,0.0,0.0
2023-01-03 07:00:00,1.6944444444444429,-3.250000000000001,0.75,21.2198,310.0,13.8621,0.0,1029.43
2023-01-03 08:00:00,2.1722222222222203,-1.5999999999999994,0.69,14.312900000000003,309.0,0.0,0.0,0.0
2023-01-03 09:00:00,2.7777777777777777,-1.8166666666666664,0.67,20.736800000000002,299.0,0.0,0.0,0.0
2023-01-03 10:00:00,3.916666666666665,-0.5555555555555556,0.64,22.2341,326.0,15.552600000000002,0.0,1029.74
2023-01-03 11:00:00,5.050000000000002,1.3722222222222216,0.65,18.193,309.0,15.826300000000002,0.0,1029.0
2023-01-03 12:00:00,6.111111111111111,2.922222222222221,0.6,16.5186,291.0,9.982000000000001,0.0,0.0
2023-01-03 13:00:00,5.811111111111112,2.844444444444443,0.61,14.457800000000002,297.0,15.3111,0.0,1027.95
2023-01-03 14:00:00,5.050000000000002,2.727777777777776,0.64,10.0303,264.0,9.982000000000001,0.0,0.0
2023-01-03 15:00:00,2.9277777777777794,0.44444444444444287,0.75,9.016,174.0,9.982000000000001,0.0,0.0
2023-01-03 16:00:00,2.8111111111111122,-0.005555555555556424,0.76,10.2718,203.0,10.2235,0.0,1025.32
2023-01-03 17:00:00,1.188888888888889,-2.4833333333333325,0.84,12.654600000000002,210.0,0.0,0.0,0.0
2023-01-03 18:00:00,1.188888888888889,-1.7499999999999991,0.84,9.499,171.0,0.0,0.0,0.0
2023-01-03 19:00:00,1.2666666666666673,-1.1666666666666674,0.85,7.776300000000001,163.0,8.645700000000001,0.0,1022.69
2023-01-03 20:00:00,1.161111111111113,-1.3666666666666671,0.85,8.033900000000001,181.0,7.084000000000001,0.0,0.0
2023-01-03 21:00:00,1.161111111111113,1.161111111111113,0.85,3.3166,155.0,7.084000000000001,0.0,0.0
2023-01-03 22:00:00,1.2333333333333327,-1.9611111111111117,0.85,10.5616,161.0,7.550900000000001,0.0,1018.5
2023-01-03 23:00:00,1.1111111111111112,1.1111111111111112,0.85,4.7012,159.0,7.212800000000001,0.0,0.0
2023-01-04 00:00:00,2.1722222222222203,-0.9333333333333331,0.73,10.996300000000002,151.0,7.212800000000001,0.0,0.0
2023-01-04 01:00:00,1.0111111111111113,-2.2888888888888896,0.83,10.8192,139.0,7.631400000000001,0.0,1014.77
2023-01-04 02:00:00,1.1111111111111112,-2.527777777777778,0.78,12.4292,140.0,7.1323,0.0,0.0
2023-01-04 03:00:00,1.1111111111111112,-1.3166666666666673,0.85,7.6796999999999995,190.0,6.9874,0.0,0.0
2023-01-04 04:00:00,0.5500000000000012,0.5500000000000012,0.9,3.4937,153.0,6.5849,0.0,1011.86
2023-01-04 05:00:00,0.0,-1.5777777777777777,0.92,5.0071,356.0,3.9284000000000003,0.0,0.0
2023-01-04 06:00:00,0.0,-4.861111111111111,0.92,17.661700000000003,319.0,3.1395,0.0,0.0
2023-01-04 07:00:00,1.0777777777777766,-4.522222222222222,0.92,25.164300000000004,309.0,7.631400000000001,0.0,1013.91
2023-01-04 08:00:00,2.2222222222222223,-3.177777777777777,0.79,26.323500000000003,301.0,9.982000000000001,0.0,0.0
2023-01-04 09:00:00,2.7500000000000018,-3.2055555555555553,0.77,33.85830000000001,310.0,9.982000000000001,0.0,0.0
2023-01-04 10:00:00,2.8999999999999995,-3.311111111111112,0.77,37.577400000000004,309.0,9.982000000000001,0.0,1016.79
2023-01-04 11:00:00,3.938888888888891,-2.2555555555555546,0.7,42.0854,310.0,9.982000000000001,0.0,0.0
2023-01-04 12:00:00,5.0,-0.7277777777777771,0.65,40.5398,310.0,9.982000000000001,0.0,0.0
2023-01-04 13:00:00,5.033333333333335,-0.4499999999999993,0.64,37.223200000000006,310.0,10.3523,0.0,1018.2
2023-01-04 14:00:00,5.0,-0.7277777777777771,0.65,40.507600000000004,319.0,9.982000000000001,0.0,0.0
2023-01-04 15:00:00,4.949999999999998,-0.3277777777777777,0.65,34.0354,310.0,9.982000000000001,0.0,0.0
2023-01-04 16:00:00,4.022222222222223,-1.4055555555555561,0.64,32.2644,301.0,10.3523,0.0,1019.17
2023-01-04 17:00:00,3.838888888888887,-2.016666666666666,0.64,36.933400000000006,310.0,0.0,0.0,0.0
2023-01-04 18:00:00,2.7777777777777777,-2.5944444444444454,0.7,27.5954,300.0,0.0,0.0,0.0
2023-01-04 19:00:00,2.7833333333333323,-3.0388888888888883,0.7,32.361000000000004,299.0,15.1823,0.0,1019.71
2023-01-04 20:00:00,2.7500000000000018,-3.33888888888889,0.7,35.42,300.0,0.0,0.0,0.0
2023-01-04 21:00:00,2.1722222222222203,-3.9611111111111104,0.72,33.7295,300.0,0.0,0.0,0.0
2023-01-04 22:00:00,2.5833333333333326,-3.7055555555555566,0.68,37.1749,309.0,15.1823,0.0,1020.58
2023-01-04 23:00:00,2.0722222222222206,-4.172222222222223,0.7,34.615,310.0,0.0,0.0,0.0
2023-01-05 00:00:00,2.1222222222222222,-3.250000000000001,0.7,25.76,310.0,0.0,0.0,0.0
2023-01-05 01:00:00,1.1055555555555567,-3.8944444444444457,0.76,20.479200000000002,301.0,15.1823,0.0,1021.28
2023-01-05 02:00:00,1.0611111111111091,-4.433333333333334,0.75,24.230500000000003,310.0,0.0,0.0,0.0
2023-01-05 03:00:00,1.1111111111111112,-4.366666666666666,0.75,24.1983,300.0,16.1,0.0,1022.0
2023-01-05 04:00:00,0.5444444444444427,-4.583333333333333,0.76,20.366500000000002,309.0,15.1823,0.0,1022.45
2023-01-05 05:00:00,1.1111111111111112,-4.388888888888888,0.69,24.375400000000003,310.0,0.0,0.0,0.0
2023-01-05 06:00:00,1.0611111111111091,-4.6000000000000005,0.69,25.6151,310.0,0.0,0.0,0.0
2023-01-05 07:00:00,-0.016666666666667298,-5.861111111111111,0.75,24.6169,310.0,15.1823,0.0,1023.86
2023-01-05 08:00:00,0.0,-5.594444444444445,0.75,22.6688,311.0,9.982000000000001,0.0,0.0
2023-01-05 09:00:00,1.1111111111111112,-4.911111111111111,0.64,29.1088,320.0,9.982000000000001,0.0,0.0
2023-01-05 10:00:00,2.177777777777779,-3.811111111111111,0.64,32.1195,320.0,14.9569,0.0,1024.8
2023-01-05 11:00:00,2.7777777777777777,-2.5722222222222215,0.57,27.37,329.0,9.982000000000001,0.0,0.0
2023-01-05 12:00:00,2.7777777777777777,-2.577777777777778,0.57,27.4505,320.0,9.982000000000001,0.0,0.0
2023-01-05 13:00:00,2.9055555555555537,-2.077777777777777,0.56,24.3271,301.0,10.3523,0.0,1023.74
2023-01-05 14:00:00,2.7500000000000018,-2.0444444444444443,0.61,22.314600000000002,300.0,9.982000000000001,0.0,0.0
2023-01-05 15:00:00,2.2222222222222223,-1.655555555555556,0.69,15.005200000000002,290.0,4.9910000000000005,0.0,0.0
2023-01-05 16:00:00,2.077777777777779,-2.9444444444444446,0.8,22.684900000000003,290.0,9.9015,0.0,1022.47
2023-01-05 17:00:00,1.161111111111113,-2.6888888888888887,0.85,13.5401,282.0,2.3023000000000002,0.0,0.0
2023-01-05 18:00:00,1.161111111111113,-3.227777777777777,0.92,16.5186,272.0,6.295100000000001,0.0,0.0
2023-01-05 19:00:00,1.9611111111111117,-2.8777777777777778,0.87,20.9622,298.0,9.499,0.0,1021.24
2023-01-05 20:00:00,2.2000000000000006,-2.5444444444444434,0.8,20.736800000000002,310.0,9.982000000000001,0.0,1020.67
2023-01-05 21:00:00,1.6166666666666647,-3.2111111111111117,0.85,20.2055,320.0,16.1,0.0,1020.59
2023-01-05 22:00:00,1.5666666666666669,-3.2166666666666663,0.86,19.7869,321.0,15.1823,0.0,1020.74
2023-01-05 23:00:00,0.9666666666666678,-3.5888888888888895,0.89,17.243100000000002,329.0,16.0517,0.0,1020.89
2023-01-06 00:00:00,0.4555555555555557,-3.672222222222222,0.89,14.1358,349.0,16.1,0.0,1021.49
2023-01-06 01:00:00,-0.09444444444444539,-4.8500000000000005,0.89,16.888900000000003,340.0,14.9569,0.0,1021.81
2023-01-06 02:00:00,-0.6777777777777771,-5.072222222222221,0.88,14.1841,339.0,15.826300000000002,0.0,1022.37
2023-01-06 03:00:00,-1.188888888888889,-5.7555555555555555,0.91,14.457800000000002,311.0,15.826300000000002,0.0,1022.77
2023-01-06 04:00:00,-1.2444444444444436,-5.7555555555555555,0.88,14.1197,311.0,14.9569,0.0,1022.71
2023-01-06 05:00:00,-1.211111111111111,-6.03888888888889,0.81,15.794100000000002,320.0,15.826300000000002,0.0,1022.67
2023-01-06 06:00:00,-2.272222222222222,-7.1000000000000005,0.75,14.5222,310.0,15.826300000000002,0.0,1022.95
2023-01-06 07:00:00,-2.305555555555555,-7.072222222222223,0.77,14.2002,318.0,15.1823,0.0,1023.45
2023-01-06 08:00:00,-2.177777777777779,-7.566666666666667,0.75,17.5651,320.0,16.1,0.0,1023.47
2023-01-06 09:00:00,-1.0666666666666675,-5.933333333333334,0.75,16.180500000000002,330.0,16.1,0.0,1023.96
2023-01-06 10:00:00,0.8888888888888897,-4.138888888888889,0.69,20.2377,340.0,15.552600000000002,0.0,1024.2
2023-01-06 11:00:00,1.1833333333333347,-4.0,0.68,21.992600000000003,340.0,16.1,0.0,1024.35
2023-01-06 12:00:00,2.244444444444444,-2.016666666666666,0.54,17.404100000000003,8.0,15.826300000000002,0.0,1024.06
2023-01-06 13:00:00,2.6500000000000017,-1.3222222222222217,0.56,16.1483,8.0,10.3523,0.0,1024.0
2023-01-06 14:00:00,2.2666666666666657,-1.505555555555556,0.58,14.457800000000002,9.0,9.982000000000001,0.0,1024.15
2023-01-06 15:00:00,1.2055555555555566,-2.6444444444444453,0.63,13.5723,47.0,9.982000000000001,0.0,1024.64
2023-01-06 16:00:00,0.11111111111111269,-4.355555555555556,0.66,15.536500000000002,66.0,10.3523,0.0,1025.25
2023-01-06 17:00:00,-1.1166666666666676,-5.127777777777778,0.7,11.9784,52.0,10.255700000000001,0.0,1026.32
2023-01-06 18:00:00,-2.2222222222222223,-5.133333333333332,0.75,7.438200000000001,43.0,9.982000000000001,0.0,1027.13
2023-01-06 19:00:00,-2.5944444444444454,-7.205555555555555,0.7,13.202,32.0,10.3523,0.0,1028.28
2023-01-06 20:00:00,-2.8499999999999996,-6.822222222222223,0.64,10.448900000000002,11.0,9.982000000000001,0.0,1028.93
2023-01-06 21:00:00,-3.4500000000000006,-8.36111111111111,0.64,13.685,31.0,15.826300000000002,0.0,1029.55
2023-01-06 22:00:00,-4.544444444444444,-10.18888888888889,0.59,15.890699999999999,38.0,15.552600000000002,0.0,1030.33
2023-01-06 23:00:00,-5.166666666666667,-10.527777777777779,0.61,13.9587,30.0,16.1,0.0,1030.95
2023-01-07 00:00:00,-5.694444444444445,-11.094444444444443,0.64,13.620600000000001,21.0,16.1,0.0,1031.34
2023-01-07 01:00:00,-6.35,-11.105555555555558,0.66,10.7387,19.0,15.1823,0.0,1032.01
2023-01-07 02:00:00,-7.316666666666667,-13.755555555555553,0.71,16.5186,41.0,16.1,0.0,1032.27
2023-01-07 03:00:00,-7.849999999999999,-13.011111111111113,0.71,11.0768,31.0,16.1,0.0,1033.14
2023-01-07 04:00:00,-8.616666666666667,-13.877777777777778,0.75,10.8836,19.0,15.1823,0.0,1033.62
2023-01-07 05:00:00,-9.072222222222221,-13.877777777777778,0.74,9.2897,21.0,16.1,0.0,1034.08
2023-01-07 06:00:00,-9.094444444444443,-13.944444444444445,0.74,9.4185,352.0,16.1,0.0,1034.56
2023-01-07 07:00:00,-9.344444444444443,-14.644444444444446,0.76,10.5616,9.0,15.1823,0.0,1034.97
2023-01-07 08:00:00,-7.938888888888887,-13.02222222222222,0.71,10.7548,351.0,16.1,0.0,1035.75
2023-01-07 09:00:00,-7.827777777777778,-13.455555555555556,0.71,12.6868,31.0,16.1,0.0,1035.96
2023-01-07 10:00:00,-7.322222222222223,-11.22777777777778,0.68,7.792400000000001,39.0,15.1823,0.0,1036.52
2023-01-07 11:00:00,-6.138888888888889,-6.138888888888889,0.62,4.4919,21.0,16.1,0.0,1036.42
2023-01-07 12:00:00,-6.066666666666667,-6.066666666666667,0.62,3.0268,333.0,16.1,0.0,1036.23
2023-01-07 13:00:00,-5.1499999999999995,-8.488888888888889,0.62,7.293300000000001,4.0,15.1823,0.0,1036.04
2023-01-07 14:00:00,-5.005555555555556,-8.977777777777778,0.62,9.080400000000001,43.0,16.1,0.0,1035.98
2023-01-07 15:00:00,-4.9833333333333325,-8.5,0.67,7.824600000000001,91.0,16.1,0.0,1035.8
2023-01-07 16:00:00,-5.116666666666667,-5.116666666666667,0.68,3.4776000000000002,132.0,15.1823,0.0,1035.93
2023-01-07 17:00:00,-5.027777777777778,-8.63888888888889,0.68,8.05,120.0,15.1823,0.0,1036.18
2023-01-07 18:00:00,-6.066666666666667,-9.777777777777779,0.74,7.840700000000001,129.0,15.1823,0.0,1036.48
2023-01-07 19:00:00,-6.194444444444444,-10.322222222222221,0.75,8.903300000000002,131.0,14.3934,0.0,1036.34
2023-01-07 20:00:00,-7.161111111111111,-10.977777777777776,0.8,7.631400000000001,139.0,15.1823,0.0,1036.38
2023-01-07 21:00:00,-7.644444444444446,-12.616666666666667,0.84,10.5938,130.0,15.134000000000002,0.0,1036.48
2023-01-07 22:00:00,-8.116666666666667,-13.294444444444444,0.81,10.9641,140.0,14.3612,0.0,1036.77
2023-01-07 23:00:00,-7.083333333333333,-10.233333333333334,0.77,6.166300000000001,159.0,15.826300000000002,0.0,1037.06
2023-01-08 00:00:00,-6.555555555555555,-9.672222222222222,0.72,6.279,167.0,15.826300000000002,0.0,1036.87
2023-01-08 01:00:00,-6.6499999999999995,-9.93888888888889,0.76,6.601,153.0,14.9569,0.0,1036.74
2023-01-08 02:00:00,-6.044444444444443,-9.194444444444445,0.77,6.5205,151.0,15.826300000000002,0.0,1036.67
2023-01-08 03:00:00,-6.044444444444443,-10.733333333333333,0.72,10.722600000000002,178.0,15.826300000000002,0.0,1036.56
2023-01-08 04:00:00,-5.9833333333333325,-9.233333333333333,0.74,6.7620000000000005,129.0,14.9569,0.0,1036.01
2023-01-08 05:00:00,-5.994444444444444,-10.238888888888889,0.69,9.321900000000001,130.0,15.826300000000002,0.0,1035.59
2023-01-08 06:00:00,-5.994444444444444,-9.75,0.74,7.969500000000001,119.0,15.826300000000002,0.0,1035.88
2023-01-08 07:00:00,-5.927777777777779,-10.644444444444444,0.75,10.867500000000001,112.0,14.9569,0.0,1036.2
2023-01-08 08:00:00,-5.972222222222222,-11.127777777777778,0.74,12.397,131.0,11.9784,0.0,1036.32
2023-01-08 09:00:00,-4.955555555555557,-10.172222222222224,0.74,13.5562,140.0,11.9784,0.0,1036.21
2023-01-08 10:00:00,-4.888888888888889,-9.8,0.75,12.380900000000002,139.0,14.5222,0.0,1036.49
2023-01-08 11:00:00,-3.8444444444444454,-3.8444444444444454,0.69,4.7334000000000005,146.0,14.9086,0.0,1036.48
2023-01-08 12:00:00,-3.8444444444444454,-7.683333333333333,0.74,9.338000000000001,90.0,15.826300000000002,0.0,1035.84
2023-01-08 13:00:00,-2.4555555555555566,-5.466666666666667,0.68,7.615300000000001,156.0,14.5222,0.0,1035.89
2023-01-08 14:00:00,-2.755555555555556,-6.311111111111111,0.68,9.0965,140.0,14.9086,0.0,1035.49
2023-01-08 15:00:00,-2.755555555555556,-6.799999999999999,0.71,10.7548,139.0,14.9086,0.0,1035.48
2023-01-08 16:00:00,-2.7444444444444454,-6.794444444444445,0.71,10.8031,146.0,14.5222,0.0,1035.68
2023-01-08 17:00:00,-3.822222222222221,-8.11111111111111,0.78,10.867500000000001,140.0,14.9086,0.0,1035.37
2023-01-08 18:00:00,-3.822222222222221,-8.072222222222223,0.78,10.722600000000002,129.0,14.9086,0.0,1035.36
2023-01-08 19:00:00,-3.0166666666666666,-7.538888888888888,0.74,12.4292,140.0,14.9569,0.0,1035.12
2023-01-08 20:00:00,-3.8444444444444454,-8.86111111111111,0.78,13.765500000000001,150.0,15.826300000000002,0.0,1034.74
2023-01-08 21:00:00,-3.3333333333333335,-8.294444444444444,0.75,14.023100000000003,160.0,15.826300000000002,0.0,1033.97
2023-01-08 22:00:00,-2.7888888888888888,-6.955555555555555,0.73,11.1734,167.0,14.9569,0.0,1033.61
2023-01-08 23:00:00,-2.244444444444444,-6.955555555555555,0.72,14.007,151.0,15.826300000000002,0.0,1032.68
2023-01-09 00:00:00,-2.244444444444444,-6.927777777777777,0.72,13.8621,161.0,15.826300000000002,0.0,1032.15
2023-01-09 01:00:00,-2.1888888888888896,-7.194444444444445,0.76,15.504300000000002,169.0,9.982000000000001,0.0,1031.36
2023-01-09 02:00:00,-2.2000000000000006,-6.833333333333333,0.78,13.685,171.0,14.9086,0.0,1030.86
2023-01-09 03:00:00,-2.177777777777779,-6.122222222222222,0.81,10.8192,162.0,14.812,0.0,1030.67
2023-01-09 04:00:00,-1.6111111111111103,-5.427777777777777,0.78,10.787,182.0,14.844200000000003,0.0,1030.47
2023-01-09 05:00:00,-2.0833333333333335,-7.283333333333333,0.81,16.6796,171.0,9.853200000000001,0.0,1030.58
2023-01-09 06:00:00,-2.105555555555555,-6.0888888888888895,0.88,11.0285,193.0,9.853200000000001,0.0,1029.5
2023-01-09 07:00:00,-2.4333333333333327,-6.572222222222221,0.86,11.398800000000001,203.0,6.6493,0.0,1030.25
2023-01-09 08:00:00,-2.1222222222222222,-5.761111111111112,0.88,9.7566,214.0,6.0697,0.0,1030.38
2023-01-09 09:00:00,1.0277777777777786,-2.7611111111111106,0.79,13.0571,241.0,6.118,0.0,1030.4
2023-01-09 10:00:00,3.3222222222222206,0.1222222222222216,0.73,12.606300000000001,251.0,5.8443000000000005,0.0,1030.16
2023-01-09 11:00:00,2.8277777777777797,-0.6833333333333336,0.76,13.6689,230.0,6.1985,0.0,1028.89
2023-01-09 12:00:00,2.449999999999998,-1.7388888888888883,0.79,17.259200000000003,230.0,6.295100000000001,0.0,1027.9
2023-01-09 13:00:00,3.872222222222222,1.3666666666666671,0.77,9.837100000000001,241.0,7.5187,0.0,1027.77
2023-01-09 14:00:00,5.0,2.4666666666666655,0.76,10.996300000000002,193.0,8.1305,0.0,1026.51
2023-01-09 15:00:00,2.944444444444443,-0.816666666666666,0.88,15.3111,200.0,6.295100000000001,0.0,1024.97
2023-01-09 16:00:00,2.5277777777777763,-1.3333333333333326,0.85,15.3272,191.0,3.864,0.0,1023.95
2023-01-09 17:00:00,2.944444444444443,-1.7166666666666666,0.88,21.6545,201.0,4.524100000000001,0.0,1022.11
2023-01-09 18:00:00,4.005555555555556,0.42777777777777953,0.82,15.713600000000001,193.0,6.295100000000001,0.0,1020.35
2023-01-09 19:00:00,5.633333333333334,1.3222222222222237,0.73,25.2448,229.0,7.2772,0.0,1019.68
2023-01-09 20:00:00,5.005555555555555,1.6222222222222231,0.76,15.987300000000001,222.0,8.05,0.0,1018.17
2023-01-09 21:00:00,5.5777777777777775,1.7499999999999991,0.77,20.5597,231.0,8.1305,0.0,1016.58
2023-01-09 22:00:00,6.483333333333334,2.5277777777777763,0.75,24.0212,249.0,9.982000000000001,0.0,1016.54
2023-01-09 23:00:00,6.1388888888888875,3.199999999999999,0.73,14.812,260.0,12.2199,0.0,1015.29
2023-01-10 00:00:00,6.755555555555554,2.766666666666665,0.73,25.2448,251.0,15.134000000000002,0.0,1014.19
2023-01-10 01:00:00,7.016666666666668,3.5666666666666678,0.74,20.5436,261.0,14.3612,0.0,1014.21
2023-01-10 02:00:00,6.738888888888891,3.555555555555555,0.76,17.6295,260.0,14.9086,0.0,1013.74
2023-01-10 03:00:00,6.205555555555557,2.9555555555555557,0.79,17.1304,252.0,14.9086,0.0,1013.55
2023-01-10 04:00:00,5.377777777777777,2.361111111111111,0.81,14.1358,268.0,9.9015,0.0,1013.39
2023-01-10 05:00:00,4.111111111111111,2.055555555555557,0.88,8.211,251.0,9.9015,0.0,1013.16
2023-01-10 06:00:00,3.0277777777777795,0.4111111111111122,0.95,9.6278,206.0,8.0983,0.0,1012.96
2023-01-10 07:00:00,5.78888888888889,1.93888888888889,0.87,21.2359,260.0,7.5187,0.0,1013.06
2023-01-10 08:00:00,6.133333333333333,3.066666666666668,0.87,15.665300000000002,260.0,6.0697,0.0,1013.18
2023-01-10 09:00:00,6.133333333333333,3.2944444444444443,0.93,14.1197,231.0,6.118,0.0,1013.67
2023-01-10 10:00:00,5.911111111111111,3.2722222222222226,0.94,12.5741,232.0,5.4579,0.0,1014.06
2023-01-10 11:00:00,6.25,4.288888888888888,1.0,9.4024,203.0,2.9785000000000004,0.0,1013.54
2023-01-10 12:00:00,6.3166666666666655,4.388888888888888,0.99,9.338000000000001,176.0,2.737,0.0,1012.73
2023-01-10 13:00:00,7.716666666666667,4.522222222222222,0.89,19.8835,220.0,4.524100000000001,0.0,1011.8
2023-01-10 14:00:00,10.183333333333332,10.183333333333332,0.82,11.3505,195.0,7.212800000000001,0.0,1011.11
2023-01-10 15:00:00,10.272222222222224,10.272222222222224,0.82,15.987300000000001,240.0,9.982000000000001,0.0,1010.68
2023-01-10 16:00:00,8.844444444444445,6.394444444444443,0.83,15.858500000000001,241.0,9.6761,0.0,1011.1
2023-01-10 17:00:00,6.455555555555554,4.005555555555556,0.85,12.187700000000001,182.0,10.255700000000001,0.0,1010.85
2023-01-10 18:00:00,4.416666666666668,1.505555555555556,0.91,12.348700000000001,183.0,9.982000000000001,0.0,1010.77
2023-01-10 19:00:00,3.7944444444444434,2.5055555555555546,0.93,5.5867,208.0,8.0822,0.0,1010.87
2023-01-10 20:00:00,3.1722222222222225,2.027777777777777,0.88,4.9910000000000005,203.0,6.5205,0.0,1010.82
2023-01-10 21:00:00,3.6388888888888875,0.8333333333333334,0.91,10.948,193.0,6.5205,0.0,1011.31
2023-01-10 22:00:00,3.299999999999999,0.5277777777777793,0.92,10.513300000000001,183.0,7.824600000000001,0.0,1010.78
2023-01-10 23:00:00,2.9055555555555537,-0.011111111111110874,0.92,10.8031,182.0,7.486500000000001,0.0,1011.22
2023-01-11 00:00:00,2.372222222222224,-1.2333333333333327,0.89,13.6689,172.0,8.420300000000001,0.0,1010.77
2023-01-11 01:00:00,1.4833333333333343,-1.7111111111111101,0.92,10.770900000000001,201.0,8.645700000000001,0.0,1010.86
2023-01-11 02:00:00,1.9111111111111099,-1.188888888888889,0.92,10.7387,184.0,7.486500000000001,0.0,1010.78
2023-01-11 03:00:00,1.9555555555555573,0.08888888888888699,0.91,6.4078,186.0,7.486500000000001,0.0,1010.61
2023-01-11 04:00:00,4.527777777777777,1.8888888888888882,0.86,11.0446,235.0,8.645700000000001,0.0,1011.05
2023-01-11 05:00:00,5.033333333333335,2.166666666666666,0.82,12.799500000000002,290.0,8.420300000000001,0.0,1011.14
2023-01-11 06:00:00,5.011111111111113,2.4666666666666655,0.86,11.0607,290.0,8.1305,0.0,1011.61
2023-01-11 07:00:00,4.344444444444445,2.077777777777779,0.88,9.193100000000001,184.0,9.982000000000001,0.0,1012.69
2023-01-11 08:00:00,4.961111111111111,4.961111111111111,0.86,4.347,333.0,10.255700000000001,0.0,1012.35
2023-01-11 09:00:00,6.094444444444444,3.7222222222222237,0.79,11.3183,7.0,10.255700000000001,0.0,1011.74
2023-01-11 10:00:00,7.044444444444444,4.644444444444444,0.8,12.6385,206.0,14.039200000000001,0.0,1011.68
2023-01-11 11:00:00,7.172222222222221,5.361111111111111,0.79,9.5312,235.0,15.826300000000002,0.0,1011.6
2023-01-11 12:00:00,7.1499999999999995,4.300000000000001,0.57,15.826300000000002,6.0,15.729700000000001,0.0,1011.82
2023-01-11 13:00:00,6.194444444444444,2.027777777777777,0.75,25.454100000000004,330.0,8.9999,0.0,1012.17
2023-01-11 14:00:00,3.838888888888887,0.9833333333333351,0.92,11.431000000000001,346.0,9.9015,0.0,1013.27
2023-01-11 15:00:00,2.7999999999999994,-2.016666666666666,0.9,22.5883,319.0,10.255700000000001,0.0,1013.54
2023-01-11 16:00:00,2.8999999999999995,-0.5944444444444446,0.89,13.685,276.0,9.6761,0.0,1014.41
2023-01-11 17:00:00,4.883333333333333,0.0777777777777781,0.61,28.2072,301.0,10.255700000000001,0.0,1014.34
2023-01-11 18:00:00,4.883333333333333,0.6666666666666683,0.61,22.362900000000003,301.0,16.1,0.0,1014.75
2023-01-11 19:00:00,3.877777777777776,-0.3388888888888886,0.64,20.0606,291.0,15.1823,0.0,1015.97
2023-01-11 20:00:00,2.872222222222223,-0.9888888888888895,0.7,15.778000000000002,270.0,10.255700000000001,0.0,1017.14
2023-01-11 21:00:00,3.311111111111112,-0.19999999999999968,0.67,14.296800000000003,261.0,16.1,0.0,1018.13
2023-01-11 22:00:00,2.9111111111111123,-1.1833333333333327,0.75,17.3397,262.0,15.1823,0.0,1018.73
2023-01-11 23:00:00,2.822222222222221,-1.7333333333333338,0.75,20.511400000000002,271.0,16.1,0.0,1019.15
2023-01-12 00:00:00,3.2444444444444462,-2.0388888888888896,0.7,28.078400000000002,290.0,16.1,0.0,1019.28
2023-01-12 01:00:00,2.638888888888889,-2.5055555555555564,0.71,25.0194,289.0,15.1823,0.0,1019.88
2023-01-12 02:00:00,2.2222222222222223,-3.0777777777777775,0.7,25.438000000000002,280.0,16.1,0.0,1020.17
2023-01-12 03:00:00,2.1111111111111094,-3.4888888888888894,0.73,27.933500000000002,280.0,16.1,0.0,1020.11
2023-01-12 04:00:00,1.5499999999999996,-3.266666666666666,0.79,19.964000000000002,278.0,15.1823,0.0,1021.01
2023-01-12 05:00:00,2.1111111111111094,-3.200000000000001,0.73,25.1965,280.0,16.1,0.0,1021.31
2023-01-12 06:00:00,2.133333333333335,-2.5666666666666673,0.73,20.286,270.0,15.826300000000002,0.0,1021.6
2023-01-12 07:00:00,2.049999999999999,-2.261111111111111,0.74,17.3719,261.0,10.2235,0.0,1022.09
2023-01-12 08:00:00,2.2222222222222223,-2.5333333333333328,0.73,20.881700000000002,271.0,10.255700000000001,0.0,1022.71
2023-01-12 09:00:00,2.8500000000000014,-1.122222222222222,0.76,16.454200000000004,281.0,16.1,0.0,1023.42
2023-01-12 10:00:00,4.866666666666665,0.2777777777777778,0.66,25.8244,298.0,14.9569,0.0,1024.44
2023-01-12 11:00:00,6.161111111111113,1.338888888888887,0.65,33.1016,300.0,9.982000000000001,0.0,1024.53
2023-01-12 12:00:00,7.222222222222222,3.0777777777777775,0.64,28.658,310.0,9.982000000000001,0.0,1024.72
2023-01-12 13:00:00,7.811111111111113,4.005555555555556,0.61,26.6616,302.0,10.3523,0.0,1024.69
2023-01-12 14:00:00,7.777777777777778,3.955555555555554,0.67,26.6294,310.0,9.982000000000001,0.0,1024.83
2023-01-12 15:00:00,7.244444444444444,3.738888888888887,0.65,21.6545,299.0,9.982000000000001,0.0,1025.61
2023-01-12 16:00:00,5.238888888888889,2.883333333333332,0.69,10.368400000000001,253.0,15.552600000000002,0.0,1026.52
2023-01-12 17:00:00,2.9611111111111104,0.3388888888888886,0.76,9.595600000000001,211.0,16.1,0.0,1027.35
2023-01-12 18:00:00,2.433333333333335,-0.6388888888888881,0.84,11.0607,211.0,10.255700000000001,0.0,1027.75
2023-01-12 19:00:00,2.8611111111111103,-0.06666666666666722,0.89,10.8031,192.0,10.2235,0.0,1028.0
2023-01-12 20:00:00,2.8500000000000014,-0.688888888888888,0.82,13.8621,209.0,16.1,0.0,1027.25
2023-01-12 21:00:00,2.3166666666666678,0.472222222222223,0.84,6.5044,199.0,16.1,0.0,1027.5
2023-01-12 22:00:00,1.3000000000000018,-2.3555555555555547,0.89,12.719000000000001,186.0,15.1823,0.0,1027.24
2023-01-12 23:00:00,1.6888888888888884,-2.616666666666667,0.82,16.8084,199.0,16.1,0.0,1026.73
2023-01-13 00:00:00,0.11666666666666714,-3.994444444444445,0.85,13.685,180.0,16.1,0.0,1026.61
2023-01-13 01:00:00,0.1555555555555562,-3.822222222222221,0.85,13.041,184.0,15.1823,0.0,1026.19
2023-01-13 02:00:00,0.027777777777776198,-4.116666666666666,0.82,13.7172,171.0,16.1,0.0,1026.34
2023-01-13 03:00:00,-0.5333333333333338,-4.827777777777778,0.85,13.8782,171.0,16.1,0.0,1026.23
2023-01-13 04:00:00,-0.0611111111111108,-4.055555555555555,0.84,12.9122,175.0,15.1823,0.0,1026.41
2023-01-13 05:00:00,-1.1111111111111112,-4.888888888888889,0.82,11.012400000000001,171.0,16.1,0.0,1026.25
2023-01-13 06:00:00,-2.127777777777777,-6.422222222222222,0.95,12.236,171.0,16.1,0.0,1026.25
2023-01-13 07:00:00,-1.0388888888888894,-4.977777777777778,0.89,11.7369,183.0,14.3934,0.0,1026.32
2023-01-13 08:00:00,-1.0611111111111111,-5.083333333333332,0.88,12.075000000000001,160.0,10.255700000000001,0.0,1026.35
2023-01-13 09:00:00,1.2555555555555544,-1.9833333333333334,0.78,10.770900000000001,162.0,15.1823,0.0,1026.92
2023-01-13 10:00:00,2.9555555555555557,-0.14444444444444532,0.75,11.7208,176.0,10.2235,0.0,1027.15
2023-01-13 11:00:00,4.172222222222221,0.68888888888889,0.69,15.359399999999999,201.0,12.2521,0.0,1026.81
2023-01-13 12:00:00,6.372222222222222,3.227777777777779,0.64,16.6635,181.0,13.1859,0.0,1025.83
2023-01-13 13:00:00,7.305555555555555,5.044444444444443,0.68,12.1555,193.0,15.552600000000002,0.0,1025.47
2023-01-13 14:00:00,7.966666666666669,5.761111111111109,0.57,12.6707,172.0,16.1,0.0,1024.43
2023-01-13 15:00:00,7.98888888888889,6.294444444444443,0.67,9.724400000000001,181.0,16.1,0.0,1024.11
2023-01-13 16:00:00,5.438888888888888,3.0888888888888903,0.73,10.513300000000001,163.0,13.9748,0.0,1023.92
2023-01-13 17:00:00,2.933333333333334,-0.344444444444445,0.88,12.606300000000001,160.0,8.420300000000001,0.0,1023.82
2023-01-13 18:00:00,2.7999999999999994,-1.0277777777777786,0.88,15.4721,151.0,8.372000000000002,0.0,1023.15
2023-01-13 19:00:00,2.233333333333335,-1.1277777777777784,0.91,12.236,161.0,9.982000000000001,0.0,1023.1
2023-01-13 20:00:00,2.194444444444446,-1.1777777777777783,0.85,12.2682,170.0,9.9015,0.0,1022.57
2023-01-13 21:00:00,1.5722222222222213,-1.6388888888888884,0.83,10.9158,169.0,9.8049,0.0,1022.65
2023-01-13 22:00:00,1.0055555555555569,-2.6888888888888887,0.87,12.590200000000001,161.0,9.7888,0.0,1022.53
2023-01-13 23:00:00,-0.4888888888888883,-2.7111111111111104,0.92,6.359500000000001,141.0,9.8049,0.0,1022.52
2023-01-14 00:00:00,-1.0888888888888895,-4.883333333333333,0.92,11.109000000000002,141.0,9.8049,0.0,1021.95
2023-01-14 01:00:00,-1.5611111111111104,-4.133333333333334,0.93,6.8264000000000005,167.0,9.9015,0.0,1021.84
2023-01-14 02:00:00,-1.555555555555556,-5.444444444444445,0.96,11.0929,151.0,8.05,0.0,1021.81
2023-01-14 03:00:00,-2.0444444444444443,-5.961111111111112,0.92,10.835300000000002,142.0,7.969500000000001,0.0,1021.31
2023-01-14 04:00:00,-1.5111111111111104,-5.155555555555556,0.93,10.2074,143.0,8.2593,0.0,1020.82
2023-01-14 05:00:00,-1.0944444444444439,-5.555555555555555,0.88,14.0553,151.0,7.969500000000001,0.0,1020.43
2023-01-14 06:00:00,-2.1111111111111116,-6.433333333333333,0.88,12.397,151.0,9.8049,0.0,1020.34
2023-01-14 07:00:00,-2.0500000000000007,-6.327777777777778,0.89,12.2843,143.0,6.6493,0.0,1020.48
2023-01-14 08:00:00,-1.0666666666666675,-4.355555555555556,0.88,9.2414,160.0,6.0697,0.0,1020.06
2023-01-14 09:00:00,1.1111111111111112,-2.4777777777777783,0.79,12.203800000000001,170.0,6.166300000000001,0.0,1020.24
2023-01-14 10:00:00,2.755555555555556,-0.5999999999999991,0.82,12.783400000000002,171.0,6.7781,0.0,1020.12
2023-01-14 11:00:00,6.0888888888888895,3.3222222222222206,0.7,13.5884,178.0,6.295100000000001,0.0,1019.55
2023-01-14 12:00:00,7.294444444444445,5.072222222222224,0.7,11.8818,189.0,7.212800000000001,0.0,1018.76
2023-01-14 13:00:00,7.716666666666667,5.150000000000002,0.67,14.715400000000002,191.0,9.193100000000001,0.0,1018.11
2023-01-14 14:00:00,8.95,6.833333333333332,0.63,13.507900000000001,181.0,9.982000000000001,0.0,1017.26
2023-01-14 15:00:00,8.877777777777775,6.966666666666666,0.63,12.0106,181.0,6.1985,0.0,1016.98
2023-01-14 16:00:00,6.983333333333333,4.549999999999999,0.74,12.7673,190.0,11.6081,0.0,1016.96
2023-01-14 17:00:00,4.966666666666665,2.616666666666667,0.82,10.0947,199.0,6.118,0.0,1016.98
2023-01-14 18:00:00,4.894444444444446,2.816666666666667,0.86,8.8389,160.0,4.9910000000000005,0.0,1016.88
2023-01-14 19:00:00,3.8555555555555543,1.7333333333333318,0.89,8.2754,195.0,5.6672,0.0,1016.89
2023-01-14 20:00:00,3.8333333333333326,1.25,0.89,10.126900000000001,191.0,4.9427,0.0,1016.83
2023-01-14 21:00:00,3.366666666666668,0.7055555555555573,0.89,10.0947,192.0,4.9749,0.0,1017.06
2023-01-14 22:00:00,4.461111111111112,3.3722222222222222,0.82,5.2969,216.0,7.357700000000001,0.0,1017.03
2023-01-14 23:00:00,4.855555555555557,0.9777777777777766,0.8,19.3844,320.0,5.9731000000000005,0.0,1018.0
2023-01-15 00:00:00,2.794444444444445,-0.6833333333333336,0.89,13.4596,328.0,5.9731000000000005,0.0,1018.56
2023-01-15 01:00:00,4.366666666666666,0.8111111111111116,0.83,16.1483,310.0,7.357700000000001,0.0,1019.22
2023-01-15 02:00:00,3.816666666666665,0.5277777777777793,0.85,13.7011,289.0,5.9731000000000005,0.0,1019.65
2023-01-15 03:00:00,2.6555555555555563,-0.3222222222222213,0.89,10.851400000000002,281.0,5.9731000000000005,0.0,1020.2
2023-01-15 04:00:00,1.7666666666666666,-1.3555555555555563,0.9,10.6904,267.0,6.6493,0.0,1020.32
2023-01-15 05:00:00,2.177777777777779,-1.6499999999999995,0.86,14.6349,270.0,6.295100000000001,0.0,1021.02
2023-01-15 06:00:00,2.244444444444444,-1.7555555555555555,0.8,15.761899999999999,280.0,8.372000000000002,0.0,1021.8
2023-01-15 07:00:00,2.105555555555555,-1.5111111111111104,0.81,13.3952,281.0,9.434600000000001,0.0,1022.18
2023-01-15 08:00:00,2.1388888888888897,-1.4111111111111105,0.8,13.089300000000001,291.0,16.1,0.0,1022.61
2023-01-15 09:00:00,3.8444444444444454,0.6944444444444444,0.71,12.9444,301.0,16.1,0.0,1022.7
2023-01-15 10:00:00,5.1611111111111105,2.2000000000000006,0.64,13.524000000000001,320.0,10.2235,0.0,1022.82
2023-01-15 11:00:00,7.244444444444444,4.916666666666668,0.55,12.445300000000001,310.0,16.1,0.0,1022.71
2023-01-15 12:00:00,7.822222222222221,5.58888888888889,0.47,12.6385,292.0,16.1,0.0,1022.27
2023-01-15 13:00:00,8.861111111111112,7.905555555555553,0.44,7.0518,325.0,15.552600000000002,0.0,1021.65
2023-01-15 14:00:00,9.97777777777778,9.97777777777778,0.41,0.1449,188.0,16.1,0.0,1021.16
2023-01-15 15:00:00,8.838888888888887,8.838888888888887,0.47,3.4776000000000002,171.0,16.1,0.0,1021.08
2023-01-15 16:00:00,6.377777777777776,4.638888888888889,0.54,8.533,151.0,15.552600000000002,0.0,1021.32
2023-01-15 17:00:00,3.9333333333333322,1.1944444444444438,0.76,10.948,150.0,16.1,0.0,1021.26
2023-01-15 18:00:00,2.872222222222223,-0.10555555555555626,0.81,11.0446,131.0,16.1,0.0,1021.54
2023-01-15 19:00:00,2.4777777777777783,-0.8666666666666659,0.79,12.4292,142.0,15.1823,0.0,1021.6
2023-01-15 20:00:00,2.7500000000000018,-1.0888888888888895,0.76,15.504300000000002,140.0,16.1,0.0,1021.44
2023-01-15 21:00:00,2.2166666666666677,-1.988888888888888,0.79,16.9694,140.0,16.1,0.0,1021.16
2023-01-15 22:00:00,2.166666666666666,-1.427777777777778,0.77,13.363000000000001,150.0,15.1823,0.0,1021.27
2023-01-15 23:00:00,2.127777777777777,-2.1000000000000005,0.76,16.9694,150.0,16.1,0.0,1020.87
2023-01-16 00:00:00,2.0833333333333335,-1.655555555555556,0.74,14.023100000000003,150.0,16.1,0.0,1020.85
2023-01-16 01:00:00,1.4944444444444431,-2.2000000000000006,0.78,13.089300000000001,148.0,15.1823,0.0,1020.76
2023-01-16 02:00:00,0.6222222222222208,-3.444444444444444,0.85,14.039200000000001,140.0,16.1,0.0,1020.93
2023-01-16 03:00:00,1.0888888888888895,-2.8777777777777778,0.79,14.039200000000001,140.0,16.1,0.0,1020.75
2023-01-16 04:00:00,1.0277777777777786,-3.3222222222222224,0.8,16.0839,150.0,15.1823,0.0,1020.5
2023-01-16 05:00:00,2.127777777777777,-2.5444444444444434,0.8,20.076700000000002,150.0,16.1,0.0,1020.42
2023-01-16 06:00:00,1.1111111111111112,-3.1333333333333337,0.79,15.6009,141.0,16.1,0.0,1020.32
2023-01-16 07:00:00,1.0444444444444458,-3.7055555555555566,0.86,18.6599,142.0,11.914000000000001,0.0,1020.58
2023-01-16 08:00:00,1.161111111111113,-3.3222222222222224,0.85,17.066,141.0,12.2521,0.0,1020.73
2023-01-16 09:00:00,2.755555555555556,-1.1333333333333329,0.82,15.794100000000002,151.0,12.2521,0.0,1021.03
2023-01-16 10:00:00,4.855555555555557,1.3833333333333344,0.76,16.3576,150.0,14.3612,0.0,1020.93
2023-01-16 11:00:00,7.1499999999999995,3.6055555555555565,0.66,21.735000000000003,160.0,15.134000000000002,0.0,1020.72
2023-01-16 12:00:00,8.861111111111112,5.772222222222222,0.63,21.879900000000003,160.0,16.0517,0.0,1020.3
2023-01-16 13:00:00,9.155555555555553,6.094444444444444,0.62,22.395100000000003,153.0,15.552600000000002,0.0,1019.74
2023-01-16 14:00:00,10.133333333333335,10.133333333333335,0.58,17.436300000000003,151.0,16.1,0.0,1018.71
2023-01-16 15:00:00,9.088888888888889,6.516666666666665,0.66,17.4202,160.0,16.1,0.0,1018.61
2023-01-16 16:00:00,7.4833333333333325,4.777777777777779,0.73,15.359399999999999,151.0,14.7637,0.0,1018.79
2023-01-16 17:00:00,6.311111111111111,3.050000000000001,0.79,17.436300000000003,150.0,12.2521,0.0,1018.81
2023-01-16 18:00:00,6.127777777777778,2.4944444444444454,0.76,20.125,160.0,16.1,0.0,1018.74
2023-01-16 19:00:00,4.916666666666668,2.361111111111111,0.83,11.0285,161.0,14.9569,0.0,1019.35
2023-01-16 20:00:00,4.927777777777776,1.0166666666666657,0.78,19.7869,150.0,15.826300000000002,0.0,1018.93
2023-01-16 21:00:00,4.833333333333335,1.288888888888889,0.75,16.840600000000002,150.0,15.729700000000001,0.0,1018.64
2023-01-16 22:00:00,4.144444444444445,0.5333333333333338,0.74,16.1483,151.0,14.876400000000002,0.0,1018.42
2023-01-16 23:00:00,3.327777777777779,-0.5999999999999991,0.77,16.9372,141.0,15.826300000000002,0.0,1018.34
2023-01-17 00:00:00,2.7333333333333343,-1.4111111111111105,0.8,17.404100000000003,140.0,15.826300000000002,0.0,1018.43
2023-01-17 01:00:00,3.0944444444444446,-0.7111111111111117,0.76,15.794100000000002,149.0,14.9569,0.0,1018.23
2023-01-17 02:00:00,3.177777777777777,-1.1833333333333327,0.74,19.7386,150.0,15.826300000000002,0.0,1017.95
2023-01-17 03:00:00,2.5944444444444454,-1.0111111111111113,0.75,13.9426,169.0,15.826300000000002,0.0,1018.01
2023-01-17 04:00:00,2.027777777777777,-2.0222222222222226,0.78,15.729700000000001,140.0,14.9569,0.0,1017.4
2023-01-17 05:00:00,2.066666666666666,-2.5666666666666673,0.74,19.6259,140.0,15.826300000000002,0.0,1016.76
2023-01-17 06:00:00,2.616666666666667,-2.2777777777777786,0.72,22.829800000000002,141.0,15.826300000000002,0.0,1016.94
2023-01-17 07:00:00,2.577777777777778,-1.9277777777777771,0.73,19.6581,161.0,15.3111,0.0,1016.69
2023-01-17 08:00:00,2.688888888888891,-2.194444444444444,0.77,22.862000000000002,150.0,16.0517,0.0,1016.97
2023-01-17 09:00:00,4.772222222222224,0.46111111111111014,0.71,22.878100000000003,160.0,16.1,0.0,1017.17
2023-01-17 10:00:00,5.966666666666668,2.3000000000000003,0.71,20.0123,161.0,15.552600000000002,0.0,1017.49
2023-01-17 11:00:00,7.1333333333333355,3.627777777777778,0.65,21.3969,170.0,16.1,0.0,1017.36
2023-01-17 12:00:00,7.783333333333331,4.938888888888889,0.68,16.9694,160.0,16.1,0.0,1016.96
2023-01-17 13:00:00,8.0,5.46111111111111,0.67,15.005200000000002,163.0,15.552600000000002,0.0,1016.75
2023-01-17 14:00:00,7.977777777777778,5.5444444444444425,0.7,14.2163,150.0,16.1,0.0,1016.53
2023-01-17 15:00:00,8.955555555555556,6.566666666666666,0.7,15.584800000000001,169.0,16.1,0.0,1016.44
2023-01-17 16:00:00,7.96111111111111,5.866666666666668,0.76,11.946200000000001,160.0,15.552600000000002,0.0,1016.64
2023-01-17 17:00:00,7.777777777777778,5.116666666666667,0.76,15.504300000000002,160.0,16.0517,0.0,1016.84
2023-01-17 18:00:00,7.777777777777778,5.077777777777778,0.76,15.826300000000002,159.0,15.826300000000002,0.0,1016.94
2023-01-17 19:00:00,7.755555555555556,4.972222222222224,0.77,16.438100000000002,152.0,15.3111,0.0,1017.1
2023-01-17 20:00:00,7.777777777777778,5.294444444444445,0.71,14.2163,151.0,15.826300000000002,0.0,1017.04
2023-01-17 21:00:00,8.261111111111111,5.488888888888891,0.72,17.404100000000003,151.0,15.826300000000002,0.0,1017.14
2023-01-17 22:00:00,7.688888888888891,4.977777777777778,0.74,15.761899999999999,161.0,14.9569,0.0,1017.52
2023-01-17 23:00:00,7.222222222222222,4.655555555555557,0.73,13.9748,141.0,15.826300000000002,0.0,1017.44
2023-01-18 00:00:00,6.733333333333332,4.0388888888888905,0.79,14.1036,152.0,15.826300000000002,0.0,1017.55
2023-01-18 01:00:00,6.727777777777778,4.088888888888889,0.84,13.685,170.0,14.168000000000003,0.0,1017.88
2023-01-18 02:00:00,6.622222222222224,4.427777777777777,0.87,10.9319,150.0,9.982000000000001,0.0,1017.85
2023-01-18 03:00:00,6.155555555555555,3.8944444444444435,0.87,10.787,151.0,8.05,0.0,1017.7
2023-01-18 04:00:00,6.255555555555555,4.249999999999999,0.87,9.6439,228.0,7.486500000000001,0.0,1018.25
2023-01-18 05:00:00,6.227777777777778,4.300000000000001,0.87,9.2414,123.0,7.0357,0.0,1017.89
2023-01-18 06:00:00,5.1611111111111105,4.300000000000001,0.94,4.9588,191.0,6.9874,0.0,1018.07
2023-01-18 07:00:00,5.205555555555554,3.2722222222222226,0.93,8.4847,144.0,5.8765,0.0,1018.36
2023-01-18 08:00:00,5.155555555555556,3.122222222222221,0.94,8.855,180.0,4.0733,0.0,1018.89
2023-01-18 09:00:00,6.227777777777778,6.227777777777778,0.93,3.2039,111.0,4.025,0.0,1019.85
2023-01-18 10:00:00,7.200000000000001,7.200000000000001,0.93,0.22540000000000004,130.0,3.3488,0.0,1019.28
2023-01-18 11:00:00,7.872222222222224,6.6166666666666645,0.96,7.5992,120.0,3.703,0.0,1018.89
2023-01-18 12:00:00,7.916666666666667,7.916666666666667,0.95,2.8819000000000004,129.0,3.7513000000000005,0.0,1018.67
2023-01-18 13:00:00,7.755555555555556,6.666666666666667,0.96,6.8586,176.0,3.4293,0.0,1018.5
2023-01-18 14:00:00,7.8500000000000005,6.600000000000001,0.96,7.550900000000001,140.0,5.0393,0.0,1018.16
2023-01-18 15:00:00,7.8500000000000005,7.8500000000000005,0.96,3.3971,156.0,3.9767000000000006,0.0,1018.07
2023-01-18 16:00:00,7.755555555555556,7.755555555555556,0.96,0.8372,357.0,1.5134,0.0,1017.6
2023-01-18 17:00:00,7.200000000000001,7.200000000000001,1.0,3.22,30.0,0.3542,0.0,1017.39
2023-01-18 18:00:00,7.1499999999999995,7.1499999999999995,0.94,4.4758,109.0,1.4168,0.0,1017.21
2023-01-18 19:00:00,7.083333333333333,7.083333333333333,0.94,3.2039,31.0,1.7549000000000001,0.0,1017.14
2023-01-18 20:00:00,7.1499999999999995,7.1499999999999995,0.94,2.8658,61.0,1.8676,0.0,1016.92
2023-01-18 21:00:00,6.622222222222224,5.555555555555555,0.96,6.1502,0.0,1.8676,0.0,1016.83
2023-01-18 22:00:00,6.611111111111111,5.66111111111111,0.96,5.7799000000000005,61.0,1.7549000000000001,0.0,1016.48
2023-01-18 23:00:00,7.061111111111112,4.955555555555557,0.96,10.948,77.0,5.9087000000000005,0.0,1015.97
2023-01-19 00:00:00,6.038888888888888,4.400000000000001,1.0,7.889000000000001,19.0,1.5295,0.0,1015.75
2023-01-19 01:00:00,6.516666666666665,5.477777777777778,0.96,6.0053,21.0,1.9964000000000002,0.0,1015.48
2023-01-19 02:00:00,6.527777777777778,6.527777777777778,0.94,3.3810000000000002,38.0,1.932,0.0,1015.33
2023-01-19 03:00:00,5.994444444444444,4.766666666666666,0.96,6.3756,20.0,1.449,0.0,1014.64
2023-01-19 04:00:00,6.027777777777779,3.866666666666667,1.0,10.1752,39.0,2.9302,0.0,1013.77
2023-01-19 05:00:00,5.994444444444444,4.366666666666666,1.0,7.8084999999999996,45.0,2.9624,0.0,1013.36
2023-01-19 06:00:00,5.994444444444444,5.277777777777778,1.0,4.8622000000000005,43.0,1.8837,0.0,1013.09
2023-01-19 07:00:00,6.027777777777779,6.027777777777779,0.99,4.6207,3.0,1.6422,0.0,1013.1
2023-01-19 08:00:00,5.972222222222222,5.972222222222222,1.0,3.6064000000000007,20.0,1.1431,0.0,1013.06
2023-01-19 09:00:00,5.972222222222222,3.6388888888888875,1.0,11.012400000000001,20.0,1.0143,0.0,1013.06
2023-01-19 10:00:00,5.994444444444444,4.388888888888888,1.0,7.728,354.0,1.2397,0.0,1013.01
2023-01-19 11:00:00,6.994444444444446,5.505555555555554,0.94,7.921200000000001,359.0,2.9624,0.0,1012.99
2023-01-19 12:00:00,7.016666666666668,6.300000000000002,0.94,5.2486,349.0,3.4293,0.0,1012.87
2023-01-19 13:00:00,6.127777777777778,4.022222222222223,0.99,9.982000000000001,322.0,3.3327,0.0,1012.67
2023-01-19 14:00:00,6.016666666666666,3.7277777777777783,1.0,10.8031,341.0,3.4454000000000002,0.0,1012.54
2023-01-19 15:00:00,6.016666666666666,3.75,0.94,10.706500000000002,330.0,3.4132000000000002,0.0,1012.45
2023-01-19 16:00:00,6.094444444444444,4.083333333333334,0.94,9.5312,311.0,2.8336,0.0,1012.87
2023-01-19 17:00:00,6.016666666666666,4.433333333333332,0.94,7.647500000000001,310.0,3.1395,0.0,1013.32
2023-01-19 18:00:00,6.016666666666666,4.083333333333334,0.93,9.1126,309.0,3.1395,0.0,1013.64
2023-01-19 19:00:00,5.044444444444443,4.188888888888888,1.0,4.8944,283.0,1.4973,0.0,1014.08
2023-01-19 20:00:00,5.027777777777776,5.027777777777776,1.0,4.6046000000000005,260.0,0.6601,0.0,1014.32
2023-01-19 21:00:00,5.511111111111112,4.166666666666667,0.96,6.5044,251.0,0.805,0.0,1014.52
2023-01-19 22:00:00,5.472222222222223,4.433333333333332,0.97,5.554500000000001,264.0,3.1234,0.0,1014.82
2023-01-19 23:00:00,5.466666666666669,4.188888888888888,0.96,6.262900000000001,309.0,1.8837,0.0,1015.0
2023-01-20 00:00:00,5.488888888888891,5.488888888888891,0.94,3.22,230.0,2.4955000000000003,0.0,1015.1
2023-01-20 01:00:00,4.966666666666665,4.966666666666665,0.97,3.22,207.0,3.1556,0.0,1015.2
2023-01-20 02:00:00,4.977777777777778,3.6944444444444438,0.96,6.0536,218.0,1.7066000000000001,0.0,1015.48
2023-01-20 03:00:00,4.466666666666666,4.466666666666666,0.96,3.3971,191.0,0.9499,0.0,1015.17
2023-01-20 04:00:00,4.405555555555555,2.0333333333333314,0.97,9.6922,180.0,0.9338,0.0,1015.09
2023-01-20 05:00:00,3.9111111111111105,2.8777777777777778,1.0,4.9749,181.0,0.7889,0.0,1014.78
2023-01-20 06:00:00,3.9111111111111105,3.9111111111111105,1.0,0.43470000000000003,187.0,0.7889,0.0,1014.78
2023-01-20 07:00:00,4.811111111111109,3.199999999999999,0.94,7.0196000000000005,158.0,0.5796,0.0,1014.91
2023-01-20 08:00:00,4.977777777777778,2.2111111111111095,0.94,12.203800000000001,121.0,3.3971,0.0,1015.26
2023-01-20 09:00:00,4.977777777777778,2.805555555555554,0.94,9.305800000000001,111.0,2.4955000000000003,0.0,1015.0
2023-01-20 10:00:00,5.033333333333335,3.011111111111112,0.94,8.694,131.0,3.0107000000000004,0.0,1015.2
2023-01-20 11:00:00,5.0,2.816666666666667,0.94,9.3541,102.0,3.6064000000000007,0.0,1015.08
2023-01-20 12:00:00,5.072222222222224,2.561111111111111,0.93,10.948,130.0,6.0697,0.0,1014.2
2023-01-20 13:00:00,6.027777777777779,5.272222222222223,0.94,4.9749,102.0,6.5849,0.0,1013.89
2023-01-20 14:00:00,6.0888888888888895,4.488888888888888,0.93,7.760200000000001,101.0,6.166300000000001,0.0,1013.2
2023-01-20 15:00:00,6.0888888888888895,4.088888888888889,0.93,9.466800000000001,90.0,6.1985,0.0,1013.09
2023-01-20 16:00:00,6.099999999999998,4.216666666666669,0.93,8.935500000000001,82.0,4.1055,0.0,1013.0
2023-01-20 17:00:00,6.016666666666666,4.477777777777779,0.93,7.486500000000001,44.0,3.1073,0.0,1013.01
2023-01-20 18:00:00,6.016666666666666,3.511111111111111,0.93,11.9945,43.0,3.1073,0.0,1012.83
2023-01-20 19:00:00,5.983333333333335,3.7777777777777763,0.94,10.3523,41.0,3.2361,0.0,1012.8
2023-01-20 20:00:00,6.016666666666666,3.7333333333333325,0.94,10.787,51.0,3.9284000000000003,0.0,1012.53
2023-01-20 21:00:00,5.511111111111112,3.06111111111111,0.96,11.109000000000002,41.0,3.9123000000000006,0.0,1012.45
2023-01-20 22:00:00,5.550000000000001,4.361111111111112,0.94,6.021400000000001,30.0,4.1377,0.0,1012.47
2023-01-20 23:00:00,5.511111111111112,4.216666666666669,0.94,6.3434,11.0,4.3631,0.0,1012.62
2023-01-21 00:00:00,5.0,3.627777777777778,0.96,6.327300000000001,48.0,4.3631,0.0,1012.51
2023-01-21 01:00:00,5.611111111111112,5.611111111111112,0.94,3.6225,59.0,4.1377,0.0,1012.25
2023-01-21 02:00:00,5.488888888888891,5.488888888888891,0.94,3.3005,62.0,3.4293,0.0,1012.23
2023-01-21 03:00:00,5.0,5.0,0.96,3.0751,46.0,3.3971,0.0,1012.15
2023-01-21 04:00:00,4.644444444444444,4.644444444444444,0.96,2.415,336.0,3.5259,0.0,1012.36
2023-01-21 05:00:00,3.9833333333333343,1.3833333333333344,0.93,10.3362,282.0,3.3971,0.0,1012.53
2023-01-21 06:00:00,4.949999999999998,4.949999999999998,0.94,4.6046000000000005,312.0,0.7889,0.0,1012.54
2023-01-21 07:00:00,4.877777777777778,4.877777777777778,0.95,3.4132000000000002,281.0,0.16100000000000003,0.0,1013.21
2023-01-21 08:00:00,5.0,5.0,1.0,0.4669,345.0,0.1771,0.0,1013.73
2023-01-21 09:00:00,6.016666666666666,6.016666666666666,0.94,1.7871000000000004,329.0,0.1932,0.0,1014.41
2023-01-21 10:00:00,5.150000000000002,3.5388888888888874,1.0,7.1967,16.0,0.3864,0.0,1014.74
2023-01-21 11:00:00,6.0888888888888895,3.8555555555555543,0.94,10.577700000000002,28.0,0.483,0.0,1015.03
2023-01-21 12:00:00,6.111111111111111,4.483333333333333,0.94,7.889000000000001,8.0,0.483,0.0,1015.02
2023-01-21 13:00:00,6.272222222222222,5.027777777777776,0.94,6.5849,72.0,0.7567,0.0,1014.8
2023-01-21 14:00:00,6.155555555555555,4.494444444444446,1.0,8.05,60.0,0.49910000000000004,0.0,1014.79
2023-01-21 15:00:00,6.155555555555555,3.916666666666665,1.0,10.6904,22.0,0.805,0.0,1014.71
2023-01-21 16:00:00,6.261111111111113,4.73888888888889,0.99,7.583100000000001,51.0,1.1431,0.0,1014.89
2023-01-21 17:00:00,6.133333333333333,3.811111111111111,0.94,11.109000000000002,61.0,1.5295,0.0,1014.91
2023-01-21 18:00:00,6.133333333333333,6.133333333333333,0.93,4.6046000000000005,60.0,2.5921000000000003,0.0,1015.1
2023-01-21 19:00:00,6.177777777777776,4.022222222222223,0.94,10.304000000000002,40.0,2.2218,0.0,1015.21
2023-01-21 20:00:00,6.111111111111111,4.511111111111109,0.94,7.776300000000001,31.0,1.8998,0.0,1015.31
2023-01-21 21:00:00,5.599999999999999,3.18888888888889,0.96,10.996300000000002,21.0,1.9159,0.0,1015.23
2023-01-21 22:00:00,5.677777777777777,3.3333333333333335,0.97,10.706500000000002,48.0,2.0608,0.0,1015.43
2023-01-21 23:00:00,5.599999999999999,4.305555555555555,0.96,6.391700000000001,3.0,2.5438,0.0,1015.23
2023-01-22 00:00:00,5.599999999999999,4.272222222222221,0.96,6.5044,41.0,3.4615,0.0,1015.31
2023-01-22 01:00:00,5.677777777777777,5.677777777777777,0.97,3.2683,19.0,2.9785000000000004,0.0,1015.14
2023-01-22 02:00:00,5.599999999999999,3.277777777777777,0.96,10.5616,41.0,3.0107000000000004,0.0,1015.03
2023-01-22 03:00:00,5.599999999999999,3.8444444444444454,0.96,8.05,60.0,1.932,0.0,1015.11
2023-01-22 04:00:00,5.677777777777777,5.677777777777777,0.97,2.5921000000000003,3.0,2.1091,0.0,1014.99
2023-01-22 05:00:00,6.0888888888888895,6.0888888888888895,0.94,0.0,0.0,1.449,0.0,1014.64
2023-01-22 06:00:00,5.072222222222224,5.072222222222224,1.0,4.83,150.0,1.4168,0.0,1014.72
2023-01-22 07:00:00,5.172222222222223,3.2166666666666663,0.99,8.5491,153.0,0.8372,0.0,1015.27
2023-01-22 08:00:00,6.0888888888888895,4.127777777777777,0.94,9.2897,159.0,0.32200000000000006,0.0,1015.49
2023-01-22 09:00:00,6.111111111111111,4.13888888888889,0.94,9.3541,160.0,0.49910000000000004,0.0,1015.98
2023-01-22 10:00:00,7.088888888888888,5.466666666666669,0.94,8.5974,179.0,1.6744,0.0,1016.52
2023-01-22 11:00:00,7.222222222222222,5.1611111111111105,1.0,10.8997,179.0,2.5277000000000003,0.0,1016.58
2023-01-22 12:00:00,7.711111111111112,6.022222222222224,0.96,9.434600000000001,181.0,2.9785000000000004,0.0,1016.18
2023-01-22 13:00:00,7.76111111111111,5.972222222222222,0.91,9.982000000000001,141.0,4.5402000000000005,0.0,1015.65
2023-01-22 14:00:00,7.266666666666666,7.266666666666666,0.93,4.7495,180.0,4.8783,0.0,1015.47
2023-01-22 15:00:00,7.266666666666666,7.266666666666666,0.93,0.27370000000000005,145.0,3.5420000000000007,0.0,1015.0
2023-01-22 16:00:00,7.327777777777777,7.327777777777777,0.93,4.5563,60.0,3.2361,0.0,1014.97
2023-01-22 17:00:00,7.222222222222222,7.222222222222222,0.93,4.7495,24.0,3.059,0.0,1015.18
2023-01-22 18:00:00,7.1499999999999995,5.138888888888889,0.93,10.5455,33.0,2.9785000000000004,0.0,1015.3
2023-01-22 19:00:00,7.049999999999999,4.922222222222222,0.94,11.0446,49.0,2.0769,0.0,1015.02
2023-01-22 20:00:00,6.133333333333333,3.7777777777777763,1.0,11.270000000000001,60.0,1.8676,0.0,1014.64
2023-01-22 21:00:00,6.133333333333333,4.13888888888889,1.0,9.466800000000001,50.0,1.2397,0.0,1014.81
2023-01-22 22:00:00,6.099999999999998,3.4666666666666677,0.96,12.799500000000002,42.0,0.7084,0.0,1014.25
2023-01-22 23:00:00,5.5777777777777775,4.161111111111112,0.96,6.7620000000000005,52.0,0.6279,0.0,1014.41
2023-01-23 00:00:00,5.555555555555555,2.6111111111111125,0.96,13.9426,32.0,0.32200000000000006,0.0,1013.84
2023-01-23 01:00:00,5.522222222222221,2.6555555555555563,0.94,13.4274,39.0,0.2898,0.0,1012.92
2023-01-23 02:00:00,5.044444444444443,1.5277777777777777,0.96,17.001600000000003,40.0,0.4669,0.0,1012.64
2023-01-23 03:00:00,5.044444444444443,1.9722222222222205,0.96,14.023100000000003,21.0,0.6279,0.0,1012.24
2023-01-23 04:00:00,5.038888888888889,2.061111111111112,1.0,13.4435,39.0,1.3202,0.0,1011.76
2023-01-23 05:00:00,5.072222222222224,1.9666666666666661,0.96,14.2646,31.0,1.932,0.0,1011.47
2023-01-23 06:00:00,5.072222222222224,1.7388888888888903,1.0,15.7458,21.0,3.059,0.0,1010.89
2023-01-23 07:00:00,6.044444444444446,2.422222222222222,0.94,19.819100000000002,11.0,2.1413,0.0,1010.93
2023-01-23 08:00:00,6.0888888888888895,3.583333333333335,0.93,12.058900000000001,106.0,1.4973,0.0,1011.04
2023-01-23 09:00:00,6.0888888888888895,3.011111111111112,0.94,15.665300000000002,40.0,1.5295,0.0,1011.52
2023-01-23 10:00:00,6.2333333333333325,3.1666666666666683,0.94,15.842400000000001,22.0,1.449,0.0,1011.54
2023-01-23 11:00:00,6.1833333333333345,3.5999999999999983,0.93,12.606300000000001,32.0,1.5295,0.0,1011.04
2023-01-23 12:00:00,6.1833333333333345,2.9611111111111104,0.93,16.840600000000002,20.0,1.4973,0.0,1010.54
2023-01-23 13:00:00,6.25,2.983333333333332,0.95,17.3558,23.0,1.5778,0.0,1009.83
2023-01-23 14:00:00,6.205555555555557,4.200000000000001,0.93,9.595600000000001,41.0,2.5921000000000003,0.0,1009.76
2023-01-23 15:00:00,6.1833333333333345,3.8944444444444435,0.94,10.9641,3.0,1.9642000000000002,0.0,1010.12
2023-01-23 16:00:00,6.205555555555557,5.3,0.94,5.4579,35.0,1.5778,0.0,1010.04
2023-01-23 17:00:00,6.161111111111113,3.266666666666668,0.94,14.5383,12.0,2.0286,0.0,1010.33
2023-01-23 18:00:00,6.161111111111113,3.7722222222222217,1.0,11.4632,22.0,2.0125,0.0,1010.35
2023-01-23 19:00:00,6.199999999999998,3.7444444444444454,1.0,11.8979,21.0,3.1556,0.0,1010.44
2023-01-23 20:00:00,6.161111111111113,4.122222222222224,1.0,9.6922,21.0,2.0769,0.0,1010.08
2023-01-23 21:00:00,6.622222222222224,4.366666666666666,0.96,11.253900000000002,21.0,2.6887,0.0,1009.98
2023-01-23 22:00:00,6.605555555555556,4.033333333333332,0.96,13.089300000000001,30.0,2.9302,0.0,1009.99
2023-01-23 23:00:00,6.594444444444443,3.788888888888889,0.96,14.6027,20.0,3.2361,0.0,1009.79
2023-01-24 00:00:00,6.083333333333335,2.794444444444445,0.96,17.2109,30.0,3.2361,0.0,1009.69
2023-01-24 01:00:00,6.0555555555555545,2.5333333333333345,0.94,18.9658,20.0,3.2361,0.0,1009.47
2023-01-24 02:00:00,5.46111111111111,1.9499999999999988,0.94,17.726100000000002,20.0,4.588500000000001,0.0,1009.48
2023-01-24 03:00:00,4.949999999999998,0.944444444444446,0.9,20.6563,21.0,5.216400000000001,0.0,1009.47
2023-01-24 04:00:00,4.488888888888888,0.8888888888888897,0.93,16.6313,4.0,7.406,0.0,1009.9
2023-01-24 05:00:00,3.9111111111111105,0.22777777777777589,0.92,16.261,11.0,9.853200000000001,0.0,1009.19
2023-01-24 06:00:00,3.838888888888887,0.14444444444444335,0.92,16.2127,11.0,9.8049,0.0,1009.09
2023-01-24 07:00:00,3.877777777777776,0.16111111111111065,0.93,16.454200000000004,9.0,8.935500000000001,0.0,1009.62
2023-01-24 08:00:00,3.816666666666665,0.1555555555555562,0.93,15.987300000000001,0.0,9.853200000000001,0.0,1009.11
2023-01-24 09:00:00,3.7944444444444434,-0.08888888888888896,0.93,17.4524,0.0,9.8049,0.0,1009.32
2023-01-24 10:00:00,3.8555555555555543,0.1555555555555562,0.93,16.2771,8.0,9.016,0.0,1009.43
2023-01-24 11:00:00,3.800000000000002,0.38888888888889045,0.92,14.3773,0.0,8.1305,0.0,1009.4
2023-01-24 12:00:00,3.800000000000002,0.6777777777777771,0.92,12.7512,0.0,8.1305,0.0,1009.09
2023-01-24 13:00:00,3.927777777777778,1.25,0.93,10.6582,339.0,7.8729,0.0,1008.72
2023-01-24 14:00:00,3.800000000000002,1.3833333333333344,0.93,9.4024,340.0,8.0017,0.0,1008.48
2023-01-24 15:00:00,4.800000000000001,2.5277777777777763,0.87,9.563400000000001,339.0,6.118,0.0,1008.58
2023-01-24 16:00:00,4.727777777777777,2.6111111111111125,0.89,8.8872,320.0,6.118,0.0,1008.58
2023-01-24 17:00:00,4.800000000000001,2.8888888888888906,0.87,8.0822,328.0,6.0697,0.0,1008.87
2023-01-24 18:00:00,3.7777777777777763,0.9555555555555549,0.93,11.1895,320.0,6.118,0.0,1009.17
2023-01-24 19:00:00,3.7777777777777763,1.8444444444444446,0.93,7.5348,328.0,6.6493,0.0,1009.52
2023-01-24 20:00:00,3.7555555555555546,1.6666666666666667,0.93,8.0822,338.0,6.9874,0.0,1009.66
2023-01-24 21:00:00,4.266666666666667,2.755555555555556,0.93,6.423900000000001,355.0,6.9391,0.0,1010.07
2023-01-24 22:00:00,3.5999999999999983,0.9555555555555549,0.94,10.1913,291.0,1.8837,0.0,1010.44
2023-01-24 23:00:00,3.199999999999999,0.29999999999999954,0.96,10.996300000000002,272.0,1.932,0.0,1010.84
2023-01-25 00:00:00,2.716666666666667,-0.1888888888888888,0.96,10.577700000000002,281.0,3.059,0.0,1010.94
2023-01-25 01:00:00,2.6333333333333346,-0.1722222222222215,0.96,10.0947,292.0,4.0572,0.0,1011.2
2023-01-25 02:00:00,2.666666666666665,0.8388888888888878,0.93,6.617100000000001,303.0,4.9910000000000005,0.0,1011.35
2023-01-25 03:00:00,2.666666666666665,0.816666666666666,0.93,6.6976,285.0,6.021400000000001,0.0,1011.55
2023-01-25 04:00:00,2.5333333333333345,0.7166666666666662,0.93,6.5205,284.0,5.5384,0.0,1011.92
2023-01-25 05:00:00,2.133333333333335,-1.2999999999999998,0.92,12.4936,281.0,6.021400000000001,0.0,1012.26
2023-01-25 06:00:00,2.0833333333333335,-0.7222222222222227,0.93,9.6761,292.0,4.9427,0.0,1012.75
2023-01-25 07:00:00,1.977777777777779,-1.25,0.93,11.3666,293.0,3.9767000000000006,0.0,1013.24
2023-01-25 08:00:00,2.0833333333333335,-0.42777777777777753,0.93,8.5491,302.0,5.9731000000000005,0.0,1014.06
2023-01-25 09:00:00,2.0833333333333335,-0.8222222222222224,0.86,10.0625,311.0,6.118,0.0,1014.74
2023-01-25 10:00:00,1.988888888888888,-0.6277777777777772,0.94,8.8711,311.0,3.703,0.0,1015.38
2023-01-25 11:00:00,2.0833333333333335,-1.416666666666667,0.93,12.783400000000002,301.0,3.4454000000000002,0.0,1015.96
2023-01-25 12:00:00,2.133333333333335,-1.8944444444444446,0.93,15.7458,301.0,3.8962000000000003,0.0,1015.78
2023-01-25 13:00:00,2.133333333333335,-1.2388888888888892,0.93,12.1716,312.0,6.7620000000000005,0.0,1015.83
2023-01-25 14:00:00,2.133333333333335,-1.6444444444444448,0.93,14.296800000000003,301.0,5.892600000000001,0.0,1015.96
2023-01-25 15:00:00,2.133333333333335,-1.6777777777777776,0.93,14.49,311.0,4.3631,0.0,1016.37
2023-01-25 16:00:00,2.049999999999999,-1.5222222222222213,0.93,13.105400000000001,304.0,2.5760000000000005,0.0,1016.93
2023-01-25 17:00:00,2.133333333333335,-1.3166666666666673,0.93,12.590200000000001,292.0,1.2880000000000003,0.0,1017.67
2023-01-25 18:00:00,1.1166666666666656,-2.577777777777778,0.99,12.6868,293.0,1.4651,0.0,1018.28
2023-01-25 19:00:00,1.9277777777777771,-1.4333333333333325,0.93,11.946200000000001,303.0,3.1395,0.0,1018.68
2023-01-25 20:00:00,2.0833333333333335,-1.9555555555555553,0.93,15.778000000000002,311.0,1.932,0.0,1018.91
2023-01-25 21:00:00,1.5777777777777797,-2.816666666666667,0.96,17.1787,320.0,1.4651,0.0,1019.31
2023-01-25 22:00:00,1.9277777777777771,-1.2000000000000002,0.93,10.8836,329.0,3.5742000000000007,0.0,1020.02
2023-01-25 23:00:00,2.0833333333333335,-1.6055555555555558,0.9,13.781600000000001,26.0,4.8461,0.0,1020.59
2023-01-26 00:00:00,2.0833333333333335,-2.144444444444444,0.9,16.9372,17.0,6.8586,0.0,1020.89
2023-01-26 01:00:00,1.5722222222222213,-2.105555555555555,0.93,13.121500000000001,6.0,5.9892,0.0,1021.09
2023-01-26 02:00:00,1.5777777777777797,-2.216666666666666,0.9,13.7011,26.0,7.776300000000001,0.0,1021.48
2023-01-26 03:00:00,1.5777777777777797,-2.2777777777777786,0.93,14.039200000000001,339.0,7.776300000000001,0.0,1021.97
2023-01-26 04:00:00,1.5111111111111104,-2.2888888888888896,0.93,13.652800000000001,342.0,6.0858,0.0,1022.09
2023-01-26 05:00:00,1.0666666666666675,-2.294444444444444,0.92,11.125100000000002,340.0,6.021400000000001,0.0,1022.47
2023-01-26 06:00:00,1.0166666666666657,-1.9333333333333336,0.93,9.434600000000001,330.0,6.0053,0.0,1023.05
2023-01-26 07:00:00,0.9500000000000005,-2.244444444444444,0.93,10.3362,332.0,4.8783,0.0,1023.58
2023-01-26 08:00:00,1.0666666666666675,-1.4111111111111105,0.92,7.824600000000001,329.0,4.4919,0.0,1023.96
2023-01-26 09:00:00,2.0833333333333335,-1.0000000000000004,0.86,10.835300000000002,338.0,4.508,0.0,1024.25
2023-01-26 10:00:00,2.5999999999999996,-0.9277777777777787,0.79,13.5401,337.0,6.166300000000001,0.0,1024.45
2023-01-26 11:00:00,2.688888888888891,-1.072222222222222,0.83,14.9247,359.0,6.166300000000001,0.0,1024.65
2023-01-26 12:00:00,3.75,0.7277777777777791,0.77,12.1716,349.0,8.0983,0.0,1024.26
2023-01-26 13:00:00,3.7277777777777783,0.7999999999999987,0.71,11.640300000000002,351.0,8.420300000000001,0.0,1023.76
2023-01-26 14:00:00,3.7722222222222217,1.4166666666666652,0.71,9.1287,358.0,8.1305,0.0,1023.44
2023-01-26 15:00:00,3.75,0.7944444444444443,0.65,11.8335,27.0,9.982000000000001,0.0,1023.34
2023-01-26 16:00:00,2.816666666666667,0.8611111111111095,0.76,7.084000000000001,5.0,10.1752,0.0,1023.15
2023-01-26 17:00:00,2.638888888888889,2.638888888888889,0.83,4.5724,337.0,8.227100000000002,0.0,1023.34
2023-01-26 18:00:00,2.105555555555555,-0.5999999999999991,0.85,9.2897,309.0,8.1305,0.0,1023.43
2023-01-26 19:00:00,2.0388888888888896,2.0388888888888896,0.86,4.6851,322.0,8.372000000000002,0.0,1023.49
2023-01-26 20:00:00,0.9999999999999984,0.9999999999999984,0.86,4.6046000000000005,310.0,6.1985,0.0,1023.31
2023-01-26 21:00:00,0.472222222222223,0.472222222222223,0.89,3.0751,300.0,7.1323,0.0,1022.92
2023-01-26 22:00:00,0.5111111111111121,0.5111111111111121,0.9,3.2522,335.0,6.7781,0.0,1022.57
2023-01-26 23:00:00,0.3722222222222232,0.3722222222222232,0.9,3.22,280.0,7.1323,0.0,1022.21
2023-01-27 00:00:00,0.32777777777777967,0.32777777777777967,0.92,3.22,290.0,7.212800000000001,0.0,1021.72
2023-01-27 01:00:00,0.3388888888888886,0.3388888888888886,0.91,2.7853000000000003,270.0,7.550900000000001,0.0,1021.24
2023-01-27 02:00:00,0.2777777777777778,0.2777777777777778,0.9,0.0,0.0,7.1323,0.0,1020.61
2023-01-27 03:00:00,-0.2055555555555561,-0.2055555555555561,0.92,3.22,210.0,6.2468,0.0,1019.92
2023-01-27 04:00:00,-0.11666666666666714,-0.11666666666666714,0.93,3.0107000000000004,254.0,6.810300000000001,0.0,1019.48
2023-01-27 05:00:00,-0.25555555555555604,-1.7833333333333339,0.93,4.83,300.0,6.118,0.0,1019.01
2023-01-27 06:00:00,-0.2777777777777778,-0.2777777777777778,0.86,0.0,0.0,7.8729,0.0,1018.41
2023-01-27 07:00:00,-0.19444444444444522,-0.19444444444444522,0.88,1.7227000000000001,129.0,5.3452,0.0,1018.02
2023-01-27 08:00:00,-0.22777777777777786,-0.22777777777777786,0.93,1.61,270.0,3.9767000000000006,0.0,1018.02
2023-01-27 09:00:00,0.905555555555557,0.905555555555557,0.86,0.0,0.0,4.9105,0.0,1018.12
2023-01-27 10:00:00,1.0388888888888874,1.0388888888888874,0.87,0.3059,69.0,4.9588,0.0,1018.12
2023-01-27 11:00:00,1.0166666666666657,-1.5388888888888888,0.85,8.05,340.0,4.9910000000000005,0.0,1018.03
2023-01-27 12:00:00,1.0388888888888874,1.0388888888888874,0.79,4.4919,359.0,5.0393,0.0,1017.61
2023-01-27 13:00:00,1.1555555555555546,-1.033333333333333,0.8,6.9713,331.0,3.3649,0.0,1017.13
2023-01-27 14:00:00,0.07222222222222364,0.07222222222222364,0.91,3.0751,0.0,5.1359,0.0,1016.82
2023-01-27 15:00:00,0.07222222222222364,0.07222222222222364,0.91,4.4919,41.0,7.1323,0.0,1016.71
2023-01-27 16:00:00,0.25555555555555604,0.25555555555555604,0.85,1.7549000000000001,25.0,7.985600000000001,0.0,1016.56
2023-01-27 17:00:00,0.0,0.0,0.85,2.9302,51.0,7.1323,0.0,1016.72
2023-01-27 18:00:00,-0.022222222222221748,-0.022222222222221748,0.92,2.9302,50.0,6.1985,0.0,1016.72
2023-01-27 19:00:00,0.0777777777777781,0.0777777777777781,0.91,4.347,336.0,6.7781,0.0,1016.86
2023-01-27 20:00:00,-0.022222222222221748,-0.022222222222221748,0.92,3.5742000000000007,289.0,6.1985,0.0,1017.03
2023-01-27 21:00:00,-0.022222222222221748,-0.022222222222221748,0.92,3.3649,294.0,6.166300000000001,0.0,1017.31
2023-01-27 22:00:00,0.011111111111112848,-2.1333333333333333,0.87,6.359500000000001,315.0,8.3076,0.0,1017.2
2023-01-27 23:00:00,0.0,-3.5277777777777786,0.86,10.9158,320.0,7.969500000000001,0.0,1017.14
2023-01-28 00:00:00,-0.5111111111111121,-2.738888888888889,0.89,6.359500000000001,319.0,7.905100000000001,0.0,1017.03
2023-01-28 01:00:00,-0.4499999999999993,-0.4499999999999993,0.89,3.8801000000000005,333.0,8.2593,0.0,1016.96
2023-01-28 02:00:00,-0.4888888888888883,-4.077777777777778,0.88,10.770900000000001,331.0,8.05,0.0,1017.2
2023-01-28 03:00:00,-0.4888888888888883,-0.4888888888888883,0.88,3.3488,1.0,6.1985,0.0,1017.02
2023-01-28 04:00:00,-0.4166666666666667,-0.4166666666666667,0.92,3.4776000000000002,20.0,6.7781,0.0,1016.82
2023-01-28 05:00:00,-0.027777777777778172,-0.027777777777778172,0.86,3.5098000000000003,346.0,6.1985,0.0,1016.55
2023-01-28 06:00:00,-1.0666666666666675,-4.377777777777776,0.92,9.305800000000001,339.0,6.166300000000001,0.0,1016.94
2023-01-28 07:00:00,-1.0222222222222221,-3.0277777777777772,0.93,5.635000000000001,322.0,4.395300000000001,0.0,1017.33
2023-01-28 08:00:00,-1.0666666666666675,-3.0166666666666666,0.92,5.490100000000001,339.0,3.4937,0.0,1017.85
2023-01-28 09:00:00,0.0,-3.561111111111111,0.86,11.0446,321.0,4.9910000000000005,0.0,1018.33
2023-01-28 10:00:00,0.18888888888889077,-3.8055555555555562,0.86,13.1698,341.0,5.506200000000001,0.0,1018.54
2023-01-28 11:00:00,0.16666666666666508,-3.9166666666666665,0.91,13.5723,359.0,5.216400000000001,0.0,1018.51
2023-01-28 12:00:00,2.294444444444446,-0.3388888888888886,0.78,9.1287,9.0,6.295100000000001,0.0,1017.82
2023-01-28 13:00:00,2.9166666666666665,2.9166666666666665,0.74,4.6046000000000005,17.0,8.420300000000001,0.0,1017.13
2023-01-28 14:00:00,3.866666666666667,3.866666666666667,0.71,1.3202,20.0,8.0983,0.0,1016.42
2023-01-28 15:00:00,3.838888888888887,3.838888888888887,0.7,3.0912,221.0,9.982000000000001,0.0,1016.02
2023-01-28 16:00:00,2.7722222222222235,2.7722222222222235,0.78,2.737,211.0,9.1287,0.0,1015.83
2023-01-28 17:00:00,1.0833333333333348,-1.811111111111112,0.85,9.2736,171.0,7.969500000000001,0.0,1015.92
2023-01-28 18:00:00,-0.044444444444443496,-0.044444444444443496,0.86,4.7334000000000005,221.0,8.790600000000001,0.0,1015.89
2023-01-28 19:00:00,-0.044444444444443496,-3.638888888888889,0.93,11.1734,215.0,6.9874,0.0,1015.85
2023-01-28 20:00:00,-0.1388888888888889,-4.094444444444445,0.86,12.654600000000002,230.0,5.9248,0.0,1015.48
2023-01-28 21:00:00,-0.6444444444444445,-4.266666666666667,0.89,10.770900000000001,219.0,5.9248,0.0,1015.08
2023-01-28 22:00:00,-1.5777777777777777,-4.01111111111111,0.93,6.4722,214.0,5.6028,0.0,1014.73
2023-01-28 23:00:00,-2.2222222222222223,-6.25,0.93,11.109000000000002,189.0,5.9087000000000005,0.0,1013.76
2023-01-29 00:00:00,-2.244444444444444,-4.744444444444444,0.93,6.359500000000001,189.0,0.6762,0.0,1012.82
2023-01-29 01:00:00,-2.6888888888888887,-6.555555555555555,0.97,10.1591,152.0,2.0769,0.0,1011.43
2023-01-29 02:00:00,-2.3166666666666678,-6.283333333333333,0.93,10.8192,170.0,4.8139,0.0,1010.69
2023-01-29 03:00:00,-2.7777777777777777,-6.833333333333333,0.96,10.787,170.0,4.83,0.0,1010.45
2023-01-29 04:00:00,-2.08888888888889,-6.061111111111111,0.93,10.996300000000002,162.0,5.5867,0.0,1009.67
2023-01-29 05:00:00,-1.2055555555555566,-5.722222222222222,0.93,14.2163,169.0,5.8765,0.0,1008.81
2023-01-29 06:00:00,-0.09444444444444539,-5.355555555555556,0.86,20.125,170.0,5.957000000000001,0.0,1007.91
2023-01-29 07:00:00,-0.16666666666666707,-5.366666666666666,0.88,19.5776,171.0,6.0375000000000005,0.0,1007.09
2023-01-29 08:00:00,-0.11666666666666714,-3.6999999999999997,0.86,11.0607,180.0,5.9731000000000005,0.0,1006.61
2023-01-29 09:00:00,-0.11666666666666714,-4.066666666666666,0.86,12.6707,151.0,7.824600000000001,0.0,1006.44
2023-01-29 10:00:00,0.944444444444446,-4.233333333333334,0.87,21.4935,143.0,7.615300000000001,0.0,1005.72
2023-01-29 11:00:00,0.994444444444444,-4.372222222222224,0.86,23.0391,170.0,7.8729,0.0,1004.81
2023-01-29 12:00:00,2.066666666666666,-1.9500000000000008,0.8,15.568700000000002,189.0,7.905100000000001,0.0,1003.99
2023-01-29 13:00:00,2.205555555555555,-1.9277777777777771,0.81,16.4864,221.0,8.1305,0.0,1003.14
2023-01-29 14:00:00,2.155555555555557,-1.5666666666666669,0.8,14.023100000000003,210.0,8.05,0.0,1002.69
2023-01-29 15:00:00,2.155555555555557,-1.2166666666666675,0.8,12.2199,219.0,6.1985,0.0,1002.57
2023-01-29 16:00:00,1.3333333333333326,-1.5722222222222213,0.85,9.499,196.0,5.0393,0.0,1002.11
2023-01-29 17:00:00,1.0388888888888874,1.0388888888888874,0.86,1.8837,194.0,4.3309,0.0,1001.76
2023-01-29 18:00:00,1.0388888888888874,1.0388888888888874,0.86,4.8139,159.0,4.347,0.0,1001.37
2023-01-29 19:00:00,1.1166666666666656,-1.5666666666666669,0.87,8.5169,144.0,5.2325,0.0,1000.84
2023-01-29 20:00:00,2.061111111111112,-1.655555555555556,0.81,13.8782,150.0,6.8586,0.0,999.77
2023-01-29 21:00:00,2.061111111111112,-1.6777777777777776,0.81,14.007,141.0,6.8586,0.0,998.85
2023-01-29 22:00:00,2.566666666666665,-1.5166666666666668,0.84,16.7601,142.0,8.1466,0.0,997.86
2023-01-29 23:00:00,2.550000000000002,-2.0722222222222224,0.86,20.479200000000002,150.0,7.824600000000001,0.0,996.57
2023-01-30 00:00:00,2.105555555555555,-2.127777777777777,0.89,17.001600000000003,140.0,7.824600000000001,0.0,995.44
2023-01-30 01:00:00,2.1111111111111094,-2.1000000000000005,0.9,16.8084,141.0,8.1466,0.0,994.27
2023-01-30 02:00:00,2.638888888888889,-1.8833333333333337,0.86,19.9479,140.0,9.6761,0.0,992.97
2023-01-30 03:00:00,2.638888888888889,-2.422222222222222,0.86,24.3432,140.0,9.6761,0.0,991.52
2023-01-30 04:00:00,3.199999999999999,-1.8555555555555554,0.87,25.727800000000002,141.0,9.708300000000001,0.0,990.17
2023-01-30 05:00:00,3.75,-1.0166666666666657,0.83,24.5042,140.0,9.6761,0.0,988.45
2023-01-30 06:00:00,3.7944444444444434,-1.2777777777777781,0.83,27.5954,140.0,9.7566,0.0,987.41
2023-01-30 07:00:00,3.811111111111111,-1.161111111111111,0.84,26.6294,143.0,10.2718,0.0,986.69
2023-01-30 08:00:00,4.905555555555555,-0.5777777777777773,0.77,36.643600000000006,140.0,15.826300000000002,0.0,985.4
2023-01-30 09:00:00,4.977777777777778,-0.39444444444444493,0.82,35.3717,150.0,9.982000000000001,0.0,984.32
2023-01-30 10:00:00,5.999999999999998,0.8833333333333352,0.78,36.4665,151.0,9.982000000000001,0.0,983.66
2023-01-30 11:00:00,7.200000000000001,2.333333333333335,0.72,38.5917,140.0,9.982000000000001,0.0,982.53
2023-01-30 12:00:00,7.733333333333334,3.0333333333333337,0.69,38.7205,140.0,10.2074,0.0,980.67
2023-01-30 13:00:00,7.838888888888889,3.1722222222222225,0.69,38.7688,144.0,10.3523,0.0,979.37
2023-01-30 14:00:00,7.822222222222221,2.816666666666667,0.68,44.564800000000005,140.0,10.255700000000001,0.0,977.27
2023-01-30 15:00:00,7.777777777777778,2.844444444444443,0.69,43.03530000000001,141.0,9.982000000000001,0.0,976.61
2023-01-30 16:00:00,7.73888888888889,3.5944444444444437,0.73,30.638300000000005,155.0,10.3523,0.0,976.62
2023-01-30 17:00:00,7.222222222222222,3.8499999999999996,0.8,20.334300000000002,169.0,9.982000000000001,0.0,977.39
2023-01-30 18:00:00,7.222222222222222,3.2944444444444443,0.74,26.065900000000003,141.0,9.982000000000001,0.0,976.38
2023-01-30 19:00:00,7.049999999999999,2.438888888888889,0.77,34.0998,143.0,9.7888,0.0,975.89
2023-01-30 20:00:00,7.3666666666666645,2.361111111111111,0.73,41.7795,140.0,9.708300000000001,0.0,974.52
2023-01-30 21:00:00,7.249999999999998,2.205555555555555,0.75,41.79560000000001,150.0,14.6832,0.0,973.78
2023-01-30 22:00:00,5.750000000000001,2.4055555555555546,0.89,17.0177,219.0,6.6493,0.0,975.12
2023-01-30 23:00:00,5.144444444444443,5.144444444444443,0.94,2.3023000000000002,209.0,7.905100000000001,0.0,974.78
2023-01-31 00:00:00,2.5944444444444454,-1.533333333333334,0.93,17.0821,299.0,6.021400000000001,0.0,975.31
2023-01-31 01:00:00,1.1555555555555546,-4.472222222222222,0.93,25.5346,282.0,5.699400000000001,0.0,976.76
2023-01-31 02:00:00,1.0666666666666675,-3.9055555555555563,0.9,20.221600000000002,280.0,6.1985,0.0,977.24
2023-01-31 03:00:00,1.0666666666666675,-4.516666666666666,0.86,25.0033,260.0,8.1305,0.0,979.88
2023-01-31 04:00:00,1.0555555555555547,-3.8055555555555562,0.87,19.4327,246.0,9.450700000000001,0.0,981.31
2023-01-31 05:00:00,1.0666666666666675,-4.322222222222223,0.85,23.377200000000002,240.0,5.216400000000001,0.0,983.08
2023-01-31 06:00:00,1.0666666666666675,-4.666666666666666,0.79,26.3074,250.0,10.255700000000001,0.0,984.38
2023-01-31 07:00:00,0.994444444444444,-4.027777777777778,0.87,20.3987,236.0,10.2235,0.0,985.85
2023-01-31 08:00:00,1.0666666666666675,-4.127777777777777,0.86,21.8316,231.0,10.255700000000001,0.0,986.74
2023-01-31 09:00:00,2.0833333333333335,-1.6944444444444449,0.8,14.2646,221.0,16.1,0.0,987.84
2023-01-31 10:00:00,2.7222222222222214,-2.3444444444444437,0.83,24.552500000000002,205.0,10.3523,0.0,989.72
2023-01-31 11:00:00,4.905555555555555,0.42777777777777953,0.71,24.8584,211.0,9.982000000000001,0.0,989.56
2023-01-31 12:00:00,5.0,0.3777777777777776,0.7,26.565,220.0,9.982000000000001,0.0,990.04
2023-01-31 13:00:00,6.094444444444444,2.538888888888889,0.64,19.4005,205.0,10.3523,0.0,990.08
2023-01-31 14:00:00,7.1499999999999995,3.761111111111113,0.6,20.3504,201.0,9.982000000000001,0.0,990.04
2023-01-31 15:00:00,7.105555555555555,4.055555555555554,0.55,17.2753,201.0,9.982000000000001,0.0,990.17
2023-01-31 16:00:00,5.166666666666665,2.0111111111111097,0.68,14.731500000000002,195.0,10.3523,0.0,990.9
2023-01-31 17:00:00,2.844444444444443,-0.022222222222221748,0.76,10.5294,171.0,15.826300000000002,0.0,991.36
2023-01-31 18:00:00,2.105555555555555,-1.0000000000000004,0.79,10.9158,170.0,16.1,0.0,991.78
2023-01-31 19:00:00,1.0833333333333348,-2.372222222222222,0.86,11.559800000000001,160.0,15.1823,0.0,992.23
2023-01-31 20:00:00,1.9166666666666683,-1.7888888888888883,0.81,13.6689,150.0,15.826300000000002,0.0,992.57
2023-01-31 21:00:00,1.5499999999999996,-2.2555555555555546,0.86,13.7494,160.0,15.826300000000002,0.0,992.67
2023-01-31 22:00:00,0.033333333333334596,-3.355555555555555,0.9,10.384500000000001,150.0,14.876400000000002,0.0,992.73
2023-01-31 23:00:00,-0.5555555555555556,-0.5555555555555556,0.93,3.3327,141.0,14.812,0.0,992.98
2023-02-01 00:00:00,-1.2333333333333327,-3.433333333333333,0.93,6.021400000000001,120.0,9.563400000000001,0.0,992.59
2023-02-01 01:00:00,-0.36111111111111033,-2.6555555555555563,0.93,6.601,88.0,9.6278,0.0,992.05
2023-02-01 02:00:00,-0.16666666666666707,-3.644444444444444,0.86,10.5938,100.0,12.4936,0.0,991.9
2023-02-01 03:00:00,-0.14444444444444532,-2.322222222222222,0.83,6.3756,81.0,14.49,0.0,991.62
2023-02-01 04:00:00,-2.077777777777777,-4.783333333333333,0.89,6.9552000000000005,45.0,11.6242,0.0,991.04
2023-02-01 05:00:00,-2.272222222222222,-5.800000000000001,0.96,9.2897,31.0,14.6832,0.0,990.92
2023-02-01 06:00:00,-2.2000000000000006,-5.2444444444444445,0.96,7.824600000000001,13.0,15.697500000000002,0.0,990.73
2023-02-01 07:00:00,-2.0833333333333335,-5.255555555555556,0.95,8.2754,34.0,9.8693,0.0,990.49
2023-02-01 08:00:00,-1.1388888888888893,-4.922222222222222,0.89,11.0285,21.0,9.853200000000001,0.0,990.93
2023-02-01 09:00:00,-1.0666666666666675,-6.0555555555555545,0.88,16.856700000000004,30.0,9.9015,0.0,991.12
2023-02-01 10:00:00,0.15000000000000174,-3.4888888888888894,0.85,11.527600000000001,3.0,10.3523,0.0,991.35
2023-02-01 11:00:00,1.1333333333333329,-2.488888888888889,0.76,12.3648,21.0,10.2074,0.0,991.29
2023-02-01 12:00:00,2.177777777777779,-1.2333333333333327,0.7,12.4292,3.0,10.2074,0.0,991.16
2023-02-01 13:00:00,2.2388888888888894,-1.4555555555555562,0.72,13.9748,12.0,10.432800000000002,0.0,991.17
2023-02-01 14:00:00,2.244444444444444,-1.2055555555555566,0.72,12.6868,21.0,10.0786,0.0,990.94
2023-02-01 15:00:00,2.755555555555556,0.1388888888888889,0.71,9.4024,10.0,10.2074,0.0,991.54
2023-02-01 16:00:00,2.283333333333333,2.283333333333333,0.78,4.4436,349.0,10.5455,0.0,992.46
2023-02-01 17:00:00,1.0388888888888874,1.0388888888888874,0.85,3.22,70.0,16.0517,0.0,993.12
2023-02-01 18:00:00,-0.04999999999999992,-0.04999999999999992,0.86,0.0,0.0,14.9086,0.0,993.63
2023-02-01 19:00:00,0.011111111111112848,-2.105555555555555,0.92,6.279,338.0,9.9015,0.0,994.1
2023-02-01 20:00:00,-1.0944444444444439,-2.883333333333334,0.92,5.152000000000001,325.0,7.0357,0.0,994.61
2023-02-01 21:00:00,-0.5333333333333338,-0.5333333333333338,0.96,1.8515,311.0,7.0357,0.0,994.81
2023-02-01 22:00:00,0.08888888888888699,0.08888888888888699,0.92,2.5760000000000005,43.0,6.6976,0.0,995.15
2023-02-01 23:00:00,-0.027777777777778172,-2.1500000000000004,0.92,6.295100000000001,19.0,5.0393,0.0,995.01
2023-02-02 00:00:00,-0.027777777777778172,-0.027777777777778172,0.92,2.9946,51.0,5.0393,0.0,995.12
2023-02-02 01:00:00,0.08888888888888699,0.08888888888888699,0.93,2.9946,77.0,5.7799000000000005,0.0,994.88
2023-02-02 02:00:00,-0.027777777777778172,-0.027777777777778172,0.93,3.3488,329.0,4.9910000000000005,0.0,995.04
2023-02-02 03:00:00,-0.07222222222222167,-2.2777777777777786,0.93,6.4722,328.0,4.9910000000000005,0.0,994.87
2023-02-02 04:00:00,0.00555555555555445,-1.9611111111111117,0.93,5.9087000000000005,339.0,5.1359,0.0,995.12
2023-02-02 05:00:00,-0.04999999999999992,-0.04999999999999992,0.92,1.5778,243.0,4.025,0.0,995.56
2023-02-02 06:00:00,-0.04999999999999992,-2.622222222222222,0.93,7.5348,225.0,1.8676,0.0,996.23
2023-02-02 07:00:00,0.0777777777777781,-2.2666666666666657,0.93,6.9391,247.0,1.61,0.0,996.9
2023-02-02 08:00:00,0.022222222222221748,-1.4888888888888887,0.93,4.8783,282.0,1.449,0.0,997.43
2023-02-02 09:00:00,0.07222222222222364,-3.099999999999999,1.0,9.579500000000001,253.0,1.449,0.0,997.84
2023-02-02 10:00:00,1.0999999999999983,-1.6999999999999993,0.93,8.9516,249.0,2.5760000000000005,0.0,998.7
2023-02-02 11:00:00,2.127777777777777,-1.033333333333333,0.86,11.2056,289.0,4.8783,0.0,998.82
2023-02-02 12:00:00,2.755555555555556,-0.5388888888888883,0.83,12.445300000000001,234.0,9.6761,0.0,998.82
2023-02-02 13:00:00,2.6611111111111105,-1.8166666666666664,0.84,19.6581,273.0,8.855,0.0,999.0
2023-02-02 14:00:00,2.872222222222223,-1.2333333333333327,0.81,17.3558,299.0,9.982000000000001,0.0,999.1
2023-02-02 15:00:00,3.888888888888889,0.7166666666666662,0.76,13.1376,289.0,9.982000000000001,0.0,999.2
2023-02-02 16:00:00,3.7333333333333325,0.25000000000000155,0.7,14.731500000000002,283.0,10.2235,0.0,999.64
2023-02-02 17:00:00,2.2222222222222223,-0.47777777777777747,0.79,9.338000000000001,242.0,10.2074,0.0,1000.31
2023-02-02 18:00:00,1.0666666666666675,-2.2666666666666657,0.78,10.996300000000002,231.0,15.826300000000002,0.0,1001.21
2023-02-02 19:00:00,1.0222222222222241,-2.333333333333333,0.8,11.0446,270.0,14.586600000000002,0.0,1001.86
2023-02-02 20:00:00,-0.044444444444443496,-3.8944444444444457,0.85,12.2682,269.0,16.0517,0.0,1002.01
2023-02-02 21:00:00,0.5111111111111121,-2.994444444444445,0.85,11.270000000000001,260.0,15.826300000000002,0.0,1002.42
2023-02-02 22:00:00,-0.09999999999999984,-2.3555555555555547,0.9,6.601,255.0,14.168000000000003,0.0,1002.89
2023-02-02 23:00:00,-0.6166666666666664,-2.9777777777777774,0.89,6.6493,251.0,14.812,0.0,1002.99
2023-02-03 00:00:00,-1.1777777777777783,-3.5666666666666678,0.92,6.5044,231.0,11.8979,0.0,1003.6
2023-02-03 01:00:00,-1.211111111111111,-3.577777777777778,0.93,6.44,258.0,8.9999,0.0,1003.95
2023-02-03 02:00:00,-0.7611111111111116,-3.138888888888888,0.89,6.6654,240.0,11.753,0.0,1004.22
2023-02-03 03:00:00,-1.288888888888889,-5.166666666666667,0.89,11.270000000000001,250.0,8.9677,0.0,1004.8
2023-02-03 04:00:00,-2.205555555555555,-2.205555555555555,0.93,4.0572,258.0,6.7781,0.0,1005.17
2023-02-03 05:00:00,-2.8666666666666667,-6.0,0.92,7.760200000000001,211.0,4.2021,0.0,1005.49
2023-02-03 06:00:00,-3.861111111111111,-5.911111111111111,0.92,4.9266000000000005,222.0,4.2021,0.0,1005.89
2023-02-03 07:00:00,-3.5944444444444437,-5.622222222222224,0.99,4.9588,242.0,5.570600000000001,0.0,1006.43
2023-02-03 08:00:00,-1.2666666666666673,-1.2666666666666673,0.92,0.5152,250.0,5.216400000000001,0.0,1006.89
2023-02-03 09:00:00,1.0222222222222241,1.0222222222222241,0.79,1.7388000000000001,207.0,5.313,0.0,1007.2
2023-02-03 10:00:00,3.4500000000000006,3.4500000000000006,0.73,2.4472,213.0,7.4704,0.0,1007.88
2023-02-03 11:00:00,4.905555555555555,4.905555555555555,0.66,4.6046000000000005,204.0,9.982000000000001,0.0,1007.89
2023-02-03 12:00:00,5.0,2.2388888888888894,0.58,12.187700000000001,209.0,9.982000000000001,0.0,1007.98
2023-02-03 13:00:00,6.016666666666666,4.088888888888889,0.51,9.064300000000001,171.0,9.982000000000001,0.0,1007.8
2023-02-03 14:00:00,6.066666666666667,3.75,0.55,10.996300000000002,132.0,9.982000000000001,0.0,1007.57
2023-02-03 15:00:00,5.022222222222222,1.505555555555556,0.69,16.9372,131.0,9.982000000000001,0.0,1007.76
2023-02-03 16:00:00,3.966666666666667,1.3444444444444454,0.74,10.432800000000002,133.0,8.420300000000001,0.0,1007.77
2023-02-03 17:00:00,2.7999999999999994,0.5722222222222229,0.81,7.985600000000001,120.0,6.5688,0.0,1008.06
2023-02-03 18:00:00,2.7111111111111126,-0.6555555555555554,0.82,12.783400000000002,111.0,6.5688,0.0,1008.26
2023-02-03 19:00:00,2.233333333333335,-0.7833333333333334,0.85,10.6582,110.0,7.084000000000001,0.0,1008.38
2023-02-03 20:00:00,2.177777777777779,-1.594444444444445,0.8,14.329,110.0,8.372000000000002,0.0,1008.38
2023-02-03 21:00:00,2.0833333333333335,-1.7055555555555557,0.8,14.312900000000003,109.0,9.982000000000001,0.0,1008.01
2023-02-03 22:00:00,1.5333333333333323,-2.616666666666667,0.81,15.616999999999999,130.0,9.982000000000001,0.0,1008.08
2023-02-03 23:00:00,1.6000000000000014,-2.2111111111111112,0.79,13.8299,109.0,9.982000000000001,0.0,1007.8
2023-02-04 00:00:00,0.5999999999999991,-3.427777777777779,0.85,13.7977,109.0,9.982000000000001,0.0,1007.6
2023-02-04 01:00:00,0.994444444444444,-2.1388888888888897,0.84,10.126900000000001,109.0,9.9015,0.0,1007.41
2023-02-04 02:00:00,0.5999999999999991,0.5999999999999991,0.85,3.5581,87.0,9.9015,0.0,1007.33
2023-02-04 03:00:00,0.994444444444444,-2.922222222222223,0.83,13.685,118.0,9.9015,0.0,1007.01
2023-02-04 04:00:00,1.0500000000000003,-2.627777777777778,0.84,12.5419,130.0,9.9015,0.0,1006.73
2023-02-04 05:00:00,-0.044444444444443496,-1.6277777777777775,0.86,5.0071,44.0,9.982000000000001,0.0,1006.69
2023-02-04 06:00:00,0.994444444444444,-1.9111111111111119,0.79,9.2736,107.0,8.1305,0.0,1006.41
2023-02-04 07:00:00,0.9833333333333351,-2.805555555555556,0.81,12.992700000000001,106.0,10.0625,0.0,1006.61
2023-02-04 08:00:00,2.0388888888888896,-1.6611111111111103,0.8,13.765500000000001,108.0,10.2074,0.0,1006.54
2023-02-04 09:00:00,2.688888888888891,-1.1500000000000001,0.71,15.375500000000002,108.0,9.982000000000001,0.0,1006.42
2023-02-04 10:00:00,3.672222222222222,0.21666666666666698,0.73,14.49,97.0,10.3523,0.0,1005.87
2023-02-04 11:00:00,4.794444444444446,1.4944444444444431,0.66,15.101800000000003,118.0,8.1305,0.0,1006.05
2023-02-04 12:00:00,2.755555555555556,-1.8277777777777773,0.89,20.5919,148.0,8.1305,0.0,1006.33
2023-02-04 13:00:00,2.183333333333333,-1.5722222222222213,0.87,14.2646,127.0,5.0393,0.0,1006.34
2023-02-04 14:00:00,1.25,-1.2333333333333327,0.91,7.921200000000001,87.0,3.3649,0.0,1006.81
2023-02-04 15:00:00,1.2055555555555566,-2.1000000000000005,0.92,10.996300000000002,22.0,3.2844,0.0,1007.23
2023-02-04 16:00:00,1.1444444444444457,-2.622222222222222,0.93,13.0571,33.0,4.2826,0.0,1007.8
2023-02-04 17:00:00,1.1333333333333329,-1.9111111111111119,0.92,9.8854,40.0,2.737,0.0,1008.34
2023-02-04 18:00:00,1.1333333333333329,-2.2388888888888894,0.92,11.237800000000002,21.0,2.6887,0.0,1009.16
2023-02-04 19:00:00,1.1111111111111112,-1.2833333333333325,0.93,7.583100000000001,20.0,3.703,0.0,1010.25
2023-02-04 20:00:00,1.1333333333333329,-1.3166666666666673,0.93,7.760200000000001,352.0,2.9785000000000004,0.0,1011.37
2023-02-04 21:00:00,1.6444444444444448,-1.555555555555556,0.92,10.9319,341.0,3.4615,0.0,1012.25
2023-02-04 22:00:00,1.5666666666666669,-1.5444444444444452,0.93,10.4811,358.0,4.0733,0.0,1012.65
2023-02-04 23:00:00,1.6222222222222231,-2.166666666666666,0.96,13.7333,0.0,1.449,0.0,1012.97
2023-02-05 00:00:00,1.6222222222222231,-2.2000000000000006,0.93,13.894300000000003,0.0,1.5295,0.0,1014.04
2023-02-05 01:00:00,1.594444444444443,-0.4222222222222231,0.96,6.681500000000001,16.0,2.4633000000000003,0.0,1014.44
2023-02-05 02:00:00,1.6222222222222231,-1.4944444444444451,0.92,10.5455,0.0,0.9499,0.0,1014.74
2023-02-05 03:00:00,1.1111111111111112,-3.7722222222222217,0.96,19.642,20.0,0.9499,0.0,1014.5
2023-02-05 04:00:00,1.188888888888889,-2.4555555555555566,0.96,12.558,28.0,1.2236,0.0,1014.93
2023-02-05 05:00:00,1.1111111111111112,-2.4944444444444436,0.92,12.2843,30.0,1.0465000000000002,0.0,1015.23
2023-02-05 06:00:00,1.0611111111111091,-2.5833333333333326,0.92,12.4292,40.0,2.1252000000000004,0.0,1015.14
2023-02-05 07:00:00,1.072222222222222,-2.8499999999999996,0.88,13.781600000000001,40.0,4.0733,0.0,1015.49
2023-02-05 08:00:00,1.0166666666666657,-3.255555555555555,0.86,15.633100000000002,50.0,7.084000000000001,0.0,1016.14
2023-02-05 09:00:00,2.0833333333333335,-2.166666666666666,0.85,17.0499,41.0,7.084000000000001,0.0,1016.55
2023-02-05 10:00:00,2.144444444444444,-1.7999999999999992,0.86,15.278900000000002,42.0,6.6654,0.0,1016.5
2023-02-05 11:00:00,2.755555555555556,-1.8166666666666664,0.82,20.5436,41.0,8.0983,0.0,1016.56
2023-02-05 12:00:00,2.8500000000000014,-1.2388888888888892,0.81,17.227,31.0,7.4543,0.0,1016.17
2023-02-05 13:00:00,3.9222222222222234,-0.5111111111111121,0.87,21.9282,40.0,8.1144,0.0,1015.69
2023-02-05 14:00:00,3.9111111111111105,-0.5277777777777773,0.81,21.944300000000002,31.0,7.212800000000001,0.0,1015.56
2023-02-05 15:00:00,3.9111111111111105,-0.3166666666666668,0.82,20.221600000000002,31.0,7.212800000000001,0.0,1015.76
2023-02-05 16:00:00,3.977777777777776,-0.3722222222222232,0.82,21.3486,31.0,7.631400000000001,0.0,1015.49
2023-02-05 17:00:00,3.7944444444444434,-0.6666666666666663,0.82,21.896,40.0,7.4543,0.0,1015.28
2023-02-05 18:00:00,3.7944444444444434,-1.1500000000000001,0.82,26.3074,30.0,7.4543,0.0,1015.38
2023-02-05 19:00:00,3.6666666666666674,-0.5555555555555556,0.84,19.6903,31.0,7.824600000000001,0.0,1015.72
2023-02-05 20:00:00,2.705555555555554,-1.8833333333333337,0.88,20.5597,40.0,7.4543,0.0,1015.69
2023-02-05 21:00:00,2.6555555555555563,-2.472222222222222,0.82,24.9711,31.0,8.420300000000001,0.0,1015.6
2023-02-05 22:00:00,2.311111111111109,-3.049999999999999,0.81,26.1947,31.0,8.645700000000001,0.0,1015.72
2023-02-05 23:00:00,1.6666666666666667,-4.099999999999999,0.78,28.2072,31.0,15.1823,0.0,1015.6
2023-02-06 00:00:00,1.6666666666666667,-3.7722222222222217,0.78,25.1965,31.0,15.1823,0.0,1015.57
2023-02-06 01:00:00,1.25,-4.183333333333334,0.79,24.1822,30.0,14.3934,0.0,1015.26
2023-02-06 02:00:00,1.0611111111111091,-4.583333333333333,0.75,25.5024,32.0,16.1,0.0,1015.08
2023-02-06 03:00:00,0.5333333333333338,-5.599999999999999,0.82,28.4648,31.0,14.9086,0.0,1014.28
2023-02-06 04:00:00,0.5999999999999991,-5.388888888888889,0.8,27.3539,31.0,11.688600000000001,0.0,1013.48
2023-02-06 05:00:00,0.022222222222221748,-6.561111111111111,0.82,31.362800000000004,31.0,14.9086,0.0,1013.0
2023-02-06 06:00:00,0.0,-6.616666666666666,0.82,31.620400000000004,31.0,14.9086,0.0,1012.98
2023-02-06 07:00:00,0.11111111111111269,-6.0055555555555555,0.83,27.2251,31.0,14.9569,0.0,1012.47
2023-02-06 08:00:00,1.0166666666666657,-4.650000000000001,0.75,25.582900000000002,41.0,15.826300000000002,0.0,1012.7
2023-02-06 09:00:00,1.0166666666666657,-4.966666666666667,0.78,28.480900000000005,41.0,9.982000000000001,0.0,1012.71
2023-02-06 10:00:00,1.0500000000000003,-5.1944444444444455,0.78,31.121299999999998,31.0,9.982000000000001,0.0,1012.78
2023-02-06 11:00:00,1.0444444444444458,-5.227777777777778,0.78,31.427200000000003,31.0,9.982000000000001,0.0,1012.72
2023-02-06 12:00:00,1.0444444444444458,-5.383333333333334,0.78,33.0372,31.0,9.982000000000001,0.0,1012.32
2023-02-06 13:00:00,1.1944444444444438,-4.8500000000000005,0.79,29.543500000000005,30.0,10.577700000000002,0.0,1012.1
2023-02-06 14:00:00,2.1111111111111094,-3.8499999999999996,0.73,31.620400000000004,30.0,9.982000000000001,0.0,1011.73
2023-02-06 15:00:00,2.1111111111111094,-3.3611111111111116,0.73,26.7099,30.0,10.255700000000001,0.0,1011.66
2023-02-06 16:00:00,2.1611111111111114,-2.7888888888888888,0.8,22.250200000000003,21.0,4.652900000000001,0.0,1012.01
2023-02-06 17:00:00,1.0444444444444458,-4.550000000000001,0.85,25.051600000000004,21.0,2.3023000000000002,0.0,1012.36
2023-02-06 18:00:00,-0.022222222222221748,-5.5777777777777775,0.91,22.3307,12.0,1.8354,0.0,1013.73
2023-02-06 19:00:00,0.1722222222222235,-5.083333333333332,0.92,20.5597,12.0,1.9803000000000002,0.0,1014.27
2023-02-06 20:00:00,-0.07222222222222167,-6.338888888888889,0.82,28.1106,21.0,10.255700000000001,0.0,1014.93
2023-02-06 21:00:00,-0.09444444444444539,-6.027777777777779,0.78,25.164300000000004,21.0,16.1,0.0,1015.81
2023-02-06 22:00:00,-0.5499999999999992,-6.272222222222222,0.83,22.5239,19.0,14.1036,0.0,1016.9
2023-02-06 23:00:00,-0.6222222222222228,-6.083333333333333,0.81,20.479200000000002,21.0,4.2987,0.0,1017.62
2023-02-07 00:00:00,-1.1333333333333329,-6.2333333333333325,0.87,17.404100000000003,21.0,5.216400000000001,0.0,1018.5
2023-02-07 01:00:00,-1.083333333333333,-6.483333333333334,0.86,19.303900000000002,1.0,7.8729,0.0,1018.98
2023-02-07 02:00:00,-1.1555555555555546,-6.2333333333333325,0.84,17.259200000000003,2.0,7.212800000000001,0.0,1019.9
2023-02-07 03:00:00,-1.7111111111111101,-7.3999999999999995,0.87,20.108900000000002,11.0,6.295100000000001,0.0,1020.49
2023-02-07 04:00:00,-1.6444444444444448,-6.7444444444444445,0.89,16.711800000000004,9.0,6.359500000000001,0.0,1020.86
2023-02-07 05:00:00,-2.2222222222222223,-6.927777777777777,0.87,14.007,11.0,9.982000000000001,0.0,1021.66
2023-02-07 06:00:00,-2.2222222222222223,-6.955555555555555,0.87,14.1358,11.0,9.982000000000001,0.0,1022.07
2023-02-07 07:00:00,-1.2388888888888892,-5.666666666666667,0.78,13.7494,1.0,9.982000000000001,0.0,1022.58
2023-02-07 08:00:00,-1.2055555555555566,-5.644444444444444,0.75,13.846,11.0,10.255700000000001,0.0,1023.47
2023-02-07 09:00:00,-1.1333333333333329,-5.877777777777776,0.75,15.423800000000002,1.0,10.255700000000001,0.0,1024.05
2023-02-07 10:00:00,-1.1111111111111112,-5.216666666666667,0.76,12.397,1.0,10.2235,0.0,1024.31
2023-02-07 11:00:00,-0.994444444444444,-5.122222222222222,0.69,12.606300000000001,2.0,10.255700000000001,0.0,1024.73
2023-02-07 12:00:00,-0.9444444444444441,-4.661111111111111,0.74,10.8997,342.0,10.255700000000001,0.0,1024.52
2023-02-07 13:00:00,-0.011111111111110874,-3.7722222222222217,0.64,11.8979,342.0,10.2235,0.0,1023.95
2023-02-07 14:00:00,0.16666666666666508,-2.9499999999999993,0.68,9.466800000000001,330.0,10.255700000000001,0.0,1023.62
2023-02-07 15:00:00,0.14444444444444335,-1.4055555555555561,0.68,4.9910000000000005,313.0,16.1,0.0,1023.31
2023-02-07 16:00:00,0.016666666666667298,0.016666666666667298,0.73,4.6690000000000005,285.0,15.1823,0.0,1022.86
2023-02-07 17:00:00,-0.07222222222222167,-0.07222222222222167,0.75,4.781700000000001,236.0,16.1,0.0,1022.41
2023-02-07 18:00:00,-1.1555555555555546,-4.527777777777777,0.81,9.466800000000001,224.0,14.9086,0.0,1022.41
2023-02-07 19:00:00,-1.188888888888889,-4.472222222222222,0.77,9.1448,230.0,14.168000000000003,0.0,1022.36
2023-02-07 20:00:00,-3.861111111111111,-7.7444444444444445,0.84,9.466800000000001,214.0,9.982000000000001,0.0,1021.8
2023-02-07 21:00:00,-2.999999999999999,-7.111111111111111,0.82,10.835300000000002,222.0,9.982000000000001,0.0,1021.2
2023-02-07 22:00:00,-3.011111111111112,-7.788888888888888,0.83,13.524000000000001,244.0,9.9015,0.0,1020.57
2023-02-07 23:00:00,-3.6666666666666674,-8.027777777777779,0.82,11.270000000000001,240.0,9.8049,0.0,1019.31
2023-02-08 00:00:00,-3.711111111111111,-8.122222222222224,0.82,11.414900000000001,250.0,9.9015,0.0,1018.3
2023-02-08 01:00:00,-4.205555555555556,-8.661111111111111,0.83,11.1895,244.0,9.5473,0.0,1016.9
2023-02-08 02:00:00,-4.744444444444444,-9.31111111111111,0.81,11.1895,249.0,8.05,0.0,1016.36
2023-02-08 03:00:00,-5.233333333333334,-9.972222222222221,0.84,11.4632,222.0,8.05,0.0,1014.42
2023-02-08 04:00:00,-5.216666666666667,-10.672222222222224,0.83,14.329,244.0,7.2772,0.0,1013.32
2023-02-08 05:00:00,-4.144444444444445,-9.472222222222221,0.79,14.844200000000003,241.0,7.212800000000001,0.0,1012.49
2023-02-08 06:00:00,-2.972222222222223,-9.427777777777777,0.72,22.9908,270.0,7.212800000000001,0.0,1011.59
2023-02-08 07:00:00,-2.5222222222222217,-8.3,0.73,19.3522,254.0,9.6278,0.0,1010.84
2023-02-08 08:00:00,-1.1944444444444438,-7.566666666666667,0.7,26.1464,261.0,9.982000000000001,0.0,1009.82
2023-02-08 09:00:00,-2.1500000000000004,-8.327777777777776,0.81,22.6688,261.0,6.295100000000001,0.0,1008.94
2023-02-08 10:00:00,-0.9666666666666658,-7.116666666666666,0.76,24.8584,272.0,9.982000000000001,0.0,1008.33
2023-02-08 11:00:00,1.1388888888888873,-4.638888888888889,0.75,26.8548,281.0,14.9086,0.0,1007.77
2023-02-08 12:00:00,2.272222222222224,-3.6666666666666674,0.72,31.926299999999998,291.0,9.982000000000001,0.0,1007.15
2023-02-08 13:00:00,2.2166666666666677,-4.361111111111112,0.69,39.3001,292.0,9.982000000000001,0.0,1006.46
2023-02-08 14:00:00,2.8277777777777797,-3.577777777777778,0.61,39.702600000000004,310.0,9.982000000000001,0.0,1006.1
2023-02-08 15:00:00,2.6333333333333346,-3.161111111111112,0.68,31.572100000000002,302.0,9.563400000000001,0.0,1006.63
2023-02-08 16:00:00,1.1777777777777763,-5.588888888888889,0.75,37.352000000000004,330.0,5.5384,0.0,1007.07
2023-02-08 17:00:00,-0.005555555555556424,-6.977777777777778,0.85,35.3395,321.0,1.449,0.0,1008.46
2023-02-08 18:00:00,-1.0666666666666675,-7.138888888888889,0.91,24.0695,330.0,2.9141000000000004,0.0,1009.94
2023-02-08 19:00:00,-0.1388888888888889,-6.355555555555556,0.86,27.4505,341.0,4.7334000000000005,0.0,1011.0
2023-02-08 20:00:00,-1.161111111111111,-7.411111111111111,0.87,25.2609,330.0,5.0393,0.0,1012.04
2023-02-08 21:00:00,-1.0888888888888895,-6.666666666666667,0.83,20.479200000000002,331.0,4.7495,0.0,1013.22
2023-02-08 22:00:00,-2.155555555555555,-7.8999999999999995,0.84,19.7225,332.0,7.084000000000001,0.0,1014.05
2023-02-08 23:00:00,-2.8499999999999996,-8.86111111111111,0.8,20.253800000000002,330.0,6.5688,0.0,1014.74
2023-02-09 00:00:00,-2.294444444444444,-8.844444444444445,0.69,25.067700000000002,339.0,16.1,0.0,1015.23
2023-02-09 01:00:00,-3.3611111111111116,-9.988888888888889,0.71,23.457700000000003,332.0,15.1823,0.0,1015.64
2023-02-09 02:00:00,-3.9166666666666665,-10.283333333333331,0.69,20.752900000000004,330.0,16.1,0.0,1016.41
2023-02-09 03:00:00,-4.566666666666666,-10.466666666666667,0.69,17.146500000000003,319.0,16.1,0.0,1017.01
2023-02-09 04:00:00,-4.994444444444444,-11.433333333333332,0.76,19.4971,331.0,15.1823,0.0,1017.2
2023-02-09 05:00:00,-6.116666666666668,-10.466666666666667,0.81,9.595600000000001,319.0,16.1,0.0,1018.08
2023-02-09 06:00:00,-6.2333333333333325,-12.238888888888889,0.81,15.697500000000002,320.0,16.1,0.0,1018.39
2023-02-09 07:00:00,-6.094444444444444,-11.633333333333333,0.82,13.8299,323.0,15.1823,0.0,1018.84
2023-02-09 08:00:00,-5.094444444444445,-10.083333333333334,0.75,12.4936,329.0,16.1,0.0,1019.76
2023-02-09 09:00:00,-3.866666666666667,-9.583333333333334,0.74,17.114300000000004,320.0,16.1,0.0,1019.88
2023-02-09 10:00:00,-2.155555555555555,-7.949999999999999,0.69,20.0606,322.0,15.552600000000002,0.0,1019.89
2023-02-09 11:00:00,-1.0444444444444438,-6.050000000000001,0.63,16.9694,320.0,10.255700000000001,0.0,1019.82
2023-02-09 12:00:00,0.044444444444443496,-3.8444444444444454,0.58,12.5097,310.0,9.982000000000001,0.0,1019.12
2023-02-09 13:00:00,0.08333333333333254,-4.172222222222223,0.56,14.3773,304.0,10.3523,0.0,1018.59
2023-02-09 14:00:00,-0.005555555555556424,-4.277777777777778,0.6,14.3612,300.0,9.595600000000001,0.0,1018.22
2023-02-09 15:00:00,-0.07222222222222167,-4.294444444444445,0.65,14.023100000000003,290.0,9.6761,0.0,1017.63
2023-02-09 16:00:00,-0.044444444444443496,-4.294444444444445,0.75,14.2002,289.0,15.0857,0.0,1017.31
2023-02-09 17:00:00,-1.1111111111111112,-4.927777777777779,0.82,11.1734,278.0,9.6761,0.0,1017.0
2023-02-09 18:00:00,-1.1111111111111112,-4.472222222222222,0.89,9.466800000000001,233.0,2.6887,0.0,1016.99
2023-02-09 19:00:00,-1.0611111111111111,-4.727777777777779,0.93,10.626,232.0,3.8962000000000003,0.0,1017.29
2023-02-09 20:00:00,-1.1333333333333329,-4.9,0.93,10.948,242.0,3.7513000000000005,0.0,1017.08
2023-02-09 21:00:00,-1.0611111111111111,-4.794444444444443,0.92,10.8836,241.0,3.7513000000000005,0.0,1016.81
2023-02-09 22:00:00,-1.0500000000000003,-4.766666666666666,0.92,10.8192,257.0,4.5402000000000005,0.0,1016.72
2023-02-09 23:00:00,-0.5555555555555556,-2.7722222222222213,0.93,6.3112,254.0,4.588500000000001,0.0,1016.8
2023-02-10 00:00:00,-0.46666666666666656,-2.65,0.93,6.279,274.0,4.588500000000001,0.0,1016.83
2023-02-10 01:00:00,-0.5388888888888883,-3.177777777777777,0.92,7.4704,288.0,4.6368,0.0,1016.88
2023-02-10 02:00:00,-0.44444444444444486,-0.44444444444444486,0.92,3.8479000000000005,313.0,4.524100000000001,0.0,1017.14
2023-02-10 03:00:00,-0.44444444444444486,-2.7722222222222213,0.92,6.6493,338.0,4.524100000000001,0.0,1017.44
2023-02-10 04:00:00,-0.3166666666666668,-2.5944444444444454,0.93,6.5688,329.0,4.9910000000000005,0.0,1017.78
2023-02-10 05:00:00,-0.9555555555555549,-0.9555555555555549,0.93,1.8676,329.0,3.1395,0.0,1018.34
2023-02-10 06:00:00,-0.9333333333333331,-2.6333333333333324,0.92,5.0071,321.0,3.1395,0.0,1018.75
2023-02-10 07:00:00,0.10555555555555429,-1.6055555555555558,0.93,5.3452,351.0,3.7835000000000005,0.0,1019.73
2023-02-10 08:00:00,0.11111111111111269,-2.638888888888889,0.92,8.162700000000001,349.0,4.025,0.0,1020.54
2023-02-10 09:00:00,0.1555555555555562,-3.3500000000000005,0.92,10.9641,28.0,4.9427,0.0,1021.25
2023-02-10 10:00:00,1.3000000000000018,-1.8388888888888881,0.86,10.384500000000001,44.0,6.3756,0.0,1021.87
2023-02-10 11:00:00,2.2666666666666657,-0.6555555555555554,0.8,10.2718,56.0,8.05,0.0,1022.45
2023-02-10 12:00:00,2.361111111111111,1.1166666666666656,0.79,4.9749,7.0,8.1305,0.0,1022.45
2023-02-10 13:00:00,2.294444444444446,-0.25555555555555604,0.79,8.8389,353.0,8.0017,0.0,1022.82
2023-02-10 14:00:00,2.3388888888888895,-0.2666666666666669,0.79,9.064300000000001,350.0,6.295100000000001,0.0,1022.83
2023-02-10 15:00:00,2.2888888888888874,0.11666666666666714,0.8,7.502600000000001,352.0,7.212800000000001,0.0,1023.04
2023-02-10 16:00:00,2.183333333333333,0.09444444444444539,0.81,7.1645,356.0,6.9069,0.0,1023.41
2023-02-10 17:00:00,2.244444444444444,2.244444444444444,0.8,4.6046000000000005,10.0,6.295100000000001,0.0,1023.62
2023-02-10 18:00:00,1.2055555555555566,1.2055555555555566,0.85,4.83,350.0,8.1305,0.0,1024.12
2023-02-10 19:00:00,1.188888888888889,-0.36111111111111033,0.87,5.313,347.0,8.6618,0.0,1024.61
2023-02-10 20:00:00,1.2277777777777783,1.2277777777777783,0.92,4.7495,311.0,9.982000000000001,0.0,1025.02
2023-02-10 21:00:00,1.1055555555555567,1.1055555555555567,0.89,2.9785000000000004,331.0,9.853200000000001,0.0,1025.32
2023-02-10 22:00:00,1.0777777777777766,1.0777777777777766,0.9,2.7048,351.0,9.2897,0.0,1025.46
2023-02-10 23:00:00,1.1555555555555546,-0.688888888888888,0.89,6.021400000000001,329.0,9.8049,0.0,1025.82
2023-02-11 00:00:00,1.1333333333333329,1.1333333333333329,0.89,3.1556,358.0,7.0357,0.0,1026.02
2023-02-11 01:00:00,1.5333333333333323,-0.1388888888888889,0.87,5.7316,25.0,6.7620000000000005,0.0,1025.88
2023-02-11 02:00:00,1.1333333333333329,-0.8111111111111116,0.89,6.279,9.0,7.8729,0.0,1025.74
2023-02-11 03:00:00,1.1111111111111112,1.1111111111111112,0.89,2.9785000000000004,328.0,7.8729,0.0,1025.83
2023-02-11 04:00:00,1.0777777777777766,-0.6777777777777771,0.9,5.7799000000000005,292.0,6.5044,0.0,1025.87
2023-02-11 05:00:00,1.0888888888888895,-1.7666666666666666,0.92,9.1287,309.0,7.8729,0.0,1026.04
2023-02-11 06:00:00,1.1111111111111112,1.1111111111111112,0.86,4.588500000000001,308.0,7.8729,0.0,1026.04
2023-02-11 07:00:00,2.016666666666668,-0.43888888888888844,0.87,8.3076,311.0,6.118,0.0,1026.44
2023-02-11 08:00:00,2.1499999999999986,-0.43888888888888844,0.86,8.8711,319.0,6.021400000000001,0.0,1026.72
2023-02-11 09:00:00,2.7333333333333343,0.22777777777777589,0.83,8.935500000000001,319.0,6.021400000000001,0.0,1026.94
2023-02-11 10:00:00,3.7055555555555566,3.7055555555555566,0.84,3.4615,350.0,5.7316,0.0,1027.03
2023-02-11 11:00:00,3.916666666666665,3.916666666666665,0.82,2.9785000000000004,336.0,6.021400000000001,0.0,1027.22
2023-02-11 12:00:00,5.027777777777776,5.027777777777776,0.76,4.0572,0.0,9.7566,0.0,1027.0
2023-02-11 13:00:00,6.033333333333333,3.8833333333333346,0.75,10.126900000000001,8.0,9.2575,0.0,1026.32
2023-02-11 14:00:00,7.177777777777779,4.866666666666665,0.71,12.2843,358.0,9.9015,0.0,1025.92
2023-02-11 15:00:00,6.1833333333333345,4.01111111111111,0.7,10.384500000000001,49.0,9.9015,0.0,1025.89
2023-02-11 16:00:00,5.938888888888887,3.711111111111111,0.72,10.432800000000002,60.0,9.9015,0.0,1025.98
2023-02-11 17:00:00,5.027777777777776,2.677777777777778,0.76,10.143,21.0,7.969500000000001,0.0,1026.49
2023-02-11 18:00:00,3.938888888888891,3.938888888888891,0.82,4.8139,56.0,8.05,0.0,1026.62
2023-02-11 19:00:00,3.8333333333333326,2.2499999999999982,0.84,6.423900000000001,26.0,9.8693,0.0,1026.93
2023-02-11 20:00:00,3.7944444444444434,1.3166666666666653,0.83,9.66,20.0,9.8049,0.0,1027.32
2023-02-11 21:00:00,3.7277777777777783,2.255555555555557,0.83,6.0536,18.0,14.6832,0.0,1027.44
2023-02-11 22:00:00,3.227777777777779,3.227777777777779,0.84,3.0429,34.0,13.9748,0.0,1027.77
2023-02-11 23:00:00,2.705555555555554,1.0277777777777786,0.86,6.1985,89.0,14.6349,0.0,1028.31
2023-02-12 00:00:00,2.2666666666666657,0.6111111111111119,0.89,5.9731000000000005,107.0,14.731500000000002,0.0,1028.51
2023-02-12 01:00:00,0.35555555555555585,-2.966666666666667,0.92,10.368400000000001,127.0,11.527600000000001,0.0,1028.96
2023-02-12 02:00:00,-0.3499999999999994,-2.35,0.88,5.8604,128.0,14.6832,0.0,1029.19
2023-02-12 03:00:00,-0.9333333333333331,-3.166666666666666,0.82,6.230700000000001,129.0,14.6349,0.0,1029.18
2023-02-12 04:00:00,-1.5388888888888888,-3.533333333333333,0.87,5.4418,94.0,13.894300000000003,0.0,1029.2
2023-02-12 05:00:00,-2.08888888888889,-2.08888888888889,0.77,4.5563,110.0,14.49,0.0,1029.38
2023-02-12 06:00:00,-2.694444444444445,-5.772222222222222,0.86,7.6796999999999995,130.0,14.457800000000002,0.0,1029.67
2023-02-12 07:00:00,-3.688888888888889,-3.688888888888889,0.93,0.6762,112.0,6.488300000000001,0.0,1030.06
2023-02-12 08:00:00,-2.127777777777777,-2.127777777777777,0.88,3.4293,159.0,4.2021,0.0,1030.48
2023-02-12 09:00:00,0.09444444444444539,-2.561111111111111,0.81,7.840700000000001,141.0,6.1985,0.0,1030.59
2023-02-12 10:00:00,1.1277777777777784,-1.7388888888888883,0.76,9.209200000000001,137.0,6.3112,0.0,1030.9
2023-02-12 11:00:00,2.333333333333335,-0.7166666666666662,0.71,10.8997,139.0,6.5688,0.0,1031.16
2023-02-12 12:00:00,3.9833333333333343,1.9277777777777771,0.63,8.0822,148.0,10.255700000000001,0.0,1030.77
2023-02-12 13:00:00,4.8888888888888875,3.827777777777778,0.64,5.3935,148.0,10.0464,0.0,1030.2
2023-02-12 14:00:00,5.022222222222222,2.7999999999999994,0.57,9.563400000000001,149.0,15.1823,0.0,1029.87
2023-02-12 15:00:00,5.0,2.7888888888888905,0.6,9.4829,131.0,15.1823,0.0,1029.48
2023-02-12 16:00:00,3.988888888888889,2.1000000000000005,0.59,7.502600000000001,131.0,14.973000000000003,0.0,1029.5
2023-02-12 17:00:00,2.2888888888888874,0.011111111111112848,0.69,7.856800000000001,130.0,15.134000000000002,0.0,1029.58
2023-02-12 18:00:00,1.0888888888888895,-0.28888888888888864,0.75,4.8944,113.0,14.9086,0.0,1029.78
2023-02-12 19:00:00,-0.027777777777778172,-0.027777777777778172,0.76,4.3309,115.0,14.168000000000003,0.0,1030.08
2023-02-12 20:00:00,-1.161111111111111,-1.161111111111111,0.88,3.2039,129.0,11.9784,0.0,1030.19
2023-02-12 21:00:00,-1.2055555555555566,-1.2055555555555566,0.88,3.0751,100.0,9.9015,0.0,1030.22
2023-02-12 22:00:00,-1.2277777777777783,-1.2277777777777783,0.89,3.2844,92.0,9.9015,0.0,1030.19
2023-02-12 23:00:00,-1.7833333333333339,-1.7833333333333339,0.88,0.0,0.0,7.969500000000001,0.0,1030.11
2023-02-13 00:00:00,-1.8055555555555556,-1.8055555555555556,0.88,0.0,0.0,7.0357,0.0,1029.83
2023-02-13 01:00:00,-2.816666666666667,-2.816666666666667,0.92,2.9302,324.0,4.2182,0.0,1029.55
2023-02-13 02:00:00,-2.894444444444445,-2.894444444444445,0.92,3.22,350.0,2.6404,0.0,1029.52
2023-02-13 03:00:00,-2.894444444444445,-2.894444444444445,0.92,3.22,10.0,2.6404,0.0,1029.32
2023-02-13 04:00:00,-3.405555555555555,-6.033333333333333,0.93,6.2468,14.0,4.524100000000001,0.0,1028.81
2023-02-13 05:00:00,-2.966666666666667,-2.966666666666667,0.86,3.1717,8.0,3.9284000000000003,0.0,1028.73
2023-02-13 06:00:00,-4.027777777777778,-4.027777777777778,0.92,4.83,20.0,3.9123000000000006,0.0,1028.53
2023-02-13 07:00:00,-4.099999999999999,-4.099999999999999,0.93,3.1395,25.0,3.4776000000000002,0.0,1028.68
2023-02-13 08:00:00,-1.338888888888889,-1.338888888888889,0.89,3.22,20.0,3.4615,0.0,1028.83
2023-02-13 09:00:00,2.177777777777779,2.177777777777779,0.73,3.22,80.0,3.6064000000000007,0.0,1028.73
2023-02-13 10:00:00,2.4555555555555566,2.4555555555555566,0.7,1.5778,347.0,4.1377,0.0,1028.59
2023-02-13 11:00:00,4.955555555555557,4.955555555555557,0.57,1.7388000000000001,20.0,6.295100000000001,0.0,1028.11
2023-02-13 12:00:00,6.066666666666667,6.066666666666667,0.5,3.4776000000000002,66.0,8.1305,0.0,1027.51
2023-02-13 13:00:00,7.044444444444444,6.199999999999998,0.42,5.635000000000001,99.0,14.2485,0.0,1026.76
2023-02-13 14:00:00,7.733333333333334,6.3166666666666655,0.47,8.1788,71.0,15.134000000000002,0.0,1026.2
2023-02-13 15:00:00,7.222222222222222,5.3999999999999995,0.54,9.66,72.0,12.2521,0.0,1025.71
2023-02-13 16:00:00,7.166666666666667,5.3,0.5,9.7888,92.0,8.227100000000002,0.0,1025.54
2023-02-13 17:00:00,4.972222222222224,3.1333333333333337,0.6,7.953400000000001,91.0,7.486500000000001,0.0,1025.29
2023-02-13 18:00:00,2.755555555555556,0.5388888888888883,0.7,7.921200000000001,81.0,7.4543,0.0,1025.31
2023-02-13 19:00:00,1.1833333333333347,1.1833333333333347,0.76,0.7406,84.0,7.631400000000001,0.0,1025.32
2023-02-13 20:00:00,-0.07222222222222167,-1.5888888888888886,0.86,4.8783,90.0,6.295100000000001,0.0,1025.11
2023-02-13 21:00:00,-0.5999999999999991,-2.816666666666667,0.86,6.295100000000001,110.0,6.2468,0.0,1025.01
2023-02-13 22:00:00,-0.16111111111111065,-0.16111111111111065,0.9,3.4454000000000002,128.0,7.760200000000001,0.0,1024.45
2023-02-13 23:00:00,-1.2555555555555564,-1.2555555555555564,0.92,3.22,60.0,7.084000000000001,0.0,1024.31
2023-02-14 00:00:00,-1.8277777777777773,-1.8277777777777773,0.96,2.9463000000000004,355.0,7.084000000000001,0.0,1024.01
2023-02-14 01:00:00,-2.233333333333333,-2.233333333333333,0.92,1.6583,91.0,6.9069,0.0,1023.75
2023-02-14 02:00:00,-2.3888888888888893,-2.3888888888888893,0.92,0.0,0.0,5.9731000000000005,0.0,1023.43
2023-02-14 03:00:00,-2.9444444444444446,-2.9444444444444446,0.92,0.0,0.0,5.9731000000000005,0.0,1022.84
2023-02-14 04:00:00,-2.766666666666667,-2.766666666666667,0.92,2.9141000000000004,38.0,7.357700000000001,0.0,1022.53
2023-02-14 05:00:00,-2.922222222222223,-2.922222222222223,0.92,1.6422,96.0,7.824600000000001,0.0,1022.32
2023-02-14 06:00:00,-2.9444444444444446,-6.072222222222222,0.93,7.711900000000001,109.0,7.824600000000001,0.0,1022.01
2023-02-14 07:00:00,-2.4000000000000004,-5.549999999999999,0.89,8.033900000000001,105.0,5.9731000000000005,0.0,1021.95
2023-02-14 08:00:00,0.7888888888888899,-2.616666666666667,0.77,11.0768,129.0,5.9731000000000005,0.0,1021.81
2023-02-14 09:00:00,3.6388888888888875,0.5444444444444427,0.64,12.4131,140.0,11.753,0.0,1021.63
2023-02-14 10:00:00,4.744444444444444,1.338888888888887,0.55,15.7458,148.0,14.296800000000003,0.0,1021.47
2023-02-14 11:00:00,7.066666666666666,4.066666666666666,0.5,16.8245,140.0,16.0517,0.0,1021.58
2023-02-14 12:00:00,7.711111111111112,5.044444444444443,0.5,15.4721,141.0,16.0517,0.0,1020.78
2023-02-14 13:00:00,8.655555555555555,6.238888888888887,0.53,15.278900000000002,132.0,15.021300000000002,0.0,1020.03
2023-02-14 14:00:00,8.844444444444445,6.605555555555556,0.47,14.2485,149.0,16.1,0.0,1019.37
2023-02-14 15:00:00,8.866666666666667,6.644444444444445,0.49,14.1519,139.0,16.1,0.0,1018.88
2023-02-14 16:00:00,7.933333333333334,5.638888888888888,0.52,13.1859,149.0,15.021300000000002,0.0,1018.53
2023-02-14 17:00:00,5.072222222222224,2.8500000000000014,0.65,9.579500000000001,140.0,16.1,0.0,1018.4
2023-02-14 18:00:00,3.866666666666667,3.866666666666667,0.71,0.27370000000000005,145.0,16.1,0.0,1018.7
2023-02-14 19:00:00,2.2388888888888894,2.2388888888888894,0.9,3.1234,168.0,15.1823,0.0,1019.01
2023-02-14 20:00:00,0.994444444444444,0.994444444444444,0.85,4.7334000000000005,101.0,16.0517,0.0,1018.91
2023-02-14 21:00:00,0.43888888888888844,-1.6722222222222232,0.86,6.44,110.0,16.0517,0.0,1019.01
2023-02-14 22:00:00,-0.10555555555555626,-0.10555555555555626,0.9,1.9964000000000002,136.0,13.8299,0.0,1019.07
2023-02-14 23:00:00,-1.2277777777777783,-1.2277777777777783,0.92,3.1073,84.0,14.9086,0.0,1019.01
2023-02-15 00:00:00,-0.21111111111111056,-3.677777777777779,0.79,10.513300000000001,139.0,14.9086,0.0,1019.0
2023-02-15 01:00:00,-0.2833333333333342,-2.4666666666666672,0.75,6.327300000000001,129.0,13.636700000000001,0.0,1018.86
2023-02-15 02:00:00,-0.21111111111111056,-3.866666666666667,0.71,11.270000000000001,130.0,14.812,0.0,1018.9
2023-02-15 03:00:00,-1.2777777777777781,-5.061111111111111,0.74,10.9158,130.0,14.731500000000002,0.0,1018.79
2023-02-15 04:00:00,-1.7388888888888883,-5.555555555555555,0.81,10.6743,128.0,14.023100000000003,0.0,1018.75
2023-02-15 05:00:00,-1.2999999999999998,-5.0,0.77,10.5455,129.0,15.729700000000001,0.0,1018.8
2023-02-15 06:00:00,-2.3666666666666676,-6.272222222222222,0.77,10.5455,129.0,15.729700000000001,0.0,1018.9
2023-02-15 07:00:00,-1.2777777777777781,-4.955555555555557,0.77,10.4972,126.0,14.9569,0.0,1019.3
2023-02-15 08:00:00,0.9111111111111114,-2.7222222222222214,0.7,12.203800000000001,129.0,16.0517,0.0,1019.69
2023-02-15 09:00:00,3.7555555555555546,0.38888888888889045,0.59,14.0714,139.0,16.1,0.0,1019.79
2023-02-15 10:00:00,4.777777777777779,1.4055555555555561,0.54,15.584800000000001,133.0,15.1823,0.0,1019.96
2023-02-15 11:00:00,7.1333333333333355,4.094444444444443,0.46,17.3075,149.0,16.1,0.0,1020.09
2023-02-15 12:00:00,7.733333333333334,4.488888888888888,0.49,20.3987,139.0,16.1,0.0,1019.79
2023-02-15 13:00:00,8.788888888888888,6.705555555555556,0.48,13.0088,121.0,15.552600000000002,0.0,1019.49
2023-02-15 14:00:00,8.916666666666664,6.933333333333332,0.49,12.5419,102.0,16.1,0.0,1019.0
2023-02-15 15:00:00,9.955555555555556,7.9833333333333325,0.43,14.1197,111.0,16.1,0.0,1018.99
2023-02-15 16:00:00,8.966666666666667,7.344444444444444,0.48,10.368400000000001,117.0,15.552600000000002,0.0,1019.1
2023-02-15 17:00:00,7.638888888888889,7.077777777777779,0.5,5.0393,99.0,16.1,0.0,1019.22
2023-02-15 18:00:00,3.816666666666665,3.816666666666665,0.65,3.5581,62.0,16.1,0.0,1019.81
2023-02-15 19:00:00,2.7722222222222235,2.7722222222222235,0.72,4.781700000000001,68.0,15.1823,0.0,1020.28
2023-02-15 20:00:00,3.5166666666666657,0.7722222222222226,0.66,10.5938,60.0,16.0517,0.0,1020.53
2023-02-15 21:00:00,3.0333333333333337,0.1555555555555562,0.72,10.7548,60.0,16.0517,0.0,1021.02
2023-02-15 22:00:00,0.6722222222222227,0.6722222222222227,0.82,4.6046000000000005,72.0,14.9569,0.0,1021.52
2023-02-15 23:00:00,-0.1888888888888888,-2.2666666666666657,0.86,6.1019000000000005,50.0,15.729700000000001,0.0,1021.63
2023-02-16 00:00:00,-1.1833333333333327,-3.405555555555555,0.92,6.0858,209.0,15.649200000000002,0.0,1021.93
2023-02-16 01:00:00,-0.5111111111111121,-0.5111111111111121,0.92,2.6243,304.0,14.7637,0.0,1022.11
2023-02-16 02:00:00,-1.2055555555555566,-1.2055555555555566,0.88,3.2039,11.0,15.6009,0.0,1022.61
2023-02-16 03:00:00,-2.2222222222222223,-2.2222222222222223,0.92,3.1556,22.0,15.6009,0.0,1022.71
2023-02-16 04:00:00,-2.6999999999999997,-2.6999999999999997,0.93,3.0268,26.0,14.7637,0.0,1022.8
2023-02-16 05:00:00,-2.7333333333333343,-2.7333333333333343,0.85,3.22,10.0,15.6009,0.0,1023.22
2023-02-16 06:00:00,-2.7611111111111106,-2.7611111111111106,0.92,3.4293,347.0,5.0876,0.0,1023.22
2023-02-16 07:00:00,-2.5666666666666673,-2.5666666666666673,0.92,1.9642000000000002,20.0,4.5402000000000005,0.0,1023.61
2023-02-16 08:00:00,-0.11111111111111072,-4.433333333333334,0.92,14.49,60.0,3.7513000000000005,0.0,1024.51
2023-02-16 09:00:00,2.2166666666666677,-0.1388888888888889,0.79,8.0822,24.0,5.1359,0.0,1024.62
2023-02-16 10:00:00,4.966666666666665,4.966666666666665,0.69,3.1395,31.0,6.8425,0.0,1024.75
2023-02-16 11:00:00,7.588888888888887,7.588888888888887,0.63,2.9463000000000004,359.0,8.1305,0.0,1024.93
2023-02-16 12:00:00,7.705555555555555,7.705555555555555,0.58,2.8497000000000003,347.0,9.982000000000001,0.0,1025.1
2023-02-16 13:00:00,8.77222222222222,8.77222222222222,0.53,2.3506,345.0,10.432800000000002,0.0,1024.81
2023-02-16 14:00:00,8.838888888888887,8.499999999999998,0.54,4.8461,28.0,10.0786,0.0,1024.81
2023-02-16 15:00:00,8.861111111111112,7.755555555555556,0.58,7.6636,14.0,12.2199,0.0,1024.81
2023-02-16 16:00:00,7.8999999999999995,6.555555555555554,0.6,7.985600000000001,38.0,10.5455,0.0,1025.12
2023-02-16 17:00:00,4.972222222222224,2.4555555555555566,0.76,10.867500000000001,42.0,8.372000000000002,0.0,1025.71
2023-02-16 18:00:00,3.7944444444444434,1.0444444444444458,0.76,10.867500000000001,42.0,7.212800000000001,0.0,1026.42
2023-02-16 19:00:00,2.738888888888889,0.21666666666666698,0.81,9.032100000000002,49.0,7.1001,0.0,1027.01
2023-02-16 20:00:00,2.127777777777777,-0.11111111111111072,0.79,7.631400000000001,127.0,7.212800000000001,0.0,1027.32
2023-02-16 21:00:00,1.0611111111111091,-0.7222222222222227,0.85,5.8443000000000005,167.0,7.212800000000001,0.0,1028.11
2023-02-16 22:00:00,0.46666666666666856,-2.7999999999999994,0.8,10.255700000000001,178.0,7.631400000000001,0.0,1028.63
2023-02-16 23:00:00,-0.11666666666666714,-2.016666666666666,0.79,5.7155000000000005,154.0,7.212800000000001,0.0,1029.39
2023-02-17 00:00:00,-0.1888888888888888,-1.9333333333333336,0.83,5.3291,43.0,7.212800000000001,0.0,1029.98
2023-02-17 01:00:00,0.25000000000000155,-1.7777777777777775,0.81,6.1502,176.0,7.631400000000001,0.0,1030.22
2023-02-17 02:00:00,-0.7944444444444443,-4.311111111111113,0.82,10.2718,169.0,8.1305,0.0,1030.93
2023-02-17 03:00:00,-0.7722222222222226,-2.938888888888888,0.86,6.1019000000000005,129.0,8.1305,0.0,1031.32
2023-02-17 04:00:00,0.29444444444444506,-3.677777777777779,0.81,13.1859,149.0,9.982000000000001,0.0,1031.52
2023-02-17 05:00:00,0.8333333333333334,-3.544444444444444,0.76,15.987300000000001,158.0,9.982000000000001,0.0,1032.22
2023-02-17 06:00:00,-0.14444444444444532,-2.6555555555555563,0.83,7.293300000000001,144.0,9.982000000000001,0.0,1032.9
2023-02-17 07:00:00,-0.1222222222222216,-0.1222222222222216,0.83,3.8157000000000005,143.0,9.982000000000001,0.0,1033.74
2023-02-17 08:00:00,-0.11666666666666714,-3.5888888888888895,0.76,10.5938,137.0,9.982000000000001,0.0,1034.6
2023-02-17 09:00:00,-0.04999999999999992,-3.4611111111111112,0.75,10.4167,147.0,9.982000000000001,0.0,1035.41
2023-02-17 10:00:00,1.9055555555555554,-0.5555555555555556,0.71,8.2593,112.0,10.3523,0.0,1035.09
2023-02-17 11:00:00,2.7111111111111126,0.10555555555555429,0.67,9.321900000000001,62.0,9.982000000000001,0.0,1036.51
2023-02-17 12:00:00,2.7111111111111126,-1.0777777777777784,0.62,15.117900000000002,89.0,9.982000000000001,0.0,1036.45
2023-02-17 13:00:00,2.8388888888888886,0.1555555555555562,0.53,9.724400000000001,93.0,10.3523,0.0,1036.68
2023-02-17 14:00:00,3.816666666666665,1.3888888888888888,0.53,9.466800000000001,59.0,9.982000000000001,0.0,1036.74
2023-02-17 15:00:00,3.866666666666667,0.816666666666666,0.44,12.4292,40.0,9.982000000000001,0.0,1036.83
2023-02-17 16:00:00,3.827777777777778,0.5055555555555536,0.46,13.910400000000001,63.0,10.3523,0.0,1036.7
2023-02-17 17:00:00,2.1499999999999986,-0.5888888888888881,0.6,9.450700000000001,30.0,16.1,0.0,1037.13
2023-02-17 18:00:00,0.0,-3.099999999999999,0.7,9.2897,21.0,14.2163,0.0,1037.74
2023-02-17 19:00:00,-0.07222222222222167,-2.361111111111111,0.69,6.6976,33.0,12.5419,0.0,1038.35
2023-02-17 20:00:00,-0.21111111111111056,-0.21111111111111056,0.76,0.9499,183.0,13.894300000000003,0.0,1038.53
2023-02-17 21:00:00,-1.8055555555555556,-1.8055555555555556,0.78,2.9463000000000004,171.0,14.9086,0.0,1039.23
2023-02-17 22:00:00,-1.772222222222223,-1.772222222222223,0.8,1.2075,100.0,14.2485,0.0,1039.82
2023-02-17 23:00:00,-3.866666666666667,-7.955555555555555,0.78,10.126900000000001,179.0,15.134000000000002,0.0,1040.02
2023-02-18 00:00:00,-4.444444444444445,-7.183333333333334,0.78,6.1502,170.0,15.134000000000002,0.0,1040.5
2023-02-18 01:00:00,-4.550000000000001,-7.122222222222222,0.81,5.7477,147.0,14.3612,0.0,1040.78
2023-02-18 02:00:00,-4.605555555555555,-7.366666666666668,0.81,6.1502,150.0,15.134000000000002,0.0,1040.71
2023-02-18 03:00:00,-6.205555555555557,-6.205555555555557,0.84,3.22,220.0,15.134000000000002,0.0,1040.53
2023-02-18 04:00:00,-5.7555555555555555,-8.55,0.88,5.8604,140.0,14.3612,0.0,1040.45
2023-02-18 05:00:00,-7.266666666666666,-7.266666666666666,0.95,0.2576,351.0,15.134000000000002,0.0,1040.73
2023-02-18 06:00:00,-7.28888888888889,-7.28888888888889,0.88,0.3703,330.0,6.5205,0.0,1040.92
2023-02-18 07:00:00,-7.25,-7.25,0.95,0.16100000000000003,293.0,5.3935,0.0,1041.15
2023-02-18 08:00:00,-2.999999999999999,-2.999999999999999,0.78,1.5939,269.0,6.295100000000001,0.0,1041.65
2023-02-18 09:00:00,-1.1555555555555546,-1.1555555555555546,0.74,3.4132000000000002,317.0,6.5205,0.0,1041.72
2023-02-18 10:00:00,1.0833333333333348,-1.3277777777777782,0.67,7.615300000000001,333.0,8.1144,0.0,1041.44
2023-02-18 11:00:00,2.805555555555554,1.5722222222222213,0.59,5.0876,350.0,9.338000000000001,0.0,1041.34
2023-02-18 12:00:00,4.977777777777778,2.4555555555555566,0.43,10.9319,340.0,16.1,0.0,1041.12
2023-02-18 13:00:00,5.077777777777778,2.8888888888888906,0.37,9.434600000000001,349.0,15.552600000000002,0.0,1040.42
2023-02-18 14:00:00,6.0888888888888895,2.872222222222223,0.3,16.6957,348.0,16.1,0.0,1039.52
2023-02-18 15:00:00,6.111111111111111,3.099999999999999,0.28,15.262800000000002,7.0,16.1,0.0,1039.24
2023-02-18 16:00:00,5.094444444444445,2.6555555555555563,0.32,10.642100000000001,3.0,15.552600000000002,0.0,1038.98
2023-02-18 17:00:00,3.816666666666665,3.816666666666665,0.31,1.4973,19.0,16.1,0.0,1038.33
2023-02-18 18:00:00,0.022222222222221748,-3.888888888888889,0.51,12.606300000000001,299.0,15.826300000000002,0.0,1038.53
2023-02-18 19:00:00,0.0777777777777781,0.0777777777777781,0.5,4.379200000000001,277.0,14.168000000000003,0.0,1038.8
2023-02-18 20:00:00,-1.25,-1.25,0.57,2.1896000000000004,293.0,12.8961,0.0,1038.82
2023-02-18 21:00:00,-1.7999999999999992,-1.7999999999999992,0.6,3.5742000000000007,271.0,12.8961,0.0,1039.03
2023-02-18 22:00:00,-2.0833333333333335,-2.0833333333333335,0.65,3.5903,271.0,11.688600000000001,0.0,1038.96
2023-02-18 23:00:00,-2.4277777777777785,-2.4277777777777785,0.65,3.5742000000000007,289.0,11.8979,0.0,1038.72
2023-02-19 00:00:00,-2.9555555555555557,-5.622222222222224,0.7,6.5044,279.0,11.8979,0.0,1038.43
2023-02-19 01:00:00,-3.2888888888888896,-3.2888888888888896,0.72,3.5420000000000007,297.0,11.5759,0.0,1038.1
2023-02-19 02:00:00,-4.0,-6.8277777777777775,0.79,6.5044,289.0,9.853200000000001,0.0,1037.73
2023-02-19 03:00:00,-4.527777777777777,-7.444444444444445,0.82,6.5205,280.0,9.8049,0.0,1037.31
2023-02-19 04:00:00,-3.8388888888888886,-3.8388888888888886,0.83,3.22,275.0,8.2593,0.0,1036.88
2023-02-19 05:00:00,-4.872222222222222,-8.488888888888889,0.92,8.1305,252.0,8.0017,0.0,1036.42
2023-02-19 06:00:00,-4.872222222222222,-4.872222222222222,0.92,3.4776000000000002,245.0,6.166300000000001,0.0,1036.19
2023-02-19 07:00:00,-3.872222222222222,-3.872222222222222,0.86,4.717300000000001,255.0,5.4579,0.0,1036.01
2023-02-19 08:00:00,-2.233333333333333,-5.311111111111111,0.95,7.921200000000001,192.0,5.0876,0.0,1036.08
2023-02-19 09:00:00,0.0500000000000019,-3.088888888888888,0.82,9.466800000000001,204.0,6.166300000000001,0.0,1035.99
2023-02-19 10:00:00,1.1722222222222218,-0.1722222222222215,0.79,4.8622000000000005,232.0,7.0196000000000005,0.0,1036.03
2023-02-19 11:00:00,2.3388888888888895,-0.39999999999999936,0.71,9.579500000000001,233.0,7.1323,0.0,1035.39
2023-02-19 12:00:00,2.8500000000000014,-0.7444444444444444,0.69,14.1841,270.0,8.1305,0.0,1034.3
2023-02-19 13:00:00,3.827777777777778,0.7888888888888899,0.62,12.316500000000001,272.0,9.4024,0.0,1033.61
2023-02-19 14:00:00,3.955555555555554,0.8833333333333352,0.62,12.654600000000002,270.0,9.982000000000001,0.0,1032.67
2023-02-19 15:00:00,4.994444444444445,2.4555555555555566,0.57,11.0446,261.0,9.982000000000001,0.0,1031.88
2023-02-19 16:00:00,3.9222222222222234,3.9222222222222234,0.62,3.3488,225.0,14.0875,0.0,1031.35
2023-02-19 17:00:00,2.311111111111109,2.311111111111109,0.64,4.7495,211.0,14.731500000000002,0.0,1031.18
2023-02-19 18:00:00,1.0611111111111091,-1.3499999999999999,0.75,7.615300000000001,180.0,9.7566,0.0,1031.36
2023-02-19 19:00:00,-0.1388888888888889,-2.511111111111111,0.83,6.923,213.0,8.1788,0.0,1031.01
2023-02-19 20:00:00,-1.2277777777777783,-1.2277777777777783,0.82,3.1878,161.0,7.824600000000001,0.0,1030.6
2023-02-19 21:00:00,-1.25,-3.444444444444444,0.86,6.0053,179.0,7.776300000000001,0.0,1030.31
2023-02-19 22:00:00,-2.2555555555555546,-4.333333333333333,0.89,5.4096,202.0,3.6708,0.0,1030.03
2023-02-19 23:00:00,-2.3888888888888893,-2.3888888888888893,0.93,3.22,170.0,2.9624,0.0,1029.89
2023-02-20 00:00:00,-2.872222222222223,-5.961111111111112,0.86,7.631400000000001,150.0,1.2880000000000003,0.0,1029.49
2023-02-20 01:00:00,-3.327777777777777,-3.327777777777777,0.93,3.0751,158.0,2.7209,0.0,1029.34
2023-02-20 02:00:00,-3.9833333333333343,-3.9833333333333343,0.96,3.1878,170.0,0.8372,0.0,1028.81
2023-02-20 03:00:00,-3.938888888888889,-6.583333333333334,0.96,6.118,180.0,0.22540000000000004,0.0,1028.29
2023-02-20 04:00:00,-4.205555555555556,-6.544444444444445,0.93,5.3774,193.0,1.7066000000000001,0.0,1027.85
2023-02-20 05:00:00,-4.027777777777778,-7.311111111111111,0.93,7.615300000000001,170.0,0.7084,0.0,1027.41
2023-02-20 06:00:00,-4.027777777777778,-7.311111111111111,0.93,7.631400000000001,170.0,0.4508000000000001,0.0,1027.2
2023-02-20 07:00:00,-3.938888888888889,-7.222222222222222,0.93,7.6636,182.0,1.6583,0.0,1027.24
2023-02-20 08:00:00,-2.261111111111111,-2.261111111111111,0.96,4.6207,172.0,2.6887,0.0,1027.38
2023-02-20 09:00:00,1.1388888888888873,-1.3333333333333326,0.78,7.824600000000001,190.0,4.0733,0.0,1027.18
2023-02-20 10:00:00,2.994444444444445,2.994444444444445,0.75,4.524100000000001,232.0,4.9266000000000005,0.0,1026.83
2023-02-20 11:00:00,6.133333333333333,6.133333333333333,0.55,4.8139,211.0,7.1323,0.0,1026.56
2023-02-20 12:00:00,7.244444444444444,5.811111111111112,0.5,7.889000000000001,218.0,8.1305,0.0,1025.77
2023-02-20 13:00:00,7.772222222222224,7.772222222222224,0.48,4.2826,215.0,8.855,0.0,1024.92
2023-02-20 14:00:00,7.872222222222224,7.355555555555558,0.48,4.9910000000000005,170.0,9.2897,0.0,1023.88
2023-02-20 15:00:00,7.872222222222224,6.500000000000002,0.49,8.0822,170.0,10.2074,0.0,1023.64
2023-02-20 16:00:00,7.438888888888889,6.077777777777777,0.5,7.7440999999999995,144.0,9.2253,0.0,1022.91
2023-02-20 17:00:00,5.116666666666667,2.8999999999999995,0.6,9.6117,149.0,6.5205,0.0,1022.26
2023-02-20 18:00:00,2.8277777777777797,1.6499999999999995,0.7,4.9588,166.0,8.1305,0.0,1021.78
2023-02-20 19:00:00,1.4055555555555561,1.4055555555555561,0.76,3.703,148.0,7.8729,0.0,1021.75
2023-02-20 20:00:00,0.0500000000000019,-2.5444444444444434,0.82,7.631400000000001,121.0,8.05,0.0,1021.47
2023-02-20 21:00:00,0.4833333333333319,-1.4611111111111106,0.79,6.021400000000001,130.0,6.9874,0.0,1021.1
2023-02-20 22:00:00,-0.36111111111111033,-2.716666666666667,0.85,6.7620000000000005,160.0,6.5849,0.0,1020.88
2023-02-20 23:00:00,-2.2000000000000006,-4.7,0.86,6.3756,130.0,5.9248,0.0,1020.06
2023-02-21 00:00:00,-0.7222222222222227,-2.9888888888888885,0.82,6.3756,120.0,5.9248,0.0,1018.99
2023-02-21 01:00:00,-1.5666666666666669,-4.105555555555556,0.89,6.745900000000001,122.0,6.5849,0.0,1018.19
2023-02-21 02:00:00,-1.6666666666666667,-4.044444444444445,0.89,6.295100000000001,121.0,5.9731000000000005,0.0,1017.38
2023-02-21 03:00:00,-1.2055555555555566,-4.944444444444444,0.89,10.787,121.0,5.9731000000000005,0.0,1016.4
2023-02-21 04:00:00,-2.1000000000000005,-4.666666666666666,0.89,6.5849,136.0,6.5849,0.0,1015.82
2023-02-21 05:00:00,-1.1833333333333327,-5.361111111111111,0.89,12.654600000000002,130.0,5.9731000000000005,0.0,1015.1
2023-02-21 06:00:00,-1.1833333333333327,-4.083333333333334,0.89,7.9373000000000005,158.0,4.9105,0.0,1014.51
2023-02-21 07:00:00,-1.1500000000000001,-4.194444444444445,0.89,8.3881,149.0,5.618900000000001,0.0,1014.85
2023-02-21 08:00:00,-0.11666666666666714,-3.6666666666666674,0.86,10.9319,160.0,4.8461,0.0,1014.59
2023-02-21 09:00:00,2.2000000000000006,-1.2555555555555564,0.73,12.6868,160.0,4.9427,0.0,1014.64
2023-02-21 10:00:00,4.961111111111111,2.2166666666666677,0.61,12.042800000000002,172.0,5.7316,0.0,1014.14
2023-02-21 11:00:00,7.8500000000000005,5.8833333333333355,0.53,11.0607,169.0,6.1985,0.0,1013.33
2023-02-21 12:00:00,10.072222222222223,10.072222222222223,0.49,13.0571,191.0,6.391700000000001,0.0,1012.62
2023-02-21 13:00:00,11.966666666666665,11.966666666666665,0.4,15.6009,202.0,8.645700000000001,0.0,1011.83
2023-02-21 14:00:00,12.17222222222222,12.17222222222222,0.4,20.93,201.0,8.420300000000001,0.0,1011.1
2023-02-21 15:00:00,12.244444444444444,12.244444444444444,0.39,22.4917,210.0,10.255700000000001,0.0,1010.49
2023-02-21 16:00:00,11.083333333333336,11.083333333333336,0.43,15.1984,185.0,11.914000000000001,0.0,1010.45
2023-02-21 17:00:00,7.916666666666667,5.733333333333333,0.57,12.4131,154.0,8.420300000000001,0.0,1010.01
2023-02-21 18:00:00,7.222222222222222,4.444444444444445,0.55,15.439900000000002,161.0,7.486500000000001,0.0,1010.33
2023-02-21 19:00:00,6.144444444444446,3.4777777777777765,0.53,13.041,170.0,7.856800000000001,0.0,1010.52
2023-02-21 20:00:00,4.927777777777776,2.4000000000000004,0.58,10.8997,170.0,7.212800000000001,0.0,1010.36
2023-02-21 21:00:00,4.400000000000001,2.8888888888888906,0.56,6.4722,159.0,7.212800000000001,0.0,1010.45
2023-02-21 22:00:00,5.177777777777778,1.466666666666667,0.56,18.724300000000003,160.0,8.420300000000001,0.0,1010.29
2023-02-21 23:00:00,4.238888888888891,1.0111111111111113,0.6,13.8782,150.0,8.1305,0.0,1009.66
2023-02-22 00:00:00,3.7055555555555566,-0.09444444444444539,0.63,16.711800000000004,131.0,9.982000000000001,0.0,1009.37
2023-02-22 01:00:00,4.13888888888889,0.5777777777777773,0.64,15.810200000000002,130.0,9.982000000000001,0.0,1009.33
2023-02-22 02:00:00,4.261111111111112,0.5722222222222229,0.65,16.888900000000003,130.0,9.982000000000001,0.0,1008.67
2023-02-22 03:00:00,2.755555555555556,-0.8055555555555551,0.73,13.8782,130.0,9.982000000000001,0.0,1008.25
2023-02-22 04:00:00,3.3722222222222222,-0.7222222222222227,0.74,18.160800000000002,129.0,9.982000000000001,0.0,1007.68
2023-02-22 05:00:00,3.7944444444444434,0.5111111111111121,0.82,13.652800000000001,139.0,9.982000000000001,0.0,1007.87
2023-02-22 06:00:00,4.8388888888888895,1.5388888888888905,0.76,15.166200000000002,139.0,9.982000000000001,0.0,1007.59
2023-02-22 07:00:00,5.827777777777779,2.3499999999999983,0.78,18.193,128.0,8.3398,0.0,1007.43
2023-02-22 08:00:00,5.95,2.705555555555554,0.76,16.6313,138.0,8.05,0.0,1007.51
2023-02-22 09:00:00,7.061111111111112,3.5500000000000003,0.79,21.2198,129.0,8.05,0.0,1007.58
2023-02-22 10:00:00,9.772222222222224,6.71111111111111,0.71,24.407600000000002,138.0,11.9784,0.0,1007.1
2023-02-22 11:00:00,10.972222222222221,10.972222222222221,0.62,24.761800000000004,149.0,12.2199,0.0,1007.47
2023-02-22 12:00:00,12.17222222222222,12.17222222222222,0.53,30.670500000000004,149.0,12.2199,0.0,1006.98
2023-02-22 13:00:00,12.13888888888889,12.13888888888889,0.58,28.8673,160.0,14.731500000000002,0.0,1006.52
2023-02-22 14:00:00,12.177777777777779,12.177777777777779,0.61,26.2591,149.0,13.1376,0.0,1005.89
2023-02-22 15:00:00,12.111111111111109,12.111111111111109,0.58,20.1572,148.0,12.2199,0.0,1005.3
2023-02-22 16:00:00,10.883333333333335,10.883333333333335,0.65,19.674200000000003,142.0,8.9838,0.0,1006.03
2023-02-22 17:00:00,8.894444444444442,6.005555555555556,0.77,19.8835,140.0,7.486500000000001,0.0,1006.67
2023-02-22 18:00:00,7.805555555555554,5.627777777777779,0.83,12.236,120.0,7.4543,0.0,1006.77
2023-02-22 19:00:00,7.733333333333334,4.9333333333333345,0.84,16.5347,131.0,6.3112,0.0,1007.19
2023-02-22 20:00:00,7.222222222222222,4.283333333333334,0.86,16.6474,130.0,6.1985,0.0,1007.2
2023-02-22 21:00:00,6.694444444444443,4.027777777777778,0.93,13.8299,139.0,8.05,0.0,1007.5
2023-02-22 22:00:00,6.700000000000001,3.888888888888889,0.91,14.7959,132.0,7.6796999999999995,0.0,1007.61
2023-02-22 23:00:00,6.666666666666667,3.5388888888888874,0.9,17.0982,138.0,9.708300000000001,0.0,1007.91
2023-02-23 00:00:00,6.644444444444445,3.4999999999999982,0.9,17.1948,139.0,7.824600000000001,0.0,1007.9
2023-02-23 01:00:00,6.6499999999999995,4.500000000000001,0.9,10.7387,111.0,7.3255,0.0,1007.78
2023-02-23 02:00:00,6.600000000000001,3.877777777777776,0.9,14.0553,111.0,3.9123000000000006,0.0,1007.89
2023-02-23 03:00:00,6.0888888888888895,2.8500000000000014,0.96,16.8245,120.0,3.9123000000000006,0.0,1007.49
2023-02-23 04:00:00,6.166666666666668,2.933333333333334,0.96,16.9372,122.0,6.166300000000001,0.0,1007.4
2023-02-23 05:00:00,6.1388888888888875,3.022222222222221,1.0,16.0195,120.0,5.957000000000001,0.0,1007.2
2023-02-23 06:00:00,6.1388888888888875,3.316666666666666,0.93,13.9909,130.0,3.0429,0.0,1007.18
2023-02-23 07:00:00,6.133333333333333,3.0944444444444446,0.94,15.488199999999999,140.0,1.4329,0.0,1007.34
2023-02-23 08:00:00,6.1388888888888875,2.794444444444445,1.0,17.71,140.0,1.449,0.0,1007.5
2023-02-23 09:00:00,7.177777777777779,3.838888888888887,0.94,19.9479,150.0,1.7549000000000001,0.0,1007.68
2023-02-23 10:00:00,7.672222222222223,4.594444444444446,0.96,18.7404,170.0,1.8193,0.0,1007.46
2023-02-23 11:00:00,8.77222222222222,6.188888888888889,0.9,16.840600000000002,180.0,2.5277000000000003,0.0,1007.21
2023-02-23 12:00:00,9.83888888888889,8.08888888888889,0.87,12.2843,180.0,4.4436,0.0,1006.8
2023-02-23 13:00:00,9.827777777777776,8.216666666666665,0.88,11.3666,173.0,6.0858,0.0,1006.47
2023-02-23 14:00:00,10.877777777777776,10.877777777777776,0.82,9.209200000000001,171.0,6.021400000000001,0.0,1006.29
2023-02-23 15:00:00,10.899999999999999,10.899999999999999,0.79,9.032100000000002,170.0,7.8729,0.0,1005.63
2023-02-23 16:00:00,10.961111111111109,10.961111111111109,0.82,7.2772,179.0,8.017800000000001,0.0,1005.73
2023-02-23 17:00:00,8.816666666666666,8.816666666666666,0.9,4.588500000000001,214.0,4.4436,0.0,1005.23
2023-02-23 18:00:00,7.799999999999999,7.799999999999999,0.96,2.2057,164.0,4.4436,0.0,1005.7
2023-02-23 19:00:00,6.461111111111112,6.461111111111112,0.99,3.3649,156.0,1.2397,0.0,1005.77
2023-02-23 20:00:00,4.21111111111111,4.21111111111111,1.0,4.5724,327.0,0.5313000000000001,0.0,1005.85
2023-02-23 21:00:00,5.644444444444442,4.516666666666668,0.96,5.892600000000001,310.0,1.0626000000000002,0.0,1006.4
2023-02-23 22:00:00,6.027777777777779,6.027777777777779,0.94,0.7084,155.0,0.7567,0.0,1006.51
2023-02-23 23:00:00,6.038888888888888,6.038888888888888,0.96,3.22,200.0,0.4669,0.0,1006.46
2023-02-24 00:00:00,6.038888888888888,4.849999999999998,0.96,6.279,131.0,1.3846,0.0,1005.91
2023-02-24 01:00:00,5.477777777777778,2.816666666666667,0.97,12.203800000000001,157.0,6.0697,0.0,1006.06
2023-02-24 02:00:00,5.533333333333334,2.622222222222222,0.94,13.7011,140.0,7.728,0.0,1005.5
2023-02-24 03:00:00,5.5777777777777775,2.5555555555555562,0.94,14.49,150.0,7.728,0.0,1005.31
2023-02-24 04:00:00,4.638888888888889,2.2000000000000006,0.93,10.2074,150.0,5.9248,0.0,1005.37
2023-02-24 05:00:00,4.027777777777778,4.027777777777778,0.93,4.6046000000000005,140.0,1.6905000000000001,0.0,1005.68
2023-02-24 06:00:00,3.0055555555555538,3.0055555555555538,1.0,4.7495,130.0,0.32200000000000006,0.0,1005.58
2023-02-24 07:00:00,4.200000000000001,3.2333333333333334,0.93,4.8783,108.0,1.7871000000000004,0.0,1005.6
2023-02-24 08:00:00,6.111111111111111,4.405555555555555,0.94,8.1949,119.0,6.7942,0.0,1005.87
2023-02-24 09:00:00,8.72777777777778,6.883333333333334,0.84,11.398800000000001,129.0,7.7440999999999995,0.0,1005.71
2023-02-24 10:00:00,8.644444444444446,6.561111111111113,0.85,12.8317,157.0,8.8872,0.0,1005.41
2023-02-24 11:00:00,10.861111111111109,10.861111111111109,0.81,15.729700000000001,170.0,9.6439,0.0,1005.23
2023-02-24 12:00:00,12.022222222222222,12.022222222222222,0.73,10.996300000000002,169.0,9.6761,0.0,1004.94
2023-02-24 13:00:00,12.455555555555556,12.455555555555556,0.74,8.4686,170.0,9.3863,0.0,1004.5
2023-02-24 14:00:00,12.600000000000001,12.600000000000001,0.73,9.193100000000001,119.0,8.0017,0.0,1004.33
2023-02-24 15:00:00,13.666666666666666,13.666666666666666,0.68,9.3541,98.0,9.9015,0.0,1003.94
2023-02-24 16:00:00,13.694444444444445,13.694444444444445,0.68,7.3899,109.0,9.7405,0.0,1003.84
2023-02-24 17:00:00,11.972222222222221,11.972222222222221,0.73,4.4114,51.0,7.824600000000001,0.0,1004.07
2023-02-24 18:00:00,9.816666666666668,8.599999999999998,0.84,9.032100000000002,27.0,6.9069,0.0,1004.57
2023-02-24 19:00:00,8.81111111111111,7.200000000000001,0.89,10.143,35.0,7.357700000000001,0.0,1005.2
2023-02-24 20:00:00,7.244444444444444,5.1611111111111105,0.87,11.0285,18.0,6.0697,0.0,1005.38
2023-02-24 21:00:00,6.761111111111112,5.5777777777777775,0.93,6.6493,18.0,6.0697,0.0,1005.77
2023-02-24 22:00:00,5.450000000000001,4.3277777777777775,0.93,5.7799000000000005,342.0,4.9588,0.0,1006.24
2023-02-24 23:00:00,4.749999999999998,3.250000000000001,0.92,6.601,324.0,2.0769,0.0,1006.46
2023-02-25 00:00:00,4.749999999999998,2.155555555555557,0.96,11.0285,323.0,2.0769,0.0,1006.65
2023-02-25 01:00:00,5.816666666666666,3.7277777777777783,0.96,9.6278,349.0,4.1699,0.0,1006.71
2023-02-25 02:00:00,5.694444444444445,5.694444444444445,0.96,2.6726,69.0,1.61,0.0,1006.77
2023-02-25 03:00:00,5.1611111111111105,5.1611111111111105,0.96,3.6547,336.0,3.059,0.0,1006.68
2023-02-25 04:00:00,5.233333333333334,3.377777777777777,0.96,8.1788,318.0,3.1717,0.0,1006.9
2023-02-25 05:00:00,4.122222222222224,1.3722222222222216,0.92,11.1895,292.0,0.8533000000000001,0.0,1007.27
2023-02-25 06:00:00,5.072222222222224,2.4833333333333325,0.93,11.3505,302.0,1.3202,0.0,1007.67
2023-02-25 07:00:00,6.1388888888888875,3.3888888888888897,0.94,13.5884,323.0,1.6422,0.0,1007.92
2023-02-25 08:00:00,7.155555555555556,4.2944444444444425,0.93,15.955100000000002,320.0,3.059,0.0,1008.39
2023-02-25 09:00:00,7.711111111111112,5.144444444444443,0.89,14.731500000000002,339.0,3.5581,0.0,1008.69
2023-02-25 10:00:00,8.666666666666666,6.422222222222223,0.9,13.9909,349.0,3.9767000000000006,0.0,1008.83
2023-02-25 11:00:00,8.916666666666664,6.905555555555555,0.83,12.7512,358.0,6.295100000000001,0.0,1008.9
2023-02-25 12:00:00,8.894444444444442,6.422222222222223,0.83,16.1483,351.0,6.295100000000001,0.0,1008.99
2023-02-25 13:00:00,8.877777777777775,6.738888888888891,0.88,13.5884,1.0,6.230700000000001,0.0,1009.12
2023-02-25 14:00:00,7.8500000000000005,4.994444444444445,0.95,17.1787,1.0,4.1699,0.0,1009.17
2023-02-25 15:00:00,7.777777777777778,5.499999999999999,0.96,12.847800000000001,0.0,4.0733,0.0,1009.47
2023-02-25 16:00:00,7.805555555555554,5.683333333333332,0.96,11.914000000000001,349.0,3.9445000000000006,0.0,1009.7
2023-02-25 17:00:00,7.755555555555556,5.7222222222222205,0.96,11.3505,352.0,3.6064000000000007,0.0,1009.97
2023-02-25 18:00:00,7.711111111111112,5.966666666666668,0.96,9.6922,333.0,3.6064000000000007,0.0,1010.49
2023-02-25 19:00:00,7.666666666666665,5.766666666666668,0.96,10.513300000000001,332.0,3.3005,0.0,1010.94
2023-02-25 20:00:00,7.155555555555556,4.794444444444446,1.0,12.5419,314.0,4.1216,0.0,1011.2
2023-02-25 21:00:00,7.105555555555555,5.0166666666666675,0.96,10.9319,305.0,5.0393,0.0,1011.61
2023-02-25 22:00:00,7.172222222222221,4.894444444444446,0.94,12.058900000000001,296.0,4.5724,0.0,1012.09
2023-02-25 23:00:00,6.577777777777779,4.41111111111111,0.96,10.7548,285.0,4.9910000000000005,0.0,1012.49
2023-02-26 00:00:00,6.555555555555554,4.355555555555558,0.93,10.8997,294.0,6.9874,0.0,1012.8
2023-02-26 01:00:00,6.133333333333333,4.083333333333334,0.96,9.7405,286.0,6.359500000000001,0.0,1013.44
2023-02-26 02:00:00,6.044444444444446,4.8888888888888875,0.96,6.1502,276.0,7.905100000000001,0.0,1013.58
2023-02-26 03:00:00,6.044444444444446,3.788888888888889,0.96,10.6582,273.0,6.9391,0.0,1013.88
2023-02-26 04:00:00,6.022222222222224,3.9055555555555563,0.94,9.9498,287.0,6.279,0.0,1014.14
2023-02-26 05:00:00,6.022222222222224,3.7277777777777783,0.93,10.835300000000002,302.0,8.8389,0.0,1014.48
2023-02-26 06:00:00,6.022222222222224,4.494444444444446,0.93,7.438200000000001,254.0,2.5921000000000003,0.0,1014.86
2023-02-26 07:00:00,4.994444444444445,2.5166666666666675,1.0,10.722600000000002,266.0,1.3846,0.0,1015.28
2023-02-26 08:00:00,5.027777777777776,2.049999999999999,1.0,13.4435,273.0,1.2880000000000003,0.0,1015.88
2023-02-26 09:00:00,6.066666666666667,3.3388888888888877,0.93,13.3469,262.0,1.8998,0.0,1016.45
2023-02-26 10:00:00,6.044444444444446,3.6388888888888875,0.94,11.4471,276.0,3.2522,0.0,1016.9
2023-02-26 11:00:00,7.105555555555555,4.544444444444444,0.93,13.765500000000001,273.0,3.4937,0.0,1017.06
2023-02-26 12:00:00,7.127777777777776,4.344444444444445,0.86,15.3433,272.0,3.4454000000000002,0.0,1017.34
2023-02-26 13:00:00,7.088888888888888,4.644444444444444,0.87,12.976600000000001,257.0,4.1055,0.0,1017.42
2023-02-26 14:00:00,7.177777777777779,4.57222222222222,0.86,14.1358,272.0,3.8801000000000005,0.0,1017.51
2023-02-26 15:00:00,6.161111111111113,3.3333333333333335,0.93,14.0875,262.0,3.8801000000000005,0.0,1017.71
2023-02-26 16:00:00,6.144444444444446,3.6777777777777763,0.92,11.8979,276.0,4.652900000000001,0.0,1017.76
2023-02-26 17:00:00,6.111111111111111,3.2888888888888896,0.86,14.007,281.0,4.347,0.0,1017.69
2023-02-26 18:00:00,6.0888888888888895,4.094444444444443,0.87,9.434600000000001,261.0,5.892600000000001,0.0,1018.38
2023-02-26 19:00:00,6.077777777777777,4.033333333333332,0.87,9.66,227.0,8.0661,0.0,1019.18
2023-02-26 20:00:00,6.038888888888888,3.738888888888887,0.87,10.8836,231.0,6.810300000000001,0.0,1019.28
2023-02-26 21:00:00,5.511111111111112,3.0555555555555554,0.89,11.125100000000002,230.0,5.892600000000001,0.0,1019.27
2023-02-26 22:00:00,5.033333333333335,3.877777777777776,0.9,5.699400000000001,270.0,7.3094,0.0,1018.74
2023-02-26 23:00:00,4.466666666666666,1.8611111111111118,0.92,10.835300000000002,181.0,5.9248,0.0,1018.65
2023-02-27 00:00:00,4.466666666666666,3.0944444444444446,0.96,6.1019000000000005,171.0,6.8747,0.0,1018.56
2023-02-27 01:00:00,4.594444444444446,4.594444444444446,0.93,4.186000000000001,231.0,8.1305,0.0,1018.04
2023-02-27 02:00:00,4.444444444444445,3.0277777777777795,0.92,6.2146,173.0,7.8084999999999996,0.0,1017.79
2023-02-27 03:00:00,4.377777777777779,4.377777777777779,0.93,3.22,190.0,5.957000000000001,0.0,1017.28
2023-02-27 04:00:00,4.405555555555555,3.150000000000001,0.96,5.7316,153.0,5.618900000000001,0.0,1016.87
2023-02-27 05:00:00,4.883333333333333,4.01111111111111,0.94,4.8944,133.0,4.395300000000001,0.0,1016.78
2023-02-27 06:00:00,3.866666666666667,3.866666666666667,0.93,4.7495,151.0,2.5438,0.0,1016.48
2023-02-27 07:00:00,4.727777777777777,4.727777777777777,0.94,4.2021,128.0,2.2218,0.0,1016.43
2023-02-27 08:00:00,4.955555555555557,4.955555555555557,0.94,4.7495,130.0,2.9946,0.0,1016.58
2023-02-27 09:00:00,6.016666666666666,6.016666666666666,0.87,3.4293,107.0,5.9248,0.0,1016.31
2023-02-27 10:00:00,7.094444444444446,5.82222222222222,0.75,7.148400000000001,100.0,7.615300000000001,0.0,1015.91
2023-02-27 11:00:00,7.733333333333334,7.733333333333334,0.71,4.83,93.0,7.905100000000001,0.0,1015.81
2023-02-27 12:00:00,7.733333333333334,6.1833333333333345,0.76,8.790600000000001,33.0,8.05,0.0,1015.24
2023-02-27 13:00:00,7.88888888888889,6.633333333333332,0.71,7.5992,40.0,9.8049,0.0,1014.44
2023-02-27 14:00:00,8.794444444444444,7.066666666666666,0.71,10.8031,40.0,9.982000000000001,0.0,1014.04
2023-02-27 15:00:00,7.777777777777778,5.594444444444445,0.82,12.2843,21.0,8.1305,0.0,1013.92
2023-02-27 16:00:00,7.922222222222221,6.050000000000001,0.76,10.6099,24.0,8.774500000000002,0.0,1013.63
2023-02-27 17:00:00,7.733333333333334,5.78888888888889,0.83,10.787,22.0,7.212800000000001,0.0,1013.44
2023-02-27 18:00:00,7.200000000000001,5.127777777777776,0.86,10.8997,20.0,6.1985,0.0,1013.56
2023-02-27 19:00:00,7.26111111111111,5.499999999999999,0.86,9.3863,20.0,6.7298,0.0,1013.99
2023-02-27 20:00:00,7.105555555555555,5.022222222222222,0.86,10.8836,19.0,7.084000000000001,0.0,1014.06
2023-02-27 21:00:00,6.577777777777779,4.383333333333334,0.89,10.8836,19.0,6.0697,0.0,1014.46
2023-02-27 22:00:00,6.672222222222221,4.122222222222224,0.9,13.041,10.0,6.6493,0.0,1014.65
2023-02-27 23:00:00,6.527777777777778,4.322222222222223,0.89,10.9158,0.0,6.0697,0.0,1014.78
2023-02-28 00:00:00,6.527777777777778,3.8222222222222237,0.87,13.8299,9.0,6.021400000000001,0.0,1014.97
2023-02-28 01:00:00,6.066666666666667,3.7277777777777783,0.9,11.109000000000002,2.0,6.617100000000001,0.0,1015.13
2023-02-28 02:00:00,6.016666666666666,3.2055555555555575,0.9,13.781600000000001,19.0,3.9767000000000006,0.0,1015.08
2023-02-28 03:00:00,5.511111111111112,2.5833333333333326,0.93,13.7977,359.0,4.83,0.0,1015.18
2023-02-28 04:00:00,5.550000000000001,2.638888888888889,0.94,13.7494,352.0,5.618900000000001,0.0,1015.26
2023-02-28 05:00:00,5.95,3.0888888888888903,0.94,14.007,349.0,3.9284000000000003,0.0,1015.58
2023-02-28 06:00:00,4.927777777777776,1.8333333333333317,0.94,14.039200000000001,330.0,3.0107000000000004,0.0,1016.07
2023-02-28 07:00:00,5.011111111111113,1.8000000000000012,0.94,14.876400000000002,341.0,3.7191000000000005,0.0,1016.53
2023-02-28 08:00:00,5.994444444444444,2.716666666666667,0.87,16.9694,330.0,4.83,0.0,1017.16
2023-02-28 09:00:00,6.044444444444446,2.9666666666666686,0.87,15.6009,339.0,5.957000000000001,0.0,1017.47
2023-02-28 10:00:00,6.0555555555555545,3.099999999999999,0.88,14.7798,340.0,6.0375000000000005,0.0,1017.95
2023-02-28 11:00:00,7.177777777777779,4.849999999999998,0.86,12.380900000000002,340.0,4.9427,0.0,1018.45
2023-02-28 12:00:00,7.200000000000001,4.849999999999998,0.86,12.525800000000002,341.0,4.9910000000000005,0.0,1018.63
2023-02-28 13:00:00,7.205555555555555,4.644444444444444,0.87,13.894300000000003,333.0,6.9874,0.0,1018.37
2023-02-28 14:00:00,7.755555555555556,5.3,0.83,14.023100000000003,330.0,7.1323,0.0,1018.24
2023-02-28 15:00:00,7.733333333333334,5.805555555555557,0.83,10.706500000000002,340.0,8.0983,0.0,1018.14
2023-02-28 16:00:00,7.73888888888889,5.922222222222221,0.84,10.126900000000001,340.0,7.8729,0.0,1018.27
2023-02-28 17:00:00,7.711111111111112,6.038888888888888,0.84,9.3541,340.0,7.212800000000001,0.0,1018.62
2023-02-28 18:00:00,7.155555555555556,7.155555555555556,0.87,4.83,340.0,6.295100000000001,0.0,1018.72
2023-02-28 19:00:00,7.1000000000000005,7.1000000000000005,0.88,1.6744,321.0,7.5187,0.0,1019.16
2023-02-28 20:00:00,7.083333333333333,7.083333333333333,0.87,3.1556,278.0,6.118,0.0,1019.51
2023-02-28 21:00:00,6.577777777777779,5.505555555555554,0.93,6.1502,270.0,6.0697,0.0,1019.62
2023-02-28 22:00:00,6.461111111111112,6.461111111111112,0.91,2.9946,294.0,6.488300000000001,0.0,1019.59
2023-02-28 23:00:00,5.95,5.95,0.94,3.22,270.0,5.8765,0.0,1019.42
2023-03-01 00:00:00,5.899999999999999,5.899999999999999,0.94,3.22,250.0,5.8765,0.0,1019.33
2023-03-01 01:00:00,5.999999999999998,5.999999999999998,0.94,2.9785000000000004,273.0,6.1502,0.0,1019.54
2023-03-01 02:00:00,5.994444444444444,5.994444444444444,0.94,3.1234,267.0,4.83,0.0,1019.1
2023-03-01 03:00:00,5.488888888888891,5.488888888888891,0.94,2.898,258.0,4.83,0.0,1018.48
2023-03-01 04:00:00,5.511111111111112,4.372222222222221,0.94,5.8604,143.0,5.2325,0.0,1018.12
2023-03-01 05:00:00,4.927777777777776,4.927777777777776,1.0,3.0751,200.0,4.8139,0.0,1018.08
2023-03-01 06:00:00,4.955555555555557,4.955555555555557,1.0,3.059,237.0,3.4293,0.0,1017.8
2023-03-01 07:00:00,5.966666666666668,5.966666666666668,0.94,0.6762,189.0,2.9946,0.0,1017.93
2023-03-01 08:00:00,5.994444444444444,4.4222222222222225,0.94,7.615300000000001,170.0,3.0107000000000004,0.0,1017.97
2023-03-01 09:00:00,7.105555555555555,5.022222222222222,0.87,10.8997,189.0,4.8461,0.0,1017.76
2023-03-01 10:00:00,7.233333333333336,4.938888888888889,0.93,12.2521,195.0,4.7656,0.0,1017.37
2023-03-01 11:00:00,7.733333333333334,5.294444444444445,0.83,13.8782,200.0,6.0697,0.0,1017.38
2023-03-01 12:00:00,7.777777777777778,5.555555555555555,0.83,12.525800000000002,201.0,6.118,0.0,1016.96
2023-03-01 13:00:00,8.805555555555555,6.9555555555555575,0.79,11.511500000000002,187.0,8.500800000000002,0.0,1015.82
2023-03-01 14:00:00,7.827777777777779,5.377777777777777,0.83,14.0875,182.0,7.1323,0.0,1015.07
2023-03-01 15:00:00,7.755555555555556,5.538888888888888,0.83,12.4292,182.0,7.1323,0.0,1014.39
2023-03-01 16:00:00,7.805555555555554,5.0666666666666655,0.83,16.1966,232.0,6.230700000000001,0.0,1014.23
2023-03-01 17:00:00,7.222222222222222,4.444444444444445,0.79,15.423800000000002,239.0,6.1985,0.0,1013.9
2023-03-01 18:00:00,7.200000000000001,4.894444444444446,0.8,12.2682,210.0,6.1985,0.0,1014.17
2023-03-01 19:00:00,6.15,3.955555555555554,0.81,10.465,204.0,6.7298,0.0,1014.14
2023-03-01 20:00:00,5.050000000000002,2.8999999999999995,0.93,9.2575,209.0,6.118,0.0,1013.98
2023-03-01 21:00:00,5.466666666666669,3.0833333333333317,0.87,10.722600000000002,209.0,6.0697,0.0,1014.16
2023-03-01 22:00:00,4.533333333333331,2.016666666666668,0.93,10.465,201.0,6.6493,0.0,1014.23
2023-03-01 23:00:00,4.444444444444445,1.81111111111111,0.93,10.9158,189.0,5.9731000000000005,0.0,1014.14
2023-03-02 00:00:00,4.4222222222222225,1.81111111111111,0.96,10.8031,170.0,4.4436,0.0,1013.76
2023-03-02 01:00:00,4.111111111111111,2.616666666666667,0.93,6.3112,195.0,5.699400000000001,0.0,1013.79
2023-03-02 02:00:00,4.3277777777777775,1.7055555555555557,0.96,10.787,180.0,4.025,0.0,1013.47
2023-03-02 03:00:00,3.2444444444444462,0.3777777777777776,0.96,10.8836,181.0,3.1395,0.0,1013.06
2023-03-02 04:00:00,3.6388888888888875,0.472222222222223,0.95,12.8156,196.0,4.6368,0.0,1012.31
2023-03-02 05:00:00,2.8277777777777797,-0.4555555555555557,0.96,12.4936,200.0,5.1359,0.0,1012.76
2023-03-02 06:00:00,2.8277777777777797,-0.7277777777777771,0.96,13.9426,200.0,5.1359,0.0,1012.54
2023-03-02 07:00:00,4.927777777777776,2.2166666666666677,0.87,11.817400000000001,199.0,6.7781,0.0,1012.46
2023-03-02 08:00:00,5.994444444444444,3.1444444444444426,0.8,14.007,180.0,8.05,0.0,1011.82
2023-03-02 09:00:00,8.794444444444444,5.566666666666668,0.72,23.2162,190.0,11.8979,0.0,1011.62
2023-03-02 10:00:00,11.883333333333333,11.883333333333333,0.62,32.4576,213.0,14.168000000000003,0.0,1010.99
2023-03-02 11:00:00,12.222222222222221,12.222222222222221,0.65,34.14810000000001,200.0,15.1823,0.0,1010.19
2023-03-02 12:00:00,12.822222222222221,12.822222222222221,0.63,31.427200000000003,220.0,14.9086,0.0,1009.13
2023-03-02 13:00:00,12.977777777777778,12.977777777777778,0.61,32.8279,213.0,15.3111,0.0,1008.66
2023-03-02 14:00:00,12.777777777777779,12.777777777777779,0.64,26.758200000000002,220.0,15.826300000000002,0.0,1007.76
2023-03-02 15:00:00,12.177777777777779,12.177777777777779,0.72,15.874600000000001,202.0,15.826300000000002,0.0,1007.65
2023-03-02 16:00:00,11.094444444444443,11.094444444444443,0.78,21.960400000000003,222.0,6.118,0.0,1007.63
2023-03-02 17:00:00,9.905555555555555,7.872222222222224,0.87,14.5383,242.0,4.2021,0.0,1008.24
2023-03-02 18:00:00,8.866666666666667,6.900000000000001,0.93,12.380900000000002,221.0,4.2987,0.0,1008.44
2023-03-02 19:00:00,8.900000000000002,7.477777777777779,0.93,9.2414,218.0,4.2665,0.0,1009.26
2023-03-02 20:00:00,8.77222222222222,6.555555555555554,0.89,13.9909,252.0,4.5724,0.0,1009.89
2023-03-02 21:00:00,8.72777777777778,6.900000000000001,0.89,11.3183,299.0,8.420300000000001,0.0,1010.34
2023-03-02 22:00:00,8.211111111111112,5.666666666666668,0.85,15.4721,302.0,9.853200000000001,0.0,1011.39
2023-03-02 23:00:00,7.66111111111111,5.155555555555556,0.8,14.2002,318.0,10.255700000000001,0.0,1011.58
2023-03-03 00:00:00,7.1499999999999995,4.100000000000001,0.76,17.4202,300.0,10.255700000000001,0.0,1012.55
2023-03-03 01:00:00,6.533333333333332,3.8499999999999996,0.8,13.7172,314.0,14.3934,0.0,1013.38
2023-03-03 02:00:00,5.46111111111111,1.9666666666666661,0.79,17.5973,309.0,15.1823,0.0,1014.19
2023-03-03 03:00:00,4.927777777777776,0.42777777777777953,0.76,25.164300000000004,309.0,15.1823,0.0,1015.0
2023-03-03 04:00:00,4.41111111111111,0.022222222222221748,0.74,22.717100000000002,312.0,14.3934,0.0,1016.28
2023-03-03 05:00:00,3.816666666666665,0.7888888888888899,0.77,12.2682,337.0,15.1823,0.0,1016.9
2023-03-03 06:00:00,5.927777777777779,1.2388888888888872,0.62,30.493400000000005,319.0,15.1823,0.0,1017.99
2023-03-03 07:00:00,4.755555555555556,-0.7333333333333335,0.71,35.9996,293.0,15.1823,0.0,1019.45
2023-03-03 08:00:00,4.9333333333333345,-0.13333333333333247,0.71,31.3467,291.0,10.255700000000001,0.0,1020.65
2023-03-03 09:00:00,7.177777777777779,2.3555555555555565,0.51,37.8189,310.0,9.982000000000001,0.0,1021.45
2023-03-03 10:00:00,7.6277777777777755,3.099999999999999,0.56,35.5488,313.0,10.3523,0.0,1022.16
2023-03-03 11:00:00,7.799999999999999,2.738888888888889,0.49,45.530800000000006,309.0,9.982000000000001,0.0,1022.16
2023-03-03 12:00:00,7.822222222222221,2.855555555555556,0.52,43.840300000000006,300.0,10.255700000000001,0.0,1022.82
2023-03-03 13:00:00,8.877777777777775,4.43888888888889,0.46,40.877900000000004,312.0,10.577700000000002,0.0,1022.84
2023-03-03 14:00:00,8.905555555555557,4.655555555555557,0.48,37.7867,310.0,10.255700000000001,0.0,1023.04
2023-03-03 15:00:00,8.955555555555556,4.655555555555557,0.37,38.8493,300.0,10.255700000000001,0.0,1023.33
2023-03-03 16:00:00,8.172222222222224,4.53888888888889,0.4,25.76,311.0,10.577700000000002,0.0,1023.96
2023-03-03 17:00:00,7.311111111111109,3.955555555555554,0.4,20.3987,290.0,16.1,0.0,1024.29
2023-03-03 18:00:00,4.088888888888889,0.7833333333333314,0.6,14.1519,280.0,16.1,0.0,1024.79
2023-03-03 19:00:00,3.2722222222222226,0.03888888888888905,0.57,12.719000000000001,272.0,15.1823,0.0,1025.56
2023-03-03 20:00:00,2.2222222222222223,-0.4833333333333339,0.64,9.3541,278.0,16.1,0.0,1025.8
2023-03-03 21:00:00,2.550000000000002,2.550000000000002,0.59,1.61,155.0,16.1,0.0,1026.29
2023-03-03 22:00:00,2.0111111111111097,0.5555555555555556,0.68,5.361300000000001,205.0,15.150100000000002,0.0,1026.39
2023-03-03 23:00:00,1.5333333333333323,-1.7111111111111101,0.7,11.0285,172.0,15.922900000000002,0.0,1026.67
2023-03-04 00:00:00,0.5388888888888883,-1.6111111111111103,0.78,6.601,202.0,16.0517,0.0,1026.68
2023-03-04 01:00:00,0.044444444444443496,-1.8944444444444446,0.79,5.8443000000000005,145.0,15.1823,0.0,1026.95
2023-03-04 02:00:00,0.011111111111112848,-2.2500000000000004,0.78,6.6493,181.0,16.1,0.0,1026.37
2023-03-04 03:00:00,-1.5888888888888886,-4.033333333333335,0.87,6.4722,171.0,15.1823,0.0,1026.15
2023-03-04 04:00:00,-0.8388888888888898,-4.249999999999999,0.79,9.837100000000001,146.0,11.914000000000001,0.0,1025.73
2023-03-04 05:00:00,-1.1777777777777783,-4.905555555555555,0.81,10.770900000000001,141.0,15.1823,0.0,1025.65
2023-03-04 06:00:00,-2.127777777777777,-4.0166666666666675,0.81,5.055400000000001,145.0,15.1823,0.0,1025.05
2023-03-04 07:00:00,-0.03888888888888905,-3.099999999999999,0.82,9.1126,146.0,14.3934,0.0,1025.34
2023-03-04 08:00:00,2.177777777777779,-1.7833333333333339,0.72,15.439900000000002,151.0,16.1,0.0,1025.25
2023-03-04 09:00:00,5.027777777777776,1.4888888888888887,0.65,17.146500000000003,161.0,16.1,0.0,1024.73
2023-03-04 10:00:00,7.6111111111111125,4.41111111111111,0.57,19.706400000000002,171.0,15.1823,0.0,1024.71
2023-03-04 11:00:00,8.93888888888889,5.7222222222222205,0.45,23.506,171.0,16.1,0.0,1024.35
2023-03-04 12:00:00,10.027777777777777,10.027777777777777,0.41,23.3289,172.0,10.255700000000001,0.0,1023.55
2023-03-04 13:00:00,10.988888888888889,10.988888888888889,0.42,16.583000000000002,174.0,10.577700000000002,0.0,1023.32
2023-03-04 14:00:00,10.094444444444445,10.094444444444445,0.45,13.0571,175.0,10.255700000000001,0.0,1022.78
2023-03-04 15:00:00,10.050000000000002,10.050000000000002,0.49,10.5616,226.0,10.255700000000001,0.0,1022.53
2023-03-04 16:00:00,9.027777777777779,9.027777777777779,0.56,3.5581,227.0,10.577700000000002,0.0,1022.42
2023-03-04 17:00:00,8.838888888888887,8.350000000000001,0.58,5.3291,23.0,10.255700000000001,0.0,1022.63
2023-03-04 18:00:00,7.705555555555555,4.322222222222223,0.67,21.670600000000004,9.0,15.1823,0.0,1022.75
2023-03-04 19:00:00,7.177777777777779,4.322222222222223,0.64,15.955100000000002,17.0,10.2235,0.0,1023.32
2023-03-04 20:00:00,6.083333333333335,3.0333333333333337,0.69,15.4721,359.0,16.1,0.0,1023.97
2023-03-04 21:00:00,6.016666666666666,3.138888888888888,0.69,14.1841,0.0,16.1,0.0,1024.18
2023-03-04 22:00:00,5.472222222222223,1.3666666666666671,0.75,22.8459,2.0,15.1823,0.0,1024.01
2023-03-04 23:00:00,5.438888888888888,2.049999999999999,0.73,16.7923,1.0,16.1,0.0,1024.01
2023-03-05 00:00:00,4.905555555555555,0.9777777777777766,0.73,19.8674,1.0,16.1,0.0,1024.1
2023-03-05 01:00:00,4.400000000000001,0.8388888888888878,0.79,16.1966,27.0,15.1823,0.0,1024.39
2023-03-05 02:00:00,4.372222222222221,0.26111111111111046,0.68,20.253800000000002,29.0,16.1,0.0,1024.49
2023-03-05 03:00:00,3.838888888888887,0.011111111111112848,0.65,17.114300000000004,30.0,16.1,0.0,1024.5
2023-03-05 04:00:00,3.8611111111111125,-0.7500000000000008,0.64,23.377200000000002,20.0,15.1823,0.0,1024.28
2023-03-05 05:00:00,3.305555555555557,-1.594444444444445,0.65,24.552500000000002,20.0,16.1,0.0,1024.63
2023-03-05 06:00:00,3.2833333333333314,-1.1111111111111112,0.68,20.2699,20.0,16.0517,0.0,1024.73
2023-03-05 07:00:00,2.855555555555556,-1.9333333333333336,0.67,22.4917,20.0,10.577700000000002,0.0,1024.73
2023-03-05 08:00:00,2.7777777777777777,-2.4277777777777785,0.68,25.9693,10.0,10.255700000000001,0.0,1025.05
2023-03-05 09:00:00,2.7999999999999994,-2.105555555555555,0.7,23.345000000000002,20.0,10.255700000000001,0.0,1025.43
2023-03-05 10:00:00,3.927777777777778,-0.5666666666666664,0.64,22.4917,12.0,10.577700000000002,0.0,1025.26
2023-03-05 11:00:00,4.005555555555556,-0.9111111111111114,0.64,26.645500000000002,30.0,10.255700000000001,0.0,1025.02
2023-03-05 12:00:00,5.072222222222224,0.4500000000000013,0.64,26.7743,30.0,10.255700000000001,0.0,1025.01
2023-03-05 13:00:00,6.105555555555557,1.849999999999999,0.54,26.098100000000002,29.0,10.577700000000002,0.0,1024.47
2023-03-05 14:00:00,6.227777777777778,1.8000000000000012,0.54,28.4648,31.0,16.1,0.0,1024.37
2023-03-05 15:00:00,7.200000000000001,3.1944444444444446,0.49,26.8548,41.0,10.255700000000001,0.0,1024.18
2023-03-05 16:00:00,6.188888888888889,2.2777777777777786,0.54,22.797600000000003,22.0,15.552600000000002,0.0,1024.04
2023-03-05 17:00:00,6.133333333333333,2.183333333333333,0.55,23.055200000000003,11.0,16.1,0.0,1024.21
2023-03-05 18:00:00,5.094444444444445,0.994444444444444,0.59,21.7833,11.0,10.255700000000001,0.0,1024.71
2023-03-05 19:00:00,5.033333333333335,1.122222222222224,0.59,20.0445,21.0,15.1823,0.0,1025.43
2023-03-05 20:00:00,5.0,0.8833333333333352,0.6,21.735000000000003,20.0,16.1,0.0,1025.3
2023-03-05 21:00:00,4.4222222222222225,0.30555555555555397,0.62,20.4148,30.0,16.1,0.0,1025.19
2023-03-05 22:00:00,4.366666666666666,0.3833333333333321,0.63,19.2395,29.0,15.1823,0.0,1025.99
2023-03-05 23:00:00,3.8611111111111125,-1.4999999999999996,0.62,30.9442,20.0,16.1,0.0,1026.32
2023-03-06 00:00:00,3.816666666666665,-1.2999999999999998,0.64,28.1267,20.0,16.1,0.0,1026.22
2023-03-06 01:00:00,3.3888888888888897,-1.6888888888888884,0.66,26.436200000000003,20.0,15.1823,0.0,1026.1
2023-03-06 02:00:00,2.7777777777777777,-2.3277777777777784,0.7,25.0194,20.0,16.1,0.0,1026.43
2023-03-06 03:00:00,2.1499999999999986,-3.255555555555555,0.72,26.1947,10.0,16.1,0.0,1026.55
2023-03-06 04:00:00,2.133333333333335,-3.072222222222223,0.73,24.3432,9.0,15.697500000000002,0.0,1027.03
2023-03-06 05:00:00,2.105555555555555,-3.1333333333333337,0.72,24.5847,9.0,16.1,0.0,1027.16
2023-03-06 06:00:00,2.061111111111112,-3.366666666666666,0.73,26.098100000000002,0.0,16.1,0.0,1027.93
2023-03-06 07:00:00,2.0444444444444443,-3.688888888888889,0.72,29.028300000000005,0.0,15.1823,0.0,1028.12
2023-03-06 08:00:00,2.688888888888891,-2.577777777777778,0.7,26.3074,10.0,16.1,0.0,1029.13
2023-03-06 09:00:00,3.872222222222222,-1.2333333333333327,0.69,28.175,19.0,16.1,0.0,1029.7
2023-03-06 10:00:00,5.866666666666668,1.1388888888888873,0.64,30.718799999999998,19.0,10.3523,0.0,1029.6
2023-03-06 11:00:00,7.200000000000001,3.1944444444444446,0.51,26.887,12.0,9.982000000000001,0.0,1029.84
2023-03-06 12:00:00,7.288888888888888,2.972222222222223,0.54,31.121299999999998,20.0,9.982000000000001,0.0,1030.38
2023-03-06 13:00:00,8.633333333333333,4.800000000000001,0.46,30.107,11.0,10.577700000000002,0.0,1029.77
2023-03-06 14:00:00,7.822222222222221,3.3500000000000005,0.46,35.6293,20.0,10.255700000000001,0.0,1029.42
2023-03-06 15:00:00,7.822222222222221,3.544444444444446,0.43,32.76350000000001,21.0,10.255700000000001,0.0,1029.11
2023-03-06 16:00:00,7.794444444444445,3.9499999999999997,0.46,27.048000000000002,21.0,10.577700000000002,0.0,1029.32
2023-03-06 17:00:00,7.194444444444446,2.883333333333332,0.48,30.670500000000004,11.0,10.255700000000001,0.0,1029.78
2023-03-06 18:00:00,6.061111111111109,2.1111111111111094,0.52,22.862000000000002,21.0,16.1,0.0,1030.48
2023-03-06 19:00:00,3.9333333333333322,-0.11666666666666714,0.6,18.837,19.0,15.552600000000002,0.0,1031.41
2023-03-06 20:00:00,3.7722222222222217,-0.6111111111111119,0.62,21.1715,21.0,16.1,0.0,1031.98
2023-03-06 21:00:00,3.1944444444444446,-2.0111111111111115,0.62,27.160700000000002,20.0,16.1,0.0,1032.49
2023-03-06 22:00:00,2.694444444444445,-1.7277777777777774,0.64,19.303900000000002,27.0,15.1823,0.0,1032.53
2023-03-06 23:00:00,2.105555555555555,-2.5722222222222215,0.67,20.0284,21.0,16.1,0.0,1032.93
2023-03-07 00:00:00,1.5222222222222233,-3.2888888888888896,0.65,19.9157,20.0,16.1,0.0,1033.11
2023-03-07 01:00:00,0.46111111111111014,-3.6000000000000005,0.7,13.7977,20.0,15.1823,0.0,1033.4
2023-03-07 02:00:00,-0.09444444444444539,-4.322222222222223,0.72,14.023100000000003,10.0,16.0517,0.0,1033.13
2023-03-07 03:00:00,-0.06666666666666722,-5.333333333333334,0.72,20.1894,0.0,16.0517,0.0,1032.62
2023-03-07 04:00:00,-0.7277777777777771,-5.516666666666667,0.76,16.1966,19.0,15.150100000000002,0.0,1032.98
2023-03-07 05:00:00,-1.2277777777777783,-5.622222222222224,0.78,13.6045,21.0,16.1,0.0,1033.55
2023-03-07 06:00:00,-1.338888888888889,-5.911111111111111,0.76,14.312900000000003,19.0,16.0517,0.0,1033.59
2023-03-07 07:00:00,-0.33333333333333415,-4.822222222222222,0.76,15.101800000000003,18.0,15.150100000000002,0.0,1033.35
2023-03-07 08:00:00,1.0222222222222241,-3.9777777777777774,0.69,20.3504,19.0,16.0517,0.0,1033.52
2023-03-07 09:00:00,2.805555555555554,-1.9222222222222227,0.67,21.879900000000003,12.0,16.0517,0.0,1033.81
2023-03-07 10:00:00,5.905555555555557,2.272222222222224,0.54,19.593700000000002,21.0,15.552600000000002,0.0,1034.13
2023-03-07 11:00:00,7.172222222222221,4.57222222222222,0.51,14.1358,41.0,16.1,0.0,1034.55
2023-03-07 12:00:00,8.861111111111112,6.877777777777779,0.4,12.4936,51.0,10.255700000000001,0.0,1034.36
2023-03-07 13:00:00,8.816666666666666,7.294444444444445,0.4,9.6278,60.0,10.577700000000002,0.0,1033.6
2023-03-07 14:00:00,8.933333333333332,6.727777777777778,0.37,14.1358,41.0,16.1,0.0,1033.36
2023-03-07 15:00:00,9.949999999999998,8.411111111111111,0.34,11.0768,24.0,16.1,0.0,1033.44
2023-03-07 16:00:00,8.866666666666667,7.444444444444445,0.39,9.177000000000001,41.0,15.552600000000002,0.0,1033.23
2023-03-07 17:00:00,7.755555555555556,5.572222222222223,0.43,12.2199,22.0,16.1,0.0,1033.05
2023-03-07 18:00:00,5.0,2.8611111111111103,0.56,9.177000000000001,22.0,16.1,0.0,1033.45
2023-03-07 19:00:00,3.8555555555555543,1.555555555555554,0.58,8.9677,18.0,15.1823,0.0,1033.95
2023-03-07 20:00:00,2.566666666666665,2.566666666666665,0.61,4.7012,19.0,16.1,0.0,1034.05
2023-03-07 21:00:00,1.4555555555555542,-0.42777777777777753,0.72,6.2468,359.0,15.826300000000002,0.0,1034.16
2023-03-07 22:00:00,0.43333333333333396,0.43333333333333396,0.76,4.5563,284.0,14.9569,0.0,1034.65
2023-03-07 23:00:00,0.344444444444443,0.344444444444443,0.7,3.1556,28.0,15.922900000000002,0.0,1034.45
2023-03-08 00:00:00,-1.7333333333333338,-1.7333333333333338,0.87,0.0,0.0,15.826300000000002,0.0,1034.15
2023-03-08 01:00:00,-1.977777777777777,-1.977777777777777,0.87,3.22,307.0,10.1752,0.0,1033.98
2023-03-08 02:00:00,-2.333333333333333,-2.333333333333333,0.85,3.22,20.0,8.1305,0.0,1033.95
2023-03-08 03:00:00,-3.355555555555555,-3.355555555555555,0.92,3.1878,28.0,6.295100000000001,0.0,1034.02
2023-03-08 04:00:00,-3.5944444444444437,-3.5944444444444437,0.89,3.0429,274.0,5.8604,0.0,1033.85
2023-03-08 05:00:00,-3.9555555555555566,-7.161111111111111,0.92,7.4543,149.0,5.1359,0.0,1033.94
2023-03-08 06:00:00,-4.005555555555556,-4.005555555555556,0.92,3.0751,170.0,4.6207,0.0,1034.42
2023-03-08 07:00:00,-2.3388888888888895,-2.3388888888888895,0.96,3.6547,215.0,4.1377,0.0,1034.68
2023-03-08 08:00:00,1.9555555555555573,-0.22222222222222143,0.85,7.3255,270.0,6.2468,0.0,1034.53
2023-03-08 09:00:00,4.777777777777779,3.0055555555555538,0.71,7.567000000000001,257.0,8.1305,0.0,1034.62
2023-03-08 10:00:00,7.000000000000001,5.538888888888888,0.55,7.840700000000001,230.0,14.9569,0.0,1034.54
2023-03-08 11:00:00,7.777777777777778,6.199999999999998,0.43,8.9677,236.0,15.826300000000002,0.0,1034.4
2023-03-08 12:00:00,8.916666666666664,7.755555555555556,0.37,7.969500000000001,160.0,16.1,0.0,1033.91
2023-03-08 13:00:00,9.788888888888888,9.788888888888888,0.37,2.2701000000000002,196.0,15.552600000000002,0.0,1033.3
2023-03-08 14:00:00,10.0,9.67222222222222,0.36,5.3291,332.0,16.1,0.0,1032.41
2023-03-08 15:00:00,10.0,9.044444444444444,0.34,7.889000000000001,84.0,16.1,0.0,1031.71
2023-03-08 16:00:00,9.899999999999999,9.07777777777778,0.36,7.1806,87.0,15.552600000000002,0.0,1031.41
2023-03-08 17:00:00,8.816666666666666,8.816666666666666,0.44,1.9803000000000002,69.0,16.1,0.0,1031.22
2023-03-08 18:00:00,7.105555555555555,7.105555555555555,0.46,4.4919,156.0,16.1,0.0,1031.73
2023-03-08 19:00:00,3.9722222222222214,3.9722222222222214,0.59,2.6726,330.0,15.1823,0.0,1031.87
2023-03-08 20:00:00,2.666666666666665,2.666666666666665,0.68,3.0751,30.0,10.255700000000001,0.0,1031.73
2023-03-08 21:00:00,0.9722222222222222,0.9722222222222222,0.73,3.0751,0.0,16.0517,0.0,1031.93
2023-03-08 22:00:00,0.8222222222222205,0.8222222222222205,0.78,3.4615,263.0,14.9569,0.0,1031.57
2023-03-08 23:00:00,0.3722222222222232,-3.0388888888888883,0.82,10.7548,190.0,14.812,0.0,1031.43
2023-03-09 00:00:00,-0.22777777777777786,-2.4444444444444438,0.89,6.44,180.0,8.05,0.0,1031.62
2023-03-09 01:00:00,-0.6611111111111119,-2.738888888888889,0.89,5.9409,181.0,7.550900000000001,0.0,1031.65
2023-03-09 02:00:00,-1.25,-1.25,0.86,3.059,233.0,7.1645,0.0,1031.5
2023-03-09 03:00:00,-1.2722222222222217,-1.2722222222222217,0.88,0.0,0.0,6.1985,0.0,1031.3
2023-03-09 04:00:00,-1.7166666666666666,-1.7166666666666666,0.9,2.9624,330.0,6.7298,0.0,1031.15
2023-03-09 05:00:00,-2.9166666666666665,-2.9166666666666665,0.92,0.0,0.0,6.166300000000001,0.0,1031.32
2023-03-09 06:00:00,-2.45,-2.45,0.96,0.0,0.0,7.905100000000001,0.0,1031.24
2023-03-09 07:00:00,0.7722222222222226,0.7722222222222226,0.87,4.5724,30.0,8.227100000000002,0.0,1031.26
2023-03-09 08:00:00,2.6444444444444435,0.4555555555555557,0.77,7.760200000000001,9.0,11.8496,0.0,1031.52
2023-03-09 09:00:00,6.0888888888888895,6.0888888888888895,0.65,3.4293,333.0,11.8979,0.0,1031.51
2023-03-09 10:00:00,7.816666666666666,7.816666666666666,0.49,2.3184,335.0,13.9909,0.0,1031.13
2023-03-09 11:00:00,8.88888888888889,7.872222222222224,0.46,7.3094,342.0,16.1,0.0,1030.9
2023-03-09 12:00:00,10.027777777777777,10.027777777777777,0.42,9.032100000000002,21.0,16.1,0.0,1030.5
2023-03-09 13:00:00,10.950000000000001,10.950000000000001,0.4,8.162700000000001,6.0,15.552600000000002,0.0,1029.79
2023-03-09 14:00:00,11.183333333333334,11.183333333333334,0.39,8.8872,29.0,16.1,0.0,1029.01
2023-03-09 15:00:00,12.200000000000001,12.200000000000001,0.37,9.982000000000001,352.0,16.1,0.0,1028.5
2023-03-09 16:00:00,12.027777777777779,12.027777777777779,0.37,7.776300000000001,336.0,15.552600000000002,0.0,1028.26
2023-03-09 17:00:00,10.02222222222222,10.02222222222222,0.46,7.583100000000001,320.0,16.1,0.0,1028.3
2023-03-09 18:00:00,6.25,4.694444444444446,0.55,7.6796999999999995,299.0,16.1,0.0,1028.33
2023-03-09 19:00:00,5.255555555555556,5.255555555555556,0.63,4.7978000000000005,317.0,15.1823,0.0,1028.71
2023-03-09 20:00:00,4.911111111111113,2.627777777777776,0.65,9.724400000000001,329.0,15.826300000000002,0.0,1028.75
2023-03-09 21:00:00,3.800000000000002,2.1888888888888878,0.7,6.5205,320.0,14.860300000000002,0.0,1028.74
2023-03-09 22:00:00,2.4944444444444454,0.7222222222222207,0.72,6.3756,321.0,14.1197,0.0,1028.75
2023-03-09 23:00:00,2.716666666666667,0.9611111111111094,0.7,6.423900000000001,328.0,14.860300000000002,0.0,1028.64
2023-03-10 00:00:00,1.0444444444444458,-0.9888888888888895,0.78,6.488300000000001,329.0,14.812,0.0,1028.62
2023-03-10 01:00:00,1.6499999999999995,1.6499999999999995,0.76,3.3166,333.0,14.0875,0.0,1028.58
2023-03-10 02:00:00,-0.06666666666666722,-0.06666666666666722,0.85,3.3649,326.0,8.05,0.0,1028.9
2023-03-10 03:00:00,-0.1388888888888889,-3.7777777777777777,0.85,11.270000000000001,310.0,14.812,0.0,1028.05
2023-03-10 04:00:00,-0.5333333333333338,-0.5333333333333338,0.88,3.4132000000000002,309.0,9.9015,0.0,1027.58
2023-03-10 05:00:00,-1.2000000000000002,-1.2000000000000002,0.88,0.3703,300.0,8.05,0.0,1027.92
2023-03-10 06:00:00,-1.2222222222222219,-1.2222222222222219,0.92,3.0268,193.0,4.0733,0.0,1027.64
2023-03-10 07:00:00,-0.11111111111111072,-2.155555555555555,0.87,6.0536,164.0,6.295100000000001,0.0,1028.03
2023-03-10 08:00:00,4.844444444444444,4.844444444444444,0.71,0.1449,310.0,8.0017,0.0,1028.04
2023-03-10 09:00:00,7.249999999999998,7.249999999999998,0.6,2.9946,234.0,9.9015,0.0,1027.43
2023-03-10 10:00:00,9.944444444444445,9.944444444444445,0.5,1.4812,232.0,15.021300000000002,0.0,1027.14
2023-03-10 11:00:00,12.222222222222221,12.222222222222221,0.4,4.8461,266.0,16.0517,0.0,1026.51
2023-03-10 12:00:00,12.777777777777779,12.777777777777779,0.35,10.980200000000002,281.0,16.0517,0.0,1025.81
2023-03-10 13:00:00,13.755555555555553,13.755555555555553,0.33,4.7978000000000005,262.0,15.552600000000002,0.0,1024.84
2023-03-10 14:00:00,13.93888888888889,13.93888888888889,0.33,4.7656,330.0,16.1,0.0,1024.1
2023-03-10 15:00:00,13.88888888888889,13.88888888888889,0.31,7.550900000000001,356.0,15.1823,0.0,1023.51
2023-03-10 16:00:00,12.872222222222224,12.872222222222224,0.34,0.4025,166.0,14.7637,0.0,1023.15
2023-03-10 17:00:00,12.288888888888888,12.288888888888888,0.35,1.7710000000000004,196.0,12.2521,0.0,1022.81
2023-03-10 18:00:00,10.094444444444445,10.094444444444445,0.49,4.7978000000000005,184.0,10.255700000000001,0.0,1023.0
2023-03-10 19:00:00,8.805555555555555,7.616666666666668,0.58,7.985600000000001,203.0,8.420300000000001,0.0,1023.23
2023-03-10 20:00:00,7.622222222222222,6.25,0.68,7.921200000000001,172.0,8.1305,0.0,1023.19
2023-03-10 21:00:00,7.094444444444446,6.061111111111109,0.7,6.279,173.0,8.1305,0.0,1023.09
2023-03-10 22:00:00,7.188888888888887,5.172222222222223,0.71,10.5938,191.0,8.420300000000001,0.0,1022.88
2023-03-10 23:00:00,6.605555555555556,3.888888888888889,0.69,14.023100000000003,222.0,8.372000000000002,0.0,1021.91
2023-03-11 00:00:00,5.972222222222222,3.661111111111113,0.73,10.8836,232.0,8.227100000000002,0.0,1021.69
2023-03-11 01:00:00,5.105555555555554,3.877777777777776,0.76,5.957000000000001,206.0,8.500800000000002,0.0,1021.41
2023-03-11 02:00:00,4.355555555555558,2.9666666666666686,0.76,6.1019000000000005,183.0,8.1305,0.0,1020.8
2023-03-11 03:00:00,3.7777777777777763,2.2777777777777786,0.82,6.166300000000001,193.0,9.064300000000001,0.0,1020.02
2023-03-11 04:00:00,3.377777777777777,1.6777777777777796,0.85,6.5849,264.0,9.193100000000001,0.0,1019.83
2023-03-11 05:00:00,2.1611111111111114,-0.09444444444444539,0.85,7.6796999999999995,201.0,6.295100000000001,0.0,1019.6
2023-03-11 06:00:00,1.0222222222222241,-1.7833333333333339,0.92,8.903300000000002,163.0,5.1359,0.0,1019.11
2023-03-11 07:00:00,2.822222222222221,0.9111111111111114,0.89,6.9552000000000005,180.0,5.8604,0.0,1019.02
2023-03-11 08:00:00,5.994444444444444,5.994444444444444,0.76,1.7549000000000001,240.0,6.1985,0.0,1018.82
2023-03-11 09:00:00,9.833333333333336,9.833333333333336,0.54,1.61,351.0,6.295100000000001,0.0,1018.43
2023-03-11 10:00:00,11.022222222222224,11.022222222222224,0.46,2.1252000000000004,1.0,8.0017,0.0,1018.16
2023-03-11 11:00:00,12.755555555555556,12.755555555555556,0.41,3.2683,330.0,10.2074,0.0,1017.41
2023-03-11 12:00:00,13.88888888888889,13.88888888888889,0.36,1.4007,64.0,15.134000000000002,0.0,1016.95
2023-03-11 13:00:00,14.81666666666667,14.81666666666667,0.33,7.438200000000001,323.0,12.2521,0.0,1015.87
2023-03-11 14:00:00,15.905555555555557,15.905555555555557,0.33,8.0983,312.0,15.1823,0.0,1015.35
2023-03-11 15:00:00,13.866666666666667,13.866666666666667,0.39,10.980200000000002,341.0,12.2521,0.0,1015.07
2023-03-11 16:00:00,14.594444444444447,14.594444444444447,0.31,13.620600000000001,357.0,10.5455,0.0,1015.01
2023-03-11 17:00:00,12.149999999999999,12.149999999999999,0.47,19.9962,310.0,7.4543,0.0,1014.88
2023-03-11 18:00:00,11.022222222222224,11.022222222222224,0.5,14.715400000000002,319.0,6.295100000000001,0.0,1015.3
2023-03-11 19:00:00,9.883333333333333,7.555555555555555,0.51,16.9533,314.0,7.212800000000001,0.0,1015.76
2023-03-11 20:00:00,8.800000000000002,5.550000000000001,0.63,23.4416,301.0,6.295100000000001,0.0,1016.13
2023-03-11 21:00:00,8.199999999999998,5.055555555555556,0.64,20.6402,311.0,6.295100000000001,0.0,1016.33
2023-03-11 22:00:00,7.555555555555555,4.344444444444445,0.65,19.6581,322.0,9.193100000000001,0.0,1016.63
2023-03-11 23:00:00,7.11111111111111,4.055555555555554,0.69,17.3719,329.0,9.982000000000001,0.0,1016.93
2023-03-12 00:00:00,7.066666666666666,3.988888888888889,0.69,17.436300000000003,320.0,11.9784,0.0,1017.02
2023-03-12 01:00:00,7.827777777777779,4.688888888888887,0.66,19.674200000000003,348.0,11.688600000000001,0.0,1017.08
2023-03-12 02:00:00,6.533333333333332,2.972222222222223,0.71,20.3826,320.0,11.9784,0.0,1017.23
2023-03-12 03:00:00,7.044444444444444,3.944444444444445,0.72,17.581200000000003,338.0,11.9784,0.0,1017.14
2023-03-12 04:00:00,6.416666666666665,2.9055555555555537,0.77,19.674200000000003,331.0,8.420300000000001,0.0,1017.28
2023-03-12 05:00:00,4.955555555555557,0.8277777777777788,0.86,21.7189,320.0,6.295100000000001,0.0,1017.62
2023-03-12 06:00:00,4.9833333333333325,0.39444444444444493,0.86,26.1625,312.0,5.216400000000001,0.0,1017.73
2023-03-12 07:00:00,4.872222222222224,0.68888888888889,0.87,21.944300000000002,314.0,5.0393,0.0,1017.92
2023-03-12 08:00:00,4.9833333333333325,0.9777777777777766,0.86,20.6885,311.0,5.216400000000001,0.0,1018.23
2023-03-12 09:00:00,5.027777777777776,1.033333333333333,0.92,20.736800000000002,312.0,6.295100000000001,0.0,1018.41
2023-03-12 10:00:00,5.983333333333335,2.177777777777779,0.87,21.3325,332.0,6.8425,0.0,1018.32
2023-03-12 11:00:00,6.094444444444444,2.3944444444444457,0.86,20.608000000000004,322.0,6.295100000000001,0.0,1018.13
2023-03-12 12:00:00,7.083333333333333,3.955555555555554,0.86,17.919300000000003,312.0,6.295100000000001,0.0,1017.76
2023-03-12 13:00:00,6.944444444444445,2.8888888888888906,0.82,26.613300000000002,339.0,5.9248,0.0,1017.56
2023-03-12 14:00:00,6.044444444444446,1.5722222222222213,0.86,28.336000000000006,339.0,8.1305,0.0,1017.43
2023-03-12 15:00:00,6.044444444444446,1.988888888888888,0.86,23.828000000000003,330.0,7.0357,0.0,1017.41
2023-03-12 16:00:00,5.95,2.166666666666666,0.87,21.0588,323.0,6.3112,0.0,1017.36
2023-03-12 17:00:00,5.994444444444444,1.9166666666666683,0.86,23.9568,320.0,7.212800000000001,0.0,1017.23
2023-03-12 18:00:00,6.044444444444446,2.027777777777777,0.79,23.457700000000003,330.0,7.212800000000001,0.0,1017.8
2023-03-12 19:00:00,5.005555555555555,0.9999999999999984,0.87,20.769000000000002,332.0,8.420300000000001,0.0,1018.04
2023-03-12 20:00:00,4.977777777777778,1.4055555555555561,0.86,17.2753,348.0,8.1305,0.0,1018.26
2023-03-12 21:00:00,5.0,1.7777777777777795,0.88,14.9247,339.0,8.1305,0.0,1018.49
2023-03-12 22:00:00,4.911111111111113,1.8388888888888901,0.89,13.8621,323.0,8.420300000000001,0.0,1018.39
2023-03-12 23:00:00,4.927777777777776,1.3055555555555562,0.86,17.5651,339.0,8.1305,0.0,1018.3
2023-03-13 00:00:00,4.4222222222222225,0.6444444444444426,0.88,17.7905,330.0,8.1305,0.0,1018.07
2023-03-13 01:00:00,3.955555555555554,0.17777777777777792,0.92,16.9533,321.0,6.8425,0.0,1017.93
2023-03-13 02:00:00,3.866666666666667,-0.35555555555555585,0.89,20.0606,310.0,6.166300000000001,0.0,1017.7
2023-03-13 03:00:00,3.8444444444444454,-0.4055555555555558,0.89,20.2377,320.0,6.118,0.0,1017.41
2023-03-13 04:00:00,3.3999999999999986,-0.5277777777777773,0.92,17.0499,321.0,6.6976,0.0,1017.45
2023-03-13 05:00:00,3.8444444444444454,-0.005555555555556424,0.89,17.291400000000003,320.0,6.166300000000001,0.0,1017.49
2023-03-13 06:00:00,3.8444444444444454,0.23888888888888873,0.92,15.633100000000002,330.0,6.166300000000001,0.0,1017.39
2023-03-13 07:00:00,3.8499999999999996,0.8055555555555571,0.93,12.397,322.0,6.3756,0.0,1017.45
2023-03-13 08:00:00,4.9333333333333345,1.8388888888888901,0.87,14.023100000000003,330.0,6.166300000000001,0.0,1017.59
2023-03-13 09:00:00,4.9833333333333325,2.433333333333335,0.93,11.0446,339.0,6.166300000000001,0.0,1017.86
2023-03-13 10:00:00,5.877777777777776,3.505555555555557,0.88,11.0607,339.0,6.0536,0.0,1017.89
2023-03-13 11:00:00,7.11111111111111,4.972222222222224,0.8,11.1895,358.0,6.1985,0.0,1017.96
2023-03-13 12:00:00,7.666666666666665,5.911111111111111,0.83,9.724400000000001,340.0,6.1985,0.0,1017.87
2023-03-13 13:00:00,7.194444444444446,5.56111111111111,0.81,8.7262,349.0,7.1001,0.0,1017.79
2023-03-13 14:00:00,7.733333333333334,5.716666666666666,0.83,11.2056,340.0,7.1323,0.0,1017.64
2023-03-13 15:00:00,7.777777777777778,5.82222222222222,0.83,10.8997,320.0,6.1985,0.0,1017.54
2023-03-13 16:00:00,7.605555555555554,6.344444444444445,0.84,7.4543,327.0,6.230700000000001,0.0,1017.77
2023-03-13 17:00:00,7.711111111111112,7.161111111111111,0.83,5.0393,309.0,6.1985,0.0,1018.04
2023-03-13 18:00:00,5.138888888888889,2.7111111111111126,0.86,10.626,281.0,5.0876,0.0,1018.55
2023-03-13 19:00:00,3.4888888888888894,0.9333333333333331,0.95,9.724400000000001,292.0,5.506200000000001,0.0,1018.9
2023-03-13 20:00:00,4.100000000000001,1.4777777777777759,0.91,10.5455,291.0,5.216400000000001,0.0,1018.87
2023-03-13 21:00:00,4.561111111111112,2.0722222222222206,0.91,10.3523,302.0,5.216400000000001,0.0,1019.25
2023-03-13 22:00:00,5.444444444444443,3.299999999999999,0.93,9.579500000000001,358.0,6.359500000000001,0.0,1019.28
2023-03-13 23:00:00,5.511111111111112,3.183333333333332,0.86,10.465,29.0,6.295100000000001,0.0,1019.08
2023-03-14 00:00:00,5.488888888888891,4.288888888888888,0.83,6.0375000000000005,27.0,7.212800000000001,0.0,1019.27
2023-03-14 01:00:00,4.916666666666668,3.7722222222222217,0.9,5.635000000000001,357.0,7.084000000000001,0.0,1019.44
2023-03-14 02:00:00,4.955555555555557,4.955555555555557,0.89,3.22,325.0,7.212800000000001,0.0,1019.53
2023-03-14 03:00:00,4.444444444444445,3.1166666666666663,0.91,5.957000000000001,341.0,6.295100000000001,0.0,1019.43
2023-03-14 04:00:00,4.41111111111111,4.41111111111111,0.92,3.0751,346.0,6.488300000000001,0.0,1019.84
2023-03-14 05:00:00,3.916666666666665,3.916666666666665,0.92,0.0,0.0,6.295100000000001,0.0,1020.41
2023-03-14 06:00:00,3.866666666666667,3.866666666666667,0.92,0.8533000000000001,15.0,6.295100000000001,0.0,1020.73
2023-03-14 07:00:00,3.9611111111111126,3.9611111111111126,0.99,3.1073,346.0,5.957000000000001,0.0,1021.22
2023-03-14 08:00:00,4.9333333333333345,4.9333333333333345,0.86,4.250400000000001,342.0,8.1305,0.0,1021.34
2023-03-14 09:00:00,5.972222222222222,5.972222222222222,0.8,1.3685,358.0,9.982000000000001,0.0,1021.83
2023-03-14 10:00:00,6.072222222222222,6.072222222222222,0.8,2.7692,19.0,9.450700000000001,0.0,1022.3
2023-03-14 11:00:00,7.155555555555556,7.155555555555556,0.74,2.9141000000000004,32.0,9.982000000000001,0.0,1022.51
2023-03-14 12:00:00,7.733333333333334,7.733333333333334,0.71,3.3488,149.0,9.982000000000001,0.0,1022.62
2023-03-14 13:00:00,7.699999999999999,7.699999999999999,0.73,4.524100000000001,181.0,9.8049,0.0,1022.74
2023-03-14 14:00:00,7.288888888888888,5.938888888888887,0.73,7.583100000000001,209.0,9.982000000000001,0.0,1022.89
2023-03-14 15:00:00,7.311111111111109,5.977777777777777,0.78,7.550900000000001,189.0,9.982000000000001,0.0,1023.67
2023-03-14 16:00:00,6.388888888888889,6.388888888888889,0.91,4.1377,230.0,9.8049,0.0,1024.25
2023-03-14 17:00:00,6.227777777777778,6.227777777777778,0.92,1.9964000000000002,163.0,9.982000000000001,0.0,1024.78
2023-03-14 18:00:00,6.205555555555557,4.549999999999999,0.86,8.05,140.0,7.212800000000001,0.0,1025.39
2023-03-14 19:00:00,5.344444444444443,5.344444444444443,0.93,2.3989000000000003,64.0,7.1001,0.0,1026.09
2023-03-14 20:00:00,4.100000000000001,4.100000000000001,0.91,2.7209,341.0,6.295100000000001,0.0,1026.58
2023-03-14 21:00:00,4.027777777777778,1.9944444444444462,0.92,8.05,140.0,6.295100000000001,0.0,1027.09
2023-03-14 22:00:00,3.955555555555554,3.955555555555554,0.96,2.8819000000000004,49.0,3.6708,0.0,1027.34
2023-03-14 23:00:00,3.4500000000000006,3.4500000000000006,0.96,3.3971,107.0,3.8318,0.0,1027.61
2023-03-15 00:00:00,1.3166666666666653,1.3166666666666653,0.93,0.1449,90.0,0.5313000000000001,0.0,1028.1
2023-03-15 01:00:00,1.2611111111111128,1.2611111111111128,0.97,4.588500000000001,84.0,0.5474000000000001,0.0,1028.53
2023-03-15 02:00:00,1.761111111111112,1.761111111111112,0.96,3.5420000000000007,132.0,0.1771,0.0,1028.79
2023-03-15 03:00:00,2.2499999999999982,2.2499999999999982,0.96,3.7191000000000005,82.0,0.16100000000000003,0.0,1028.79
2023-03-15 04:00:00,2.3499999999999983,2.3499999999999983,0.93,3.5742000000000007,60.0,0.1771,0.0,1029.19
2023-03-15 05:00:00,2.177777777777779,2.177777777777779,1.0,3.0912,7.0,0.1771,0.0,1029.8
2023-03-15 06:00:00,2.127777777777777,0.905555555555557,0.93,4.8461,33.0,0.2898,0.0,1029.92
2023-03-15 07:00:00,2.127777777777777,0.7999999999999987,0.99,5.0876,32.0,0.5313000000000001,0.0,1030.57
2023-03-15 08:00:00,2.8277777777777797,0.5833333333333317,1.0,8.0661,42.0,3.5581,0.0,1031.11
2023-03-15 09:00:00,4.955555555555557,4.033333333333332,0.93,5.0393,69.0,4.9910000000000005,0.0,1031.41
2023-03-15 10:00:00,7.194444444444446,5.666666666666668,0.93,8.2593,70.0,5.1359,0.0,1031.89
2023-03-15 11:00:00,8.977777777777776,7.438888888888889,0.77,9.9176,89.0,6.295100000000001,0.0,1031.7
2023-03-15 12:00:00,11.11111111111111,11.11111111111111,0.66,11.253900000000002,72.0,7.212800000000001,0.0,1031.79
2023-03-15 13:00:00,12.066666666666666,12.066666666666666,0.61,12.1233,68.0,7.8729,0.0,1031.33
2023-03-15 14:00:00,12.200000000000001,12.200000000000001,0.61,12.863900000000001,81.0,8.1305,0.0,1031.09
2023-03-15 15:00:00,12.200000000000001,12.200000000000001,0.61,14.1519,109.0,8.1305,0.0,1030.89
2023-03-15 16:00:00,11.177777777777777,11.177777777777777,0.65,11.8496,118.0,9.193100000000001,0.0,1031.23
2023-03-15 17:00:00,10.02222222222222,10.02222222222222,0.71,11.253900000000002,108.0,11.9784,0.0,1031.38
2023-03-15 18:00:00,9.883333333333333,8.644444444444446,0.67,9.193100000000001,99.0,9.982000000000001,0.0,1031.69
2023-03-15 19:00:00,8.661111111111113,7.4833333333333325,0.74,7.824600000000001,107.0,10.1752,0.0,1032.08
2023-03-15 20:00:00,8.644444444444446,7.3999999999999995,0.78,8.1305,118.0,9.160900000000002,0.0,1032.32
2023-03-15 21:00:00,8.644444444444446,7.827777777777779,0.76,6.359500000000001,109.0,9.064300000000001,0.0,1032.7
2023-03-15 22:00:00,8.383333333333335,6.6499999999999995,0.8,10.3523,98.0,11.688600000000001,0.0,1032.9
2023-03-15 23:00:00,8.08888888888889,7.183333333333334,0.81,6.3756,90.0,11.9784,0.0,1032.92
2023-03-16 00:00:00,8.08888888888889,6.2333333333333325,0.81,10.6904,109.0,11.9784,0.0,1033.1
2023-03-16 01:00:00,7.316666666666667,6.25,0.84,6.5044,98.0,9.982000000000001,0.0,1033.11
2023-03-16 02:00:00,7.000000000000001,5.95,0.84,6.279,99.0,9.9337,0.0,1033.21
2023-03-16 03:00:00,7.527777777777776,5.566666666666668,0.8,10.6904,109.0,9.9015,0.0,1032.89
2023-03-16 04:00:00,6.7777777777777795,4.255555555555554,0.79,13.0088,116.0,9.080400000000001,0.0,1032.7
2023-03-16 05:00:00,5.955555555555555,3.622222222222224,0.8,10.9319,108.0,6.118,0.0,1033.09
2023-03-16 06:00:00,5.955555555555555,3.1166666666666663,0.87,13.8621,99.0,7.905100000000001,0.0,1033.5
2023-03-16 07:00:00,6.7444444444444445,3.944444444444445,0.82,14.812,108.0,9.7888,0.0,1033.98
2023-03-16 08:00:00,8.800000000000002,6.583333333333334,0.78,14.023100000000003,109.0,14.812,0.0,1034.28
2023-03-16 09:00:00,11.044444444444444,11.044444444444444,0.66,20.5919,129.0,15.826300000000002,0.0,1034.57
2023-03-16 10:00:00,12.027777777777779,12.027777777777779,0.61,18.756500000000003,126.0,15.3111,0.0,1034.47
2023-03-16 11:00:00,12.755555555555556,12.755555555555556,0.59,20.366500000000002,131.0,9.982000000000001,0.0,1034.26
2023-03-16 12:00:00,12.894444444444446,12.894444444444446,0.63,21.9121,121.0,9.982000000000001,0.0,1033.57
2023-03-16 13:00:00,13.822222222222223,13.822222222222223,0.53,19.706400000000002,137.0,10.3523,0.0,1033.07
2023-03-16 14:00:00,13.933333333333332,13.933333333333332,0.51,20.3504,131.0,10.255700000000001,0.0,1032.88
2023-03-16 15:00:00,13.961111111111112,13.961111111111112,0.47,21.557900000000004,169.0,10.255700000000001,0.0,1032.79
2023-03-16 16:00:00,13.827777777777778,13.827777777777778,0.45,16.9211,150.0,10.577700000000002,0.0,1032.78
2023-03-16 17:00:00,12.266666666666666,12.266666666666666,0.57,12.1072,159.0,16.1,0.0,1032.77
2023-03-16 18:00:00,10.072222222222223,10.072222222222223,0.66,10.4811,169.0,16.1,0.0,1033.09
2023-03-16 19:00:00,8.788888888888888,6.344444444444445,0.7,15.713600000000001,150.0,15.150100000000002,0.0,1033.86
2023-03-16 20:00:00,7.688888888888891,5.061111111111111,0.72,15.134000000000002,160.0,16.0517,0.0,1034.17
2023-03-16 21:00:00,7.716666666666667,5.205555555555554,0.72,14.329,160.0,15.826300000000002,0.0,1034.38
2023-03-16 22:00:00,6.949999999999999,4.488888888888888,0.74,12.8961,150.0,15.021300000000002,0.0,1034.49
2023-03-16 23:00:00,6.555555555555554,3.483333333333335,0.71,16.438100000000002,160.0,15.922900000000002,0.0,1034.58
2023-03-17 00:00:00,5.95,3.18888888888889,0.74,13.3469,150.0,14.9086,0.0,1034.59
2023-03-17 01:00:00,5.799999999999999,2.6833333333333322,0.73,15.439900000000002,138.0,14.0875,0.0,1034.76
2023-03-17 02:00:00,5.344444444444443,2.4055555555555546,0.74,13.652800000000001,119.0,14.860300000000002,0.0,1034.6
2023-03-17 03:00:00,5.316666666666666,2.3444444444444437,0.71,13.8138,109.0,14.812,0.0,1034.19
2023-03-17 04:00:00,4.961111111111111,2.538888888888889,0.77,10.4167,95.0,14.0875,0.0,1033.93
2023-03-17 05:00:00,2.2166666666666677,-0.03888888888888905,0.92,7.7440999999999995,51.0,14.812,0.0,1034.21
2023-03-17 06:00:00,2.194444444444446,-0.13333333333333247,0.86,7.969500000000001,61.0,8.05,0.0,1034.39
2023-03-17 07:00:00,3.8222222222222237,0.8777777777777769,0.89,11.8496,43.0,9.1287,0.0,1034.48
2023-03-17 08:00:00,7.200000000000001,4.6000000000000005,0.73,14.1519,50.0,11.9784,0.0,1034.69
2023-03-17 09:00:00,10.0,8.18888888888889,0.66,12.976600000000001,61.0,13.9748,0.0,1034.59
2023-03-17 10:00:00,10.999999999999998,10.999999999999998,0.54,12.316500000000001,71.0,14.9569,0.0,1034.04
2023-03-17 11:00:00,12.288888888888888,12.288888888888888,0.5,9.6761,61.0,10.255700000000001,0.0,1033.41
2023-03-17 12:00:00,12.844444444444443,12.844444444444443,0.49,15.633100000000002,70.0,9.982000000000001,0.0,1032.51
2023-03-17 13:00:00,12.944444444444443,12.944444444444443,0.49,15.230600000000003,27.0,10.577700000000002,0.0,1031.51
2023-03-17 14:00:00,13.955555555555556,13.955555555555556,0.47,15.810200000000002,50.0,10.255700000000001,0.0,1030.51
2023-03-17 15:00:00,13.955555555555556,13.955555555555556,0.47,15.584800000000001,32.0,10.255700000000001,0.0,1029.91
2023-03-17 16:00:00,13.900000000000002,13.900000000000002,0.41,9.982000000000001,59.0,15.552600000000002,0.0,1029.18
2023-03-17 17:00:00,12.799999999999999,12.799999999999999,0.48,3.7191000000000005,37.0,16.1,0.0,1028.53
2023-03-17 18:00:00,11.08888888888889,11.08888888888889,0.54,0.5152,40.0,15.1823,0.0,1028.34
2023-03-17 19:00:00,7.511111111111114,6.438888888888891,0.68,6.6493,293.0,14.3934,0.0,1028.24
2023-03-17 20:00:00,6.116666666666665,6.116666666666665,0.75,4.7978000000000005,314.0,12.2521,0.0,1028.15
2023-03-17 21:00:00,5.955555555555555,4.761111111111111,0.76,6.2146,303.0,12.2521,0.0,1027.85
2023-03-17 22:00:00,5.516666666666667,5.516666666666667,0.77,2.2862,217.0,11.914000000000001,0.0,1027.89
2023-03-17 23:00:00,3.8555555555555543,2.3555555555555565,0.84,6.1824,326.0,12.2521,0.0,1027.48
2023-03-18 00:00:00,5.333333333333334,4.33888888888889,0.76,5.361300000000001,199.0,12.2521,0.0,1027.65
2023-03-18 01:00:00,5.383333333333332,3.122222222222221,0.69,10.0464,215.0,11.914000000000001,0.0,1027.5
2023-03-18 02:00:00,5.216666666666667,2.2777777777777786,0.66,13.4435,179.0,12.2521,0.0,1027.71
2023-03-18 03:00:00,4.127777777777777,1.6388888888888904,0.65,9.965900000000001,158.0,12.2521,0.0,1027.69
2023-03-18 04:00:00,2.744444444444443,-0.4888888888888883,0.76,12.1555,129.0,11.914000000000001,0.0,1027.59
2023-03-18 05:00:00,1.9444444444444444,-1.2166666666666675,0.79,11.0446,119.0,15.1823,0.0,1027.7
2023-03-18 06:00:00,1.9722222222222205,-0.7666666666666662,0.8,9.321900000000001,70.0,12.2521,0.0,1027.81
2023-03-18 07:00:00,4.444444444444445,1.849999999999999,0.68,10.770900000000001,107.0,12.7029,0.0,1028.18
2023-03-18 08:00:00,6.9722222222222205,4.355555555555558,0.53,13.910400000000001,117.0,16.1,0.0,1028.22
2023-03-18 09:00:00,8.733333333333333,6.67777777777778,0.47,12.735100000000001,118.0,16.1,0.0,1028.41
2023-03-18 10:00:00,8.922222222222224,7.5,0.46,9.2736,88.0,15.552600000000002,0.0,1028.29
2023-03-18 11:00:00,10.02222222222222,10.02222222222222,0.42,8.1788,82.0,16.1,0.0,1028.0
2023-03-18 12:00:00,11.083333333333336,11.083333333333336,0.39,10.948,34.0,10.255700000000001,0.0,1027.5
2023-03-18 13:00:00,12.03888888888889,12.03888888888889,0.37,9.2575,23.0,10.577700000000002,0.0,1026.58
2023-03-18 14:00:00,12.216666666666669,12.216666666666669,0.37,15.262800000000002,14.0,10.255700000000001,0.0,1025.72
2023-03-18 15:00:00,12.194444444444446,12.194444444444446,0.35,11.753,353.0,16.1,0.0,1025.12
2023-03-18 16:00:00,12.105555555555554,12.105555555555554,0.35,12.0911,21.0,15.552600000000002,0.0,1024.82
2023-03-18 17:00:00,10.016666666666667,10.016666666666667,0.37,13.8299,12.0,16.1,0.0,1024.83
2023-03-18 18:00:00,7.311111111111109,5.027777777777776,0.41,12.2682,31.0,16.1,0.0,1025.02
2023-03-18 19:00:00,6.177777777777776,4.088888888888889,0.49,9.965900000000001,10.0,15.1823,0.0,1024.95
2023-03-18 20:00:00,3.9055555555555563,1.5388888888888905,0.61,9.2897,10.0,16.1,0.0,1024.9
2023-03-18 21:00:00,4.372222222222221,1.8055555555555556,0.61,10.5455,351.0,16.0517,0.0,1024.74
2023-03-18 22:00:00,3.9611111111111126,1.4000000000000017,0.6,10.143,343.0,15.150100000000002,0.0,1024.38
2023-03-18 23:00:00,2.8500000000000014,-0.0611111111111108,0.66,10.7387,333.0,16.1,0.0,1024.07
2023-03-19 00:00:00,3.2944444444444443,-0.10555555555555626,0.66,13.652800000000001,332.0,16.1,0.0,1023.78
2023-03-19 01:00:00,3.1611111111111097,0.3500000000000014,0.66,10.577700000000002,0.0,15.1823,0.0,1023.5
2023-03-19 02:00:00,3.572222222222222,0.19444444444444522,0.64,13.8782,1.0,15.1823,0.0,1023.21
2023-03-19 03:00:00,1.9499999999999988,-2.2888888888888896,0.69,16.7601,9.0,15.1823,0.0,1023.01
2023-03-19 04:00:00,0.9833333333333351,-2.8666666666666667,0.71,13.3308,9.0,14.3934,0.0,1023.02
2023-03-19 05:00:00,0.0500000000000019,-4.4222222222222225,0.75,15.4721,20.0,15.1823,0.0,1023.29
2023-03-19 06:00:00,1.0222222222222241,-3.1944444444444446,0.75,15.3272,0.0,16.0517,0.0,1023.59
2023-03-19 07:00:00,2.3944444444444457,-1.188888888888889,0.68,13.5562,10.0,15.150100000000002,0.0,1023.98
2023-03-19 08:00:00,4.844444444444444,0.8722222222222223,0.6,20.1411,30.0,16.0517,0.0,1024.4
2023-03-19 09:00:00,6.133333333333333,2.311111111111109,0.53,21.8316,21.0,16.1,0.0,1024.79
2023-03-19 10:00:00,7.605555555555554,4.394444444444442,0.42,19.7869,22.0,15.1823,0.0,1024.72
2023-03-19 11:00:00,8.933333333333332,5.838888888888888,0.37,22.1536,21.0,16.1,0.0,1024.49
2023-03-19 12:00:00,10.02222222222222,10.02222222222222,0.34,24.8423,20.0,16.1,0.0,1024.65
2023-03-19 13:00:00,10.911111111111111,10.911111111111111,0.29,22.5239,27.0,15.552600000000002,0.0,1024.06
2023-03-19 14:00:00,11.083333333333336,11.083333333333336,0.27,23.167900000000003,10.0,16.1,0.0,1023.85
2023-03-19 15:00:00,11.133333333333333,11.133333333333333,0.29,24.7135,10.0,16.1,0.0,1023.65
2023-03-19 16:00:00,10.999999999999998,10.999999999999998,0.28,23.602600000000002,12.0,15.552600000000002,0.0,1023.46
2023-03-19 17:00:00,9.972222222222223,7.233333333333336,0.32,21.3486,1.0,10.255700000000001,0.0,1023.64
2023-03-19 18:00:00,7.799999999999999,6.194444444444444,0.46,9.0965,9.0,10.255700000000001,0.0,1024.03
2023-03-19 19:00:00,6.0555555555555545,6.0555555555555545,0.52,3.6386,356.0,15.1823,0.0,1024.54
2023-03-19 20:00:00,5.78888888888889,3.4666666666666677,0.5,10.7387,79.0,16.1,0.0,1024.85
2023-03-19 21:00:00,5.383333333333332,3.938888888888891,0.52,6.7620000000000005,48.0,16.1,0.0,1025.15
2023-03-19 22:00:00,4.57222222222222,2.0444444444444443,0.6,10.5294,58.0,15.1823,0.0,1025.25
2023-03-19 23:00:00,3.1555555555555554,1.5611111111111124,0.7,6.1502,13.0,16.1,0.0,1025.54
2023-03-20 00:00:00,2.133333333333335,-1.0055555555555549,0.75,11.109000000000002,21.0,16.1,0.0,1025.73
2023-03-20 01:00:00,1.1944444444444438,-1.8833333333333337,0.77,10.0625,37.0,15.1823,0.0,1025.74
2023-03-20 02:00:00,1.555555555555554,-2.2000000000000006,0.78,13.4757,40.0,16.1,0.0,1025.65
2023-03-20 03:00:00,0.5111111111111121,-2.9611111111111104,0.85,11.125100000000002,40.0,16.1,0.0,1025.55
2023-03-20 04:00:00,-0.011111111111110874,-3.4888888888888894,0.85,10.6904,29.0,15.1823,0.0,1025.46
2023-03-20 05:00:00,-1.2277777777777783,-4.177777777777777,0.88,8.05,30.0,16.0517,0.0,1025.56
2023-03-20 06:00:00,-1.2722222222222217,-2.9777777777777774,0.92,4.9266000000000005,8.0,14.9086,0.0,1025.97
2023-03-20 07:00:00,0.8555555555555551,-1.9444444444444444,0.86,8.774500000000002,22.0,14.168000000000003,0.0,1026.48
2023-03-20 08:00:00,2.3166666666666678,0.027777777777776198,0.79,7.905100000000001,40.0,15.826300000000002,0.0,1026.92
2023-03-20 09:00:00,6.133333333333333,5.372222222222224,0.64,5.0232,105.0,16.0517,0.0,1027.2
2023-03-20 10:00:00,7.361111111111111,7.361111111111111,0.54,4.2665,123.0,15.552600000000002,0.0,1027.01
2023-03-20 11:00:00,7.822222222222221,7.822222222222221,0.48,3.0912,152.0,16.1,0.0,1026.8
2023-03-20 12:00:00,9.949999999999998,9.761111111111111,0.41,4.8461,83.0,10.255700000000001,0.0,1026.41
2023-03-20 13:00:00,9.955555555555556,9.955555555555556,0.33,3.7674,74.0,10.577700000000002,0.0,1026.11
2023-03-20 14:00:00,10.094444444444445,10.094444444444445,0.29,4.524100000000001,319.0,16.1,0.0,1025.49
2023-03-20 15:00:00,11.155555555555555,11.155555555555555,0.26,8.7262,320.0,16.1,0.0,1024.99
2023-03-20 16:00:00,11.066666666666668,11.066666666666668,0.26,0.4508000000000001,295.0,15.552600000000002,0.0,1024.42
2023-03-20 17:00:00,10.044444444444444,10.044444444444444,0.29,1.4168,44.0,16.1,0.0,1024.08
2023-03-20 18:00:00,7.822222222222221,7.822222222222221,0.34,3.22,180.0,16.1,0.0,1023.98
2023-03-20 19:00:00,5.98888888888889,5.98888888888889,0.43,4.250400000000001,180.0,15.1823,0.0,1024.21
2023-03-20 20:00:00,3.8222222222222237,1.8166666666666684,0.57,7.824600000000001,190.0,16.1,0.0,1024.38
2023-03-20 21:00:00,3.661111111111113,3.661111111111113,0.6,3.22,190.0,16.1,0.0,1024.49
2023-03-20 22:00:00,2.638888888888889,2.638888888888889,0.62,2.8658,155.0,15.1823,0.0,1024.5
2023-03-20 23:00:00,1.5611111111111124,-0.3388888888888886,0.67,6.327300000000001,180.0,16.1,0.0,1024.29
2023-03-21 00:00:00,1.5388888888888905,-0.36111111111111033,0.72,6.327300000000001,199.0,16.1,0.0,1023.89
2023-03-21 01:00:00,1.25,-1.849999999999999,0.69,10.2074,204.0,10.2235,0.0,1023.73
2023-03-21 02:00:00,0.39999999999999936,-1.5888888888888886,0.72,6.118,189.0,16.1,0.0,1023.2
2023-03-21 03:00:00,-0.17777777777777792,-2.2666666666666657,0.75,6.1341,189.0,16.1,0.0,1022.69
2023-03-21 04:00:00,-0.39444444444444493,-2.383333333333333,0.79,5.828200000000001,195.0,15.1823,0.0,1022.24
2023-03-21 05:00:00,-1.25,-4.522222222222222,0.81,9.064300000000001,170.0,16.0517,0.0,1021.98
2023-03-21 06:00:00,-0.2499999999999996,-3.344444444444444,0.76,9.080400000000001,169.0,10.2074,0.0,1021.69
2023-03-21 07:00:00,2.000000000000001,-0.49444444444444474,0.7,8.420300000000001,146.0,13.5723,0.0,1021.82
2023-03-21 08:00:00,5.027777777777776,2.5166666666666675,0.6,10.9319,170.0,11.9784,0.0,1021.65
2023-03-21 09:00:00,7.8999999999999995,5.699999999999999,0.52,12.5419,160.0,15.1823,0.0,1021.44
2023-03-21 10:00:00,11.099999999999998,11.099999999999998,0.36,15.150100000000002,165.0,14.3934,0.0,1021.1
2023-03-21 11:00:00,12.33888888888889,12.33888888888889,0.35,17.436300000000003,180.0,15.1823,0.0,1020.4
2023-03-21 12:00:00,13.933333333333332,13.933333333333332,0.31,21.7189,190.0,16.1,0.0,1019.51
2023-03-21 13:00:00,13.972222222222221,13.972222222222221,0.31,18.8853,186.0,15.3111,0.0,1018.68
2023-03-21 14:00:00,15.066666666666666,15.066666666666666,0.27,17.516800000000003,182.0,16.1,0.0,1017.41
2023-03-21 15:00:00,15.116666666666667,15.116666666666667,0.29,17.259200000000003,191.0,16.1,0.0,1016.51
2023-03-21 16:00:00,14.911111111111113,14.911111111111113,0.29,15.488199999999999,195.0,15.552600000000002,0.0,1015.81
2023-03-21 17:00:00,12.916666666666666,12.916666666666666,0.34,14.1358,198.0,16.1,0.0,1015.23
2023-03-21 18:00:00,10.227777777777776,10.227777777777776,0.42,12.461400000000001,152.0,16.1,0.0,1015.13
2023-03-21 19:00:00,9.138888888888891,6.8277777777777775,0.45,15.295000000000002,162.0,15.1823,0.0,1015.41
2023-03-21 20:00:00,7.622222222222222,4.966666666666665,0.5,15.230600000000003,160.0,16.0517,0.0,1015.55
2023-03-21 21:00:00,6.949999999999999,3.938888888888891,0.51,16.711800000000004,150.0,15.826300000000002,0.0,1015.66
2023-03-21 22:00:00,5.999999999999998,3.788888888888889,0.51,10.384500000000001,154.0,14.9569,0.0,1015.82
2023-03-21 23:00:00,3.7944444444444434,1.072222222222222,0.58,10.7548,141.0,15.826300000000002,0.0,1015.77
2023-03-22 00:00:00,2.822222222222221,-0.1222222222222216,0.62,10.867500000000001,152.0,15.826300000000002,0.0,1015.48
2023-03-22 01:00:00,2.9888888888888903,1.3499999999999999,0.63,6.230700000000001,171.0,14.9569,0.0,1015.84
2023-03-22 02:00:00,0.5555555555555556,-1.4333333333333325,0.78,6.166300000000001,150.0,15.826300000000002,0.0,1015.87
2023-03-22 03:00:00,1.4833333333333343,-1.6888888888888884,0.7,10.6904,141.0,15.826300000000002,0.0,1015.51
2023-03-22 04:00:00,1.3555555555555543,-0.29999999999999954,0.72,5.618900000000001,140.0,14.9569,0.0,1015.67
2023-03-22 05:00:00,-0.09444444444444539,-0.09444444444444539,0.82,4.6046000000000005,160.0,15.826300000000002,0.0,1015.81
2023-03-22 06:00:00,0.9500000000000005,0.9500000000000005,0.76,4.5563,140.0,11.9784,0.0,1016.31
2023-03-22 07:00:00,2.588888888888887,2.588888888888887,0.73,4.5402000000000005,114.0,9.982000000000001,0.0,1017.05
2023-03-22 08:00:00,6.1833333333333345,6.1833333333333345,0.61,0.3703,320.0,9.982000000000001,0.0,1017.47
2023-03-22 09:00:00,10.027777777777777,10.027777777777777,0.51,0.22540000000000004,294.0,15.134000000000002,0.0,1017.78
2023-03-22 10:00:00,12.0,12.0,0.49,8.355900000000002,355.0,14.7637,0.0,1017.92
2023-03-22 11:00:00,12.266666666666666,12.266666666666666,0.47,7.5187,347.0,10.255700000000001,0.0,1017.98
2023-03-22 12:00:00,12.316666666666668,12.316666666666668,0.47,7.486500000000001,38.0,10.255700000000001,0.0,1017.98
2023-03-22 13:00:00,12.533333333333335,12.533333333333335,0.46,8.790600000000001,37.0,10.577700000000002,0.0,1017.54
2023-03-22 14:00:00,12.288888888888888,12.288888888888888,0.5,9.499,23.0,9.982000000000001,0.0,1017.3
2023-03-22 15:00:00,12.333333333333336,12.333333333333336,0.51,7.953400000000001,3.0,10.255700000000001,0.0,1017.19
2023-03-22 16:00:00,12.294444444444444,12.294444444444444,0.5,9.321900000000001,357.0,10.577700000000002,0.0,1017.14
2023-03-22 17:00:00,12.194444444444446,12.194444444444446,0.51,9.080400000000001,356.0,10.255700000000001,0.0,1017.04
2023-03-22 18:00:00,11.038888888888888,11.038888888888888,0.54,12.719000000000001,13.0,10.2074,0.0,1017.74
2023-03-22 19:00:00,9.966666666666665,7.411111111111113,0.52,19.336100000000002,21.0,9.982000000000001,0.0,1018.07
2023-03-22 20:00:00,8.788888888888888,6.211111111111111,0.55,16.840600000000002,22.0,15.1823,0.0,1018.56
2023-03-22 21:00:00,8.238888888888887,4.716666666666668,0.6,24.697400000000002,22.0,15.1823,0.0,1019.06
2023-03-22 22:00:00,6.67777777777778,2.9555555555555557,0.64,22.2663,30.0,14.3934,0.0,1019.27
2023-03-22 23:00:00,5.433333333333334,0.5944444444444446,0.67,30.493400000000005,21.0,16.1,0.0,1019.39
2023-03-23 00:00:00,3.327777777777779,-1.8777777777777773,0.7,27.5954,30.0,16.1,0.0,1019.6
2023-03-23 01:00:00,2.9111111111111123,-2.244444444444444,0.73,25.9049,30.0,15.1823,0.0,1019.87
2023-03-23 02:00:00,2.1722222222222203,-2.4666666666666672,0.72,19.9157,21.0,16.1,0.0,1019.99
2023-03-23 03:00:00,1.5722222222222213,-3.227777777777777,0.73,19.931800000000003,20.0,16.1,0.0,1019.61
2023-03-23 04:00:00,1.0444444444444458,-2.855555555555556,0.77,13.620600000000001,19.0,15.1823,0.0,1019.89
2023-03-23 05:00:00,0.9500000000000005,-4.01111111111111,0.7,19.8996,20.0,16.1,0.0,1020.09
2023-03-23 06:00:00,0.9277777777777787,-3.33888888888889,0.7,15.4721,20.0,16.1,0.0,1020.29
2023-03-23 07:00:00,1.8944444444444426,-2.372222222222222,0.67,16.856700000000004,19.0,15.552600000000002,0.0,1020.73
2023-03-23 08:00:00,2.7111111111111126,-1.9944444444444445,0.67,21.4935,30.0,16.1,0.0,1020.97
2023-03-23 09:00:00,4.977777777777778,1.683333333333334,0.57,15.375500000000002,21.0,16.1,0.0,1021.15
2023-03-23 10:00:00,7.622222222222222,5.172222222222223,0.5,13.765500000000001,14.0,15.552600000000002,0.0,1021.11
2023-03-23 11:00:00,8.861111111111112,6.672222222222221,0.46,13.894300000000003,10.0,16.1,0.0,1020.84
2023-03-23 12:00:00,11.06111111111111,11.06111111111111,0.39,15.230600000000003,21.0,16.1,0.0,1020.33
2023-03-23 13:00:00,12.233333333333336,12.233333333333336,0.4,11.414900000000001,42.0,15.552600000000002,0.0,1019.87
2023-03-23 14:00:00,12.288888888888888,12.288888888888888,0.4,8.7262,41.0,15.1823,0.0,1019.31
2023-03-23 15:00:00,12.799999999999999,12.799999999999999,0.41,4.652900000000001,24.0,15.1823,0.0,1018.9
2023-03-23 16:00:00,12.888888888888891,12.888888888888891,0.38,9.3863,54.0,12.2843,0.0,1018.37
2023-03-23 17:00:00,12.216666666666669,12.216666666666669,0.43,10.384500000000001,51.0,8.420300000000001,0.0,1018.0
2023-03-23 18:00:00,9.972222222222223,8.783333333333335,0.5,9.048200000000001,52.0,7.4543,0.0,1017.99
2023-03-23 19:00:00,7.977777777777778,6.6166666666666645,0.57,8.1144,53.0,8.0017,0.0,1017.95
2023-03-23 20:00:00,7.527777777777776,5.8500000000000005,0.59,9.193100000000001,71.0,8.1305,0.0,1018.3
2023-03-23 21:00:00,7.405555555555555,5.455555555555556,0.57,10.465,80.0,8.1305,0.0,1018.31
2023-03-23 22:00:00,5.86111111111111,3.199999999999999,0.67,12.6868,134.0,8.420300000000001,0.0,1018.54
2023-03-23 23:00:00,5.783333333333331,2.972222222222223,0.69,13.4596,149.0,8.1305,0.0,1018.68
2023-03-24 00:00:00,4.283333333333334,1.0944444444444439,0.77,13.7172,159.0,8.1305,0.0,1018.48
2023-03-24 01:00:00,3.738888888888887,0.5388888888888883,0.77,13.121500000000001,151.0,9.982000000000001,0.0,1018.45
2023-03-24 02:00:00,2.2000000000000006,-1.5444444444444452,0.85,14.2324,131.0,9.982000000000001,0.0,1018.26
2023-03-24 03:00:00,2.177777777777779,-1.4833333333333343,0.85,13.7333,140.0,9.9015,0.0,1017.87
2023-03-24 04:00:00,2.294444444444446,-1.2999999999999998,0.84,13.5401,139.0,9.9015,0.0,1017.53
2023-03-24 05:00:00,2.6444444444444435,-1.188888888888889,0.83,15.3111,140.0,8.0017,0.0,1017.1
2023-03-24 06:00:00,2.133333333333335,-1.3277777777777782,0.85,12.6385,131.0,6.0697,0.0,1017.56
2023-03-24 07:00:00,3.699999999999998,0.39999999999999936,0.79,13.636700000000001,129.0,7.550900000000001,0.0,1017.68
2023-03-24 08:00:00,7.105555555555555,3.277777777777777,0.72,24.6169,140.0,6.295100000000001,0.0,1017.67
2023-03-24 09:00:00,10.855555555555554,10.855555555555554,0.57,26.4523,150.0,8.1305,0.0,1017.48
2023-03-24 10:00:00,11.966666666666665,11.966666666666665,0.53,26.758200000000002,152.0,8.774500000000002,0.0,1017.39
2023-03-24 11:00:00,12.777777777777779,12.777777777777779,0.55,26.3074,159.0,11.9784,0.0,1016.77
2023-03-24 12:00:00,13.861111111111112,13.861111111111112,0.51,23.570400000000003,150.0,12.2199,0.0,1016.16
2023-03-24 13:00:00,14.988888888888887,14.988888888888887,0.46,23.6509,150.0,15.520400000000002,0.0,1015.32
2023-03-24 14:00:00,16.083333333333332,16.083333333333332,0.44,23.087400000000002,159.0,15.134000000000002,0.0,1014.68
2023-03-24 15:00:00,17.17222222222222,17.17222222222222,0.41,24.633000000000003,140.0,15.1823,0.0,1013.99
2023-03-24 16:00:00,17.166666666666668,17.166666666666668,0.4,16.9372,167.0,9.016,0.0,1013.73
2023-03-24 17:00:00,16.105555555555558,16.105555555555558,0.48,16.856700000000004,141.0,8.420300000000001,0.0,1013.49
2023-03-24 18:00:00,12.866666666666665,12.866666666666665,0.55,19.6581,140.0,8.372000000000002,0.0,1013.67
2023-03-24 19:00:00,12.122222222222222,12.122222222222222,0.57,17.227,141.0,8.855,0.0,1014.0
2023-03-24 20:00:00,11.038888888888888,11.038888888888888,0.57,20.6402,150.0,8.372000000000002,0.0,1014.35
2023-03-24 21:00:00,9.927777777777777,7.577777777777778,0.64,17.259200000000003,150.0,8.372000000000002,0.0,1014.84
2023-03-24 22:00:00,9.53888888888889,7.1333333333333355,0.66,16.888900000000003,153.0,8.500800000000002,0.0,1015.07
2023-03-24 23:00:00,9.466666666666665,7.033333333333331,0.67,16.9694,150.0,8.227100000000002,0.0,1014.96
2023-03-25 00:00:00,9.794444444444444,7.144444444444444,0.67,19.8835,140.0,8.227100000000002,0.0,1014.85
2023-03-25 01:00:00,9.122222222222224,6.416666666666665,0.69,18.7082,142.0,8.500800000000002,0.0,1014.52
2023-03-25 02:00:00,8.155555555555557,5.333333333333334,0.75,17.549000000000003,140.0,9.982000000000001,0.0,1014.18
2023-03-25 03:00:00,7.577777777777778,4.705555555555555,0.77,16.8084,149.0,9.982000000000001,0.0,1013.67
2023-03-25 04:00:00,7.583333333333333,4.816666666666667,0.77,15.955100000000002,141.0,9.9015,0.0,1013.55
2023-03-25 05:00:00,7.066666666666666,3.7166666666666655,0.8,19.7869,140.0,9.9015,0.0,1013.19
2023-03-25 06:00:00,7.6000000000000005,4.394444444444442,0.72,19.7386,149.0,9.8049,0.0,1013.07
2023-03-25 07:00:00,8.716666666666665,6.394444444444443,0.74,14.6349,148.0,9.8693,0.0,1013.09
2023-03-25 08:00:00,12.03888888888889,12.03888888888889,0.59,27.5471,150.0,9.9015,0.0,1013.06
2023-03-25 09:00:00,12.755555555555556,12.755555555555556,0.59,30.5095,150.0,14.9086,0.0,1013.05
2023-03-25 10:00:00,13.883333333333335,13.883333333333335,0.55,24.761800000000004,151.0,11.688600000000001,0.0,1013.13
2023-03-25 11:00:00,16.988888888888887,16.988888888888887,0.49,26.2913,150.0,10.0786,0.0,1012.37
2023-03-25 12:00:00,17.633333333333336,17.633333333333336,0.44,32.4093,140.0,15.134000000000002,0.0,1011.29
2023-03-25 13:00:00,18.41666666666667,18.41666666666667,0.38,30.461200000000005,148.0,13.0249,0.0,1011.08
2023-03-25 14:00:00,17.711111111111112,17.711111111111112,0.4,33.649,139.0,10.2074,0.0,1010.18
2023-03-25 15:00:00,16.16111111111111,16.16111111111111,0.41,34.00320000000001,140.0,15.134000000000002,0.0,1010.15
2023-03-25 16:00:00,15.105555555555554,15.105555555555554,0.44,30.2841,141.0,14.7637,0.0,1010.15
2023-03-25 17:00:00,14.97777777777778,14.97777777777778,0.47,30.863700000000005,131.0,12.2521,0.0,1009.84
2023-03-25 18:00:00,12.850000000000001,12.850000000000001,0.63,27.9174,140.0,8.420300000000001,0.0,1009.83
2023-03-25 19:00:00,12.188888888888888,12.188888888888888,0.67,23.7958,132.0,8.645700000000001,0.0,1010.14
2023-03-25 20:00:00,12.111111111111109,12.111111111111109,0.67,24.6008,130.0,8.372000000000002,0.0,1009.78
2023-03-25 21:00:00,12.133333333333335,12.133333333333335,0.67,24.633000000000003,130.0,15.1823,0.0,1009.58
2023-03-25 22:00:00,11.038888888888888,11.038888888888888,0.72,24.0695,133.0,14.3934,0.0,1009.89
2023-03-25 23:00:00,9.983333333333333,7.638888888888889,0.75,17.3236,130.0,15.1823,0.0,1009.45
2023-03-26 00:00:00,9.888888888888888,7.249999999999998,0.75,20.0284,140.0,15.134000000000002,0.0,1009.47
2023-03-26 01:00:00,10.261111111111111,10.261111111111111,0.74,25.872700000000002,151.0,14.3612,0.0,1009.33
2023-03-26 02:00:00,10.283333333333331,10.283333333333331,0.7,27.2895,150.0,14.9086,0.0,1009.28
2023-03-26 03:00:00,10.261111111111111,10.261111111111111,0.7,25.164300000000004,159.0,14.9086,0.0,1009.2
2023-03-26 04:00:00,9.611111111111109,6.9722222222222205,0.74,19.32,150.0,14.168000000000003,0.0,1009.47
2023-03-26 05:00:00,8.711111111111112,5.7055555555555575,0.78,20.624100000000002,140.0,15.134000000000002,0.0,1009.98
2023-03-26 06:00:00,8.800000000000002,5.888888888888889,0.78,19.8835,139.0,15.826300000000002,0.0,1009.99
2023-03-26 07:00:00,10.838888888888887,10.838888888888887,0.69,20.366500000000002,151.0,15.150100000000002,0.0,1010.08
2023-03-26 08:00:00,12.666666666666664,12.666666666666664,0.65,20.0606,150.0,16.0517,0.0,1010.18
2023-03-26 09:00:00,13.75,13.75,0.6,25.985400000000002,160.0,16.1,0.0,1010.55
2023-03-26 10:00:00,16.01111111111111,16.01111111111111,0.53,26.0498,153.0,15.552600000000002,0.0,1010.33
2023-03-26 11:00:00,17.68333333333333,17.68333333333333,0.5,23.0713,169.0,16.1,0.0,1010.18
2023-03-26 12:00:00,17.77777777777778,17.77777777777778,0.5,19.931800000000003,150.0,16.1,0.0,1010.08
2023-03-26 13:00:00,19.72222222222222,19.72222222222222,0.45,11.237800000000002,169.0,15.552600000000002,0.0,1009.72
2023-03-26 14:00:00,19.966666666666665,19.966666666666665,0.45,9.466800000000001,150.0,15.826300000000002,0.0,1009.18
2023-03-26 15:00:00,20.011111111111106,20.011111111111106,0.45,9.579500000000001,149.0,15.826300000000002,0.0,1008.57
2023-03-26 16:00:00,20.05,20.05,0.43,12.558,147.0,15.552600000000002,0.0,1007.86
2023-03-26 17:00:00,19.922222222222224,19.922222222222224,0.44,12.1555,148.0,16.1,0.0,1007.59
2023-03-26 18:00:00,17.144444444444446,17.144444444444446,0.52,4.9749,107.0,10.255700000000001,0.0,1007.48
2023-03-26 19:00:00,15.061111111111112,15.061111111111112,0.6,10.4167,111.0,10.577700000000002,0.0,1007.72
2023-03-26 20:00:00,14.772222222222224,14.772222222222224,0.61,14.860300000000002,130.0,10.255700000000001,0.0,1007.7
2023-03-26 21:00:00,15.11111111111111,15.11111111111111,0.57,20.0123,150.0,16.1,0.0,1008.08
2023-03-26 22:00:00,12.966666666666669,12.966666666666669,0.64,13.089300000000001,148.0,15.150100000000002,0.0,1008.02
2023-03-26 23:00:00,11.06111111111111,11.06111111111111,0.7,10.304000000000002,141.0,16.0517,0.0,1007.98
2023-03-27 00:00:00,11.666666666666666,11.666666666666666,0.67,13.7011,150.0,16.0517,0.0,1007.59
2023-03-27 01:00:00,9.511111111111111,7.66111111111111,0.76,12.4936,141.0,15.150100000000002,0.0,1007.37
2023-03-27 02:00:00,7.316666666666667,6.3166666666666655,0.83,6.279,207.0,15.826300000000002,0.0,1007.21
2023-03-27 03:00:00,7.294444444444445,6.522222222222223,0.86,5.5384,330.0,15.826300000000002,0.0,1007.17
2023-03-27 04:00:00,7.266666666666666,6.4444444444444455,0.87,5.6833,50.0,14.9569,0.0,1006.95
2023-03-27 05:00:00,7.550000000000002,5.977777777777777,0.84,8.7423,50.0,15.826300000000002,0.0,1006.4
2023-03-27 06:00:00,7.083333333333333,7.083333333333333,0.87,3.0751,40.0,15.826300000000002,0.0,1006.41
2023-03-27 07:00:00,9.611111111111109,9.611111111111109,0.85,3.3327,31.0,14.9569,0.0,1006.56
2023-03-27 08:00:00,12.666666666666664,12.666666666666664,0.7,4.6690000000000005,32.0,9.982000000000001,0.0,1006.46
2023-03-27 09:00:00,15.933333333333334,15.933333333333334,0.57,9.338000000000001,183.0,9.982000000000001,0.0,1006.28
2023-03-27 10:00:00,17.205555555555556,17.205555555555556,0.52,7.7440999999999995,181.0,9.982000000000001,0.0,1006.49
2023-03-27 11:00:00,16.049999999999997,16.049999999999997,0.57,9.1448,171.0,9.982000000000001,0.0,1006.37
2023-03-27 12:00:00,17.116666666666667,17.116666666666667,0.55,8.3881,213.0,9.982000000000001,0.0,1006.07
2023-03-27 13:00:00,17.433333333333334,17.433333333333334,0.53,5.506200000000001,275.0,10.3523,0.0,1005.84
2023-03-27 14:00:00,18.594444444444445,18.594444444444445,0.53,31.539900000000003,301.0,9.982000000000001,0.0,1005.33
2023-03-27 15:00:00,17.505555555555553,17.505555555555553,0.53,27.160700000000002,320.0,10.2074,0.0,1005.33
2023-03-27 16:00:00,15.866666666666667,15.866666666666667,0.56,30.815400000000004,321.0,15.552600000000002,0.0,1005.4
2023-03-27 17:00:00,13.705555555555556,13.705555555555556,0.64,33.3592,310.0,15.826300000000002,0.0,1005.75
2023-03-27 18:00:00,12.105555555555554,12.105555555555554,0.61,31.749200000000002,310.0,16.1,0.0,1006.63
2023-03-27 19:00:00,10.966666666666669,10.966666666666669,0.66,32.876200000000004,313.0,9.982000000000001,0.0,1006.93
2023-03-27 20:00:00,9.905555555555555,6.3611111111111125,0.71,31.620400000000004,310.0,10.255700000000001,0.0,1007.24
2023-03-27 21:00:00,9.422222222222224,5.5444444444444425,0.71,34.4057,320.0,14.9086,0.0,1007.34
2023-03-27 22:00:00,8.522222222222224,4.6000000000000005,0.81,30.847600000000003,323.0,11.688600000000001,0.0,1007.79
2023-03-27 23:00:00,8.861111111111112,4.811111111111109,0.8,34.3574,321.0,11.9784,0.0,1007.87
2023-03-28 00:00:00,8.311111111111112,4.061111111111113,0.83,34.615,321.0,11.9784,0.0,1008.35
2023-03-28 01:00:00,8.338888888888887,4.616666666666668,0.86,27.4827,324.0,8.420300000000001,0.0,1008.79
2023-03-28 02:00:00,8.266666666666667,4.461111111111112,0.89,28.223300000000002,330.0,6.295100000000001,0.0,1008.97
2023-03-28 03:00:00,8.266666666666667,4.033333333333332,0.86,34.132,340.0,6.295100000000001,0.0,1009.56
2023-03-28 04:00:00,7.727777777777776,3.6500000000000004,0.87,29.6723,334.0,6.8425,0.0,1010.17
2023-03-28 05:00:00,7.222222222222222,3.1166666666666663,0.92,28.1589,330.0,6.295100000000001,0.0,1010.84
2023-03-28 06:00:00,7.222222222222222,3.250000000000001,0.86,26.565,330.0,9.982000000000001,0.0,1011.52
2023-03-28 07:00:00,7.272222222222224,3.250000000000001,0.87,27.3217,333.0,9.982000000000001,0.0,1012.2
2023-03-28 08:00:00,7.777777777777778,4.066666666666666,0.82,25.4219,340.0,9.982000000000001,0.0,1012.51
2023-03-28 09:00:00,8.816666666666666,5.516666666666667,0.82,24.085600000000003,330.0,9.982000000000001,0.0,1013.01
2023-03-28 10:00:00,8.838888888888887,5.072222222222224,0.71,30.107,332.0,10.5455,0.0,1013.37
2023-03-28 11:00:00,9.97777777777778,6.7944444444444425,0.7,26.758200000000002,340.0,10.2074,0.0,1013.38
2023-03-28 12:00:00,10.050000000000002,10.050000000000002,0.7,32.6025,330.0,10.255700000000001,0.0,1013.28
2023-03-28 13:00:00,11.85,11.85,0.57,31.233999999999998,343.0,10.577700000000002,0.0,1012.98
2023-03-28 14:00:00,12.222222222222221,12.222222222222221,0.52,27.8852,340.0,10.255700000000001,0.0,1012.57
2023-03-28 15:00:00,12.200000000000001,12.200000000000001,0.5,31.153500000000005,339.0,10.255700000000001,0.0,1012.55
2023-03-28 16:00:00,11.05,11.05,0.56,15.1984,339.0,10.577700000000002,0.0,1012.78
2023-03-28 17:00:00,11.08888888888889,11.08888888888889,0.56,14.2163,330.0,15.826300000000002,0.0,1012.68
2023-03-28 18:00:00,10.0,9.027777777777779,0.66,7.953400000000001,322.0,9.982000000000001,0.0,1012.79
2023-03-28 19:00:00,10.0,8.127777777777778,0.6,13.4113,6.0,9.982000000000001,0.0,1013.37
2023-03-28 20:00:00,8.91111111111111,6.4111111111111105,0.63,16.422,9.0,9.982000000000001,0.0,1013.76
2023-03-28 21:00:00,8.838888888888887,7.049999999999999,0.63,11.2056,349.0,15.826300000000002,0.0,1013.96
2023-03-28 22:00:00,8.411111111111111,6.633333333333332,0.67,10.642100000000001,321.0,14.9569,0.0,1013.85
2023-03-28 23:00:00,8.28888888888889,6.35,0.68,11.414900000000001,328.0,15.826300000000002,0.0,1013.72
2023-03-29 00:00:00,7.733333333333334,5.6722222222222225,0.71,11.4632,302.0,16.0517,0.0,1013.44
2023-03-29 01:00:00,7.716666666666667,6.622222222222224,0.7,6.8586,306.0,14.3934,0.0,1013.25
2023-03-29 03:00:00,7.083333333333333,5.955555555555555,0.73,6.617100000000001,308.0,15.134000000000002,0.0,1012.96
2023-03-29 04:00:00,6.533333333333332,4.2944444444444425,0.73,11.0768,300.0,14.9086,0.0,1012.75
2023-03-29 05:00:00,6.394444444444443,4.2444444444444445,0.74,10.465,300.0,14.168000000000003,0.0,1012.55
2023-03-29 06:00:00,5.86111111111111,3.7833333333333345,0.77,9.6117,290.0,14.9086,0.0,1012.66
2023-03-29 07:00:00,4.705555555555555,1.8611111111111118,0.83,12.2843,290.0,9.982000000000001,0.0,1012.66
2023-03-29 08:00:00,5.811111111111112,3.2833333333333314,0.78,11.8657,292.0,14.168000000000003,0.0,1012.63
2023-03-29 09:00:00,7.155555555555556,4.516666666666668,0.71,14.3612,290.0,15.826300000000002,0.0,1012.86
2023-03-29 10:00:00,8.866666666666667,6.622222222222224,0.63,14.296800000000003,310.0,16.0517,0.0,1012.74
2023-03-29 11:00:00,10.933333333333334,10.933333333333334,0.52,15.649200000000002,301.0,14.9569,0.0,1012.39
2023-03-29 12:00:00,11.205555555555556,11.205555555555556,0.46,14.2807,319.0,10.255700000000001,0.0,1011.91
2023-03-29 13:00:00,12.244444444444444,12.244444444444444,0.37,17.3075,290.0,16.1,0.0,1011.3
2023-03-29 14:00:00,13.677777777777777,13.677777777777777,0.37,13.6045,283.0,15.552600000000002,0.0,1010.48
2023-03-29 15:00:00,13.733333333333333,13.733333333333333,0.3,17.436300000000003,261.0,16.1,0.0,1009.44
2023-03-29 16:00:00,13.866666666666667,13.866666666666667,0.37,12.8156,271.0,16.1,0.0,1008.83
2023-03-29 17:00:00,13.661111111111113,13.661111111111113,0.37,15.0374,282.0,15.3111,0.0,1008.7
2023-03-29 18:00:00,12.755555555555556,12.755555555555556,0.42,20.076700000000002,279.0,16.1,0.0,1008.58
2023-03-29 19:00:00,10.13888888888889,10.13888888888889,0.54,9.579500000000001,270.0,16.1,0.0,1008.59
2023-03-29 20:00:00,10.105555555555554,10.105555555555554,0.6,7.728,225.0,15.1823,0.0,1008.89
2023-03-29 21:00:00,10.905555555555557,10.905555555555557,0.57,10.7548,219.0,15.1823,0.0,1008.96
2023-03-29 22:00:00,9.749999999999998,8.18888888888889,0.64,10.9319,190.0,15.1823,0.0,1008.48
2023-03-29 23:00:00,7.8999999999999995,5.999999999999998,0.71,10.7387,213.0,14.3934,0.0,1008.28
2023-03-30 00:00:00,7.316666666666667,4.73888888888889,0.75,14.1841,189.0,15.1823,0.0,1007.62
2023-03-30 01:00:00,7.827777777777779,5.38888888888889,0.72,14.007,180.0,15.1823,0.0,1006.78
2023-03-30 02:00:00,8.25,5.955555555555555,0.69,13.6689,172.0,14.3934,0.0,1005.74
2023-03-30 03:00:00,7.805555555555554,5.377777777777777,0.68,13.894300000000003,160.0,15.1823,0.0,1005.04
2023-03-30 04:00:00,7.827777777777779,5.38888888888889,0.71,14.007,170.0,15.1823,0.0,1004.32
2023-03-30 05:00:00,7.705555555555555,5.316666666666666,0.72,13.4757,161.0,14.3934,0.0,1003.6
2023-03-30 06:00:00,7.222222222222222,4.672222222222221,0.71,13.8782,161.0,15.134000000000002,0.0,1003.06
2023-03-30 07:00:00,7.733333333333334,5.205555555555554,0.69,14.4739,160.0,11.9784,0.0,1002.94
2023-03-30 08:00:00,7.733333333333334,5.183333333333333,0.69,14.6671,163.0,9.193100000000001,0.0,1003.0
2023-03-30 09:00:00,7.827777777777779,5.8500000000000005,0.76,11.0768,181.0,8.1305,0.0,1002.85
2023-03-30 10:00:00,7.944444444444443,5.533333333333334,0.82,14.007,181.0,8.372000000000002,0.0,1003.01
2023-03-30 11:00:00,10.094444444444445,10.094444444444445,0.77,15.729700000000001,187.0,9.7566,0.0,1002.81
2023-03-30 12:00:00,11.211111111111112,11.211111111111112,0.79,27.6115,191.0,10.255700000000001,0.0,1001.72
2023-03-30 13:00:00,12.33888888888889,12.33888888888889,0.78,20.366500000000002,212.0,10.255700000000001,0.0,1000.56
2023-03-30 14:00:00,13.905555555555557,13.905555555555557,0.67,29.7367,195.0,15.552600000000002,0.0,1000.61
2023-03-30 15:00:00,15.061111111111112,15.061111111111112,0.61,29.5918,202.0,9.982000000000001,0.0,1000.13
2023-03-30 16:00:00,14.849999999999998,14.849999999999998,0.62,24.794,212.0,9.8049,0.0,1000.25
2023-03-30 17:00:00,12.994444444444445,12.994444444444445,0.76,13.1376,295.0,4.3309,0.0,1001.05
2023-03-30 18:00:00,11.016666666666666,11.016666666666666,0.78,20.108900000000002,320.0,7.212800000000001,0.0,1003.05
2023-03-30 19:00:00,8.961111111111112,6.633333333333332,0.93,15.101800000000003,338.0,10.255700000000001,0.0,1002.85
2023-03-30 20:00:00,8.988888888888889,7.805555555555554,0.9,8.1144,314.0,9.6278,0.0,1004.31
2023-03-30 21:00:00,9.81111111111111,6.51111111111111,0.72,27.6276,310.0,15.1823,0.0,1005.25
2023-03-30 22:00:00,9.277777777777779,5.78888888888889,0.68,28.0623,320.0,16.1,0.0,1006.67
2023-03-30 23:00:00,8.266666666666667,5.922222222222221,0.73,14.023100000000003,303.0,15.1823,0.0,1008.53
2023-03-31 00:00:00,7.1499999999999995,3.75,0.68,20.4309,318.0,16.1,0.0,1009.27
2023-03-31 01:00:00,6.016666666666666,2.727777777777776,0.7,17.0982,299.0,16.1,0.0,1010.53
2023-03-31 02:00:00,5.394444444444445,1.3333333333333326,0.71,22.1858,300.0,15.1823,0.0,1011.31
2023-03-31 03:00:00,4.355555555555558,0.7055555555555573,0.76,16.744000000000003,289.0,16.1,0.0,1011.44
2023-03-31 04:00:00,3.6666666666666674,0.29999999999999954,0.77,13.910400000000001,289.0,16.1,0.0,1011.73
2023-03-31 05:00:00,3.2333333333333334,-0.472222222222223,0.83,15.375500000000002,272.0,15.1823,0.0,1011.85
2023-03-31 06:00:00,2.7333333333333343,-0.8833333333333333,0.82,14.1841,269.0,16.1,0.0,1012.04
2023-03-31 07:00:00,3.688888888888889,0.26666666666666494,0.77,14.2807,259.0,16.1,0.0,1012.23
2023-03-31 08:00:00,5.805555555555557,2.155555555555557,0.71,19.561500000000002,263.0,15.1823,0.0,1012.21
2023-03-31 09:00:00,7.733333333333334,5.255555555555556,0.58,14.1036,250.0,16.1,0.0,1011.28
2023-03-31 10:00:00,8.883333333333335,5.966666666666668,0.54,20.1894,250.0,16.1,0.0,1010.87
2023-03-31 11:00:00,10.027777777777777,10.027777777777777,0.53,21.4935,234.0,15.552600000000002,0.0,1010.04
2023-03-31 12:00:00,10.066666666666666,10.066666666666666,0.5,26.758200000000002,220.0,10.255700000000001,0.0,1008.67
2023-03-31 13:00:00,11.177777777777777,11.177777777777777,0.49,28.3682,200.0,16.1,0.0,1008.03
2023-03-31 14:00:00,11.416666666666664,11.416666666666664,0.48,33.6973,182.0,15.552600000000002,0.0,1005.6
2023-03-31 15:00:00,12.399999999999999,12.399999999999999,0.49,31.2018,190.0,16.1,0.0,1004.07
2023-03-31 16:00:00,14.044444444444444,14.044444444444444,0.45,34.0193,181.0,16.1,0.0,1002.51
2023-03-31 17:00:00,14.166666666666666,14.166666666666666,0.49,27.048000000000002,185.0,15.3111,0.0,1001.45
2023-03-31 18:00:00,13.994444444444444,13.994444444444444,0.51,23.023000000000003,191.0,15.826300000000002,0.0,1000.03
2023-03-31 19:00:00,12.349999999999998,12.349999999999998,0.57,12.654600000000002,164.0,15.504300000000002,0.0,999.77
2023-03-31 20:00:00,11.461111111111112,11.461111111111112,0.7,3.8801000000000005,257.0,9.837100000000001,0.0,1000.54
2023-03-31 21:00:00,10.222222222222221,10.222222222222221,0.82,13.6689,35.0,9.982000000000001,0.0,1002.63
2023-03-31 22:00:00,10.02222222222222,10.02222222222222,0.89,20.366500000000002,340.0,8.420300000000001,0.0,1004.84
2023-03-31 23:00:00,9.622222222222222,8.22777777777778,0.92,9.821,259.0,8.645700000000001,0.0,1004.0
2023-04-01 00:00:00,11.016666666666666,11.016666666666666,0.71,24.922800000000002,309.0,10.255700000000001,0.0,1004.56
2023-04-01 01:00:00,10.994444444444444,10.994444444444444,0.62,31.153500000000005,300.0,10.255700000000001,0.0,1005.28
2023-04-01 02:00:00,9.872222222222225,7.016666666666668,0.64,22.2985,309.0,14.3934,0.0,1006.28
2023-04-01 03:00:00,8.838888888888887,6.561111111111113,0.67,14.5061,310.0,15.1823,0.0,1006.34
2023-04-01 04:00:00,8.305555555555557,5.605555555555558,0.67,16.888900000000003,290.0,15.1823,0.0,1007.65
2023-04-01 05:00:00,7.266666666666666,4.833333333333335,0.71,13.1537,281.0,14.3934,0.0,1008.44
2023-04-01 06:00:00,6.061111111111109,3.2444444444444462,0.7,13.894300000000003,230.0,15.1823,0.0,1008.66
2023-04-01 07:00:00,5.999999999999998,3.0777777777777775,0.76,14.4739,230.0,16.1,0.0,1008.89
2023-04-01 08:00:00,7.88888888888889,5.899999999999999,0.69,11.237800000000002,248.0,10.3523,0.0,1010.08
2023-04-01 09:00:00,9.949999999999998,6.661111111111112,0.6,28.0945,280.0,9.982000000000001,0.0,1010.21
2023-04-01 10:00:00,11.038888888888888,11.038888888888888,0.55,31.588200000000004,280.0,9.982000000000001,0.0,1010.61
2023-04-01 11:00:00,11.105555555555558,11.105555555555558,0.46,26.1625,276.0,10.3523,0.0,1010.79
2023-04-01 12:00:00,12.127777777777776,12.127777777777776,0.46,34.9692,299.0,9.982000000000001,0.0,1010.27
2023-04-01 13:00:00,10.088888888888887,10.088888888888887,0.42,38.157000000000004,309.0,9.982000000000001,0.0,1010.25
2023-04-01 14:00:00,11.122222222222225,11.122222222222225,0.38,31.266200000000005,304.0,10.3523,0.0,1011.05
2023-04-01 15:00:00,9.972222222222223,6.1833333333333345,0.42,35.903000000000006,291.0,9.982000000000001,0.0,1010.9
2023-04-01 16:00:00,10.02222222222222,10.02222222222222,0.37,23.1035,318.0,9.982000000000001,0.0,1011.08
2023-04-01 17:00:00,9.961111111111112,7.07222222222222,0.36,22.974700000000002,295.0,10.3523,0.0,1011.33
2023-04-01 18:00:00,9.994444444444447,7.211111111111109,0.41,21.879900000000003,299.0,9.982000000000001,0.0,1011.97
2023-04-01 19:00:00,7.677777777777777,3.494444444444444,0.44,30.928100000000004,300.0,9.982000000000001,0.0,1012.47
2023-04-01 20:00:00,7.23888888888889,3.3388888888888877,0.44,25.727800000000002,301.0,10.3523,0.0,1013.51
2023-04-01 21:00:00,5.0166666666666675,-0.005555555555556424,0.6,31.137400000000003,299.0,10.255700000000001,0.0,1014.34
2023-04-01 22:00:00,4.927777777777776,-0.6611111111111119,0.66,38.2214,310.0,16.1,0.0,1015.12
2023-04-01 23:00:00,4.249999999999999,0.21666666666666698,0.69,19.3844,299.0,15.1823,0.0,1015.35
2023-04-02 00:00:00,3.227777777777779,-0.8222222222222224,0.74,17.5973,271.0,16.1,0.0,1015.54
2023-04-02 01:00:00,3.7333333333333325,-0.08333333333333254,0.71,16.856700000000004,289.0,16.1,0.0,1015.83
2023-04-02 02:00:00,2.7222222222222214,-0.816666666666666,0.74,13.7333,289.0,15.1823,0.0,1016.0
2023-04-02 03:00:00,1.7388888888888903,-0.28888888888888864,0.75,6.7781,231.0,16.1,0.0,1016.19
2023-04-02 04:00:00,3.311111111111112,-1.1000000000000003,0.64,20.4148,260.0,16.1,0.0,1015.92
2023-04-02 05:00:00,2.933333333333334,-1.4222222222222216,0.68,19.2234,265.0,14.9569,0.0,1015.82
2023-04-02 06:00:00,3.9111111111111105,-1.033333333333333,0.62,26.6616,270.0,9.982000000000001,0.0,1016.01
2023-04-02 07:00:00,4.905555555555555,0.43333333333333396,0.57,24.761800000000004,279.0,9.982000000000001,0.0,1016.03
2023-04-02 08:00:00,5.938888888888887,1.3944444444444433,0.54,28.7868,290.0,9.982000000000001,0.0,1016.69
2023-04-02 09:00:00,7.222222222222222,3.238888888888888,0.51,26.6938,261.0,9.982000000000001,0.0,1016.28
2023-04-02 10:00:00,7.822222222222221,4.122222222222224,0.49,25.3897,271.0,9.982000000000001,0.0,1015.9
2023-04-02 11:00:00,9.822222222222223,6.694444444444443,0.38,25.438000000000002,283.0,10.3523,0.0,1015.72
2023-04-02 12:00:00,11.038888888888888,11.038888888888888,0.38,23.2645,269.0,10.255700000000001,0.0,1014.74
2023-04-02 13:00:00,12.127777777777776,12.127777777777776,0.32,28.4648,230.0,10.255700000000001,0.0,1013.15
2023-04-02 14:00:00,12.177777777777779,12.177777777777779,0.32,27.2895,235.0,15.3111,0.0,1011.91
2023-04-02 15:00:00,12.194444444444446,12.194444444444446,0.3,28.3682,240.0,15.826300000000002,0.0,1010.33
2023-04-02 16:00:00,12.288888888888888,12.288888888888888,0.34,32.683,221.0,16.1,0.0,1008.92
2023-04-02 17:00:00,12.183333333333334,12.183333333333334,0.3,34.7438,223.0,10.3523,0.0,1008.06
2023-04-02 18:00:00,11.083333333333336,11.083333333333336,0.35,21.992600000000003,213.0,9.982000000000001,0.0,1006.94
2023-04-02 19:00:00,10.988888888888889,10.988888888888889,0.36,21.3325,232.0,9.982000000000001,0.0,1006.33
2023-04-02 20:00:00,10.211111111111112,10.211111111111112,0.48,34.5345,289.0,9.982000000000001,0.0,1006.66
2023-04-02 21:00:00,7.03888888888889,2.005555555555555,0.73,40.3788,263.0,10.255700000000001,0.0,1009.17
2023-04-02 22:00:00,6.477777777777776,2.1388888888888897,0.73,28.336000000000006,273.0,15.1823,0.0,1009.35
2023-04-02 23:00:00,5.438888888888888,0.7111111111111117,0.69,29.173200000000005,311.0,15.1823,0.0,1010.43
2023-04-03 00:00:00,4.372222222222221,-0.5777777777777773,0.67,28.1106,299.0,16.1,0.0,1012.13
2023-04-03 01:00:00,3.838888888888887,-1.555555555555556,0.64,31.282300000000003,299.0,16.1,0.0,1012.53
2023-04-03 02:00:00,3.2944444444444443,-1.988888888888888,0.71,28.2394,301.0,15.1823,0.0,1013.56
2023-04-03 03:00:00,2.7777777777777777,-1.7888888888888883,0.73,20.5436,289.0,16.1,0.0,1014.07
2023-04-03 04:00:00,2.244444444444444,-2.4555555555555566,0.75,20.4953,272.0,15.826300000000002,0.0,1014.66
2023-04-03 05:00:00,2.255555555555557,-2.8111111111111104,0.72,23.457700000000003,299.0,15.1823,0.0,1014.78
2023-04-03 06:00:00,2.755555555555556,-3.227777777777777,0.67,34.0998,299.0,16.1,0.0,1015.24
2023-04-03 07:00:00,2.755555555555556,-3.4500000000000006,0.7,36.836800000000004,290.0,16.1,0.0,1015.77
2023-04-03 08:00:00,3.8055555555555562,-1.761111111111112,0.69,33.1177,301.0,14.9569,0.0,1016.35
2023-04-03 09:00:00,5.050000000000002,-0.5722222222222229,0.64,39.1552,300.0,9.982000000000001,0.0,1016.66
2023-04-03 10:00:00,6.111111111111111,0.8277777777777788,0.6,39.412800000000004,300.0,9.982000000000001,0.0,1016.87
2023-04-03 11:00:00,7.638888888888889,2.744444444444443,0.5,41.473600000000005,312.0,10.3523,0.0,1017.03
2023-04-03 12:00:00,7.755555555555556,3.1333333333333337,0.49,37.6418,310.0,9.982000000000001,0.0,1017.07
2023-04-03 13:00:00,8.838888888888887,4.649999999999999,0.44,36.4343,309.0,9.982000000000001,0.0,1016.57
2023-04-03 14:00:00,8.838888888888887,4.594444444444446,0.41,37.3198,312.0,10.577700000000002,0.0,1016.79
2023-04-03 15:00:00,8.91111111111111,4.755555555555556,0.4,36.273300000000006,320.0,10.255700000000001,0.0,1016.08
2023-04-03 16:00:00,8.866666666666667,4.205555555555556,0.41,45.015600000000006,300.0,9.982000000000001,0.0,1015.78
2023-04-03 17:00:00,7.972222222222222,3.383333333333335,0.46,38.2697,313.0,10.577700000000002,0.0,1016.06
2023-04-03 18:00:00,7.844444444444444,3.8833333333333346,0.52,28.6419,292.0,10.255700000000001,0.0,1016.14
2023-04-03 19:00:00,7.244444444444444,4.188888888888888,0.49,17.6134,301.0,10.255700000000001,0.0,1016.54
2023-04-03 20:00:00,4.188888888888888,1.3277777777777782,0.62,11.817400000000001,286.0,15.552600000000002,0.0,1016.97
2023-04-03 21:00:00,2.194444444444446,-0.11111111111111072,0.69,7.905100000000001,271.0,16.1,0.0,1017.24
2023-04-03 22:00:00,2.105555555555555,-1.0166666666666657,0.69,11.0285,252.0,16.1,0.0,1017.62
2023-04-03 23:00:00,1.6277777777777775,-1.3555555555555563,0.72,10.0303,265.0,15.1823,0.0,1017.75
2023-04-04 00:00:00,0.8333333333333334,-2.5555555555555562,0.73,11.0446,251.0,16.1,0.0,1017.42
2023-04-04 01:00:00,-0.5222222222222229,-4.2444444444444445,0.78,11.270000000000001,260.0,16.1,0.0,1017.32
2023-04-04 02:00:00,0.0500000000000019,-3.4222222222222225,0.74,10.722600000000002,253.0,15.1823,0.0,1017.49
2023-04-04 03:00:00,0.40555555555555384,-3.7777777777777777,0.7,14.3451,250.0,16.1,0.0,1017.01
2023-04-04 04:00:00,-0.5222222222222229,-2.855555555555556,0.75,6.6332,262.0,16.1,0.0,1016.62
2023-04-04 05:00:00,0.06666666666666525,0.06666666666666525,0.74,3.7352,253.0,15.1823,0.0,1016.18
2023-04-04 06:00:00,-0.12777777777777802,-3.188888888888888,0.82,9.048200000000001,212.0,16.1,0.0,1015.93
2023-04-04 07:00:00,0.7722222222222226,0.7722222222222226,0.76,4.6207,215.0,16.1,0.0,1015.93
2023-04-04 08:00:00,2.5333333333333345,2.5333333333333345,0.7,3.1878,263.0,15.1823,0.0,1015.97
2023-04-04 09:00:00,6.1833333333333345,6.1833333333333345,0.55,3.6547,275.0,16.1,0.0,1015.58
2023-04-04 10:00:00,8.838888888888887,8.838888888888887,0.44,2.4794,44.0,15.826300000000002,0.0,1015.18
2023-04-04 11:00:00,10.055555555555555,10.055555555555555,0.32,3.8801000000000005,245.0,10.3523,0.0,1014.99
2023-04-04 12:00:00,11.06111111111111,11.06111111111111,0.32,4.5402000000000005,216.0,10.255700000000001,0.0,1014.68
2023-04-04 13:00:00,11.06111111111111,11.06111111111111,0.34,8.5169,122.0,10.255700000000001,0.0,1014.18
2023-04-04 14:00:00,11.972222222222221,11.972222222222221,0.27,7.550900000000001,242.0,15.552600000000002,0.0,1013.52
2023-04-04 15:00:00,12.105555555555554,12.105555555555554,0.25,12.5097,271.0,16.1,0.0,1012.79
2023-04-04 16:00:00,12.127777777777776,12.127777777777776,0.26,10.996300000000002,328.0,16.1,0.0,1012.21
2023-04-04 17:00:00,11.033333333333333,11.033333333333333,0.32,9.3541,189.0,15.552600000000002,0.0,1012.06
2023-04-04 18:00:00,10.0,9.17777777777778,0.41,7.2611,201.0,16.1,0.0,1012.2
2023-04-04 19:00:00,9.883333333333333,9.883333333333333,0.37,4.250400000000001,139.0,16.1,0.0,1012.21
2023-04-04 20:00:00,7.972222222222222,7.116666666666668,0.47,6.1341,128.0,15.1823,0.0,1012.38
2023-04-04 21:00:00,7.705555555555555,7.705555555555555,0.47,3.1556,113.0,16.1,0.0,1012.52
2023-04-04 22:00:00,7.1499999999999995,5.666666666666668,0.55,8.05,50.0,16.1,0.0,1012.53
2023-04-04 23:00:00,7.116666666666668,7.116666666666668,0.55,2.5438,146.0,15.1823,0.0,1012.59
2023-04-05 00:00:00,6.038888888888888,6.038888888888888,0.67,3.4776000000000002,75.0,16.1,0.0,1012.63
2023-04-05 01:00:00,6.038888888888888,6.038888888888888,0.65,3.3488,79.0,16.1,0.0,1012.43
2023-04-05 02:00:00,5.555555555555555,5.555555555555555,0.66,2.5438,132.0,15.1823,0.0,1012.12
2023-04-05 03:00:00,5.411111111111112,4.133333333333332,0.68,6.262900000000001,95.0,16.1,0.0,1012.06
2023-04-05 04:00:00,4.349999999999999,4.349999999999999,0.7,2.4794,225.0,16.1,0.0,1011.86
2023-04-05 05:00:00,3.4888888888888894,2.1611111111111114,0.8,5.554500000000001,348.0,15.1823,0.0,1012.24
2023-04-05 06:00:00,2.727777777777776,-0.011111111111110874,0.82,9.8854,20.0,16.1,0.0,1012.55
2023-04-05 07:00:00,3.7722222222222217,1.0055555555555569,0.82,10.9158,10.0,16.1,0.0,1012.97
2023-04-05 08:00:00,5.716666666666666,3.633333333333333,0.72,9.5151,29.0,15.552600000000002,0.0,1013.29
2023-04-05 09:00:00,7.566666666666666,5.044444444444443,0.68,14.2002,12.0,16.1,0.0,1013.58
2023-04-05 10:00:00,8.77222222222222,5.644444444444442,0.63,22.057,12.0,9.982000000000001,0.0,1013.77
2023-04-05 11:00:00,9.86111111111111,6.861111111111112,0.5,23.9568,48.0,10.3523,0.0,1013.82
2023-04-05 12:00:00,9.972222222222223,7.033333333333331,0.49,23.6187,41.0,9.982000000000001,0.0,1013.96
2023-04-05 13:00:00,11.066666666666668,11.066666666666668,0.39,21.6223,22.0,10.255700000000001,0.0,1014.35
2023-04-05 14:00:00,9.972222222222223,7.266666666666666,0.41,20.9461,34.0,10.3523,0.0,1014.34
2023-04-05 15:00:00,11.016666666666666,11.016666666666666,0.38,21.5257,19.0,9.982000000000001,0.0,1014.2
2023-04-05 16:00:00,11.016666666666666,11.016666666666666,0.32,20.366500000000002,31.0,10.255700000000001,0.0,1013.99
2023-04-05 17:00:00,10.92222222222222,10.92222222222222,0.32,24.9389,20.0,10.3523,0.0,1013.9
2023-04-05 18:00:00,9.927777777777777,7.1499999999999995,0.34,21.6545,29.0,9.982000000000001,0.0,1014.29
2023-04-05 19:00:00,8.838888888888887,6.844444444444445,0.4,12.525800000000002,19.0,10.255700000000001,0.0,1014.88
2023-04-05 20:00:00,7.394444444444446,5.094444444444445,0.44,12.477500000000001,17.0,15.1823,0.0,1015.46
2023-04-05 21:00:00,6.083333333333335,3.4888888888888894,0.53,12.558,10.0,16.1,0.0,1015.99
2023-04-05 22:00:00,5.46111111111111,2.488888888888887,0.53,13.9909,9.0,16.1,0.0,1016.39
2023-04-05 23:00:00,4.938888888888889,1.8888888888888882,0.56,13.781600000000001,8.0,15.1823,0.0,1016.54
2023-04-06 00:00:00,4.3277777777777775,0.6277777777777792,0.56,17.0499,19.0,16.1,0.0,1016.91
2023-04-06 01:00:00,3.7722222222222217,-0.044444444444443496,0.55,16.9211,29.0,16.1,0.0,1016.91
2023-04-06 02:00:00,3.2111111111111117,-1.0166666666666657,0.57,18.8531,20.0,15.1823,0.0,1016.77
2023-04-06 03:00:00,2.1499999999999986,-1.5666666666666669,0.64,14.023100000000003,10.0,16.1,0.0,1017.08
2023-04-06 04:00:00,2.0833333333333335,-2.588888888888889,0.65,19.9479,19.0,16.1,0.0,1016.63
2023-04-06 05:00:00,1.4499999999999997,-2.8388888888888886,0.7,16.325400000000002,0.0,15.1823,0.0,1016.69
2023-04-06 06:00:00,-0.027777777777778172,-4.716666666666665,0.75,16.6152,330.0,16.1,0.0,1016.92
2023-04-06 07:00:00,1.1166666666666656,-2.8388888888888886,0.75,14.023100000000003,359.0,16.1,0.0,1017.3
2023-04-06 08:00:00,2.205555555555555,-1.8833333333333337,0.7,16.2449,350.0,15.1823,0.0,1017.34
2023-04-06 09:00:00,5.072222222222224,1.1333333333333329,0.59,20.3504,0.0,16.1,0.0,1017.47
2023-04-06 10:00:00,7.222222222222222,3.238888888888888,0.51,26.7421,10.0,10.255700000000001,0.0,1017.3
2023-04-06 11:00:00,8.566666666666668,5.083333333333332,0.44,25.3414,17.0,10.577700000000002,0.0,1017.24
2023-04-06 12:00:00,9.86111111111111,6.672222222222221,0.34,26.355700000000002,0.0,10.255700000000001,0.0,1016.9
2023-04-06 13:00:00,9.86111111111111,6.5388888888888905,0.34,28.1106,350.0,10.255700000000001,0.0,1016.6
2023-04-06 14:00:00,10.68888888888889,10.68888888888889,0.33,24.9872,350.0,10.577700000000002,0.0,1016.42
2023-04-06 15:00:00,10.950000000000001,10.950000000000001,0.32,23.5543,351.0,9.982000000000001,0.0,1016.02
2023-04-06 16:00:00,9.927777777777777,6.644444444444445,0.32,27.9013,340.0,9.982000000000001,0.0,1015.91
2023-04-06 17:00:00,9.8,6.7444444444444445,0.34,24.407600000000002,351.0,10.577700000000002,0.0,1016.13
2023-04-06 18:00:00,8.794444444444444,5.150000000000002,0.4,28.2394,350.0,9.982000000000001,0.0,1016.42
2023-04-06 19:00:00,7.683333333333333,4.2944444444444425,0.47,21.686700000000002,19.0,10.255700000000001,0.0,1017.31
2023-04-06 20:00:00,7.122222222222222,3.1333333333333337,0.5,26.4201,9.0,10.577700000000002,0.0,1017.69
2023-04-06 21:00:00,7.127777777777776,3.7333333333333325,0.51,20.3504,1.0,10.255700000000001,0.0,1018.14
2023-04-06 22:00:00,7.061111111111112,2.9277777777777794,0.49,27.8691,351.0,16.1,0.0,1018.72
2023-04-06 23:00:00,5.955555555555555,1.1444444444444457,0.59,32.1195,9.0,15.1823,0.0,1018.96
2023-04-07 00:00:00,5.0,0.016666666666667298,0.69,30.6222,19.0,16.1,0.0,1019.05
2023-04-07 01:00:00,3.9111111111111105,-0.8444444444444442,0.8,24.777900000000002,9.0,16.1,0.0,1019.73
2023-04-07 02:00:00,3.888888888888889,-0.4055555555555558,0.81,20.736800000000002,353.0,15.1823,0.0,1019.79
2023-04-07 03:00:00,4.905555555555555,0.12777777777777605,0.69,27.9979,10.0,16.1,0.0,1019.96
2023-04-07 04:00:00,4.400000000000001,-0.24444444444444516,0.72,25.0194,10.0,16.1,0.0,1020.25
2023-04-07 05:00:00,4.31111111111111,-0.561111111111112,0.71,27.1124,1.0,15.1823,0.0,1020.48
2023-04-07 06:00:00,3.816666666666665,-1.5611111111111104,0.7,31.024700000000003,10.0,16.1,0.0,1021.06
2023-04-07 07:00:00,3.866666666666667,-1.4999999999999996,0.7,31.040800000000004,10.0,16.1,0.0,1022.16
2023-04-07 08:00:00,5.7555555555555555,0.7388888888888879,0.62,33.9871,19.0,15.552600000000002,0.0,1022.79
2023-04-07 09:00:00,7.177777777777779,2.3666666666666654,0.55,37.657900000000005,20.0,15.826300000000002,0.0,1023.16
2023-04-07 10:00:00,7.827777777777779,3.050000000000001,0.49,40.5559,20.0,10.255700000000001,0.0,1023.74
2023-04-07 11:00:00,9.755555555555556,5.899999999999999,0.42,35.8547,21.0,10.577700000000002,0.0,1023.91
2023-04-07 12:00:00,9.927777777777777,6.188888888888889,0.37,34.8404,21.0,10.255700000000001,0.0,1024.41
2023-04-07 13:00:00,9.927777777777777,5.955555555555555,0.34,38.833200000000005,10.0,10.255700000000001,0.0,1024.06
2023-04-07 14:00:00,9.988888888888887,6.066666666666667,0.34,38.382400000000004,10.0,10.577700000000002,0.0,1024.35
2023-04-07 15:00:00,10.02222222222222,10.02222222222222,0.32,34.2125,1.0,10.255700000000001,0.0,1024.31
2023-04-07 16:00:00,10.094444444444445,10.094444444444445,0.34,32.6669,10.0,10.255700000000001,0.0,1024.0
2023-04-07 17:00:00,10.06111111111111,10.06111111111111,0.33,32.9728,10.0,10.577700000000002,0.0,1023.68
2023-04-07 18:00:00,10.02222222222222,10.02222222222222,0.37,33.649,1.0,10.255700000000001,0.0,1023.87
2023-04-07 19:00:00,7.844444444444444,4.677777777777779,0.46,19.964000000000002,0.0,16.1,0.0,1023.87
2023-04-07 20:00:00,6.333333333333332,4.133333333333332,0.53,10.6743,341.0,15.552600000000002,0.0,1024.31
2023-04-07 21:00:00,5.133333333333335,2.2777777777777786,0.56,12.863900000000001,311.0,16.1,0.0,1024.86
2023-04-07 22:00:00,4.022222222222223,0.7055555555555573,0.61,14.1036,302.0,16.1,0.0,1024.99
2023-04-07 23:00:00,5.050000000000002,2.105555555555555,0.56,13.2986,313.0,15.1823,0.0,1024.93
2023-04-08 00:00:00,5.411111111111112,1.988888888888888,0.53,16.9694,310.0,16.1,0.0,1025.2
2023-04-08 01:00:00,3.305555555555557,-0.6055555555555555,0.62,16.8245,319.0,16.1,0.0,1025.29
2023-04-08 02:00:00,3.3333333333333335,0.033333333333334596,0.61,13.1376,321.0,15.1823,0.0,1025.07
2023-04-08 03:00:00,1.1500000000000001,-2.1333333333333333,0.72,10.867500000000001,328.0,16.1,0.0,1024.67
2023-04-08 04:00:00,0.11666666666666714,-2.0222222222222226,0.75,6.3756,289.0,16.0517,0.0,1024.36
2023-04-08 05:00:00,0.6111111111111119,-1.505555555555556,0.7,6.5205,296.0,15.150100000000002,0.0,1024.11
2023-04-08 06:00:00,1.1833333333333347,-2.1111111111111116,0.75,10.948,290.0,16.0517,0.0,1023.85
2023-04-08 07:00:00,2.177777777777779,0.8944444444444442,0.72,5.0071,274.0,15.826300000000002,0.0,1023.84
2023-04-08 08:00:00,4.688888888888887,1.8277777777777773,0.66,12.348700000000001,321.0,14.9569,0.0,1023.99
2023-04-08 09:00:00,7.733333333333334,5.294444444444445,0.58,13.8782,329.0,16.1,0.0,1023.74
2023-04-08 10:00:00,8.916666666666664,6.91111111111111,0.54,12.6868,340.0,10.255700000000001,0.0,1023.75
2023-04-08 11:00:00,10.783333333333331,10.783333333333331,0.5,9.563400000000001,8.0,10.3523,0.0,1023.66
2023-04-08 12:00:00,10.994444444444444,10.994444444444444,0.4,15.439900000000002,20.0,9.982000000000001,0.0,1023.95
2023-04-08 13:00:00,12.155555555555557,12.155555555555557,0.38,19.8996,1.0,9.982000000000001,0.0,1023.95
2023-04-08 14:00:00,12.03888888888889,12.03888888888889,0.43,20.624100000000002,8.0,10.577700000000002,0.0,1023.91
2023-04-08 15:00:00,11.183333333333334,11.183333333333334,0.5,23.167900000000003,28.0,10.255700000000001,0.0,1024.03
2023-04-08 16:00:00,11.22777777777778,11.22777777777778,0.5,15.890699999999999,10.0,10.255700000000001,0.0,1024.2
2023-04-08 17:00:00,12.094444444444447,12.094444444444447,0.47,18.998,353.0,10.577700000000002,0.0,1024.03
2023-04-08 18:00:00,11.205555555555556,11.205555555555556,0.49,16.9533,10.0,10.255700000000001,0.0,1024.43
2023-04-08 19:00:00,10.116666666666667,10.116666666666667,0.53,9.2253,350.0,16.1,0.0,1024.82
2023-04-08 20:00:00,7.566666666666666,5.999999999999998,0.64,8.7101,340.0,15.552600000000002,0.0,1025.42
2023-04-08 21:00:00,6.205555555555557,4.73888888888889,0.75,7.3255,329.0,16.1,0.0,1026.32
2023-04-08 22:00:00,4.5055555555555555,3.0333333333333337,0.73,6.423900000000001,309.0,16.0517,0.0,1026.72
2023-04-08 23:00:00,4.655555555555557,3.1611111111111097,0.76,6.552700000000001,299.0,15.729700000000001,0.0,1026.81
2023-04-09 00:00:00,4.5055555555555555,3.0833333333333317,0.73,6.2468,311.0,16.1,0.0,1026.96
2023-04-09 01:00:00,4.43888888888889,1.7777777777777795,0.76,11.0607,340.0,16.0517,0.0,1027.25
2023-04-09 02:00:00,5.044444444444443,3.672222222222222,0.79,6.359500000000001,323.0,15.150100000000002,0.0,1027.43
2023-04-09 03:00:00,5.344444444444443,4.016666666666665,0.77,6.3756,311.0,16.1,0.0,1027.3
2023-04-09 04:00:00,5.899999999999999,3.5500000000000003,0.71,11.012400000000001,329.0,16.1,0.0,1027.5
2023-04-09 05:00:00,5.555555555555555,2.705555555555554,0.75,13.379100000000001,349.0,15.1823,0.0,1027.8
2023-04-09 06:00:00,3.75,0.1722222222222235,0.77,15.3433,329.0,16.0517,0.0,1028.21
2023-04-09 07:00:00,5.933333333333334,3.311111111111112,0.71,12.5419,320.0,16.0517,0.0,1028.5
2023-04-09 08:00:00,7.172222222222221,4.4222222222222225,0.71,15.117900000000002,340.0,15.552600000000002,0.0,1028.9
2023-04-09 09:00:00,10.011111111111113,10.011111111111113,0.58,17.71,359.0,15.826300000000002,0.0,1029.17
2023-04-09 10:00:00,12.711111111111112,12.711111111111112,0.49,27.692,20.0,15.826300000000002,0.0,1029.29
2023-04-09 11:00:00,13.677777777777777,13.677777777777777,0.41,26.082,19.0,10.577700000000002,0.0,1029.65
2023-04-09 12:00:00,14.905555555555553,14.905555555555553,0.34,23.3289,10.0,10.255700000000001,0.0,1029.48
2023-04-09 13:00:00,14.97777777777778,14.97777777777778,0.36,20.881700000000002,10.0,16.1,0.0,1029.18
2023-04-09 14:00:00,14.905555555555553,14.905555555555553,0.36,24.5364,10.0,15.552600000000002,0.0,1028.86
2023-04-09 15:00:00,16.11111111111111,16.11111111111111,0.33,20.479200000000002,20.0,16.1,0.0,1028.55
2023-04-09 16:00:00,16.133333333333333,16.133333333333333,0.31,21.9121,11.0,16.1,0.0,1028.35
2023-04-09 17:00:00,16.06111111111111,16.06111111111111,0.31,20.286,11.0,16.1,0.0,1027.95
2023-04-09 18:00:00,15.044444444444443,15.044444444444443,0.3,20.125,10.0,16.1,0.0,1027.87
2023-04-09 19:00:00,12.333333333333336,12.333333333333336,0.37,12.2843,341.0,16.1,0.0,1028.04
2023-04-09 20:00:00,10.050000000000002,10.050000000000002,0.45,10.3362,332.0,15.552600000000002,0.0,1028.44
2023-04-09 21:00:00,7.200000000000001,5.438888888888888,0.49,9.321900000000001,331.0,16.1,0.0,1029.33
2023-04-09 22:00:00,7.061111111111112,6.016666666666666,0.54,6.295100000000001,350.0,16.1,0.0,1029.35
2023-04-09 23:00:00,5.916666666666666,4.761111111111111,0.53,6.1019000000000005,338.0,15.520400000000002,0.0,1029.62
2023-04-10 00:00:00,3.75,2.1722222222222203,0.6,6.391700000000001,357.0,16.0517,0.0,1029.45
2023-04-10 01:00:00,2.155555555555557,2.155555555555557,0.7,3.1717,358.0,15.922900000000002,0.0,1029.56
2023-04-10 02:00:00,1.5166666666666648,-0.4055555555555558,0.7,6.3756,332.0,15.3111,0.0,1029.46
2023-04-10 03:00:00,1.6055555555555558,-0.27222222222222137,0.65,6.295100000000001,330.0,15.826300000000002,0.0,1029.54
2023-04-10 04:00:00,0.905555555555557,-1.1333333333333329,0.73,6.44,350.0,15.826300000000002,0.0,1029.45
2023-04-10 05:00:00,0.8999999999999986,-2.216666666666666,0.7,9.982000000000001,340.0,15.3111,0.0,1029.19
2023-04-10 06:00:00,0.8333333333333334,-1.7555555555555555,0.71,8.05,340.0,15.826300000000002,0.0,1029.26
2023-04-10 07:00:00,2.5055555555555546,2.5055555555555546,0.71,3.1234,17.0,15.826300000000002,0.0,1029.64
2023-04-10 08:00:00,8.350000000000001,8.350000000000001,0.48,3.4132000000000002,50.0,15.520400000000002,0.0,1029.75
2023-04-10 09:00:00,11.322222222222223,11.322222222222223,0.3,7.5992,41.0,16.1,0.0,1029.79
2023-04-10 10:00:00,13.961111111111112,13.961111111111112,0.27,4.4758,86.0,16.1,0.0,1029.69
2023-04-10 11:00:00,15.938888888888888,15.938888888888888,0.24,5.1359,142.0,15.552600000000002,0.0,1029.52
2023-04-10 12:00:00,17.22222222222222,17.22222222222222,0.24,4.8783,118.0,16.1,0.0,1029.18
2023-04-10 13:00:00,17.755555555555556,17.755555555555556,0.21,9.982000000000001,151.0,16.1,0.0,1028.48
2023-04-10 14:00:00,17.82777777777778,17.82777777777778,0.21,9.4024,182.0,15.552600000000002,0.0,1027.9
2023-04-10 15:00:00,18.911111111111115,18.911111111111115,0.19,13.8299,207.0,16.1,0.0,1027.16
2023-04-10 16:00:00,18.93333333333333,18.93333333333333,0.19,9.9176,159.0,16.1,0.0,1026.36
2023-04-10 17:00:00,18.927777777777774,18.927777777777774,0.19,12.187700000000001,172.0,15.552600000000002,0.0,1025.88
2023-04-10 18:00:00,17.84444444444445,17.84444444444445,0.28,12.525800000000002,159.0,16.1,0.0,1025.46
2023-04-10 19:00:00,15.088888888888887,15.088888888888887,0.35,12.525800000000002,150.0,16.1,0.0,1024.98
2023-04-10 20:00:00,12.555555555555555,12.555555555555555,0.41,10.5455,142.0,15.1823,0.0,1025.09
2023-04-10 21:00:00,11.094444444444443,11.094444444444443,0.46,10.948,131.0,16.1,0.0,1025.36
2023-04-10 22:00:00,9.383333333333333,7.733333333333334,0.5,11.012400000000001,130.0,16.1,0.0,1025.37
2023-04-10 23:00:00,9.038888888888891,6.949999999999999,0.51,13.4596,131.0,15.1823,0.0,1025.25
2023-04-11 00:00:00,8.272222222222222,5.966666666666668,0.5,13.7494,131.0,16.1,0.0,1025.09
2023-04-11 01:00:00,7.688888888888891,5.738888888888888,0.52,10.770900000000001,140.0,16.1,0.0,1025.09
2023-04-11 02:00:00,6.244444444444445,4.077777777777779,0.59,10.432800000000002,127.0,15.1823,0.0,1024.71
2023-04-11 03:00:00,6.022222222222224,3.2166666666666663,0.61,13.7494,130.0,16.1,0.0,1024.18
2023-04-11 04:00:00,6.4111111111111105,4.2444444444444445,0.59,10.577700000000002,130.0,16.1,0.0,1023.99
2023-04-11 05:00:00,5.3666666666666645,2.577777777777778,0.64,12.7512,127.0,15.1823,0.0,1023.75
2023-04-11 06:00:00,5.838888888888888,3.177777777777777,0.61,12.6385,129.0,16.1,0.0,1023.71
2023-04-11 07:00:00,6.949999999999999,4.61111111111111,0.61,12.1394,158.0,16.1,0.0,1023.91
2023-04-11 08:00:00,8.677777777777777,6.3166666666666655,0.57,14.828100000000003,140.0,15.1823,0.0,1024.04
2023-04-11 09:00:00,12.155555555555557,12.155555555555557,0.5,12.5097,159.0,16.1,0.0,1023.79
2023-04-11 10:00:00,15.038888888888888,15.038888888888888,0.42,9.321900000000001,180.0,16.1,0.0,1023.68
2023-04-11 11:00:00,17.716666666666665,17.716666666666665,0.37,7.550900000000001,168.0,15.552600000000002,0.0,1023.62
2023-04-11 12:00:00,18.977777777777774,18.977777777777774,0.37,4.9266000000000005,216.0,16.1,0.0,1023.25
2023-04-11 13:00:00,21.083333333333332,21.083333333333332,0.29,7.840700000000001,219.0,16.1,0.0,1022.46
2023-04-11 14:00:00,22.005555555555556,22.005555555555556,0.28,13.0249,198.0,15.552600000000002,0.0,1021.88
2023-04-11 15:00:00,22.216666666666665,22.216666666666665,0.28,15.665300000000002,220.0,10.255700000000001,0.0,1020.98
2023-04-11 16:00:00,22.23888888888889,22.23888888888889,0.28,16.6957,221.0,10.255700000000001,0.0,1020.58
2023-04-11 17:00:00,22.15555555555555,22.15555555555555,0.28,12.3648,228.0,10.577700000000002,0.0,1020.2
2023-04-11 18:00:00,21.17777777777778,21.17777777777778,0.35,10.642100000000001,241.0,16.1,0.0,1020.0
2023-04-11 19:00:00,18.86111111111111,18.86111111111111,0.37,3.059,264.0,16.1,0.0,1020.11
2023-04-11 20:00:00,15.450000000000001,15.450000000000001,0.45,11.3022,251.0,15.552600000000002,0.0,1020.55
2023-04-11 21:00:00,13.75,13.75,0.52,8.05,260.0,16.1,0.0,1021.02
2023-04-11 22:00:00,12.666666666666664,12.666666666666664,0.56,3.1878,272.0,16.1,0.0,1021.53
2023-04-11 23:00:00,11.694444444444443,11.694444444444443,0.63,3.1395,270.0,15.1823,0.0,1021.79
2023-04-12 00:00:00,10.488888888888889,10.488888888888889,0.68,6.1502,200.0,16.1,0.0,1022.24
2023-04-12 01:00:00,9.4,9.4,0.71,3.1878,262.0,16.1,0.0,1022.54
2023-04-12 02:00:00,10.122222222222222,10.122222222222222,0.71,3.5903,247.0,15.150100000000002,0.0,1022.69
2023-04-12 03:00:00,9.86111111111111,8.988888888888889,0.68,7.406,292.0,16.0517,0.0,1022.49
2023-04-12 04:00:00,8.905555555555557,7.155555555555556,0.71,11.0446,291.0,15.826300000000002,0.0,1023.34
2023-04-12 05:00:00,9.555555555555557,8.838888888888887,0.68,6.5366,317.0,14.9569,0.0,1023.52
2023-04-12 06:00:00,7.377777777777778,6.738888888888891,0.79,5.1681,301.0,15.826300000000002,0.0,1023.99
2023-04-12 07:00:00,11.038888888888888,11.038888888888888,0.71,12.6868,319.0,15.826300000000002,0.0,1024.59
2023-04-12 08:00:00,12.63888888888889,12.63888888888889,0.65,13.7494,312.0,14.9569,0.0,1025.21
2023-04-12 09:00:00,16.094444444444445,16.094444444444445,0.52,25.1482,329.0,16.1,0.0,1025.59
2023-04-12 10:00:00,18.84444444444445,18.84444444444445,0.43,24.9389,330.0,16.1,0.0,1026.24
2023-04-12 11:00:00,20.677777777777777,20.677777777777777,0.4,20.076700000000002,341.0,15.552600000000002,0.0,1026.31
2023-04-12 12:00:00,22.17777777777778,22.17777777777778,0.33,14.296800000000003,358.0,16.1,0.0,1026.43
2023-04-12 13:00:00,22.22222222222222,22.22222222222222,0.33,12.783400000000002,354.0,10.255700000000001,0.0,1026.05
2023-04-12 14:00:00,22.633333333333333,22.633333333333333,0.33,13.041,348.0,10.577700000000002,0.0,1025.78
2023-04-12 15:00:00,22.77777777777778,22.77777777777778,0.34,17.1626,340.0,10.255700000000001,0.0,1025.43
2023-04-12 16:00:00,22.75555555555555,22.75555555555555,0.32,21.574,330.0,10.255700000000001,0.0,1025.14
2023-04-12 17:00:00,21.227777777777774,21.227777777777774,0.35,19.9962,305.0,10.577700000000002,0.0,1024.79
2023-04-12 18:00:00,21.13333333333334,21.13333333333334,0.38,17.919300000000003,300.0,10.255700000000001,0.0,1024.85
2023-04-12 19:00:00,19.87777777777778,19.87777777777778,0.4,15.971200000000001,310.0,16.1,0.0,1024.86
2023-04-12 20:00:00,16.416666666666668,16.416666666666668,0.5,10.9641,302.0,10.577700000000002,0.0,1025.58
2023-04-12 21:00:00,15.944444444444445,15.944444444444445,0.48,15.520400000000002,310.0,16.1,0.0,1026.26
2023-04-12 22:00:00,15.33888888888889,15.33888888888889,0.49,17.066,301.0,16.1,0.0,1026.57
2023-04-12 23:00:00,13.22777777777778,13.22777777777778,0.55,13.2825,322.0,15.1823,0.0,1026.87
2023-04-13 00:00:00,12.105555555555554,12.105555555555554,0.6,13.8782,319.0,16.1,0.0,1027.05
2023-04-13 01:00:00,9.844444444444443,8.25,0.71,11.237800000000002,319.0,16.1,0.0,1027.04
2023-04-13 02:00:00,9.105555555555556,9.105555555555556,0.73,4.314800000000001,321.0,15.1823,0.0,1026.54
2023-04-13 03:00:00,8.638888888888888,6.800000000000001,0.75,11.270000000000001,300.0,16.1,0.0,1026.17
2023-04-13 04:00:00,8.594444444444443,6.738888888888891,0.75,11.3344,292.0,16.1,0.0,1026.16
2023-04-13 05:00:00,8.144444444444442,6.327777777777778,0.79,10.5616,292.0,15.1823,0.0,1026.15
2023-04-13 06:00:00,7.505555555555554,6.977777777777779,0.77,4.8944,263.0,16.1,0.0,1026.24
2023-04-13 07:00:00,8.666666666666666,8.666666666666666,0.78,3.5581,283.0,16.1,0.0,1026.34
2023-04-13 08:00:00,12.605555555555554,12.605555555555554,0.62,9.3863,293.0,10.2235,0.0,1026.39
2023-04-13 09:00:00,16.116666666666664,16.116666666666664,0.52,10.948,310.0,10.255700000000001,0.0,1026.02
2023-04-13 10:00:00,19.88333333333334,19.88333333333334,0.36,15.439900000000002,300.0,10.255700000000001,0.0,1025.82
2023-04-13 11:00:00,20.811111111111106,20.811111111111106,0.33,11.7047,291.0,15.552600000000002,0.0,1025.79
2023-04-13 12:00:00,22.216666666666665,22.216666666666665,0.33,16.035600000000002,278.0,10.255700000000001,0.0,1025.49
2023-04-13 13:00:00,22.199999999999996,22.199999999999996,0.3,17.4202,271.0,10.255700000000001,0.0,1024.78
2023-04-13 14:00:00,22.194444444444443,22.194444444444443,0.31,17.001600000000003,281.0,10.577700000000002,0.0,1024.15
2023-04-13 15:00:00,22.800000000000004,22.800000000000004,0.29,20.9944,280.0,10.255700000000001,0.0,1023.36
2023-04-13 16:00:00,22.77777777777778,22.77777777777778,0.29,21.268100000000004,309.0,10.255700000000001,0.0,1022.29
2023-04-13 17:00:00,22.716666666666665,22.716666666666665,0.26,21.6545,320.0,10.577700000000002,0.0,1021.95
2023-04-13 18:00:00,22.127777777777776,22.127777777777776,0.28,14.6671,320.0,10.255700000000001,0.0,1021.69
2023-04-13 19:00:00,18.905555555555555,18.905555555555555,0.37,13.4435,321.0,9.982000000000001,0.0,1021.53
2023-04-13 20:00:00,16.288888888888888,16.288888888888888,0.53,25.599000000000004,306.0,10.577700000000002,0.0,1022.9
2023-04-13 21:00:00,15.02222222222222,15.02222222222222,0.66,17.0499,292.0,10.255700000000001,0.0,1023.5
2023-04-13 22:00:00,13.933333333333332,13.933333333333332,0.7,11.109000000000002,304.0,16.1,0.0,1023.65
2023-04-13 23:00:00,14.049999999999999,14.049999999999999,0.66,7.760200000000001,305.0,15.1823,0.0,1023.66
2023-04-14 00:00:00,13.816666666666666,13.816666666666666,0.56,17.1787,320.0,16.1,0.0,1024.54
2023-04-14 01:00:00,12.755555555555556,12.755555555555556,0.61,14.6027,292.0,16.1,0.0,1024.74
2023-04-14 02:00:00,12.211111111111109,12.211111111111109,0.56,15.939000000000002,301.0,15.1823,0.0,1024.63
2023-04-14 03:00:00,12.033333333333331,12.033333333333331,0.52,17.114300000000004,310.0,16.1,0.0,1024.97
2023-04-14 04:00:00,11.016666666666666,11.016666666666666,0.44,20.3021,319.0,16.1,0.0,1025.1
2023-04-14 05:00:00,9.511111111111111,7.416666666666667,0.5,14.2807,326.0,15.1823,0.0,1025.46
2023-04-14 06:00:00,7.699999999999999,4.8388888888888895,0.53,16.9694,310.0,16.1,0.0,1026.1
2023-04-14 07:00:00,8.816666666666666,6.238888888888887,0.54,16.888900000000003,329.0,16.1,0.0,1026.98
2023-04-14 08:00:00,10.82222222222222,10.82222222222222,0.44,19.529300000000003,339.0,15.1823,0.0,1027.58
2023-04-14 09:00:00,12.083333333333334,12.083333333333334,0.37,21.8316,349.0,16.1,0.0,1027.66
2023-04-14 10:00:00,12.68888888888889,12.68888888888889,0.34,20.624100000000002,348.0,16.1,0.0,1027.96
2023-04-14 11:00:00,13.627777777777778,13.627777777777778,0.3,23.667,324.0,15.552600000000002,0.0,1027.95
2023-04-14 12:00:00,14.883333333333333,14.883333333333333,0.29,20.865600000000004,328.0,16.1,0.0,1027.36
2023-04-14 13:00:00,14.972222222222221,14.972222222222221,0.25,26.7743,301.0,16.1,0.0,1026.93
2023-04-14 14:00:00,14.5,14.5,0.27,20.3182,322.0,15.552600000000002,0.0,1026.22
2023-04-14 15:00:00,16.06111111111111,16.06111111111111,0.23,26.8548,291.0,16.1,0.0,1025.42
2023-04-14 16:00:00,16.083333333333332,16.083333333333332,0.25,27.048000000000002,310.0,16.1,0.0,1024.52
2023-04-14 17:00:00,15.055555555555555,15.055555555555555,0.26,29.0444,311.0,15.552600000000002,0.0,1023.88
2023-04-14 18:00:00,14.972222222222221,14.972222222222221,0.27,23.9568,309.0,16.1,0.0,1023.72
2023-04-14 19:00:00,12.838888888888889,12.838888888888889,0.34,14.5061,310.0,16.1,0.0,1023.82
2023-04-14 20:00:00,9.494444444444447,8.055555555555555,0.44,9.9337,309.0,15.552600000000002,0.0,1024.06
2023-04-14 21:00:00,7.938888888888887,6.633333333333332,0.52,7.8729,253.0,16.1,0.0,1024.51
2023-04-14 22:00:00,7.805555555555554,6.900000000000001,0.58,6.2146,243.0,16.1,0.0,1024.43
2023-04-14 23:00:00,7.044444444444444,5.150000000000002,0.58,9.837100000000001,254.0,15.552600000000002,0.0,1024.57
2023-04-15 00:00:00,7.188888888888887,7.188888888888887,0.6,3.4454000000000002,229.0,16.1,0.0,1024.33
2023-04-15 01:00:00,6.611111111111111,5.5277777777777795,0.59,6.1985,241.0,16.1,0.0,1024.41
2023-04-15 02:00:00,5.505555555555554,4.2777777777777795,0.63,6.1341,264.0,15.552600000000002,0.0,1023.89
2023-04-15 03:00:00,7.23888888888889,7.23888888888889,0.63,3.4776000000000002,225.0,16.1,0.0,1023.32
2023-04-15 04:00:00,7.233333333333336,7.233333333333336,0.63,3.4776000000000002,285.0,16.1,0.0,1023.4
2023-04-15 05:00:00,7.777777777777778,7.116666666666668,0.68,5.4096,200.0,15.552600000000002,0.0,1023.18
2023-04-15 06:00:00,7.138888888888889,6.544444444444445,0.71,4.9588,205.0,16.1,0.0,1022.89
2023-04-15 07:00:00,8.744444444444447,8.383333333333335,0.66,4.8783,207.0,16.1,0.0,1022.61
2023-04-15 08:00:00,12.444444444444445,12.444444444444445,0.6,12.4131,244.0,15.552600000000002,0.0,1022.61
2023-04-15 09:00:00,16.044444444444444,16.044444444444444,0.44,11.012400000000001,262.0,16.1,0.0,1022.29
2023-04-15 10:00:00,17.800000000000004,17.800000000000004,0.37,17.243100000000002,270.0,16.1,0.0,1022.18
2023-04-15 11:00:00,19.74444444444445,19.74444444444445,0.33,15.858500000000001,274.0,15.552600000000002,0.0,1022.07
2023-04-15 12:00:00,21.18333333333333,21.18333333333333,0.3,13.0571,263.0,16.1,0.0,1021.27
2023-04-15 13:00:00,22.28888888888889,22.28888888888889,0.33,20.3826,270.0,16.1,0.0,1020.56
2023-04-15 14:00:00,22.58888888888889,22.58888888888889,0.3,18.8853,266.0,15.552600000000002,0.0,1019.89
2023-04-15 15:00:00,22.84444444444445,22.84444444444445,0.27,15.906800000000002,261.0,16.1,0.0,1018.88
2023-04-15 16:00:00,23.86111111111111,23.86111111111111,0.27,20.511400000000002,261.0,16.1,0.0,1017.98
2023-04-15 17:00:00,22.738888888888894,22.738888888888894,0.29,15.890699999999999,257.0,15.552600000000002,0.0,1017.58
2023-04-15 18:00:00,22.31111111111111,22.31111111111111,0.3,12.606300000000001,242.0,16.1,0.0,1017.07
2023-04-15 19:00:00,19.09444444444445,19.09444444444445,0.39,11.0446,241.0,16.1,0.0,1016.88
2023-04-15 20:00:00,16.633333333333333,16.633333333333333,0.47,10.6582,225.0,15.552600000000002,0.0,1017.27
2023-04-15 21:00:00,15.18888888888889,15.18888888888889,0.54,12.4131,210.0,16.1,0.0,1017.64
2023-04-15 22:00:00,13.477777777777776,13.477777777777776,0.63,11.0607,220.0,16.1,0.0,1017.45
2023-04-15 23:00:00,13.11111111111111,13.11111111111111,0.63,13.0249,215.0,15.552600000000002,0.0,1017.35
2023-04-16 00:00:00,12.261111111111111,12.261111111111111,0.66,11.2056,201.0,16.1,0.0,1017.06
2023-04-16 01:00:00,12.07222222222222,12.07222222222222,0.64,13.685,210.0,16.1,0.0,1016.88
2023-04-16 02:00:00,10.916666666666666,10.916666666666666,0.65,10.384500000000001,204.0,15.1823,0.0,1016.75
2023-04-16 03:00:00,10.355555555555556,10.355555555555556,0.67,13.7011,199.0,16.1,0.0,1016.39
2023-04-16 04:00:00,9.31666666666667,7.727777777777776,0.69,10.577700000000002,200.0,16.1,0.0,1016.19
2023-04-16 05:00:00,9.588888888888887,8.127777777777778,0.69,10.1591,197.0,15.1823,0.0,1015.87
2023-04-16 06:00:00,8.68888888888889,6.516666666666665,0.72,13.491800000000001,180.0,16.1,0.0,1015.58
2023-04-16 07:00:00,11.027777777777779,11.027777777777779,0.66,12.348700000000001,190.0,16.1,0.0,1015.58
2023-04-16 08:00:00,13.766666666666667,13.766666666666667,0.6,11.8496,205.0,15.1823,0.0,1015.77
2023-04-16 09:00:00,17.805555555555557,17.805555555555557,0.52,12.4292,212.0,16.1,0.0,1015.57
2023-04-16 10:00:00,21.088888888888885,21.088888888888885,0.38,20.0445,231.0,16.1,0.0,1015.45
2023-04-16 11:00:00,22.522222222222226,22.522222222222226,0.34,16.8245,228.0,15.552600000000002,0.0,1015.4
2023-04-16 12:00:00,23.911111111111115,23.911111111111115,0.29,24.777900000000002,221.0,16.1,0.0,1014.87
2023-04-16 13:00:00,25.022222222222226,25.022222222222226,0.28,24.761800000000004,211.0,16.1,0.0,1014.57
2023-04-16 14:00:00,25.85555555555556,25.85555555555556,0.25,23.345000000000002,216.0,15.552600000000002,0.0,1014.1
2023-04-16 15:00:00,26.20555555555556,26.20555555555556,0.22,20.2055,221.0,16.1,0.0,1012.98
2023-04-16 16:00:00,26.17777777777778,26.17777777777778,0.24,20.5919,240.0,16.1,0.0,1012.17
2023-04-16 17:00:00,25.97222222222222,25.97222222222222,0.24,20.7207,237.0,15.552600000000002,0.0,1011.78
2023-04-16 18:00:00,24.07222222222222,24.07222222222222,0.26,14.1519,240.0,16.1,0.0,1011.37
2023-04-16 19:00:00,21.272222222222226,21.272222222222226,0.32,12.397,231.0,16.1,0.0,1011.37
2023-04-16 20:00:00,19.15,19.15,0.36,11.656400000000001,234.0,15.552600000000002,0.0,1011.73
2023-04-16 21:00:00,17.922222222222224,17.922222222222224,0.4,12.397,221.0,16.1,0.0,1011.96
2023-04-16 22:00:00,17.366666666666664,17.366666666666664,0.45,13.9909,221.0,16.1,0.0,1011.97
2023-04-16 23:00:00,15.56111111111111,15.56111111111111,0.54,13.218100000000002,218.0,15.552600000000002,0.0,1012.25
2023-04-17 00:00:00,17.82777777777778,17.82777777777778,0.4,14.1519,231.0,16.1,0.0,1012.09
2023-04-17 01:00:00,17.22222222222222,17.22222222222222,0.41,14.168000000000003,250.0,16.1,0.0,1012.29
2023-04-17 02:00:00,16.450000000000003,16.450000000000003,0.45,16.8084,244.0,15.552600000000002,0.0,1012.44
2023-04-17 03:00:00,16.13888888888889,16.13888888888889,0.42,17.243100000000002,240.0,16.1,0.0,1012.08
2023-04-17 04:00:00,15.972222222222221,15.972222222222221,0.43,17.227,231.0,16.1,0.0,1011.69
2023-04-17 05:00:00,12.044444444444444,12.044444444444444,0.6,10.722600000000002,210.0,15.552600000000002,0.0,1012.11
2023-04-17 06:00:00,11.233333333333333,11.233333333333333,0.65,15.2145,211.0,16.1,0.0,1011.68
2023-04-17 07:00:00,12.272222222222224,12.272222222222224,0.61,12.445300000000001,212.0,16.1,0.0,1011.76
2023-04-17 08:00:00,15.950000000000001,15.950000000000001,0.49,16.4864,234.0,15.552600000000002,0.0,1011.88
2023-04-17 09:00:00,18.81666666666667,18.81666666666667,0.4,23.184,240.0,16.1,0.0,1011.29
2023-04-17 10:00:00,20.022222222222226,20.022222222222226,0.37,26.2913,250.0,16.1,0.0,1011.18
2023-04-17 11:00:00,21.977777777777778,21.977777777777778,0.34,26.500600000000002,263.0,15.552600000000002,0.0,1011.2
2023-04-17 12:00:00,22.17777777777778,22.17777777777778,0.33,31.185700000000004,249.0,16.1,0.0,1010.59
2023-04-17 13:00:00,22.11111111111111,22.11111111111111,0.34,36.933400000000006,249.0,16.1,0.0,1010.4
2023-04-17 14:00:00,20.26111111111111,20.26111111111111,0.37,36.772400000000005,263.0,15.3111,0.0,1010.46
2023-04-17 15:00:00,19.95555555555556,19.95555555555556,0.44,25.116,269.0,9.982000000000001,0.0,1010.85
2023-04-17 16:00:00,20.0,20.0,0.4,31.378899999999998,250.0,9.9015,0.0,1010.46
2023-04-17 17:00:00,17.800000000000004,17.800000000000004,0.48,32.3449,245.0,10.3523,0.0,1010.54
2023-04-17 18:00:00,17.194444444444443,17.194444444444443,0.49,19.964000000000002,230.0,9.982000000000001,0.0,1010.44
2023-04-17 19:00:00,17.127777777777776,17.127777777777776,0.53,20.0606,240.0,9.982000000000001,0.0,1009.77
2023-04-17 20:00:00,16.049999999999997,16.049999999999997,0.59,13.6045,255.0,10.3523,0.0,1009.53
2023-04-17 21:00:00,14.83888888888889,14.83888888888889,0.69,34.88870000000001,270.0,9.982000000000001,0.0,1009.54
2023-04-17 22:00:00,12.755555555555556,12.755555555555556,0.9,24.488100000000003,270.0,14.812,0.0,1010.56
2023-04-17 23:00:00,12.788888888888891,12.788888888888891,0.91,23.055200000000003,246.0,6.810300000000001,0.0,1010.26
2023-04-18 00:00:00,12.755555555555556,12.755555555555556,0.93,17.259200000000003,252.0,6.1985,0.0,1009.91
2023-04-18 01:00:00,12.711111111111112,12.711111111111112,0.91,20.108900000000002,262.0,7.0357,0.0,1009.84
2023-04-18 02:00:00,12.205555555555556,12.205555555555556,0.94,13.7977,265.0,6.295100000000001,0.0,1010.07
2023-04-18 03:00:00,11.644444444444446,11.644444444444446,0.96,14.0875,272.0,6.0697,0.0,1010.25
2023-04-18 04:00:00,11.594444444444443,11.594444444444443,0.96,16.744000000000003,281.0,6.295100000000001,0.0,1010.57
2023-04-18 05:00:00,11.433333333333332,11.433333333333332,0.88,15.552600000000002,304.0,7.631400000000001,0.0,1010.73
2023-04-18 06:00:00,10.950000000000001,10.950000000000001,0.8,14.0875,0.0,9.982000000000001,0.0,1011.3
2023-04-18 07:00:00,10.927777777777779,10.927777777777779,0.77,12.6224,350.0,9.982000000000001,0.0,1012.3
2023-04-18 08:00:00,10.794444444444444,10.794444444444444,0.79,15.166200000000002,343.0,9.982000000000001,0.0,1013.17
2023-04-18 09:00:00,9.97777777777778,8.22777777777778,0.71,12.525800000000002,0.0,15.826300000000002,0.0,1013.29
2023-04-18 10:00:00,9.97777777777778,8.22777777777778,0.71,12.525800000000002,329.0,15.826300000000002,0.0,1014.28
2023-04-18 11:00:00,11.038888888888888,11.038888888888888,0.62,15.536500000000002,341.0,15.3111,0.0,1015.24
2023-04-18 12:00:00,12.133333333333335,12.133333333333335,0.57,9.66,322.0,15.826300000000002,0.0,1015.74
2023-04-18 13:00:00,12.105555555555554,12.105555555555554,0.53,11.125100000000002,350.0,10.255700000000001,0.0,1015.86
2023-04-18 14:00:00,10.305555555555554,10.305555555555554,0.64,13.9265,8.0,10.577700000000002,0.0,1016.46
2023-04-18 15:00:00,11.11111111111111,11.11111111111111,0.54,1.932,319.0,10.255700000000001,0.0,1016.55
2023-04-18 16:00:00,10.13888888888889,10.13888888888889,0.64,12.445300000000001,45.0,10.255700000000001,0.0,1016.72
2023-04-18 17:00:00,11.027777777777779,11.027777777777779,0.56,4.5563,15.0,10.577700000000002,0.0,1016.93
2023-04-18 18:00:00,10.050000000000002,10.050000000000002,0.64,2.7531000000000003,244.0,10.255700000000001,0.0,1017.05
2023-04-18 19:00:00,9.97777777777778,8.555555555555555,0.65,10.3523,247.0,10.255700000000001,0.0,1017.36
2023-04-18 20:00:00,8.877777777777775,6.300000000000002,0.58,16.9533,304.0,10.2235,0.0,1017.77
2023-04-18 21:00:00,7.705555555555555,4.544444444444444,0.58,19.5776,301.0,10.255700000000001,0.0,1018.44
2023-04-18 22:00:00,7.1000000000000005,4.994444444444445,0.63,10.980200000000002,348.0,16.1,0.0,1019.51
2023-04-18 23:00:00,5.66111111111111,3.3999999999999986,0.73,10.2879,50.0,15.1823,0.0,1020.44
2023-04-19 00:00:00,3.327777777777779,3.327777777777779,0.87,3.5420000000000007,293.0,16.1,0.0,1020.79
2023-04-19 01:00:00,3.1944444444444446,1.4833333333333343,0.88,6.5205,319.0,16.1,0.0,1021.36
2023-04-19 02:00:00,2.805555555555554,1.0055555555555569,0.87,6.601,316.0,8.645700000000001,0.0,1021.66
2023-04-19 03:00:00,1.594444444444443,-0.344444444444445,0.91,6.4561,328.0,8.420300000000001,0.0,1021.66
2023-04-19 04:00:00,0.5777777777777773,-1.4111111111111105,0.91,6.166300000000001,340.0,8.420300000000001,0.0,1021.55
2023-04-19 05:00:00,0.6722222222222227,-1.2777777777777781,0.87,6.118,339.0,10.2235,0.0,1021.57
2023-04-19 06:00:00,-0.07222222222222167,-0.07222222222222167,0.85,1.8837,286.0,10.255700000000001,0.0,1021.84
2023-04-19 07:00:00,2.116666666666668,2.116666666666668,0.79,3.1073,326.0,12.2521,0.0,1022.33
2023-04-19 08:00:00,4.716666666666668,3.788888888888889,0.76,4.9588,348.0,14.039200000000001,0.0,1022.54
2023-04-19 09:00:00,7.200000000000001,7.200000000000001,0.7,4.524100000000001,293.0,16.1,0.0,1022.72
2023-04-19 10:00:00,9.883333333333333,8.972222222222221,0.54,7.583100000000001,231.0,9.982000000000001,0.0,1022.72
2023-04-19 11:00:00,11.011111111111111,11.011111111111111,0.46,7.840700000000001,173.0,10.577700000000002,0.0,1022.73
2023-04-19 12:00:00,11.133333333333333,11.133333333333333,0.39,7.3094,214.0,10.255700000000001,0.0,1022.49
2023-04-19 13:00:00,12.127777777777776,12.127777777777776,0.32,7.3738,204.0,16.1,0.0,1021.99
2023-04-19 14:00:00,11.122222222222225,11.122222222222225,0.38,11.4793,240.0,15.552600000000002,0.0,1021.56
2023-04-19 15:00:00,12.733333333333334,12.733333333333334,0.35,5.0876,248.0,16.1,0.0,1020.89
2023-04-19 16:00:00,11.266666666666667,11.266666666666667,0.38,10.996300000000002,242.0,16.1,0.0,1020.2
2023-04-19 17:00:00,11.255555555555553,11.255555555555553,0.41,8.7262,236.0,15.552600000000002,0.0,1020.14
2023-04-19 18:00:00,11.133333333333333,11.133333333333333,0.43,7.1806,225.0,16.1,0.0,1020.09
2023-04-19 19:00:00,11.083333333333336,11.083333333333336,0.45,4.459700000000001,227.0,16.1,0.0,1020.09
2023-04-19 20:00:00,8.055555555555555,7.138888888888889,0.54,6.391700000000001,204.0,15.552600000000002,0.0,1020.19
2023-04-19 21:00:00,7.105555555555555,7.105555555555555,0.6,0.1449,290.0,16.1,0.0,1020.62
2023-04-19 22:00:00,5.472222222222223,5.472222222222223,0.7,3.22,280.0,16.0517,0.0,1020.82
2023-04-19 23:00:00,4.433333333333332,4.433333333333332,0.75,3.0912,236.0,15.150100000000002,0.0,1020.87
2023-04-20 00:00:00,3.7333333333333325,3.7333333333333325,0.79,3.2683,226.0,16.1,0.0,1020.84
2023-04-20 01:00:00,3.3222222222222206,3.3222222222222206,0.79,3.3166,225.0,16.1,0.0,1021.02
2023-04-20 02:00:00,2.9055555555555537,2.9055555555555537,0.78,3.1395,248.0,15.1823,0.0,1020.67
2023-04-20 03:00:00,2.5999999999999996,0.8055555555555571,0.74,6.488300000000001,253.0,16.1,0.0,1020.23
2023-04-20 04:00:00,2.0944444444444463,0.22222222222222143,0.76,6.488300000000001,243.0,16.1,0.0,1019.73
2023-04-20 05:00:00,1.8444444444444446,-0.016666666666667298,0.75,6.3434,257.0,15.1823,0.0,1019.22
2023-04-20 06:00:00,1.1500000000000001,-1.8944444444444446,0.79,9.8693,271.0,16.1,0.0,1018.94
2023-04-20 07:00:00,4.783333333333333,1.8166666666666684,0.76,13.089300000000001,271.0,16.1,0.0,1018.73
2023-04-20 08:00:00,8.505555555555556,6.033333333333333,0.66,15.439900000000002,283.0,15.552600000000002,0.0,1018.25
2023-04-20 09:00:00,11.138888888888888,11.138888888888888,0.5,21.847700000000003,281.0,16.1,0.0,1017.73
2023-04-20 10:00:00,13.844444444444445,13.844444444444445,0.39,28.658,300.0,16.1,0.0,1017.31
2023-04-20 11:00:00,14.844444444444443,14.844444444444443,0.38,26.6777,302.0,15.552600000000002,0.0,1016.93
2023-04-20 12:00:00,15.02222222222222,15.02222222222222,0.36,34.5667,300.0,16.1,0.0,1016.05
2023-04-20 13:00:00,16.11111111111111,16.11111111111111,0.33,32.9406,310.0,16.1,0.0,1015.54
2023-04-20 14:00:00,16.072222222222223,16.072222222222223,0.33,32.2,303.0,15.552600000000002,0.0,1014.84
2023-04-20 15:00:00,17.200000000000003,17.200000000000003,0.29,34.3896,301.0,16.1,0.0,1014.25
2023-04-20 16:00:00,17.22222222222222,17.22222222222222,0.29,33.19820000000001,320.0,16.1,0.0,1013.57
2023-04-20 17:00:00,16.983333333333334,16.983333333333334,0.31,32.522,313.0,15.552600000000002,0.0,1013.66
2023-04-20 18:00:00,16.11111111111111,16.11111111111111,0.33,26.7099,311.0,16.1,0.0,1013.48
2023-04-20 19:00:00,15.02222222222222,15.02222222222222,0.36,20.6885,311.0,16.1,0.0,1013.86
2023-04-20 20:00:00,13.983333333333334,13.983333333333334,0.38,15.2145,322.0,15.552600000000002,0.0,1014.32
2023-04-20 21:00:00,11.294444444444444,11.294444444444444,0.49,11.3183,330.0,16.1,0.0,1015.07
2023-04-20 22:00:00,12.266666666666666,12.266666666666666,0.45,14.49,330.0,16.1,0.0,1015.77
2023-04-20 23:00:00,11.666666666666666,11.666666666666666,0.45,15.3433,49.0,15.552600000000002,0.0,1016.82
2023-04-21 00:00:00,9.43888888888889,8.77222222222222,0.58,6.2468,39.0,16.1,0.0,1017.64
2023-04-21 01:00:00,7.305555555555555,6.405555555555556,0.67,5.957000000000001,17.0,16.1,0.0,1018.14
2023-04-21 02:00:00,4.916666666666668,3.688888888888889,0.8,5.8604,281.0,15.1823,0.0,1018.54
2023-04-21 03:00:00,4.394444444444442,4.394444444444442,0.79,3.22,321.0,16.1,0.0,1018.84
2023-04-21 04:00:00,3.816666666666665,3.816666666666665,0.82,3.2039,309.0,16.1,0.0,1019.25
2023-04-21 05:00:00,3.377777777777777,1.9055555555555554,0.83,5.9248,310.0,15.1823,0.0,1019.75
2023-04-21 06:00:00,4.727777777777777,4.727777777777777,0.77,3.2039,339.0,15.1823,0.0,1019.95
2023-04-21 07:00:00,7.083333333333333,7.083333333333333,0.72,3.3005,337.0,16.1,0.0,1020.76
2023-04-21 08:00:00,10.56666666666667,10.56666666666667,0.57,2.5599000000000003,342.0,15.1823,0.0,1020.74
2023-04-21 09:00:00,12.105555555555554,12.105555555555554,0.4,3.5903,3.0,16.1,0.0,1020.75
2023-04-21 10:00:00,12.711111111111112,12.711111111111112,0.38,8.4686,312.0,16.1,0.0,1020.92
2023-04-21 11:00:00,12.888888888888891,12.888888888888891,0.4,3.2522,246.0,15.552600000000002,0.0,1020.94
2023-04-21 12:00:00,13.88888888888889,13.88888888888889,0.43,12.9283,283.0,16.1,0.0,1020.63
2023-04-21 13:00:00,16.016666666666666,16.016666666666666,0.31,21.960400000000003,282.0,16.1,0.0,1019.87
2023-04-21 14:00:00,15.88888888888889,15.88888888888889,0.28,19.3844,304.0,15.552600000000002,0.0,1019.63
2023-04-21 15:00:00,16.20555555555556,16.20555555555556,0.23,23.5543,311.0,16.1,0.0,1019.03
2023-04-21 16:00:00,17.266666666666666,17.266666666666666,0.23,22.4595,328.0,16.1,0.0,1018.69
2023-04-21 17:00:00,17.133333333333336,17.133333333333336,0.24,17.8227,340.0,15.552600000000002,0.0,1018.34
2023-04-21 18:00:00,17.266666666666666,17.266666666666666,0.25,20.8334,312.0,16.1,0.0,1018.0
2023-04-21 19:00:00,16.183333333333334,16.183333333333334,0.31,13.0249,313.0,15.826300000000002,0.0,1017.91
2023-04-21 20:00:00,13.16111111111111,13.16111111111111,0.42,9.3541,286.0,15.3111,0.0,1018.22
2023-04-21 21:00:00,12.711111111111112,12.711111111111112,0.49,20.221600000000002,21.0,16.1,0.0,1018.64
2023-04-21 22:00:00,12.47777777777778,12.47777777777778,0.52,10.642100000000001,10.0,16.1,0.0,1019.11
2023-04-21 23:00:00,10.555555555555555,10.555555555555555,0.54,2.1574000000000004,88.0,15.552600000000002,0.0,1018.98
2023-04-22 00:00:00,6.900000000000001,5.783333333333331,0.75,6.4722,212.0,16.1,0.0,1019.1
2023-04-22 01:00:00,7.76111111111111,7.76111111111111,0.75,3.2683,196.0,16.1,0.0,1018.83
2023-04-22 02:00:00,6.449999999999999,6.449999999999999,0.76,2.3345000000000002,241.0,15.1823,0.0,1018.53
2023-04-22 03:00:00,6.461111111111112,6.461111111111112,0.69,3.5259,274.0,16.1,0.0,1018.08
2023-04-22 04:00:00,5.905555555555557,5.905555555555557,0.74,3.1878,329.0,16.1,0.0,1017.91
2023-04-22 05:00:00,5.227777777777776,4.016666666666665,0.75,5.957000000000001,22.0,15.1823,0.0,1018.28
2023-04-22 06:00:00,3.994444444444443,1.3055555555555562,0.82,10.770900000000001,282.0,16.1,0.0,1018.58
2023-04-22 07:00:00,7.755555555555556,6.0888888888888895,0.68,9.3863,323.0,16.1,0.0,1019.19
2023-04-22 08:00:00,11.005555555555556,11.005555555555556,0.56,20.125,10.0,15.1823,0.0,1019.67
2023-04-22 09:00:00,12.799999999999999,12.799999999999999,0.45,17.4846,21.0,16.1,0.0,1020.25
2023-04-22 10:00:00,14.949999999999998,14.949999999999998,0.42,20.3826,21.0,16.1,0.0,1020.77
2023-04-22 11:00:00,16.055555555555557,16.055555555555557,0.39,20.608000000000004,47.0,15.552600000000002,0.0,1021.07
2023-04-22 12:00:00,17.194444444444443,17.194444444444443,0.34,16.6474,30.0,16.1,0.0,1021.35
2023-04-22 13:00:00,17.727777777777774,17.727777777777774,0.3,19.851300000000002,10.0,16.1,0.0,1021.52
2023-04-22 14:00:00,17.766666666666666,17.766666666666666,0.31,20.4953,19.0,15.552600000000002,0.0,1021.2
2023-04-22 15:00:00,17.800000000000004,17.800000000000004,0.3,20.253800000000002,10.0,16.1,0.0,1020.73
2023-04-22 16:00:00,18.83888888888889,18.83888888888889,0.26,17.436300000000003,10.0,16.1,0.0,1020.61
2023-04-22 17:00:00,17.800000000000004,17.800000000000004,0.28,16.2771,10.0,15.552600000000002,0.0,1020.64
2023-04-22 18:00:00,17.21666666666667,17.21666666666667,0.26,12.4292,41.0,16.1,0.0,1020.78
2023-04-22 19:00:00,14.027777777777779,14.027777777777779,0.39,7.567000000000001,43.0,16.1,0.0,1020.87
2023-04-22 20:00:00,12.844444444444443,12.844444444444443,0.41,4.6851,72.0,15.552600000000002,0.0,1021.0
2023-04-22 21:00:00,10.027777777777777,10.027777777777777,0.58,4.6851,84.0,16.1,0.0,1021.39
2023-04-22 22:00:00,8.894444444444442,8.894444444444442,0.57,3.22,140.0,16.1,0.0,1021.68
2023-04-22 23:00:00,7.550000000000002,7.550000000000002,0.63,3.7835000000000005,70.0,15.1823,0.0,1021.64
2023-04-23 00:00:00,6.227777777777778,5.083333333333332,0.78,6.1985,103.0,16.1,0.0,1021.78
2023-04-23 01:00:00,6.177777777777776,3.9722222222222214,0.65,10.5294,121.0,16.1,0.0,1021.79
2023-04-23 02:00:00,7.883333333333332,6.050000000000001,0.56,10.3523,119.0,15.1823,0.0,1021.43
2023-04-23 03:00:00,4.816666666666667,4.816666666666667,0.67,3.22,170.0,16.1,0.0,1021.42
2023-04-23 04:00:00,3.2611111111111097,3.2611111111111097,0.76,3.22,100.0,16.1,0.0,1021.41
2023-04-23 05:00:00,2.944444444444443,2.944444444444443,0.8,1.7710000000000004,194.0,15.1823,0.0,1021.04
2023-04-23 06:00:00,3.7277777777777783,3.7277777777777783,0.76,3.22,90.0,16.1,0.0,1021.31
2023-04-23 07:00:00,9.594444444444447,9.594444444444447,0.6,2.4633000000000003,132.0,16.1,0.0,1021.41
2023-04-23 08:00:00,11.883333333333333,11.883333333333333,0.46,5.0876,152.0,15.552600000000002,0.0,1021.18
2023-04-23 09:00:00,13.961111111111112,13.961111111111112,0.39,9.563400000000001,151.0,16.1,0.0,1021.16
2023-04-23 10:00:00,15.205555555555556,15.205555555555556,0.38,12.6868,160.0,16.1,0.0,1020.94
2023-04-23 11:00:00,17.233333333333334,17.233333333333334,0.33,12.88,149.0,15.552600000000002,0.0,1020.79
2023-04-23 12:00:00,18.95555555555556,18.95555555555556,0.28,14.1197,141.0,16.1,0.0,1020.26
2023-04-23 13:00:00,20.04444444444444,20.04444444444444,0.31,16.985500000000002,111.0,16.1,0.0,1019.47
2023-04-23 14:00:00,20.86111111111111,20.86111111111111,0.25,16.5025,110.0,15.552600000000002,0.0,1018.91
2023-04-23 15:00:00,21.105555555555554,21.105555555555554,0.23,14.168000000000003,150.0,16.1,0.0,1018.16
2023-04-23 16:00:00,21.15555555555555,21.15555555555555,0.2,12.847800000000001,149.0,16.1,0.0,1017.36
2023-04-23 17:00:00,20.98888888888889,20.98888888888889,0.21,12.2682,138.0,15.552600000000002,0.0,1016.74
2023-04-23 18:00:00,17.977777777777778,17.977777777777778,0.28,9.305800000000001,150.0,16.1,0.0,1016.66
2023-04-23 19:00:00,17.77777777777778,17.77777777777778,0.3,7.711900000000001,112.0,16.1,0.0,1016.17
2023-04-23 20:00:00,15.055555555555555,15.055555555555555,0.35,7.438200000000001,119.0,15.552600000000002,0.0,1016.39
2023-04-23 21:00:00,12.733333333333334,12.733333333333334,0.42,10.5455,110.0,16.1,0.0,1016.76
2023-04-23 22:00:00,12.016666666666667,12.016666666666667,0.42,10.9319,110.0,16.1,0.0,1016.52
2023-04-23 23:00:00,11.57777777777778,11.57777777777778,0.44,9.965900000000001,110.0,15.552600000000002,0.0,1016.54
2023-04-24 00:00:00,9.944444444444445,9.344444444444443,0.51,6.3112,130.0,16.1,0.0,1016.8
2023-04-24 01:00:00,7.311111111111109,7.311111111111109,0.63,3.1073,166.0,16.1,0.0,1016.9
2023-04-24 02:00:00,6.755555555555554,6.755555555555554,0.67,2.254,197.0,15.552600000000002,0.0,1016.68
2023-04-24 03:00:00,7.305555555555555,7.305555555555555,0.68,3.1878,138.0,16.1,0.0,1016.38
2023-04-24 04:00:00,8.900000000000002,8.194444444444445,0.57,6.1019000000000005,139.0,16.1,0.0,1016.18
2023-04-24 05:00:00,8.08888888888889,7.316666666666667,0.61,5.892600000000001,128.0,15.552600000000002,0.0,1016.13
2023-04-24 06:00:00,8.883333333333335,8.883333333333335,0.59,3.4132000000000002,122.0,10.255700000000001,0.0,1016.11
2023-04-24 07:00:00,9.955555555555556,9.955555555555556,0.59,4.5563,55.0,10.255700000000001,0.0,1016.49
2023-04-24 08:00:00,11.27222222222222,11.27222222222222,0.61,11.7208,93.0,10.577700000000002,0.0,1016.95
2023-04-24 09:00:00,13.144444444444442,13.144444444444442,0.58,9.563400000000001,171.0,10.255700000000001,0.0,1016.96
2023-04-24 10:00:00,17.427777777777777,17.427777777777777,0.43,10.8997,180.0,10.255700000000001,0.0,1017.05
2023-04-24 11:00:00,19.044444444444444,19.044444444444444,0.4,8.05,163.0,10.577700000000002,0.0,1016.87
2023-04-24 12:00:00,20.161111111111115,20.161111111111115,0.35,9.177000000000001,169.0,10.255700000000001,0.0,1016.57
2023-04-24 13:00:00,21.18333333333333,21.18333333333333,0.32,3.4937,122.0,9.982000000000001,0.0,1016.36
2023-04-24 14:00:00,22.23333333333333,22.23333333333333,0.28,4.1377,243.0,10.3523,0.0,1015.86
2023-04-24 15:00:00,22.677777777777774,22.677777777777774,0.29,4.314800000000001,231.0,9.982000000000001,0.0,1015.2
2023-04-24 16:00:00,20.061111111111114,20.061111111111114,0.37,21.686700000000002,240.0,9.982000000000001,0.0,1015.03
2023-04-24 17:00:00,21.12222222222222,21.12222222222222,0.35,11.930100000000001,282.0,10.3523,0.0,1014.98
2023-04-24 18:00:00,21.088888888888885,21.088888888888885,0.35,4.7334000000000005,327.0,10.255700000000001,0.0,1014.62
2023-04-24 19:00:00,20.0,20.0,0.4,0.22540000000000004,268.0,10.255700000000001,0.0,1014.42
2023-04-24 20:00:00,16.35,16.35,0.55,1.127,11.0,15.552600000000002,0.0,1014.84
2023-04-24 21:00:00,12.799999999999999,12.799999999999999,0.64,0.1449,300.0,16.1,0.0,1015.52
2023-04-24 22:00:00,12.177777777777779,12.177777777777779,0.69,3.22,310.0,16.1,0.0,1015.64
2023-04-24 23:00:00,11.616666666666665,11.616666666666665,0.71,3.9928000000000003,274.0,15.520400000000002,0.0,1015.98
2023-04-25 00:00:00,10.472222222222221,10.472222222222221,0.77,3.3971,337.0,16.0517,0.0,1016.32
2023-04-25 01:00:00,10.32777777777778,10.32777777777778,0.72,6.4722,272.0,16.1,0.0,1016.43
2023-04-25 02:00:00,11.43888888888889,11.43888888888889,0.69,6.8747,264.0,15.552600000000002,0.0,1016.51
2023-04-25 03:00:00,8.711111111111112,8.711111111111112,0.81,2.9141000000000004,206.0,16.1,0.0,1016.82
2023-04-25 04:00:00,8.661111111111113,7.877777777777778,0.81,6.262900000000001,209.0,16.1,0.0,1016.83
2023-04-25 05:00:00,8.794444444444444,8.794444444444444,0.83,2.8819000000000004,230.0,14.9569,0.0,1016.98
2023-04-25 06:00:00,7.572222222222223,7.572222222222223,0.89,3.22,190.0,15.826300000000002,0.0,1017.29
2023-04-25 07:00:00,9.755555555555556,9.755555555555556,0.84,4.717300000000001,209.0,16.0517,0.0,1017.52
2023-04-25 08:00:00,12.777777777777779,12.777777777777779,0.78,9.2253,229.0,15.552600000000002,0.0,1017.67
2023-04-25 09:00:00,16.116666666666664,16.116666666666664,0.62,7.856800000000001,230.0,16.1,0.0,1017.8
2023-04-25 10:00:00,18.84444444444445,18.84444444444445,0.52,7.969500000000001,191.0,16.1,0.0,1017.77
2023-04-25 11:00:00,19.850000000000005,19.850000000000005,0.44,8.8711,231.0,15.552600000000002,0.0,1017.57
2023-04-25 12:00:00,21.13888888888889,21.13888888888889,0.48,9.9176,179.0,10.255700000000001,0.0,1017.07
2023-04-25 13:00:00,22.17777777777778,22.17777777777778,0.39,17.114300000000004,190.0,10.255700000000001,0.0,1016.47
2023-04-25 14:00:00,22.649999999999995,22.649999999999995,0.36,16.9211,201.0,15.552600000000002,0.0,1015.91
2023-04-25 15:00:00,22.266666666666666,22.266666666666666,0.38,19.9801,189.0,16.1,0.0,1014.86
2023-04-25 16:00:00,22.75555555555555,22.75555555555555,0.37,21.8316,199.0,16.1,0.0,1014.07
2023-04-25 17:00:00,22.62777777777778,22.62777777777778,0.34,15.262800000000002,219.0,15.552600000000002,0.0,1013.64
2023-04-25 18:00:00,22.199999999999996,22.199999999999996,0.35,14.168000000000003,207.0,16.1,0.0,1013.27
2023-04-25 19:00:00,20.022222222222226,20.022222222222226,0.4,10.9641,218.0,16.1,0.0,1013.17
2023-04-25 20:00:00,16.616666666666664,16.616666666666664,0.5,7.084000000000001,203.0,15.552600000000002,0.0,1013.54
2023-04-25 21:00:00,16.0,16.0,0.56,4.8783,181.0,16.1,0.0,1013.97
2023-04-25 22:00:00,14.216666666666669,14.216666666666669,0.65,6.1502,170.0,16.1,0.0,1014.08
2023-04-25 23:00:00,12.322222222222223,12.322222222222223,0.7,6.327300000000001,145.0,15.552600000000002,0.0,1014.1
2023-04-26 00:00:00,10.488888888888889,10.488888888888889,0.8,3.2039,151.0,16.1,0.0,1013.98
2023-04-26 01:00:00,10.555555555555555,10.555555555555555,0.82,6.5044,160.0,16.1,0.0,1013.78
2023-04-26 02:00:00,10.377777777777778,10.377777777777778,0.83,5.892600000000001,164.0,15.1823,0.0,1013.48
2023-04-26 03:00:00,9.86111111111111,8.299999999999999,0.8,11.109000000000002,141.0,16.1,0.0,1013.2
2023-04-26 04:00:00,8.844444444444445,8.844444444444445,0.8,3.4293,161.0,16.1,0.0,1013.19
2023-04-26 05:00:00,8.872222222222222,8.133333333333333,0.84,6.1985,157.0,15.1823,0.0,1013.02
2023-04-26 06:00:00,9.788888888888888,8.555555555555555,0.78,9.1126,130.0,10.255700000000001,0.0,1012.88
2023-04-26 07:00:00,12.105555555555554,12.105555555555554,0.74,4.8139,170.0,16.1,0.0,1013.18
2023-04-26 08:00:00,13.933333333333332,13.933333333333332,0.68,5.1037,162.0,15.1823,0.0,1013.32
2023-04-26 09:00:00,17.711111111111112,17.711111111111112,0.56,4.9588,159.0,16.1,0.0,1012.95
2023-04-26 10:00:00,19.86111111111111,19.86111111111111,0.45,8.3881,195.0,16.1,0.0,1012.47
2023-04-26 11:00:00,21.06666666666667,21.06666666666667,0.45,13.363000000000001,207.0,15.552600000000002,0.0,1012.4
2023-04-26 12:00:00,21.17777777777778,21.17777777777778,0.42,17.8871,210.0,16.1,0.0,1012.03
2023-04-26 13:00:00,22.194444444444443,22.194444444444443,0.38,20.9139,191.0,16.1,0.0,1011.36
2023-04-26 14:00:00,22.783333333333335,22.783333333333335,0.38,20.1572,225.0,15.552600000000002,0.0,1010.92
2023-04-26 15:00:00,22.37777777777778,22.37777777777778,0.38,21.6545,212.0,16.1,0.0,1010.16
2023-04-26 16:00:00,23.93333333333333,23.93333333333333,0.36,21.6062,201.0,16.1,0.0,1009.66
2023-04-26 17:00:00,22.83333333333333,22.83333333333333,0.37,15.939000000000002,246.0,15.552600000000002,0.0,1009.21
2023-04-26 18:00:00,22.333333333333332,22.333333333333332,0.42,11.2217,223.0,16.1,0.0,1008.97
2023-04-26 19:00:00,21.17777777777778,21.17777777777778,0.48,7.8084999999999996,225.0,16.1,0.0,1008.79
2023-04-26 20:00:00,17.62222222222222,17.62222222222222,0.53,4.459700000000001,200.0,15.552600000000002,0.0,1009.16
2023-04-26 21:00:00,16.016666666666666,16.016666666666666,0.62,9.080400000000001,170.0,16.1,0.0,1009.52
2023-04-26 22:00:00,13.311111111111112,13.311111111111112,0.69,6.295100000000001,220.0,16.1,0.0,1010.01
2023-04-26 23:00:00,13.566666666666668,13.566666666666668,0.71,3.2844,203.0,15.520400000000002,0.0,1010.28
2023-04-27 00:00:00,12.066666666666666,12.066666666666666,0.75,3.22,200.0,16.0517,0.0,1010.4
2023-04-27 01:00:00,11.555555555555554,11.555555555555554,0.8,3.1878,182.0,15.826300000000002,0.0,1010.4
2023-04-27 02:00:00,10.872222222222222,10.872222222222222,0.82,5.7477,205.0,14.9569,0.0,1010.58
2023-04-27 03:00:00,11.016666666666666,11.016666666666666,0.81,6.1019000000000005,182.0,15.826300000000002,0.0,1010.3
2023-04-27 04:00:00,10.066666666666666,10.066666666666666,0.83,6.166300000000001,220.0,16.1,0.0,1010.39
2023-04-27 05:00:00,10.477777777777778,10.477777777777778,0.82,6.0053,222.0,15.1823,0.0,1010.54
2023-04-27 06:00:00,10.999999999999998,10.999999999999998,0.81,4.781700000000001,182.0,16.1,0.0,1010.37
2023-04-27 07:00:00,12.650000000000002,12.650000000000002,0.78,3.4293,191.0,16.1,0.0,1010.68
2023-04-27 08:00:00,16.866666666666667,16.866666666666667,0.69,3.7352,203.0,15.1823,0.0,1010.86
2023-04-27 09:00:00,18.82222222222222,18.82222222222222,0.61,8.1466,191.0,16.1,0.0,1010.66
2023-04-27 10:00:00,22.15555555555555,22.15555555555555,0.43,11.4471,202.0,16.1,0.0,1010.55
2023-04-27 11:00:00,22.700000000000003,22.700000000000003,0.39,13.507900000000001,208.0,15.552600000000002,0.0,1010.3
2023-04-27 12:00:00,23.35555555555556,23.35555555555556,0.37,17.581200000000003,191.0,16.1,0.0,1009.83
2023-04-27 13:00:00,25.0,25.0,0.36,15.633100000000002,163.0,16.1,0.0,1009.35
2023-04-27 14:00:00,24.922222222222224,24.922222222222224,0.35,15.488199999999999,163.0,15.552600000000002,0.0,1008.87
2023-04-27 15:00:00,25.04444444444444,25.04444444444444,0.38,14.6188,180.0,16.1,0.0,1008.14
2023-04-27 16:00:00,26.03888888888889,26.03888888888889,0.31,12.799500000000002,161.0,16.1,0.0,1007.45
2023-04-27 17:00:00,24.111111111111114,24.111111111111114,0.37,9.1287,201.0,15.3111,0.0,1006.74
2023-04-27 18:00:00,22.872222222222224,22.872222222222224,0.43,9.6439,199.0,15.826300000000002,0.0,1006.36
2023-04-27 19:00:00,22.194444444444443,22.194444444444443,0.39,9.2414,216.0,15.826300000000002,0.0,1005.97
2023-04-27 20:00:00,20.105555555555554,20.105555555555554,0.49,9.1448,197.0,15.552600000000002,0.0,1005.97
2023-04-27 21:00:00,18.805555555555554,18.805555555555554,0.53,4.524100000000001,169.0,15.826300000000002,0.0,1005.98
2023-04-27 22:00:00,18.572222222222226,18.572222222222226,0.55,6.327300000000001,150.0,16.1,0.0,1005.78
2023-04-27 23:00:00,17.366666666666664,17.366666666666664,0.61,6.2468,113.0,15.1823,0.0,1005.49
2023-04-28 00:00:00,17.83333333333333,17.83333333333333,0.54,13.363000000000001,100.0,16.1,0.0,1004.82
2023-04-28 01:00:00,15.383333333333333,15.383333333333333,0.67,9.032100000000002,157.0,15.826300000000002,0.0,1004.53
2023-04-28 02:00:00,16.094444444444445,16.094444444444445,0.65,6.021400000000001,217.0,14.9569,0.0,1004.62
2023-04-28 03:00:00,15.372222222222225,15.372222222222225,0.68,10.867500000000001,219.0,16.1,0.0,1004.18
2023-04-28 04:00:00,15.42222222222222,15.42222222222222,0.63,14.1519,181.0,16.1,0.0,1004.15
2023-04-28 05:00:00,15.450000000000001,15.450000000000001,0.63,13.041,162.0,15.1823,0.0,1004.18
2023-04-28 06:00:00,14.81666666666667,14.81666666666667,0.68,12.4292,160.0,15.826300000000002,0.0,1003.49
2023-04-28 07:00:00,14.86111111111111,14.86111111111111,0.68,9.4185,142.0,9.982000000000001,0.0,1004.27
2023-04-28 08:00:00,15.977777777777776,15.977777777777776,0.64,9.982000000000001,137.0,15.858500000000001,0.0,1004.37
2023-04-28 09:00:00,17.15,17.15,0.59,15.134000000000002,141.0,16.1,0.0,1004.49
2023-04-28 10:00:00,18.772222222222226,18.772222222222226,0.49,16.5347,150.0,10.255700000000001,0.0,1004.48
2023-04-28 11:00:00,20.90555555555555,20.90555555555555,0.48,13.9748,157.0,10.3523,0.0,1004.25
2023-04-28 12:00:00,21.088888888888885,21.088888888888885,0.48,12.1716,160.0,10.255700000000001,0.0,1004.11
2023-04-28 13:00:00,21.17777777777778,21.17777777777778,0.41,9.1448,112.0,10.255700000000001,0.0,1003.62
2023-04-28 14:00:00,21.877777777777776,21.877777777777776,0.39,13.0088,189.0,10.577700000000002,0.0,1003.95
2023-04-28 15:00:00,19.16111111111111,19.16111111111111,0.47,22.0087,149.0,16.1,0.0,1003.76
2023-04-28 16:00:00,18.099999999999998,18.099999999999998,0.55,21.413000000000004,149.0,16.1,0.0,1003.85
2023-04-28 17:00:00,18.144444444444442,18.144444444444442,0.58,15.0696,129.0,15.3111,0.0,1003.71
2023-04-28 18:00:00,17.422222222222224,17.422222222222224,0.57,11.7208,131.0,15.826300000000002,0.0,1003.67
2023-04-28 19:00:00,16.316666666666666,16.316666666666666,0.66,3.4132000000000002,158.0,15.826300000000002,0.0,1004.19
2023-04-28 20:00:00,15.377777777777778,15.377777777777778,0.75,7.1162,117.0,10.3523,0.0,1005.01
2023-04-28 21:00:00,14.905555555555553,14.905555555555553,0.78,8.758400000000002,91.0,9.982000000000001,0.0,1005.89
2023-04-28 22:00:00,12.683333333333332,12.683333333333332,0.83,31.894099999999998,302.0,9.7566,0.0,1006.49
2023-04-28 23:00:00,12.044444444444444,12.044444444444444,0.84,30.895900000000005,304.0,14.876400000000002,0.0,1008.34
2023-04-29 00:00:00,9.949999999999998,6.4111111111111105,0.85,31.733100000000004,301.0,15.1823,0.0,1009.52
2023-04-29 01:00:00,8.838888888888887,5.405555555555554,0.88,25.711700000000004,310.0,14.9086,0.0,1010.29
2023-04-29 02:00:00,7.861111111111111,4.05,0.86,26.870900000000002,305.0,11.688600000000001,0.0,1010.64
2023-04-29 03:00:00,7.777777777777778,3.572222222222222,0.83,31.604300000000002,310.0,14.9086,0.0,1010.59
2023-04-29 04:00:00,7.777777777777778,3.7944444444444434,0.83,28.6902,310.0,15.1823,0.0,1010.9
2023-04-29 05:00:00,7.711111111111112,3.888888888888889,0.8,26.4845,312.0,15.1823,0.0,1011.52
2023-04-29 06:00:00,7.266666666666666,3.3999999999999986,0.79,25.5024,311.0,15.826300000000002,0.0,1012.4
2023-04-29 07:00:00,7.799999999999999,3.838888888888887,0.75,28.448700000000006,311.0,15.826300000000002,0.0,1013.3
2023-04-29 08:00:00,7.894444444444446,4.233333333333332,0.75,25.2287,313.0,10.3523,0.0,1014.21
2023-04-29 09:00:00,7.822222222222221,4.1166666666666645,0.76,25.4219,320.0,9.8049,0.0,1015.31
2023-04-29 10:00:00,8.861111111111112,5.350000000000001,0.77,26.726000000000003,330.0,9.982000000000001,0.0,1016.3
2023-04-29 11:00:00,8.72777777777778,5.3666666666666645,0.83,24.4559,321.0,9.982000000000001,0.0,1017.45
2023-04-29 12:00:00,7.88888888888889,4.1499999999999995,0.88,26.098100000000002,311.0,9.9015,0.0,1018.45
2023-04-29 13:00:00,9.022222222222224,5.794444444444444,0.87,23.892400000000002,321.0,9.982000000000001,0.0,1018.64
2023-04-29 14:00:00,10.983333333333336,10.983333333333336,0.78,18.611600000000003,315.0,9.982000000000001,0.0,1019.03
2023-04-29 15:00:00,11.355555555555554,11.355555555555554,0.75,12.3004,300.0,15.826300000000002,0.0,1019.08
2023-04-29 16:00:00,12.444444444444445,12.444444444444445,0.65,9.064300000000001,272.0,15.826300000000002,0.0,1019.16
2023-04-29 17:00:00,12.494444444444447,12.494444444444447,0.69,9.016,332.0,15.552600000000002,0.0,1019.11
2023-04-29 18:00:00,12.422222222222222,12.422222222222222,0.7,7.293300000000001,330.0,16.1,0.0,1019.07
2023-04-29 19:00:00,12.822222222222221,12.822222222222221,0.68,2.4955000000000003,330.0,16.1,0.0,1018.99
2023-04-29 20:00:00,10.994444444444444,10.994444444444444,0.77,1.3846,41.0,15.552600000000002,0.0,1019.15
2023-04-29 21:00:00,7.922222222222221,7.922222222222221,0.95,3.1234,74.0,10.255700000000001,0.0,1019.89
2023-04-29 22:00:00,6.83888888888889,6.83888888888889,0.92,0.1449,220.0,12.2521,0.0,1020.2
2023-04-29 23:00:00,5.277777777777778,5.277777777777778,0.99,0.08050000000000002,307.0,2.6404,0.0,1020.42
2023-04-30 00:00:00,5.538888888888888,5.538888888888888,0.93,0.0,0.0,0.7567,0.0,1020.79
2023-04-30 01:00:00,4.4722222222222205,4.4722222222222205,0.96,0.0,0.0,0.4508000000000001,0.0,1020.81
2023-04-30 02:00:00,3.9611111111111126,3.9611111111111126,0.96,2.4955000000000003,340.0,1.6422,0.0,1020.45
2023-04-30 03:00:00,3.2444444444444462,3.2444444444444462,0.96,0.0,0.0,0.3703,0.0,1020.12
2023-04-30 04:00:00,3.266666666666668,3.266666666666668,0.96,3.0751,333.0,0.22540000000000004,0.0,1020.02
2023-04-30 05:00:00,3.327777777777779,3.327777777777779,0.96,2.7853000000000003,323.0,0.5635,0.0,1019.86
2023-04-30 06:00:00,2.805555555555554,2.805555555555554,1.0,3.22,100.0,0.6118,0.0,1019.81
2023-04-30 07:00:00,6.072222222222222,4.400000000000001,0.92,8.05,90.0,4.524100000000001,0.0,1020.01
2023-04-30 08:00:00,10.622222222222222,10.622222222222222,0.67,8.629600000000002,51.0,14.651,0.0,1019.76
2023-04-30 09:00:00,12.733333333333334,12.733333333333334,0.56,3.1717,39.0,16.1,0.0,1019.41
2023-04-30 10:00:00,14.927777777777777,14.927777777777777,0.47,1.4651,45.0,16.1,0.0,1019.21
2023-04-30 11:00:00,14.972222222222221,14.972222222222221,0.43,3.8157000000000005,83.0,15.3111,0.0,1018.9
2023-04-30 12:00:00,17.127777777777776,17.127777777777776,0.37,4.8622000000000005,52.0,16.1,0.0,1018.59
2023-04-30 13:00:00,17.194444444444443,17.194444444444443,0.34,7.824600000000001,123.0,10.255700000000001,0.0,1017.89
2023-04-30 14:00:00,17.694444444444443,17.694444444444443,0.34,6.2146,233.0,15.552600000000002,0.0,1017.16
2023-04-30 15:00:00,17.82222222222222,17.82222222222222,0.35,8.162700000000001,141.0,10.255700000000001,0.0,1016.42
2023-04-30 16:00:00,17.800000000000004,17.800000000000004,0.35,7.6796999999999995,268.0,16.1,0.0,1015.8
2023-04-30 17:00:00,17.805555555555557,17.805555555555557,0.36,7.1162,223.0,15.552600000000002,0.0,1015.53
2023-04-30 18:00:00,17.755555555555556,17.755555555555556,0.34,4.524100000000001,224.0,16.1,0.0,1015.59
2023-04-30 19:00:00,16.133333333333333,16.133333333333333,0.44,3.1073,217.0,16.1,0.0,1015.59
2023-04-30 20:00:00,14.100000000000001,14.100000000000001,0.53,0.3864,26.0,15.552600000000002,0.0,1015.74
2023-04-30 21:00:00,12.777777777777779,12.777777777777779,0.59,0.0,0.0,16.1,0.0,1015.9
2023-04-30 22:00:00,12.244444444444444,12.244444444444444,0.72,3.22,180.0,16.1,0.0,1015.8
2023-04-30 23:00:00,11.827777777777776,11.827777777777776,0.7,3.22,110.0,15.1823,0.0,1015.64
2023-05-01 00:00:00,11.666666666666666,11.666666666666666,0.74,3.22,170.0,16.1,0.0,1015.59
2023-05-01 01:00:00,11.666666666666666,11.666666666666666,0.79,6.279,161.0,16.1,0.0,1015.48
2023-05-01 02:00:00,11.766666666666667,11.766666666666667,0.69,5.6028,127.0,15.1823,0.0,1015.02
2023-05-01 03:00:00,11.016666666666666,11.016666666666666,0.7,3.2039,141.0,16.0517,0.0,1014.51
2023-05-01 04:00:00,10.92222222222222,10.92222222222222,0.72,6.295100000000001,160.0,16.0517,0.0,1014.21
2023-05-01 05:00:00,10.905555555555557,10.905555555555557,0.76,10.126900000000001,158.0,14.9569,0.0,1013.87
2023-05-01 06:00:00,9.772222222222224,8.25,0.84,10.722600000000002,161.0,15.826300000000002,0.0,1013.99
2023-05-01 07:00:00,12.044444444444444,12.044444444444444,0.74,9.305800000000001,201.0,15.826300000000002,0.0,1013.79
2023-05-01 08:00:00,14.694444444444445,14.694444444444445,0.69,11.270000000000001,236.0,15.1823,0.0,1013.59
2023-05-01 09:00:00,17.127777777777776,17.127777777777776,0.58,17.2109,241.0,10.255700000000001,0.0,1013.19
2023-05-01 10:00:00,17.800000000000004,17.800000000000004,0.52,23.3611,230.0,9.982000000000001,0.0,1012.88
2023-05-01 11:00:00,18.883333333333333,18.883333333333333,0.47,24.1339,233.0,10.3523,0.0,1012.9
2023-05-01 12:00:00,18.911111111111115,18.911111111111115,0.48,23.4094,239.0,10.255700000000001,0.0,1012.18
2023-05-01 13:00:00,19.97222222222222,19.97222222222222,0.45,20.3826,230.0,10.255700000000001,0.0,1011.76
2023-05-01 14:00:00,20.08888888888889,20.08888888888889,0.43,20.2055,235.0,10.577700000000002,0.0,1011.53
2023-05-01 15:00:00,20.09444444444445,20.09444444444445,0.45,20.7851,222.0,10.255700000000001,0.0,1010.72
2023-05-01 16:00:00,21.03888888888889,21.03888888888889,0.41,22.1214,222.0,10.255700000000001,0.0,1010.06
2023-05-01 17:00:00,19.97222222222222,19.97222222222222,0.43,20.9461,243.0,10.577700000000002,0.0,1010.01
2023-05-01 18:00:00,17.849999999999998,17.849999999999998,0.49,33.971000000000004,259.0,10.255700000000001,0.0,1009.95
2023-05-01 19:00:00,17.244444444444444,17.244444444444444,0.52,9.8854,240.0,10.255700000000001,0.0,1010.23
2023-05-01 20:00:00,17.083333333333332,17.083333333333332,0.53,11.930100000000001,251.0,10.577700000000002,0.0,1010.31
2023-05-01 21:00:00,15.050000000000002,15.050000000000002,0.67,9.708300000000001,212.0,10.255700000000001,0.0,1010.14
2023-05-01 22:00:00,15.533333333333335,15.533333333333335,0.65,14.1358,219.0,16.1,0.0,1010.12
2023-05-01 23:00:00,14.083333333333334,14.083333333333334,0.8,16.180500000000002,203.0,15.552600000000002,0.0,1009.92
2023-05-02 00:00:00,13.88888888888889,13.88888888888889,0.8,16.840600000000002,180.0,16.1,0.0,1009.13
2023-05-02 01:00:00,14.400000000000002,14.400000000000002,0.75,16.856700000000004,190.0,16.1,0.0,1008.83
2023-05-02 02:00:00,14.566666666666666,14.566666666666666,0.76,13.9748,194.0,15.552600000000002,0.0,1008.2
2023-05-02 03:00:00,14.466666666666665,14.466666666666665,0.77,16.840600000000002,200.0,16.1,0.0,1007.74
2023-05-02 04:00:00,13.844444444444445,13.844444444444445,0.8,16.8245,191.0,15.826300000000002,0.0,1007.44
2023-05-02 05:00:00,12.92222222222222,12.92222222222222,0.9,23.667,215.0,14.168000000000003,0.0,1007.57
2023-05-02 06:00:00,12.733333333333334,12.733333333333334,0.9,20.0284,210.0,8.05,0.0,1007.73
2023-05-02 07:00:00,12.200000000000001,12.200000000000001,1.0,19.819100000000002,191.0,6.1985,0.0,1007.94
2023-05-02 08:00:00,12.722222222222221,12.722222222222221,0.96,21.6062,204.0,6.7781,0.0,1008.08
2023-05-02 09:00:00,12.755555555555556,12.755555555555556,0.96,24.488100000000003,201.0,7.084000000000001,0.0,1007.96
2023-05-02 10:00:00,13.844444444444445,13.844444444444445,0.93,17.0821,212.0,7.084000000000001,0.0,1007.98
2023-05-02 11:00:00,13.872222222222222,13.872222222222222,0.94,16.5508,245.0,9.982000000000001,0.0,1008.2
2023-05-02 12:00:00,15.02222222222222,15.02222222222222,0.87,15.633100000000002,261.0,9.982000000000001,0.0,1008.29
2023-05-02 13:00:00,16.083333333333332,16.083333333333332,0.87,17.5329,300.0,9.982000000000001,0.0,1008.22
2023-05-02 14:00:00,15.450000000000001,15.450000000000001,0.85,22.379,308.0,8.774500000000002,0.0,1008.42
2023-05-02 15:00:00,15.205555555555556,15.205555555555556,0.85,25.164300000000004,291.0,4.2987,0.0,1009.09
2023-05-02 16:00:00,17.333333333333332,17.333333333333332,0.8,23.667,292.0,9.982000000000001,0.0,1008.72
2023-05-02 17:00:00,17.655555555555555,17.655555555555555,0.71,23.312800000000003,311.0,9.982000000000001,0.0,1008.99
2023-05-02 18:00:00,17.77777777777778,17.77777777777778,0.69,22.218000000000004,319.0,9.982000000000001,0.0,1009.25
2023-05-02 19:00:00,16.177777777777777,16.177777777777777,0.71,13.363000000000001,310.0,9.982000000000001,0.0,1010.24
2023-05-02 20:00:00,14.155555555555553,14.155555555555553,0.76,11.656400000000001,320.0,15.520400000000002,0.0,1011.08
2023-05-02 21:00:00,12.288888888888888,12.288888888888888,0.86,14.7476,292.0,16.1,0.0,1011.65
2023-05-02 22:00:00,12.17222222222222,12.17222222222222,0.8,13.6045,282.0,16.1,0.0,1012.46
2023-05-02 23:00:00,10.783333333333331,10.783333333333331,0.86,10.3201,310.0,15.150100000000002,0.0,1013.24
2023-05-03 00:00:00,9.927777777777777,8.411111111111111,0.87,10.8997,300.0,14.731500000000002,0.0,1013.84
2023-05-03 01:00:00,8.77222222222222,8.77222222222222,0.93,3.0751,320.0,9.8049,0.0,1014.13
2023-05-03 02:00:00,8.38888888888889,7.977777777777778,0.93,4.8783,240.0,8.2593,0.0,1013.87
2023-05-03 03:00:00,7.616666666666668,7.616666666666668,0.96,3.22,320.0,5.0393,0.0,1013.85
2023-05-03 04:00:00,7.127777777777776,7.127777777777776,0.93,3.22,300.0,5.0393,0.0,1014.33
2023-05-03 05:00:00,7.283333333333333,6.494444444444444,0.96,5.5867,359.0,4.524100000000001,0.0,1014.35
2023-05-03 06:00:00,7.194444444444446,7.194444444444446,0.94,3.22,310.0,1.9803000000000002,0.0,1014.8
2023-05-03 07:00:00,9.927777777777777,9.927777777777777,0.93,4.83,40.0,4.0733,0.0,1014.91
2023-05-03 08:00:00,12.055555555555557,12.055555555555557,0.78,7.4543,70.0,9.9015,0.0,1015.24
2023-05-03 09:00:00,13.844444444444445,13.844444444444445,0.72,8.1949,100.0,15.826300000000002,0.0,1015.39
2023-05-03 10:00:00,15.972222222222221,15.972222222222221,0.62,9.3541,128.0,16.1,0.0,1015.39
2023-05-03 11:00:00,16.93333333333333,16.93333333333333,0.61,5.3452,141.0,10.577700000000002,0.0,1015.61
2023-05-03 12:00:00,17.727777777777774,17.727777777777774,0.6,5.1359,159.0,10.255700000000001,0.0,1015.08
2023-05-03 13:00:00,18.772222222222226,18.772222222222226,0.61,3.6386,176.0,10.255700000000001,0.0,1014.98
2023-05-03 14:00:00,18.83888888888889,18.83888888888889,0.59,7.905100000000001,185.0,10.577700000000002,0.0,1014.64
2023-05-03 15:00:00,18.79444444444444,18.79444444444444,0.56,4.8461,167.0,10.255700000000001,0.0,1014.39
2023-05-03 16:00:00,17.83888888888889,17.83888888888889,0.6,5.0071,148.0,16.1,0.0,1013.88
2023-05-03 17:00:00,18.072222222222223,18.072222222222223,0.67,7.3094,122.0,15.3111,0.0,1013.38
2023-05-03 18:00:00,18.322222222222226,18.322222222222226,0.63,6.3756,120.0,16.1,0.0,1013.17
2023-05-03 19:00:00,17.77777777777778,17.77777777777778,0.7,8.05,110.0,0.0,0.0,0.0
2023-05-03 20:00:00,17.233333333333334,17.233333333333334,0.72,7.422100000000001,111.0,14.5222,0.0,1013.02
2023-05-03 21:00:00,17.083333333333332,17.083333333333332,0.68,11.109000000000002,119.0,14.9086,0.0,1013.19
2023-05-03 22:00:00,16.57222222222222,16.57222222222222,0.71,10.787,110.0,14.9086,0.0,1013.58
2023-05-03 23:00:00,16.12777777777778,16.12777777777778,0.76,6.5044,120.0,14.168000000000003,0.0,1013.5
2023-05-04 00:00:00,16.016666666666666,16.016666666666666,0.76,6.488300000000001,129.0,14.9086,0.0,1013.41
2023-05-04 01:00:00,15.994444444444444,15.994444444444444,0.76,10.6582,92.0,15.826300000000002,0.0,1013.39
2023-05-04 02:00:00,15.505555555555553,15.505555555555553,0.8,5.635000000000001,118.0,14.023100000000003,0.0,1013.39
2023-05-04 03:00:00,14.949999999999998,14.949999999999998,0.83,6.262900000000001,121.0,14.6832,0.0,1013.18
2023-05-04 04:00:00,14.372222222222222,14.372222222222222,0.88,11.125100000000002,130.0,14.6349,0.0,1013.18
2023-05-04 05:00:00,14.394444444444442,14.394444444444442,0.88,9.579500000000001,142.0,13.9426,0.0,1013.13
2023-05-04 06:00:00,13.838888888888887,13.838888888888887,0.93,9.338000000000001,161.0,11.7047,0.0,1013.26
2023-05-04 07:00:00,14.97777777777778,14.97777777777778,0.93,9.321900000000001,190.0,9.8049,0.0,1013.49
2023-05-04 08:00:00,17.344444444444445,17.344444444444445,0.81,8.8711,188.0,14.0875,0.0,1013.93
2023-05-04 09:00:00,19.97222222222222,19.97222222222222,0.73,12.236,212.0,16.1,0.0,1013.97
2023-05-04 10:00:00,21.083333333333332,21.083333333333332,0.63,23.184,240.0,9.982000000000001,0.0,1013.69
2023-05-04 11:00:00,22.23333333333333,22.23333333333333,0.58,19.078500000000002,243.0,10.3523,0.0,1013.9
2023-05-04 12:00:00,23.83888888888889,23.83888888888889,0.5,14.1358,261.0,9.982000000000001,0.0,1013.78
2023-05-04 13:00:00,23.911111111111115,23.911111111111115,0.58,10.8997,261.0,9.982000000000001,0.0,1013.58
2023-05-04 14:00:00,24.805555555555557,24.805555555555557,0.48,12.5419,263.0,15.3111,0.0,1013.56
2023-05-04 15:00:00,25.022222222222226,25.022222222222226,0.5,12.316500000000001,232.0,9.982000000000001,0.0,1013.29
2023-05-04 16:00:00,26.083333333333332,26.083333333333332,0.44,10.770900000000001,242.0,9.982000000000001,0.0,1012.9
2023-05-04 17:00:00,24.111111111111114,24.111111111111114,0.56,11.6081,227.0,10.3523,0.0,1013.31
2023-05-04 18:00:00,23.93333333333333,23.93333333333333,0.57,10.384500000000001,211.0,9.982000000000001,0.0,1013.09
2023-05-04 19:00:00,22.28888888888889,22.28888888888889,0.67,7.3738,211.0,9.982000000000001,0.0,1013.19
2023-05-04 20:00:00,21.2,21.2,0.67,2.8175000000000003,184.0,15.552600000000002,0.0,1013.43
2023-05-04 21:00:00,18.88888888888889,18.88888888888889,0.78,0.3703,50.0,16.1,0.0,1013.91
2023-05-04 22:00:00,17.733333333333334,17.733333333333334,0.81,8.05,70.0,16.1,0.0,1014.3
2023-05-04 23:00:00,17.294444444444444,17.294444444444444,0.84,0.9499,97.0,15.021300000000002,0.0,1014.35
2023-05-05 00:00:00,16.644444444444446,16.644444444444446,0.87,3.2039,149.0,14.989100000000002,0.0,1014.41
2023-05-05 01:00:00,16.622222222222224,16.622222222222224,0.87,3.1073,182.0,14.731500000000002,0.0,1014.48
2023-05-05 02:00:00,16.13888888888889,16.13888888888889,0.87,3.4132000000000002,140.0,9.837100000000001,0.0,1013.57
2023-05-05 03:00:00,14.422222222222224,14.422222222222224,0.96,3.1234,107.0,9.6761,0.0,1013.51
2023-05-05 04:00:00,13.88888888888889,13.88888888888889,0.93,6.44,190.0,4.83,0.0,1013.62
2023-05-05 05:00:00,14.033333333333331,14.033333333333331,0.93,3.2844,160.0,4.7656,0.0,1013.58
2023-05-05 06:00:00,14.86111111111111,14.86111111111111,0.93,6.0536,128.0,4.314800000000001,0.0,1013.39
2023-05-05 07:00:00,15.972222222222221,15.972222222222221,0.88,9.563400000000001,118.0,6.810300000000001,0.0,1013.71
2023-05-05 08:00:00,17.794444444444444,17.794444444444444,0.85,8.4364,155.0,7.728,0.0,1013.84
2023-05-05 09:00:00,21.016666666666666,21.016666666666666,0.73,7.550900000000001,179.0,8.9677,0.0,1013.61
2023-05-05 10:00:00,23.75,23.75,0.66,9.2414,190.0,9.982000000000001,0.0,1013.68
2023-05-05 11:00:00,25.761111111111113,25.761111111111113,0.54,10.465,172.0,10.5455,0.0,1013.39
2023-05-05 12:00:00,26.12777777777778,26.12777777777778,0.54,12.847800000000001,180.0,9.982000000000001,0.0,1013.26
2023-05-05 13:00:00,27.70555555555556,27.62222222222222,0.43,14.2163,190.0,10.255700000000001,0.0,1012.76
2023-05-05 14:00:00,27.727777777777774,27.394444444444446,0.39,9.321900000000001,198.0,10.577700000000002,0.0,1012.3
2023-05-05 15:00:00,27.77777777777778,27.483333333333334,0.4,12.4936,191.0,10.255700000000001,0.0,1011.76
2023-05-05 16:00:00,27.800000000000004,27.694444444444443,0.43,12.88,210.0,10.255700000000001,0.0,1011.26
2023-05-05 17:00:00,27.227777777777778,27.366666666666667,0.46,9.032100000000002,217.0,10.577700000000002,0.0,1010.97
2023-05-05 18:00:00,27.75,27.84444444444445,0.46,0.9338,210.0,16.1,0.0,1010.65
2023-05-05 19:00:00,25.08888888888889,25.08888888888889,0.57,7.8084999999999996,141.0,16.1,0.0,1010.25
2023-05-05 20:00:00,22.522222222222226,22.522222222222226,0.66,9.821,132.0,15.552600000000002,0.0,1010.3
2023-05-05 21:00:00,21.13888888888889,21.13888888888889,0.73,9.579500000000001,130.0,16.1,0.0,1010.38
2023-05-05 22:00:00,21.0,21.0,0.71,10.7548,131.0,16.1,0.0,1010.48
2023-05-05 23:00:00,19.422222222222217,19.422222222222217,0.79,10.304000000000002,140.0,15.1823,0.0,1010.51
2023-05-06 00:00:00,19.238888888888887,19.238888888888887,0.77,11.125100000000002,140.0,16.1,0.0,1010.5
2023-05-06 01:00:00,18.66111111111111,18.66111111111111,0.76,11.125100000000002,150.0,16.1,0.0,1010.49
2023-05-06 02:00:00,17.183333333333334,17.183333333333334,0.86,5.6833,144.0,14.168000000000003,0.0,1010.53
2023-05-06 03:00:00,15.994444444444444,15.994444444444444,0.88,10.8997,150.0,9.8049,0.0,1010.37
2023-05-06 04:00:00,15.994444444444444,15.994444444444444,0.87,6.118,151.0,9.8049,0.0,1010.17
2023-05-06 05:00:00,15.594444444444443,15.594444444444443,0.91,10.0786,151.0,7.486500000000001,0.0,1010.03
2023-05-06 06:00:00,16.016666666666666,16.016666666666666,0.87,8.9516,151.0,7.905100000000001,0.0,1009.97
2023-05-06 07:00:00,18.733333333333334,18.733333333333334,0.79,9.2897,171.0,9.9015,0.0,1010.17
2023-05-06 08:00:00,21.91111111111111,21.91111111111111,0.7,10.2074,176.0,12.7029,0.0,1010.25
2023-05-06 09:00:00,23.733333333333334,23.733333333333334,0.62,13.9426,222.0,15.1823,0.0,1010.19
2023-05-06 10:00:00,23.772222222222226,23.772222222222226,0.62,21.3969,222.0,16.1,0.0,1010.21
2023-05-06 11:00:00,24.116666666666664,24.116666666666664,0.6,18.193,237.0,15.552600000000002,0.0,1010.61
2023-05-06 12:00:00,26.083333333333332,26.083333333333332,0.54,24.777900000000002,241.0,16.1,0.0,1010.2
2023-05-06 13:00:00,27.194444444444443,27.861111111111114,0.54,20.1572,231.0,16.1,0.0,1010.18
2023-05-06 14:00:00,27.76111111111111,27.988888888888887,0.48,20.5275,245.0,15.552600000000002,0.0,1009.73
2023-05-06 15:00:00,28.90555555555555,28.783333333333335,0.43,15.874600000000001,242.0,16.1,0.0,1009.29
2023-05-06 16:00:00,29.92777777777778,29.33888888888889,0.38,16.9533,251.0,16.1,0.0,1008.69
2023-05-06 17:00:00,28.966666666666665,28.966666666666665,0.44,13.7011,239.0,15.552600000000002,0.0,1008.62
2023-05-06 18:00:00,27.28888888888889,27.494444444444444,0.47,15.423800000000002,222.0,16.1,0.0,1008.21
2023-05-06 19:00:00,26.17777777777778,26.17777777777778,0.57,9.1126,250.0,15.826300000000002,0.0,1008.39
2023-05-06 20:00:00,23.122222222222224,23.122222222222224,0.64,6.1824,201.0,10.3523,0.0,1008.46
2023-05-06 21:00:00,19.90555555555555,19.90555555555555,0.78,44.419900000000005,311.0,9.982000000000001,0.0,1009.15
2023-05-06 22:00:00,18.75,18.75,0.85,22.0892,330.0,8.1305,0.0,1011.16
2023-05-06 23:00:00,18.366666666666667,18.366666666666667,0.89,13.8299,331.0,14.7637,0.0,1011.69
2023-05-07 00:00:00,17.63888888888889,17.63888888888889,0.9,14.5222,319.0,16.0517,0.0,1011.8
2023-05-07 01:00:00,17.03888888888889,17.03888888888889,0.93,14.7798,292.0,14.989100000000002,0.0,1012.83
2023-05-07 02:00:00,16.11111111111111,16.11111111111111,0.9,23.0391,300.0,15.1823,0.0,1013.23
2023-05-07 03:00:00,15.438888888888888,15.438888888888888,0.84,20.221600000000002,300.0,16.1,0.0,1013.45
2023-05-07 04:00:00,14.905555555555553,14.905555555555553,0.83,20.3826,309.0,16.1,0.0,1013.55
2023-05-07 05:00:00,13.872222222222222,13.872222222222222,0.9,17.8549,302.0,15.1823,0.0,1014.23
2023-05-07 06:00:00,13.844444444444445,13.844444444444445,0.9,15.520400000000002,300.0,16.1,0.0,1014.65
2023-05-07 07:00:00,14.955555555555557,14.955555555555557,0.83,25.0194,310.0,15.826300000000002,0.0,1015.24
2023-05-07 08:00:00,16.988888888888887,16.988888888888887,0.73,21.0749,313.0,14.9569,0.0,1015.43
2023-05-07 09:00:00,17.77777777777778,17.77777777777778,0.65,21.590100000000003,301.0,9.982000000000001,0.0,1015.49
2023-05-07 10:00:00,18.88888888888889,18.88888888888889,0.65,26.0176,321.0,9.982000000000001,0.0,1016.05
2023-05-07 11:00:00,20.955555555555556,20.955555555555556,0.58,21.3325,359.0,10.3523,0.0,1016.52
2023-05-07 12:00:00,20.11666666666666,20.11666666666666,0.62,15.117900000000002,9.0,9.982000000000001,0.0,1016.62
2023-05-07 13:00:00,21.17777777777778,21.17777777777778,0.53,10.722600000000002,349.0,9.982000000000001,0.0,1016.51
2023-05-07 14:00:00,22.25,22.25,0.52,12.558,7.0,10.3523,0.0,1016.4
2023-05-07 15:00:00,22.77777777777778,22.77777777777778,0.5,11.3344,358.0,10.255700000000001,0.0,1016.29
2023-05-07 16:00:00,22.89444444444444,22.89444444444444,0.46,11.237800000000002,31.0,10.255700000000001,0.0,1015.68
2023-05-07 17:00:00,22.77777777777778,22.77777777777778,0.41,9.66,5.0,10.577700000000002,0.0,1015.54
2023-05-07 18:00:00,22.800000000000004,22.800000000000004,0.4,4.1377,306.0,10.255700000000001,0.0,1015.61
2023-05-07 19:00:00,22.127777777777776,22.127777777777776,0.45,1.1914,337.0,10.255700000000001,0.0,1015.84
2023-05-07 20:00:00,19.91111111111111,19.91111111111111,0.45,11.1734,305.0,15.552600000000002,0.0,1016.48
2023-05-07 21:00:00,17.01111111111111,17.01111111111111,0.52,10.9319,300.0,16.1,0.0,1017.06
2023-05-07 22:00:00,15.811111111111112,15.811111111111112,0.55,11.270000000000001,310.0,16.1,0.0,1017.85
2023-05-07 23:00:00,14.88888888888889,14.88888888888889,0.57,9.9337,312.0,15.1823,0.0,1018.2
2023-05-08 00:00:00,13.594444444444443,13.594444444444443,0.65,14.329,320.0,16.1,0.0,1018.65
2023-05-08 01:00:00,12.022222222222222,12.022222222222222,0.73,6.5044,329.0,16.1,0.0,1018.75
2023-05-08 02:00:00,11.183333333333334,11.183333333333334,0.73,3.5742000000000007,304.0,15.1823,0.0,1018.86
2023-05-08 03:00:00,9.888888888888888,9.888888888888888,0.8,3.4293,329.0,16.1,0.0,1018.75
2023-05-08 04:00:00,9.333333333333332,8.605555555555558,0.81,6.423900000000001,348.0,16.1,0.0,1018.94
2023-05-08 05:00:00,9.527777777777779,9.527777777777779,0.81,3.1878,325.0,15.1823,0.0,1018.94
2023-05-08 06:00:00,10.838888888888887,10.838888888888887,0.78,8.05,340.0,16.1,0.0,1019.25
2023-05-08 07:00:00,13.666666666666666,13.666666666666666,0.73,7.824600000000001,333.0,16.1,0.0,1019.54
2023-05-08 08:00:00,16.049999999999997,16.049999999999997,0.66,14.312900000000003,36.0,15.552600000000002,0.0,1019.64
2023-05-08 09:00:00,17.84444444444445,17.84444444444445,0.52,15.439900000000002,51.0,16.1,0.0,1019.61
2023-05-08 10:00:00,19.022222222222222,19.022222222222222,0.48,15.488199999999999,62.0,16.1,0.0,1019.41
2023-05-08 11:00:00,20.144444444444446,20.144444444444446,0.4,12.332600000000001,64.0,15.552600000000002,0.0,1019.3
2023-05-08 12:00:00,22.23888888888889,22.23888888888889,0.33,13.8299,53.0,16.1,0.0,1018.9
2023-05-08 13:00:00,22.82222222222222,22.82222222222222,0.34,10.3523,23.0,16.1,0.0,1018.6
2023-05-08 14:00:00,23.63888888888889,23.63888888888889,0.32,9.8854,29.0,15.552600000000002,0.0,1018.21
2023-05-08 15:00:00,22.84444444444445,22.84444444444445,0.32,11.8335,2.0,16.1,0.0,1017.71
2023-05-08 16:00:00,22.82222222222222,22.82222222222222,0.34,13.1698,1.0,16.1,0.0,1017.38
2023-05-08 17:00:00,22.794444444444444,22.794444444444444,0.36,11.5759,36.0,15.552600000000002,0.0,1017.06
2023-05-08 18:00:00,22.261111111111106,22.261111111111106,0.35,11.817400000000001,32.0,16.1,0.0,1016.76
2023-05-08 19:00:00,21.105555555555554,21.105555555555554,0.38,10.5938,43.0,16.1,0.0,1016.27
2023-05-08 20:00:00,18.87777777777778,18.87777777777778,0.47,4.6046000000000005,50.0,15.552600000000002,0.0,1016.38
2023-05-08 21:00:00,17.616666666666667,17.616666666666667,0.47,10.9158,71.0,16.1,0.0,1016.49
2023-05-08 22:00:00,16.994444444444447,16.994444444444447,0.49,14.023100000000003,61.0,16.1,0.0,1016.51
2023-05-08 23:00:00,16.044444444444444,16.044444444444444,0.5,10.0786,78.0,15.552600000000002,0.0,1016.62
2023-05-09 00:00:00,15.211111111111112,15.211111111111112,0.49,6.1502,80.0,16.1,0.0,1016.61
2023-05-09 01:00:00,13.638888888888888,13.638888888888888,0.55,6.295100000000001,80.0,16.1,0.0,1016.43
2023-05-09 02:00:00,10.666666666666668,10.666666666666668,0.76,2.6082000000000005,311.0,15.1823,0.0,1016.17
2023-05-09 03:00:00,9.927777777777777,9.927777777777777,0.75,3.22,50.0,16.1,0.0,1016.12
2023-05-09 04:00:00,9.35,9.35,0.78,0.8533000000000001,255.0,16.1,0.0,1016.03
2023-05-09 05:00:00,8.572222222222223,8.572222222222223,0.83,2.8497000000000003,264.0,15.552600000000002,0.0,1016.16
2023-05-09 06:00:00,9.844444444444443,9.844444444444443,0.84,3.2039,311.0,16.1,0.0,1016.55
2023-05-09 07:00:00,13.666666666666666,13.666666666666666,0.65,4.6690000000000005,341.0,16.1,0.0,1016.74
2023-05-09 08:00:00,16.922222222222224,16.922222222222224,0.52,7.824600000000001,3.0,15.552600000000002,0.0,1016.94
2023-05-09 09:00:00,18.83888888888889,18.83888888888889,0.43,10.626,32.0,16.1,0.0,1017.05
2023-05-09 10:00:00,21.083333333333332,21.083333333333332,0.42,12.1716,31.0,16.1,0.0,1017.02
2023-05-09 11:00:00,22.17777777777778,22.17777777777778,0.35,14.731500000000002,20.0,15.552600000000002,0.0,1016.73
2023-05-09 12:00:00,23.83888888888889,23.83888888888889,0.32,13.636700000000001,10.0,16.1,0.0,1016.44
2023-05-09 13:00:00,23.93333333333333,23.93333333333333,0.29,11.9945,9.0,16.1,0.0,1016.42
2023-05-09 14:00:00,24.916666666666664,24.916666666666664,0.3,12.8317,353.0,10.577700000000002,0.0,1016.11
2023-05-09 15:00:00,24.994444444444444,24.994444444444444,0.3,12.5419,9.0,10.255700000000001,0.0,1016.0
2023-05-09 16:00:00,24.994444444444444,24.994444444444444,0.3,11.0768,350.0,10.255700000000001,0.0,1015.6
2023-05-09 17:00:00,24.827777777777776,24.827777777777776,0.32,16.1322,346.0,10.3523,0.0,1015.2
2023-05-09 18:00:00,23.883333333333333,23.883333333333333,0.34,12.1555,19.0,9.982000000000001,0.0,1015.02
2023-05-09 19:00:00,22.1,22.1,0.4,8.919400000000001,45.0,9.982000000000001,0.0,1015.41
2023-05-09 20:00:00,19.044444444444444,19.044444444444444,0.51,1.0787000000000002,347.0,10.3523,0.0,1015.66
2023-05-09 21:00:00,17.800000000000004,17.800000000000004,0.6,0.8533000000000001,55.0,9.982000000000001,0.0,1016.25
2023-05-09 22:00:00,18.583333333333332,18.583333333333332,0.58,15.230600000000003,310.0,9.982000000000001,0.0,1016.57
2023-05-09 23:00:00,18.28333333333333,18.28333333333333,0.59,9.2897,285.0,15.552600000000002,0.0,1017.02
2023-05-10 00:00:00,16.522222222222226,16.522222222222226,0.68,6.230700000000001,25.0,16.1,0.0,1017.08
2023-05-10 01:00:00,14.43333333333333,14.43333333333333,0.8,6.44,303.0,16.1,0.0,1017.39
2023-05-10 02:00:00,13.538888888888888,13.538888888888888,0.82,10.1752,321.0,15.3111,0.0,1017.57
2023-05-10 03:00:00,12.883333333333333,12.883333333333333,0.89,11.0607,302.0,15.826300000000002,0.0,1017.66
2023-05-10 04:00:00,12.305555555555555,12.305555555555555,0.86,8.1788,330.0,8.05,0.0,1018.6
2023-05-10 05:00:00,12.383333333333333,12.383333333333333,0.87,7.9373000000000005,330.0,11.527600000000001,0.0,1018.62
2023-05-10 06:00:00,12.822222222222221,12.822222222222221,0.9,9.2575,338.0,15.826300000000002,0.0,1018.94
2023-05-10 07:00:00,15.0,15.0,0.83,13.8621,329.0,16.0517,0.0,1019.24
2023-05-10 08:00:00,17.561111111111114,17.561111111111114,0.71,14.023100000000003,331.0,15.552600000000002,0.0,1019.32
2023-05-10 09:00:00,18.86666666666666,18.86666666666666,0.61,26.6616,320.0,16.1,0.0,1019.74
2023-05-10 10:00:00,20.92777777777778,20.92777777777778,0.57,21.879900000000003,320.0,9.982000000000001,0.0,1019.56
2023-05-10 11:00:00,20.97222222222222,20.97222222222222,0.54,17.227,320.0,10.3523,0.0,1019.67
2023-05-10 12:00:00,22.22222222222222,22.22222222222222,0.46,27.241200000000003,319.0,9.982000000000001,0.0,1019.46
2023-05-10 13:00:00,22.75555555555555,22.75555555555555,0.43,29.028300000000005,311.0,10.255700000000001,0.0,1019.07
2023-05-10 14:00:00,23.63333333333334,23.63333333333334,0.34,34.293000000000006,313.0,10.577700000000002,0.0,1018.74
2023-05-10 15:00:00,23.772222222222226,23.772222222222226,0.31,34.66330000000001,311.0,16.1,0.0,1018.48
2023-05-10 16:00:00,22.70555555555556,22.70555555555556,0.32,40.9101,310.0,16.1,0.0,1018.12
2023-05-10 17:00:00,21.261111111111106,21.261111111111106,0.34,36.788500000000006,313.0,15.3111,0.0,1018.79
2023-05-10 18:00:00,21.083333333333332,21.083333333333332,0.32,35.7742,310.0,16.1,0.0,1019.16
2023-05-10 19:00:00,18.93333333333333,18.93333333333333,0.37,24.1339,312.0,16.1,0.0,1019.56
2023-05-10 20:00:00,17.944444444444443,17.944444444444443,0.39,23.6509,314.0,15.552600000000002,0.0,1020.13
2023-05-10 21:00:00,17.266666666666666,17.266666666666666,0.44,15.955100000000002,330.0,16.1,0.0,1020.97
2023-05-10 22:00:00,15.599999999999998,15.599999999999998,0.51,14.49,321.0,16.1,0.0,1021.77
2023-05-10 23:00:00,15.505555555555553,15.505555555555553,0.53,13.202,323.0,15.1823,0.0,1022.07
2023-05-11 00:00:00,13.788888888888888,13.788888888888888,0.76,19.416600000000003,29.0,16.1,0.0,1023.15
2023-05-11 01:00:00,11.566666666666666,11.566666666666666,0.83,6.0697,358.0,16.1,0.0,1023.45
2023-05-11 02:00:00,10.627777777777778,10.627777777777778,0.85,10.143,331.0,15.1823,0.0,1023.56
2023-05-11 03:00:00,9.81111111111111,8.216666666666665,0.86,11.237800000000002,301.0,16.1,0.0,1023.79
2023-05-11 04:00:00,9.216666666666669,7.494444444444446,0.89,11.270000000000001,320.0,16.1,0.0,1024.08
2023-05-11 05:00:00,8.450000000000001,7.488888888888886,0.93,6.810300000000001,331.0,15.1823,0.0,1024.25
2023-05-11 06:00:00,9.794444444444444,8.266666666666667,0.86,10.770900000000001,339.0,16.1,0.0,1024.5
2023-05-11 07:00:00,12.622222222222222,12.622222222222222,0.72,10.980200000000002,349.0,10.255700000000001,0.0,1025.08
2023-05-11 08:00:00,13.833333333333334,13.833333333333334,0.65,22.105300000000003,28.0,15.1823,0.0,1025.44
2023-05-11 09:00:00,15.0,15.0,0.55,23.3289,31.0,15.826300000000002,0.0,1025.77
2023-05-11 10:00:00,17.17777777777778,17.17777777777778,0.52,17.0821,11.0,10.255700000000001,0.0,1025.77
2023-05-11 11:00:00,17.144444444444446,17.144444444444446,0.48,20.9461,2.0,10.577700000000002,0.0,1025.83
2023-05-11 12:00:00,18.81666666666667,18.81666666666667,0.4,21.847700000000003,11.0,16.1,0.0,1025.67
2023-05-11 13:00:00,18.86666666666666,18.86666666666666,0.4,24.375400000000003,1.0,16.1,0.0,1025.47
2023-05-11 14:00:00,18.850000000000005,18.850000000000005,0.4,23.715300000000003,359.0,15.552600000000002,0.0,1025.36
2023-05-11 15:00:00,19.88333333333334,19.88333333333334,0.37,27.4988,10.0,16.1,0.0,1025.23
2023-05-11 16:00:00,20.0,20.0,0.35,24.794,10.0,16.1,0.0,1024.74
2023-05-11 17:00:00,18.95555555555556,18.95555555555556,0.37,22.282400000000003,11.0,15.552600000000002,0.0,1024.65
2023-05-11 18:00:00,18.93333333333333,18.93333333333333,0.37,26.033700000000003,20.0,16.1,0.0,1024.72
2023-05-11 19:00:00,17.800000000000004,17.800000000000004,0.38,21.268100000000004,21.0,16.1,0.0,1025.02
2023-05-11 20:00:00,15.394444444444446,15.394444444444446,0.49,11.7208,30.0,15.552600000000002,0.0,1025.5
2023-05-11 21:00:00,13.816666666666666,13.816666666666666,0.56,12.6385,22.0,16.1,0.0,1026.13
2023-05-11 22:00:00,12.566666666666666,12.566666666666666,0.62,11.0446,21.0,16.1,0.0,1026.63
2023-05-11 23:00:00,11.444444444444445,11.444444444444445,0.66,10.0303,28.0,15.552600000000002,0.0,1026.62
2023-05-12 00:00:00,11.372222222222222,11.372222222222222,0.7,6.44,40.0,16.1,0.0,1026.95
2023-05-12 01:00:00,10.766666666666667,10.766666666666667,0.7,10.8997,40.0,16.1,0.0,1027.15
2023-05-12 02:00:00,10.572222222222223,10.572222222222223,0.73,10.0786,47.0,15.552600000000002,0.0,1026.98
2023-05-12 03:00:00,9.100000000000001,8.394444444444444,0.78,6.230700000000001,29.0,16.1,0.0,1027.07
2023-05-12 04:00:00,9.07777777777778,7.394444444444446,0.78,10.867500000000001,30.0,16.1,0.0,1027.07
2023-05-12 05:00:00,8.555555555555555,7.744444444444444,0.82,6.295100000000001,9.0,15.1823,0.0,1027.08
2023-05-12 06:00:00,8.622222222222225,8.622222222222225,0.84,4.83,330.0,16.1,0.0,1027.45
2023-05-12 07:00:00,11.88888888888889,11.88888888888889,0.75,4.8944,13.0,16.1,0.0,1027.64
2023-05-12 08:00:00,12.761111111111111,12.761111111111111,0.73,4.508,31.0,15.1823,0.0,1027.44
2023-05-12 09:00:00,17.127777777777776,17.127777777777776,0.54,3.1878,72.0,16.1,0.0,1027.43
2023-05-12 10:00:00,18.81666666666667,18.81666666666667,0.47,4.347,33.0,16.1,0.0,1027.43
2023-05-12 11:00:00,19.850000000000005,19.850000000000005,0.45,6.8908000000000005,239.0,15.552600000000002,0.0,1027.4
2023-05-12 12:00:00,21.11111111111111,21.11111111111111,0.41,7.7440999999999995,239.0,16.1,0.0,1027.0
2023-05-12 13:00:00,21.20555555555556,21.20555555555556,0.41,4.508,229.0,16.1,0.0,1026.48
2023-05-12 14:00:00,22.17222222222222,22.17222222222222,0.37,3.9606000000000003,159.0,15.552600000000002,0.0,1025.86
2023-05-12 15:00:00,22.28888888888889,22.28888888888889,0.39,6.4078,115.0,16.1,0.0,1025.07
2023-05-12 16:00:00,22.84444444444445,22.84444444444445,0.38,9.5473,217.0,16.1,0.0,1024.28
2023-05-12 17:00:00,22.927777777777774,22.927777777777774,0.36,4.8944,257.0,15.552600000000002,0.0,1023.6
2023-05-12 18:00:00,22.800000000000004,22.800000000000004,0.38,4.9910000000000005,193.0,16.1,0.0,1023.07
2023-05-12 19:00:00,22.150000000000002,22.150000000000002,0.39,7.550900000000001,144.0,16.1,0.0,1022.58
2023-05-12 20:00:00,19.122222222222224,19.122222222222224,0.5,4.2182,126.0,15.552600000000002,0.0,1022.32
2023-05-12 21:00:00,15.994444444444444,15.994444444444444,0.62,8.05,120.0,16.1,0.0,1022.28
2023-05-12 22:00:00,15.933333333333334,15.933333333333334,0.62,6.44,130.0,16.1,0.0,1022.0
2023-05-12 23:00:00,15.383333333333333,15.383333333333333,0.63,5.828200000000001,132.0,15.1823,0.0,1021.53
2023-05-13 00:00:00,13.177777777777777,13.177777777777777,0.75,6.1985,239.0,16.1,0.0,1021.38
2023-05-13 01:00:00,13.177777777777777,13.177777777777777,0.75,10.5455,140.0,16.1,0.0,1020.8
2023-05-13 02:00:00,12.950000000000001,12.950000000000001,0.75,9.579500000000001,143.0,15.729700000000001,0.0,1020.43
2023-05-13 03:00:00,13.133333333333333,13.133333333333333,0.73,10.8997,170.0,16.1,0.0,1019.89
2023-05-13 04:00:00,12.550000000000002,12.550000000000002,0.73,11.0768,169.0,16.1,0.0,1019.4
2023-05-13 05:00:00,13.15,13.15,0.72,5.9731000000000005,171.0,15.150100000000002,0.0,1019.12
2023-05-13 06:00:00,12.088888888888887,12.088888888888887,0.75,9.305800000000001,140.0,15.826300000000002,0.0,1019.18
2023-05-13 07:00:00,14.866666666666665,14.866666666666665,0.68,7.631400000000001,140.0,16.1,0.0,1019.27
2023-05-13 08:00:00,17.09444444444445,17.09444444444445,0.64,9.193100000000001,161.0,15.552600000000002,0.0,1018.78
2023-05-13 09:00:00,20.011111111111106,20.011111111111106,0.57,8.0017,180.0,16.1,0.0,1018.96
2023-05-13 10:00:00,22.199999999999996,22.199999999999996,0.49,12.3648,182.0,16.1,0.0,1018.48
2023-05-13 11:00:00,22.872222222222224,22.872222222222224,0.47,10.255700000000001,210.0,15.552600000000002,0.0,1018.22
2023-05-13 12:00:00,23.96111111111111,23.96111111111111,0.38,9.466800000000001,232.0,16.1,0.0,1017.96
2023-05-13 13:00:00,26.06666666666667,26.06666666666667,0.36,3.0268,198.0,16.1,0.0,1017.27
2023-05-13 14:00:00,26.144444444444446,26.144444444444446,0.4,10.2074,237.0,15.552600000000002,0.0,1016.65
2023-05-13 15:00:00,27.216666666666665,26.872222222222224,0.37,8.8872,215.0,16.1,0.0,1015.79
2023-05-13 16:00:00,27.266666666666666,26.90555555555556,0.37,4.0894,191.0,16.1,0.0,1015.28
2023-05-13 17:00:00,27.272222222222226,26.76666666666667,0.34,4.0572,196.0,15.552600000000002,0.0,1014.46
2023-05-13 18:00:00,27.127777777777776,26.700000000000003,0.35,1.61,267.0,16.1,0.0,1013.9
2023-05-13 19:00:00,24.95,24.95,0.45,4.2343,164.0,16.1,0.0,1013.4
2023-05-13 20:00:00,22.266666666666666,22.266666666666666,0.54,6.923,174.0,15.552600000000002,0.0,1012.84
2023-05-13 21:00:00,19.92777777777778,19.92777777777778,0.62,9.177000000000001,171.0,16.1,0.0,1012.52
2023-05-13 22:00:00,19.327777777777783,19.327777777777783,0.66,3.0912,227.0,16.1,0.0,1012.81
2023-05-13 23:00:00,19.455555555555552,19.455555555555552,0.66,4.4919,219.0,15.552600000000002,0.0,1012.26
2023-05-14 00:00:00,18.28888888888889,18.28888888888889,0.74,5.4096,167.0,15.826300000000002,0.0,1011.65
2023-05-14 01:00:00,15.094444444444447,15.094444444444447,0.93,46.609500000000004,279.0,0.7567,0.0,1011.67
2023-05-14 02:00:00,15.205555555555556,15.205555555555556,0.94,24.3271,272.0,5.3774,0.0,1013.02
2023-05-14 03:00:00,15.438888888888888,15.438888888888888,0.93,5.7799000000000005,350.0,7.486500000000001,0.0,1009.91
2023-05-14 04:00:00,14.883333333333333,14.883333333333333,0.93,6.44,120.0,15.729700000000001,0.0,1007.94
2023-05-14 05:00:00,14.905555555555553,14.905555555555553,0.91,1.9642000000000002,196.0,14.9569,0.0,1007.84
2023-05-14 06:00:00,14.927777777777777,14.927777777777777,0.93,1.7066000000000001,203.0,9.9015,0.0,1008.49
2023-05-14 07:00:00,15.950000000000001,15.950000000000001,0.93,4.508,334.0,9.8049,0.0,1008.73
2023-05-14 08:00:00,16.06666666666667,16.06666666666667,0.93,8.919400000000001,201.0,9.982000000000001,0.0,1008.84
2023-05-14 09:00:00,17.17777777777778,17.17777777777778,0.87,10.5938,222.0,9.982000000000001,0.0,1008.13
2023-05-14 10:00:00,18.81666666666667,18.81666666666667,0.84,14.973000000000003,213.0,9.982000000000001,0.0,1008.02
2023-05-14 11:00:00,20.99444444444445,20.99444444444445,0.74,22.024800000000003,272.0,10.3523,0.0,1008.22
2023-05-14 12:00:00,21.15555555555555,21.15555555555555,0.72,25.180400000000002,290.0,9.982000000000001,0.0,1008.04
2023-05-14 13:00:00,22.22222222222222,22.22222222222222,0.63,25.2448,309.0,9.982000000000001,0.0,1008.21
2023-05-14 14:00:00,22.31111111111111,22.31111111111111,0.58,22.4112,303.0,10.3523,0.0,1008.26
2023-05-14 15:00:00,22.733333333333334,22.733333333333334,0.53,26.870900000000002,300.0,10.255700000000001,0.0,1007.91
2023-05-14 16:00:00,22.75555555555555,22.75555555555555,0.53,25.2448,281.0,10.255700000000001,0.0,1007.69
2023-05-14 17:00:00,22.70555555555556,22.70555555555556,0.5,21.879900000000003,303.0,10.2235,0.0,1007.66
2023-05-14 18:00:00,22.127777777777776,22.127777777777776,0.46,23.5543,311.0,10.255700000000001,0.0,1007.8
2023-05-14 19:00:00,19.90555555555555,19.90555555555555,0.57,13.7977,291.0,16.1,0.0,1008.37
2023-05-14 20:00:00,17.944444444444443,17.944444444444443,0.6,11.801300000000001,322.0,15.552600000000002,0.0,1009.19
2023-05-14 21:00:00,16.038888888888888,16.038888888888888,0.68,11.125100000000002,340.0,16.1,0.0,1009.73
2023-05-14 22:00:00,14.905555555555553,14.905555555555553,0.73,6.5205,350.0,16.1,0.0,1010.34
2023-05-14 23:00:00,13.955555555555556,13.955555555555556,0.79,10.0786,340.0,15.552600000000002,0.0,1010.86
2023-05-15 00:00:00,14.75,14.75,0.72,14.2002,350.0,16.1,0.0,1011.25
2023-05-15 01:00:00,14.166666666666666,14.166666666666666,0.71,14.1036,12.0,16.1,0.0,1011.74
2023-05-15 02:00:00,12.177777777777779,12.177777777777779,0.8,9.9337,38.0,15.1823,0.0,1011.54
2023-05-15 03:00:00,11.455555555555556,11.455555555555556,0.79,11.270000000000001,50.0,16.1,0.0,1012.01
2023-05-15 04:00:00,10.905555555555557,10.905555555555557,0.76,11.270000000000001,60.0,15.826300000000002,0.0,1011.84
2023-05-15 05:00:00,10.338888888888889,10.338888888888889,0.81,10.6904,59.0,15.150100000000002,0.0,1011.95
2023-05-15 06:00:00,10.994444444444444,10.994444444444444,0.79,14.2002,60.0,15.922900000000002,0.0,1012.01
2023-05-15 07:00:00,12.127777777777776,12.127777777777776,0.73,12.9122,61.0,16.1,0.0,1011.94
2023-05-15 08:00:00,12.750000000000002,12.750000000000002,0.73,12.3004,70.0,15.552600000000002,0.0,1012.61
2023-05-15 09:00:00,12.733333333333334,12.733333333333334,0.77,14.2324,51.0,10.255700000000001,0.0,1012.86
2023-05-15 10:00:00,13.75,13.75,0.78,8.05,50.0,9.982000000000001,0.0,1013.36
2023-05-15 11:00:00,13.88888888888889,13.88888888888889,0.74,10.6582,41.0,10.2235,0.0,1014.01
2023-05-15 12:00:00,14.86111111111111,14.86111111111111,0.73,12.1555,31.0,10.255700000000001,0.0,1014.43
2023-05-15 13:00:00,14.97777777777778,14.97777777777778,0.72,8.0983,52.0,10.255700000000001,0.0,1014.39
2023-05-15 14:00:00,17.488888888888887,17.488888888888887,0.66,11.125100000000002,67.0,10.577700000000002,0.0,1013.67
2023-05-15 15:00:00,17.616666666666667,17.616666666666667,0.65,9.3541,32.0,10.255700000000001,0.0,1014.01
2023-05-15 16:00:00,17.133333333333336,17.133333333333336,0.63,12.4292,2.0,10.255700000000001,0.0,1014.14
2023-05-15 17:00:00,16.11111111111111,16.11111111111111,0.72,11.8657,9.0,10.577700000000002,0.0,1014.29
2023-05-15 18:00:00,15.050000000000002,15.050000000000002,0.86,7.5992,1.0,8.420300000000001,0.0,1015.09
2023-05-15 19:00:00,13.983333333333334,13.983333333333334,0.89,9.3863,10.0,10.255700000000001,0.0,1014.91
2023-05-15 20:00:00,13.933333333333332,13.933333333333332,0.9,3.7835000000000005,8.0,10.577700000000002,0.0,1015.18
2023-05-15 21:00:00,13.894444444444442,13.894444444444442,0.9,1.61,330.0,7.212800000000001,0.0,1015.72
2023-05-15 22:00:00,13.311111111111112,13.311111111111112,0.93,3.0751,350.0,7.486500000000001,0.0,1016.24
2023-05-15 23:00:00,13.277777777777779,13.277777777777779,0.93,3.4615,13.0,8.774500000000002,0.0,1016.93
2023-05-16 00:00:00,13.266666666666667,13.266666666666667,0.93,6.279,351.0,7.4543,0.0,1017.25
2023-05-16 01:00:00,13.266666666666667,13.266666666666667,0.93,6.3112,350.0,7.4543,0.0,1017.25
2023-05-16 02:00:00,13.244444444444447,13.244444444444447,0.87,10.0786,2.0,8.0017,0.0,1017.16
2023-05-16 03:00:00,13.238888888888887,13.238888888888887,0.83,13.7494,10.0,8.372000000000002,0.0,1016.87
2023-05-16 04:00:00,12.733333333333334,12.733333333333334,0.86,3.1234,6.0,9.982000000000001,0.0,1017.54
2023-05-16 05:00:00,12.644444444444442,12.644444444444442,0.85,9.8854,343.0,10.2718,0.0,1018.04
2023-05-16 06:00:00,12.733333333333334,12.733333333333334,0.84,10.5294,39.0,9.9015,0.0,1018.25
2023-05-16 07:00:00,12.755555555555556,12.755555555555556,0.84,10.5616,0.0,9.9015,0.0,1018.66
2023-05-16 08:00:00,13.955555555555556,13.955555555555556,0.74,10.126900000000001,11.0,10.3523,0.0,1019.18
2023-05-16 09:00:00,13.866666666666667,13.866666666666667,0.78,10.6582,18.0,9.982000000000001,0.0,1019.85
2023-05-16 10:00:00,14.883333333333333,14.883333333333333,0.78,12.0106,339.0,9.982000000000001,0.0,1020.35
2023-05-16 11:00:00,14.294444444444443,14.294444444444443,0.8,9.4024,343.0,10.5455,0.0,1020.8
2023-05-16 12:00:00,13.983333333333334,13.983333333333334,0.82,12.1716,339.0,10.255700000000001,0.0,1021.02
2023-05-16 13:00:00,16.211111111111112,16.211111111111112,0.71,9.1126,348.0,10.255700000000001,0.0,1021.01
2023-05-16 14:00:00,17.45555555555556,17.45555555555556,0.61,4.459700000000001,3.0,10.577700000000002,0.0,1020.63
2023-05-16 15:00:00,18.011111111111113,18.011111111111113,0.59,4.5563,333.0,10.255700000000001,0.0,1020.49
2023-05-16 16:00:00,18.983333333333334,18.983333333333334,0.52,3.5098000000000003,277.0,10.255700000000001,0.0,1020.19
2023-05-16 17:00:00,20.061111111111114,20.061111111111114,0.52,4.83,291.0,15.552600000000002,0.0,1020.26
2023-05-16 18:00:00,20.07222222222222,20.07222222222222,0.57,9.305800000000001,288.0,16.1,0.0,1020.09
2023-05-16 19:00:00,18.96111111111111,18.96111111111111,0.64,8.1305,261.0,16.1,0.0,1020.2
2023-05-16 20:00:00,16.466666666666665,16.466666666666665,0.74,6.9391,237.0,15.552600000000002,0.0,1020.54
2023-05-16 21:00:00,14.055555555555554,14.055555555555554,0.83,8.0017,259.0,16.1,0.0,1020.49
2023-05-16 22:00:00,13.916666666666664,13.916666666666664,0.83,8.05,240.0,16.0517,0.0,1020.89
2023-05-16 23:00:00,13.466666666666669,13.466666666666669,0.83,5.8765,252.0,14.9569,0.0,1021.11
2023-05-17 00:00:00,12.788888888888891,12.788888888888891,0.86,6.810300000000001,280.0,15.922900000000002,0.0,1021.32
2023-05-17 01:00:00,12.205555555555556,12.205555555555556,0.91,0.5152,290.0,15.729700000000001,0.0,1021.41
2023-05-17 02:00:00,11.883333333333333,11.883333333333333,0.93,2.9141000000000004,220.0,9.9015,0.0,1021.24
2023-05-17 03:00:00,11.627777777777778,11.627777777777778,0.93,3.4132000000000002,268.0,9.9015,0.0,1021.0
2023-05-17 04:00:00,12.116666666666667,12.116666666666667,0.93,3.3488,280.0,9.7566,0.0,1020.92
2023-05-17 05:00:00,12.416666666666666,12.416666666666666,0.94,5.763800000000001,256.0,9.7888,0.0,1020.7
2023-05-17 06:00:00,12.744444444444444,12.744444444444444,0.96,3.5259,224.0,6.166300000000001,0.0,1021.19
2023-05-17 07:00:00,14.866666666666665,14.866666666666665,0.88,5.2325,252.0,8.05,0.0,1021.21
2023-05-17 08:00:00,17.5,17.5,0.8,10.7387,290.0,14.168000000000003,0.0,1021.27
2023-05-17 09:00:00,19.977777777777774,19.977777777777774,0.62,14.3773,299.0,16.0517,0.0,1021.23
2023-05-17 10:00:00,20.05,20.05,0.62,13.2664,293.0,16.1,0.0,1021.41
2023-05-17 11:00:00,22.03888888888889,22.03888888888889,0.49,15.0374,312.0,15.552600000000002,0.0,1021.29
2023-05-17 12:00:00,22.68888888888889,22.68888888888889,0.41,22.2341,291.0,16.1,0.0,1021.14
2023-05-17 13:00:00,23.727777777777774,23.727777777777774,0.37,17.7744,309.0,16.1,0.0,1020.86
2023-05-17 14:00:00,22.68888888888889,22.68888888888889,0.38,22.137500000000003,311.0,15.552600000000002,0.0,1020.68
2023-05-17 15:00:00,22.75555555555555,22.75555555555555,0.41,23.715300000000003,292.0,16.1,0.0,1020.24
2023-05-17 16:00:00,22.77777777777778,22.77777777777778,0.38,23.8119,310.0,16.1,0.0,1019.94
2023-05-17 17:00:00,22.68888888888889,22.68888888888889,0.38,23.2162,329.0,15.552600000000002,0.0,1019.76
2023-05-17 18:00:00,22.150000000000002,22.150000000000002,0.38,22.3468,320.0,16.1,0.0,1019.54
2023-05-17 19:00:00,21.016666666666666,21.016666666666666,0.46,12.7029,330.0,16.1,0.0,1019.63
2023-05-17 20:00:00,18.033333333333328,18.033333333333328,0.57,9.2736,331.0,15.552600000000002,0.0,1019.76
2023-05-17 21:00:00,16.06666666666667,16.06666666666667,0.62,9.5473,309.0,16.1,0.0,1020.12
2023-05-17 22:00:00,14.86111111111111,14.86111111111111,0.7,6.295100000000001,300.0,16.1,0.0,1020.82
2023-05-17 23:00:00,13.344444444444447,13.344444444444447,0.74,3.1395,299.0,15.1823,0.0,1021.11
2023-05-18 00:00:00,11.622222222222224,11.622222222222224,0.81,3.2039,271.0,16.1,0.0,1021.32
2023-05-18 01:00:00,11.044444444444444,11.044444444444444,0.86,6.2468,251.0,16.1,0.0,1021.23
2023-05-18 02:00:00,11.08888888888889,11.08888888888889,0.87,3.0751,297.0,15.1823,0.0,1021.16
2023-05-18 03:00:00,9.933333333333334,8.933333333333332,0.89,8.05,320.0,16.1,0.0,1020.82
2023-05-18 04:00:00,8.822222222222223,8.005555555555553,0.89,6.4722,282.0,16.1,0.0,1020.52
2023-05-18 05:00:00,9.127777777777778,9.127777777777778,0.93,3.4615,316.0,15.1823,0.0,1020.22
2023-05-18 06:00:00,10.999999999999998,10.999999999999998,0.87,7.502600000000001,0.0,16.1,0.0,1020.14
2023-05-18 07:00:00,13.68888888888889,13.68888888888889,0.78,12.6868,21.0,16.1,0.0,1020.13
2023-05-18 08:00:00,16.15555555555555,16.15555555555555,0.64,9.9981,34.0,15.552600000000002,0.0,1019.98
2023-05-18 09:00:00,18.83888888888889,18.83888888888889,0.49,4.7978000000000005,54.0,16.1,0.0,1019.72
2023-05-18 10:00:00,21.03888888888889,21.03888888888889,0.41,4.5402000000000005,17.0,16.1,0.0,1019.49
2023-05-18 11:00:00,21.16111111111111,21.16111111111111,0.37,7.7440999999999995,56.0,15.552600000000002,0.0,1018.9
2023-05-18 12:00:00,22.266666666666666,22.266666666666666,0.35,9.321900000000001,61.0,16.1,0.0,1018.31
2023-05-18 13:00:00,23.79444444444444,23.79444444444444,0.34,4.0411,56.0,16.1,0.0,1017.69
2023-05-18 14:00:00,22.87777777777778,22.87777777777778,0.37,4.7012,24.0,15.552600000000002,0.0,1016.69
2023-05-18 15:00:00,23.86111111111111,23.86111111111111,0.36,4.4919,59.0,16.1,0.0,1015.78
2023-05-18 16:00:00,23.86111111111111,23.86111111111111,0.36,7.422100000000001,56.0,16.1,0.0,1014.88
2023-05-18 17:00:00,23.86666666666666,23.86666666666666,0.35,7.889000000000001,113.0,15.552600000000002,0.0,1014.17
2023-05-18 18:00:00,23.883333333333333,23.883333333333333,0.36,9.595600000000001,140.0,16.1,0.0,1013.47
2023-05-18 19:00:00,22.24444444444445,22.24444444444445,0.39,7.776300000000001,112.0,16.1,0.0,1013.16
2023-05-18 20:00:00,20.11111111111111,20.11111111111111,0.47,7.6636,90.0,15.552600000000002,0.0,1012.88
2023-05-18 21:00:00,17.711111111111112,17.711111111111112,0.57,9.4185,82.0,16.1,0.0,1012.68
2023-05-18 22:00:00,18.111111111111107,18.111111111111107,0.53,10.851400000000002,81.0,16.1,0.0,1012.58
2023-05-18 23:00:00,17.27777777777778,17.27777777777778,0.53,10.5455,90.0,15.552600000000002,0.0,1012.35
2023-05-19 00:00:00,16.43888888888889,16.43888888888889,0.55,10.770900000000001,101.0,16.1,0.0,1012.0
2023-05-19 01:00:00,15.91111111111111,15.91111111111111,0.59,10.7548,101.0,16.1,0.0,1011.7
2023-05-19 02:00:00,15.266666666666664,15.266666666666664,0.58,10.2879,99.0,15.552600000000002,0.0,1011.52
2023-05-19 03:00:00,14.166666666666666,14.166666666666666,0.62,6.279,91.0,16.1,0.0,1010.91
2023-05-19 04:00:00,11.500000000000002,11.500000000000002,0.75,2.9624,15.0,16.1,0.0,1010.5
2023-05-19 05:00:00,10.68888888888889,10.68888888888889,0.83,6.118,98.0,15.552600000000002,0.0,1010.24
2023-05-19 06:00:00,13.711111111111112,13.711111111111112,0.73,10.8997,120.0,16.1,0.0,1010.11
2023-05-19 07:00:00,16.977777777777778,16.977777777777778,0.64,4.8783,122.0,16.1,0.0,1010.11
2023-05-19 08:00:00,18.75,18.75,0.61,11.125100000000002,129.0,15.552600000000002,0.0,1010.23
2023-05-19 09:00:00,22.17777777777778,22.17777777777778,0.55,12.558,140.0,16.1,0.0,1009.91
2023-05-19 10:00:00,23.86666666666666,23.86666666666666,0.49,14.296800000000003,150.0,16.1,0.0,1009.7
2023-05-19 11:00:00,25.933333333333337,25.933333333333337,0.44,11.914000000000001,152.0,15.552600000000002,0.0,1009.64
2023-05-19 12:00:00,27.661111111111115,27.561111111111114,0.43,11.141200000000001,132.0,16.1,0.0,1009.39
2023-05-19 13:00:00,28.79444444444444,28.172222222222217,0.37,11.1734,189.0,16.1,0.0,1009.0
2023-05-19 14:00:00,29.911111111111115,28.988888888888894,0.34,8.3076,177.0,15.552600000000002,0.0,1008.61
2023-05-19 15:00:00,29.97222222222222,28.81666666666667,0.31,8.7423,258.0,16.1,0.0,1008.1
2023-05-19 16:00:00,30.022222222222226,28.833333333333332,0.31,4.9427,203.0,16.1,0.0,1007.5
2023-05-19 17:00:00,30.97222222222222,29.58888888888889,0.29,2.4633000000000003,181.0,15.552600000000002,0.0,1006.93
2023-05-19 18:00:00,29.92777777777778,28.766666666666666,0.31,5.1359,105.0,15.826300000000002,0.0,1006.6
2023-05-19 19:00:00,27.77777777777778,27.350000000000005,0.38,4.9588,111.0,15.826300000000002,0.0,1006.52
2023-05-19 20:00:00,26.25,26.25,0.4,5.8604,102.0,15.3111,0.0,1006.88
2023-05-19 21:00:00,23.72222222222222,23.72222222222222,0.49,16.8084,131.0,9.982000000000001,0.0,1007.52
2023-05-19 22:00:00,19.95,19.95,0.73,14.5383,160.0,3.8318,0.0,1008.4
2023-05-19 23:00:00,18.327777777777776,18.327777777777776,0.74,10.384500000000001,76.0,7.631400000000001,0.0,1010.21
2023-05-20 00:00:00,18.383333333333336,18.383333333333336,0.73,14.731500000000002,198.0,14.9086,0.0,1010.16
2023-05-20 01:00:00,17.227777777777774,17.227777777777774,0.84,20.221600000000002,82.0,15.826300000000002,0.0,1010.27
2023-05-20 02:00:00,17.255555555555556,17.255555555555556,0.79,14.586600000000002,35.0,14.9569,0.0,1008.31
2023-05-20 03:00:00,16.67222222222222,16.67222222222222,0.84,16.4059,150.0,15.826300000000002,0.0,1010.85
2023-05-20 04:00:00,15.627777777777778,15.627777777777778,0.92,6.7620000000000005,168.0,16.1,0.0,1010.26
2023-05-20 05:00:00,15.68888888888889,15.68888888888889,0.9,13.1376,108.0,14.3934,0.0,1009.83
2023-05-20 06:00:00,14.983333333333333,14.983333333333333,0.93,4.9105,130.0,15.1823,0.0,1010.09
2023-05-20 07:00:00,17.755555555555556,17.755555555555556,0.84,11.2056,150.0,16.1,0.0,1010.47
2023-05-20 08:00:00,18.899999999999995,18.899999999999995,0.79,12.2199,148.0,15.552600000000002,0.0,1010.23
2023-05-20 09:00:00,21.18333333333333,21.18333333333333,0.68,15.955100000000002,151.0,16.1,0.0,1009.98
2023-05-20 10:00:00,22.38333333333334,22.38333333333334,0.67,17.404100000000003,151.0,16.1,0.0,1009.76
2023-05-20 11:00:00,24.977777777777774,24.977777777777774,0.57,16.5669,172.0,15.552600000000002,0.0,1009.55
2023-05-20 12:00:00,27.194444444444443,27.82222222222222,0.53,15.391600000000002,188.0,15.826300000000002,0.0,1009.27
2023-05-20 13:00:00,27.31111111111111,27.738888888888894,0.5,17.0338,189.0,15.826300000000002,0.0,1008.97
2023-05-20 14:00:00,27.91111111111111,27.89444444444444,0.44,15.3272,190.0,15.3111,0.0,1008.9
2023-05-20 15:00:00,28.37222222222222,28.461111111111116,0.46,13.9587,189.0,15.826300000000002,0.0,1008.48
2023-05-20 16:00:00,28.811111111111114,28.23333333333333,0.38,21.3808,151.0,15.826300000000002,0.0,1008.08
2023-05-20 17:00:00,28.800000000000004,28.133333333333333,0.37,16.711800000000004,154.0,15.3111,0.0,1007.76
2023-05-20 18:00:00,27.83888888888889,27.70555555555556,0.43,16.888900000000003,141.0,15.826300000000002,0.0,1007.56
2023-05-20 19:00:00,26.15555555555555,26.15555555555555,0.42,16.8245,141.0,15.826300000000002,0.0,1007.57
2023-05-20 20:00:00,24.116666666666664,24.116666666666664,0.44,19.7225,142.0,15.3111,0.0,1008.13
2023-05-20 21:00:00,23.68333333333333,23.68333333333333,0.47,25.8244,150.0,15.826300000000002,0.0,1008.64
2023-05-20 22:00:00,23.177777777777777,23.177777777777777,0.48,27.820800000000002,150.0,15.826300000000002,0.0,1009.34
2023-05-20 23:00:00,21.822222222222223,21.822222222222223,0.51,21.3325,152.0,15.3111,0.0,1008.9
2023-05-21 00:00:00,20.13888888888889,20.13888888888889,0.61,14.9408,158.0,15.826300000000002,0.0,1009.15
2023-05-21 01:00:00,18.077777777777783,18.077777777777783,0.75,2.1413,122.0,16.1,0.0,1011.0
2023-05-21 02:00:00,16.16111111111111,16.16111111111111,0.8,12.5419,329.0,15.1823,0.0,1011.95
2023-05-21 03:00:00,15.788888888888891,15.788888888888891,0.82,13.636700000000001,359.0,15.826300000000002,0.0,1011.87
2023-05-21 04:00:00,14.81666666666667,14.81666666666667,0.88,10.8997,337.0,15.826300000000002,0.0,1012.21
2023-05-21 05:00:00,13.977777777777776,13.977777777777776,0.89,12.1394,328.0,14.7959,0.0,1012.78
2023-05-21 06:00:00,12.711111111111112,12.711111111111112,0.96,15.922900000000002,309.0,14.7637,0.0,1013.08
2023-05-21 07:00:00,13.822222222222223,13.822222222222223,0.9,14.828100000000003,329.0,9.982000000000001,0.0,1013.84
2023-05-21 08:00:00,15.166666666666666,15.166666666666666,0.83,13.685,358.0,10.1752,0.0,1013.92
2023-05-21 09:00:00,17.066666666666666,17.066666666666666,0.81,14.1841,358.0,9.982000000000001,0.0,1013.97
2023-05-21 10:00:00,18.644444444444446,18.644444444444446,0.73,10.706500000000002,16.0,10.255700000000001,0.0,1014.74
2023-05-21 11:00:00,20.86111111111111,20.86111111111111,0.64,7.0196000000000005,352.0,10.3523,0.0,1014.42
2023-05-21 12:00:00,20.749999999999996,20.749999999999996,0.69,14.651,309.0,9.982000000000001,0.0,1014.99
2023-05-21 13:00:00,21.188888888888886,21.188888888888886,0.65,14.651,311.0,15.826300000000002,0.0,1014.74
2023-05-21 14:00:00,20.666666666666668,20.666666666666668,0.69,15.0535,303.0,10.3523,0.0,1014.88
2023-05-21 15:00:00,18.688888888888886,18.688888888888886,0.74,21.6223,291.0,9.982000000000001,0.0,1015.29
2023-05-21 16:00:00,18.711111111111116,18.711111111111116,0.74,17.1948,301.0,9.982000000000001,0.0,1015.24
2023-05-21 17:00:00,17.84444444444445,17.84444444444445,0.78,18.6277,303.0,10.3523,0.0,1014.93
2023-05-21 18:00:00,15.955555555555556,15.955555555555556,0.87,15.778000000000002,300.0,9.982000000000001,0.0,1015.38
2023-05-21 19:00:00,14.86111111111111,14.86111111111111,0.93,14.1519,300.0,9.9015,0.0,1016.04
2023-05-21 20:00:00,14.933333333333334,14.933333333333334,0.93,15.021300000000002,331.0,6.9069,0.0,1016.16
2023-05-21 21:00:00,13.844444444444445,13.844444444444445,0.93,15.633100000000002,319.0,9.7566,0.0,1016.35
2023-05-21 22:00:00,13.844444444444445,13.844444444444445,0.96,14.023100000000003,320.0,9.6922,0.0,1016.56
2023-05-21 23:00:00,13.900000000000002,13.900000000000002,0.96,6.118,342.0,8.855,0.0,1016.65
2023-05-22 00:00:00,13.844444444444445,13.844444444444445,0.96,6.5044,301.0,6.9874,0.0,1017.02
2023-05-22 01:00:00,13.844444444444445,13.844444444444445,0.96,6.617100000000001,302.0,6.0053,0.0,1017.02
2023-05-22 02:00:00,13.850000000000001,13.850000000000001,0.96,6.681500000000001,332.0,6.1019000000000005,0.0,1016.8
2023-05-22 03:00:00,13.800000000000002,13.800000000000002,0.96,6.8264000000000005,320.0,8.7262,0.0,1016.44
2023-05-22 04:00:00,13.75,13.75,0.96,6.488300000000001,329.0,4.83,0.0,1016.42
2023-05-22 05:00:00,13.800000000000002,13.800000000000002,0.96,10.4811,332.0,3.7835000000000005,0.0,1016.01
2023-05-22 06:00:00,13.800000000000002,13.800000000000002,1.0,8.1144,352.0,4.83,0.0,1015.86
2023-05-22 07:00:00,14.822222222222223,14.822222222222223,0.94,9.499,3.0,4.9105,0.0,1016.04
2023-05-22 08:00:00,15.75,15.75,0.94,10.7387,13.0,4.5402000000000005,0.0,1016.07
2023-05-22 09:00:00,15.883333333333335,15.883333333333335,0.93,10.9641,13.0,7.1323,0.0,1016.26
2023-05-22 10:00:00,17.433333333333334,17.433333333333334,0.91,17.0821,31.0,9.982000000000001,0.0,1016.1
2023-05-22 11:00:00,17.01111111111111,17.01111111111111,0.93,12.1072,10.0,9.6278,0.0,1016.2
2023-05-22 12:00:00,17.066666666666666,17.066666666666666,0.93,17.4202,30.0,9.982000000000001,0.0,1015.97
2023-05-22 13:00:00,17.17777777777778,17.17777777777778,0.87,20.4309,40.0,9.982000000000001,0.0,1015.56
2023-05-22 14:00:00,17.84444444444445,17.84444444444445,0.9,16.840600000000002,32.0,9.8049,0.0,1015.34
2023-05-22 15:00:00,17.666666666666668,17.666666666666668,0.9,15.488199999999999,31.0,9.982000000000001,0.0,1015.07
2023-05-22 16:00:00,17.17777777777778,17.17777777777778,0.93,12.525800000000002,21.0,7.212800000000001,0.0,1015.22
2023-05-22 17:00:00,17.288888888888888,17.288888888888888,0.93,19.4971,31.0,9.450700000000001,0.0,1014.71
2023-05-22 18:00:00,17.105555555555554,17.105555555555554,0.93,23.232300000000002,30.0,9.9015,0.0,1014.05
2023-05-22 19:00:00,16.06111111111111,16.06111111111111,0.93,23.377200000000002,40.0,9.982000000000001,0.0,1013.18
2023-05-22 20:00:00,16.15555555555555,16.15555555555555,0.93,24.906700000000004,39.0,9.450700000000001,0.0,1013.0
2023-05-22 21:00:00,15.972222222222221,15.972222222222221,0.88,24.9711,40.0,10.255700000000001,0.0,1012.97
2023-05-22 22:00:00,15.438888888888888,15.438888888888888,0.9,24.8423,40.0,16.1,0.0,1012.67
2023-05-22 23:00:00,15.077777777777776,15.077777777777776,0.91,19.8352,40.0,15.1823,0.0,1012.32
2023-05-23 00:00:00,14.349999999999998,14.349999999999998,0.9,20.2699,40.0,16.1,0.0,1012.22
2023-05-23 01:00:00,14.349999999999998,14.349999999999998,0.87,19.9479,40.0,16.1,0.0,1011.83
2023-05-23 02:00:00,13.927777777777777,13.927777777777777,0.91,16.422,31.0,10.2235,0.0,1011.33
2023-05-23 03:00:00,13.311111111111112,13.311111111111112,0.93,16.9694,22.0,14.9086,0.0,1010.72
2023-05-23 04:00:00,13.261111111111111,13.261111111111111,0.91,17.0821,31.0,15.1823,0.0,1010.45
2023-05-23 05:00:00,12.883333333333333,12.883333333333333,0.94,18.5955,30.0,14.9569,0.0,1010.14
2023-05-23 06:00:00,12.777777777777779,12.777777777777779,0.96,16.261,32.0,9.982000000000001,0.0,1009.7
2023-05-23 07:00:00,12.777777777777779,12.777777777777779,0.96,4.4758,331.0,10.2074,0.0,1010.05
2023-05-23 08:00:00,12.905555555555553,12.905555555555553,0.96,9.193100000000001,274.0,8.7101,0.0,1010.5
2023-05-23 09:00:00,12.799999999999999,12.799999999999999,1.0,10.706500000000002,332.0,7.905100000000001,0.0,1011.76
2023-05-23 10:00:00,13.88888888888889,13.88888888888889,0.93,7.824600000000001,210.0,9.9015,0.0,1012.07
2023-05-23 11:00:00,14.872222222222225,14.872222222222225,0.93,10.2879,38.0,9.9015,0.0,1011.42
2023-05-23 12:00:00,16.172222222222224,16.172222222222224,0.93,9.6439,91.0,9.982000000000001,0.0,1011.58
2023-05-23 13:00:00,17.794444444444444,17.794444444444444,0.78,20.0445,139.0,9.982000000000001,0.0,1011.95
2023-05-23 14:00:00,18.855555555555554,18.855555555555554,0.69,19.964000000000002,169.0,10.3523,0.0,1011.18
2023-05-23 15:00:00,19.95,19.95,0.64,21.5257,160.0,9.982000000000001,0.0,1011.37
2023-05-23 16:00:00,21.083333333333332,21.083333333333332,0.54,14.1358,149.0,9.982000000000001,0.0,1011.27
2023-05-23 17:00:00,21.933333333333337,21.933333333333337,0.53,9.1126,157.0,10.3523,0.0,1011.03
2023-05-23 18:00:00,21.083333333333332,21.083333333333332,0.57,5.0071,171.0,9.982000000000001,0.0,1010.9
2023-05-23 19:00:00,20.949999999999996,20.949999999999996,0.6,1.8676,174.0,9.982000000000001,0.0,1011.11
2023-05-23 20:00:00,17.938888888888894,17.938888888888894,0.76,0.2093,153.0,10.577700000000002,0.0,1011.43
2023-05-23 21:00:00,16.083333333333332,16.083333333333332,0.87,3.22,300.0,10.255700000000001,0.0,1012.02
2023-05-23 22:00:00,15.02222222222222,15.02222222222222,0.9,5.474,290.0,16.1,0.0,1012.54
2023-05-23 23:00:00,14.094444444444443,14.094444444444443,0.95,3.6708,16.0,15.552600000000002,0.0,1012.73
2023-05-24 00:00:00,13.399999999999999,13.399999999999999,0.96,6.44,330.0,16.1,0.0,1012.86
2023-05-24 01:00:00,12.36111111111111,12.36111111111111,0.96,1.5295,310.0,16.1,0.0,1013.04
2023-05-24 02:00:00,12.083333333333334,12.083333333333334,0.96,6.0536,322.0,11.688600000000001,0.0,1013.22
2023-05-24 03:00:00,11.827777777777776,11.827777777777776,0.96,10.6743,291.0,9.9015,0.0,1013.32
2023-05-24 04:00:00,11.322222222222223,11.322222222222223,0.96,10.835300000000002,292.0,9.9015,0.0,1013.15
2023-05-24 05:00:00,11.97777777777778,11.97777777777778,0.96,10.0947,332.0,5.635000000000001,0.0,1012.83
2023-05-24 06:00:00,13.844444444444445,13.844444444444445,1.0,12.075000000000001,359.0,0.8855000000000002,0.0,1012.59
2023-05-24 07:00:00,13.894444444444442,13.894444444444442,1.0,14.0553,349.0,0.4508000000000001,0.0,1012.97
2023-05-24 08:00:00,14.766666666666664,14.766666666666664,0.94,13.1537,351.0,1.8032000000000004,0.0,1013.66
2023-05-24 09:00:00,14.911111111111113,14.911111111111113,1.0,13.7977,9.0,6.9874,0.0,1014.05
2023-05-24 10:00:00,17.08888888888889,17.08888888888889,0.87,11.109000000000002,349.0,9.982000000000001,0.0,1014.07
2023-05-24 11:00:00,18.477777777777778,18.477777777777778,0.8,15.246700000000002,341.0,9.450700000000001,0.0,1014.08
2023-05-24 12:00:00,19.93333333333333,19.93333333333333,0.78,17.0177,350.0,9.982000000000001,0.0,1013.67
2023-05-24 13:00:00,22.066666666666666,22.066666666666666,0.68,16.8245,0.0,9.982000000000001,0.0,1013.27
2023-05-24 14:00:00,22.583333333333336,22.583333333333336,0.65,16.6152,0.0,10.3523,0.0,1012.81
2023-05-24 15:00:00,22.733333333333334,22.733333333333334,0.57,20.1733,1.0,9.982000000000001,0.0,1012.3
2023-05-24 16:00:00,22.738888888888894,22.738888888888894,0.61,16.9694,0.0,9.982000000000001,0.0,1011.49
2023-05-24 17:00:00,22.194444444444443,22.194444444444443,0.58,15.633100000000002,350.0,10.577700000000002,0.0,1011.1
2023-05-24 18:00:00,22.17777777777778,22.17777777777778,0.59,20.2055,349.0,10.255700000000001,0.0,1010.41
2023-05-24 19:00:00,21.094444444444445,21.094444444444445,0.63,12.4936,350.0,9.982000000000001,0.0,1010.11
2023-05-24 20:00:00,19.95555555555556,19.95555555555556,0.72,5.6833,27.0,9.6278,0.0,1011.03
2023-05-24 21:00:00,17.82777777777778,17.82777777777778,0.89,9.080400000000001,54.0,10.255700000000001,0.0,1010.95
2023-05-24 22:00:00,17.200000000000003,17.200000000000003,0.86,16.583000000000002,67.0,15.826300000000002,0.0,1011.54
2023-05-24 23:00:00,17.044444444444444,17.044444444444444,0.88,24.1822,10.0,10.2235,0.0,1010.96
2023-05-25 00:00:00,15.994444444444444,15.994444444444444,0.84,19.8996,351.0,15.826300000000002,0.0,1009.54
2023-05-25 01:00:00,15.92777777777778,15.92777777777778,0.85,20.076700000000002,28.0,15.826300000000002,0.0,1009.82
2023-05-25 02:00:00,14.966666666666665,14.966666666666665,0.91,15.536500000000002,19.0,14.9569,0.0,1010.21
2023-05-25 03:00:00,13.838888888888887,13.838888888888887,0.93,16.9533,30.0,14.9086,0.0,1010.08
2023-05-25 04:00:00,13.333333333333334,13.333333333333334,0.93,16.5186,19.0,14.9086,0.0,1009.46
2023-05-25 05:00:00,13.344444444444447,13.344444444444447,0.94,15.713600000000001,27.0,14.3934,0.0,1009.69
2023-05-25 06:00:00,12.777777777777779,12.777777777777779,0.96,16.856700000000004,18.0,9.982000000000001,0.0,1009.31
2023-05-25 07:00:00,12.777777777777779,12.777777777777779,0.96,13.7011,28.0,6.295100000000001,0.0,1009.07
2023-05-25 08:00:00,13.883333333333335,13.883333333333335,0.94,15.794100000000002,20.0,8.420300000000001,0.0,1009.16
2023-05-25 09:00:00,13.844444444444445,13.844444444444445,0.93,15.568700000000002,18.0,4.2987,0.0,1009.25
2023-05-25 10:00:00,14.983333333333333,14.983333333333333,0.93,10.948,38.0,8.1305,0.0,1009.06
2023-05-25 11:00:00,15.950000000000001,15.950000000000001,0.93,8.919400000000001,43.0,8.420300000000001,0.0,1008.96
2023-05-25 12:00:00,16.049999999999997,16.049999999999997,0.93,12.058900000000001,31.0,8.1305,0.0,1008.76
2023-05-25 13:00:00,17.116666666666667,17.116666666666667,0.87,8.8228,88.0,9.982000000000001,0.0,1008.46
2023-05-25 14:00:00,18.466666666666665,18.466666666666665,0.85,10.368400000000001,120.0,10.3523,0.0,1008.27
2023-05-25 15:00:00,18.761111111111106,18.761111111111106,0.84,19.078500000000002,140.0,9.982000000000001,0.0,1007.85
2023-05-25 16:00:00,18.761111111111106,18.761111111111106,0.84,19.126800000000003,161.0,9.982000000000001,0.0,1007.54
2023-05-25 17:00:00,17.76111111111111,17.76111111111111,0.85,12.4936,173.0,10.3523,0.0,1007.37
2023-05-25 18:00:00,17.744444444444444,17.744444444444444,0.78,16.8728,160.0,9.982000000000001,0.0,1007.0
2023-05-25 19:00:00,16.116666666666664,16.116666666666664,0.87,16.4864,199.0,9.982000000000001,0.0,1007.29
2023-05-25 20:00:00,15.144444444444442,15.144444444444442,0.88,13.8621,191.0,10.3523,0.0,1007.53
2023-05-25 21:00:00,14.005555555555556,14.005555555555556,0.93,11.125100000000002,180.0,9.982000000000001,0.0,1007.78
2023-05-25 22:00:00,13.427777777777779,13.427777777777779,0.93,11.125100000000002,160.0,15.729700000000001,0.0,1007.86
2023-05-25 23:00:00,14.294444444444443,14.294444444444443,0.91,10.0142,145.0,14.876400000000002,0.0,1007.45
2023-05-26 00:00:00,13.838888888888887,13.838888888888887,0.96,14.1519,131.0,15.697500000000002,0.0,1006.72
2023-05-26 01:00:00,14.349999999999998,14.349999999999998,0.94,14.312900000000003,179.0,8.05,0.0,1006.43
2023-05-26 02:00:00,13.894444444444442,13.894444444444442,0.96,13.363000000000001,184.0,6.8425,0.0,1006.7
2023-05-26 03:00:00,13.816666666666666,13.816666666666666,0.96,10.642100000000001,178.0,9.064300000000001,0.0,1006.39
2023-05-26 04:00:00,13.816666666666666,13.816666666666666,0.96,13.6689,168.0,14.586600000000002,0.0,1006.09
2023-05-26 05:00:00,13.838888888888887,13.838888888888887,0.94,13.089300000000001,162.0,13.121500000000001,0.0,1006.07
2023-05-26 06:00:00,13.88888888888889,13.88888888888889,0.93,12.4292,170.0,9.9015,0.0,1006.17
2023-05-26 07:00:00,13.961111111111112,13.961111111111112,0.93,11.0768,169.0,9.982000000000001,0.0,1006.27
2023-05-26 08:00:00,14.000000000000002,14.000000000000002,0.93,10.448900000000002,169.0,9.8049,0.0,1006.51
2023-05-26 09:00:00,14.027777777777779,14.027777777777779,0.93,10.432800000000002,149.0,9.982000000000001,0.0,1006.58
2023-05-26 10:00:00,15.0,15.0,0.88,11.398800000000001,129.0,9.6761,0.0,1006.78
2023-05-26 11:00:00,16.188888888888886,16.188888888888886,0.82,4.1055,135.0,9.6278,0.0,1006.78
2023-05-26 12:00:00,16.044444444444444,16.044444444444444,0.82,7.583100000000001,129.0,9.853200000000001,0.0,1006.9
2023-05-26 13:00:00,17.133333333333336,17.133333333333336,0.82,9.5473,119.0,9.982000000000001,0.0,1006.91
2023-05-26 14:00:00,17.83333333333333,17.83333333333333,0.74,8.758400000000002,106.0,10.3523,0.0,1006.9
2023-05-26 15:00:00,18.84444444444445,18.84444444444445,0.73,4.4919,157.0,9.982000000000001,0.0,1006.42
2023-05-26 16:00:00,19.822222222222226,19.822222222222226,0.69,4.508,233.0,9.982000000000001,0.0,1006.05
2023-05-26 17:00:00,18.8,18.8,0.78,11.012400000000001,268.0,10.3523,0.0,1006.1
2023-05-26 18:00:00,17.666666666666668,17.666666666666668,0.84,12.042800000000002,298.0,9.982000000000001,0.0,1005.86
2023-05-26 19:00:00,17.716666666666665,17.716666666666665,0.74,14.1197,289.0,9.982000000000001,0.0,1006.06
2023-05-26 20:00:00,16.327777777777776,16.327777777777776,0.87,8.4364,319.0,10.3523,0.0,1006.25
2023-05-26 21:00:00,16.044444444444444,16.044444444444444,0.87,8.0822,272.0,15.826300000000002,0.0,1006.74
2023-05-26 22:00:00,15.027777777777779,15.027777777777779,0.93,3.7996,292.0,15.826300000000002,0.0,1007.08
2023-05-26 23:00:00,14.538888888888891,14.538888888888891,0.93,10.6743,284.0,15.439900000000002,0.0,1007.18
2023-05-27 00:00:00,14.444444444444445,14.444444444444445,0.92,14.6671,301.0,15.826300000000002,0.0,1007.11
2023-05-27 01:00:00,14.400000000000002,14.400000000000002,0.93,17.7744,311.0,15.729700000000001,0.0,1007.31
2023-05-27 02:00:00,14.31111111111111,14.31111111111111,0.89,16.8245,304.0,14.844200000000003,0.0,1007.49
2023-05-27 03:00:00,13.77222222222222,13.77222222222222,0.87,25.293100000000003,310.0,15.729700000000001,0.0,1008.0
2023-05-27 04:00:00,13.238888888888887,13.238888888888887,0.9,20.865600000000004,311.0,15.826300000000002,0.0,1008.31
2023-05-27 05:00:00,12.722222222222221,12.722222222222221,0.91,20.4148,322.0,14.9569,0.0,1008.72
2023-05-27 06:00:00,12.127777777777776,12.127777777777776,0.93,22.362900000000003,320.0,8.1305,0.0,1009.39
2023-05-27 07:00:00,12.127777777777776,12.127777777777776,0.93,23.570400000000003,320.0,9.064300000000001,0.0,1010.19
2023-05-27 08:00:00,12.155555555555557,12.155555555555557,0.87,22.910300000000003,323.0,9.450700000000001,0.0,1010.87
2023-05-27 09:00:00,12.799999999999999,12.799999999999999,0.89,22.1214,320.0,10.2074,0.0,1011.27
2023-05-27 10:00:00,12.383333333333333,12.383333333333333,0.85,25.309200000000004,320.0,9.982000000000001,0.0,1011.76
2023-05-27 11:00:00,12.394444444444446,12.394444444444446,0.91,17.2109,316.0,6.295100000000001,0.0,1012.94
2023-05-27 12:00:00,13.033333333333335,13.033333333333335,0.81,11.0285,303.0,9.982000000000001,0.0,1013.4
2023-05-27 13:00:00,14.022222222222224,14.022222222222224,0.76,14.9569,322.0,9.982000000000001,0.0,1013.5
2023-05-27 14:00:00,13.927777777777777,13.927777777777777,0.81,8.1466,36.0,9.6278,0.0,1013.77
2023-05-27 15:00:00,12.427777777777777,12.427777777777777,0.85,8.629600000000002,88.0,9.982000000000001,0.0,1013.93
2023-05-27 16:00:00,12.933333333333334,12.933333333333334,0.82,7.0357,81.0,9.982000000000001,0.0,1014.22
2023-05-27 17:00:00,13.08888888888889,13.08888888888889,0.79,3.4454000000000002,112.0,9.982000000000001,0.0,1014.79
2023-05-27 18:00:00,12.355555555555558,12.355555555555558,0.85,7.422100000000001,100.0,9.982000000000001,0.0,1015.13
2023-05-27 19:00:00,12.288888888888888,12.288888888888888,0.85,10.143,89.0,9.982000000000001,0.0,1015.61
2023-05-27 20:00:00,12.244444444444444,12.244444444444444,0.86,7.0196000000000005,89.0,9.982000000000001,0.0,1015.85
2023-05-27 21:00:00,11.177777777777777,11.177777777777777,0.86,11.817400000000001,91.0,9.982000000000001,0.0,1016.22
2023-05-27 22:00:00,10.644444444444442,10.644444444444442,0.88,3.1717,111.0,15.826300000000002,0.0,1016.92
2023-05-27 23:00:00,10.633333333333333,10.633333333333333,0.87,5.1037,43.0,14.9569,0.0,1017.34
2023-05-28 00:00:00,10.044444444444444,10.044444444444444,0.88,2.8175000000000003,161.0,15.826300000000002,0.0,1017.32
2023-05-28 01:00:00,10.02222222222222,10.02222222222222,0.92,0.1449,130.0,14.9086,0.0,1017.53
2023-05-28 02:00:00,9.583333333333334,9.21111111111111,0.95,5.2808,262.0,6.8425,0.0,1017.32
2023-05-28 03:00:00,9.488888888888887,8.800000000000002,0.95,6.3756,282.0,6.295100000000001,0.0,1017.26
2023-05-28 04:00:00,9.377777777777778,7.76111111111111,0.96,10.8192,271.0,6.1985,0.0,1017.08
2023-05-28 05:00:00,9.322222222222223,7.76111111111111,0.93,10.432800000000002,282.0,6.7781,0.0,1017.09
2023-05-28 06:00:00,9.755555555555556,8.405555555555557,0.87,9.7405,280.0,9.9015,0.0,1017.25
2023-05-28 07:00:00,9.916666666666666,8.194444444444445,0.93,12.2199,271.0,9.982000000000001,0.0,1017.27
2023-05-28 08:00:00,10.983333333333336,10.983333333333336,0.87,10.787,285.0,14.5222,0.0,1017.7
2023-05-28 09:00:00,12.733333333333334,12.733333333333334,0.77,11.012400000000001,322.0,9.982000000000001,0.0,1017.87
2023-05-28 10:00:00,14.883333333333333,14.883333333333333,0.67,12.3004,338.0,9.982000000000001,0.0,1017.95
2023-05-28 11:00:00,14.805555555555555,14.805555555555555,0.62,12.4936,343.0,10.3523,0.0,1018.09
2023-05-28 12:00:00,15.02222222222222,15.02222222222222,0.61,9.305800000000001,351.0,9.982000000000001,0.0,1017.93
2023-05-28 13:00:00,15.072222222222223,15.072222222222223,0.6,7.776300000000001,331.0,9.982000000000001,0.0,1017.72
2023-05-28 14:00:00,15.133333333333335,15.133333333333335,0.59,7.1645,15.0,10.3523,0.0,1017.58
2023-05-28 15:00:00,16.06666666666667,16.06666666666667,0.52,8.0661,328.0,10.255700000000001,0.0,1017.6
2023-05-28 16:00:00,16.13888888888889,16.13888888888889,0.55,4.9105,273.0,10.255700000000001,0.0,1017.32
2023-05-28 17:00:00,16.06111111111111,16.06111111111111,0.52,3.5581,297.0,10.577700000000002,0.0,1017.31
2023-05-28 18:00:00,15.066666666666666,15.066666666666666,0.61,12.4936,282.0,10.255700000000001,0.0,1016.89
2023-05-28 19:00:00,16.038888888888888,16.038888888888888,0.58,3.0268,257.0,16.1,0.0,1016.8
2023-05-28 20:00:00,13.18333333333333,13.18333333333333,0.77,4.6690000000000005,255.0,15.552600000000002,0.0,1016.81
2023-05-28 21:00:00,11.066666666666668,11.066666666666668,0.85,1.8676,256.0,16.1,0.0,1016.92
2023-05-28 22:00:00,9.911111111111113,9.911111111111113,0.88,3.22,300.0,16.1,0.0,1017.32
2023-05-28 23:00:00,8.933333333333332,8.933333333333332,0.92,3.3166,287.0,15.1823,0.0,1017.46
2023-05-29 00:00:00,8.155555555555557,8.155555555555557,0.9,3.3971,263.0,16.1,0.0,1017.52
2023-05-29 01:00:00,8.133333333333333,8.133333333333333,0.86,3.4132000000000002,292.0,16.0517,0.0,1017.43
2023-05-29 02:00:00,7.316666666666667,7.316666666666667,0.89,3.2522,283.0,14.168000000000003,0.0,1017.29
2023-05-29 03:00:00,6.51111111111111,5.42777777777778,0.94,6.1502,290.0,14.9086,0.0,1017.22
2023-05-29 04:00:00,5.977777777777777,4.816666666666667,0.93,6.1502,290.0,14.9086,0.0,1017.14
2023-05-29 05:00:00,6.144444444444446,6.144444444444446,0.89,3.2683,299.0,14.168000000000003,0.0,1017.19
2023-05-29 06:00:00,7.577777777777778,7.577777777777778,0.9,3.22,310.0,14.9086,0.0,1017.32
2023-05-29 07:00:00,10.961111111111109,10.961111111111109,0.8,3.4293,281.0,15.826300000000002,0.0,1017.23
2023-05-29 08:00:00,13.655555555555555,13.655555555555555,0.69,1.8998,282.0,15.1823,0.0,1017.55
2023-05-29 09:00:00,16.06666666666667,16.06666666666667,0.56,3.3971,283.0,16.1,0.0,1017.6
2023-05-29 10:00:00,17.22222222222222,17.22222222222222,0.54,10.867500000000001,328.0,9.982000000000001,0.0,1017.49
2023-05-29 11:00:00,17.733333333333334,17.733333333333334,0.49,5.635000000000001,325.0,10.3523,0.0,1017.53
2023-05-29 12:00:00,18.911111111111115,18.911111111111115,0.52,10.6099,346.0,9.982000000000001,0.0,1016.99
2023-05-29 13:00:00,18.96111111111111,18.96111111111111,0.52,7.7440999999999995,282.0,10.255700000000001,0.0,1016.68
2023-05-29 14:00:00,20.005555555555556,20.005555555555556,0.52,7.3416,273.0,10.577700000000002,0.0,1016.23
2023-05-29 15:00:00,21.20555555555556,21.20555555555556,0.49,4.8622000000000005,255.0,16.1,0.0,1015.68
2023-05-29 16:00:00,21.227777777777774,21.227777777777774,0.46,7.905100000000001,286.0,16.1,0.0,1015.09
2023-05-29 17:00:00,21.955555555555552,21.955555555555552,0.4,1.5939,246.0,15.552600000000002,0.0,1014.95
2023-05-29 18:00:00,22.22222222222222,22.22222222222222,0.43,4.8622000000000005,195.0,16.1,0.0,1014.58
2023-05-29 19:00:00,21.03888888888889,21.03888888888889,0.53,1.8193,258.0,16.1,0.0,1014.37
2023-05-29 20:00:00,17.583333333333332,17.583333333333332,0.69,3.8801000000000005,173.0,15.552600000000002,0.0,1014.38
2023-05-29 21:00:00,15.094444444444447,15.094444444444447,0.82,3.2683,156.0,16.1,0.0,1014.86
2023-05-29 22:00:00,14.400000000000002,14.400000000000002,0.83,3.2039,151.0,16.1,0.0,1015.07
2023-05-29 23:00:00,13.944444444444445,13.944444444444445,0.84,5.6028,158.0,15.1823,0.0,1015.23
2023-05-30 00:00:00,13.177777777777777,13.177777777777777,0.86,6.488300000000001,151.0,16.1,0.0,1015.27
2023-05-30 01:00:00,12.133333333333335,12.133333333333335,0.9,6.1502,131.0,16.0517,0.0,1015.27
2023-05-30 02:00:00,11.75,11.75,0.9,5.635000000000001,158.0,14.2485,0.0,1015.15
2023-05-30 03:00:00,10.444444444444443,10.444444444444443,0.94,6.1502,140.0,14.9086,0.0,1014.98
2023-05-30 04:00:00,10.372222222222224,10.372222222222224,0.93,6.295100000000001,159.0,7.0357,0.0,1014.7
2023-05-30 05:00:00,10.416666666666666,10.416666666666666,0.94,5.5223,175.0,4.1055,0.0,1014.78
2023-05-30 06:00:00,10.977777777777776,10.977777777777776,0.94,4.6690000000000005,159.0,5.0393,0.0,1014.98
2023-05-30 07:00:00,14.799999999999999,14.799999999999999,0.79,9.2575,161.0,6.295100000000001,0.0,1015.09
2023-05-30 08:00:00,17.0,17.0,0.73,8.9677,182.0,15.150100000000002,0.0,1015.41
2023-05-30 09:00:00,18.86666666666666,18.86666666666666,0.68,9.595600000000001,162.0,16.1,0.0,1015.48
2023-05-30 10:00:00,20.07222222222222,20.07222222222222,0.6,11.3183,152.0,16.1,0.0,1015.76
2023-05-30 11:00:00,21.13888888888889,21.13888888888889,0.52,13.4757,170.0,14.9569,0.0,1015.62
2023-05-30 12:00:00,22.24444444444445,22.24444444444445,0.46,12.654600000000002,133.0,16.1,0.0,1015.56
2023-05-30 13:00:00,22.82222222222222,22.82222222222222,0.48,12.8317,142.0,16.1,0.0,1015.17
2023-05-30 14:00:00,23.77777777777778,23.77777777777778,0.44,8.774500000000002,164.0,15.552600000000002,0.0,1014.91
2023-05-30 15:00:00,24.00555555555555,24.00555555555555,0.47,8.05,188.0,16.1,0.0,1014.57
2023-05-30 16:00:00,24.97222222222222,24.97222222222222,0.46,9.3702,197.0,10.255700000000001,0.0,1014.25
2023-05-30 17:00:00,24.894444444444446,24.894444444444446,0.4,5.2003,197.0,15.552600000000002,0.0,1013.9
2023-05-30 18:00:00,23.95555555555556,23.95555555555556,0.44,8.211,188.0,16.1,0.0,1013.56
2023-05-30 19:00:00,22.84444444444445,22.84444444444445,0.5,5.0876,196.0,16.1,0.0,1013.66
2023-05-30 20:00:00,21.33888888888889,21.33888888888889,0.54,4.7978000000000005,135.0,15.552600000000002,0.0,1013.93
2023-05-30 21:00:00,17.805555555555557,17.805555555555557,0.7,4.9749,121.0,10.255700000000001,0.0,1014.39
2023-05-30 22:00:00,17.155555555555555,17.155555555555555,0.71,6.5044,121.0,16.1,0.0,1014.89
2023-05-30 23:00:00,16.033333333333335,16.033333333333335,0.77,5.9731000000000005,121.0,15.1823,0.0,1015.03
2023-05-31 00:00:00,15.050000000000002,15.050000000000002,0.8,5.699400000000001,141.0,15.826300000000002,0.0,1015.39
2023-05-31 01:00:00,14.544444444444444,14.544444444444444,0.83,6.1502,140.0,15.826300000000002,0.0,1015.6
2023-05-31 02:00:00,13.538888888888888,13.538888888888888,0.86,2.8819000000000004,126.0,14.9569,0.0,1015.8
2023-05-31 03:00:00,12.366666666666665,12.366666666666665,0.86,6.0053,150.0,15.826300000000002,0.0,1015.83
2023-05-31 04:00:00,12.905555555555553,12.905555555555553,0.86,3.5581,307.0,16.1,0.0,1016.11
2023-05-31 05:00:00,13.666666666666666,13.666666666666666,0.86,1.2397,10.0,14.9569,0.0,1016.56
2023-05-31 06:00:00,16.044444444444444,16.044444444444444,0.82,4.9266000000000005,16.0,9.982000000000001,0.0,1016.95
2023-05-31 07:00:00,17.127777777777776,17.127777777777776,0.81,10.6582,36.0,9.982000000000001,0.0,1017.25
2023-05-31 08:00:00,17.75,17.75,0.79,10.0303,3.0,15.552600000000002,0.0,1017.65
2023-05-31 09:00:00,19.79444444444444,19.79444444444444,0.69,13.8138,9.0,16.1,0.0,1018.04
2023-05-31 10:00:00,20.883333333333336,20.883333333333336,0.64,13.7172,9.0,15.826300000000002,0.0,1018.26
2023-05-31 11:00:00,22.494444444444444,22.494444444444444,0.57,10.706500000000002,21.0,10.3523,0.0,1018.36
2023-05-31 12:00:00,23.477777777777778,23.477777777777778,0.55,10.867500000000001,29.0,9.982000000000001,0.0,1018.48
2023-05-31 13:00:00,24.727777777777778,24.727777777777778,0.48,10.577700000000002,322.0,10.255700000000001,0.0,1018.48
2023-05-31 14:00:00,23.833333333333336,23.833333333333336,0.5,10.4972,343.0,10.577700000000002,0.0,1018.35
2023-05-31 15:00:00,22.355555555555554,22.355555555555554,0.63,13.7172,330.0,10.255700000000001,0.0,1018.33
2023-05-31 16:00:00,22.916666666666668,22.916666666666668,0.56,12.075000000000001,350.0,10.255700000000001,0.0,1018.11
2023-05-31 17:00:00,23.86111111111111,23.86111111111111,0.5,12.654600000000002,325.0,10.577700000000002,0.0,1017.83
2023-05-31 18:00:00,22.38333333333334,22.38333333333334,0.52,3.22,339.0,10.255700000000001,0.0,1017.6
2023-05-31 19:00:00,22.77777777777778,22.77777777777778,0.57,1.7710000000000004,31.0,16.1,0.0,1017.6
2023-05-31 20:00:00,21.17777777777778,21.17777777777778,0.61,2.3667000000000002,29.0,15.552600000000002,0.0,1017.8
2023-05-31 21:00:00,17.755555555555556,17.755555555555556,0.73,0.0,0.0,16.1,0.0,1018.02
2023-05-31 22:00:00,17.083333333333332,17.083333333333332,0.75,0.0,0.0,16.1,0.0,1018.61
2023-05-31 23:00:00,15.544444444444443,15.544444444444443,0.86,4.2343,33.0,15.552600000000002,0.0,1018.55
2023-06-01 00:00:00,14.305555555555555,14.305555555555555,0.93,0.0,0.0,16.1,0.0,1018.53
2023-06-01 01:00:00,13.77222222222222,13.77222222222222,0.93,0.0,0.0,10.255700000000001,0.0,1018.81
2023-06-01 02:00:00,13.411111111111111,13.411111111111111,0.92,3.3327,14.0,10.577700000000002,0.0,1018.65
2023-06-01 03:00:00,12.711111111111112,12.711111111111112,0.93,3.22,0.0,10.255700000000001,0.0,1018.52
2023-06-01 04:00:00,11.666666666666666,11.666666666666666,0.96,0.0,0.0,10.255700000000001,0.0,1018.52
2023-06-01 05:00:00,11.922222222222224,11.922222222222224,0.95,5.2003,88.0,7.438200000000001,0.0,1018.73
2023-06-01 06:00:00,13.755555555555553,13.755555555555553,0.93,3.22,330.0,6.5688,0.0,1018.93
2023-06-01 07:00:00,18.594444444444445,18.594444444444445,0.74,1.61,110.0,15.1823,0.0,1018.93
2023-06-01 08:00:00,20.794444444444448,20.794444444444448,0.65,7.583100000000001,129.0,15.552600000000002,0.0,1019.06
2023-06-01 09:00:00,22.71111111111111,22.71111111111111,0.66,9.579500000000001,120.0,16.1,0.0,1019.21
2023-06-01 10:00:00,23.86666666666666,23.86666666666666,0.54,11.0768,140.0,16.1,0.0,1019.21
2023-06-01 11:00:00,25.92222222222222,25.92222222222222,0.43,8.9516,125.0,10.577700000000002,0.0,1019.1
2023-06-01 12:00:00,26.083333333333332,26.083333333333332,0.43,9.160900000000002,112.0,10.255700000000001,0.0,1019.0
2023-06-01 13:00:00,27.127777777777776,26.84444444444444,0.38,7.824600000000001,110.0,10.255700000000001,0.0,1018.79
2023-06-01 14:00:00,27.488888888888894,27.12222222222222,0.38,8.4847,165.0,10.3523,0.0,1018.29
2023-06-01 15:00:00,27.655555555555555,27.277777777777775,0.38,4.8783,209.0,9.982000000000001,0.0,1017.9
2023-06-01 16:00:00,27.005555555555556,26.77777777777778,0.38,8.1305,109.0,9.982000000000001,0.0,1017.53
2023-06-01 17:00:00,27.29444444444444,26.877777777777776,0.36,4.6851,145.0,10.3523,0.0,1017.02
2023-06-01 18:00:00,27.150000000000002,27.061111111111106,0.42,4.7495,111.0,9.982000000000001,0.0,1016.81
2023-06-01 19:00:00,25.0,25.0,0.47,4.6046000000000005,110.0,16.1,0.0,1016.91
2023-06-01 20:00:00,22.61111111111111,22.61111111111111,0.6,7.647500000000001,111.0,15.552600000000002,0.0,1017.1
2023-06-01 21:00:00,20.05,20.05,0.69,1.61,80.0,16.1,0.0,1017.3
2023-06-01 22:00:00,19.283333333333328,19.283333333333328,0.72,0.0,0.0,16.1,0.0,1017.61
2023-06-01 23:00:00,17.427777777777777,17.427777777777777,0.83,4.5724,115.0,15.1823,0.0,1017.84
2023-06-02 00:00:00,16.57777777777778,16.57777777777778,0.88,3.22,140.0,15.134000000000002,0.0,1018.1
2023-06-02 01:00:00,15.511111111111113,15.511111111111113,0.93,0.0,0.0,16.0517,0.0,1017.91
2023-06-02 02:00:00,16.477777777777774,16.477777777777774,0.78,6.7620000000000005,131.0,14.9569,0.0,1017.86
2023-06-02 03:00:00,15.416666666666666,15.416666666666666,0.82,10.9319,130.0,15.729700000000001,0.0,1017.91
2023-06-02 04:00:00,14.81666666666667,14.81666666666667,0.84,6.44,140.0,15.729700000000001,0.0,1018.0
2023-06-02 05:00:00,14.805555555555555,14.805555555555555,0.88,5.9892,138.0,14.876400000000002,0.0,1018.12
2023-06-02 06:00:00,16.97222222222222,16.97222222222222,0.82,8.05,130.0,15.729700000000001,0.0,1018.4
2023-06-02 07:00:00,18.733333333333334,18.733333333333334,0.79,9.1287,130.0,15.826300000000002,0.0,1018.69
2023-06-02 08:00:00,21.84444444444444,21.84444444444444,0.66,9.338000000000001,140.0,15.520400000000002,0.0,1019.07
2023-06-02 09:00:00,23.84444444444445,23.84444444444445,0.51,12.2521,160.0,16.1,0.0,1019.38
2023-06-02 10:00:00,26.088888888888885,26.088888888888885,0.44,13.910400000000001,162.0,16.1,0.0,1019.48
2023-06-02 11:00:00,27.072222222222226,26.872222222222224,0.39,12.590200000000001,153.0,15.552600000000002,0.0,1019.44
2023-06-02 12:00:00,27.77777777777778,27.211111111111116,0.36,14.1519,169.0,16.1,0.0,1019.38
2023-06-02 13:00:00,28.81666666666667,27.82777777777778,0.32,12.590200000000001,141.0,16.1,0.0,1019.08
2023-06-02 14:00:00,28.77777777777778,27.727777777777774,0.31,10.6904,145.0,15.552600000000002,0.0,1018.79
2023-06-02 15:00:00,28.86111111111111,27.950000000000003,0.33,12.397,160.0,16.1,0.0,1018.48
2023-06-02 16:00:00,28.911111111111115,28.255555555555556,0.37,5.152000000000001,160.0,15.826300000000002,0.0,1018.38
2023-06-02 17:00:00,28.88888888888889,27.883333333333333,0.32,8.7101,170.0,15.552600000000002,0.0,1018.42
2023-06-02 18:00:00,28.838888888888885,28.127777777777776,0.36,3.4615,125.0,16.1,0.0,1018.48
2023-06-02 19:00:00,27.199999999999996,26.883333333333333,0.37,8.0017,141.0,16.1,0.0,1018.4
2023-06-02 20:00:00,25.533333333333328,25.533333333333328,0.44,6.0536,132.0,15.552600000000002,0.0,1018.71
2023-06-02 21:00:00,22.133333333333336,22.133333333333336,0.56,6.1502,120.0,16.1,0.0,1019.29
2023-06-02 22:00:00,19.88888888888889,19.88888888888889,0.69,6.295100000000001,120.0,16.1,0.0,1019.8
2023-06-02 23:00:00,17.855555555555554,17.855555555555554,0.78,2.6404,127.0,15.1823,0.0,1020.11
2023-06-03 00:00:00,16.116666666666664,16.116666666666664,0.84,0.0,0.0,16.1,0.0,1020.21
2023-06-03 01:00:00,15.511111111111113,15.511111111111113,0.87,0.0,0.0,16.1,0.0,1020.22
2023-06-03 02:00:00,15.055555555555555,15.055555555555555,0.93,2.6726,157.0,15.1823,0.0,1020.46
2023-06-03 03:00:00,13.872222222222222,13.872222222222222,0.93,0.0,0.0,15.826300000000002,0.0,1020.6
2023-06-03 04:00:00,14.31111111111111,14.31111111111111,0.9,0.0,0.0,15.826300000000002,0.0,1020.6
2023-06-03 05:00:00,14.944444444444445,14.944444444444445,0.82,6.4078,129.0,14.9569,0.0,1020.67
2023-06-03 06:00:00,15.955555555555556,15.955555555555556,0.87,3.22,100.0,15.826300000000002,0.0,1020.82
2023-06-03 07:00:00,19.755555555555556,19.755555555555556,0.69,0.0,0.0,15.826300000000002,0.0,1021.03
2023-06-03 08:00:00,22.76666666666667,22.76666666666667,0.65,4.2343,143.0,15.520400000000002,0.0,1021.33
2023-06-03 09:00:00,25.07222222222222,25.07222222222222,0.5,1.61,220.0,16.1,0.0,1021.5
2023-06-03 10:00:00,27.266666666666666,27.87777777777778,0.53,1.61,200.0,16.1,0.0,1021.58
2023-06-03 11:00:00,28.733333333333334,27.983333333333334,0.35,2.4955000000000003,281.0,15.552600000000002,0.0,1021.51
2023-06-03 12:00:00,28.911111111111115,28.238888888888887,0.37,4.8783,161.0,16.1,0.0,1021.49
2023-06-03 13:00:00,29.949999999999996,28.788888888888884,0.31,7.840700000000001,161.0,16.1,0.0,1021.19
2023-06-03 14:00:00,29.949999999999996,28.711111111111116,0.3,3.9928000000000003,133.0,15.552600000000002,0.0,1020.8
2023-06-03 15:00:00,30.022222222222226,29.066666666666663,0.34,2.8336,164.0,16.1,0.0,1020.3
2023-06-03 16:00:00,30.04444444444444,29.08888888888889,0.34,4.508,51.0,16.1,0.0,1019.7
2023-06-03 17:00:00,30.100000000000005,28.86666666666666,0.3,2.4955000000000003,181.0,15.552600000000002,0.0,1019.34
2023-06-03 18:00:00,29.92777777777778,29.227777777777778,0.36,1.6422,260.0,16.1,0.0,1018.91
2023-06-03 19:00:00,27.800000000000004,27.849999999999998,0.45,0.3864,309.0,16.1,0.0,1019.0
2023-06-03 20:00:00,25.355555555555554,25.355555555555554,0.51,2.6726,332.0,15.552600000000002,0.0,1019.31
2023-06-03 21:00:00,22.17777777777778,22.17777777777778,0.68,3.22,230.0,16.1,0.0,1019.7
2023-06-03 22:00:00,20.444444444444443,20.444444444444443,0.78,3.22,260.0,16.1,0.0,1020.21
2023-06-03 23:00:00,18.63333333333334,18.63333333333334,0.84,2.1735,175.0,15.1823,0.0,1020.41
2023-06-04 00:00:00,18.272222222222222,18.272222222222222,0.84,3.4454000000000002,300.0,16.1,0.0,1020.34
2023-06-04 01:00:00,18.227777777777778,18.227777777777778,0.84,3.4293,291.0,16.1,0.0,1020.35
2023-06-04 02:00:00,17.383333333333333,17.383333333333333,0.84,4.9588,325.0,15.1823,0.0,1020.61
2023-06-04 03:00:00,16.605555555555554,16.605555555555554,0.87,3.22,290.0,16.1,0.0,1020.53
2023-06-04 04:00:00,16.049999999999997,16.049999999999997,0.9,3.22,300.0,15.1823,0.0,1020.44
2023-06-04 05:00:00,15.877777777777775,15.877777777777775,0.88,3.3649,325.0,14.3612,0.0,1020.44
2023-06-04 06:00:00,17.672222222222224,17.672222222222224,0.84,0.1449,290.0,15.922900000000002,0.0,1020.63
2023-06-04 07:00:00,21.977777777777778,21.977777777777778,0.74,8.05,310.0,15.955100000000002,0.0,1020.84
2023-06-04 08:00:00,23.988888888888894,23.988888888888894,0.64,3.6869,335.0,15.3111,0.0,1020.93
2023-06-04 09:00:00,27.733333333333334,28.583333333333332,0.55,3.5742000000000007,309.0,16.0517,0.0,1021.02
2023-06-04 10:00:00,28.86666666666666,29.38888888888889,0.49,5.152000000000001,337.0,16.1,0.0,1021.02
2023-06-04 11:00:00,29.86111111111111,29.838888888888885,0.43,6.5044,292.0,15.3111,0.0,1020.98
2023-06-04 12:00:00,29.949999999999996,30.022222222222226,0.43,4.6851,300.0,9.982000000000001,0.0,1020.92
2023-06-04 13:00:00,31.061111111111106,31.17777777777778,0.41,9.4024,0.0,9.982000000000001,0.0,1020.45
2023-06-04 14:00:00,30.77777777777778,31.11111111111111,0.43,8.9677,14.0,15.117900000000002,0.0,1020.1
2023-06-04 15:00:00,27.299999999999997,28.855555555555554,0.64,20.8334,299.0,9.982000000000001,0.0,1020.17
2023-06-04 16:00:00,27.17777777777778,28.077777777777783,0.57,16.1483,319.0,9.982000000000001,0.0,1019.4
2023-06-04 17:00:00,26.238888888888894,26.238888888888894,0.63,10.835300000000002,357.0,10.3523,0.0,1019.71
2023-06-04 18:00:00,27.266666666666666,28.394444444444446,0.6,14.007,320.0,9.982000000000001,0.0,1019.08
2023-06-04 19:00:00,26.25,26.25,0.59,8.9999,334.0,10.255700000000001,0.0,1019.23
2023-06-04 20:00:00,25.0,25.0,0.68,9.4829,21.0,10.3523,0.0,1019.89
2023-06-04 21:00:00,22.333333333333332,22.333333333333332,0.75,10.948,22.0,16.1,0.0,1020.26
2023-06-04 22:00:00,21.755555555555553,21.755555555555553,0.75,6.9391,14.0,16.1,0.0,1020.76
2023-06-04 23:00:00,22.10555555555556,22.10555555555556,0.63,16.309300000000004,30.0,15.1823,0.0,1021.08
2023-06-05 00:00:00,20.438888888888894,20.438888888888894,0.62,19.8674,31.0,16.1,0.0,1021.86
2023-06-05 01:00:00,19.400000000000002,19.400000000000002,0.61,17.2109,32.0,16.1,0.0,1022.14
2023-06-05 02:00:00,18.377777777777776,18.377777777777776,0.64,16.2288,22.0,15.1823,0.0,1022.34
2023-06-05 03:00:00,17.755555555555556,17.755555555555556,0.63,16.9211,21.0,16.1,0.0,1022.46
2023-06-05 04:00:00,16.622222222222224,16.622222222222224,0.67,16.8245,19.0,16.1,0.0,1022.38
2023-06-05 05:00:00,16.63888888888889,16.63888888888889,0.66,18.724300000000003,20.0,15.1823,0.0,1022.32
2023-06-05 06:00:00,17.11111111111111,17.11111111111111,0.63,21.3486,20.0,16.1,0.0,1022.68
2023-06-05 07:00:00,17.711111111111112,17.711111111111112,0.6,21.590100000000003,20.0,16.1,0.0,1022.79
2023-06-05 08:00:00,18.899999999999995,18.899999999999995,0.6,19.4005,30.0,15.1823,0.0,1023.01
2023-06-05 09:00:00,20.07222222222222,20.07222222222222,0.56,17.1626,21.0,16.1,0.0,1023.18
2023-06-05 10:00:00,22.22222222222222,22.22222222222222,0.54,12.590200000000001,1.0,16.1,0.0,1023.26
2023-06-05 11:00:00,23.772222222222226,23.772222222222226,0.48,14.0875,19.0,15.552600000000002,0.0,1023.23
2023-06-05 12:00:00,24.95,24.95,0.49,14.2163,1.0,16.1,0.0,1023.15
2023-06-05 13:00:00,25.11666666666666,25.11666666666666,0.47,20.0123,20.0,16.1,0.0,1022.85
2023-06-05 14:00:00,26.16111111111111,26.16111111111111,0.46,15.7458,2.0,15.552600000000002,0.0,1022.57
2023-06-05 15:00:00,26.15555555555555,26.15555555555555,0.41,14.1519,10.0,16.1,0.0,1022.43
2023-06-05 16:00:00,27.24444444444445,26.894444444444442,0.37,12.558,352.0,16.1,0.0,1022.22
2023-06-05 17:00:00,27.194444444444443,26.861111111111107,0.37,12.1072,345.0,15.552600000000002,0.0,1021.82
2023-06-05 18:00:00,26.13333333333334,26.13333333333334,0.42,12.6224,351.0,16.1,0.0,1021.14
2023-06-05 19:00:00,25.022222222222226,25.022222222222226,0.5,10.5455,333.0,16.1,0.0,1021.13
2023-06-05 20:00:00,22.58888888888889,22.58888888888889,0.56,10.0625,332.0,15.552600000000002,0.0,1021.15
2023-06-05 21:00:00,19.050000000000004,19.050000000000004,0.72,12.5741,331.0,16.1,0.0,1021.25
2023-06-05 22:00:00,18.8,18.8,0.7,14.1197,341.0,16.1,0.0,1021.76
2023-06-05 23:00:00,17.872222222222224,17.872222222222224,0.74,9.66,339.0,15.552600000000002,0.0,1022.28
2023-06-06 00:00:00,16.53333333333333,16.53333333333333,0.81,10.8836,330.0,16.1,0.0,1022.36
2023-06-06 01:00:00,15.538888888888888,15.538888888888888,0.86,6.423900000000001,334.0,16.1,0.0,1022.36
2023-06-06 02:00:00,15.68888888888889,15.68888888888889,0.85,10.3362,342.0,15.552600000000002,0.0,1022.27
2023-06-06 03:00:00,14.31111111111111,14.31111111111111,0.87,6.5205,10.0,16.1,0.0,1022.35
2023-06-06 04:00:00,14.36111111111111,14.36111111111111,0.83,11.125100000000002,20.0,16.1,0.0,1022.26
2023-06-06 05:00:00,14.466666666666665,14.466666666666665,0.81,10.0142,19.0,15.552600000000002,0.0,1022.49
2023-06-06 06:00:00,16.95555555555556,16.95555555555556,0.75,3.4454000000000002,20.0,16.1,0.0,1022.83
2023-06-06 07:00:00,17.62222222222222,17.62222222222222,0.74,9.724400000000001,21.0,16.1,0.0,1022.85
2023-06-06 08:00:00,21.04444444444444,21.04444444444444,0.6,2.6887,50.0,15.552600000000002,0.0,1022.9
2023-06-06 09:00:00,22.77777777777778,22.77777777777778,0.61,3.3166,35.0,16.1,0.0,1023.04
2023-06-06 10:00:00,25.022222222222226,25.022222222222226,0.5,3.1073,34.0,16.1,0.0,1023.32
2023-06-06 11:00:00,26.211111111111116,26.211111111111116,0.52,8.0822,39.0,10.577700000000002,0.0,1023.21
2023-06-06 12:00:00,27.24444444444445,27.42777777777778,0.47,4.508,29.0,16.1,0.0,1023.4
2023-06-06 13:00:00,27.28888888888889,27.133333333333336,0.41,4.2021,321.0,16.1,0.0,1023.2
2023-06-06 14:00:00,27.849999999999998,27.816666666666663,0.44,8.533,288.0,15.552600000000002,0.0,1022.86
2023-06-06 15:00:00,28.88888888888889,28.727777777777774,0.43,4.508,299.0,16.1,0.0,1022.5
2023-06-06 16:00:00,27.916666666666668,27.76111111111111,0.42,10.787,31.0,16.1,0.0,1022.3
2023-06-06 17:00:00,27.988888888888887,27.75555555555555,0.41,5.8604,287.0,15.552600000000002,0.0,1022.02
2023-06-06 18:00:00,27.84444444444445,27.916666666666668,0.46,3.2683,106.0,16.1,0.0,1021.8
2023-06-06 19:00:00,27.24444444444445,27.444444444444446,0.47,4.588500000000001,112.0,16.1,0.0,1021.6
2023-06-06 20:00:00,25.238888888888894,25.238888888888894,0.53,4.3631,102.0,15.552600000000002,0.0,1021.71
2023-06-06 21:00:00,22.71111111111111,22.71111111111111,0.66,2.9624,108.0,16.1,0.0,1022.0
2023-06-06 22:00:00,20.416666666666668,20.416666666666668,0.74,3.22,40.0,16.1,0.0,1022.61
2023-06-06 23:00:00,19.116666666666664,19.116666666666664,0.77,3.0751,100.0,15.1823,0.0,1022.91
2023-06-07 00:00:00,19.21666666666667,19.21666666666667,0.77,11.270000000000001,130.0,16.1,0.0,1023.41
2023-06-07 01:00:00,19.21666666666667,19.21666666666667,0.77,11.270000000000001,140.0,16.1,0.0,1023.88
2023-06-07 02:00:00,18.388888888888886,18.388888888888886,0.8,9.8854,144.0,15.1823,0.0,1024.2
2023-06-07 03:00:00,17.66111111111111,17.66111111111111,0.82,6.3112,130.0,16.1,0.0,1024.58
2023-06-07 04:00:00,17.083333333333332,17.083333333333332,0.79,3.1878,148.0,16.1,0.0,1024.5
2023-06-07 05:00:00,15.711111111111112,15.711111111111112,0.86,3.4293,151.0,15.150100000000002,0.0,1024.67
2023-06-07 06:00:00,18.594444444444445,18.594444444444445,0.79,3.22,90.0,16.0517,0.0,1024.62
2023-06-07 07:00:00,20.933333333333337,20.933333333333337,0.6,3.2039,148.0,16.1,0.0,1024.81
2023-06-07 08:00:00,22.266666666666666,22.266666666666666,0.58,11.382700000000002,162.0,15.552600000000002,0.0,1025.0
2023-06-07 09:00:00,23.96111111111111,23.96111111111111,0.48,15.616999999999999,152.0,16.1,0.0,1024.98
2023-06-07 10:00:00,26.11111111111111,26.11111111111111,0.42,15.794100000000002,171.0,16.1,0.0,1025.08
2023-06-07 11:00:00,27.127777777777776,26.98333333333333,0.41,12.1716,162.0,15.552600000000002,0.0,1025.07
2023-06-07 12:00:00,27.77777777777778,27.644444444444446,0.43,9.7888,140.0,16.1,0.0,1024.78
2023-06-07 13:00:00,28.88888888888889,28.477777777777778,0.4,4.9910000000000005,113.0,16.1,0.0,1024.19
2023-06-07 14:00:00,27.988888888888887,27.944444444444443,0.44,11.3022,117.0,15.552600000000002,0.0,1023.78
2023-06-07 15:00:00,28.911111111111115,28.511111111111106,0.4,10.722600000000002,114.0,16.1,0.0,1023.21
2023-06-07 16:00:00,28.88888888888889,28.261111111111113,0.37,7.695800000000001,113.0,16.1,0.0,1022.81
2023-06-07 17:00:00,27.927777777777774,27.444444444444446,0.38,9.4829,96.0,15.552600000000002,0.0,1022.28
2023-06-07 18:00:00,27.82777777777778,27.71111111111111,0.43,4.2987,42.0,16.1,0.0,1021.92
2023-06-07 19:00:00,26.188888888888886,26.188888888888886,0.54,9.080400000000001,30.0,16.1,0.0,1022.0
2023-06-07 20:00:00,24.388888888888893,24.388888888888893,0.56,6.8908000000000005,30.0,15.552600000000002,0.0,1021.59
2023-06-07 21:00:00,22.22222222222222,22.22222222222222,0.64,8.05,40.0,16.1,0.0,1021.62
2023-06-07 22:00:00,20.05,20.05,0.73,3.22,30.0,16.1,0.0,1022.02
2023-06-07 23:00:00,18.82222222222222,18.82222222222222,0.81,2.9946,7.0,15.520400000000002,0.0,1022.0
2023-06-08 00:00:00,17.77777777777778,17.77777777777778,0.84,3.22,310.0,16.1,0.0,1021.72
2023-06-08 01:00:00,16.71666666666667,16.71666666666667,0.87,6.295100000000001,280.0,16.0517,0.0,1021.9
2023-06-08 02:00:00,16.905555555555555,16.905555555555555,0.87,6.44,230.0,15.150100000000002,0.0,1021.85
2023-06-08 03:00:00,16.16111111111111,16.16111111111111,0.9,3.059,213.0,10.2074,0.0,1021.51
2023-06-08 04:00:00,14.983333333333333,14.983333333333333,0.93,3.1234,37.0,16.0517,0.0,1021.3
2023-06-08 05:00:00,14.744444444444444,14.744444444444444,0.92,1.9964000000000002,280.0,15.150100000000002,0.0,1021.01
2023-06-08 06:00:00,17.049999999999997,17.049999999999997,0.93,4.508,181.0,16.0517,0.0,1020.81
2023-06-08 07:00:00,21.938888888888886,21.938888888888886,0.74,0.1449,260.0,16.0517,0.0,1020.61
2023-06-08 08:00:00,23.766666666666666,23.766666666666666,0.61,4.347,289.0,15.552600000000002,0.0,1020.37
2023-06-08 09:00:00,25.11666666666666,25.11666666666666,0.47,11.0768,241.0,16.1,0.0,1020.3
2023-06-08 10:00:00,25.716666666666672,25.716666666666672,0.44,10.770900000000001,241.0,16.1,0.0,1019.98
2023-06-08 11:00:00,27.23888888888889,27.299999999999997,0.45,10.255700000000001,224.0,15.552600000000002,0.0,1019.83
2023-06-08 12:00:00,27.28888888888889,27.438888888888886,0.46,10.239600000000001,221.0,15.826300000000002,0.0,1019.08
2023-06-08 13:00:00,28.983333333333334,28.255555555555556,0.36,4.3309,195.0,9.982000000000001,0.0,1018.57
2023-06-08 14:00:00,28.533333333333335,27.90555555555556,0.37,2.5760000000000005,170.0,15.3111,0.0,1018.05
2023-06-08 15:00:00,28.988888888888894,28.327777777777776,0.37,7.6796999999999995,231.0,15.826300000000002,0.0,1017.18
2023-06-08 16:00:00,27.75,28.272222222222222,0.51,11.125100000000002,220.0,15.826300000000002,0.0,1016.48
2023-06-08 17:00:00,28.005555555555553,28.400000000000002,0.49,7.438200000000001,233.0,10.3523,0.0,1015.84
2023-06-08 18:00:00,27.700000000000003,27.849999999999998,0.46,4.347,185.0,9.982000000000001,0.0,1015.03
2023-06-08 19:00:00,27.150000000000002,28.22222222222222,0.59,4.6368,202.0,15.826300000000002,0.0,1014.91
2023-06-08 20:00:00,23.47222222222222,23.47222222222222,0.67,10.4006,242.0,15.3111,0.0,1014.49
2023-06-08 21:00:00,22.24444444444445,22.24444444444445,0.68,7.631400000000001,213.0,15.826300000000002,0.0,1014.62
2023-06-08 22:00:00,20.65555555555556,20.65555555555556,0.73,6.0697,256.0,16.1,0.0,1015.12
2023-06-08 23:00:00,20.34444444444445,20.34444444444445,0.74,4.4758,287.0,15.552600000000002,0.0,1015.33
2023-06-09 00:00:00,19.822222222222226,19.822222222222226,0.77,11.2056,301.0,16.1,0.0,1015.31
2023-06-09 01:00:00,18.272222222222222,18.272222222222222,0.84,6.262900000000001,251.0,16.1,0.0,1015.25
2023-06-09 02:00:00,18.511111111111106,18.511111111111106,0.8,5.3291,264.0,15.1823,0.0,1014.87
2023-06-09 03:00:00,17.733333333333334,17.733333333333334,0.85,5.6511,229.0,16.0517,0.0,1014.57
2023-06-09 04:00:00,17.22222222222222,17.22222222222222,0.88,6.0858,305.0,16.0517,0.0,1014.83
2023-06-09 05:00:00,17.52777777777778,17.52777777777778,0.85,6.0536,303.0,14.9569,0.0,1014.91
2023-06-09 06:00:00,17.755555555555556,17.755555555555556,0.9,7.8729,342.0,9.982000000000001,0.0,1014.83
2023-06-09 07:00:00,20.955555555555556,20.955555555555556,0.74,8.4686,29.0,10.255700000000001,0.0,1014.55
2023-06-09 08:00:00,22.127777777777776,22.127777777777776,0.77,7.0357,335.0,10.2235,0.0,1014.85
2023-06-09 09:00:00,22.644444444444446,22.644444444444446,0.71,9.6439,4.0,9.982000000000001,0.0,1014.94
2023-06-09 10:00:00,23.827777777777776,23.827777777777776,0.66,9.4829,3.0,10.255700000000001,0.0,1014.87
2023-06-09 11:00:00,25.02777777777778,25.02777777777778,0.62,8.5813,341.0,10.3523,0.0,1015.19
2023-06-09 12:00:00,26.027777777777775,26.027777777777775,0.65,5.2647,10.0,10.255700000000001,0.0,1015.06
2023-06-09 13:00:00,27.116666666666667,28.22222222222222,0.6,8.4847,354.0,16.1,0.0,1014.94
2023-06-09 14:00:00,27.82222222222222,28.522222222222226,0.53,11.0929,9.0,10.577700000000002,0.0,1014.27
2023-06-09 15:00:00,28.82222222222222,30.47222222222222,0.58,9.305800000000001,2.0,9.982000000000001,0.0,1013.74
2023-06-09 16:00:00,27.849999999999998,29.022222222222222,0.58,9.1287,334.0,9.982000000000001,0.0,1013.73
2023-06-09 17:00:00,27.62777777777778,28.63888888888889,0.57,10.0947,325.0,10.2718,0.0,1013.18
2023-06-09 18:00:00,27.38333333333334,28.227777777777778,0.56,14.731500000000002,312.0,9.982000000000001,0.0,1013.57
2023-06-09 19:00:00,24.81666666666667,24.81666666666667,0.62,22.0892,330.0,9.982000000000001,0.0,1013.8
2023-06-09 20:00:00,22.37222222222222,22.37222222222222,0.66,20.334300000000002,357.0,10.3523,0.0,1014.82
2023-06-09 21:00:00,20.99444444444445,20.99444444444445,0.78,14.2485,349.0,9.982000000000001,0.0,1014.64
2023-06-09 22:00:00,19.90555555555555,19.90555555555555,0.83,6.488300000000001,305.0,15.826300000000002,0.0,1016.08
2023-06-09 23:00:00,19.00555555555555,19.00555555555555,0.78,10.577700000000002,326.0,15.1823,0.0,1016.46
2023-06-10 00:00:00,18.305555555555557,18.305555555555557,0.78,13.8138,320.0,16.1,0.0,1017.14
2023-06-10 01:00:00,18.28888888888889,18.28888888888889,0.78,13.7494,340.0,16.1,0.0,1017.09
2023-06-10 02:00:00,17.855555555555554,17.855555555555554,0.83,13.620600000000001,352.0,15.1823,0.0,1016.86
2023-06-10 03:00:00,18.244444444444447,18.244444444444447,0.78,13.7172,0.0,16.1,0.0,1016.89
2023-06-10 04:00:00,16.666666666666668,16.666666666666668,0.87,10.8997,349.0,16.1,0.0,1016.8
2023-06-10 05:00:00,16.73888888888889,16.73888888888889,0.89,10.851400000000002,0.0,15.552600000000002,0.0,1016.92
2023-06-10 06:00:00,17.711111111111112,17.711111111111112,0.84,11.270000000000001,330.0,10.255700000000001,0.0,1017.3
2023-06-10 07:00:00,19.88888888888889,19.88888888888889,0.73,15.616999999999999,359.0,10.255700000000001,0.0,1017.6
2023-06-10 08:00:00,20.977777777777778,20.977777777777778,0.73,16.3737,9.0,15.552600000000002,0.0,1018.01
2023-06-10 09:00:00,22.199999999999996,22.199999999999996,0.68,19.9479,10.0,16.1,0.0,1018.38
2023-06-10 10:00:00,23.84444444444445,23.84444444444445,0.66,14.2163,0.0,16.1,0.0,1018.45
2023-06-10 11:00:00,25.97222222222222,25.97222222222222,0.58,14.168000000000003,1.0,15.552600000000002,0.0,1018.25
2023-06-10 12:00:00,27.15555555555555,27.82777777777778,0.54,14.2485,341.0,16.1,0.0,1018.25
2023-06-10 13:00:00,27.75555555555555,28.09444444444444,0.49,16.9694,19.0,16.1,0.0,1017.97
2023-06-10 14:00:00,27.96111111111111,28.066666666666663,0.46,16.6152,0.0,15.552600000000002,0.0,1017.63
2023-06-10 15:00:00,28.916666666666668,28.52777777777778,0.4,17.436300000000003,0.0,16.1,0.0,1017.35
2023-06-10 16:00:00,28.938888888888894,29.066666666666663,0.45,16.1161,10.0,15.826300000000002,0.0,1016.94
2023-06-10 17:00:00,28.82222222222222,28.644444444444446,0.42,14.4095,352.0,10.3523,0.0,1016.51
2023-06-10 18:00:00,27.338888888888885,27.76666666666667,0.5,17.2109,312.0,15.826300000000002,0.0,1016.54
2023-06-10 19:00:00,24.21111111111111,24.21111111111111,0.57,10.9641,313.0,15.826300000000002,0.0,1016.62
2023-06-10 20:00:00,22.63888888888889,22.63888888888889,0.65,7.3416,322.0,15.3111,0.0,1016.96
2023-06-10 21:00:00,20.272222222222222,20.272222222222222,0.72,11.0446,321.0,16.1,0.0,1017.03
2023-06-10 22:00:00,20.533333333333328,20.533333333333328,0.73,11.125100000000002,320.0,16.1,0.0,1017.55
2023-06-10 23:00:00,19.66111111111111,19.66111111111111,0.8,10.143,321.0,15.552600000000002,0.0,1018.09
2023-06-11 00:00:00,18.311111111111106,18.311111111111106,0.84,6.2468,323.0,16.1,0.0,1018.07
2023-06-11 01:00:00,18.33888888888889,18.33888888888889,0.84,11.0446,341.0,16.1,0.0,1018.17
2023-06-11 02:00:00,17.438888888888886,17.438888888888886,0.89,6.5205,346.0,15.552600000000002,0.0,1018.13
2023-06-11 03:00:00,16.694444444444443,16.694444444444443,0.93,10.6904,331.0,16.1,0.0,1017.87
2023-06-11 04:00:00,16.666666666666668,16.666666666666668,0.93,6.1341,9.0,16.1,0.0,1017.66
2023-06-11 05:00:00,17.233333333333334,17.233333333333334,0.92,9.595600000000001,48.0,14.7637,0.0,1017.62
2023-06-11 06:00:00,17.711111111111112,17.711111111111112,0.96,5.119800000000001,11.0,15.1823,0.0,1017.85
2023-06-11 07:00:00,20.933333333333337,20.933333333333337,0.81,8.05,11.0,16.1,0.0,1017.95
2023-06-11 08:00:00,22.005555555555556,22.005555555555556,0.76,3.1878,21.0,15.552600000000002,0.0,1018.24
2023-06-11 09:00:00,23.79444444444444,23.79444444444444,0.69,3.0912,111.0,16.1,0.0,1018.63
2023-06-11 10:00:00,25.022222222222226,25.022222222222226,0.73,4.7334000000000005,344.0,16.1,0.0,1018.62
2023-06-11 11:00:00,27.083333333333332,27.88888888888889,0.56,4.7012,22.0,15.552600000000002,0.0,1018.42
2023-06-11 12:00:00,27.800000000000004,28.96111111111111,0.58,8.7423,332.0,10.255700000000001,0.0,1018.21
2023-06-11 13:00:00,27.84444444444445,28.177777777777777,0.49,7.9373000000000005,332.0,10.255700000000001,0.0,1017.72
2023-06-11 14:00:00,29.022222222222222,29.505555555555556,0.48,6.5205,89.0,10.3523,0.0,1017.14
2023-06-11 15:00:00,29.97222222222222,29.961111111111116,0.43,9.1448,8.0,9.982000000000001,0.0,1016.34
2023-06-11 16:00:00,28.95555555555556,29.061111111111114,0.45,8.9838,19.0,9.982000000000001,0.0,1016.02
2023-06-11 17:00:00,28.850000000000005,29.15555555555556,0.47,2.9141000000000004,337.0,10.3523,0.0,1015.68
2023-06-11 18:00:00,27.40555555555555,28.005555555555553,0.53,13.105400000000001,179.0,15.826300000000002,0.0,1015.5
2023-06-11 19:00:00,26.188888888888886,26.188888888888886,0.57,9.3541,138.0,15.826300000000002,0.0,1015.89
2023-06-11 20:00:00,25.272222222222222,25.272222222222222,0.58,4.2182,168.0,15.552600000000002,0.0,1016.09
2023-06-11 21:00:00,22.266666666666666,22.266666666666666,0.73,0.3703,60.0,16.1,0.0,1016.21
2023-06-11 22:00:00,20.555555555555557,20.555555555555557,0.78,0.0,0.0,16.1,0.0,1016.71
2023-06-11 23:00:00,19.66666666666667,19.66666666666667,0.82,2.4955000000000003,302.0,15.1823,0.0,1016.64
2023-06-12 00:00:00,19.383333333333333,19.383333333333333,0.81,6.279,147.0,16.1,0.0,1016.7
2023-06-12 01:00:00,18.77777777777778,18.77777777777778,0.87,3.1878,108.0,16.1,0.0,1017.0
2023-06-12 02:00:00,16.977777777777778,16.977777777777778,0.93,2.3667000000000002,54.0,15.1823,0.0,1017.13
2023-06-12 03:00:00,16.13888888888889,16.13888888888889,0.93,3.22,320.0,15.1823,0.0,1017.1
2023-06-12 04:00:00,16.116666666666664,16.116666666666664,0.93,0.0,0.0,14.9086,0.0,1017.01
2023-06-12 05:00:00,15.877777777777775,15.877777777777775,0.96,1.61,91.0,9.982000000000001,0.0,1016.97
2023-06-12 06:00:00,18.77777777777778,18.77777777777778,0.93,5.152000000000001,75.0,9.982000000000001,0.0,1017.2
2023-06-12 07:00:00,21.999999999999996,21.999999999999996,0.77,4.781700000000001,136.0,15.134000000000002,0.0,1017.12
2023-06-12 08:00:00,24.73888888888889,24.73888888888889,0.7,4.7656,93.0,15.1823,0.0,1017.34
2023-06-12 09:00:00,26.11111111111111,26.11111111111111,0.6,9.2736,111.0,16.1,0.0,1017.38
2023-06-12 10:00:00,27.800000000000004,28.65555555555555,0.55,9.5312,122.0,16.1,0.0,1017.28
2023-06-12 11:00:00,28.988888888888894,29.516666666666666,0.49,11.0768,147.0,10.577700000000002,0.0,1017.37
2023-06-12 12:00:00,30.022222222222226,30.06666666666667,0.43,9.9015,141.0,9.982000000000001,0.0,1016.97
2023-06-12 13:00:00,30.07222222222222,30.455555555555552,0.45,14.2163,170.0,15.826300000000002,0.0,1016.58
2023-06-12 14:00:00,31.100000000000005,30.988888888888887,0.4,9.579500000000001,163.0,15.3111,0.0,1016.01
2023-06-12 15:00:00,30.161111111111115,30.15555555555555,0.42,15.536500000000002,152.0,15.826300000000002,0.0,1015.48
2023-06-12 16:00:00,31.15555555555555,31.64444444444444,0.43,12.6868,189.0,15.826300000000002,0.0,1015.07
2023-06-12 17:00:00,31.161111111111115,30.988888888888887,0.39,13.8621,190.0,15.3111,0.0,1014.71
2023-06-12 18:00:00,30.09444444444445,29.47222222222222,0.37,12.6868,190.0,16.1,0.0,1014.26
2023-06-12 19:00:00,27.89444444444444,28.511111111111106,0.52,7.9373000000000005,189.0,16.1,0.0,1013.97
2023-06-12 20:00:00,26.52777777777778,26.52777777777778,0.52,7.1323,152.0,15.552600000000002,0.0,1013.83
2023-06-12 21:00:00,23.93888888888889,23.93888888888889,0.59,10.8997,150.0,16.1,0.0,1013.98
2023-06-12 22:00:00,22.71111111111111,22.71111111111111,0.63,10.577700000000002,160.0,16.1,0.0,1014.58
2023-06-12 23:00:00,22.344444444444445,22.344444444444445,0.64,10.1752,161.0,15.552600000000002,0.0,1014.69
2023-06-13 00:00:00,19.93333333333333,19.93333333333333,0.74,6.295100000000001,160.0,16.1,0.0,1014.48
2023-06-13 01:00:00,18.894444444444446,18.894444444444446,0.79,3.2039,151.0,16.1,0.0,1014.39
2023-06-13 02:00:00,19.53888888888889,19.53888888888889,0.77,10.996300000000002,133.0,15.1823,0.0,1014.54
2023-06-13 03:00:00,18.75,18.75,0.76,6.5205,160.0,15.134000000000002,0.0,1014.38
2023-06-13 04:00:00,18.177777777777777,18.177777777777777,0.79,6.0053,149.0,15.134000000000002,0.0,1014.08
2023-06-13 05:00:00,17.533333333333335,17.533333333333335,0.88,5.828200000000001,148.0,14.3612,0.0,1014.08
2023-06-13 06:00:00,18.755555555555556,18.755555555555556,0.85,7.969500000000001,142.0,14.9086,0.0,1014.39
2023-06-13 07:00:00,22.066666666666666,22.066666666666666,0.74,7.985600000000001,190.0,16.0517,0.0,1014.21
2023-06-13 08:00:00,24.855555555555554,24.855555555555554,0.68,5.1359,219.0,15.552600000000002,0.0,1014.63
2023-06-13 09:00:00,27.17777777777778,28.244444444444447,0.59,9.7405,210.0,16.1,0.0,1014.78
2023-06-13 10:00:00,27.849999999999998,28.150000000000002,0.48,12.654600000000002,239.0,16.1,0.0,1014.77
2023-06-13 11:00:00,29.01666666666667,28.788888888888884,0.42,14.9247,245.0,15.552600000000002,0.0,1014.73
2023-06-13 12:00:00,30.09444444444445,30.105555555555554,0.43,16.180500000000002,220.0,16.1,0.0,1014.45
2023-06-13 13:00:00,30.09444444444445,29.755555555555556,0.4,21.992600000000003,211.0,16.1,0.0,1014.12
2023-06-13 14:00:00,30.333333333333332,30.466666666666672,0.43,19.642,224.0,10.577700000000002,0.0,1013.81
2023-06-13 15:00:00,30.161111111111115,30.149999999999995,0.42,22.282400000000003,211.0,10.255700000000001,0.0,1013.02
2023-06-13 16:00:00,30.18333333333333,30.533333333333328,0.45,25.277,220.0,10.255700000000001,0.0,1012.32
2023-06-13 17:00:00,30.227777777777774,30.077777777777776,0.41,22.475600000000004,207.0,15.552600000000002,0.0,1011.77
2023-06-13 18:00:00,29.00555555555555,29.15555555555556,0.45,17.4524,220.0,16.1,0.0,1011.34
2023-06-13 19:00:00,27.38333333333334,27.811111111111114,0.5,12.606300000000001,221.0,16.1,0.0,1011.44
2023-06-13 20:00:00,26.51666666666667,26.51666666666667,0.55,10.9158,185.0,15.552600000000002,0.0,1011.78
2023-06-13 21:00:00,24.00555555555555,24.00555555555555,0.62,12.397,170.0,16.1,0.0,1012.02
2023-06-13 22:00:00,22.82777777777778,22.82777777777778,0.66,10.9158,171.0,16.1,0.0,1012.25
2023-06-13 23:00:00,22.83333333333333,22.83333333333333,0.66,10.368400000000001,170.0,15.552600000000002,0.0,1012.49
2023-06-14 00:00:00,20.583333333333332,20.583333333333332,0.76,6.552700000000001,173.0,16.1,0.0,1012.65
2023-06-14 01:00:00,20.538888888888888,20.538888888888888,0.76,6.601,238.0,16.1,0.0,1012.64
2023-06-14 02:00:00,20.283333333333335,20.283333333333335,0.77,10.110800000000001,182.0,15.552600000000002,0.0,1012.45
2023-06-14 03:00:00,19.383333333333333,19.383333333333333,0.81,10.996300000000002,191.0,16.1,0.0,1012.26
2023-06-14 04:00:00,18.37222222222222,18.37222222222222,0.89,11.157300000000001,202.0,16.1,0.0,1011.86
2023-06-14 05:00:00,18.7,18.7,0.85,9.6117,206.0,15.552600000000002,0.0,1011.84
2023-06-14 06:00:00,19.944444444444446,19.944444444444446,0.83,9.160900000000002,183.0,15.1823,0.0,1011.59
2023-06-14 07:00:00,22.116666666666667,22.116666666666667,0.76,11.0768,211.0,16.1,0.0,1011.68
2023-06-14 08:00:00,24.944444444444446,24.944444444444446,0.64,11.0768,226.0,15.552600000000002,0.0,1012.03
2023-06-14 09:00:00,26.20555555555556,26.20555555555556,0.64,12.525800000000002,231.0,16.1,0.0,1012.05
2023-06-14 10:00:00,26.18333333333333,26.18333333333333,0.59,15.6009,231.0,16.1,0.0,1012.07
2023-06-14 11:00:00,27.655555555555555,28.65555555555555,0.57,13.0249,233.0,15.552600000000002,0.0,1012.31
2023-06-14 12:00:00,28.02777777777778,28.81666666666667,0.54,15.987300000000001,241.0,16.1,0.0,1012.14
2023-06-14 13:00:00,30.11666666666666,30.727777777777778,0.47,15.407700000000002,203.0,16.1,0.0,1011.66
2023-06-14 14:00:00,31.338888888888885,31.744444444444444,0.42,14.007,227.0,15.552600000000002,0.0,1011.21
2023-06-14 15:00:00,31.272222222222226,31.772222222222222,0.43,16.8245,212.0,16.1,0.0,1010.47
2023-06-14 16:00:00,31.25,31.733333333333334,0.43,17.0821,222.0,16.1,0.0,1009.78
2023-06-14 17:00:00,31.399999999999995,31.772222222222222,0.42,12.1394,219.0,15.552600000000002,0.0,1009.42
2023-06-14 18:00:00,30.11666666666666,30.766666666666666,0.47,9.3541,211.0,16.1,0.0,1009.06
2023-06-14 19:00:00,27.933333333333334,28.766666666666666,0.54,8.8711,201.0,16.1,0.0,1008.3
2023-06-14 20:00:00,26.71111111111111,27.82777777777778,0.62,10.0142,221.0,15.552600000000002,0.0,1008.6
2023-06-14 21:00:00,25.022222222222226,25.022222222222226,0.64,4.83,200.0,10.255700000000001,0.0,1009.29
2023-06-14 22:00:00,24.400000000000002,24.400000000000002,0.59,26.9353,200.0,15.826300000000002,0.0,1010.78
2023-06-14 23:00:00,23.35,23.35,0.59,24.037300000000002,205.0,15.3111,0.0,1010.8
2023-06-15 00:00:00,22.71111111111111,22.71111111111111,0.58,17.0982,228.0,15.729700000000001,0.0,1011.33
2023-06-15 01:00:00,20.511111111111113,20.511111111111113,0.76,13.3952,359.0,15.729700000000001,0.0,1010.7
2023-06-15 02:00:00,19.86111111111111,19.86111111111111,0.8,8.227100000000002,34.0,9.982000000000001,0.0,1010.51
2023-06-15 03:00:00,19.86111111111111,19.86111111111111,0.79,2.9141000000000004,66.0,15.826300000000002,0.0,1009.94
2023-06-15 04:00:00,18.79444444444444,18.79444444444444,0.85,6.0375000000000005,188.0,15.826300000000002,0.0,1010.65
2023-06-15 05:00:00,17.349999999999998,17.349999999999998,0.9,5.474,181.0,14.9569,0.0,1010.64
2023-06-15 06:00:00,17.783333333333335,17.783333333333335,0.96,3.2683,156.0,15.826300000000002,0.0,1010.22
2023-06-15 07:00:00,21.0,21.0,0.81,7.840700000000001,199.0,16.1,0.0,1010.4
2023-06-15 08:00:00,23.68333333333333,23.68333333333333,0.68,4.2182,182.0,15.552600000000002,0.0,1010.47
2023-06-15 09:00:00,26.03888888888889,26.03888888888889,0.58,9.6117,241.0,16.1,0.0,1010.7
2023-06-15 10:00:00,26.15555555555555,26.15555555555555,0.57,17.1948,269.0,10.255700000000001,0.0,1010.98
2023-06-15 11:00:00,27.322222222222226,27.96666666666667,0.53,12.316500000000001,280.0,10.3523,0.0,1011.1
2023-06-15 12:00:00,28.86111111111111,29.333333333333332,0.49,9.853200000000001,231.0,9.982000000000001,0.0,1010.88
2023-06-15 13:00:00,27.31111111111111,27.76111111111111,0.51,14.5061,230.0,9.982000000000001,0.0,1010.87
2023-06-15 14:00:00,28.966666666666665,28.77777777777778,0.42,22.4917,213.0,10.3523,0.0,1010.35
2023-06-15 15:00:00,25.005555555555556,25.005555555555556,0.68,21.3808,269.0,9.982000000000001,0.0,1009.74
2023-06-15 16:00:00,27.561111111111114,28.261111111111113,0.54,16.905,241.0,9.982000000000001,0.0,1009.43
2023-06-15 17:00:00,27.938888888888894,27.972222222222218,0.45,23.184,253.0,10.3523,0.0,1008.92
2023-06-15 18:00:00,27.022222222222222,27.322222222222226,0.48,15.858500000000001,271.0,9.982000000000001,0.0,1009.13
2023-06-15 19:00:00,25.961111111111116,25.961111111111116,0.55,18.015900000000002,271.0,9.982000000000001,0.0,1009.11
2023-06-15 20:00:00,22.938888888888894,22.938888888888894,0.66,9.6439,266.0,10.3523,0.0,1009.4
2023-06-15 21:00:00,22.17222222222222,22.17222222222222,0.68,9.7888,308.0,10.255700000000001,0.0,1010.09
2023-06-15 22:00:00,20.583333333333332,20.583333333333332,0.76,6.8586,297.0,16.0517,0.0,1010.98
2023-06-15 23:00:00,19.200000000000003,19.200000000000003,0.83,10.465,282.0,15.150100000000002,0.0,1011.47
2023-06-16 00:00:00,19.95,19.95,0.81,14.6188,291.0,16.0517,0.0,1011.29
2023-06-16 01:00:00,19.899999999999995,19.899999999999995,0.81,14.586600000000002,281.0,16.0517,0.0,1011.11
2023-06-16 02:00:00,19.377777777777776,19.377777777777776,0.83,15.890699999999999,302.0,15.021300000000002,0.0,1011.31
2023-06-16 03:00:00,18.305555555555557,18.305555555555557,0.84,14.4095,301.0,15.826300000000002,0.0,1011.33
2023-06-16 04:00:00,18.23333333333333,18.23333333333333,0.82,17.2753,310.0,15.729700000000001,0.0,1011.73
2023-06-16 05:00:00,17.66111111111111,17.66111111111111,0.83,12.9122,294.0,14.7959,0.0,1012.41
2023-06-16 06:00:00,17.77777777777778,17.77777777777778,0.84,12.3648,311.0,9.9015,0.0,1012.74
2023-06-16 07:00:00,18.83888888888889,18.83888888888889,0.84,15.729700000000001,0.0,9.982000000000001,0.0,1013.14
2023-06-16 08:00:00,19.67222222222222,19.67222222222222,0.8,11.398800000000001,7.0,9.982000000000001,0.0,1013.5
2023-06-16 09:00:00,20.0,20.0,0.73,17.227,351.0,9.982000000000001,0.0,1013.95
2023-06-16 10:00:00,20.97222222222222,20.97222222222222,0.69,16.9211,349.0,9.982000000000001,0.0,1014.47
2023-06-16 11:00:00,21.149999999999995,21.149999999999995,0.68,19.2234,351.0,10.3523,0.0,1014.74
2023-06-16 12:00:00,22.150000000000002,22.150000000000002,0.68,15.536500000000002,1.0,9.982000000000001,0.0,1014.86
2023-06-16 13:00:00,22.71111111111111,22.71111111111111,0.66,19.803,1.0,9.982000000000001,0.0,1014.87
2023-06-16 14:00:00,22.722222222222225,22.722222222222225,0.61,14.586600000000002,9.0,10.3523,0.0,1014.7
2023-06-16 15:00:00,22.266666666666666,22.266666666666666,0.59,12.397,343.0,10.255700000000001,0.0,1014.55
2023-06-16 16:00:00,22.866666666666664,22.866666666666664,0.57,13.4757,352.0,10.255700000000001,0.0,1014.25
2023-06-16 17:00:00,22.38888888888889,22.38888888888889,0.55,12.88,19.0,10.577700000000002,0.0,1014.08
2023-06-16 18:00:00,22.75555555555555,22.75555555555555,0.53,13.4757,31.0,10.255700000000001,0.0,1013.72
2023-06-16 19:00:00,22.194444444444443,22.194444444444443,0.55,9.4829,23.0,15.826300000000002,0.0,1013.73
2023-06-16 20:00:00,21.18333333333333,21.18333333333333,0.54,12.6707,40.0,15.3111,0.0,1014.04
2023-06-16 21:00:00,19.95,19.95,0.58,12.3648,42.0,15.826300000000002,0.0,1014.71
2023-06-16 22:00:00,19.444444444444443,19.444444444444443,0.62,10.642100000000001,50.0,16.1,0.0,1015.21
2023-06-16 23:00:00,18.333333333333332,18.333333333333332,0.66,12.7029,51.0,14.9569,0.0,1015.38
2023-06-17 00:00:00,17.82222222222222,17.82222222222222,0.66,13.4113,49.0,15.826300000000002,0.0,1015.53
2023-06-17 01:00:00,17.800000000000004,17.800000000000004,0.63,6.423900000000001,61.0,15.826300000000002,0.0,1015.63
2023-06-17 02:00:00,17.17222222222222,17.17222222222222,0.68,6.166300000000001,31.0,14.9569,0.0,1015.42
2023-06-17 03:00:00,17.15,17.15,0.66,10.8031,30.0,15.826300000000002,0.0,1015.45
2023-06-17 04:00:00,17.105555555555554,17.105555555555554,0.62,10.7387,20.0,15.826300000000002,0.0,1015.37
2023-06-17 05:00:00,16.522222222222226,16.522222222222226,0.62,12.3004,29.0,14.9569,0.0,1015.49
2023-06-17 06:00:00,16.06111111111111,16.06111111111111,0.59,16.840600000000002,30.0,16.1,0.0,1015.65
2023-06-17 07:00:00,16.06111111111111,16.06111111111111,0.62,14.007,21.0,16.1,0.0,1015.86
2023-06-17 08:00:00,17.12222222222222,17.12222222222222,0.58,16.5508,19.0,15.1823,0.0,1015.75
2023-06-17 09:00:00,17.17222222222222,17.17222222222222,0.58,21.3808,20.0,16.1,0.0,1015.8
2023-06-17 10:00:00,17.77777777777778,17.77777777777778,0.6,15.971200000000001,10.0,16.1,0.0,1015.9
2023-06-17 11:00:00,18.972222222222225,18.972222222222225,0.51,15.922900000000002,10.0,15.552600000000002,0.0,1016.07
2023-06-17 12:00:00,19.88333333333334,19.88333333333334,0.49,21.815500000000004,351.0,16.1,0.0,1015.9
2023-06-17 13:00:00,18.81666666666667,18.81666666666667,0.52,17.3075,350.0,16.1,0.0,1016.18
2023-06-17 14:00:00,18.950000000000003,18.950000000000003,0.48,21.252,341.0,15.552600000000002,0.0,1016.09
2023-06-17 15:00:00,17.77777777777778,17.77777777777778,0.56,23.345000000000002,331.0,9.982000000000001,0.0,1016.09
2023-06-17 16:00:00,18.81666666666667,18.81666666666667,0.49,24.552500000000002,321.0,15.826300000000002,0.0,1015.87
2023-06-17 17:00:00,19.916666666666664,19.916666666666664,0.51,20.7046,333.0,15.3111,0.0,1015.2
2023-06-17 18:00:00,18.82222222222222,18.82222222222222,0.52,23.184,331.0,16.1,0.0,1014.99
2023-06-17 19:00:00,17.711111111111112,17.711111111111112,0.6,23.119600000000002,321.0,16.1,0.0,1014.9
2023-06-17 20:00:00,17.283333333333335,17.283333333333335,0.61,14.329,315.0,15.552600000000002,0.0,1015.02
2023-06-17 21:00:00,15.072222222222223,15.072222222222223,0.72,12.3648,321.0,16.1,0.0,1015.28
2023-06-17 22:00:00,14.561111111111112,14.561111111111112,0.74,14.023100000000003,330.0,16.1,0.0,1015.41
2023-06-17 23:00:00,14.511111111111111,14.511111111111111,0.67,15.665300000000002,340.0,15.552600000000002,0.0,1015.48
2023-06-18 00:00:00,13.883333333333335,13.883333333333335,0.69,14.1519,339.0,16.1,0.0,1015.45
2023-06-18 01:00:00,12.31111111111111,12.31111111111111,0.79,11.2056,331.0,16.1,0.0,1015.49
2023-06-18 02:00:00,11.949999999999998,11.949999999999998,0.81,11.157300000000001,332.0,15.552600000000002,0.0,1015.39
2023-06-18 03:00:00,11.105555555555558,11.105555555555558,0.83,11.0446,329.0,16.1,0.0,1014.99
2023-06-18 04:00:00,10.527777777777779,10.527777777777779,0.86,10.948,320.0,16.1,0.0,1014.88
2023-06-18 05:00:00,10.255555555555556,10.255555555555556,0.86,10.8192,331.0,13.1698,0.0,1014.9
2023-06-18 06:00:00,12.177777777777779,12.177777777777779,0.8,10.9319,329.0,16.1,0.0,1015.65
2023-06-18 07:00:00,14.938888888888888,14.938888888888888,0.67,15.3433,350.0,16.1,0.0,1014.3
2023-06-18 08:00:00,17.133333333333336,17.133333333333336,0.58,20.4309,8.0,15.552600000000002,0.0,1014.29
2023-06-18 09:00:00,18.86666666666666,18.86666666666666,0.56,17.1787,341.0,16.1,0.0,1014.08
2023-06-18 10:00:00,20.022222222222226,20.022222222222226,0.56,14.1841,351.0,15.826300000000002,0.0,1013.88
2023-06-18 11:00:00,21.272222222222226,21.272222222222226,0.45,19.7708,0.0,15.552600000000002,0.0,1013.67
2023-06-18 12:00:00,22.24444444444445,22.24444444444445,0.45,20.366500000000002,349.0,16.1,0.0,1013.35
2023-06-18 13:00:00,22.800000000000004,22.800000000000004,0.43,15.697500000000002,340.0,16.1,0.0,1013.06
2023-06-18 14:00:00,22.90555555555556,22.90555555555556,0.42,15.1984,7.0,15.552600000000002,0.0,1012.68
2023-06-18 15:00:00,22.31111111111111,22.31111111111111,0.39,14.023100000000003,0.0,16.1,0.0,1012.24
2023-06-18 16:00:00,23.84444444444445,23.84444444444445,0.38,14.49,311.0,16.1,0.0,1011.95
2023-06-18 17:00:00,23.077777777777783,23.077777777777783,0.36,11.270000000000001,336.0,15.552600000000002,0.0,1011.39
2023-06-18 18:00:00,22.800000000000004,22.800000000000004,0.38,11.3505,337.0,16.1,0.0,1010.96
2023-06-18 19:00:00,22.199999999999996,22.199999999999996,0.39,14.1519,301.0,16.1,0.0,1010.86
2023-06-18 20:00:00,19.422222222222217,19.422222222222217,0.49,9.9498,304.0,15.552600000000002,0.0,1010.99
2023-06-18 21:00:00,15.18333333333333,15.18333333333333,0.71,11.270000000000001,290.0,16.1,0.0,1011.35
2023-06-18 22:00:00,15.444444444444445,15.444444444444445,0.67,11.125100000000002,300.0,16.1,0.0,1011.76
2023-06-18 23:00:00,14.21111111111111,14.21111111111111,0.67,10.2074,303.0,15.552600000000002,0.0,1011.92
2023-06-19 00:00:00,12.344444444444443,12.344444444444443,0.77,6.295100000000001,290.0,16.1,0.0,1011.83
2023-06-19 01:00:00,11.81111111111111,11.81111111111111,0.77,6.295100000000001,300.0,16.1,0.0,1011.72
2023-06-19 02:00:00,12.233333333333336,12.233333333333336,0.77,3.2361,276.0,15.552600000000002,0.0,1011.68
2023-06-19 03:00:00,11.755555555555553,11.755555555555553,0.8,3.0268,217.0,16.1,0.0,1011.31
2023-06-19 04:00:00,11.25,11.25,0.83,3.1717,252.0,16.1,0.0,1010.92
2023-06-19 05:00:00,11.322222222222223,11.322222222222223,0.83,6.1019000000000005,305.0,15.552600000000002,0.0,1010.9
2023-06-19 06:00:00,13.916666666666664,13.916666666666664,0.78,8.05,300.0,16.1,0.0,1010.8
2023-06-19 07:00:00,17.13888888888889,17.13888888888889,0.68,2.2701000000000002,280.0,16.1,0.0,1010.73
2023-06-19 08:00:00,19.91111111111111,19.91111111111111,0.63,7.8084999999999996,286.0,15.552600000000002,0.0,1010.82
2023-06-19 09:00:00,21.13888888888889,21.13888888888889,0.57,11.1734,319.0,10.255700000000001,0.0,1010.81
2023-06-19 10:00:00,22.75555555555555,22.75555555555555,0.52,11.3505,290.0,9.982000000000001,0.0,1010.63
2023-06-19 11:00:00,22.76111111111111,22.76111111111111,0.56,16.1161,312.0,10.3523,0.0,1010.71
2023-06-19 12:00:00,22.75555555555555,22.75555555555555,0.51,23.3289,299.0,9.982000000000001,0.0,1010.74
2023-06-19 13:00:00,22.31111111111111,22.31111111111111,0.55,20.366500000000002,281.0,9.982000000000001,0.0,1010.63
2023-06-19 14:00:00,22.461111111111116,22.461111111111116,0.53,20.366500000000002,302.0,10.3523,0.0,1010.48
2023-06-19 15:00:00,22.133333333333336,22.133333333333336,0.56,20.6885,300.0,9.982000000000001,0.0,1010.17
2023-06-19 16:00:00,21.13888888888889,21.13888888888889,0.63,28.0623,301.0,9.982000000000001,0.0,1010.06
2023-06-19 17:00:00,20.233333333333334,20.233333333333334,0.62,19.851300000000002,311.0,10.3523,0.0,1010.47
2023-06-19 18:00:00,20.02777777777778,20.02777777777778,0.68,15.939000000000002,301.0,10.255700000000001,0.0,1010.73
2023-06-19 19:00:00,19.88888888888889,19.88888888888889,0.72,13.041,301.0,9.982000000000001,0.0,1010.96
2023-06-19 20:00:00,18.811111111111114,18.811111111111114,0.66,20.1572,303.0,10.3523,0.0,1010.99
2023-06-19 21:00:00,17.16111111111111,17.16111111111111,0.75,14.457800000000002,291.0,9.982000000000001,0.0,1011.77
2023-06-19 22:00:00,16.094444444444445,16.094444444444445,0.8,11.270000000000001,280.0,16.1,0.0,1012.64
2023-06-19 23:00:00,15.133333333333335,15.133333333333335,0.87,10.8997,287.0,15.1823,0.0,1012.81
2023-06-20 00:00:00,15.027777777777779,15.027777777777779,0.82,10.835300000000002,292.0,16.1,0.0,1012.94
2023-06-20 01:00:00,15.511111111111113,15.511111111111113,0.78,13.5884,301.0,16.1,0.0,1012.88
2023-06-20 02:00:00,15.42222222222222,15.42222222222222,0.75,15.681400000000002,301.0,15.1823,0.0,1013.33
2023-06-20 03:00:00,14.905555555555553,14.905555555555553,0.76,13.9748,300.0,16.1,0.0,1013.36
2023-06-20 04:00:00,14.83888888888889,14.83888888888889,0.76,14.039200000000001,309.0,16.1,0.0,1013.08
2023-06-20 05:00:00,14.261111111111113,14.261111111111113,0.79,13.1859,309.0,15.697500000000002,0.0,1013.1
2023-06-20 06:00:00,13.77222222222222,13.77222222222222,0.83,13.894300000000003,300.0,16.1,0.0,1013.75
2023-06-20 07:00:00,14.86111111111111,14.86111111111111,0.83,14.296800000000003,320.0,16.1,0.0,1013.64
2023-06-20 08:00:00,16.905555555555555,16.905555555555555,0.69,13.6689,323.0,15.552600000000002,0.0,1014.08
2023-06-20 09:00:00,17.17777777777778,17.17777777777778,0.67,14.296800000000003,309.0,10.255700000000001,0.0,1013.95
2023-06-20 10:00:00,18.82222222222222,18.82222222222222,0.61,14.1358,311.0,9.982000000000001,0.0,1013.74
2023-06-20 11:00:00,19.122222222222224,19.122222222222224,0.54,10.980200000000002,309.0,10.3523,0.0,1013.59
2023-06-20 12:00:00,20.07222222222222,20.07222222222222,0.44,17.436300000000003,310.0,10.255700000000001,0.0,1013.43
2023-06-20 13:00:00,20.07222222222222,20.07222222222222,0.52,15.681400000000002,318.0,10.255700000000001,0.0,1013.22
2023-06-20 14:00:00,22.15555555555555,22.15555555555555,0.41,11.398800000000001,315.0,10.577700000000002,0.0,1012.98
2023-06-20 15:00:00,22.24444444444445,22.24444444444445,0.38,12.654600000000002,281.0,10.255700000000001,0.0,1012.62
2023-06-20 16:00:00,22.22222222222222,22.22222222222222,0.38,17.1304,302.0,10.255700000000001,0.0,1012.41
2023-06-20 17:00:00,21.32222222222222,21.32222222222222,0.37,18.933600000000002,304.0,10.3523,0.0,1012.2
2023-06-20 18:00:00,21.16111111111111,21.16111111111111,0.41,12.8317,310.0,9.982000000000001,0.0,1011.94
2023-06-20 19:00:00,20.99444444444445,20.99444444444445,0.41,14.1197,291.0,9.982000000000001,0.0,1012.34
2023-06-20 20:00:00,18.261111111111113,18.261111111111113,0.48,11.6081,293.0,10.3523,0.0,1012.58
2023-06-20 21:00:00,14.044444444444444,14.044444444444444,0.66,11.125100000000002,282.0,10.255700000000001,0.0,1013.25
2023-06-20 22:00:00,13.933333333333332,13.933333333333332,0.69,10.8836,291.0,16.1,0.0,1013.97
2023-06-20 23:00:00,14.961111111111112,14.961111111111112,0.62,10.9319,311.0,15.552600000000002,0.0,1014.43
2023-06-21 00:00:00,14.305555555555555,14.305555555555555,0.65,14.039200000000001,310.0,16.1,0.0,1014.48
2023-06-21 01:00:00,13.166666666666668,13.166666666666668,0.73,11.0768,310.0,16.1,0.0,1014.77
2023-06-21 02:00:00,12.188888888888888,12.188888888888888,0.8,10.6582,305.0,15.1823,0.0,1014.89
2023-06-21 03:00:00,11.616666666666665,11.616666666666665,0.8,14.1519,310.0,16.1,0.0,1014.69
2023-06-21 04:00:00,11.038888888888888,11.038888888888888,0.83,13.9909,319.0,16.1,0.0,1014.68
2023-06-21 05:00:00,10.511111111111113,10.511111111111113,0.87,10.6904,322.0,15.1823,0.0,1014.85
2023-06-21 06:00:00,11.066666666666668,11.066666666666668,0.86,10.9158,319.0,16.1,0.0,1015.27
2023-06-21 07:00:00,12.733333333333334,12.733333333333334,0.77,14.0875,329.0,16.1,0.0,1015.57
2023-06-21 08:00:00,14.944444444444445,14.944444444444445,0.68,13.846,331.0,15.1823,0.0,1015.78
2023-06-21 09:00:00,17.17777777777778,17.17777777777778,0.63,12.6385,339.0,15.826300000000002,0.0,1015.86
2023-06-21 10:00:00,18.84444444444445,18.84444444444445,0.56,12.976600000000001,339.0,9.982000000000001,0.0,1015.65
2023-06-21 11:00:00,19.90555555555555,19.90555555555555,0.48,12.6224,332.0,10.3523,0.0,1015.38
2023-06-21 12:00:00,21.03888888888889,21.03888888888889,0.49,14.3612,320.0,10.255700000000001,0.0,1015.14
2023-06-21 13:00:00,21.088888888888885,21.088888888888885,0.42,20.2055,291.0,16.1,0.0,1014.93
2023-06-21 14:00:00,21.266666666666666,21.266666666666666,0.4,17.1304,312.0,15.552600000000002,0.0,1014.52
2023-06-21 15:00:00,22.150000000000002,22.150000000000002,0.35,11.4632,282.0,15.826300000000002,0.0,1014.35
2023-06-21 16:00:00,21.105555555555554,21.105555555555554,0.38,14.3612,312.0,15.826300000000002,0.0,1014.44
2023-06-21 17:00:00,22.211111111111116,22.211111111111116,0.36,15.6009,313.0,15.3111,0.0,1014.37
2023-06-21 18:00:00,22.10555555555556,22.10555555555556,0.38,15.1984,292.0,15.826300000000002,0.0,1014.35
2023-06-21 19:00:00,20.92777777777778,20.92777777777778,0.36,16.6313,311.0,15.826300000000002,0.0,1014.66
2023-06-21 20:00:00,17.63888888888889,17.63888888888889,0.51,10.7387,286.0,15.3111,0.0,1015.05
2023-06-21 21:00:00,15.094444444444447,15.094444444444447,0.62,9.563400000000001,309.0,16.1,0.0,1015.84
2023-06-21 22:00:00,12.805555555555554,12.805555555555554,0.72,11.125100000000002,280.0,16.1,0.0,1016.54
2023-06-21 23:00:00,12.938888888888888,12.938888888888888,0.72,6.230700000000001,322.0,15.552600000000002,0.0,1017.06
2023-06-22 00:00:00,12.527777777777777,12.527777777777777,0.75,3.4776000000000002,265.0,16.1,0.0,1017.06
2023-06-22 01:00:00,11.416666666666664,11.416666666666664,0.78,3.5259,274.0,16.1,0.0,1017.07
2023-06-22 02:00:00,10.699999999999998,10.699999999999998,0.8,6.5205,294.0,15.552600000000002,0.0,1017.36
2023-06-22 03:00:00,9.288888888888888,8.499999999999998,0.84,6.6332,282.0,16.1,0.0,1017.34
2023-06-22 04:00:00,8.25,8.25,0.86,3.22,300.0,16.1,0.0,1017.43
2023-06-22 05:00:00,7.705555555555555,6.877777777777779,0.89,5.9087000000000005,303.0,15.552600000000002,0.0,1017.62
2023-06-22 06:00:00,10.850000000000001,10.850000000000001,0.81,7.824600000000001,300.0,16.1,0.0,1017.73
2023-06-22 07:00:00,14.738888888888889,14.738888888888889,0.68,4.9749,291.0,16.1,0.0,1017.72
2023-06-22 08:00:00,17.672222222222224,17.672222222222224,0.6,3.4293,293.0,15.552600000000002,0.0,1017.96
2023-06-22 09:00:00,19.977777777777774,19.977777777777774,0.45,5.0232,280.0,16.1,0.0,1018.0
2023-06-22 10:00:00,21.06111111111111,21.06111111111111,0.42,12.397,279.0,16.1,0.0,1017.82
2023-06-22 11:00:00,22.62222222222222,22.62222222222222,0.38,8.6135,328.0,15.552600000000002,0.0,1017.92
2023-06-22 12:00:00,22.23888888888889,22.23888888888889,0.43,9.3702,277.0,16.1,0.0,1017.49
2023-06-22 13:00:00,22.866666666666664,22.866666666666664,0.38,7.985600000000001,225.0,16.1,0.0,1017.0
2023-06-22 14:00:00,23.96111111111111,23.96111111111111,0.34,10.787,252.0,15.552600000000002,0.0,1016.64
2023-06-22 15:00:00,23.005555555555553,23.005555555555553,0.4,11.0285,230.0,16.1,0.0,1016.08
2023-06-22 16:00:00,24.994444444444444,24.994444444444444,0.33,9.724400000000001,249.0,16.1,0.0,1015.76
2023-06-22 17:00:00,24.122222222222224,24.122222222222224,0.35,9.724400000000001,222.0,15.552600000000002,0.0,1015.23
2023-06-22 18:00:00,23.911111111111115,23.911111111111115,0.36,14.0553,172.0,16.1,0.0,1014.87
2023-06-22 19:00:00,22.77777777777778,22.77777777777778,0.38,12.525800000000002,199.0,16.1,0.0,1014.55
2023-06-22 20:00:00,19.53333333333333,19.53333333333333,0.49,9.209200000000001,202.0,15.552600000000002,0.0,1014.69
2023-06-22 21:00:00,17.383333333333333,17.383333333333333,0.57,9.2897,171.0,16.1,0.0,1014.73
2023-06-22 22:00:00,15.672222222222224,15.672222222222224,0.65,6.488300000000001,180.0,16.1,0.0,1014.84
2023-06-22 23:00:00,15.505555555555553,15.505555555555553,0.61,10.6743,163.0,15.552600000000002,0.0,1014.41
2023-06-23 00:00:00,14.533333333333331,14.533333333333331,0.64,10.9319,160.0,16.1,0.0,1013.95
2023-06-23 01:00:00,13.333333333333334,13.333333333333334,0.69,10.5938,160.0,16.1,0.0,1013.38
2023-06-23 02:00:00,13.761111111111113,13.761111111111113,0.67,10.432800000000002,162.0,15.552600000000002,0.0,1013.01
2023-06-23 03:00:00,13.311111111111112,13.311111111111112,0.66,10.8031,160.0,16.1,0.0,1012.65
2023-06-23 04:00:00,14.883333333333333,14.883333333333333,0.58,16.840600000000002,160.0,16.1,0.0,1011.95
2023-06-23 05:00:00,14.416666666666666,14.416666666666666,0.65,16.0195,150.0,15.1823,0.0,1011.6
2023-06-23 06:00:00,13.91111111111111,13.91111111111111,0.72,15.3272,141.0,10.255700000000001,0.0,1011.27
2023-06-23 07:00:00,16.994444444444447,16.994444444444447,0.59,13.4435,170.0,9.982000000000001,0.0,1011.4
2023-06-23 08:00:00,17.672222222222224,17.672222222222224,0.66,12.8317,174.0,10.3523,0.0,1012.09
2023-06-23 09:00:00,18.54444444444444,18.54444444444444,0.63,11.914000000000001,160.0,9.982000000000001,0.0,1012.08
2023-06-23 10:00:00,17.566666666666666,17.566666666666666,0.79,7.502600000000001,160.0,10.2074,0.0,1011.79
2023-06-23 11:00:00,21.33888888888889,21.33888888888889,0.59,8.017800000000001,149.0,10.5455,0.0,1011.63
2023-06-23 12:00:00,23.47222222222222,23.47222222222222,0.52,1.8676,169.0,9.982000000000001,0.0,1011.35
2023-06-23 13:00:00,19.977777777777774,19.977777777777774,0.67,19.9157,330.0,9.982000000000001,0.0,1011.07
2023-06-23 14:00:00,21.522222222222222,21.522222222222222,0.61,18.209100000000003,351.0,10.3523,0.0,1010.99
2023-06-23 15:00:00,20.949999999999996,20.949999999999996,0.59,26.870900000000002,331.0,9.982000000000001,0.0,1011.25
2023-06-23 16:00:00,19.74444444444445,19.74444444444445,0.57,22.4112,349.0,9.982000000000001,0.0,1012.02
2023-06-23 17:00:00,19.866666666666667,19.866666666666667,0.54,26.5167,342.0,10.577700000000002,0.0,1012.14
2023-06-23 18:00:00,17.105555555555554,17.105555555555554,0.53,24.906700000000004,340.0,10.255700000000001,0.0,1012.9
2023-06-23 19:00:00,16.038888888888888,16.038888888888888,0.59,20.1733,338.0,9.982000000000001,0.0,1013.77
2023-06-23 20:00:00,15.033333333333335,15.033333333333335,0.68,13.250300000000001,335.0,10.3523,0.0,1013.44
2023-06-23 21:00:00,13.838888888888887,13.838888888888887,0.78,10.722600000000002,349.0,9.982000000000001,0.0,1013.93
2023-06-23 22:00:00,13.816666666666666,13.816666666666666,0.81,6.6493,329.0,15.826300000000002,0.0,1014.55
2023-06-23 23:00:00,13.955555555555556,13.955555555555556,0.79,10.513300000000001,322.0,15.3111,0.0,1014.86
2023-06-24 00:00:00,14.261111111111113,14.261111111111113,0.69,13.9748,329.0,15.826300000000002,0.0,1015.12
2023-06-24 01:00:00,12.733333333333334,12.733333333333334,0.84,17.5329,329.0,16.0517,0.0,1016.17
2023-06-24 02:00:00,12.916666666666666,12.916666666666666,0.84,16.5508,323.0,15.1823,0.0,1017.07
2023-06-24 03:00:00,12.711111111111112,12.711111111111112,0.87,13.7172,329.0,16.1,0.0,1016.95
2023-06-24 04:00:00,12.711111111111112,12.711111111111112,0.87,11.157300000000001,318.0,15.826300000000002,0.0,1016.95
2023-06-24 05:00:00,12.750000000000002,12.750000000000002,0.87,6.44,298.0,15.3111,0.0,1017.44
2023-06-24 06:00:00,12.733333333333334,12.733333333333334,0.9,10.8031,290.0,15.826300000000002,0.0,1017.66
2023-06-24 07:00:00,12.805555555555554,12.805555555555554,0.9,10.9158,289.0,9.982000000000001,0.0,1018.32
2023-06-24 08:00:00,12.938888888888888,12.938888888888888,0.95,9.209200000000001,310.0,10.3523,0.0,1018.63
2023-06-24 09:00:00,15.027777777777779,15.027777777777779,0.83,10.948,310.0,9.982000000000001,0.0,1018.62
2023-06-24 10:00:00,16.094444444444445,16.094444444444445,0.78,9.2575,291.0,9.982000000000001,0.0,1018.53
2023-06-24 11:00:00,17.02777777777778,17.02777777777778,0.76,10.2074,294.0,10.3523,0.0,1018.86
2023-06-24 12:00:00,17.13888888888889,17.13888888888889,0.75,10.948,290.0,9.982000000000001,0.0,1018.66
2023-06-24 13:00:00,16.016666666666666,16.016666666666666,0.87,12.1716,282.0,9.982000000000001,0.0,1019.43
2023-06-24 14:00:00,15.944444444444445,15.944444444444445,0.88,10.110800000000001,272.0,10.3523,0.0,1019.15
2023-06-24 15:00:00,14.97777777777778,14.97777777777778,0.87,12.4936,282.0,5.1359,0.0,1019.18
2023-06-24 16:00:00,12.96111111111111,12.96111111111111,0.9,15.7458,308.0,8.05,0.0,1020.12
2023-06-24 17:00:00,13.06666666666667,13.06666666666667,0.95,10.432800000000002,290.0,9.450700000000001,0.0,1020.36
2023-06-24 18:00:00,13.977777777777776,13.977777777777776,0.92,12.397,311.0,9.982000000000001,0.0,1020.33
2023-06-24 19:00:00,14.000000000000002,14.000000000000002,0.83,10.8031,300.0,9.982000000000001,0.0,1020.52
2023-06-24 20:00:00,14.011111111111111,14.011111111111111,0.9,2.2218,311.0,15.3111,0.0,1020.79
2023-06-24 21:00:00,12.82777777777778,12.82777777777778,0.96,2.9624,277.0,11.9784,0.0,1021.43
2023-06-24 22:00:00,13.25,13.25,0.93,3.5581,313.0,11.9784,0.0,1022.02
2023-06-24 23:00:00,13.1,13.1,0.94,3.4132000000000002,291.0,8.420300000000001,0.0,1022.04
2023-06-25 00:00:00,12.666666666666664,12.666666666666664,0.96,6.230700000000001,271.0,8.1305,0.0,1021.94
2023-06-25 01:00:00,13.244444444444447,13.244444444444447,0.93,14.2002,260.0,8.05,0.0,1022.13
2023-06-25 02:00:00,12.738888888888889,12.738888888888889,0.91,5.3774,301.0,8.3398,0.0,1022.27
2023-06-25 03:00:00,12.177777777777779,12.177777777777779,0.93,6.0697,329.0,8.05,0.0,1022.32
2023-06-25 04:00:00,12.133333333333335,12.133333333333335,0.93,10.996300000000002,319.0,8.05,0.0,1022.23
2023-06-25 05:00:00,12.127777777777776,12.127777777777776,0.93,6.1341,318.0,8.3398,0.0,1022.3
2023-06-25 06:00:00,12.094444444444447,12.094444444444447,0.93,8.0017,309.0,6.295100000000001,0.0,1022.44
2023-06-25 07:00:00,12.622222222222222,12.622222222222222,0.96,0.5152,270.0,8.1305,0.0,1022.34
2023-06-25 08:00:00,14.81111111111111,14.81111111111111,0.88,10.4811,302.0,10.1752,0.0,1022.05
2023-06-25 09:00:00,17.061111111111114,17.061111111111114,0.73,15.536500000000002,282.0,9.982000000000001,0.0,1021.87
2023-06-25 10:00:00,17.677777777777777,17.677777777777777,0.66,12.058900000000001,300.0,9.982000000000001,0.0,1021.56
2023-06-25 11:00:00,17.922222222222224,17.922222222222224,0.64,12.2199,312.0,10.3523,0.0,1021.95
2023-06-25 12:00:00,18.883333333333333,18.883333333333333,0.65,10.867500000000001,359.0,9.982000000000001,0.0,1021.81
2023-06-25 13:00:00,18.95555555555556,18.95555555555556,0.65,13.9748,322.0,9.982000000000001,0.0,1021.39
2023-06-25 14:00:00,17.96111111111111,17.96111111111111,0.63,11.6242,2.0,10.3523,0.0,1021.2
2023-06-25 15:00:00,19.022222222222222,19.022222222222222,0.6,13.2986,12.0,9.982000000000001,0.0,1020.89
2023-06-25 16:00:00,18.950000000000003,18.950000000000003,0.6,12.1716,3.0,10.255700000000001,0.0,1020.7
2023-06-25 17:00:00,18.055555555555557,18.055555555555557,0.62,13.781600000000001,30.0,10.577700000000002,0.0,1020.54
2023-06-25 18:00:00,17.444444444444443,17.444444444444443,0.66,12.203800000000001,22.0,10.255700000000001,0.0,1020.47
2023-06-25 19:00:00,17.333333333333332,17.333333333333332,0.67,12.6868,41.0,10.255700000000001,0.0,1020.37
2023-06-25 20:00:00,16.34444444444445,16.34444444444445,0.76,8.7262,41.0,10.577700000000002,0.0,1020.21
2023-06-25 21:00:00,15.072222222222223,15.072222222222223,0.86,7.921200000000001,22.0,10.255700000000001,0.0,1020.02
2023-06-25 22:00:00,14.422222222222224,14.422222222222224,0.87,6.1502,30.0,10.255700000000001,0.0,1020.32
2023-06-25 23:00:00,14.416666666666666,14.416666666666666,0.87,5.9248,0.0,10.2235,0.0,1020.09
2023-06-26 00:00:00,13.805555555555555,13.805555555555555,0.93,6.279,301.0,10.255700000000001,0.0,1019.86
2023-06-26 01:00:00,13.783333333333335,13.783333333333335,0.9,10.577700000000002,321.0,10.255700000000001,0.0,1019.75
2023-06-26 02:00:00,13.755555555555553,13.755555555555553,0.9,9.853200000000001,330.0,10.2235,0.0,1019.2
2023-06-26 03:00:00,13.755555555555553,13.755555555555553,0.87,10.9158,339.0,8.420300000000001,0.0,1018.78
2023-06-26 04:00:00,13.68888888888889,13.68888888888889,0.86,11.270000000000001,320.0,8.420300000000001,0.0,1018.48
2023-06-26 05:00:00,13.305555555555557,13.305555555555557,0.87,10.867500000000001,330.0,8.645700000000001,0.0,1018.09
2023-06-26 06:00:00,14.866666666666665,14.866666666666665,0.83,16.856700000000004,330.0,10.255700000000001,0.0,1017.88
2023-06-26 07:00:00,14.938888888888888,14.938888888888888,0.78,17.001600000000003,330.0,10.255700000000001,0.0,1017.8
2023-06-26 08:00:00,15.966666666666669,15.966666666666669,0.73,16.3898,341.0,10.577700000000002,0.0,1017.92
2023-06-26 09:00:00,17.22222222222222,17.22222222222222,0.63,20.2055,359.0,10.255700000000001,0.0,1018.09
2023-06-26 10:00:00,16.322222222222223,16.322222222222223,0.71,23.280600000000003,10.0,9.982000000000001,0.0,1018.18
2023-06-26 11:00:00,17.45,17.45,0.69,19.7225,344.0,10.3523,0.0,1018.15
2023-06-26 12:00:00,18.077777777777783,18.077777777777783,0.64,21.8316,350.0,16.1,0.0,1017.57
2023-06-26 13:00:00,20.13888888888889,20.13888888888889,0.6,17.259200000000003,341.0,10.255700000000001,0.0,1017.34
2023-06-26 14:00:00,21.31666666666667,21.31666666666667,0.57,17.259200000000003,0.0,10.577700000000002,0.0,1017.13
2023-06-26 15:00:00,22.24444444444445,22.24444444444445,0.54,20.3826,350.0,10.255700000000001,0.0,1016.84
2023-06-26 16:00:00,22.24444444444445,22.24444444444445,0.49,21.574,0.0,10.255700000000001,0.0,1016.55
2023-06-26 17:00:00,22.71111111111111,22.71111111111111,0.5,19.32,351.0,10.577700000000002,0.0,1016.35
2023-06-26 18:00:00,22.89444444444444,22.89444444444444,0.47,21.8638,0.0,10.255700000000001,0.0,1016.14
2023-06-26 19:00:00,21.272222222222226,21.272222222222226,0.56,13.7494,341.0,10.255700000000001,0.0,1016.22
2023-06-26 20:00:00,20.32777777777778,20.32777777777778,0.6,8.903300000000002,352.0,15.552600000000002,0.0,1016.42
2023-06-26 21:00:00,17.266666666666666,17.266666666666666,0.8,4.83,350.0,16.1,0.0,1016.62
2023-06-26 22:00:00,15.583333333333334,15.583333333333334,0.86,6.230700000000001,359.0,16.1,0.0,1017.02
2023-06-26 23:00:00,14.216666666666669,14.216666666666669,0.89,5.7155000000000005,313.0,15.552600000000002,0.0,1017.12
2023-06-27 00:00:00,13.438888888888888,13.438888888888888,0.9,3.22,320.0,16.1,0.0,1017.03
2023-06-27 01:00:00,12.3,12.3,0.93,3.4293,301.0,16.1,0.0,1016.85
2023-06-27 02:00:00,12.427777777777777,12.427777777777777,0.9,6.0858,300.0,15.1823,0.0,1016.78
2023-06-27 03:00:00,12.644444444444442,12.644444444444442,0.93,3.22,350.0,16.1,0.0,1016.64
2023-06-27 04:00:00,11.072222222222223,11.072222222222223,0.96,6.1502,341.0,16.1,0.0,1016.44
2023-06-27 05:00:00,10.46111111111111,10.46111111111111,0.95,3.3810000000000002,340.0,14.9569,0.0,1016.39
2023-06-27 06:00:00,12.650000000000002,12.650000000000002,0.96,3.22,320.0,11.9784,0.0,1016.63
2023-06-27 07:00:00,17.07222222222222,17.07222222222222,0.87,3.0751,320.0,15.134000000000002,0.0,1016.46
2023-06-27 08:00:00,20.749999999999996,20.749999999999996,0.6,7.2772,1.0,15.552600000000002,0.0,1016.36
2023-06-27 09:00:00,22.17777777777778,22.17777777777778,0.55,4.4758,21.0,16.1,0.0,1016.33
2023-06-27 10:00:00,23.86111111111111,23.86111111111111,0.53,4.4436,345.0,10.255700000000001,0.0,1015.93
2023-06-27 11:00:00,24.02777777777778,24.02777777777778,0.47,10.432800000000002,358.0,10.577700000000002,0.0,1016.1
2023-06-27 12:00:00,25.022222222222226,25.022222222222226,0.46,12.397,349.0,10.255700000000001,0.0,1015.91
2023-06-27 13:00:00,25.016666666666666,25.016666666666666,0.45,13.507900000000001,6.0,10.255700000000001,0.0,1015.6
2023-06-27 14:00:00,25.26666666666667,25.26666666666667,0.38,12.2843,337.0,10.577700000000002,0.0,1015.13
2023-06-27 15:00:00,25.06666666666667,25.06666666666667,0.47,11.2056,310.0,10.255700000000001,0.0,1014.52
2023-06-27 16:00:00,25.022222222222226,25.022222222222226,0.49,11.0285,320.0,10.255700000000001,0.0,1014.13
2023-06-27 17:00:00,25.13888888888889,25.13888888888889,0.43,11.414900000000001,322.0,10.577700000000002,0.0,1013.84
2023-06-27 18:00:00,23.86111111111111,23.86111111111111,0.5,14.2002,319.0,9.982000000000001,0.0,1013.55
2023-06-27 19:00:00,22.800000000000004,22.800000000000004,0.48,11.0768,309.0,10.255700000000001,0.0,1013.83
2023-06-27 20:00:00,22.333333333333332,22.333333333333332,0.53,9.7566,310.0,10.577700000000002,0.0,1013.85
2023-06-27 21:00:00,19.099999999999998,19.099999999999998,0.76,8.1949,289.0,10.255700000000001,0.0,1014.03
2023-06-27 22:00:00,19.00555555555555,19.00555555555555,0.72,11.414900000000001,290.0,16.1,0.0,1014.52
2023-06-27 23:00:00,19.08888888888889,19.08888888888889,0.71,10.4006,301.0,10.2235,0.0,1014.65
2023-06-28 00:00:00,18.28888888888889,18.28888888888889,0.78,11.270000000000001,290.0,16.1,0.0,1014.53
2023-06-28 01:00:00,17.77777777777778,17.77777777777778,0.81,11.237800000000002,281.0,16.1,0.0,1014.42
2023-06-28 02:00:00,17.41111111111111,17.41111111111111,0.84,6.2146,277.0,15.1823,0.0,1014.15
2023-06-28 03:00:00,16.177777777777777,16.177777777777777,0.87,6.6332,282.0,16.1,0.0,1013.84
2023-06-28 04:00:00,15.616666666666667,15.616666666666667,0.87,6.4722,282.0,15.1823,0.0,1013.75
2023-06-28 05:00:00,15.866666666666667,15.866666666666667,0.9,6.0858,295.0,10.2235,0.0,1013.79
2023-06-28 06:00:00,17.17222222222222,17.17222222222222,0.87,12.654600000000002,310.0,12.2199,0.0,1013.78
2023-06-28 07:00:00,17.266666666666666,17.266666666666666,0.87,12.2521,330.0,15.134000000000002,0.0,1013.86
2023-06-28 08:00:00,19.844444444444445,19.844444444444445,0.75,11.9784,330.0,15.150100000000002,0.0,1013.87
2023-06-28 09:00:00,20.900000000000002,20.900000000000002,0.73,12.6868,349.0,9.982000000000001,0.0,1014.29
2023-06-28 10:00:00,21.016666666666666,21.016666666666666,0.64,13.846,18.0,10.255700000000001,0.0,1014.58
2023-06-28 11:00:00,22.29444444444444,22.29444444444444,0.63,16.2288,7.0,10.3523,0.0,1014.8
2023-06-28 12:00:00,22.36111111111111,22.36111111111111,0.59,19.9479,0.0,9.982000000000001,0.0,1015.04
2023-06-28 13:00:00,22.266666666666666,22.266666666666666,0.59,14.1358,350.0,9.982000000000001,0.0,1015.22
2023-06-28 14:00:00,23.72222222222222,23.72222222222222,0.57,12.4131,345.0,10.3523,0.0,1014.93
2023-06-28 15:00:00,24.799999999999997,24.799999999999997,0.55,14.007,358.0,9.982000000000001,0.0,1014.68
2023-06-28 16:00:00,22.24444444444445,22.24444444444445,0.64,20.0928,330.0,10.255700000000001,0.0,1014.78
2023-06-28 17:00:00,23.01666666666667,23.01666666666667,0.56,22.0409,333.0,10.577700000000002,0.0,1014.9
2023-06-28 18:00:00,22.24444444444445,22.24444444444445,0.59,17.4524,330.0,10.255700000000001,0.0,1015.15
2023-06-28 19:00:00,22.150000000000002,22.150000000000002,0.59,11.1734,341.0,16.1,0.0,1015.66
2023-06-28 20:00:00,21.022222222222226,21.022222222222226,0.69,11.9623,324.0,15.3111,0.0,1016.1
2023-06-28 21:00:00,19.95,19.95,0.73,9.466800000000001,320.0,15.1823,0.0,1016.56
2023-06-28 22:00:00,19.349999999999998,19.349999999999998,0.76,10.8031,329.0,15.1823,0.0,1017.35
2023-06-28 23:00:00,18.827777777777776,18.827777777777776,0.76,10.384500000000001,331.0,15.1823,0.0,1017.67
2023-06-29 00:00:00,17.727777777777774,17.727777777777774,0.81,10.9158,329.0,16.1,0.0,1017.86
2023-06-29 01:00:00,16.755555555555553,16.755555555555553,0.87,6.3434,322.0,16.1,0.0,1018.17
2023-06-29 02:00:00,16.53888888888889,16.53888888888889,0.89,6.7298,350.0,15.1823,0.0,1018.43
2023-06-29 03:00:00,16.71111111111111,16.71111111111111,0.87,6.1502,349.0,16.1,0.0,1018.45
2023-06-29 04:00:00,16.11111111111111,16.11111111111111,0.9,6.1341,359.0,16.0517,0.0,1018.36
2023-06-29 05:00:00,15.294444444444444,15.294444444444444,0.9,6.5205,7.0,14.3612,0.0,1018.25
2023-06-29 06:00:00,17.133333333333336,17.133333333333336,0.82,9.209200000000001,18.0,15.134000000000002,0.0,1018.37
2023-06-29 07:00:00,18.75,18.75,0.74,10.6904,17.0,16.0517,0.0,1018.88
2023-06-29 08:00:00,19.755555555555556,19.755555555555556,0.74,9.1126,1.0,15.520400000000002,0.0,1019.28
2023-06-29 09:00:00,22.15555555555555,22.15555555555555,0.56,7.550900000000001,352.0,16.1,0.0,1019.37
2023-06-29 10:00:00,23.772222222222226,23.772222222222226,0.55,9.1287,350.0,9.982000000000001,0.0,1019.56
2023-06-29 11:00:00,24.87222222222222,24.87222222222222,0.51,9.177000000000001,342.0,10.3523,0.0,1019.56
2023-06-29 12:00:00,24.994444444444444,24.994444444444444,0.47,12.187700000000001,1.0,10.255700000000001,0.0,1019.43
2023-06-29 13:00:00,26.06111111111111,26.06111111111111,0.42,9.2414,9.0,9.982000000000001,0.0,1019.14
2023-06-29 14:00:00,25.38888888888889,25.38888888888889,0.44,8.9999,354.0,10.3523,0.0,1018.8
2023-06-29 15:00:00,26.022222222222226,26.022222222222226,0.47,9.321900000000001,346.0,9.982000000000001,0.0,1018.44
2023-06-29 16:00:00,25.0,25.0,0.5,12.735100000000001,318.0,9.982000000000001,0.0,1018.24
2023-06-29 17:00:00,25.083333333333336,25.083333333333336,0.48,13.4596,296.0,10.3523,0.0,1018.1
2023-06-29 18:00:00,23.83888888888889,23.83888888888889,0.58,17.2109,301.0,9.982000000000001,0.0,1017.85
2023-06-29 19:00:00,20.25,20.25,0.81,12.7029,301.0,5.490100000000001,0.0,1018.13
2023-06-29 20:00:00,18.899999999999995,18.899999999999995,0.83,3.6708,1.0,10.577700000000002,0.0,1018.55
2023-06-29 21:00:00,18.005555555555553,18.005555555555553,0.94,5.0393,310.0,10.255700000000001,0.0,1018.75
2023-06-29 22:00:00,17.82222222222222,17.82222222222222,0.91,6.295100000000001,338.0,16.1,0.0,1019.35
2023-06-29 23:00:00,17.438888888888886,17.438888888888886,0.84,6.3434,339.0,15.1823,0.0,1019.65
2023-06-30 00:00:00,14.961111111111112,14.961111111111112,0.93,0.3703,60.0,15.1823,0.0,1019.75
2023-06-30 01:00:00,14.822222222222223,14.822222222222223,0.9,6.295100000000001,0.0,15.134000000000002,0.0,1019.76
2023-06-30 02:00:00,14.066666666666666,14.066666666666666,0.92,2.9463000000000004,319.0,14.9569,0.0,1019.65
2023-06-30 03:00:00,13.177777777777777,13.177777777777777,0.96,6.488300000000001,311.0,15.826300000000002,0.0,1019.48
2023-06-30 04:00:00,13.199999999999998,13.199999999999998,0.96,6.166300000000001,330.0,14.812,0.0,1019.37
2023-06-30 05:00:00,13.372222222222222,13.372222222222222,0.96,6.166300000000001,330.0,11.527600000000001,0.0,1019.61
2023-06-30 06:00:00,15.955555555555556,15.955555555555556,0.93,9.016,9.0,4.9910000000000005,0.0,1019.65
2023-06-30 07:00:00,17.08888888888889,17.08888888888889,0.93,9.595600000000001,348.0,6.166300000000001,0.0,1019.86
2023-06-30 08:00:00,18.716666666666665,18.716666666666665,0.79,10.8997,8.0,9.982000000000001,0.0,1020.17
2023-06-30 09:00:00,21.04444444444444,21.04444444444444,0.68,12.4936,9.0,9.982000000000001,0.0,1020.46
2023-06-30 10:00:00,22.22222222222222,22.22222222222222,0.67,11.0446,11.0,9.982000000000001,0.0,1020.73
2023-06-30 11:00:00,22.872222222222224,22.872222222222224,0.56,13.4757,9.0,10.577700000000002,0.0,1020.71
2023-06-30 12:00:00,22.872222222222224,22.872222222222224,0.53,12.606300000000001,350.0,10.255700000000001,0.0,1020.53
2023-06-30 13:00:00,23.95555555555556,23.95555555555556,0.5,13.9265,347.0,10.255700000000001,0.0,1020.4
2023-06-30 14:00:00,24.00555555555555,24.00555555555555,0.51,12.0267,15.0,10.577700000000002,0.0,1019.99
2023-06-30 15:00:00,25.08888888888889,25.08888888888889,0.44,16.711800000000004,358.0,10.255700000000001,0.0,1019.41
2023-06-30 16:00:00,25.11666666666666,25.11666666666666,0.44,7.615300000000001,8.0,10.255700000000001,0.0,1019.2
2023-06-30 17:00:00,24.233333333333334,24.233333333333334,0.46,7.776300000000001,350.0,10.577700000000002,0.0,1019.05
2023-06-30 18:00:00,24.116666666666664,24.116666666666664,0.47,10.448900000000002,38.0,10.255700000000001,0.0,1018.87
2023-06-30 19:00:00,24.122222222222224,24.122222222222224,0.49,4.5563,27.0,16.1,0.0,1018.88
2023-06-30 20:00:00,22.494444444444444,22.494444444444444,0.6,3.0268,62.0,15.552600000000002,0.0,1019.2
2023-06-30 21:00:00,19.977777777777774,19.977777777777774,0.72,7.824600000000001,110.0,16.1,0.0,1019.51
2023-06-30 22:00:00,18.87777777777778,18.87777777777778,0.77,3.5581,133.0,16.1,0.0,1020.22
2023-06-30 23:00:00,16.905555555555555,16.905555555555555,0.86,3.0429,208.0,15.552600000000002,0.0,1020.73
2023-07-01 00:00:00,15.472222222222221,15.472222222222221,0.89,0.0,0.0,16.1,0.0,1020.73
2023-07-01 01:00:00,14.383333333333333,14.383333333333333,0.93,3.22,330.0,16.1,0.0,1020.81
2023-07-01 02:00:00,14.022222222222224,14.022222222222224,0.95,3.0912,290.0,15.3111,0.0,1020.86
2023-07-01 03:00:00,13.199999999999998,13.199999999999998,0.96,0.0,0.0,15.826300000000002,0.0,1020.72
2023-07-01 04:00:00,12.68888888888889,12.68888888888889,0.96,0.0,0.0,15.826300000000002,0.0,1020.53
2023-07-01 05:00:00,12.777777777777779,12.777777777777779,0.95,1.932,358.0,14.168000000000003,0.0,1020.79
2023-07-01 06:00:00,14.799999999999999,14.799999999999999,0.93,0.0,0.0,14.9086,0.0,1021.05
2023-07-01 07:00:00,18.672222222222224,18.672222222222224,0.78,4.7978000000000005,24.0,15.134000000000002,0.0,1021.33
2023-07-01 08:00:00,22.22222222222222,22.22222222222222,0.64,7.7440999999999995,57.0,15.1823,0.0,1021.44
2023-07-01 09:00:00,23.86666666666666,23.86666666666666,0.54,7.583100000000001,31.0,16.1,0.0,1021.61
2023-07-01 10:00:00,25.04444444444444,25.04444444444444,0.47,9.579500000000001,70.0,10.255700000000001,0.0,1021.91
2023-07-01 11:00:00,26.266666666666666,26.266666666666666,0.45,6.7620000000000005,340.0,10.577700000000002,0.0,1021.99
2023-07-01 12:00:00,27.28888888888889,27.10555555555556,0.4,7.856800000000001,41.0,10.255700000000001,0.0,1021.98
2023-07-01 13:00:00,27.22222222222222,27.061111111111106,0.41,7.567000000000001,3.0,10.255700000000001,0.0,1021.88
2023-07-01 14:00:00,27.511111111111106,27.299999999999997,0.41,4.9266000000000005,324.0,10.577700000000002,0.0,1021.45
2023-07-01 15:00:00,27.933333333333334,27.955555555555552,0.45,9.177000000000001,311.0,10.255700000000001,0.0,1020.98
2023-07-01 16:00:00,27.82777777777778,27.37222222222222,0.38,15.3272,341.0,10.255700000000001,0.0,1020.69
2023-07-01 17:00:00,27.938888888888894,27.350000000000005,0.36,10.2718,10.0,10.577700000000002,0.0,1020.48
2023-07-01 18:00:00,27.355555555555554,27.049999999999997,0.38,10.368400000000001,41.0,10.255700000000001,0.0,1020.2
2023-07-01 19:00:00,26.25,26.25,0.39,9.1448,41.0,10.255700000000001,0.0,1020.48
2023-07-01 20:00:00,23.444444444444443,23.444444444444443,0.64,4.4758,45.0,15.552600000000002,0.0,1020.8
2023-07-01 21:00:00,20.18888888888889,20.18888888888889,0.77,3.059,63.0,16.1,0.0,1021.28
2023-07-01 22:00:00,19.01111111111111,19.01111111111111,0.83,3.1717,132.0,16.1,0.0,1021.88
2023-07-01 23:00:00,17.75,17.75,0.85,2.8658,216.0,15.1823,0.0,1022.1
2023-07-02 00:00:00,16.766666666666666,16.766666666666666,0.89,3.22,200.0,16.1,0.0,1022.3
2023-07-02 01:00:00,15.605555555555558,15.605555555555558,0.92,0.0,0.0,16.1,0.0,1022.3
2023-07-02 02:00:00,15.355555555555554,15.355555555555554,0.91,3.22,270.0,15.1823,0.0,1022.42
2023-07-02 03:00:00,14.472222222222221,14.472222222222221,0.93,0.0,0.0,16.1,0.0,1022.31
2023-07-02 04:00:00,13.961111111111112,13.961111111111112,0.95,0.0,0.0,16.0517,0.0,1022.12
2023-07-02 05:00:00,14.627777777777775,14.627777777777775,0.95,3.1556,143.0,11.914000000000001,0.0,1022.19
2023-07-02 06:00:00,16.049999999999997,16.049999999999997,0.99,3.0268,163.0,12.2521,0.0,1022.32
2023-07-02 07:00:00,20.938888888888886,20.938888888888886,0.73,8.1305,24.0,16.1,0.0,1022.14
2023-07-02 08:00:00,22.805555555555557,22.805555555555557,0.62,6.9391,80.0,15.552600000000002,0.0,1022.48
2023-07-02 09:00:00,26.03888888888889,26.03888888888889,0.48,5.0232,89.0,16.1,0.0,1022.52
2023-07-02 10:00:00,27.70555555555556,27.63888888888889,0.43,2.898,168.0,16.1,0.0,1022.52
2023-07-02 11:00:00,28.850000000000005,28.227777777777778,0.37,2.7048,161.0,15.552600000000002,0.0,1022.35
2023-07-02 12:00:00,27.88888888888889,27.75555555555555,0.43,4.9588,70.0,10.255700000000001,0.0,1022.33
2023-07-02 13:00:00,27.42777777777778,27.38333333333334,0.43,13.5884,31.0,10.255700000000001,0.0,1022.23
2023-07-02 14:00:00,29.15555555555556,29.02777777777778,0.43,10.0464,352.0,10.577700000000002,0.0,1021.84
2023-07-02 15:00:00,28.88888888888889,28.727777777777774,0.43,14.828100000000003,352.0,10.255700000000001,0.0,1021.74
2023-07-02 16:00:00,29.0,28.572222222222226,0.4,11.012400000000001,31.0,10.255700000000001,0.0,1021.54
2023-07-02 17:00:00,29.12777777777778,28.577777777777776,0.38,14.586600000000002,32.0,10.577700000000002,0.0,1021.4
2023-07-02 18:00:00,27.88888888888889,27.538888888888884,0.4,14.0714,31.0,10.255700000000001,0.0,1021.52
2023-07-02 19:00:00,27.333333333333332,27.049999999999997,0.39,15.0696,21.0,16.1,0.0,1021.99
2023-07-02 20:00:00,25.300000000000004,25.300000000000004,0.45,9.6922,42.0,15.552600000000002,0.0,1022.27
2023-07-02 21:00:00,22.266666666666666,22.266666666666666,0.55,9.563400000000001,51.0,16.1,0.0,1022.9
2023-07-02 22:00:00,20.572222222222223,20.572222222222223,0.61,6.295100000000001,50.0,16.1,0.0,1023.62
2023-07-02 23:00:00,19.299999999999997,19.299999999999997,0.62,4.008900000000001,28.0,15.552600000000002,0.0,1024.26
2023-07-03 00:00:00,17.47222222222222,17.47222222222222,0.71,3.5259,34.0,16.1,0.0,1024.51
2023-07-03 01:00:00,16.29444444444444,16.29444444444444,0.8,6.488300000000001,11.0,16.1,0.0,1024.62
2023-07-03 02:00:00,16.416666666666668,16.416666666666668,0.75,10.2879,29.0,15.1823,0.0,1024.66
2023-07-03 03:00:00,15.605555555555558,15.605555555555558,0.78,11.125100000000002,20.0,16.1,0.0,1024.66
2023-07-03 04:00:00,15.56111111111111,15.56111111111111,0.75,11.125100000000002,30.0,16.1,0.0,1024.47
2023-07-03 05:00:00,14.161111111111113,14.161111111111113,0.81,6.681500000000001,24.0,15.1823,0.0,1024.52
2023-07-03 06:00:00,17.044444444444444,17.044444444444444,0.72,11.237800000000002,11.0,16.1,0.0,1024.78
2023-07-03 07:00:00,18.827777777777776,18.827777777777776,0.65,11.0285,11.0,16.1,0.0,1025.18
2023-07-03 08:00:00,21.0,21.0,0.59,12.1555,5.0,15.552600000000002,0.0,1025.35
2023-07-03 09:00:00,22.849999999999998,22.849999999999998,0.56,15.778000000000002,12.0,16.1,0.0,1025.86
2023-07-03 10:00:00,23.56111111111111,23.56111111111111,0.51,17.1787,20.0,16.1,0.0,1025.66
2023-07-03 11:00:00,26.32222222222222,26.32222222222222,0.41,19.3522,18.0,15.552600000000002,0.0,1025.79
2023-07-03 12:00:00,27.28888888888889,27.005555555555556,0.39,15.778000000000002,11.0,16.1,0.0,1025.73
2023-07-03 13:00:00,27.31111111111111,26.700000000000003,0.32,15.778000000000002,48.0,16.1,0.0,1025.44
2023-07-03 14:00:00,28.08888888888889,27.23888888888889,0.32,14.9247,48.0,15.552600000000002,0.0,1025.28
2023-07-03 15:00:00,27.955555555555552,27.183333333333337,0.32,14.2646,21.0,16.1,0.0,1025.03
2023-07-03 16:00:00,29.00555555555555,28.211111111111112,0.35,12.799500000000002,49.0,16.1,0.0,1024.64
2023-07-03 17:00:00,29.11111111111111,28.022222222222222,0.31,11.785200000000001,26.0,15.552600000000002,0.0,1024.55
2023-07-03 18:00:00,27.916666666666668,27.255555555555556,0.34,12.380900000000002,12.0,16.1,0.0,1024.35
2023-07-03 19:00:00,27.28888888888889,26.772222222222222,0.34,12.4131,12.0,16.1,0.0,1024.43
2023-07-03 20:00:00,24.61111111111111,24.61111111111111,0.45,8.8872,19.0,15.552600000000002,0.0,1024.45
2023-07-03 21:00:00,20.161111111111115,20.161111111111115,0.71,9.2253,10.0,16.1,0.0,1024.75
2023-07-03 22:00:00,19.450000000000003,19.450000000000003,0.72,6.1502,10.0,16.1,0.0,1025.45
2023-07-03 23:00:00,17.855555555555554,17.855555555555554,0.78,6.1824,334.0,15.552600000000002,0.0,1025.62
2023-07-04 00:00:00,16.13888888888889,16.13888888888889,0.86,3.22,350.0,16.1,0.0,1025.75
2023-07-04 01:00:00,15.56111111111111,15.56111111111111,0.86,3.2039,9.0,16.1,0.0,1025.75
2023-07-04 02:00:00,15.455555555555556,15.455555555555556,0.85,5.9731000000000005,352.0,15.552600000000002,0.0,1025.36
2023-07-04 03:00:00,14.47777777777778,14.47777777777778,0.92,6.295100000000001,0.0,16.1,0.0,1025.16
2023-07-04 04:00:00,14.455555555555557,14.455555555555557,0.89,6.279,20.0,16.1,0.0,1024.75
2023-07-04 05:00:00,13.822222222222223,13.822222222222223,0.92,3.6386,11.0,15.552600000000002,0.0,1024.65
2023-07-04 06:00:00,16.005555555555556,16.005555555555556,0.92,4.9588,355.0,16.1,0.0,1024.55
2023-07-04 07:00:00,19.87222222222222,19.87222222222222,0.73,7.905100000000001,20.0,16.1,0.0,1024.54
2023-07-04 08:00:00,22.727777777777774,22.727777777777774,0.65,4.9427,21.0,15.552600000000002,0.0,1024.42
2023-07-04 09:00:00,26.072222222222226,26.072222222222226,0.5,3.3005,354.0,16.1,0.0,1024.14
2023-07-04 10:00:00,27.77777777777778,27.855555555555554,0.46,1.5456,333.0,16.1,0.0,1023.73
2023-07-04 11:00:00,28.87777777777778,28.61111111111111,0.41,7.4704,19.0,15.552600000000002,0.0,1023.45
2023-07-04 12:00:00,29.949999999999996,29.88333333333334,0.42,4.8944,333.0,16.1,0.0,1023.11
2023-07-04 13:00:00,30.06666666666667,29.18333333333333,0.34,8.8711,78.0,16.1,0.0,1022.61
2023-07-04 14:00:00,30.172222222222224,29.583333333333332,0.37,4.0894,43.0,15.552600000000002,0.0,1022.06
2023-07-04 15:00:00,30.13888888888889,29.177777777777774,0.34,7.583100000000001,67.0,16.1,0.0,1021.61
2023-07-04 16:00:00,31.18333333333333,30.188888888888894,0.33,7.3899,339.0,16.1,0.0,1020.93
2023-07-04 17:00:00,30.422222222222224,29.56666666666667,0.35,9.048200000000001,10.0,15.552600000000002,0.0,1020.62
2023-07-04 18:00:00,30.09444444444445,29.694444444444443,0.39,9.3541,10.0,16.1,0.0,1020.32
2023-07-04 19:00:00,28.983333333333334,28.52777777777778,0.39,9.2897,19.0,16.1,0.0,1020.02
2023-07-04 20:00:00,25.599999999999998,25.599999999999998,0.5,7.0196000000000005,353.0,15.552600000000002,0.0,1019.95
2023-07-04 21:00:00,22.24444444444445,22.24444444444445,0.68,3.22,350.0,16.1,0.0,1020.21
2023-07-04 22:00:00,20.533333333333328,20.533333333333328,0.77,3.22,350.0,16.1,0.0,1020.42
2023-07-04 23:00:00,19.261111111111113,19.261111111111113,0.79,3.1556,321.0,15.552600000000002,0.0,1020.16
2023-07-05 00:00:00,17.783333333333335,17.783333333333335,0.84,3.2039,291.0,16.1,0.0,1019.95
2023-07-05 01:00:00,16.67222222222222,16.67222222222222,0.87,11.270000000000001,310.0,16.1,0.0,1019.75
2023-07-05 02:00:00,16.71666666666667,16.71666666666667,0.86,3.5259,291.0,15.552600000000002,0.0,1019.85
2023-07-05 03:00:00,16.16111111111111,16.16111111111111,0.86,6.601,338.0,16.1,0.0,1019.8
2023-07-05 04:00:00,15.077777777777776,15.077777777777776,0.89,3.4293,343.0,16.1,0.0,1019.54
2023-07-05 05:00:00,14.983333333333333,14.983333333333333,0.89,3.22,283.0,15.552600000000002,0.0,1019.66
2023-07-05 06:00:00,17.650000000000002,17.650000000000002,0.84,3.4293,301.0,16.1,0.0,1019.44
2023-07-05 07:00:00,22.049999999999997,22.049999999999997,0.68,8.05,340.0,16.1,0.0,1019.24
2023-07-05 08:00:00,24.966666666666665,24.966666666666665,0.57,7.711900000000001,342.0,15.552600000000002,0.0,1019.18
2023-07-05 09:00:00,27.22222222222222,27.861111111111114,0.53,9.5473,359.0,16.1,0.0,1019.13
2023-07-05 10:00:00,28.983333333333334,28.56666666666667,0.4,11.0607,330.0,16.1,0.0,1018.82
2023-07-05 11:00:00,30.283333333333335,29.516666666666666,0.36,8.9677,349.0,15.552600000000002,0.0,1018.57
2023-07-05 12:00:00,31.25,30.849999999999998,0.37,9.821,319.0,16.1,0.0,1018.41
2023-07-05 13:00:00,32.3,32.788888888888884,0.4,5.055400000000001,304.0,16.1,0.0,1017.98
2023-07-05 14:00:00,32.416666666666664,32.12777777777777,0.36,8.8389,323.0,15.552600000000002,0.0,1017.71
2023-07-05 15:00:00,32.82777777777778,32.84444444444445,0.37,9.8854,280.0,16.1,0.0,1016.99
2023-07-05 16:00:00,30.177777777777774,29.822222222222226,0.39,11.398800000000001,299.0,16.1,0.0,1016.79
2023-07-05 17:00:00,32.449999999999996,31.799999999999997,0.33,10.948,311.0,15.552600000000002,0.0,1016.52
2023-07-05 18:00:00,32.25,31.733333333333334,0.35,11.414900000000001,310.0,16.1,0.0,1016.19
2023-07-05 19:00:00,30.100000000000005,29.74444444444445,0.39,11.382700000000002,299.0,16.1,0.0,1016.09
2023-07-05 20:00:00,27.82777777777778,28.266666666666666,0.5,7.7440999999999995,281.0,15.552600000000002,0.0,1016.18
2023-07-05 21:00:00,23.055555555555557,23.055555555555557,0.65,9.8693,261.0,16.1,0.0,1016.29
2023-07-05 22:00:00,22.350000000000005,22.350000000000005,0.7,6.6654,270.0,16.1,0.0,1016.68
2023-07-05 23:00:00,21.31666666666667,21.31666666666667,0.73,6.2468,271.0,15.1823,0.0,1016.71
2023-07-06 00:00:00,19.572222222222226,19.572222222222226,0.8,3.4293,247.0,16.1,0.0,1016.89
2023-07-06 01:00:00,18.461111111111116,18.461111111111116,0.83,3.1556,237.0,16.1,0.0,1017.1
2023-07-06 02:00:00,18.54444444444444,18.54444444444444,0.81,3.22,273.0,15.1823,0.0,1017.02
2023-07-06 03:00:00,17.227777777777774,17.227777777777774,0.87,3.4454000000000002,310.0,16.1,0.0,1016.82
2023-07-06 04:00:00,16.67777777777778,16.67777777777778,0.87,3.4132000000000002,302.0,16.1,0.0,1016.92
2023-07-06 05:00:00,16.644444444444446,16.644444444444446,0.88,5.2486,272.0,15.1823,0.0,1017.15
2023-07-06 06:00:00,18.761111111111106,18.761111111111106,0.9,4.508,204.0,16.1,0.0,1017.4
2023-07-06 07:00:00,22.583333333333336,22.583333333333336,0.73,1.61,264.0,16.1,0.0,1017.11
2023-07-06 08:00:00,27.283333333333335,28.172222222222217,0.57,2.9785000000000004,1.0,15.552600000000002,0.0,1017.07
2023-07-06 09:00:00,29.95555555555556,31.049999999999997,0.5,1.7710000000000004,354.0,16.1,0.0,1017.08
2023-07-06 10:00:00,31.13333333333334,31.172222222222224,0.41,4.459700000000001,177.0,16.1,0.0,1016.91
2023-07-06 11:00:00,32.111111111111114,31.62777777777778,0.35,7.3255,203.0,15.552600000000002,0.0,1017.33
2023-07-06 12:00:00,32.77777777777778,32.0,0.32,12.735100000000001,212.0,16.1,0.0,1017.29
2023-07-06 13:00:00,33.83888888888888,33.42222222222222,0.32,10.770900000000001,183.0,16.1,0.0,1016.99
2023-07-06 14:00:00,33.78333333333333,32.75,0.28,8.0983,230.0,15.552600000000002,0.0,1016.86
2023-07-06 15:00:00,33.888888888888886,33.099999999999994,0.3,1.6261,168.0,16.1,0.0,1016.69
2023-07-06 16:00:00,32.916666666666664,32.87222222222223,0.36,10.770900000000001,268.0,16.1,0.0,1016.48
2023-07-06 17:00:00,33.922222222222224,33.03333333333333,0.29,11.0768,224.0,15.552600000000002,0.0,1016.24
2023-07-06 18:00:00,32.89444444444444,32.077777777777776,0.31,11.237800000000002,211.0,16.1,0.0,1015.98
2023-07-06 19:00:00,31.25,30.86111111111111,0.37,9.1448,221.0,16.1,0.0,1016.07
2023-07-06 20:00:00,27.933333333333334,28.47222222222222,0.51,7.1645,223.0,15.552600000000002,0.0,1016.13
2023-07-06 21:00:00,25.18888888888889,25.18888888888889,0.57,9.579500000000001,230.0,16.1,0.0,1016.47
2023-07-06 22:00:00,22.994444444444444,22.994444444444444,0.67,6.488300000000001,221.0,16.1,0.0,1017.07
2023-07-06 23:00:00,22.194444444444443,22.194444444444443,0.73,3.1556,220.0,15.1823,0.0,1017.05
2023-07-07 00:00:00,20.144444444444446,20.144444444444446,0.8,3.3649,184.0,16.1,0.0,1016.99
2023-07-07 01:00:00,19.638888888888886,19.638888888888886,0.83,3.4776000000000002,205.0,16.1,0.0,1017.18
2023-07-07 02:00:00,20.349999999999998,20.349999999999998,0.77,5.2003,176.0,15.1823,0.0,1017.15
2023-07-07 03:00:00,19.450000000000003,19.450000000000003,0.78,6.2468,171.0,16.1,0.0,1016.99
2023-07-07 04:00:00,18.966666666666665,18.966666666666665,0.81,3.1556,182.0,16.1,0.0,1016.79
2023-07-07 05:00:00,19.366666666666667,19.366666666666667,0.83,2.4311000000000003,189.0,15.1823,0.0,1016.79
2023-07-07 06:00:00,18.972222222222225,18.972222222222225,0.84,6.44,170.0,16.0517,0.0,1016.9
2023-07-07 07:00:00,22.23333333333333,22.23333333333333,0.79,2.9624,182.0,16.1,0.0,1016.81
2023-07-07 08:00:00,27.43333333333333,28.35555555555556,0.57,7.647500000000001,244.0,15.552600000000002,0.0,1016.72
2023-07-07 09:00:00,29.92777777777778,31.772222222222222,0.55,7.567000000000001,231.0,16.1,0.0,1016.6
2023-07-07 10:00:00,32.150000000000006,33.516666666666666,0.45,10.0786,199.0,16.1,0.0,1016.29
2023-07-07 11:00:00,32.81666666666666,33.66111111111112,0.41,10.770900000000001,226.0,15.552600000000002,0.0,1016.01
2023-07-07 12:00:00,33.955555555555556,35.02777777777778,0.39,10.432800000000002,193.0,16.1,0.0,1015.79
2023-07-07 13:00:00,35.044444444444444,36.083333333333336,0.36,8.8228,243.0,16.1,0.0,1015.48
2023-07-07 14:00:00,34.99444444444444,35.599999999999994,0.34,9.724400000000001,223.0,15.552600000000002,0.0,1015.05
2023-07-07 15:00:00,35.18333333333333,35.56666666666666,0.33,9.2253,211.0,16.1,0.0,1014.28
2023-07-07 16:00:00,35.138888888888886,36.172222222222224,0.35,9.193100000000001,213.0,16.1,0.0,1013.87
2023-07-07 17:00:00,35.144444444444446,36.00555555555556,0.35,9.3541,205.0,15.552600000000002,0.0,1013.46
2023-07-07 18:00:00,34.050000000000004,35.12777777777778,0.38,13.8299,201.0,16.1,0.0,1013.06
2023-07-07 19:00:00,32.41111111111112,33.74444444444444,0.44,9.450700000000001,209.0,16.1,0.0,1012.95
2023-07-07 20:00:00,29.533333333333328,30.805555555555557,0.53,9.048200000000001,214.0,15.552600000000002,0.0,1012.92
2023-07-07 21:00:00,26.33888888888889,26.33888888888889,0.64,7.824600000000001,199.0,16.1,0.0,1012.65
2023-07-07 22:00:00,25.18888888888889,25.18888888888889,0.66,6.488300000000001,181.0,15.1823,0.0,1012.65
2023-07-07 23:00:00,25.016666666666666,25.016666666666666,0.67,6.3756,187.0,15.552600000000002,0.0,1012.56
2023-07-08 00:00:00,23.433333333333337,23.433333333333337,0.71,6.279,180.0,16.1,0.0,1012.26
2023-07-08 01:00:00,22.805555555555557,22.805555555555557,0.73,6.0858,171.0,16.1,0.0,1011.67
2023-07-08 02:00:00,22.150000000000002,22.150000000000002,0.74,6.4561,174.0,15.552600000000002,0.0,1011.24
2023-07-08 03:00:00,20.583333333333332,20.583333333333332,0.78,6.3434,153.0,16.1,0.0,1010.76
2023-07-08 04:00:00,20.02777777777778,20.02777777777778,0.81,10.722600000000002,151.0,16.1,0.0,1010.48
2023-07-08 05:00:00,19.050000000000004,19.050000000000004,0.88,3.22,231.0,14.3934,0.0,1010.7
2023-07-08 06:00:00,21.094444444444445,21.094444444444445,0.79,3.4454000000000002,170.0,12.2521,0.0,1010.37
2023-07-08 07:00:00,23.899999999999995,23.899999999999995,0.69,11.9945,142.0,15.1823,0.0,1010.25
2023-07-08 08:00:00,27.211111111111116,28.077777777777783,0.56,10.0786,155.0,14.7637,0.0,1009.94
2023-07-08 09:00:00,30.02777777777778,30.75,0.48,12.075000000000001,163.0,16.1,0.0,1009.89
2023-07-08 10:00:00,32.266666666666666,33.00555555555555,0.42,12.992700000000001,152.0,16.1,0.0,1009.58
2023-07-08 11:00:00,33.761111111111106,34.349999999999994,0.37,12.5097,201.0,15.552600000000002,0.0,1009.15
2023-07-08 12:00:00,35.0,35.80555555555556,0.35,9.321900000000001,182.0,16.1,0.0,1008.77
2023-07-08 13:00:00,36.08888888888888,36.08888888888888,0.29,10.8836,190.0,16.1,0.0,1008.17
2023-07-08 14:00:00,36.05555555555556,36.849999999999994,0.32,9.2575,188.0,15.552600000000002,0.0,1007.45
2023-07-08 15:00:00,36.205555555555556,36.672222222222224,0.31,12.558,199.0,16.1,0.0,1006.46
2023-07-08 16:00:00,36.205555555555556,37.19444444444444,0.33,17.3558,172.0,16.1,0.0,1005.64
2023-07-08 17:00:00,35.111111111111114,35.26666666666667,0.32,20.3826,183.0,15.552600000000002,0.0,1005.15
2023-07-08 18:00:00,33.544444444444444,33.30555555555556,0.34,19.8674,196.0,15.6009,0.0,1004.87
2023-07-08 19:00:00,25.944444444444443,25.944444444444443,0.61,38.4307,320.0,6.1985,0.0,1005.38
2023-07-08 20:00:00,24.311111111111114,24.311111111111114,0.67,12.8317,352.0,10.3523,0.0,1007.58
2023-07-08 21:00:00,22.58888888888889,22.58888888888889,0.74,12.88,330.0,15.826300000000002,0.0,1007.01
2023-07-08 22:00:00,22.61666666666666,22.61666666666666,0.77,11.801300000000001,343.0,15.826300000000002,0.0,1007.85
2023-07-08 23:00:00,22.005555555555556,22.005555555555556,0.74,25.212600000000002,315.0,9.7888,0.0,1010.06
2023-07-09 00:00:00,21.32222222222222,21.32222222222222,0.67,33.34310000000001,320.0,14.9086,0.0,1011.49
2023-07-09 01:00:00,16.25,16.25,0.93,29.8494,340.0,4.2987,0.0,1012.2
2023-07-09 02:00:00,17.0,17.0,0.92,13.491800000000001,325.0,9.982000000000001,0.0,1012.55
2023-07-09 03:00:00,16.73888888888889,16.73888888888889,0.93,10.706500000000002,338.0,15.1823,0.0,1011.96
2023-07-09 04:00:00,17.266666666666666,17.266666666666666,0.91,11.0446,329.0,15.1823,0.0,1011.89
2023-07-09 05:00:00,16.788888888888888,16.788888888888888,0.91,10.368400000000001,327.0,15.1823,0.0,1012.42
2023-07-09 06:00:00,17.244444444444444,17.244444444444444,0.93,5.0232,265.0,16.1,0.0,1013.29
2023-07-09 07:00:00,17.755555555555556,17.755555555555556,0.97,14.457800000000002,272.0,9.982000000000001,0.0,1012.9
2023-07-09 08:00:00,17.788888888888884,17.788888888888884,0.96,14.876400000000002,293.0,10.3523,0.0,1013.95
2023-07-09 09:00:00,17.77777777777778,17.77777777777778,0.97,11.253900000000002,308.0,9.982000000000001,0.0,1014.41
2023-07-09 10:00:00,18.911111111111115,18.911111111111115,0.84,14.168000000000003,290.0,11.9784,0.0,1014.08
2023-07-09 11:00:00,19.92777777777778,19.92777777777778,0.79,13.202,293.0,14.9569,0.0,1014.94
2023-07-09 12:00:00,19.92777777777778,19.92777777777778,0.69,19.819100000000002,308.0,9.982000000000001,0.0,1015.34
2023-07-09 13:00:00,20.949999999999996,20.949999999999996,0.61,15.568700000000002,299.0,15.826300000000002,0.0,1015.53
2023-07-09 14:00:00,20.04444444444444,20.04444444444444,0.61,14.6671,303.0,15.3111,0.0,1015.49
2023-07-09 15:00:00,20.07222222222222,20.07222222222222,0.62,14.1358,279.0,15.826300000000002,0.0,1015.39
2023-07-09 16:00:00,20.09444444444445,20.09444444444445,0.64,14.168000000000003,260.0,15.826300000000002,0.0,1015.2
2023-07-09 17:00:00,20.316666666666663,20.316666666666663,0.66,11.930100000000001,259.0,15.3111,0.0,1015.06
2023-07-09 18:00:00,21.18333333333333,21.18333333333333,0.63,11.3666,242.0,16.1,0.0,1014.88
2023-07-09 19:00:00,20.166666666666668,20.166666666666668,0.71,11.0768,260.0,16.1,0.0,1014.99
2023-07-09 20:00:00,19.261111111111113,19.261111111111113,0.75,9.305800000000001,257.0,15.552600000000002,0.0,1015.32
2023-07-09 21:00:00,17.38888888888889,17.38888888888889,0.86,10.0303,254.0,16.1,0.0,1016.0
2023-07-09 22:00:00,16.73888888888889,16.73888888888889,0.86,6.8425,267.0,16.1,0.0,1016.92
2023-07-09 23:00:00,17.33888888888889,17.33888888888889,0.83,10.384500000000001,275.0,15.552600000000002,0.0,1017.32
2023-07-10 00:00:00,16.227777777777778,16.227777777777778,0.88,11.672500000000001,274.0,16.1,0.0,1017.77
2023-07-10 01:00:00,16.083333333333332,16.083333333333332,0.77,14.329,301.0,16.1,0.0,1018.07
2023-07-10 02:00:00,15.5,15.5,0.71,13.507900000000001,322.0,15.552600000000002,0.0,1018.26
2023-07-10 03:00:00,14.994444444444447,14.994444444444447,0.69,17.436300000000003,320.0,16.1,0.0,1018.78
2023-07-10 04:00:00,13.955555555555556,13.955555555555556,0.72,14.2646,329.0,16.1,0.0,1019.29
2023-07-10 05:00:00,13.399999999999999,13.399999999999999,0.73,13.363000000000001,329.0,15.552600000000002,0.0,1019.9
2023-07-10 06:00:00,12.872222222222224,12.872222222222224,0.83,11.0768,319.0,16.1,0.0,1020.64
2023-07-10 07:00:00,16.06666666666667,16.06666666666667,0.68,12.8156,320.0,16.1,0.0,1021.04
2023-07-10 08:00:00,17.766666666666666,17.766666666666666,0.64,11.785200000000001,349.0,15.552600000000002,0.0,1021.32
2023-07-10 09:00:00,18.93888888888889,18.93888888888889,0.56,17.5329,338.0,16.1,0.0,1021.22
2023-07-10 10:00:00,21.088888888888885,21.088888888888885,0.52,10.0625,339.0,10.255700000000001,0.0,1021.12
2023-07-10 11:00:00,22.17222222222222,22.17222222222222,0.38,17.2753,347.0,10.577700000000002,0.0,1020.89
2023-07-10 12:00:00,22.24444444444445,22.24444444444445,0.35,17.4524,310.0,10.255700000000001,0.0,1020.65
2023-07-10 13:00:00,22.77777777777778,22.77777777777778,0.32,15.842400000000001,328.0,10.255700000000001,0.0,1020.33
2023-07-10 14:00:00,22.855555555555554,22.855555555555554,0.39,14.2646,307.0,10.577700000000002,0.0,1019.88
2023-07-10 15:00:00,22.84444444444445,22.84444444444445,0.37,15.906800000000002,292.0,10.255700000000001,0.0,1019.51
2023-07-10 16:00:00,22.82222222222222,22.82222222222222,0.38,17.7583,311.0,10.255700000000001,0.0,1019.02
2023-07-10 17:00:00,23.005555555555553,23.005555555555553,0.35,19.4649,310.0,15.552600000000002,0.0,1018.65
2023-07-10 18:00:00,22.800000000000004,22.800000000000004,0.37,22.024800000000003,292.0,16.1,0.0,1018.22
2023-07-10 19:00:00,22.24444444444445,22.24444444444445,0.38,15.504300000000002,290.0,16.1,0.0,1018.22
2023-07-10 20:00:00,18.600000000000005,18.600000000000005,0.55,9.193100000000001,295.0,15.552600000000002,0.0,1018.53
2023-07-10 21:00:00,15.18333333333333,15.18333333333333,0.76,4.8944,317.0,16.1,0.0,1018.81
2023-07-10 22:00:00,14.494444444444447,14.494444444444447,0.79,6.488300000000001,271.0,16.1,0.0,1019.3
2023-07-10 23:00:00,13.81111111111111,13.81111111111111,0.79,3.3327,291.0,15.1823,0.0,1019.53
2023-07-11 00:00:00,12.272222222222224,12.272222222222224,0.89,6.601,282.0,16.1,0.0,1019.72
2023-07-11 01:00:00,11.694444444444443,11.694444444444443,0.9,6.1502,300.0,16.1,0.0,1019.92
2023-07-11 02:00:00,11.727777777777778,11.727777777777778,0.86,3.2361,343.0,15.1823,0.0,1019.84
2023-07-11 03:00:00,11.016666666666666,11.016666666666666,0.89,6.2468,291.0,16.1,0.0,1019.63
2023-07-11 04:00:00,10.533333333333335,10.533333333333335,0.89,0.0,0.0,16.1,0.0,1019.64
2023-07-11 05:00:00,10.038888888888888,10.038888888888888,0.92,5.1037,265.0,15.1823,0.0,1019.72
2023-07-11 06:00:00,12.066666666666666,12.066666666666666,0.93,4.83,330.0,16.1,0.0,1019.65
2023-07-11 07:00:00,16.93333333333333,16.93333333333333,0.68,1.6905000000000001,62.0,16.1,0.0,1019.73
2023-07-11 08:00:00,18.67777777777778,18.67777777777778,0.54,0.3381,32.0,15.552600000000002,0.0,1019.85
2023-07-11 09:00:00,21.016666666666666,21.016666666666666,0.46,8.05,170.0,16.1,0.0,1019.91
2023-07-11 10:00:00,22.194444444444443,22.194444444444443,0.38,0.0,0.0,16.1,0.0,1019.91
2023-07-11 11:00:00,23.850000000000005,23.850000000000005,0.36,3.6064000000000007,301.0,15.552600000000002,0.0,1019.57
2023-07-11 12:00:00,24.97222222222222,24.97222222222222,0.36,11.012400000000001,249.0,16.1,0.0,1019.0
2023-07-11 13:00:00,26.06111111111111,26.06111111111111,0.39,10.9319,233.0,16.1,0.0,1018.59
2023-07-11 14:00:00,26.18333333333333,26.18333333333333,0.35,14.5544,260.0,15.552600000000002,0.0,1017.81
2023-07-11 15:00:00,27.194444444444443,26.855555555555558,0.37,14.2324,250.0,16.1,0.0,1017.01
2023-07-11 16:00:00,27.216666666666665,26.861111111111107,0.37,12.6868,270.0,16.1,0.0,1016.51
2023-07-11 17:00:00,27.299999999999997,26.744444444444444,0.33,13.3952,272.0,15.552600000000002,0.0,1016.11
2023-07-11 18:00:00,27.216666666666665,26.955555555555552,0.39,12.6224,270.0,16.1,0.0,1015.38
2023-07-11 19:00:00,26.083333333333332,26.083333333333332,0.42,9.3863,270.0,16.1,0.0,1015.1
2023-07-11 20:00:00,22.816666666666663,22.816666666666663,0.59,4.6851,284.0,15.552600000000002,0.0,1015.12
2023-07-11 21:00:00,20.09444444444445,20.09444444444445,0.72,0.0,0.0,16.1,0.0,1015.39
2023-07-11 22:00:00,18.81666666666667,18.81666666666667,0.75,0.0,0.0,16.1,0.0,1015.8
2023-07-11 23:00:00,17.700000000000003,17.700000000000003,0.81,2.9302,332.0,15.552600000000002,0.0,1015.85
2023-07-12 00:00:00,15.577777777777776,15.577777777777776,0.9,3.22,320.0,16.1,0.0,1016.1
2023-07-12 01:00:00,15.072222222222223,15.072222222222223,0.92,0.0,0.0,16.1,0.0,1015.72
2023-07-12 02:00:00,15.166666666666666,15.166666666666666,0.89,3.22,340.0,15.1823,0.0,1015.59
2023-07-12 03:00:00,13.91111111111111,13.91111111111111,0.93,2.7853000000000003,328.0,16.1,0.0,1015.54
2023-07-12 04:00:00,13.399999999999999,13.399999999999999,0.93,3.1717,308.0,16.1,0.0,1015.52
2023-07-12 05:00:00,13.516666666666666,13.516666666666666,0.93,2.9785000000000004,271.0,15.150100000000002,0.0,1015.57
2023-07-12 06:00:00,14.97777777777778,14.97777777777778,0.93,1.5295,310.0,16.0517,0.0,1015.81
2023-07-12 07:00:00,18.755555555555556,18.755555555555556,0.78,4.9588,339.0,16.1,0.0,1015.75
2023-07-12 08:00:00,22.538888888888884,22.538888888888884,0.57,2.0608,0.0,15.552600000000002,0.0,1016.08
2023-07-12 09:00:00,24.88333333333334,24.88333333333334,0.45,3.1556,348.0,16.1,0.0,1016.31
2023-07-12 10:00:00,26.083333333333332,26.083333333333332,0.36,3.4293,329.0,16.1,0.0,1016.22
2023-07-12 11:00:00,27.22222222222222,26.694444444444443,0.33,4.652900000000001,316.0,15.552600000000002,0.0,1016.24
2023-07-12 12:00:00,27.82222222222222,27.11111111111111,0.33,3.4132000000000002,251.0,10.255700000000001,0.0,1016.1
2023-07-12 13:00:00,27.84444444444445,27.38333333333334,0.38,12.6868,300.0,10.255700000000001,0.0,1015.8
2023-07-12 14:00:00,29.07222222222222,28.183333333333337,0.34,13.250300000000001,316.0,10.577700000000002,0.0,1015.24
2023-07-12 15:00:00,30.04444444444444,29.177777777777774,0.35,9.595600000000001,308.0,10.255700000000001,0.0,1014.6
2023-07-12 16:00:00,30.06666666666667,29.099999999999998,0.34,10.0786,280.0,10.255700000000001,0.0,1014.3
2023-07-12 17:00:00,30.100000000000005,28.827777777777776,0.3,10.110800000000001,292.0,10.577700000000002,0.0,1013.96
2023-07-12 18:00:00,29.00555555555555,28.238888888888887,0.35,9.708300000000001,302.0,16.1,0.0,1013.59
2023-07-12 19:00:00,28.377777777777776,27.83333333333333,0.38,10.9158,299.0,16.1,0.0,1013.49
2023-07-12 20:00:00,24.755555555555556,24.755555555555556,0.59,1.7871000000000004,271.0,15.552600000000002,0.0,1013.46
2023-07-12 21:00:00,20.21111111111111,20.21111111111111,0.82,0.0,0.0,16.1,0.0,1013.6
2023-07-12 22:00:00,19.516666666666666,19.516666666666666,0.77,0.0,0.0,16.1,0.0,1014.0
2023-07-12 23:00:00,19.200000000000003,19.200000000000003,0.78,2.6082000000000005,191.0,15.552600000000002,0.0,1014.04
2023-07-13 00:00:00,17.783333333333335,17.783333333333335,0.81,6.1985,211.0,16.1,0.0,1013.99
2023-07-13 01:00:00,18.316666666666666,18.316666666666666,0.78,3.22,170.0,16.1,0.0,1013.61
2023-07-13 02:00:00,17.650000000000002,17.650000000000002,0.82,5.2969,168.0,15.1823,0.0,1013.35
2023-07-13 03:00:00,17.27777777777778,17.27777777777778,0.83,6.391700000000001,163.0,16.1,0.0,1012.88
2023-07-13 04:00:00,16.233333333333334,16.233333333333334,0.86,6.279,163.0,16.1,0.0,1012.57
2023-07-13 05:00:00,16.73888888888889,16.73888888888889,0.86,5.425700000000001,188.0,15.1823,0.0,1012.46
2023-07-13 06:00:00,18.011111111111113,18.011111111111113,0.95,7.212800000000001,214.0,9.982000000000001,0.0,1012.6
2023-07-13 07:00:00,20.99444444444445,20.99444444444445,0.74,18.193,301.0,9.982000000000001,0.0,1013.57
2023-07-13 08:00:00,21.961111111111112,21.961111111111112,0.61,16.7601,314.0,9.982000000000001,0.0,1013.68
2023-07-13 09:00:00,17.872222222222224,17.872222222222224,0.89,17.2753,309.0,9.982000000000001,0.0,1014.56
2023-07-13 10:00:00,18.983333333333334,18.983333333333334,0.89,9.434600000000001,326.0,9.982000000000001,0.0,1015.79
2023-07-13 11:00:00,19.922222222222224,19.922222222222224,0.85,10.8192,331.0,10.577700000000002,0.0,1015.72
2023-07-13 12:00:00,21.16111111111111,21.16111111111111,0.79,5.570600000000001,298.0,9.982000000000001,0.0,1015.4
2023-07-13 13:00:00,22.299999999999997,22.299999999999997,0.64,16.309300000000004,293.0,9.982000000000001,0.0,1015.29
2023-07-13 14:00:00,21.37222222222222,21.37222222222222,0.76,13.4435,295.0,10.3523,0.0,1015.33
2023-07-13 15:00:00,21.27777777777778,21.27777777777778,0.77,11.543700000000001,263.0,10.255700000000001,0.0,1015.38
2023-07-13 16:00:00,21.305555555555554,21.305555555555554,0.72,14.2163,254.0,10.255700000000001,0.0,1015.18
2023-07-13 17:00:00,21.51666666666667,21.51666666666667,0.75,11.9945,261.0,10.577700000000002,0.0,1014.81
2023-07-13 18:00:00,22.76111111111111,22.76111111111111,0.65,17.3558,262.0,10.255700000000001,0.0,1014.43
2023-07-13 19:00:00,22.199999999999996,22.199999999999996,0.67,10.9641,263.0,10.255700000000001,0.0,1014.53
2023-07-13 20:00:00,20.355555555555554,20.355555555555554,0.76,12.2521,265.0,15.552600000000002,0.0,1014.98
2023-07-13 21:00:00,19.01111111111111,19.01111111111111,0.83,11.237800000000002,261.0,16.1,0.0,1015.23
2023-07-13 22:00:00,18.433333333333337,18.433333333333337,0.83,6.7620000000000005,262.0,16.1,0.0,1015.82
2023-07-13 23:00:00,18.516666666666666,18.516666666666666,0.83,10.1913,273.0,15.552600000000002,0.0,1016.08
2023-07-14 00:00:00,18.40555555555555,18.40555555555555,0.86,10.9158,271.0,16.1,0.0,1016.11
2023-07-14 01:00:00,17.849999999999998,17.849999999999998,0.89,11.2056,271.0,16.1,0.0,1015.76
2023-07-14 02:00:00,18.000000000000004,18.000000000000004,0.88,10.0303,292.0,15.552600000000002,0.0,1015.88
2023-07-14 03:00:00,18.35555555555556,18.35555555555556,0.86,10.948,290.0,16.1,0.0,1015.55
2023-07-14 04:00:00,18.333333333333332,18.333333333333332,0.84,11.270000000000001,300.0,16.1,0.0,1015.54
2023-07-14 05:00:00,18.322222222222226,18.322222222222226,0.84,6.230700000000001,294.0,15.1823,0.0,1015.6
2023-07-14 06:00:00,18.82222222222222,18.82222222222222,0.78,9.6117,290.0,16.1,0.0,1015.65
2023-07-14 07:00:00,19.88333333333334,19.88333333333334,0.74,10.9319,309.0,16.1,0.0,1015.93
2023-07-14 08:00:00,20.98888888888889,20.98888888888889,0.69,14.6671,302.0,15.552600000000002,0.0,1016.17
2023-07-14 09:00:00,22.733333333333334,22.733333333333334,0.62,14.457800000000002,309.0,9.982000000000001,0.0,1016.14
2023-07-14 10:00:00,22.82777777777778,22.82777777777778,0.62,14.4739,300.0,9.982000000000001,0.0,1016.22
2023-07-14 11:00:00,23.93888888888889,23.93888888888889,0.53,16.4059,304.0,10.3523,0.0,1016.06
2023-07-14 12:00:00,26.06666666666667,26.06666666666667,0.5,17.5973,300.0,9.982000000000001,0.0,1016.12
2023-07-14 13:00:00,26.088888888888885,26.088888888888885,0.5,22.0892,291.0,10.255700000000001,0.0,1015.83
2023-07-14 14:00:00,26.18333333333333,26.18333333333333,0.49,17.243100000000002,311.0,10.3523,0.0,1016.03
2023-07-14 15:00:00,26.13333333333334,26.13333333333334,0.5,20.5597,300.0,9.982000000000001,0.0,1015.82
2023-07-14 16:00:00,25.155555555555555,25.155555555555555,0.53,14.651,299.0,9.982000000000001,0.0,1015.52
2023-07-14 17:00:00,25.33888888888889,25.33888888888889,0.52,15.6009,303.0,10.3523,0.0,1015.8
2023-07-14 18:00:00,26.06111111111111,26.06111111111111,0.5,16.2288,291.0,15.826300000000002,0.0,1015.61
2023-07-14 19:00:00,25.04444444444444,25.04444444444444,0.54,15.504300000000002,310.0,16.1,0.0,1015.69
2023-07-14 20:00:00,23.150000000000002,23.150000000000002,0.63,7.3416,302.0,15.552600000000002,0.0,1015.74
2023-07-14 21:00:00,19.166666666666668,19.166666666666668,0.83,8.0017,279.0,16.1,0.0,1016.01
2023-07-14 22:00:00,19.099999999999998,19.099999999999998,0.8,6.5044,261.0,16.1,0.0,1016.68
2023-07-14 23:00:00,19.73888888888889,19.73888888888889,0.77,6.1502,248.0,15.552600000000002,0.0,1016.62
2023-07-15 00:00:00,19.499999999999996,19.499999999999996,0.81,3.5259,244.0,16.1,0.0,1016.72
2023-07-15 01:00:00,18.916666666666668,18.916666666666668,0.81,11.125100000000002,250.0,16.1,0.0,1016.91
2023-07-15 02:00:00,18.22222222222222,18.22222222222222,0.83,6.1985,260.0,15.552600000000002,0.0,1017.03
2023-07-15 03:00:00,18.388888888888886,18.388888888888886,0.84,6.7942,259.0,16.1,0.0,1016.81
2023-07-15 04:00:00,17.855555555555554,17.855555555555554,0.87,6.7620000000000005,262.0,16.1,0.0,1016.69
2023-07-15 05:00:00,17.13888888888889,17.13888888888889,0.87,6.0858,248.0,15.552600000000002,0.0,1016.94
2023-07-15 06:00:00,17.855555555555554,17.855555555555554,0.9,0.6601,280.0,16.1,0.0,1017.29
2023-07-15 07:00:00,21.999999999999996,21.999999999999996,0.74,11.543700000000001,289.0,16.1,0.0,1017.21
2023-07-15 08:00:00,22.800000000000004,22.800000000000004,0.71,13.041,283.0,10.577700000000002,0.0,1017.47
2023-07-15 09:00:00,24.95555555555556,24.95555555555556,0.55,24.8584,300.0,15.826300000000002,0.0,1017.61
2023-07-15 10:00:00,27.10555555555556,27.366666666666667,0.48,25.116,300.0,9.982000000000001,0.0,1017.61
2023-07-15 11:00:00,27.28888888888889,27.677777777777774,0.5,21.686700000000002,293.0,10.577700000000002,0.0,1017.79
2023-07-15 12:00:00,27.800000000000004,28.122222222222224,0.49,31.0891,291.0,10.255700000000001,0.0,1017.81
2023-07-15 13:00:00,28.86111111111111,29.038888888888884,0.46,23.489900000000002,282.0,10.255700000000001,0.0,1017.44
2023-07-15 14:00:00,29.033333333333335,28.86111111111111,0.42,26.323500000000003,309.0,10.577700000000002,0.0,1017.22
2023-07-15 15:00:00,28.977777777777774,28.82222222222222,0.43,26.4523,299.0,16.1,0.0,1017.22
2023-07-15 16:00:00,29.02777777777778,28.61111111111111,0.4,22.024800000000003,309.0,16.1,0.0,1016.84
2023-07-15 17:00:00,29.18333333333333,28.661111111111115,0.39,21.3164,323.0,15.552600000000002,0.0,1016.97
2023-07-15 18:00:00,28.93333333333333,28.28888888888889,0.37,17.806600000000003,310.0,16.1,0.0,1016.92
2023-07-15 19:00:00,27.82222222222222,27.511111111111106,0.4,15.778000000000002,301.0,16.1,0.0,1016.91
2023-07-15 20:00:00,25.427777777777774,25.427777777777774,0.48,9.305800000000001,304.0,15.552600000000002,0.0,1016.97
2023-07-15 21:00:00,21.227777777777774,21.227777777777774,0.68,9.708300000000001,291.0,16.1,0.0,1017.7
2023-07-15 22:00:00,19.61111111111111,19.61111111111111,0.77,6.5044,301.0,16.1,0.0,1018.3
2023-07-15 23:00:00,18.511111111111106,18.511111111111106,0.8,3.3166,279.0,15.552600000000002,0.0,1018.52
2023-07-16 00:00:00,17.872222222222224,17.872222222222224,0.81,3.4132000000000002,292.0,16.1,0.0,1018.62
2023-07-16 01:00:00,16.783333333333335,16.783333333333335,0.87,0.0,0.0,16.1,0.0,1018.92
2023-07-16 02:00:00,16.288888888888888,16.288888888888888,0.88,5.8765,320.0,15.1823,0.0,1019.14
2023-07-16 03:00:00,16.688888888888886,16.688888888888886,0.87,0.0,0.0,16.1,0.0,1019.02
2023-07-16 04:00:00,17.15,17.15,0.87,3.22,70.0,16.1,0.0,1019.12
2023-07-16 05:00:00,16.983333333333334,16.983333333333334,0.89,2.9624,315.0,15.1823,0.0,1019.14
2023-07-16 06:00:00,17.68888888888889,17.68888888888889,0.9,0.0,0.0,10.255700000000001,0.0,1019.52
2023-07-16 07:00:00,19.88888888888889,19.88888888888889,0.84,8.05,60.0,10.255700000000001,0.0,1019.62
2023-07-16 08:00:00,22.744444444444444,22.744444444444444,0.71,2.5921000000000003,53.0,10.577700000000002,0.0,1019.62
2023-07-16 09:00:00,27.127777777777776,27.59444444444445,0.51,5.5867,162.0,10.255700000000001,0.0,1019.72
2023-07-16 10:00:00,27.82222222222222,27.916666666666668,0.46,3.22,240.0,16.1,0.0,1019.72
2023-07-16 11:00:00,28.938888888888894,28.505555555555556,0.4,2.0125,69.0,15.552600000000002,0.0,1019.98
2023-07-16 12:00:00,29.04444444444444,28.883333333333333,0.42,10.3362,330.0,16.1,0.0,1019.88
2023-07-16 13:00:00,30.11111111111111,29.48333333333333,0.37,3.8801000000000005,64.0,16.1,0.0,1019.48
2023-07-16 14:00:00,31.300000000000004,30.81666666666667,0.37,4.781700000000001,231.0,15.552600000000002,0.0,1018.9
2023-07-16 15:00:00,32.19444444444444,31.727777777777778,0.35,7.406,280.0,16.1,0.0,1018.58
2023-07-16 16:00:00,32.21666666666667,32.69444444444444,0.41,2.8819000000000004,171.0,16.1,0.0,1018.08
2023-07-16 17:00:00,32.3,31.772222222222222,0.34,6.9069,172.0,15.552600000000002,0.0,1017.79
2023-07-16 18:00:00,32.19444444444444,33.42222222222222,0.44,0.4508000000000001,250.0,16.1,0.0,1017.39
2023-07-16 19:00:00,30.09444444444445,31.833333333333332,0.54,2.898,123.0,16.1,0.0,1017.2
2023-07-16 20:00:00,27.61666666666666,28.59444444444445,0.57,4.025,119.0,15.552600000000002,0.0,1017.5
2023-07-16 21:00:00,26.016666666666666,26.016666666666666,0.61,9.3702,120.0,16.1,0.0,1017.78
2023-07-16 22:00:00,24.81666666666667,24.81666666666667,0.61,10.7548,110.0,16.1,0.0,1018.09
2023-07-16 23:00:00,23.394444444444446,23.394444444444446,0.65,6.1985,139.0,15.552600000000002,0.0,1018.19
2023-07-17 00:00:00,21.666666666666668,21.666666666666668,0.74,6.44,130.0,16.1,0.0,1018.2
2023-07-17 01:00:00,21.06666666666667,21.06666666666667,0.74,6.295100000000001,129.0,16.1,0.0,1018.19
2023-07-17 02:00:00,20.316666666666663,20.316666666666663,0.78,3.4293,142.0,15.552600000000002,0.0,1018.38
2023-07-17 03:00:00,18.96111111111111,18.96111111111111,0.84,3.2039,120.0,16.1,0.0,1018.18
2023-07-17 04:00:00,19.516666666666666,19.516666666666666,0.78,6.166300000000001,140.0,16.1,0.0,1018.08
2023-07-17 05:00:00,19.65555555555555,19.65555555555555,0.77,9.7727,147.0,15.552600000000002,0.0,1018.27
2023-07-17 06:00:00,21.072222222222226,21.072222222222226,0.69,9.1126,140.0,10.255700000000001,0.0,1018.38
2023-07-17 07:00:00,22.716666666666665,22.716666666666665,0.66,11.125100000000002,150.0,10.255700000000001,0.0,1018.39
2023-07-17 08:00:00,25.02777777777778,25.02777777777778,0.58,11.0768,151.0,10.255700000000001,0.0,1018.46
2023-07-17 09:00:00,27.28888888888889,27.76111111111111,0.51,12.6224,142.0,10.255700000000001,0.0,1018.26
2023-07-17 10:00:00,29.977777777777774,30.400000000000002,0.46,9.6922,142.0,10.255700000000001,0.0,1017.87
2023-07-17 11:00:00,32.12222222222222,31.727777777777778,0.36,14.860300000000002,162.0,10.577700000000002,0.0,1017.7
2023-07-17 12:00:00,32.849999999999994,32.449999999999996,0.34,20.253800000000002,179.0,16.1,0.0,1017.46
2023-07-17 13:00:00,33.91111111111112,34.5611111111111,0.37,14.3612,170.0,16.1,0.0,1017.15
2023-07-17 14:00:00,33.96111111111111,34.07777777777778,0.34,10.126900000000001,174.0,15.552600000000002,0.0,1016.8
2023-07-17 15:00:00,35.0,36.077777777777776,0.36,9.4829,152.0,16.1,0.0,1016.45
2023-07-17 16:00:00,33.977777777777774,34.60555555555556,0.37,9.2736,154.0,16.1,0.0,1016.15
2023-07-17 17:00:00,34.82222222222222,35.483333333333334,0.35,8.919400000000001,187.0,15.552600000000002,0.0,1015.52
2023-07-17 18:00:00,33.888888888888886,34.97222222222222,0.39,7.824600000000001,203.0,15.826300000000002,0.0,1015.08
2023-07-17 19:00:00,32.25,33.638888888888886,0.45,4.4758,171.0,16.1,0.0,1014.79
2023-07-17 20:00:00,30.15555555555555,31.872222222222224,0.53,3.6064000000000007,141.0,10.3523,0.0,1014.73
2023-07-17 21:00:00,27.75,29.38888888888889,0.63,8.05,160.0,10.255700000000001,0.0,1015.2
2023-07-17 22:00:00,27.12222222222222,28.299999999999997,0.61,10.6743,147.0,9.708300000000001,0.0,1015.8
2023-07-17 23:00:00,26.977777777777778,28.022222222222222,0.6,9.5473,159.0,15.117900000000002,0.0,1016.42
2023-07-18 00:00:00,27.52777777777778,28.800000000000004,0.6,3.4454000000000002,110.0,15.826300000000002,0.0,1016.35
2023-07-18 01:00:00,24.34444444444444,24.34444444444444,0.7,6.3434,3.0,16.0517,0.0,1016.64
2023-07-18 02:00:00,24.238888888888887,24.238888888888887,0.74,2.8497000000000003,69.0,14.876400000000002,0.0,1016.16
2023-07-18 03:00:00,22.649999999999995,22.649999999999995,0.82,3.0751,50.0,15.729700000000001,0.0,1016.21
2023-07-18 04:00:00,20.488888888888887,20.488888888888887,0.9,8.05,60.0,15.729700000000001,0.0,1015.83
2023-07-18 05:00:00,20.300000000000004,20.300000000000004,0.91,6.0697,60.0,14.876400000000002,0.0,1016.12
2023-07-18 06:00:00,22.044444444444448,22.044444444444448,0.82,9.3541,60.0,14.812,0.0,1016.43
2023-07-18 07:00:00,24.705555555555556,24.705555555555556,0.75,8.05,30.0,15.826300000000002,0.0,1016.44
2023-07-18 08:00:00,26.827777777777783,27.994444444444444,0.62,2.7692,94.0,15.520400000000002,0.0,1016.73
2023-07-18 09:00:00,28.72222222222222,29.349999999999998,0.5,9.466800000000001,108.0,16.0517,0.0,1016.73
2023-07-18 10:00:00,31.96111111111111,32.849999999999994,0.43,4.4275,126.0,16.1,0.0,1016.44
2023-07-18 11:00:00,33.577777777777776,34.22222222222222,0.38,3.6386,108.0,13.1698,0.0,1016.25
2023-07-18 12:00:00,34.82222222222222,36.016666666666666,0.37,8.05,270.0,16.1,0.0,1016.14
2023-07-18 13:00:00,33.83888888888888,36.25,0.44,7.695800000000001,353.0,16.1,0.0,1015.74
2023-07-18 14:00:00,35.92777777777778,36.916666666666664,0.33,2.7209,62.0,15.552600000000002,0.0,1015.15
2023-07-18 15:00:00,36.011111111111106,36.477777777777774,0.31,4.83,190.0,15.826300000000002,0.0,1014.52
2023-07-18 16:00:00,34.949999999999996,36.77777777777778,0.39,0.0,0.0,15.826300000000002,0.0,1014.13
2023-07-18 17:00:00,33.17222222222222,34.42222222222222,0.42,6.4722,288.0,15.3111,0.0,1014.5
2023-07-18 18:00:00,32.65,34.21666666666667,0.44,11.382700000000002,281.0,15.826300000000002,0.0,1014.01
2023-07-18 19:00:00,30.961111111111116,33.01666666666667,0.52,3.8318,314.0,15.826300000000002,0.0,1013.32
2023-07-18 20:00:00,28.95555555555556,31.333333333333332,0.62,7.9373000000000005,5.0,15.117900000000002,0.0,1013.84
2023-07-18 21:00:00,27.52777777777778,28.272222222222222,0.54,11.801300000000001,64.0,15.729700000000001,0.0,1014.9
2023-07-18 22:00:00,26.994444444444447,27.561111111111114,0.52,10.6904,63.0,15.826300000000002,0.0,1015.25
2023-07-18 23:00:00,25.900000000000002,25.900000000000002,0.55,12.316500000000001,7.0,15.552600000000002,0.0,1015.57
2023-07-19 00:00:00,24.366666666666667,24.366666666666667,0.65,10.7548,30.0,16.1,0.0,1015.49
2023-07-19 01:00:00,24.822222222222226,24.822222222222226,0.61,11.270000000000001,60.0,16.0517,0.0,1015.11
2023-07-19 02:00:00,24.961111111111116,24.961111111111116,0.58,10.4167,76.0,15.3111,0.0,1014.52
2023-07-19 03:00:00,24.60555555555556,24.60555555555556,0.59,6.166300000000001,67.0,15.826300000000002,0.0,1014.46
2023-07-19 04:00:00,22.52777777777778,22.52777777777778,0.68,2.7692,126.0,15.826300000000002,0.0,1014.34
2023-07-19 05:00:00,22.96111111111111,22.96111111111111,0.68,6.423900000000001,80.0,14.9569,0.0,1014.04
2023-07-19 06:00:00,22.03888888888889,22.03888888888889,0.77,8.9838,20.0,9.982000000000001,0.0,1014.52
2023-07-19 07:00:00,23.70555555555556,23.70555555555556,0.7,7.6636,98.0,9.982000000000001,0.0,1014.45
2023-07-19 08:00:00,23.894444444444446,23.894444444444446,0.75,2.898,255.0,10.577700000000002,0.0,1014.26
2023-07-19 09:00:00,27.24444444444445,28.41666666666667,0.6,0.483,110.0,10.255700000000001,0.0,1014.12
2023-07-19 10:00:00,27.872222222222224,29.12777777777778,0.59,4.5563,144.0,10.255700000000001,0.0,1014.39
2023-07-19 11:00:00,29.07222222222222,29.866666666666667,0.51,12.4131,139.0,10.577700000000002,0.0,1014.34
2023-07-19 12:00:00,31.199999999999996,32.55555555555556,0.48,12.5419,159.0,16.1,0.0,1014.05
2023-07-19 13:00:00,32.261111111111106,33.672222222222224,0.45,12.558,150.0,16.1,0.0,1013.46
2023-07-19 14:00:00,32.89444444444444,34.28333333333333,0.43,13.685,160.0,15.552600000000002,0.0,1012.64
2023-07-19 15:00:00,34.92777777777778,36.111111111111114,0.37,10.642100000000001,208.0,16.1,0.0,1011.98
2023-07-19 16:00:00,34.9,36.80555555555556,0.39,8.1949,169.0,16.1,0.0,1011.11
2023-07-19 17:00:00,33.861111111111114,34.88333333333334,0.39,7.711900000000001,152.0,15.552600000000002,0.0,1010.64
2023-07-19 18:00:00,33.83888888888888,35.4388888888889,0.41,5.119800000000001,141.0,16.1,0.0,1010.0
2023-07-19 19:00:00,31.161111111111115,32.52777777777778,0.48,17.2753,120.0,16.1,0.0,1009.4
2023-07-19 20:00:00,29.15555555555556,30.616666666666667,0.56,9.9176,112.0,15.552600000000002,0.0,1009.62
2023-07-19 21:00:00,27.75,29.061111111111114,0.6,11.0446,131.0,16.1,0.0,1009.58
2023-07-19 22:00:00,26.63888888888889,26.63888888888889,0.63,10.8997,130.0,16.0517,0.0,1009.9
2023-07-19 23:00:00,25.005555555555556,25.005555555555556,0.7,10.642100000000001,140.0,15.520400000000002,0.0,1010.04
2023-07-20 00:00:00,24.416666666666668,24.416666666666668,0.72,11.0446,151.0,16.0517,0.0,1009.9
2023-07-20 01:00:00,22.77777777777778,22.77777777777778,0.79,6.423900000000001,162.0,15.826300000000002,0.0,1009.89
2023-07-20 02:00:00,22.661111111111115,22.661111111111115,0.81,5.152000000000001,156.0,15.3111,0.0,1009.65
2023-07-20 03:00:00,21.694444444444443,21.694444444444443,0.84,6.279,161.0,15.826300000000002,0.0,1009.6
2023-07-20 04:00:00,20.09444444444445,20.09444444444445,0.9,3.0751,160.0,15.826300000000002,0.0,1009.59
2023-07-20 05:00:00,20.583333333333332,20.583333333333332,0.89,4.9427,168.0,7.406,0.0,1009.46
2023-07-20 06:00:00,21.38888888888889,21.38888888888889,0.92,0.27370000000000005,330.0,8.05,0.0,1009.82
2023-07-20 07:00:00,25.0,25.0,0.78,8.227100000000002,341.0,10.2074,0.0,1010.06
2023-07-20 08:00:00,27.072222222222226,28.82222222222222,0.68,10.1752,1.0,15.552600000000002,0.0,1010.12
2023-07-20 09:00:00,27.82777777777778,29.84444444444445,0.66,11.3666,350.0,16.1,0.0,1010.41
2023-07-20 10:00:00,29.92777777777778,32.28888888888889,0.58,16.3898,348.0,16.1,0.0,1011.08
2023-07-20 11:00:00,31.144444444444446,32.95,0.5,16.905,348.0,15.552600000000002,0.0,1011.63
2023-07-20 12:00:00,32.10555555555556,33.388888888888886,0.45,16.422,340.0,16.1,0.0,1011.99
2023-07-20 13:00:00,32.17222222222222,32.7,0.41,17.6456,340.0,16.1,0.0,1011.99
2023-07-20 14:00:00,32.327777777777776,31.900000000000002,0.35,21.4613,342.0,15.552600000000002,0.0,1012.11
2023-07-20 15:00:00,32.24444444444445,32.72222222222222,0.4,17.661700000000003,338.0,16.1,0.0,1011.96
2023-07-20 16:00:00,32.266666666666666,32.266666666666666,0.38,20.6885,339.0,16.1,0.0,1011.84
2023-07-20 17:00:00,32.34444444444445,32.21666666666667,0.37,21.3969,332.0,15.552600000000002,0.0,1011.83
2023-07-20 18:00:00,31.15555555555555,30.794444444444448,0.38,15.987300000000001,338.0,16.1,0.0,1012.12
2023-07-20 19:00:00,30.022222222222226,29.200000000000003,0.35,17.291400000000003,312.0,16.1,0.0,1012.52
2023-07-20 20:00:00,28.08888888888889,28.09444444444444,0.45,10.7387,315.0,15.552600000000002,0.0,1012.68
2023-07-20 21:00:00,22.82777777777778,22.82777777777778,0.66,9.579500000000001,300.0,16.1,0.0,1013.4
2023-07-20 22:00:00,21.76666666666667,21.76666666666667,0.71,3.3971,283.0,16.1,0.0,1014.1
2023-07-20 23:00:00,20.966666666666665,20.966666666666665,0.73,3.5903,300.0,15.520400000000002,0.0,1014.26
2023-07-21 00:00:00,19.572222222222226,19.572222222222226,0.8,6.5044,301.0,16.1,0.0,1014.32
2023-07-21 01:00:00,19.522222222222222,19.522222222222222,0.8,3.4293,311.0,16.1,0.0,1014.61
2023-07-21 02:00:00,19.355555555555558,19.355555555555558,0.79,6.0858,310.0,15.1823,0.0,1014.93
2023-07-21 03:00:00,17.87777777777778,17.87777777777778,0.84,3.22,70.0,16.1,0.0,1014.81
2023-07-21 04:00:00,16.783333333333335,16.783333333333335,0.87,0.0,0.0,16.1,0.0,1014.75
2023-07-21 05:00:00,17.21666666666667,17.21666666666667,0.88,5.5867,275.0,15.1823,0.0,1015.15
2023-07-21 06:00:00,17.82777777777778,17.82777777777778,0.9,0.0,0.0,16.1,0.0,1015.8
2023-07-21 07:00:00,22.600000000000005,22.600000000000005,0.74,2.9624,337.0,16.1,0.0,1015.73
2023-07-21 08:00:00,25.900000000000002,25.900000000000002,0.56,5.2486,100.0,15.552600000000002,0.0,1015.87
2023-07-21 09:00:00,27.82222222222222,27.950000000000003,0.46,3.1556,77.0,16.1,0.0,1015.92
2023-07-21 10:00:00,30.966666666666665,31.033333333333335,0.41,2.9624,44.0,16.1,0.0,1016.01
2023-07-21 11:00:00,31.105555555555554,30.188888888888894,0.33,7.969500000000001,63.0,15.552600000000002,0.0,1016.15
2023-07-21 12:00:00,32.21666666666667,32.21666666666667,0.38,9.321900000000001,351.0,16.1,0.0,1015.9
2023-07-21 13:00:00,32.23888888888889,31.522222222222222,0.33,7.792400000000001,39.0,16.1,0.0,1015.88
2023-07-21 14:00:00,32.855555555555554,33.17222222222222,0.38,6.3756,327.0,15.552600000000002,0.0,1015.52
2023-07-21 15:00:00,32.82222222222222,33.43888888888889,0.4,11.270000000000001,0.0,16.1,0.0,1015.28
2023-07-21 16:00:00,33.861111111111114,34.06111111111111,0.35,3.3488,220.0,16.1,0.0,1014.89
2023-07-21 17:00:00,33.86666666666666,33.861111111111114,0.34,3.9767000000000006,15.0,15.552600000000002,0.0,1014.71
2023-07-21 18:00:00,33.83888888888888,34.45555555555555,0.37,1.9481000000000002,289.0,16.1,0.0,1014.39
2023-07-21 19:00:00,32.17222222222222,32.75,0.41,2.8497000000000003,132.0,16.1,0.0,1014.4
2023-07-21 20:00:00,29.172222222222224,29.78888888888889,0.49,4.395300000000001,108.0,15.552600000000002,0.0,1014.6
2023-07-21 21:00:00,26.13333333333334,26.13333333333334,0.65,4.83,130.0,16.1,0.0,1014.69
2023-07-21 22:00:00,23.88888888888889,23.88888888888889,0.79,3.22,120.0,16.1,0.0,1015.2
2023-07-21 23:00:00,24.516666666666666,24.516666666666666,0.66,5.055400000000001,200.0,15.552600000000002,0.0,1015.58
2023-07-22 00:00:00,21.71666666666667,21.71666666666667,0.81,0.0,0.0,16.1,0.0,1015.6
2023-07-22 01:00:00,21.64444444444444,21.64444444444444,0.81,3.22,130.0,16.1,0.0,1015.6
2023-07-22 02:00:00,21.794444444444448,21.794444444444448,0.8,2.9302,164.0,15.1823,0.0,1015.62
2023-07-22 03:00:00,20.533333333333328,20.533333333333328,0.85,3.22,150.0,16.1,0.0,1015.59
2023-07-22 04:00:00,20.005555555555556,20.005555555555556,0.87,3.0268,53.0,16.1,0.0,1015.6
2023-07-22 05:00:00,20.616666666666667,20.616666666666667,0.84,5.7799000000000005,150.0,15.1823,0.0,1015.56
2023-07-22 06:00:00,22.08888888888889,22.08888888888889,0.82,4.83,130.0,16.1,0.0,1015.7
2023-07-22 07:00:00,25.822222222222226,25.822222222222226,0.62,0.1449,190.0,16.1,0.0,1015.71
2023-07-22 08:00:00,27.716666666666665,28.22222222222222,0.51,7.824600000000001,138.0,15.552600000000002,0.0,1015.92
2023-07-22 09:00:00,31.06666666666667,31.194444444444443,0.41,7.856800000000001,172.0,16.1,0.0,1015.99
2023-07-22 10:00:00,32.75555555555555,32.849999999999994,0.37,3.22,170.0,16.1,0.0,1015.99
2023-07-22 11:00:00,32.94444444444444,33.56666666666667,0.39,7.7440999999999995,112.0,15.552600000000002,0.0,1015.71
2023-07-22 12:00:00,33.90555555555555,34.53888888888889,0.37,8.6779,63.0,16.1,0.0,1015.38
2023-07-22 13:00:00,34.949999999999996,36.00555555555556,0.36,4.347,115.0,16.1,0.0,1014.89
2023-07-22 14:00:00,35.011111111111106,35.53333333333333,0.34,5.0715,102.0,15.552600000000002,0.0,1014.41
2023-07-22 15:00:00,35.06666666666667,35.355555555555554,0.33,9.193100000000001,81.0,16.1,0.0,1013.7
2023-07-22 16:00:00,35.111111111111114,35.46666666666667,0.33,10.722600000000002,91.0,16.1,0.0,1013.19
2023-07-22 17:00:00,35.138888888888886,35.28333333333333,0.32,10.6582,84.0,15.552600000000002,0.0,1012.7
2023-07-22 18:00:00,33.977777777777774,34.17777777777778,0.35,10.626,93.0,16.1,0.0,1012.1
2023-07-22 19:00:00,32.84444444444445,32.44444444444444,0.34,10.513300000000001,81.0,16.1,0.0,1011.99
2023-07-22 20:00:00,30.383333333333333,30.738888888888887,0.44,7.1001,101.0,15.552600000000002,0.0,1011.83
2023-07-22 21:00:00,26.20555555555556,26.20555555555556,0.64,8.05,110.0,16.1,0.0,1011.8
2023-07-22 22:00:00,25.533333333333328,25.533333333333328,0.63,6.279,100.0,16.1,0.0,1012.02
2023-07-22 23:00:00,24.166666666666668,24.166666666666668,0.69,5.5867,77.0,15.552600000000002,0.0,1012.14
2023-07-23 00:00:00,22.22222222222222,22.22222222222222,0.79,0.0,0.0,16.1,0.0,1012.03
2023-07-23 01:00:00,21.672222222222224,21.672222222222224,0.81,0.0,0.0,16.1,0.0,1012.01
2023-07-23 02:00:00,22.505555555555556,22.505555555555556,0.77,3.1395,167.0,15.552600000000002,0.0,1012.04
2023-07-23 03:00:00,22.63888888888889,22.63888888888889,0.72,6.2468,119.0,16.1,0.0,1011.69
2023-07-23 04:00:00,23.68333333333333,23.68333333333333,0.67,10.7548,120.0,16.1,0.0,1011.29
2023-07-23 05:00:00,22.655555555555555,22.655555555555555,0.73,10.4811,126.0,15.552600000000002,0.0,1011.36
2023-07-23 06:00:00,23.616666666666667,23.616666666666667,0.7,10.7548,130.0,16.1,0.0,1011.51
2023-07-23 07:00:00,24.799999999999997,24.799999999999997,0.65,14.2002,130.0,16.1,0.0,1011.31
2023-07-23 08:00:00,27.716666666666665,28.966666666666665,0.59,14.5383,140.0,15.552600000000002,0.0,1011.43
2023-07-23 09:00:00,29.949999999999996,30.755555555555556,0.49,14.039200000000001,150.0,16.1,0.0,1011.29
2023-07-23 10:00:00,32.705555555555556,32.90555555555556,0.38,21.413000000000004,160.0,16.1,0.0,1011.19
2023-07-23 11:00:00,33.78333333333333,34.34444444444444,0.37,21.155400000000004,160.0,15.552600000000002,0.0,1011.29
2023-07-23 12:00:00,34.97222222222222,35.766666666666666,0.35,17.0821,159.0,16.1,0.0,1010.79
2023-07-23 13:00:00,36.083333333333336,36.08888888888888,0.29,17.0499,169.0,16.1,0.0,1010.38
2023-07-23 14:00:00,36.12777777777777,36.361111111111114,0.3,13.9909,146.0,15.3111,0.0,1009.78
2023-07-23 15:00:00,37.19444444444444,37.78333333333333,0.29,14.1358,150.0,15.826300000000002,0.0,1008.88
2023-07-23 16:00:00,36.15555555555555,36.62777777777778,0.31,11.4793,150.0,16.1,0.0,1008.49
2023-07-23 17:00:00,36.19444444444444,35.67777777777778,0.27,15.101800000000003,154.0,15.3111,0.0,1008.22
2023-07-23 18:00:00,34.73333333333333,34.48888888888889,0.31,14.9086,149.0,15.826300000000002,0.0,1008.01
2023-07-23 19:00:00,32.538888888888884,32.17777777777778,0.35,7.776300000000001,151.0,9.982000000000001,0.0,1008.27
2023-07-23 20:00:00,29.105555555555554,29.32222222222222,0.46,9.2575,140.0,10.3523,0.0,1009.06
2023-07-23 21:00:00,27.394444444444446,28.177777777777777,0.55,11.817400000000001,359.0,16.1,0.0,1009.64
2023-07-23 22:00:00,26.933333333333337,27.649999999999995,0.55,13.1698,22.0,16.1,0.0,1010.47
2023-07-23 23:00:00,25.938888888888886,25.938888888888886,0.58,5.2647,29.0,15.552600000000002,0.0,1010.93
2023-07-24 00:00:00,23.316666666666666,23.316666666666666,0.7,5.8121,24.0,15.826300000000002,0.0,1011.3
2023-07-24 01:00:00,22.277777777777775,22.277777777777775,0.73,6.9391,321.0,15.826300000000002,0.0,1011.58
2023-07-24 02:00:00,23.005555555555553,23.005555555555553,0.7,6.021400000000001,3.0,15.552600000000002,0.0,1012.0
2023-07-24 03:00:00,22.24444444444445,22.24444444444445,0.76,6.3756,7.0,16.1,0.0,1011.88
2023-07-24 04:00:00,21.06666666666667,21.06666666666667,0.79,6.230700000000001,39.0,16.1,0.0,1011.53
2023-07-24 05:00:00,20.616666666666667,20.616666666666667,0.81,5.9248,54.0,15.552600000000002,0.0,1011.57
2023-07-24 06:00:00,22.57222222222222,22.57222222222222,0.74,11.785200000000001,79.0,15.826300000000002,0.0,1011.55
2023-07-24 07:00:00,24.73333333333333,24.73333333333333,0.66,5.119800000000001,51.0,16.0517,0.0,1011.93
2023-07-24 08:00:00,25.894444444444446,25.894444444444446,0.62,8.033900000000001,40.0,15.552600000000002,0.0,1012.15
2023-07-24 09:00:00,27.199999999999996,28.36111111111111,0.6,8.05,62.0,16.1,0.0,1012.43
2023-07-24 10:00:00,29.86111111111111,30.383333333333333,0.47,8.4686,89.0,16.1,0.0,1012.32
2023-07-24 11:00:00,32.083333333333336,32.12777777777777,0.38,8.8711,141.0,15.552600000000002,0.0,1012.07
2023-07-24 12:00:00,33.67777777777778,33.916666666666664,0.36,7.3899,196.0,16.1,0.0,1011.63
2023-07-24 13:00:00,33.81666666666667,33.461111111111116,0.32,9.724400000000001,159.0,16.1,0.0,1011.22
2023-07-24 14:00:00,33.85,33.12222222222223,0.3,7.212800000000001,163.0,15.552600000000002,0.0,1010.76
2023-07-24 15:00:00,34.92777777777778,34.644444444444446,0.3,7.4704,231.0,16.1,0.0,1010.01
2023-07-24 16:00:00,33.955555555555556,34.516666666666666,0.37,7.856800000000001,82.0,16.1,0.0,1009.23
2023-07-24 17:00:00,34.961111111111116,34.21666666666667,0.28,3.5259,189.0,15.552600000000002,0.0,1009.02
2023-07-24 18:00:00,33.888888888888886,34.06111111111111,0.35,4.588500000000001,42.0,16.1,0.0,1008.13
2023-07-24 19:00:00,32.24444444444445,31.833333333333332,0.35,9.209200000000001,71.0,16.1,0.0,1008.11
2023-07-24 20:00:00,29.377777777777776,30.016666666666666,0.49,7.6796999999999995,49.0,15.552600000000002,0.0,1008.28
2023-07-24 21:00:00,27.17777777777778,28.066666666666663,0.57,7.6796999999999995,80.0,16.1,0.0,1009.19
2023-07-24 22:00:00,26.51111111111111,26.51111111111111,0.59,6.4722,68.0,16.1,0.0,1009.21
2023-07-24 23:00:00,23.738888888888894,23.738888888888894,0.72,5.9248,36.0,15.552600000000002,0.0,1009.13
2023-07-25 00:00:00,22.25,22.25,0.76,3.22,346.0,16.1,0.0,1009.03
2023-07-25 01:00:00,21.672222222222224,21.672222222222224,0.79,3.4293,7.0,16.1,0.0,1008.92
2023-07-25 02:00:00,22.972222222222218,22.972222222222218,0.76,6.5688,149.0,15.1823,0.0,1008.91
2023-07-25 03:00:00,21.116666666666667,21.116666666666667,0.84,8.05,70.0,16.1,0.0,1008.71
2023-07-25 04:00:00,20.583333333333332,20.583333333333332,0.84,3.1878,2.0,16.1,0.0,1008.59
2023-07-25 05:00:00,21.327777777777776,21.327777777777776,0.79,5.5384,136.0,15.552600000000002,0.0,1008.26
2023-07-25 06:00:00,22.133333333333336,22.133333333333336,0.74,7.631400000000001,167.0,16.1,0.0,1008.31
2023-07-25 07:00:00,23.77777777777778,23.77777777777778,0.7,1.6422,137.0,16.1,0.0,1008.51
2023-07-25 08:00:00,27.12222222222222,27.461111111111116,0.49,10.0625,169.0,15.552600000000002,0.0,1008.36
2023-07-25 09:00:00,29.88333333333334,29.366666666666667,0.38,12.397,170.0,16.1,0.0,1008.58
2023-07-25 10:00:00,31.13888888888889,30.22222222222222,0.33,24.6813,190.0,16.1,0.0,1008.37
2023-07-25 11:00:00,32.727777777777774,31.955555555555552,0.32,17.001600000000003,202.0,15.552600000000002,0.0,1008.32
2023-07-25 12:00:00,33.9388888888889,33.18888888888889,0.3,17.436300000000003,190.0,16.1,0.0,1007.77
2023-07-25 13:00:00,35.0,33.91111111111112,0.26,14.4739,200.0,16.1,0.0,1007.47
2023-07-25 14:00:00,34.916666666666664,34.19444444444444,0.28,11.3022,192.0,15.552600000000002,0.0,1007.12
2023-07-25 15:00:00,35.0,34.25555555555555,0.28,12.9444,189.0,16.1,0.0,1006.47
2023-07-25 16:00:00,35.050000000000004,34.71666666666667,0.3,12.799500000000002,190.0,16.1,0.0,1005.87
2023-07-25 17:00:00,34.949999999999996,34.22777777777778,0.28,9.563400000000001,206.0,15.552600000000002,0.0,1005.54
2023-07-25 18:00:00,33.888888888888886,33.15555555555556,0.3,10.8997,173.0,15.826300000000002,0.0,1004.99
2023-07-25 19:00:00,32.12222222222222,32.166666666666664,0.38,8.9838,193.0,15.826300000000002,0.0,1004.9
2023-07-25 20:00:00,29.238888888888887,29.66111111111111,0.47,8.1466,208.0,15.3111,0.0,1005.64
2023-07-25 21:00:00,25.961111111111116,25.961111111111116,0.59,7.406,207.0,15.826300000000002,0.0,1005.97
2023-07-25 22:00:00,26.994444444444447,27.561111111111114,0.52,12.799500000000002,340.0,9.982000000000001,0.0,1006.83
2023-07-25 23:00:00,25.316666666666663,25.316666666666663,0.62,13.6045,317.0,15.552600000000002,0.0,1007.66
2023-07-26 00:00:00,24.294444444444448,24.294444444444448,0.55,25.76,270.0,16.0517,0.0,1008.49
2023-07-26 01:00:00,23.28333333333333,23.28333333333333,0.65,3.6547,295.0,15.826300000000002,0.0,1007.95
2023-07-26 02:00:00,22.816666666666663,22.816666666666663,0.68,13.8138,345.0,15.439900000000002,0.0,1007.7
2023-07-26 03:00:00,22.12222222222222,22.12222222222222,0.73,27.4988,319.0,16.1,0.0,1008.75
2023-07-26 04:00:00,21.58888888888889,21.58888888888889,0.76,28.9639,320.0,16.1,0.0,1009.13
2023-07-26 05:00:00,20.227777777777774,20.227777777777774,0.73,20.624100000000002,324.0,15.1823,0.0,1010.32
2023-07-26 06:00:00,20.0,20.0,0.63,16.4703,339.0,16.1,0.0,1011.6
2023-07-26 07:00:00,21.11111111111111,21.11111111111111,0.59,21.010500000000004,320.0,10.255700000000001,0.0,1011.81
2023-07-26 08:00:00,21.29444444444444,21.29444444444444,0.57,20.2377,315.0,10.577700000000002,0.0,1012.05
2023-07-26 09:00:00,17.45,17.45,0.85,16.744000000000003,312.0,10.255700000000001,0.0,1013.39
2023-07-26 10:00:00,20.100000000000005,20.100000000000005,0.71,12.2843,313.0,10.255700000000001,0.0,1013.19
2023-07-26 11:00:00,22.89444444444444,22.89444444444444,0.44,19.561500000000002,307.0,10.577700000000002,0.0,1013.29
2023-07-26 12:00:00,24.95,24.95,0.39,17.919300000000003,321.0,16.1,0.0,1013.3
2023-07-26 13:00:00,24.95,24.95,0.42,18.193,311.0,16.1,0.0,1013.2
2023-07-26 14:00:00,24.97222222222222,24.97222222222222,0.39,19.5776,319.0,15.552600000000002,0.0,1013.2
2023-07-26 15:00:00,24.95,24.95,0.45,22.169700000000002,300.0,16.1,0.0,1013.11
2023-07-26 16:00:00,23.88888888888889,23.88888888888889,0.38,11.543700000000001,301.0,16.1,0.0,1012.49
2023-07-26 17:00:00,25.083333333333336,25.083333333333336,0.36,12.558,311.0,15.552600000000002,0.0,1011.94
2023-07-26 18:00:00,23.88888888888889,23.88888888888889,0.38,15.858500000000001,319.0,16.1,0.0,1011.7
2023-07-26 19:00:00,23.88888888888889,23.88888888888889,0.41,5.0876,318.0,16.1,0.0,1011.78
2023-07-26 20:00:00,21.472222222222225,21.472222222222225,0.54,3.4454000000000002,316.0,15.552600000000002,0.0,1011.59
2023-07-26 21:00:00,17.82777777777778,17.82777777777778,0.83,0.1449,230.0,16.1,0.0,1011.99
2023-07-26 22:00:00,16.766666666666666,16.766666666666666,0.83,3.1878,242.0,16.1,0.0,1012.19
2023-07-26 23:00:00,16.049999999999997,16.049999999999997,0.79,2.6726,230.0,15.552600000000002,0.0,1011.87
2023-07-27 00:00:00,14.52222222222222,14.52222222222222,0.89,3.22,280.0,16.1,0.0,1011.7
2023-07-27 01:00:00,13.988888888888889,13.988888888888889,0.85,6.44,280.0,16.1,0.0,1011.1
2023-07-27 02:00:00,13.788888888888888,13.788888888888888,0.83,3.0429,295.0,15.552600000000002,0.0,1010.72
2023-07-27 03:00:00,12.249999999999998,12.249999999999998,0.9,3.22,350.0,16.1,0.0,1010.22
2023-07-27 04:00:00,12.200000000000001,12.200000000000001,0.9,3.22,350.0,16.1,0.0,1009.73
2023-07-27 05:00:00,13.027777777777779,13.027777777777779,0.89,2.8819000000000004,333.0,15.552600000000002,0.0,1009.74
2023-07-27 06:00:00,14.822222222222223,14.822222222222223,0.87,0.0,0.0,16.1,0.0,1009.51
2023-07-27 07:00:00,16.994444444444447,16.994444444444447,0.82,3.22,30.0,16.1,0.0,1009.22
2023-07-27 08:00:00,17.788888888888884,17.788888888888884,0.73,7.760200000000001,54.0,10.577700000000002,0.0,1009.14
2023-07-27 09:00:00,19.90555555555555,19.90555555555555,0.63,3.22,160.0,16.1,0.0,1008.63
2023-07-27 10:00:00,21.2,21.2,0.57,3.3166,129.0,16.1,0.0,1008.77
2023-07-27 11:00:00,22.466666666666665,22.466666666666665,0.51,3.6547,111.0,15.552600000000002,0.0,1008.31
2023-07-27 12:00:00,22.783333333333335,22.783333333333335,0.56,0.3703,180.0,10.255700000000001,0.0,1008.21
2023-07-27 13:00:00,22.62222222222222,22.62222222222222,0.54,4.2826,346.0,9.982000000000001,0.0,1008.41
2023-07-27 14:00:00,21.51111111111111,21.51111111111111,0.57,8.2593,331.0,10.3523,0.0,1007.8
2023-07-27 15:00:00,18.772222222222226,18.772222222222226,0.85,7.840700000000001,328.0,9.982000000000001,0.0,1007.92
2023-07-27 16:00:00,18.79444444444444,18.79444444444444,0.85,11.382700000000002,339.0,15.826300000000002,0.0,1007.74
2023-07-27 17:00:00,18.127777777777776,18.127777777777776,0.84,8.3237,328.0,9.8049,0.0,1007.69
2023-07-27 18:00:00,17.77777777777778,17.77777777777778,0.9,11.125100000000002,330.0,9.982000000000001,0.0,1007.35
2023-07-27 19:00:00,17.25,17.25,0.93,9.2897,339.0,9.982000000000001,0.0,1008.77
2023-07-27 20:00:00,17.272222222222226,17.272222222222226,0.93,5.1037,349.0,10.3523,0.0,1008.52
2023-07-27 21:00:00,17.17222222222222,17.17222222222222,0.93,3.3166,345.0,9.982000000000001,0.0,1008.63
2023-07-27 22:00:00,16.11111111111111,16.11111111111111,0.97,6.488300000000001,273.0,14.9086,0.0,1009.38
2023-07-27 23:00:00,16.61111111111111,16.61111111111111,0.97,3.3166,340.0,11.930100000000001,0.0,1009.42
2023-07-28 00:00:00,15.050000000000002,15.050000000000002,0.96,6.488300000000001,299.0,11.8979,0.0,1009.81
2023-07-28 01:00:00,14.52222222222222,14.52222222222222,0.96,6.4722,308.0,11.8979,0.0,1010.39
2023-07-28 02:00:00,14.33888888888889,14.33888888888889,0.96,5.3291,233.0,2.6887,0.0,1010.54
2023-07-28 03:00:00,15.577777777777776,15.577777777777776,0.96,10.996300000000002,231.0,0.9821000000000001,0.0,1010.69
2023-07-28 04:00:00,15.555555555555555,15.555555555555555,0.96,6.3434,213.0,1.127,0.0,1010.58
2023-07-28 05:00:00,15.63888888888889,15.63888888888889,0.97,3.4454000000000002,208.0,1.4168,0.0,1010.43
2023-07-28 06:00:00,16.08888888888889,16.08888888888889,0.93,7.8084999999999996,179.0,3.2844,0.0,1010.98
2023-07-28 07:00:00,16.16111111111111,16.16111111111111,1.0,8.9838,183.0,3.703,0.0,1011.18
2023-07-28 08:00:00,17.305555555555557,17.305555555555557,0.93,9.450700000000001,198.0,5.2003,0.0,1011.73
2023-07-28 09:00:00,17.82777777777778,17.82777777777778,0.96,12.4131,220.0,8.372000000000002,0.0,1012.28
2023-07-28 10:00:00,19.977777777777774,19.977777777777774,0.84,9.032100000000002,210.0,10.255700000000001,0.0,1012.49
2023-07-28 11:00:00,22.54444444444444,22.54444444444444,0.71,2.7048,185.0,10.2235,0.0,1012.25
2023-07-28 12:00:00,23.72222222222222,23.72222222222222,0.59,4.717300000000001,211.0,10.255700000000001,0.0,1012.02
2023-07-28 13:00:00,23.67777777777778,23.67777777777778,0.59,4.395300000000001,315.0,10.255700000000001,0.0,1011.81
2023-07-28 14:00:00,24.07222222222222,24.07222222222222,0.56,7.1645,332.0,10.577700000000002,0.0,1011.59
2023-07-28 15:00:00,25.85555555555556,25.85555555555556,0.48,4.6207,358.0,10.255700000000001,0.0,1011.31
2023-07-28 16:00:00,24.92777777777778,24.92777777777778,0.5,4.250400000000001,49.0,10.255700000000001,0.0,1010.91
2023-07-28 17:00:00,26.266666666666666,26.266666666666666,0.42,4.9910000000000005,77.0,15.552600000000002,0.0,1010.35
2023-07-28 18:00:00,26.06111111111111,26.06111111111111,0.39,9.2575,81.0,16.1,0.0,1009.61
2023-07-28 19:00:00,24.88333333333334,24.88333333333334,0.54,9.1126,21.0,16.1,0.0,1009.32
2023-07-28 20:00:00,22.45555555555556,22.45555555555556,0.61,8.8389,40.0,15.552600000000002,0.0,1009.49
2023-07-28 21:00:00,18.86111111111111,18.86111111111111,0.78,8.05,50.0,16.1,0.0,1009.7
2023-07-28 22:00:00,19.283333333333328,19.283333333333328,0.71,10.8192,49.0,16.1,0.0,1009.82
2023-07-28 23:00:00,18.67777777777778,18.67777777777778,0.71,9.579500000000001,69.0,15.1823,0.0,1009.94
2023-07-29 00:00:00,17.127777777777776,17.127777777777776,0.73,6.262900000000001,61.0,16.1,0.0,1010.11
2023-07-29 01:00:00,15.072222222222223,15.072222222222223,0.87,6.295100000000001,70.0,16.1,0.0,1010.01
2023-07-29 02:00:00,14.88888888888889,14.88888888888889,0.89,3.1717,70.0,15.1823,0.0,1009.79
2023-07-29 03:00:00,14.538888888888891,14.538888888888891,0.87,6.1502,70.0,16.1,0.0,1009.4
2023-07-29 04:00:00,16.57777777777778,16.57777777777778,0.76,10.8997,90.0,16.1,0.0,1008.93
2023-07-29 05:00:00,14.86111111111111,14.86111111111111,0.86,7.084000000000001,76.0,15.1823,0.0,1008.91
2023-07-29 06:00:00,18.66111111111111,18.66111111111111,0.69,9.2575,99.0,16.1,0.0,1008.65
2023-07-29 07:00:00,19.844444444444445,19.844444444444445,0.69,2.254,155.0,16.1,0.0,1008.58
2023-07-29 08:00:00,21.761111111111113,21.761111111111113,0.65,3.5903,152.0,15.3111,0.0,1008.88
2023-07-29 09:00:00,22.56666666666667,22.56666666666667,0.66,12.461400000000001,333.0,16.1,0.0,1009.19
2023-07-29 10:00:00,23.772222222222226,23.772222222222226,0.58,14.49,352.0,16.1,0.0,1009.47
2023-07-29 11:00:00,26.12222222222222,26.12222222222222,0.44,12.3004,11.0,15.3111,0.0,1009.61
2023-07-29 12:00:00,27.061111111111106,26.988888888888887,0.42,12.9283,47.0,15.826300000000002,0.0,1009.16
2023-07-29 13:00:00,27.522222222222226,27.516666666666666,0.44,15.810200000000002,342.0,15.826300000000002,0.0,1008.99
2023-07-29 14:00:00,29.516666666666666,29.14444444444444,0.4,13.7011,343.0,15.3111,0.0,1008.76
2023-07-29 15:00:00,28.377777777777776,28.377777777777776,0.45,21.8316,341.0,15.826300000000002,0.0,1008.86
2023-07-29 16:00:00,27.333333333333332,27.538888888888884,0.47,20.3826,349.0,15.826300000000002,0.0,1009.16
2023-07-29 17:00:00,27.188888888888886,27.199999999999996,0.44,20.511400000000002,352.0,15.552600000000002,0.0,1009.08
2023-07-29 18:00:00,24.766666666666666,24.766666666666666,0.55,17.146500000000003,351.0,16.1,0.0,1009.01
2023-07-29 19:00:00,23.67777777777778,23.67777777777778,0.55,19.9479,1.0,16.1,0.0,1009.07
2023-07-29 20:00:00,22.350000000000005,22.350000000000005,0.58,12.203800000000001,3.0,15.552600000000002,0.0,1009.18
2023-07-29 21:00:00,22.011111111111113,22.011111111111113,0.65,9.305800000000001,9.0,16.1,0.0,1009.18
2023-07-29 22:00:00,21.43333333333333,21.43333333333333,0.65,10.8997,0.0,16.1,0.0,1009.88
2023-07-29 23:00:00,19.994444444444444,19.994444444444444,0.7,12.960500000000001,1.0,14.9569,0.0,1010.04
2023-07-30 00:00:00,19.86111111111111,19.86111111111111,0.74,17.2753,0.0,15.826300000000002,0.0,1010.57
2023-07-30 01:00:00,17.755555555555556,17.755555555555556,0.9,16.6313,0.0,15.1823,0.0,1010.78
2023-07-30 02:00:00,17.416666666666668,17.416666666666668,0.92,19.126800000000003,1.0,14.3934,0.0,1011.05
2023-07-30 03:00:00,17.244444444444444,17.244444444444444,0.93,13.9909,9.0,10.255700000000001,0.0,1011.16
2023-07-30 04:00:00,16.733333333333334,16.733333333333334,0.96,6.2146,28.0,10.255700000000001,0.0,1011.17
2023-07-30 05:00:00,16.83888888888889,16.83888888888889,0.96,6.230700000000001,6.0,8.645700000000001,0.0,1011.51
2023-07-30 06:00:00,17.244444444444444,17.244444444444444,0.93,7.969500000000001,350.0,8.420300000000001,0.0,1011.94
2023-07-30 07:00:00,17.755555555555556,17.755555555555556,0.96,9.595600000000001,350.0,10.255700000000001,0.0,1012.26
2023-07-30 08:00:00,18.811111111111114,18.811111111111114,0.85,11.7208,9.0,10.2235,0.0,1012.82
2023-07-30 09:00:00,19.838888888888885,19.838888888888885,0.79,10.706500000000002,350.0,9.982000000000001,0.0,1012.98
2023-07-30 10:00:00,20.85555555555556,20.85555555555556,0.74,19.931800000000003,330.0,9.982000000000001,0.0,1013.35
2023-07-30 11:00:00,21.0,21.0,0.73,19.5454,333.0,10.3523,0.0,1013.31
2023-07-30 12:00:00,21.944444444444443,21.944444444444443,0.73,20.511400000000002,349.0,9.982000000000001,0.0,1013.67
2023-07-30 13:00:00,23.49444444444445,23.49444444444445,0.63,20.221600000000002,350.0,9.982000000000001,0.0,1013.29
2023-07-30 14:00:00,23.666666666666664,23.666666666666664,0.61,21.0749,342.0,10.3523,0.0,1013.12
2023-07-30 15:00:00,23.49444444444445,23.49444444444445,0.59,21.702800000000003,330.0,9.982000000000001,0.0,1013.21
2023-07-30 16:00:00,21.988888888888887,21.988888888888887,0.6,17.7422,339.0,9.982000000000001,0.0,1013.29
2023-07-30 17:00:00,21.350000000000005,21.350000000000005,0.58,17.146500000000003,350.0,10.577700000000002,0.0,1013.37
2023-07-30 18:00:00,19.90555555555555,19.90555555555555,0.63,15.3433,349.0,10.255700000000001,0.0,1013.36
2023-07-30 19:00:00,19.88333333333334,19.88333333333334,0.58,12.058900000000001,339.0,10.255700000000001,0.0,1013.73
2023-07-30 20:00:00,19.01111111111111,19.01111111111111,0.66,10.4006,332.0,15.552600000000002,0.0,1013.67
2023-07-30 21:00:00,16.20555555555556,16.20555555555556,0.87,7.856800000000001,320.0,16.1,0.0,1013.83
2023-07-30 22:00:00,16.133333333333333,16.133333333333333,0.84,11.2056,319.0,16.1,0.0,1014.32
2023-07-30 23:00:00,16.35,16.35,0.83,10.5938,313.0,15.552600000000002,0.0,1014.52
2023-07-31 00:00:00,17.061111111111114,17.061111111111114,0.81,6.6493,299.0,16.1,0.0,1014.63
2023-07-31 01:00:00,16.038888888888888,16.038888888888888,0.9,3.4293,319.0,16.1,0.0,1014.62
2023-07-31 02:00:00,16.133333333333333,16.133333333333333,0.89,6.359500000000001,322.0,15.552600000000002,0.0,1014.39
2023-07-31 03:00:00,16.038888888888888,16.038888888888888,0.87,3.5259,326.0,16.1,0.0,1014.34
2023-07-31 04:00:00,16.038888888888888,16.038888888888888,0.9,3.5903,320.0,16.1,0.0,1014.26
2023-07-31 05:00:00,16.67777777777778,16.67777777777778,0.81,9.9176,331.0,15.552600000000002,0.0,1014.36
2023-07-31 06:00:00,17.127777777777776,17.127777777777776,0.75,9.724400000000001,321.0,16.1,0.0,1014.15
2023-07-31 07:00:00,17.17777777777778,17.17777777777778,0.75,9.193100000000001,341.0,16.1,0.0,1014.15
2023-07-31 08:00:00,17.90555555555556,17.90555555555556,0.73,13.234200000000001,342.0,15.552600000000002,0.0,1014.0
2023-07-31 09:00:00,18.8,18.8,0.69,9.2253,0.0,16.1,0.0,1014.48
2023-07-31 10:00:00,18.8,18.8,0.69,10.835300000000002,302.0,16.1,0.0,1015.19
2023-07-31 11:00:00,19.00555555555555,19.00555555555555,0.73,8.774500000000002,297.0,10.577700000000002,0.0,1016.02
2023-07-31 12:00:00,17.416666666666668,17.416666666666668,0.86,13.8299,312.0,8.1305,0.0,1016.15
2023-07-31 13:00:00,17.972222222222218,17.972222222222218,0.88,10.996300000000002,311.0,10.255700000000001,0.0,1016.06
2023-07-31 14:00:00,19.299999999999997,19.299999999999997,0.81,10.626,305.0,10.577700000000002,0.0,1016.04
2023-07-31 15:00:00,21.255555555555556,21.255555555555556,0.77,10.6743,273.0,10.255700000000001,0.0,1015.92
2023-07-31 16:00:00,22.41111111111111,22.41111111111111,0.54,13.685,331.0,10.255700000000001,0.0,1015.71
2023-07-31 17:00:00,23.8,23.8,0.5,10.2718,349.0,10.577700000000002,0.0,1015.57
2023-07-31 18:00:00,23.983333333333334,23.983333333333334,0.4,9.450700000000001,1.0,16.1,0.0,1015.5
2023-07-31 19:00:00,22.849999999999998,22.849999999999998,0.41,9.466800000000001,0.0,16.1,0.0,1015.42
2023-07-31 20:00:00,19.400000000000002,19.400000000000002,0.64,1.7710000000000004,337.0,15.552600000000002,0.0,1015.94
2023-07-31 21:00:00,16.16111111111111,16.16111111111111,0.77,3.1556,232.0,16.1,0.0,1016.72
2023-07-31 22:00:00,14.377777777777778,14.377777777777778,0.86,3.0751,243.0,16.1,0.0,1017.3
2023-07-31 23:00:00,14.333333333333334,14.333333333333334,0.89,3.1556,256.0,15.552600000000002,0.0,1017.46
2023-08-01 00:00:00,12.783333333333331,12.783333333333331,0.89,3.0751,157.0,16.1,0.0,1017.72
2023-08-01 01:00:00,12.761111111111111,12.761111111111111,0.92,6.6332,88.0,16.1,0.0,1018.11
2023-08-01 02:00:00,11.633333333333333,11.633333333333333,0.92,2.7209,161.0,15.552600000000002,0.0,1018.11
2023-08-01 03:00:00,10.555555555555555,10.555555555555555,0.95,0.0,0.0,16.1,0.0,1018.02
2023-08-01 04:00:00,10.027777777777777,10.027777777777777,0.92,0.0,0.0,16.1,0.0,1017.82
2023-08-01 05:00:00,9.8,9.8,0.95,3.1073,331.0,10.577700000000002,0.0,1018.12
2023-08-01 06:00:00,11.022222222222224,11.022222222222224,0.93,3.22,20.0,12.2521,0.0,1018.32
2023-08-01 07:00:00,15.82222222222222,15.82222222222222,0.78,4.7495,20.0,15.1823,0.0,1018.35
2023-08-01 08:00:00,17.805555555555557,17.805555555555557,0.64,8.9516,31.0,15.552600000000002,0.0,1018.27
2023-08-01 09:00:00,21.088888888888885,21.088888888888885,0.49,7.6796999999999995,355.0,16.1,0.0,1018.44
2023-08-01 10:00:00,22.28888888888889,22.28888888888889,0.49,10.8192,22.0,16.1,0.0,1018.61
2023-08-01 11:00:00,24.09444444444445,24.09444444444445,0.44,4.508,13.0,15.552600000000002,0.0,1018.79
2023-08-01 12:00:00,25.11666666666666,25.11666666666666,0.33,8.8067,14.0,16.1,0.0,1018.39
2023-08-01 13:00:00,26.13333333333334,26.13333333333334,0.35,12.0911,322.0,16.1,0.0,1018.01
2023-08-01 14:00:00,27.277777777777775,26.50555555555555,0.28,9.016,25.0,15.552600000000002,0.0,1017.72
2023-08-01 15:00:00,27.77777777777778,27.055555555555557,0.33,7.1645,359.0,16.1,0.0,1017.2
2023-08-01 16:00:00,27.77777777777778,26.966666666666672,0.31,4.186000000000001,270.0,16.1,0.0,1016.8
2023-08-01 17:00:00,27.88888888888889,26.883333333333333,0.27,2.2379,267.0,15.552600000000002,0.0,1016.29
2023-08-01 18:00:00,28.311111111111106,27.31666666666667,0.3,0.32200000000000006,317.0,16.1,0.0,1016.0
2023-08-01 19:00:00,25.09444444444445,25.09444444444445,0.39,9.2253,0.0,16.1,0.0,1015.99
2023-08-01 20:00:00,21.883333333333333,21.883333333333333,0.54,7.2772,1.0,15.552600000000002,0.0,1015.82
2023-08-01 21:00:00,17.36111111111111,17.36111111111111,0.74,4.83,10.0,16.1,0.0,1016.22
2023-08-01 22:00:00,17.22222222222222,17.22222222222222,0.78,3.1717,358.0,16.1,0.0,1016.83
2023-08-01 23:00:00,16.67777777777778,16.67777777777778,0.8,2.7209,47.0,15.1823,0.0,1017.18
2023-08-02 00:00:00,15.533333333333335,15.533333333333335,0.84,11.270000000000001,120.0,16.1,0.0,1017.58
2023-08-02 01:00:00,17.505555555555553,17.505555555555553,0.71,10.8192,149.0,16.1,0.0,1017.7
2023-08-02 02:00:00,16.866666666666667,16.866666666666667,0.81,5.763800000000001,154.0,15.1823,0.0,1017.49
2023-08-02 03:00:00,16.083333333333332,16.083333333333332,0.86,3.0751,130.0,16.1,0.0,1017.28
2023-08-02 04:00:00,19.21111111111111,19.21111111111111,0.78,6.295100000000001,100.0,16.1,0.0,1017.08
2023-08-02 05:00:00,19.105555555555554,19.105555555555554,0.79,10.4006,107.0,15.1823,0.0,1017.07
2023-08-02 06:00:00,19.78888888888889,19.78888888888889,0.74,10.7548,120.0,15.826300000000002,0.0,1017.12
2023-08-02 07:00:00,20.883333333333336,20.883333333333336,0.7,12.445300000000001,100.0,15.826300000000002,0.0,1017.21
2023-08-02 08:00:00,22.600000000000005,22.600000000000005,0.64,14.844200000000003,119.0,14.9569,0.0,1017.39
2023-08-02 09:00:00,24.79444444444444,24.79444444444444,0.59,19.7386,129.0,16.0517,0.0,1017.51
2023-08-02 10:00:00,27.016666666666666,27.75,0.55,15.375500000000002,120.0,16.0517,0.0,1017.7
2023-08-02 11:00:00,27.744444444444444,28.366666666666667,0.52,14.329,121.0,15.552600000000002,0.0,1017.43
2023-08-02 12:00:00,29.84444444444445,30.58888888888889,0.48,17.146500000000003,138.0,9.982000000000001,0.0,1017.61
2023-08-02 13:00:00,29.86111111111111,30.59444444444444,0.48,10.8836,129.0,15.826300000000002,0.0,1017.04
2023-08-02 14:00:00,31.85555555555556,32.25,0.41,14.9086,104.0,15.3111,0.0,1016.72
2023-08-02 15:00:00,30.755555555555556,31.522222222222222,0.46,12.2682,90.0,15.729700000000001,0.0,1016.19
2023-08-02 16:00:00,30.67777777777778,31.444444444444443,0.46,12.075000000000001,76.0,15.729700000000001,0.0,1015.82
2023-08-02 17:00:00,30.794444444444448,31.338888888888885,0.45,6.923,63.0,15.3111,0.0,1015.68
2023-08-02 18:00:00,26.072222222222226,26.072222222222226,0.61,20.2055,20.0,9.982000000000001,0.0,1015.67
2023-08-02 19:00:00,26.033333333333335,26.033333333333335,0.59,20.769000000000002,312.0,9.982000000000001,0.0,1015.64
2023-08-02 20:00:00,21.849999999999998,21.849999999999998,0.89,13.524000000000001,5.0,10.3523,0.0,1017.01
2023-08-02 21:00:00,22.77777777777778,22.77777777777778,0.73,12.2843,50.0,9.982000000000001,0.0,1016.83
2023-08-02 22:00:00,23.261111111111113,23.261111111111113,0.69,13.507900000000001,51.0,16.0517,0.0,1016.95
2023-08-02 23:00:00,23.511111111111106,23.511111111111106,0.68,12.3004,56.0,14.9569,0.0,1017.01
2023-08-03 00:00:00,22.10555555555556,22.10555555555556,0.77,24.8745,210.0,9.982000000000001,0.0,1017.16
2023-08-03 01:00:00,20.577777777777783,20.577777777777783,0.9,15.810200000000002,189.0,14.9086,0.0,1018.5
2023-08-03 02:00:00,20.566666666666663,20.566666666666663,0.9,11.253900000000002,157.0,8.420300000000001,0.0,1017.77
2023-08-03 03:00:00,20.488888888888887,20.488888888888887,0.9,3.1556,83.0,9.064300000000001,0.0,1016.97
2023-08-03 04:00:00,19.444444444444443,19.444444444444443,0.97,6.295100000000001,10.0,11.9784,0.0,1017.31
2023-08-03 05:00:00,19.53888888888889,19.53888888888889,0.93,5.3774,27.0,15.150100000000002,0.0,1017.51
2023-08-03 06:00:00,19.86111111111111,19.86111111111111,0.94,9.66,70.0,8.9677,0.0,1017.61
2023-08-03 07:00:00,19.93333333333333,19.93333333333333,0.93,7.792400000000001,69.0,14.812,0.0,1017.81
2023-08-03 08:00:00,22.59444444444445,22.59444444444445,0.81,13.363000000000001,117.0,14.9569,0.0,1017.85
2023-08-03 09:00:00,24.855555555555554,24.855555555555554,0.7,16.7601,118.0,16.1,0.0,1017.63
2023-08-03 10:00:00,26.03888888888889,26.03888888888889,0.65,17.066,137.0,15.826300000000002,0.0,1017.72
2023-08-03 11:00:00,27.600000000000005,28.79444444444444,0.59,14.312900000000003,157.0,10.3523,0.0,1017.83
2023-08-03 12:00:00,28.86111111111111,30.122222222222224,0.55,13.8138,157.0,9.982000000000001,0.0,1017.72
2023-08-03 13:00:00,28.883333333333333,29.711111111111116,0.52,9.5151,118.0,9.982000000000001,0.0,1017.43
2023-08-03 14:00:00,30.67777777777778,31.161111111111115,0.45,8.2754,134.0,10.3523,0.0,1017.24
2023-08-03 15:00:00,29.88333333333334,30.41111111111111,0.47,9.1126,108.0,9.982000000000001,0.0,1016.75
2023-08-03 16:00:00,30.944444444444443,31.77777777777778,0.46,4.652900000000001,163.0,9.982000000000001,0.0,1016.25
2023-08-03 17:00:00,28.93333333333333,29.561111111111106,0.5,3.1395,232.0,10.3523,0.0,1016.34
2023-08-03 18:00:00,27.861111111111114,29.099999999999998,0.59,7.8729,12.0,9.982000000000001,0.0,1016.31
2023-08-03 19:00:00,27.24444444444445,28.800000000000004,0.65,10.7548,20.0,10.255700000000001,0.0,1016.22
2023-08-03 20:00:00,26.13333333333334,26.13333333333334,0.68,9.2575,18.0,10.577700000000002,0.0,1016.22
2023-08-03 21:00:00,24.88333333333334,24.88333333333334,0.74,7.824600000000001,10.0,10.255700000000001,0.0,1016.53
2023-08-03 22:00:00,24.283333333333328,24.283333333333328,0.76,6.295100000000001,20.0,16.1,0.0,1016.56
2023-08-03 23:00:00,24.255555555555553,24.255555555555553,0.76,9.563400000000001,3.0,14.9569,0.0,1016.71
2023-08-04 00:00:00,23.63888888888889,23.63888888888889,0.75,4.6046000000000005,110.0,9.982000000000001,0.0,1016.82
2023-08-04 01:00:00,22.56666666666667,22.56666666666667,0.83,14.49,20.0,14.9086,0.0,1016.18
2023-08-04 02:00:00,22.072222222222226,22.072222222222226,0.88,11.0929,179.0,5.9248,0.0,1016.47
2023-08-04 03:00:00,20.944444444444443,20.944444444444443,0.9,17.71,110.0,8.1305,0.0,1016.98
2023-08-04 04:00:00,20.46111111111111,20.46111111111111,0.97,10.448900000000002,309.0,8.1305,0.0,1017.44
2023-08-04 05:00:00,20.483333333333334,20.483333333333334,0.93,3.7674,31.0,8.3398,0.0,1016.72
2023-08-04 06:00:00,19.88333333333334,19.88333333333334,0.93,10.6904,69.0,9.8049,0.0,1016.15
2023-08-04 07:00:00,21.04444444444444,21.04444444444444,0.93,4.6690000000000005,42.0,8.0017,0.0,1016.05
2023-08-04 08:00:00,21.38888888888889,21.38888888888889,0.91,0.966,93.0,8.7101,0.0,1016.41
2023-08-04 09:00:00,22.47222222222222,22.47222222222222,0.91,4.7012,111.0,9.982000000000001,0.0,1016.5
2023-08-04 10:00:00,24.188888888888894,24.188888888888894,0.77,4.8944,77.0,9.982000000000001,0.0,1016.76
2023-08-04 11:00:00,26.3,26.3,0.67,5.4096,90.0,10.3523,0.0,1016.64
2023-08-04 12:00:00,27.933333333333334,29.62222222222222,0.62,4.0411,11.0,9.982000000000001,0.0,1016.47
2023-08-04 13:00:00,30.0,31.805555555555557,0.55,4.9588,133.0,10.255700000000001,0.0,1015.98
2023-08-04 14:00:00,31.083333333333332,32.13333333333334,0.47,4.6368,187.0,10.577700000000002,0.0,1015.47
2023-08-04 15:00:00,31.15555555555555,32.394444444444446,0.48,7.647500000000001,218.0,10.255700000000001,0.0,1014.87
2023-08-04 16:00:00,32.17222222222222,32.90555555555556,0.42,0.9016000000000002,348.0,10.255700000000001,0.0,1014.28
2023-08-04 17:00:00,32.099999999999994,32.41111111111112,0.4,0.4186,104.0,15.552600000000002,0.0,1013.88
2023-08-04 18:00:00,30.06666666666667,31.22222222222222,0.5,6.923,340.0,15.826300000000002,0.0,1013.69
2023-08-04 19:00:00,28.95555555555556,30.194444444444443,0.55,10.626,0.0,15.826300000000002,0.0,1013.78
2023-08-04 20:00:00,25.677777777777777,25.677777777777777,0.69,6.8425,2.0,15.552600000000002,0.0,1013.87
2023-08-04 21:00:00,23.96111111111111,23.96111111111111,0.83,4.4758,20.0,16.1,0.0,1014.2
2023-08-04 22:00:00,23.311111111111106,23.311111111111106,0.83,6.1502,60.0,16.1,0.0,1014.51
2023-08-04 23:00:00,22.45555555555556,22.45555555555556,0.87,3.4132000000000002,59.0,14.7637,0.0,1014.68
2023-08-05 00:00:00,22.11111111111111,22.11111111111111,0.9,0.0,0.0,15.134000000000002,0.0,1015.0
2023-08-05 01:00:00,21.533333333333335,21.533333333333335,0.9,0.0,0.0,15.134000000000002,0.0,1014.93
2023-08-05 02:00:00,21.227777777777774,21.227777777777774,0.91,2.737,0.0,14.5222,0.0,1014.85
2023-08-05 03:00:00,20.444444444444443,20.444444444444443,0.93,3.22,350.0,14.9086,0.0,1015.03
2023-08-05 04:00:00,19.422222222222217,19.422222222222217,0.97,6.1502,340.0,14.9086,0.0,1015.33
2023-08-05 05:00:00,19.577777777777776,19.577777777777776,0.92,4.0733,18.0,12.042800000000002,0.0,1015.73
2023-08-05 06:00:00,19.91111111111111,19.91111111111111,0.93,3.22,330.0,9.982000000000001,0.0,1015.75
2023-08-05 07:00:00,22.62222222222222,22.62222222222222,0.9,4.7334000000000005,19.0,11.9784,0.0,1015.93
2023-08-05 08:00:00,24.95,24.95,0.74,6.9552000000000005,48.0,15.3111,0.0,1016.19
2023-08-05 09:00:00,27.75555555555555,29.033333333333335,0.59,7.969500000000001,38.0,15.826300000000002,0.0,1016.21
2023-08-05 10:00:00,29.949999999999996,31.805555555555557,0.55,10.7548,350.0,16.1,0.0,1016.04
2023-08-05 11:00:00,31.022222222222226,32.099999999999994,0.47,9.048200000000001,29.0,15.3111,0.0,1016.41
2023-08-05 12:00:00,32.199999999999996,32.81111111111111,0.41,7.728,20.0,10.255700000000001,0.0,1016.41
2023-08-05 13:00:00,32.75555555555555,34.1888888888889,0.44,4.459700000000001,280.0,10.255700000000001,0.0,1016.02
2023-08-05 14:00:00,32.76111111111111,33.23888888888889,0.39,7.583100000000001,358.0,10.3523,0.0,1015.7
2023-08-05 15:00:00,33.638888888888886,34.68888888888889,0.39,8.6618,311.0,9.982000000000001,0.0,1014.94
2023-08-05 16:00:00,33.638888888888886,34.46111111111111,0.38,10.770900000000001,310.0,9.982000000000001,0.0,1014.74
2023-08-05 17:00:00,31.18333333333333,32.68333333333333,0.49,13.5884,343.0,10.3523,0.0,1014.99
2023-08-05 18:00:00,28.944444444444443,30.149999999999995,0.54,7.0357,341.0,9.982000000000001,0.0,1014.81
2023-08-05 19:00:00,27.283333333333335,28.42777777777778,0.6,12.3004,0.0,9.982000000000001,0.0,1015.11
2023-08-05 20:00:00,25.372222222222224,25.372222222222224,0.67,9.1287,333.0,10.577700000000002,0.0,1015.0
2023-08-05 21:00:00,23.883333333333333,23.883333333333333,0.74,9.2736,9.0,16.1,0.0,1015.34
2023-08-05 22:00:00,22.70555555555556,22.70555555555556,0.79,6.5044,1.0,16.1,0.0,1015.93
2023-08-05 23:00:00,21.861111111111107,21.861111111111107,0.83,3.5420000000000007,342.0,15.552600000000002,0.0,1016.36
2023-08-06 00:00:00,20.555555555555557,20.555555555555557,0.9,6.44,340.0,16.1,0.0,1016.33
2023-08-06 01:00:00,20.02777777777778,20.02777777777778,0.9,6.279,0.0,16.0517,0.0,1016.24
2023-08-06 02:00:00,19.311111111111114,19.311111111111114,0.91,5.9409,325.0,14.9569,0.0,1016.04
2023-08-06 03:00:00,18.894444444444446,18.894444444444446,0.93,6.2468,341.0,15.826300000000002,0.0,1016.04
2023-08-06 04:00:00,18.84444444444445,18.84444444444445,0.93,6.44,340.0,14.9086,0.0,1015.95
2023-08-06 05:00:00,19.938888888888886,19.938888888888886,0.93,6.4561,1.0,14.168000000000003,0.0,1016.25
2023-08-06 06:00:00,18.894444444444446,18.894444444444446,0.93,3.2039,29.0,7.212800000000001,0.0,1016.65
2023-08-06 07:00:00,22.577777777777776,22.577777777777776,0.84,7.824600000000001,20.0,8.1305,0.0,1016.75
2023-08-06 08:00:00,24.694444444444443,24.694444444444443,0.71,8.903300000000002,12.0,15.150100000000002,0.0,1016.7
2023-08-06 09:00:00,27.17777777777778,29.02777777777778,0.69,9.160900000000002,2.0,16.1,0.0,1016.85
2023-08-06 10:00:00,28.88888888888889,31.199999999999996,0.62,7.631400000000001,1.0,16.1,0.0,1016.84
2023-08-06 11:00:00,31.072222222222226,32.800000000000004,0.5,10.2235,1.0,15.552600000000002,0.0,1016.82
2023-08-06 12:00:00,32.12222222222222,32.7,0.41,9.5473,9.0,16.1,0.0,1016.63
2023-08-06 13:00:00,32.75,33.577777777777776,0.41,11.237800000000002,341.0,16.1,0.0,1016.14
2023-08-06 14:00:00,33.788888888888884,33.894444444444446,0.35,9.66,351.0,10.577700000000002,0.0,1015.74
2023-08-06 15:00:00,33.861111111111114,34.46666666666667,0.37,12.3004,342.0,10.255700000000001,0.0,1015.51
2023-08-06 16:00:00,33.90555555555555,33.56666666666667,0.32,9.5151,320.0,10.255700000000001,0.0,1015.31
2023-08-06 17:00:00,33.63333333333334,34.06666666666666,0.37,8.5813,10.0,10.577700000000002,0.0,1015.36
2023-08-06 18:00:00,32.37777777777777,32.69444444444444,0.39,9.466800000000001,22.0,9.982000000000001,0.0,1015.45
2023-08-06 19:00:00,27.788888888888884,28.61111111111111,0.55,12.203800000000001,149.0,15.826300000000002,0.0,1015.98
2023-08-06 20:00:00,26.272222222222226,26.272222222222226,0.59,8.774500000000002,167.0,15.552600000000002,0.0,1015.77
2023-08-06 21:00:00,22.89444444444444,22.89444444444444,0.79,3.22,140.0,16.1,0.0,1015.89
2023-08-06 22:00:00,22.24444444444445,22.24444444444445,0.81,3.22,70.0,16.1,0.0,1016.41
2023-08-06 23:00:00,21.444444444444443,21.444444444444443,0.83,9.321900000000001,147.0,15.1823,0.0,1016.5
2023-08-07 00:00:00,21.64444444444444,21.64444444444444,0.82,6.44,150.0,16.1,0.0,1016.99
2023-08-07 01:00:00,21.52777777777778,21.52777777777778,0.8,10.4006,130.0,16.1,0.0,1017.18
2023-08-07 02:00:00,20.650000000000002,20.650000000000002,0.82,5.7477,144.0,15.150100000000002,0.0,1017.12
2023-08-07 03:00:00,18.983333333333334,18.983333333333334,0.9,3.22,140.0,16.0517,0.0,1016.89
2023-08-07 04:00:00,19.377777777777776,19.377777777777776,0.88,3.22,130.0,14.9086,0.0,1016.81
2023-08-07 05:00:00,18.111111111111107,18.111111111111107,0.93,1.6583,265.0,14.168000000000003,0.0,1016.83
2023-08-07 06:00:00,17.872222222222224,17.872222222222224,0.97,0.0,0.0,14.812,0.0,1017.21
2023-08-07 07:00:00,22.09444444444444,22.09444444444444,0.82,0.0,0.0,15.729700000000001,0.0,1017.23
2023-08-07 08:00:00,25.650000000000002,25.650000000000002,0.63,8.2593,119.0,15.150100000000002,0.0,1017.35
2023-08-07 09:00:00,27.24444444444445,27.972222222222218,0.54,10.996300000000002,119.0,16.1,0.0,1017.8
2023-08-07 10:00:00,28.911111111111115,29.48333333333333,0.49,9.6117,108.0,16.1,0.0,1017.99
2023-08-07 11:00:00,30.944444444444443,31.072222222222226,0.42,7.8729,86.0,15.552600000000002,0.0,1017.99
2023-08-07 12:00:00,32.19444444444444,32.294444444444444,0.39,7.8729,72.0,16.1,0.0,1017.99
2023-08-07 13:00:00,33.81666666666667,33.5,0.33,3.9284000000000003,23.0,16.1,0.0,1017.89
2023-08-07 14:00:00,33.75555555555556,33.705555555555556,0.34,6.262900000000001,48.0,15.552600000000002,0.0,1017.59
2023-08-07 15:00:00,34.88333333333334,34.599999999999994,0.3,4.8944,149.0,9.982000000000001,0.0,1017.11
2023-08-07 16:00:00,34.92777777777778,35.25555555555555,0.33,10.1591,12.0,9.982000000000001,0.0,1016.71
2023-08-07 17:00:00,33.82222222222222,33.75555555555556,0.34,8.6135,353.0,10.577700000000002,0.0,1016.91
2023-08-07 18:00:00,33.644444444444446,33.922222222222224,0.36,7.5187,32.0,10.255700000000001,0.0,1016.62
2023-08-07 19:00:00,32.04444444444445,32.23888888888889,0.39,4.6851,62.0,10.255700000000001,0.0,1016.71
2023-08-07 20:00:00,28.916666666666668,29.08888888888889,0.46,10.239600000000001,107.0,10.577700000000002,0.0,1016.82
2023-08-07 21:00:00,27.016666666666666,27.605555555555554,0.53,9.66,100.0,16.1,0.0,1017.2
2023-08-07 22:00:00,24.86111111111111,24.86111111111111,0.63,3.22,130.0,16.1,0.0,1017.7
2023-08-07 23:00:00,23.127777777777776,23.127777777777776,0.74,3.1234,175.0,15.520400000000002,0.0,1017.89
2023-08-08 00:00:00,22.733333333333334,22.733333333333334,0.73,0.0,0.0,16.1,0.0,1018.22
2023-08-08 01:00:00,20.672222222222217,20.672222222222217,0.84,3.22,300.0,16.1,0.0,1018.3
2023-08-08 02:00:00,21.20555555555556,21.20555555555556,0.83,3.1878,28.0,15.552600000000002,0.0,1018.21
2023-08-08 03:00:00,20.99444444444445,20.99444444444445,0.85,6.1824,41.0,16.0517,0.0,1018.11
2023-08-08 04:00:00,21.022222222222226,21.022222222222226,0.81,3.0751,10.0,15.826300000000002,0.0,1018.22
2023-08-08 05:00:00,20.016666666666666,20.016666666666666,0.87,3.6708,131.0,15.3111,0.0,1018.37
2023-08-08 06:00:00,21.950000000000003,21.950000000000003,0.7,4.83,120.0,15.826300000000002,0.0,1018.51
2023-08-08 07:00:00,22.600000000000005,22.600000000000005,0.68,7.7440999999999995,139.0,15.826300000000002,0.0,1018.81
2023-08-08 08:00:00,25.78888888888889,25.78888888888889,0.6,7.8084999999999996,139.0,15.552600000000002,0.0,1018.99
2023-08-08 09:00:00,27.75555555555555,28.461111111111116,0.53,9.563400000000001,151.0,16.1,0.0,1019.38
2023-08-08 10:00:00,31.11111111111111,30.833333333333332,0.38,10.8031,160.0,16.1,0.0,1019.57
2023-08-08 11:00:00,32.65,31.816666666666663,0.32,12.058900000000001,160.0,15.552600000000002,0.0,1019.3
2023-08-08 12:00:00,33.861111111111114,32.82777777777778,0.28,10.9319,180.0,16.1,0.0,1019.09
2023-08-08 13:00:00,34.97222222222222,34.26111111111111,0.28,9.4024,180.0,16.1,0.0,1018.68
2023-08-08 14:00:00,35.67222222222222,34.90555555555555,0.27,6.5205,197.0,15.552600000000002,0.0,1018.2
2023-08-08 15:00:00,35.022222222222226,33.81111111111111,0.25,12.203800000000001,179.0,16.1,0.0,1017.78
2023-08-08 16:00:00,34.92777777777778,33.55,0.24,7.3899,83.0,16.1,0.0,1017.3
2023-08-08 17:00:00,34.794444444444444,33.361111111111114,0.24,8.1305,100.0,15.552600000000002,0.0,1017.18
2023-08-08 18:00:00,33.86666666666666,32.67777777777778,0.27,7.567000000000001,93.0,16.1,0.0,1016.8
2023-08-08 19:00:00,32.71111111111111,32.22222222222222,0.34,3.0268,84.0,16.1,0.0,1016.82
2023-08-08 20:00:00,29.055555555555557,29.09444444444445,0.44,3.1556,33.0,15.552600000000002,0.0,1017.03
2023-08-08 21:00:00,25.005555555555556,25.005555555555556,0.68,0.0,0.0,16.1,0.0,1017.33
2023-08-08 22:00:00,24.311111111111114,24.311111111111114,0.67,0.0,0.0,16.1,0.0,1017.62
2023-08-08 23:00:00,24.922222222222224,24.922222222222224,0.58,6.601,164.0,15.552600000000002,0.0,1018.01
2023-08-09 00:00:00,23.133333333333333,23.133333333333333,0.64,5.957000000000001,189.0,16.1,0.0,1018.09
2023-08-09 01:00:00,22.116666666666667,22.116666666666667,0.67,6.488300000000001,181.0,16.1,0.0,1018.29
2023-08-09 02:00:00,22.644444444444446,22.644444444444446,0.6,10.304000000000002,192.0,15.3111,0.0,1018.48
2023-08-09 03:00:00,21.488888888888894,21.488888888888894,0.63,6.279,189.0,15.826300000000002,0.0,1018.39
2023-08-09 04:00:00,19.88888888888889,19.88888888888889,0.69,6.279,181.0,15.826300000000002,0.0,1018.4
2023-08-09 05:00:00,18.66111111111111,18.66111111111111,0.77,2.6726,161.0,15.3111,0.0,1018.53
2023-08-09 06:00:00,18.87777777777778,18.87777777777778,0.79,4.508,144.0,15.826300000000002,0.0,1018.69
2023-08-09 07:00:00,22.072222222222226,22.072222222222226,0.69,1.5617,155.0,16.1,0.0,1018.88
2023-08-09 08:00:00,24.95,24.95,0.51,8.903300000000002,160.0,15.552600000000002,0.0,1019.0
2023-08-09 09:00:00,27.272222222222226,27.138888888888886,0.41,12.0267,162.0,16.1,0.0,1018.96
2023-08-09 10:00:00,29.977777777777774,29.150000000000002,0.35,12.3004,182.0,16.1,0.0,1018.87
2023-08-09 11:00:00,31.061111111111106,29.977777777777774,0.32,13.121500000000001,200.0,15.552600000000002,0.0,1018.58
2023-08-09 12:00:00,32.199999999999996,31.061111111111106,0.3,12.380900000000002,172.0,16.1,0.0,1018.28
2023-08-09 13:00:00,32.75555555555555,31.577777777777783,0.29,9.434600000000001,231.0,16.1,0.0,1017.78
2023-08-09 14:00:00,33.6,32.25555555555556,0.27,8.0983,223.0,15.552600000000002,0.0,1017.34
2023-08-09 15:00:00,33.861111111111114,32.77777777777778,0.28,8.4042,179.0,16.1,0.0,1016.8
2023-08-09 16:00:00,32.84444444444445,31.66111111111111,0.29,7.406,106.0,10.255700000000001,0.0,1016.4
2023-08-09 17:00:00,33.733333333333334,32.18333333333334,0.25,3.9767000000000006,162.0,15.552600000000002,0.0,1016.08
2023-08-09 18:00:00,32.77777777777778,31.394444444444446,0.27,10.6904,51.0,16.1,0.0,1015.6
2023-08-09 19:00:00,29.922222222222224,29.34444444444444,0.38,8.05,350.0,16.1,0.0,1015.4
2023-08-09 20:00:00,26.605555555555554,26.605555555555554,0.48,6.9713,333.0,15.552600000000002,0.0,1015.26
2023-08-09 21:00:00,22.82777777777778,22.82777777777778,0.66,7.695800000000001,337.0,16.1,0.0,1015.53
2023-08-09 22:00:00,22.10555555555556,22.10555555555556,0.69,6.1824,341.0,16.1,0.0,1015.63
2023-08-09 23:00:00,20.500000000000004,20.500000000000004,0.76,3.0268,274.0,15.552600000000002,0.0,1015.74
2023-08-10 00:00:00,19.961111111111116,19.961111111111116,0.77,6.262900000000001,289.0,16.1,0.0,1015.55
2023-08-10 01:00:00,20.422222222222224,20.422222222222224,0.72,0.0,0.0,16.1,0.0,1015.55
2023-08-10 02:00:00,20.777777777777782,20.777777777777782,0.75,3.1878,216.0,15.1823,0.0,1015.73
2023-08-10 03:00:00,19.333333333333332,19.333333333333332,0.79,2.8336,167.0,16.1,0.0,1015.52
2023-08-10 04:00:00,18.244444444444447,18.244444444444447,0.84,3.22,256.0,16.1,0.0,1015.42
2023-08-10 05:00:00,18.555555555555557,18.555555555555557,0.83,3.3971,189.0,15.1823,0.0,1015.43
2023-08-10 06:00:00,17.711111111111112,17.711111111111112,0.84,3.1556,252.0,16.1,0.0,1015.43
2023-08-10 07:00:00,21.977777777777778,21.977777777777778,0.69,3.3971,283.0,16.1,0.0,1015.03
2023-08-10 08:00:00,26.62777777777778,26.62777777777778,0.49,3.8157000000000005,304.0,15.552600000000002,0.0,1014.8
2023-08-10 09:00:00,28.72222222222222,28.927777777777774,0.46,7.550900000000001,140.0,16.1,0.0,1014.72
2023-08-10 10:00:00,29.92777777777778,29.650000000000002,0.4,10.626,160.0,16.1,0.0,1014.71
2023-08-10 11:00:00,31.955555555555552,30.26666666666667,0.25,9.499,172.0,15.552600000000002,0.0,1014.81
2023-08-10 12:00:00,32.733333333333334,30.794444444444448,0.22,9.1448,157.0,16.1,0.0,1014.48
2023-08-10 13:00:00,32.82222222222222,31.194444444444443,0.25,7.647500000000001,158.0,16.1,0.0,1014.19
2023-08-10 14:00:00,33.727777777777774,31.727777777777778,0.21,1.6583,307.0,15.552600000000002,0.0,1013.81
2023-08-10 15:00:00,33.93333333333333,31.84444444444444,0.19,3.8801000000000005,305.0,16.1,0.0,1013.28
2023-08-10 16:00:00,33.861111111111114,31.694444444444443,0.19,4.5724,78.0,16.1,0.0,1012.98
2023-08-10 17:00:00,33.65555555555555,31.633333333333333,0.2,6.923,81.0,15.552600000000002,0.0,1012.51
2023-08-10 18:00:00,32.266666666666666,30.688888888888886,0.26,4.250400000000001,61.0,16.1,0.0,1012.11
2023-08-10 19:00:00,29.994444444444444,29.383333333333333,0.37,1.5456,346.0,16.1,0.0,1012.01
2023-08-10 20:00:00,27.41111111111111,27.205555555555556,0.4,3.0751,316.0,15.552600000000002,0.0,1012.16
2023-08-10 21:00:00,22.82222222222222,22.82222222222222,0.66,0.1449,320.0,16.1,0.0,1012.62
2023-08-10 22:00:00,23.194444444444443,23.194444444444443,0.64,0.0,0.0,16.1,0.0,1012.83
2023-08-10 23:00:00,21.77777777777778,21.77777777777778,0.67,1.9642000000000002,320.0,15.552600000000002,0.0,1012.98
2023-08-11 00:00:00,20.422222222222224,20.422222222222224,0.72,3.0751,0.0,16.1,0.0,1013.22
2023-08-11 01:00:00,19.822222222222226,19.822222222222226,0.76,6.44,320.0,16.1,0.0,1013.03
2023-08-11 02:00:00,19.90555555555555,19.90555555555555,0.7,2.5599000000000003,177.0,15.1823,0.0,1012.97
2023-08-11 03:00:00,18.200000000000003,18.200000000000003,0.78,3.22,290.0,16.1,0.0,1012.92
2023-08-11 04:00:00,18.688888888888886,18.688888888888886,0.78,11.270000000000001,170.0,16.1,0.0,1012.85
2023-08-11 05:00:00,17.45555555555556,17.45555555555556,0.82,5.313,292.0,15.1823,0.0,1012.86
2023-08-11 06:00:00,17.205555555555556,17.205555555555556,0.81,1.61,284.0,16.1,0.0,1012.75
2023-08-11 07:00:00,19.822222222222226,19.822222222222226,0.74,4.6851,302.0,16.1,0.0,1012.83
2023-08-11 08:00:00,25.38888888888889,25.38888888888889,0.51,2.737,356.0,15.552600000000002,0.0,1012.86
2023-08-11 09:00:00,27.055555555555557,27.027777777777782,0.42,0.3703,40.0,16.1,0.0,1012.95
2023-08-11 10:00:00,29.833333333333332,29.061111111111114,0.36,3.1395,58.0,16.1,0.0,1013.22
2023-08-11 11:00:00,31.27777777777778,30.73333333333333,0.36,8.0983,145.0,15.552600000000002,0.0,1013.22
2023-08-11 12:00:00,32.82222222222222,31.733333333333334,0.3,7.6636,142.0,16.1,0.0,1013.39
2023-08-11 13:00:00,33.888888888888886,31.816666666666663,0.2,7.567000000000001,179.0,16.1,0.0,1013.1
2023-08-11 14:00:00,34.62777777777777,32.583333333333336,0.2,7.6636,126.0,15.552600000000002,0.0,1012.75
2023-08-11 15:00:00,33.84444444444445,32.10555555555556,0.23,8.7423,41.0,16.1,0.0,1012.43
2023-08-11 16:00:00,34.92777777777778,32.794444444444444,0.18,2.6887,301.0,16.1,0.0,1012.21
2023-08-11 17:00:00,34.083333333333336,32.266666666666666,0.22,10.1591,312.0,15.552600000000002,0.0,1012.08
2023-08-11 18:00:00,33.888888888888886,32.13333333333334,0.23,10.4006,340.0,16.1,0.0,1012.12
2023-08-11 19:00:00,30.961111111111116,29.922222222222224,0.32,9.2253,330.0,16.1,0.0,1012.22
2023-08-11 20:00:00,27.61111111111111,27.466666666666665,0.42,7.1967,341.0,15.552600000000002,0.0,1012.63
2023-08-11 21:00:00,23.88888888888889,23.88888888888889,0.54,9.321900000000001,349.0,16.1,0.0,1013.24
2023-08-11 22:00:00,23.28333333333333,23.28333333333333,0.57,6.423900000000001,348.0,16.1,0.0,1013.73
2023-08-11 23:00:00,23.62222222222222,23.62222222222222,0.51,6.0536,359.0,15.552600000000002,0.0,1013.92
2023-08-12 00:00:00,21.06111111111111,21.06111111111111,0.61,6.4722,338.0,16.1,0.0,1014.23
2023-08-12 01:00:00,20.52777777777778,20.52777777777778,0.61,6.230700000000001,9.0,16.1,0.0,1014.24
2023-08-12 02:00:00,19.88888888888889,19.88888888888889,0.66,6.391700000000001,22.0,15.552600000000002,0.0,1014.12
2023-08-12 03:00:00,18.461111111111116,18.461111111111116,0.77,3.22,320.0,16.1,0.0,1014.33
2023-08-12 04:00:00,17.87777777777778,17.87777777777778,0.77,3.2039,329.0,16.1,0.0,1014.23
2023-08-12 05:00:00,18.944444444444443,18.944444444444443,0.69,10.1591,344.0,15.552600000000002,0.0,1014.31
2023-08-12 06:00:00,17.77777777777778,17.77777777777778,0.73,4.7334000000000005,331.0,16.1,0.0,1014.74
2023-08-12 07:00:00,22.22222222222222,22.22222222222222,0.64,3.22,10.0,16.1,0.0,1015.13
2023-08-12 08:00:00,25.766666666666666,25.766666666666666,0.48,3.6547,5.0,15.552600000000002,0.0,1015.15
2023-08-12 09:00:00,28.711111111111116,28.40555555555555,0.41,3.2039,331.0,16.1,0.0,1015.34
2023-08-12 10:00:00,31.06666666666667,30.18333333333333,0.34,3.2522,55.0,16.1,0.0,1015.44
2023-08-12 11:00:00,33.62222222222222,32.87222222222223,0.31,1.8837,8.0,15.552600000000002,0.0,1015.33
2023-08-12 12:00:00,35.022222222222226,34.21111111111111,0.28,7.985600000000001,39.0,16.1,0.0,1015.11
2023-08-12 13:00:00,36.15555555555555,35.0,0.24,9.4185,342.0,16.1,0.0,1014.81
2023-08-12 14:00:00,36.92222222222222,35.26666666666667,0.2,9.2253,57.0,15.552600000000002,0.0,1014.61
2023-08-12 15:00:00,37.10555555555556,35.349999999999994,0.19,9.305800000000001,4.0,16.1,0.0,1014.02
2023-08-12 16:00:00,37.19444444444444,35.43333333333333,0.19,9.450700000000001,51.0,16.1,0.0,1013.61
2023-08-12 17:00:00,36.95555555555555,35.08888888888888,0.19,8.790600000000001,24.0,15.552600000000002,0.0,1013.46
2023-08-12 18:00:00,36.0611111111111,34.15555555555556,0.19,12.1072,341.0,16.1,0.0,1013.32
2023-08-12 19:00:00,32.75,31.583333333333332,0.29,4.8944,351.0,16.1,0.0,1013.23
2023-08-12 20:00:00,28.183333333333337,27.783333333333335,0.39,4.4275,358.0,15.552600000000002,0.0,1013.65
2023-08-12 21:00:00,25.09444444444445,25.09444444444445,0.54,4.83,330.0,16.1,0.0,1014.21
2023-08-12 22:00:00,23.8,23.8,0.59,6.279,311.0,16.1,0.0,1014.43
2023-08-12 23:00:00,22.533333333333335,22.533333333333335,0.6,5.119800000000001,336.0,15.1823,0.0,1014.44
2023-08-13 00:00:00,21.094444444444445,21.094444444444445,0.68,3.1717,358.0,16.1,0.0,1014.65
2023-08-13 01:00:00,20.083333333333336,20.083333333333336,0.7,6.1502,310.0,16.1,0.0,1014.55
2023-08-13 02:00:00,19.549999999999997,19.549999999999997,0.7,4.008900000000001,327.0,15.1823,0.0,1014.34
2023-08-13 03:00:00,18.455555555555556,18.455555555555556,0.75,6.295100000000001,330.0,16.1,0.0,1014.15
2023-08-13 04:00:00,19.522222222222222,19.522222222222222,0.7,2.898,68.0,16.1,0.0,1014.04
2023-08-13 05:00:00,18.205555555555552,18.205555555555552,0.73,4.4919,351.0,15.1823,0.0,1013.96
2023-08-13 06:00:00,17.322222222222223,17.322222222222223,0.81,8.05,330.0,16.1,0.0,1014.17
2023-08-13 07:00:00,22.049999999999997,22.049999999999997,0.65,9.563400000000001,341.0,16.1,0.0,1014.18
2023-08-13 08:00:00,26.11111111111111,26.11111111111111,0.47,8.162700000000001,11.0,16.1,0.0,1014.34
2023-08-13 09:00:00,27.76111111111111,27.89444444444444,0.46,5.0715,11.0,16.1,0.0,1014.25
2023-08-13 10:00:00,31.04444444444444,30.74444444444445,0.38,4.8622000000000005,5.0,16.1,0.0,1014.25
2023-08-13 11:00:00,33.59444444444445,33.55555555555556,0.35,7.245,15.0,15.552600000000002,0.0,1013.94
2023-08-13 12:00:00,35.949999999999996,35.92222222222222,0.29,10.851400000000002,2.0,16.1,0.0,1013.65
2023-08-13 13:00:00,37.083333333333336,37.083333333333336,0.27,12.203800000000001,12.0,16.1,0.0,1013.34
2023-08-13 14:00:00,36.144444444444446,35.2,0.25,13.1537,20.0,15.552600000000002,0.0,1013.12
2023-08-13 15:00:00,37.19444444444444,36.300000000000004,0.23,13.7333,29.0,16.1,0.0,1012.53
2023-08-13 16:00:00,37.17222222222222,35.52777777777778,0.2,15.166200000000002,351.0,16.1,0.0,1012.03
2023-08-13 17:00:00,36.07222222222222,34.86666666666667,0.24,16.2771,354.0,15.552600000000002,0.0,1011.65
2023-08-13 18:00:00,34.9,33.82222222222222,0.26,13.8621,2.0,16.1,0.0,1011.54
2023-08-13 19:00:00,32.58888888888888,31.577777777777783,0.31,10.722600000000002,1.0,16.1,0.0,1011.64
2023-08-13 20:00:00,28.166666666666668,28.127777777777776,0.44,7.486500000000001,1.0,15.552600000000002,0.0,1011.66
2023-08-13 21:00:00,25.97222222222222,25.97222222222222,0.51,7.969500000000001,28.0,16.1,0.0,1012.04
2023-08-13 22:00:00,24.499999999999996,24.499999999999996,0.56,6.5205,1.0,16.1,0.0,1012.43
2023-08-13 23:00:00,23.81666666666667,23.81666666666667,0.63,6.327300000000001,10.0,15.1823,0.0,1012.36
2023-08-14 00:00:00,23.388888888888886,23.388888888888886,0.64,6.6332,12.0,16.1,0.0,1012.25
2023-08-14 01:00:00,21.76666666666667,21.76666666666667,0.71,6.6493,21.0,16.1,0.0,1012.35
2023-08-14 02:00:00,21.46111111111111,21.46111111111111,0.67,9.9015,344.0,15.1823,0.0,1012.15
2023-08-14 03:00:00,20.077777777777776,20.077777777777776,0.76,11.2056,351.0,16.1,0.0,1011.95
2023-08-14 04:00:00,20.538888888888888,20.538888888888888,0.72,6.6654,30.0,16.1,0.0,1011.84
2023-08-14 05:00:00,20.13888888888889,20.13888888888889,0.75,6.279,11.0,15.150100000000002,0.0,1011.68
2023-08-14 06:00:00,21.027777777777775,21.027777777777775,0.73,8.3076,12.0,16.0517,0.0,1011.85
2023-08-14 07:00:00,22.62222222222222,22.62222222222222,0.67,12.783400000000002,21.0,16.0517,0.0,1011.85
2023-08-14 08:00:00,24.73333333333333,24.73333333333333,0.6,9.338000000000001,51.0,15.1823,0.0,1012.04
2023-08-14 09:00:00,27.666666666666668,27.84444444444445,0.47,3.703,63.0,16.1,0.0,1012.05
2023-08-14 10:00:00,28.916666666666668,28.56666666666667,0.41,7.921200000000001,69.0,16.1,0.0,1011.94
2023-08-14 11:00:00,31.99444444444445,31.677777777777774,0.36,8.0017,49.0,15.552600000000002,0.0,1011.83
2023-08-14 12:00:00,33.81666666666667,33.41111111111111,0.32,7.7440999999999995,33.0,16.1,0.0,1011.43
2023-08-14 13:00:00,33.93333333333333,33.20555555555555,0.3,4.9588,60.0,16.1,0.0,1011.01
2023-08-14 14:00:00,34.39444444444444,33.6,0.29,6.391700000000001,72.0,15.552600000000002,0.0,1010.46
2023-08-14 15:00:00,35.0,33.91111111111112,0.26,10.0947,344.0,16.1,0.0,1009.91
2023-08-14 16:00:00,36.0611111111111,35.1,0.25,8.8067,344.0,16.1,0.0,1009.3
2023-08-14 17:00:00,35.022222222222226,33.74444444444444,0.25,6.7298,356.0,15.552600000000002,0.0,1008.73
2023-08-14 18:00:00,33.977777777777774,32.861111111111114,0.28,4.7495,24.0,16.1,0.0,1008.5
2023-08-14 19:00:00,32.150000000000006,31.15555555555555,0.31,7.6796999999999995,0.0,16.1,0.0,1008.5
2023-08-14 20:00:00,27.577777777777776,27.71111111111111,0.46,7.1323,343.0,15.552600000000002,0.0,1008.71
2023-08-14 21:00:00,24.92777777777778,24.92777777777778,0.54,3.22,40.0,16.1,0.0,1009.01
2023-08-14 22:00:00,24.283333333333328,24.283333333333328,0.62,6.1502,50.0,16.1,0.0,1008.84
2023-08-14 23:00:00,22.011111111111113,22.011111111111113,0.69,1.9642000000000002,340.0,15.552600000000002,0.0,1008.97
2023-08-15 00:00:00,20.650000000000002,20.650000000000002,0.73,0.0,0.0,16.1,0.0,1008.83
2023-08-15 01:00:00,19.95555555555556,19.95555555555556,0.78,8.05,330.0,16.1,0.0,1008.63
2023-08-15 02:00:00,19.95,19.95,0.76,2.5921000000000003,118.0,15.552600000000002,0.0,1008.56
2023-08-15 03:00:00,18.36111111111111,18.36111111111111,0.81,3.22,10.0,16.1,0.0,1008.31
2023-08-15 04:00:00,18.33888888888889,18.33888888888889,0.84,3.0268,97.0,16.1,0.0,1008.21
2023-08-15 05:00:00,19.12777777777778,19.12777777777778,0.76,6.021400000000001,136.0,15.552600000000002,0.0,1008.22
2023-08-15 06:00:00,17.227777777777774,17.227777777777774,0.87,4.6690000000000005,138.0,16.0517,0.0,1008.23
2023-08-15 07:00:00,21.955555555555552,21.955555555555552,0.69,4.5563,138.0,16.0517,0.0,1008.42
2023-08-15 08:00:00,24.705555555555556,24.705555555555556,0.6,10.2718,137.0,15.552600000000002,0.0,1008.45
2023-08-15 09:00:00,27.70555555555556,28.083333333333332,0.49,10.577700000000002,148.0,16.1,0.0,1008.4
2023-08-15 10:00:00,29.97222222222222,30.033333333333335,0.43,10.642100000000001,148.0,16.1,0.0,1008.29
2023-08-15 11:00:00,32.62222222222223,32.62777777777778,0.37,7.1806,150.0,15.552600000000002,0.0,1008.13
2023-08-15 12:00:00,33.93333333333333,33.511111111111106,0.32,7.583100000000001,149.0,16.1,0.0,1007.9
2023-08-15 13:00:00,35.044444444444444,34.01111111111111,0.26,4.4436,169.0,16.1,0.0,1007.41
2023-08-15 14:00:00,35.961111111111116,35.02777777777778,0.25,1.9803000000000002,230.0,15.552600000000002,0.0,1007.21
2023-08-15 15:00:00,36.083333333333336,34.988888888888894,0.24,7.7440999999999995,325.0,16.1,0.0,1006.51
2023-08-15 16:00:00,37.083333333333336,35.40555555555556,0.19,2.7048,305.0,16.1,0.0,1006.01
2023-08-15 17:00:00,36.91111111111111,35.22222222222222,0.2,1.6744,345.0,15.552600000000002,0.0,1005.66
2023-08-15 18:00:00,33.888888888888886,32.733333333333334,0.27,4.4758,289.0,16.1,0.0,1005.42
2023-08-15 19:00:00,30.04444444444444,29.805555555555557,0.41,0.0,0.0,10.255700000000001,0.0,1005.9
2023-08-15 20:00:00,26.555555555555557,26.555555555555557,0.53,3.1234,351.0,15.520400000000002,0.0,1006.06
2023-08-15 21:00:00,23.96111111111111,23.96111111111111,0.62,0.0,0.0,16.1,0.0,1006.51
2023-08-15 22:00:00,23.35555555555556,23.35555555555556,0.65,3.22,160.0,16.0517,0.0,1006.81
2023-08-15 23:00:00,22.722222222222225,22.722222222222225,0.65,2.254,199.0,15.520400000000002,0.0,1006.78
2023-08-16 00:00:00,21.688888888888894,21.688888888888894,0.69,14.49,240.0,16.0517,0.0,1006.86
2023-08-16 01:00:00,25.37777777777778,25.37777777777778,0.57,14.2646,261.0,16.0517,0.0,1007.24
2023-08-16 02:00:00,24.416666666666668,24.416666666666668,0.64,13.5884,284.0,15.520400000000002,0.0,1007.26
2023-08-16 03:00:00,24.488888888888887,24.488888888888887,0.63,12.477500000000001,286.0,14.860300000000002,0.0,1007.39
2023-08-16 04:00:00,24.638888888888886,24.638888888888886,0.63,10.8836,288.0,13.910400000000001,0.0,1007.58
2023-08-16 05:00:00,24.838888888888885,24.838888888888885,0.61,8.9677,290.0,12.8156,0.0,1007.8
2023-08-16 06:00:00,25.077777777777776,25.077777777777776,0.6,6.9552000000000005,293.0,11.7047,0.0,1008.04
2023-08-16 07:00:00,25.32222222222222,25.32222222222222,0.58,5.055400000000001,300.0,10.7387,0.0,1008.26
2023-08-16 08:00:00,25.561111111111114,25.561111111111114,0.57,3.5581,313.0,10.0464,0.0,1008.45
2023-08-16 09:00:00,25.761111111111113,25.761111111111113,0.56,2.9141000000000004,336.0,9.8049,0.0,1008.57
2023-08-16 10:00:00,26.938888888888886,27.738888888888894,0.56,9.708300000000001,21.0,15.826300000000002,0.0,1008.5
2023-08-16 11:00:00,27.694444444444443,28.388888888888886,0.53,6.923,347.0,15.3111,0.0,1008.29
2023-08-16 12:00:00,29.899999999999995,30.033333333333335,0.44,8.790600000000001,12.0,16.1,0.0,1008.1
2023-08-16 13:00:00,31.016666666666666,31.58888888888889,0.44,12.042800000000002,52.0,10.255700000000001,0.0,1007.51
2023-08-16 14:00:00,32.111111111111114,31.977777777777778,0.37,10.8836,35.0,15.552600000000002,0.0,1007.02
2023-08-16 15:00:00,32.68333333333333,32.74444444444444,0.37,10.9319,40.0,16.1,0.0,1006.62
2023-08-16 16:00:00,33.67777777777778,33.3111111111111,0.33,3.22,130.0,16.1,0.0,1005.94
2023-08-16 17:00:00,32.67777777777778,32.56111111111111,0.36,10.8192,4.0,15.552600000000002,0.0,1005.19
2023-08-16 18:00:00,30.99444444444445,31.161111111111115,0.42,9.1448,350.0,16.1,0.0,1005.25
2023-08-16 19:00:00,29.838888888888885,30.327777777777783,0.47,13.8621,10.0,9.982000000000001,0.0,1004.96
2023-08-16 20:00:00,23.850000000000005,23.850000000000005,0.76,20.366500000000002,168.0,4.9749,0.0,1004.05
2023-08-16 21:00:00,21.305555555555554,21.305555555555554,0.86,40.8296,200.0,4.2987,0.0,1006.52
2023-08-16 22:00:00,20.561111111111114,20.561111111111114,0.93,12.9122,245.0,7.212800000000001,0.0,1007.85
2023-08-16 23:00:00,20.005555555555556,20.005555555555556,0.97,8.211,218.0,4.250400000000001,0.0,1008.95
2023-08-17 00:00:00,19.95555555555556,19.95555555555556,0.97,5.635000000000001,40.0,7.212800000000001,0.0,1006.68
2023-08-17 01:00:00,19.95555555555556,19.95555555555556,0.93,3.5903,70.0,7.969500000000001,0.0,1007.19
2023-08-17 02:00:00,19.994444444444444,19.994444444444444,0.97,6.6493,81.0,7.1645,0.0,1006.54
2023-08-17 03:00:00,20.46666666666667,20.46666666666667,0.93,11.0929,78.0,9.853200000000001,0.0,1005.93
2023-08-17 04:00:00,20.46666666666667,20.46666666666667,0.93,11.157300000000001,108.0,14.731500000000002,0.0,1005.93
2023-08-17 05:00:00,20.438888888888894,20.438888888888894,0.93,10.642100000000001,129.0,11.012400000000001,0.0,1005.94
2023-08-17 06:00:00,20.97222222222222,20.97222222222222,0.93,7.969500000000001,128.0,4.9105,0.0,1005.93
2023-08-17 07:00:00,20.97222222222222,20.97222222222222,0.94,4.7495,130.0,4.025,0.0,1006.13
2023-08-17 08:00:00,21.955555555555552,21.955555555555552,0.89,8.8711,135.0,7.1001,0.0,1006.17
2023-08-17 09:00:00,22.133333333333336,22.133333333333336,0.82,7.5348,166.0,9.708300000000001,0.0,1005.76
2023-08-17 10:00:00,22.75555555555555,22.75555555555555,0.84,4.8139,124.0,9.8049,0.0,1006.41
2023-08-17 11:00:00,23.75,23.75,0.75,4.7978000000000005,173.0,9.338000000000001,0.0,1006.57
2023-08-17 12:00:00,24.838888888888885,24.838888888888885,0.7,10.642100000000001,142.0,9.8049,0.0,1006.42
2023-08-17 13:00:00,23.83888888888889,23.83888888888889,0.79,15.278900000000002,172.0,9.708300000000001,0.0,1006.38
2023-08-17 14:00:00,24.494444444444447,24.494444444444447,0.73,15.150100000000002,176.0,9.338000000000001,0.0,1006.55
2023-08-17 15:00:00,22.76111111111111,22.76111111111111,0.74,16.2771,200.0,9.982000000000001,0.0,1006.56
2023-08-17 16:00:00,23.850000000000005,23.850000000000005,0.7,13.894300000000003,198.0,9.982000000000001,0.0,1006.19
2023-08-17 17:00:00,25.616666666666667,25.616666666666667,0.63,16.3737,209.0,10.3523,0.0,1006.17
2023-08-17 18:00:00,22.849999999999998,22.849999999999998,0.71,15.3111,209.0,9.982000000000001,0.0,1006.18
2023-08-17 19:00:00,22.266666666666666,22.266666666666666,0.74,10.3362,210.0,9.982000000000001,0.0,1006.56
2023-08-17 20:00:00,22.17777777777778,22.17777777777778,0.78,6.9391,186.0,9.9015,0.0,1006.74
2023-08-17 21:00:00,21.022222222222226,21.022222222222226,0.82,7.8084999999999996,159.0,9.9015,0.0,1007.1
2023-08-17 22:00:00,21.04444444444444,21.04444444444444,0.85,6.423900000000001,168.0,15.649200000000002,0.0,1007.3
2023-08-17 23:00:00,19.716666666666665,19.716666666666665,0.93,6.7942,228.0,9.7888,0.0,1007.7
2023-08-18 00:00:00,19.95555555555556,19.95555555555556,0.94,3.2683,174.0,9.708300000000001,0.0,1007.69
2023-08-18 01:00:00,19.95555555555556,19.95555555555556,0.94,5.796,141.0,9.6761,0.0,1007.6
2023-08-18 02:00:00,19.522222222222222,19.522222222222222,0.97,9.160900000000002,171.0,13.894300000000003,0.0,1007.61
2023-08-18 03:00:00,19.355555555555558,19.355555555555558,0.97,10.3362,180.0,15.552600000000002,0.0,1007.54
2023-08-18 04:00:00,19.333333333333332,19.333333333333332,0.97,10.126900000000001,181.0,15.552600000000002,0.0,1007.66
2023-08-18 05:00:00,19.333333333333332,19.333333333333332,0.97,10.0142,237.0,14.715400000000002,0.0,1007.79
2023-08-18 06:00:00,18.8,18.8,0.94,15.0535,271.0,4.025,0.0,1007.97
2023-08-18 07:00:00,17.783333333333335,17.783333333333335,1.0,19.8674,271.0,4.9910000000000005,0.0,1008.56
2023-08-18 08:00:00,17.84444444444445,17.84444444444445,0.97,15.713600000000001,282.0,9.9015,0.0,1009.17
2023-08-18 09:00:00,18.82222222222222,18.82222222222222,0.9,20.0606,290.0,9.982000000000001,0.0,1009.55
2023-08-18 10:00:00,18.84444444444445,18.84444444444445,0.9,20.2055,280.0,9.982000000000001,0.0,1009.94
2023-08-18 11:00:00,18.911111111111115,18.911111111111115,0.9,18.998,282.0,9.982000000000001,0.0,1010.67
2023-08-18 12:00:00,19.93333333333333,19.93333333333333,0.84,23.312800000000003,271.0,9.7566,0.0,1011.04
2023-08-18 13:00:00,18.86666666666666,18.86666666666666,0.9,21.6384,271.0,9.9015,0.0,1011.62
2023-08-18 14:00:00,19.022222222222222,19.022222222222222,0.89,15.939000000000002,281.0,10.3523,0.0,1012.09
2023-08-18 15:00:00,19.022222222222222,19.022222222222222,0.89,22.1858,281.0,9.982000000000001,0.0,1011.93
2023-08-18 16:00:00,20.038888888888884,20.038888888888884,0.78,22.2341,290.0,9.982000000000001,0.0,1012.51
2023-08-18 17:00:00,20.105555555555554,20.105555555555554,0.78,19.3522,302.0,10.3523,0.0,1012.81
2023-08-18 18:00:00,21.011111111111106,21.011111111111106,0.74,16.2771,310.0,9.982000000000001,0.0,1012.71
2023-08-18 19:00:00,19.95,19.95,0.78,15.761899999999999,310.0,9.982000000000001,0.0,1012.72
2023-08-18 20:00:00,18.944444444444443,18.944444444444443,0.83,7.889000000000001,312.0,10.3523,0.0,1013.37
2023-08-18 21:00:00,17.200000000000003,17.200000000000003,0.93,5.2647,301.0,10.255700000000001,0.0,1014.2
2023-08-18 22:00:00,17.200000000000003,17.200000000000003,0.9,10.9319,291.0,16.1,0.0,1014.01
2023-08-18 23:00:00,16.194444444444443,16.194444444444443,0.93,5.9892,292.0,14.9569,0.0,1014.16
2023-08-19 00:00:00,15.583333333333334,15.583333333333334,0.93,3.703,283.0,15.826300000000002,0.0,1014.31
2023-08-19 01:00:00,15.005555555555553,15.005555555555553,0.93,6.601,282.0,15.826300000000002,0.0,1014.32
2023-08-19 02:00:00,14.622222222222222,14.622222222222222,0.96,6.1985,266.0,14.9569,0.0,1014.25
2023-08-19 03:00:00,14.5,14.5,0.96,6.552700000000001,253.0,15.826300000000002,0.0,1014.32
2023-08-19 04:00:00,14.449999999999998,14.449999999999998,0.96,6.488300000000001,243.0,15.826300000000002,0.0,1014.41
2023-08-19 05:00:00,14.866666666666665,14.866666666666665,0.96,10.143,254.0,14.9569,0.0,1014.37
2023-08-19 06:00:00,15.933333333333334,15.933333333333334,0.93,9.7888,262.0,9.9015,0.0,1014.12
2023-08-19 07:00:00,16.02777777777778,16.02777777777778,0.93,8.1949,291.0,9.982000000000001,0.0,1014.09
2023-08-19 08:00:00,17.02777777777778,17.02777777777778,0.89,8.0661,267.0,9.6278,0.0,1014.37
2023-08-19 09:00:00,17.849999999999998,17.849999999999998,0.84,8.05,272.0,9.982000000000001,0.0,1014.4
2023-08-19 10:00:00,20.97222222222222,20.97222222222222,0.74,5.0232,310.0,9.982000000000001,0.0,1014.23
2023-08-19 11:00:00,21.872222222222224,21.872222222222224,0.74,2.1896000000000004,282.0,10.3523,0.0,1014.18
2023-08-19 12:00:00,22.10555555555556,22.10555555555556,0.69,3.2844,269.0,9.982000000000001,0.0,1013.83
2023-08-19 13:00:00,22.75,22.75,0.71,4.250400000000001,217.0,9.982000000000001,0.0,1014.02
2023-08-19 14:00:00,24.02777777777778,24.02777777777778,0.61,4.7656,308.0,10.3523,0.0,1014.01
2023-08-19 15:00:00,25.944444444444443,25.944444444444443,0.55,9.6117,310.0,9.982000000000001,0.0,1013.73
2023-08-19 16:00:00,24.92777777777778,24.92777777777778,0.58,11.0929,311.0,9.982000000000001,0.0,1013.6
2023-08-19 17:00:00,25.805555555555557,25.805555555555557,0.51,10.787,2.0,10.3523,0.0,1012.77
2023-08-19 18:00:00,24.81111111111111,24.81111111111111,0.55,9.5312,343.0,9.982000000000001,0.0,1012.93
2023-08-19 19:00:00,22.655555555555555,22.655555555555555,0.71,10.996300000000002,38.0,9.982000000000001,0.0,1013.32
2023-08-19 20:00:00,21.12777777777778,21.12777777777778,0.78,11.1734,73.0,10.3523,0.0,1013.63
2023-08-19 21:00:00,19.92777777777778,19.92777777777778,0.84,10.6099,77.0,9.982000000000001,0.0,1013.94
2023-08-19 22:00:00,19.88333333333334,19.88333333333334,0.82,10.513300000000001,68.0,15.826300000000002,0.0,1014.05
2023-08-19 23:00:00,18.977777777777774,18.977777777777774,0.88,5.9409,46.0,15.246700000000002,0.0,1014.2
2023-08-20 00:00:00,18.333333333333332,18.333333333333332,0.9,0.5796,30.0,15.826300000000002,0.0,1014.55
2023-08-20 01:00:00,18.81666666666667,18.81666666666667,0.9,4.9588,41.0,9.982000000000001,0.0,1015.01
2023-08-20 02:00:00,18.311111111111106,18.311111111111106,0.94,6.295100000000001,39.0,14.9569,0.0,1015.13
2023-08-20 03:00:00,18.28333333333333,18.28333333333333,0.93,6.327300000000001,30.0,9.982000000000001,0.0,1015.23
2023-08-20 04:00:00,17.77777777777778,17.77777777777778,0.97,6.6332,22.0,6.295100000000001,0.0,1015.31
2023-08-20 05:00:00,17.766666666666666,17.766666666666666,0.97,6.0858,83.0,6.3112,0.0,1015.03
2023-08-20 06:00:00,17.705555555555556,17.705555555555556,0.97,0.5152,40.0,4.7495,0.0,1015.52
2023-08-20 07:00:00,17.705555555555556,17.705555555555556,0.97,1.7066000000000001,103.0,6.295100000000001,0.0,1016.01
2023-08-20 08:00:00,17.855555555555554,17.855555555555554,0.99,3.6225,115.0,9.450700000000001,0.0,1016.23
2023-08-20 09:00:00,17.733333333333334,17.733333333333334,0.97,4.2343,174.0,9.982000000000001,0.0,1016.44
2023-08-20 10:00:00,18.7,18.7,0.9,3.0268,128.0,9.982000000000001,0.0,1016.85
2023-08-20 11:00:00,18.81666666666667,18.81666666666667,0.9,8.9999,121.0,10.1591,0.0,1017.32
2023-08-20 12:00:00,18.744444444444444,18.744444444444444,0.91,0.3864,21.0,9.8049,0.0,1017.36
2023-08-20 13:00:00,19.81111111111111,19.81111111111111,0.85,5.361300000000001,16.0,9.982000000000001,0.0,1017.57
2023-08-20 14:00:00,18.894444444444446,18.894444444444446,0.92,13.3952,5.0,10.3523,0.0,1018.02
2023-08-20 15:00:00,18.72222222222222,18.72222222222222,0.9,15.810200000000002,21.0,9.982000000000001,0.0,1018.17
2023-08-20 16:00:00,18.744444444444444,18.744444444444444,0.93,12.88,2.0,9.982000000000001,0.0,1018.37
2023-08-20 17:00:00,19.805555555555557,19.805555555555557,0.85,13.7172,29.0,9.982000000000001,0.0,1018.55
2023-08-20 18:00:00,18.7,18.7,0.85,12.735100000000001,20.0,9.982000000000001,0.0,1018.68
2023-08-20 19:00:00,17.705555555555556,17.705555555555556,0.9,9.450700000000001,2.0,9.982000000000001,0.0,1018.9
2023-08-20 20:00:00,17.77777777777778,17.77777777777778,0.91,10.126900000000001,5.0,10.3523,0.0,1019.34
2023-08-20 21:00:00,17.66111111111111,17.66111111111111,0.9,7.921200000000001,9.0,9.982000000000001,0.0,1019.89
2023-08-20 22:00:00,17.66111111111111,17.66111111111111,0.9,6.617100000000001,351.0,15.826300000000002,0.0,1020.38
2023-08-20 23:00:00,17.17777777777778,17.17777777777778,0.93,9.4024,335.0,14.9569,0.0,1020.47
2023-08-21 00:00:00,17.15,17.15,0.93,6.5849,3.0,15.826300000000002,0.0,1020.86
2023-08-21 01:00:00,16.622222222222224,16.622222222222224,0.97,10.980200000000002,11.0,10.255700000000001,0.0,1020.67
2023-08-21 02:00:00,16.255555555555553,16.255555555555553,0.96,9.8049,10.0,7.084000000000001,0.0,1020.67
2023-08-21 03:00:00,15.599999999999998,15.599999999999998,0.95,6.5205,13.0,6.5688,0.0,1020.85
2023-08-21 04:00:00,15.555555555555555,15.555555555555555,0.95,6.44,21.0,6.5688,0.0,1020.66
2023-08-21 05:00:00,15.650000000000002,15.650000000000002,0.95,5.828200000000001,33.0,6.7298,0.0,1020.59
2023-08-21 06:00:00,15.994444444444444,15.994444444444444,0.93,9.5151,19.0,6.5688,0.0,1020.79
2023-08-21 07:00:00,15.994444444444444,15.994444444444444,0.93,9.499,19.0,6.5688,0.0,1021.09
2023-08-21 08:00:00,16.13888888888889,16.13888888888889,0.93,10.368400000000001,13.0,4.8461,0.0,1021.24
2023-08-21 09:00:00,15.13888888888889,15.13888888888889,0.98,9.579500000000001,11.0,6.5688,0.0,1021.46
2023-08-21 10:00:00,15.227777777777776,15.227777777777776,0.98,11.253900000000002,12.0,7.486500000000001,0.0,1021.76
2023-08-21 11:00:00,16.41111111111111,16.41111111111111,0.97,8.533,12.0,8.1144,0.0,1021.82
2023-08-21 12:00:00,16.33888888888889,16.33888888888889,0.91,11.0768,12.0,10.255700000000001,0.0,1021.93
2023-08-21 13:00:00,16.405555555555555,16.405555555555555,0.91,11.286100000000001,13.0,9.064300000000001,0.0,1022.11
2023-08-21 14:00:00,17.40555555555555,17.40555555555555,0.9,10.368400000000001,4.0,8.6618,0.0,1021.97
2023-08-21 15:00:00,17.47222222222222,17.47222222222222,0.91,12.461400000000001,3.0,9.982000000000001,0.0,1021.81
2023-08-21 16:00:00,17.91111111111111,17.91111111111111,0.88,11.109000000000002,3.0,9.982000000000001,0.0,1021.62
2023-08-21 17:00:00,17.572222222222223,17.572222222222223,0.9,10.2235,16.0,9.982000000000001,0.0,1021.47
2023-08-21 18:00:00,17.83888888888889,17.83888888888889,0.89,4.7334000000000005,6.0,9.982000000000001,0.0,1021.22
2023-08-21 19:00:00,17.800000000000004,17.800000000000004,0.89,9.4024,41.0,9.982000000000001,0.0,1021.13
2023-08-21 20:00:00,17.194444444444443,17.194444444444443,0.98,8.4364,49.0,6.8425,0.0,1021.22
2023-08-21 21:00:00,17.105555555555554,17.105555555555554,0.99,9.579500000000001,70.0,5.216400000000001,0.0,1021.33
2023-08-21 22:00:00,17.15,17.15,0.97,11.125100000000002,70.0,5.1359,0.0,1021.43
2023-08-21 23:00:00,17.194444444444443,17.194444444444443,0.96,4.025,102.0,5.4579,0.0,1021.41
2023-08-22 00:00:00,16.644444444444446,16.644444444444446,0.97,13.9748,90.0,4.524100000000001,0.0,1021.13
2023-08-22 01:00:00,16.644444444444446,16.644444444444446,0.93,6.262900000000001,89.0,6.021400000000001,0.0,1020.83
2023-08-22 02:00:00,16.694444444444443,16.694444444444443,0.93,5.7155000000000005,90.0,6.9069,0.0,1020.45
2023-08-22 03:00:00,16.644444444444446,16.644444444444446,0.93,5.957000000000001,115.0,7.212800000000001,0.0,1020.02
2023-08-22 04:00:00,16.133333333333333,16.133333333333333,0.93,6.0858,125.0,8.1305,0.0,1019.81
2023-08-22 05:00:00,16.144444444444446,16.144444444444446,0.94,2.9624,148.0,9.2897,0.0,1019.7
2023-08-22 06:00:00,16.133333333333333,16.133333333333333,0.93,4.9588,95.0,6.166300000000001,0.0,1019.8
2023-08-22 07:00:00,17.083333333333332,17.083333333333332,0.93,3.5259,34.0,6.021400000000001,0.0,1019.81
2023-08-22 08:00:00,17.488888888888887,17.488888888888887,0.86,3.0751,119.0,9.2575,0.0,1019.91
2023-08-22 09:00:00,17.63888888888889,17.63888888888889,0.85,4.9749,58.0,9.982000000000001,0.0,1019.72
2023-08-22 10:00:00,18.67777777777778,18.67777777777778,0.75,4.9910000000000005,77.0,9.982000000000001,0.0,1019.93
2023-08-22 11:00:00,19.59444444444444,19.59444444444444,0.75,4.0894,132.0,10.3523,0.0,1019.85
2023-08-22 12:00:00,18.81666666666667,18.81666666666667,0.79,9.2897,50.0,9.982000000000001,0.0,1019.73
2023-08-22 13:00:00,18.772222222222226,18.772222222222226,0.79,7.438200000000001,78.0,9.982000000000001,0.0,1019.72
2023-08-22 14:00:00,19.822222222222226,19.822222222222226,0.73,4.7978000000000005,49.0,10.3523,0.0,1019.45
2023-08-22 15:00:00,18.916666666666668,18.916666666666668,0.78,8.0822,48.0,9.982000000000001,0.0,1019.31
2023-08-22 16:00:00,18.916666666666668,18.916666666666668,0.78,7.8729,47.0,9.982000000000001,0.0,1019.31
2023-08-22 17:00:00,19.822222222222226,19.822222222222226,0.73,6.601,28.0,10.3523,0.0,1019.13
2023-08-22 18:00:00,19.90555555555555,19.90555555555555,0.74,7.824600000000001,0.0,9.982000000000001,0.0,1018.82
2023-08-22 19:00:00,18.81666666666667,18.81666666666667,0.79,0.5152,300.0,10.255700000000001,0.0,1018.9
2023-08-22 20:00:00,17.755555555555556,17.755555555555556,0.9,6.359500000000001,140.0,10.0142,0.0,1019.03
2023-08-22 21:00:00,17.22222222222222,17.22222222222222,0.93,0.1449,350.0,9.982000000000001,0.0,1019.22
2023-08-22 22:00:00,16.11111111111111,16.11111111111111,0.93,11.270000000000001,350.0,15.826300000000002,0.0,1019.03
2023-08-22 23:00:00,16.166666666666668,16.166666666666668,0.94,2.0125,53.0,14.4095,0.0,1018.91
2023-08-23 00:00:00,15.505555555555553,15.505555555555553,0.96,0.0,0.0,9.8049,0.0,1018.53
2023-08-23 01:00:00,14.972222222222221,14.972222222222221,0.96,8.05,300.0,4.1216,0.0,1018.41
2023-08-23 02:00:00,15.450000000000001,15.450000000000001,0.96,2.1413,55.0,5.2003,0.0,1018.17
2023-08-23 03:00:00,15.411111111111113,15.411111111111113,0.96,0.0,0.0,3.1395,0.0,1018.11
2023-08-23 04:00:00,15.483333333333333,15.483333333333333,0.96,3.22,330.0,3.1395,0.0,1017.82
2023-08-23 05:00:00,14.67222222222222,14.67222222222222,0.99,1.9642000000000002,90.0,2.7209,0.0,1017.57
2023-08-23 06:00:00,14.972222222222221,14.972222222222221,1.0,0.0,0.0,2.0769,0.0,1017.81
2023-08-23 07:00:00,16.038888888888888,16.038888888888888,0.94,3.22,90.0,3.1073,0.0,1017.71
2023-08-23 08:00:00,17.061111111111114,17.061111111111114,0.99,1.1914,271.0,6.230700000000001,0.0,1017.81
2023-08-23 09:00:00,18.83888888888889,18.83888888888889,0.79,3.1717,188.0,7.969500000000001,0.0,1017.79
2023-08-23 10:00:00,20.022222222222226,20.022222222222226,0.68,1.5295,175.0,9.982000000000001,0.0,1017.78
2023-08-23 11:00:00,21.005555555555556,21.005555555555556,0.63,3.059,154.0,9.982000000000001,0.0,1017.49
2023-08-23 12:00:00,22.127777777777776,22.127777777777776,0.6,4.7495,111.0,9.982000000000001,0.0,1017.21
2023-08-23 13:00:00,21.15555555555555,21.15555555555555,0.68,7.5187,52.0,9.982000000000001,0.0,1017.21
2023-08-23 14:00:00,22.188888888888886,22.188888888888886,0.63,3.0751,139.0,10.3523,0.0,1017.19
2023-08-23 15:00:00,22.22222222222222,22.22222222222222,0.59,3.1878,169.0,9.982000000000001,0.0,1016.79
2023-08-23 16:00:00,22.22222222222222,22.22222222222222,0.6,1.9159,136.0,9.982000000000001,0.0,1016.5
2023-08-23 17:00:00,22.800000000000004,22.800000000000004,0.53,2.898,56.0,10.3523,0.0,1016.29
2023-08-23 18:00:00,22.75555555555555,22.75555555555555,0.54,1.4651,105.0,9.982000000000001,0.0,1015.8
2023-08-23 19:00:00,22.127777777777776,22.127777777777776,0.59,0.0,0.0,16.1,0.0,1015.61
2023-08-23 20:00:00,18.099999999999998,18.099999999999998,0.82,2.6565,43.0,15.552600000000002,0.0,1015.79
2023-08-23 21:00:00,16.11111111111111,16.11111111111111,0.93,4.83,40.0,16.1,0.0,1016.19
2023-08-23 22:00:00,15.511111111111113,15.511111111111113,0.93,0.0,0.0,15.826300000000002,0.0,1016.21
2023-08-23 23:00:00,14.549999999999999,14.549999999999999,0.96,3.22,20.0,14.5222,0.0,1016.45
2023-08-24 00:00:00,13.88888888888889,13.88888888888889,0.96,0.0,0.0,11.8496,0.0,1016.61
2023-08-24 01:00:00,13.355555555555554,13.355555555555554,0.96,3.22,340.0,9.8049,0.0,1016.52
2023-08-24 02:00:00,13.394444444444444,13.394444444444444,0.96,3.22,90.0,7.1323,0.0,1016.61
2023-08-24 03:00:00,12.777777777777779,12.777777777777779,0.96,0.0,0.0,4.0733,0.0,1016.2
2023-08-24 04:00:00,12.244444444444444,12.244444444444444,0.96,2.9624,282.0,4.025,0.0,1016.31
2023-08-24 05:00:00,12.483333333333333,12.483333333333333,0.96,3.4937,102.0,4.0894,0.0,1016.58
2023-08-24 06:00:00,12.822222222222221,12.822222222222221,0.96,4.8139,110.0,1.9803000000000002,0.0,1016.58
2023-08-24 07:00:00,16.0,16.0,0.93,4.652900000000001,130.0,7.084000000000001,0.0,1016.49
2023-08-24 08:00:00,18.583333333333332,18.583333333333332,0.8,9.3541,147.0,9.4829,0.0,1016.73
2023-08-24 09:00:00,21.06666666666667,21.06666666666667,0.69,12.5097,141.0,15.134000000000002,0.0,1016.9
2023-08-24 10:00:00,22.77777777777778,22.77777777777778,0.62,14.2163,132.0,15.826300000000002,0.0,1017.17
2023-08-24 11:00:00,23.827777777777776,23.827777777777776,0.6,14.2807,147.0,15.3111,0.0,1017.11
2023-08-24 12:00:00,26.03888888888889,26.03888888888889,0.48,14.49,150.0,9.982000000000001,0.0,1017.26
2023-08-24 13:00:00,26.13333333333334,26.13333333333334,0.47,15.681400000000002,141.0,15.826300000000002,0.0,1016.78
2023-08-24 14:00:00,27.17222222222222,27.011111111111113,0.4,12.1394,143.0,15.552600000000002,0.0,1016.55
2023-08-24 15:00:00,27.22222222222222,27.077777777777776,0.41,9.6439,168.0,16.1,0.0,1016.17
2023-08-24 16:00:00,27.28888888888889,27.127777777777776,0.41,8.227100000000002,151.0,16.1,0.0,1015.87
2023-08-24 17:00:00,27.805555555555557,27.31111111111111,0.37,9.177000000000001,149.0,15.552600000000002,0.0,1015.82
2023-08-24 18:00:00,27.194444444444443,27.22222222222222,0.44,8.2593,160.0,16.1,0.0,1015.66
2023-08-24 19:00:00,23.93333333333333,23.93333333333333,0.61,4.9266000000000005,114.0,16.1,0.0,1015.37
2023-08-24 20:00:00,22.37777777777778,22.37777777777778,0.62,8.8872,101.0,15.552600000000002,0.0,1015.32
2023-08-24 21:00:00,22.061111111111106,22.061111111111106,0.6,10.8997,110.0,16.1,0.0,1015.77
2023-08-24 22:00:00,21.961111111111112,21.961111111111112,0.61,11.270000000000001,110.0,16.1,0.0,1015.79
2023-08-24 23:00:00,20.055555555555554,20.055555555555554,0.69,10.6904,130.0,15.1823,0.0,1015.89
2023-08-25 00:00:00,20.99444444444445,20.99444444444445,0.64,14.2002,140.0,16.1,0.0,1015.87
2023-08-25 01:00:00,20.533333333333328,20.533333333333328,0.68,14.039200000000001,150.0,16.1,0.0,1015.75
2023-08-25 02:00:00,19.961111111111116,19.961111111111116,0.7,10.9319,158.0,15.1823,0.0,1015.67
2023-08-25 03:00:00,19.305555555555557,19.305555555555557,0.77,11.270000000000001,140.0,16.1,0.0,1015.56
2023-08-25 04:00:00,18.77777777777778,18.77777777777778,0.79,11.270000000000001,140.0,16.1,0.0,1015.37
2023-08-25 05:00:00,18.305555555555557,18.305555555555557,0.79,13.507900000000001,132.0,14.3934,0.0,1015.2
2023-08-25 06:00:00,18.77777777777778,18.77777777777778,0.79,12.799500000000002,140.0,16.1,0.0,1015.28
2023-08-25 07:00:00,18.8,18.8,0.79,12.799500000000002,130.0,16.1,0.0,1015.56
2023-08-25 08:00:00,20.827777777777776,20.827777777777776,0.69,15.874600000000001,139.0,15.1823,0.0,1015.63
2023-08-25 09:00:00,22.17222222222222,22.17222222222222,0.64,15.423800000000002,141.0,16.1,0.0,1016.0
2023-08-25 10:00:00,24.90555555555555,24.90555555555555,0.58,16.0195,150.0,16.1,0.0,1016.11
2023-08-25 11:00:00,26.950000000000003,27.211111111111116,0.47,13.1859,183.0,15.552600000000002,0.0,1016.19
2023-08-25 12:00:00,26.994444444444447,27.31666666666667,0.48,14.0714,181.0,16.1,0.0,1016.33
2023-08-25 13:00:00,27.483333333333334,27.71111111111111,0.48,8.9999,212.0,16.1,0.0,1016.36
2023-08-25 14:00:00,27.45,27.849999999999998,0.5,6.7942,246.0,15.552600000000002,0.0,1016.18
2023-08-25 15:00:00,27.56666666666667,28.28333333333333,0.54,9.4024,322.0,16.1,0.0,1016.06
2023-08-25 16:00:00,27.083333333333332,27.788888888888884,0.55,19.8352,311.0,16.1,0.0,1015.97
2023-08-25 17:00:00,27.488888888888894,28.211111111111112,0.54,9.6439,311.0,15.552600000000002,0.0,1016.18
2023-08-25 18:00:00,27.061111111111106,27.783333333333335,0.55,7.8729,313.0,16.1,0.0,1016.24
2023-08-25 19:00:00,23.81666666666667,23.81666666666667,0.69,8.1466,293.0,16.1,0.0,1016.26
2023-08-25 20:00:00,22.28888888888889,22.28888888888889,0.74,8.2754,329.0,15.552600000000002,0.0,1016.94
2023-08-25 21:00:00,19.97222222222222,19.97222222222222,0.84,9.595600000000001,320.0,16.1,0.0,1017.65
2023-08-25 22:00:00,20.900000000000002,20.900000000000002,0.8,9.708300000000001,329.0,16.1,0.0,1018.6
2023-08-25 23:00:00,19.422222222222217,19.422222222222217,0.86,6.1502,313.0,15.1823,0.0,1018.58
2023-08-26 00:00:00,17.755555555555556,17.755555555555556,0.89,4.9427,326.0,16.1,0.0,1019.2
2023-08-26 01:00:00,17.733333333333334,17.733333333333334,0.89,10.787,309.0,15.1823,0.0,1018.75
2023-08-26 02:00:00,17.705555555555556,17.705555555555556,0.85,9.965900000000001,322.0,14.3934,0.0,1018.77
2023-08-26 03:00:00,16.616666666666664,16.616666666666664,0.87,6.359500000000001,329.0,15.1823,0.0,1018.74
2023-08-26 04:00:00,16.12777777777778,16.12777777777778,0.87,6.1019000000000005,338.0,15.1823,0.0,1018.85
2023-08-26 05:00:00,16.788888888888888,16.788888888888888,0.82,6.1019000000000005,350.0,14.3934,0.0,1019.23
2023-08-26 06:00:00,17.200000000000003,17.200000000000003,0.81,7.969500000000001,328.0,14.9086,0.0,1019.62
2023-08-26 07:00:00,17.733333333333334,17.733333333333334,0.78,9.321900000000001,281.0,10.255700000000001,0.0,1019.83
2023-08-26 08:00:00,17.76111111111111,17.76111111111111,0.8,7.856800000000001,293.0,10.577700000000002,0.0,1020.17
2023-08-26 09:00:00,18.805555555555554,18.805555555555554,0.74,12.799500000000002,282.0,10.255700000000001,0.0,1020.44
2023-08-26 10:00:00,17.927777777777774,17.927777777777774,0.89,7.8729,272.0,10.255700000000001,0.0,1020.92
2023-08-26 11:00:00,19.86111111111111,19.86111111111111,0.75,7.1806,286.0,10.577700000000002,0.0,1021.11
2023-08-26 12:00:00,22.716666666666665,22.716666666666665,0.66,7.7440999999999995,272.0,15.826300000000002,0.0,1020.82
2023-08-26 13:00:00,24.866666666666667,24.866666666666667,0.55,9.466800000000001,299.0,15.826300000000002,0.0,1020.43
2023-08-26 14:00:00,25.650000000000002,25.650000000000002,0.52,7.8084999999999996,296.0,15.552600000000002,0.0,1020.38
2023-08-26 15:00:00,26.06666666666667,26.06666666666667,0.5,4.2826,163.0,16.1,0.0,1019.82
2023-08-26 16:00:00,27.15555555555555,27.211111111111116,0.44,9.048200000000001,251.0,16.1,0.0,1019.42
2023-08-26 17:00:00,27.055555555555557,26.966666666666672,0.41,7.921200000000001,306.0,15.552600000000002,0.0,1019.23
2023-08-26 18:00:00,26.088888888888885,26.088888888888885,0.39,8.05,270.0,16.1,0.0,1019.01
2023-08-26 19:00:00,23.894444444444446,23.894444444444446,0.54,4.717300000000001,299.0,16.1,0.0,1019.01
2023-08-26 20:00:00,20.305555555555557,20.305555555555557,0.8,4.2987,286.0,15.552600000000002,0.0,1019.15
2023-08-26 21:00:00,17.82777777777778,17.82777777777778,0.89,3.22,240.0,16.1,0.0,1019.6
2023-08-26 22:00:00,17.711111111111112,17.711111111111112,0.87,0.0,0.0,16.1,0.0,1019.71
2023-08-26 23:00:00,17.344444444444445,17.344444444444445,0.9,3.1717,278.0,15.1823,0.0,1019.83
2023-08-27 00:00:00,16.08888888888889,16.08888888888889,0.9,3.22,210.0,15.1823,0.0,1019.81
2023-08-27 01:00:00,15.605555555555558,15.605555555555558,0.93,3.22,270.0,15.1823,0.0,1019.62
2023-08-27 02:00:00,15.383333333333333,15.383333333333333,0.93,2.6565,333.0,15.1823,0.0,1019.61
2023-08-27 03:00:00,14.466666666666665,14.466666666666665,0.96,0.0,0.0,15.1823,0.0,1019.31
2023-08-27 04:00:00,14.444444444444445,14.444444444444445,0.93,0.0,0.0,15.1823,0.0,1019.3
2023-08-27 05:00:00,14.17222222222222,14.17222222222222,0.96,1.9964000000000002,340.0,14.3934,0.0,1019.21
2023-08-27 06:00:00,13.88888888888889,13.88888888888889,1.0,1.61,340.0,15.826300000000002,0.0,1019.21
2023-08-27 07:00:00,17.08888888888889,17.08888888888889,0.93,0.0,0.0,16.1,0.0,1019.21
2023-08-27 08:00:00,20.933333333333337,20.933333333333337,0.74,4.83,10.0,16.1,0.0,1019.22
2023-08-27 09:00:00,23.77777777777778,23.77777777777778,0.59,8.05,70.0,16.1,0.0,1019.31
2023-08-27 10:00:00,25.99444444444445,25.99444444444445,0.51,9.0965,121.0,16.1,0.0,1019.41
2023-08-27 11:00:00,27.133333333333336,27.583333333333336,0.51,5.1359,111.0,15.552600000000002,0.0,1019.48
2023-08-27 12:00:00,27.75555555555555,28.122222222222224,0.49,8.05,112.0,16.1,0.0,1019.39
2023-08-27 13:00:00,29.838888888888885,29.93333333333333,0.44,4.9266000000000005,167.0,16.1,0.0,1018.81
2023-08-27 14:00:00,30.86111111111111,30.794444444444448,0.4,10.4167,152.0,15.552600000000002,0.0,1018.29
2023-08-27 15:00:00,31.03888888888889,30.755555555555556,0.38,10.9319,150.0,16.1,0.0,1017.59
2023-08-27 16:00:00,32.0611111111111,32.05555555555556,0.38,9.563400000000001,198.0,16.1,0.0,1017.09
2023-08-27 17:00:00,32.00555555555556,31.144444444444446,0.33,9.2253,207.0,15.552600000000002,0.0,1016.83
2023-08-27 18:00:00,30.949999999999996,30.288888888888884,0.36,4.8944,180.0,16.1,0.0,1016.71
2023-08-27 19:00:00,27.68333333333333,28.41666666666667,0.54,3.0751,170.0,16.1,0.0,1016.61
2023-08-27 20:00:00,23.200000000000003,23.200000000000003,0.7,3.3810000000000002,134.0,15.552600000000002,0.0,1017.0
2023-08-27 21:00:00,22.127777777777776,22.127777777777776,0.77,4.7012,119.0,16.1,0.0,1017.38
2023-08-27 22:00:00,21.06666666666667,21.06666666666667,0.8,6.44,110.0,16.1,0.0,1017.49
2023-08-27 23:00:00,21.16111111111111,21.16111111111111,0.76,10.2235,143.0,15.552600000000002,0.0,1017.7
2023-08-28 00:00:00,18.35555555555556,18.35555555555556,0.9,3.22,230.0,12.2199,0.0,1017.96
2023-08-28 01:00:00,19.327777777777783,19.327777777777783,0.82,3.2039,159.0,12.2199,0.0,1017.59
2023-08-28 02:00:00,18.738888888888894,18.738888888888894,0.79,6.1502,174.0,12.042800000000002,0.0,1017.49
2023-08-28 03:00:00,18.75,18.75,0.77,6.44,160.0,11.8979,0.0,1017.38
2023-08-28 04:00:00,17.66111111111111,17.66111111111111,0.8,10.8997,140.0,14.812,0.0,1017.38
2023-08-28 05:00:00,16.95555555555556,16.95555555555556,0.82,6.5366,149.0,14.457800000000002,0.0,1017.65
2023-08-28 06:00:00,17.200000000000003,17.200000000000003,0.77,10.8836,130.0,14.812,0.0,1017.97
2023-08-28 07:00:00,18.8,18.8,0.73,9.2253,140.0,14.9086,0.0,1018.0
2023-08-28 08:00:00,22.061111111111106,22.061111111111106,0.6,10.0947,161.0,15.552600000000002,0.0,1018.4
2023-08-28 09:00:00,24.95555555555556,24.95555555555556,0.55,13.5401,160.0,16.1,0.0,1018.39
2023-08-28 10:00:00,27.22222222222222,27.333333333333332,0.45,16.711800000000004,160.0,16.1,0.0,1018.58
2023-08-28 11:00:00,28.938888888888894,28.783333333333335,0.43,12.380900000000002,182.0,15.552600000000002,0.0,1018.61
2023-08-28 12:00:00,31.06666666666667,30.46111111111111,0.36,12.3648,191.0,16.1,0.0,1018.68
2023-08-28 13:00:00,32.17777777777778,31.31666666666667,0.32,12.1072,182.0,16.1,0.0,1018.39
2023-08-28 14:00:00,32.72222222222222,31.622222222222224,0.3,10.4811,185.0,15.552600000000002,0.0,1018.31
2023-08-28 15:00:00,32.733333333333334,32.150000000000006,0.33,4.652900000000001,195.0,16.1,0.0,1017.9
2023-08-28 16:00:00,33.75,33.511111111111106,0.33,4.83,191.0,16.1,0.0,1017.8
2023-08-28 17:00:00,32.88333333333333,32.12222222222222,0.32,2.0769,158.0,15.552600000000002,0.0,1017.65
2023-08-28 18:00:00,32.21666666666667,32.32222222222222,0.39,1.3363,152.0,16.1,0.0,1017.7
2023-08-28 19:00:00,29.86111111111111,30.055555555555557,0.44,8.05,290.0,16.1,0.0,1017.91
2023-08-28 20:00:00,24.416666666666668,24.416666666666668,0.7,4.2987,8.0,15.391600000000002,0.0,1018.41
2023-08-28 21:00:00,22.733333333333334,22.733333333333334,0.8,0.0,0.0,15.826300000000002,0.0,1019.01
2023-08-28 22:00:00,21.64444444444444,21.64444444444444,0.82,0.0,0.0,15.826300000000002,0.0,1019.32
2023-08-28 23:00:00,20.894444444444446,20.894444444444446,0.86,3.4293,355.0,14.876400000000002,0.0,1019.61
2023-08-29 00:00:00,20.005555555555556,20.005555555555556,0.88,3.22,300.0,14.731500000000002,0.0,1020.03
2023-08-29 01:00:00,19.422222222222217,19.422222222222217,0.9,3.22,320.0,11.753,0.0,1020.23
2023-08-29 02:00:00,19.01111111111111,19.01111111111111,0.93,3.0107000000000004,327.0,9.7888,0.0,1020.41
2023-08-29 03:00:00,18.28888888888889,18.28888888888889,0.93,8.05,310.0,6.9874,0.0,1020.62
2023-08-29 04:00:00,17.783333333333335,17.783333333333335,0.93,3.22,280.0,4.9910000000000005,0.0,1020.63
2023-08-29 05:00:00,17.883333333333333,17.883333333333333,0.93,2.0286,15.0,5.7316,0.0,1020.72
2023-08-29 06:00:00,17.17777777777778,17.17777777777778,0.93,0.0,0.0,4.0733,0.0,1020.94
2023-08-29 07:00:00,20.794444444444448,20.794444444444448,0.88,0.0,0.0,3.1395,0.0,1021.45
2023-08-29 08:00:00,23.461111111111116,23.461111111111116,0.79,2.9302,56.0,6.601,0.0,1021.56
2023-08-29 09:00:00,27.577777777777776,28.82222222222222,0.6,0.2576,326.0,8.372000000000002,0.0,1021.84
2023-08-29 10:00:00,29.822222222222226,30.577777777777783,0.49,4.7656,36.0,15.1823,0.0,1022.05
2023-08-29 11:00:00,31.022222222222226,31.77777777777778,0.45,6.9874,79.0,15.552600000000002,0.0,1022.21
2023-08-29 12:00:00,32.150000000000006,32.77777777777778,0.41,7.760200000000001,51.0,16.1,0.0,1022.23
2023-08-29 13:00:00,32.75555555555555,32.42777777777778,0.35,7.1806,69.0,16.1,0.0,1022.21
2023-08-29 14:00:00,33.77777777777778,33.25,0.32,3.6869,124.0,15.552600000000002,0.0,1021.9
2023-08-29 15:00:00,33.86666666666666,32.89444444444444,0.29,7.4704,121.0,16.1,0.0,1021.33
2023-08-29 16:00:00,34.90555555555555,33.93333333333333,0.27,3.059,8.0,16.1,0.0,1021.03
2023-08-29 17:00:00,33.84444444444445,33.20555555555555,0.31,3.4615,334.0,15.552600000000002,0.0,1020.74
2023-08-29 18:00:00,33.794444444444444,33.48888888888889,0.33,4.9266000000000005,342.0,16.1,0.0,1020.63
2023-08-29 19:00:00,29.88333333333334,30.444444444444443,0.47,4.9588,331.0,16.1,0.0,1020.52
2023-08-29 20:00:00,25.39444444444444,25.39444444444444,0.62,1.7388000000000001,348.0,15.552600000000002,0.0,1020.9
2023-08-29 21:00:00,22.77777777777778,22.77777777777778,0.79,3.22,330.0,16.1,0.0,1021.41
2023-08-29 22:00:00,22.199999999999996,22.199999999999996,0.81,3.0751,340.0,16.1,0.0,1021.62
2023-08-29 23:00:00,21.900000000000002,21.900000000000002,0.8,2.8497000000000003,73.0,15.520400000000002,0.0,1021.68
2023-08-30 00:00:00,20.533333333333328,20.533333333333328,0.87,3.0751,310.0,15.134000000000002,0.0,1021.82
2023-08-30 01:00:00,20.46666666666667,20.46666666666667,0.87,3.0751,340.0,15.134000000000002,0.0,1021.91
2023-08-30 02:00:00,19.516666666666666,19.516666666666666,0.92,2.9302,20.0,14.168000000000003,0.0,1021.67
2023-08-30 03:00:00,18.79444444444444,18.79444444444444,0.93,0.0,0.0,14.9086,0.0,1021.53
2023-08-30 04:00:00,18.772222222222226,18.772222222222226,0.93,6.1502,30.0,11.9784,0.0,1021.53
2023-08-30 05:00:00,18.48333333333333,18.48333333333333,0.96,4.347,37.0,11.6081,0.0,1021.59
2023-08-30 06:00:00,17.733333333333334,17.733333333333334,0.97,0.0,0.0,7.969500000000001,0.0,1021.72
2023-08-30 07:00:00,20.888888888888886,20.888888888888886,0.88,1.6583,33.0,8.0017,0.0,1022.02
2023-08-30 08:00:00,24.638888888888886,24.638888888888886,0.71,4.524100000000001,73.0,8.420300000000001,0.0,1022.25
2023-08-30 09:00:00,27.15555555555555,27.91111111111111,0.55,4.9266000000000005,108.0,15.134000000000002,0.0,1022.2
2023-08-30 10:00:00,28.938888888888894,29.711111111111116,0.51,4.9749,111.0,16.1,0.0,1022.19
2023-08-30 11:00:00,31.15555555555555,31.672222222222224,0.44,5.0715,122.0,15.552600000000002,0.0,1022.18
2023-08-30 12:00:00,32.800000000000004,33.42777777777778,0.4,7.921200000000001,140.0,16.1,0.0,1021.99
2023-08-30 13:00:00,33.888888888888886,34.49444444444445,0.37,9.209200000000001,152.0,16.1,0.0,1021.67
2023-08-30 14:00:00,34.922222222222224,34.099999999999994,0.28,10.8192,186.0,15.552600000000002,0.0,1021.17
2023-08-30 15:00:00,35.0,34.711111111111116,0.3,9.434600000000001,170.0,16.1,0.0,1020.49
2023-08-30 16:00:00,35.0,33.955555555555556,0.26,9.4185,189.0,16.1,0.0,1020.07
2023-08-30 17:00:00,34.138888888888886,33.28888888888889,0.29,8.7262,165.0,15.552600000000002,0.0,1019.66
2023-08-30 18:00:00,32.84444444444445,32.111111111111114,0.32,9.2897,161.0,16.1,0.0,1019.37
2023-08-30 19:00:00,29.977777777777774,30.477777777777778,0.46,4.9749,159.0,16.1,0.0,1019.08
2023-08-30 20:00:00,25.616666666666667,25.616666666666667,0.61,4.7978000000000005,161.0,15.552600000000002,0.0,1019.26
2023-08-30 21:00:00,22.366666666666667,22.366666666666667,0.76,3.0751,150.0,16.1,0.0,1019.67
2023-08-30 22:00:00,21.16111111111111,21.16111111111111,0.84,3.1395,127.0,16.1,0.0,1019.5
2023-08-30 23:00:00,22.23333333333333,22.23333333333333,0.71,6.166300000000001,122.0,15.552600000000002,0.0,1019.7
2023-08-31 00:00:00,21.555555555555557,21.555555555555557,0.72,3.2039,149.0,16.0517,0.0,1019.68
2023-08-31 01:00:00,19.516666666666666,19.516666666666666,0.84,6.118,150.0,16.0517,0.0,1019.39
2023-08-31 02:00:00,19.73333333333333,19.73333333333333,0.8,3.4776000000000002,135.0,15.520400000000002,0.0,1019.29
2023-08-31 03:00:00,18.35555555555556,18.35555555555556,0.87,3.1878,148.0,15.826300000000002,0.0,1019.09
2023-08-31 04:00:00,18.772222222222226,18.772222222222226,0.82,6.44,130.0,15.826300000000002,0.0,1018.79
2023-08-31 05:00:00,19.88333333333334,19.88333333333334,0.76,6.0375000000000005,139.0,14.9569,0.0,1018.51
2023-08-31 06:00:00,19.75,19.75,0.79,4.83,120.0,15.729700000000001,0.0,1018.48
2023-08-31 07:00:00,21.999999999999996,21.999999999999996,0.69,10.8031,120.0,11.8979,0.0,1018.2
2023-08-31 08:00:00,24.450000000000003,24.450000000000003,0.65,9.305800000000001,127.0,11.688600000000001,0.0,1018.04
2023-08-31 09:00:00,27.11111111111111,27.950000000000003,0.56,12.558,160.0,15.134000000000002,0.0,1018.09
2023-08-31 10:00:00,28.872222222222224,29.62222222222222,0.51,13.9909,141.0,15.1823,0.0,1017.98
2023-08-31 11:00:00,31.022222222222226,31.422222222222224,0.43,12.2682,152.0,14.7637,0.0,1017.8
2023-08-31 12:00:00,32.733333333333334,33.577777777777776,0.41,14.1519,151.0,15.1823,0.0,1017.48
2023-08-31 13:00:00,33.86666666666666,34.5,0.37,14.0875,199.0,15.1823,0.0,1016.98
2023-08-31 14:00:00,35.02777777777778,34.62777777777777,0.3,13.1859,171.0,14.7637,0.0,1016.49
2023-08-31 15:00:00,35.050000000000004,34.72222222222222,0.3,13.7977,180.0,15.1823,0.0,1015.88
2023-08-31 16:00:00,35.0,34.29444444444445,0.28,13.5401,162.0,15.1823,0.0,1015.0
2023-08-31 17:00:00,35.06666666666667,34.66111111111111,0.29,9.7888,169.0,14.7637,0.0,1014.42
2023-08-31 18:00:00,32.800000000000004,32.416666666666664,0.34,7.8084999999999996,171.0,15.1823,0.0,1014.09
2023-08-31 19:00:00,28.96111111111111,29.522222222222222,0.49,4.6046000000000005,220.0,15.1823,0.0,1013.71
2023-08-31 20:00:00,26.36111111111111,26.36111111111111,0.56,4.6368,169.0,10.5455,0.0,1013.93
2023-08-31 21:00:00,22.849999999999998,22.849999999999998,0.73,1.5295,180.0,10.2074,0.0,1014.2
2023-08-31 22:00:00,22.17777777777778,22.17777777777778,0.77,0.0,0.0,12.2199,0.0,1014.2
2023-08-31 23:00:00,21.04444444444444,21.04444444444444,0.85,5.796,166.0,12.042800000000002,0.0,1014.14
2023-09-01 00:00:00,19.95555555555556,19.95555555555556,0.87,6.44,150.0,11.9784,0.0,1014.11
2023-09-01 01:00:00,19.422222222222217,19.422222222222217,0.87,6.44,250.0,9.9015,0.0,1014.31
2023-09-01 02:00:00,19.400000000000002,19.400000000000002,0.87,3.1073,252.0,10.3523,0.0,1014.38
2023-09-01 03:00:00,18.86666666666666,18.86666666666666,0.88,5.8121,289.0,8.1305,0.0,1013.9
2023-09-01 04:00:00,18.84444444444445,18.84444444444445,0.85,6.1502,70.0,8.1305,0.0,1013.6
2023-09-01 05:00:00,18.983333333333334,18.983333333333334,0.88,9.3863,119.0,10.3523,0.0,1013.36
2023-09-01 06:00:00,17.77777777777778,17.77777777777778,0.91,0.0,0.0,8.0017,0.0,1013.49
2023-09-01 07:00:00,20.888888888888886,20.888888888888886,0.82,1.61,140.0,9.9015,0.0,1013.42
2023-09-01 08:00:00,23.694444444444446,23.694444444444446,0.69,7.969500000000001,141.0,12.042800000000002,0.0,1013.35
2023-09-01 09:00:00,26.16111111111111,26.16111111111111,0.6,10.996300000000002,161.0,15.1823,0.0,1013.0
2023-09-01 10:00:00,27.89444444444444,29.061111111111114,0.58,4.588500000000001,176.0,15.1823,0.0,1012.8
2023-09-01 11:00:00,30.36111111111111,30.84444444444444,0.45,4.8139,173.0,14.7637,0.0,1012.62
2023-09-01 12:00:00,32.24444444444445,32.68333333333333,0.4,8.017800000000001,212.0,15.1823,0.0,1012.1
2023-09-01 13:00:00,33.794444444444444,34.25,0.36,8.05,267.0,15.1823,0.0,1011.89
2023-09-01 14:00:00,33.90555555555555,33.21666666666667,0.3,10.1752,283.0,14.7637,0.0,1011.65
2023-09-01 15:00:00,34.977777777777774,33.88333333333333,0.26,9.3863,267.0,16.1,0.0,1010.88
2023-09-01 16:00:00,34.92777777777778,33.82222222222222,0.26,9.338000000000001,275.0,16.1,0.0,1010.29
2023-09-01 17:00:00,34.84444444444445,33.44444444444444,0.24,8.0017,250.0,14.7637,0.0,1009.96
2023-09-01 18:00:00,33.794444444444444,32.56666666666667,0.27,5.0232,240.0,15.1823,0.0,1009.4
2023-09-01 19:00:00,29.95555555555556,29.327777777777783,0.37,8.05,220.0,15.1823,0.0,1009.5
2023-09-01 20:00:00,25.549999999999997,25.549999999999997,0.51,7.728,204.0,15.552600000000002,0.0,1009.93
2023-09-01 21:00:00,22.855555555555554,22.855555555555554,0.66,3.3971,183.0,16.1,0.0,1010.29
2023-09-01 22:00:00,21.116666666666667,21.116666666666667,0.73,6.279,180.0,15.1823,0.0,1010.36
2023-09-01 23:00:00,19.966666666666665,19.966666666666665,0.76,2.9141000000000004,192.0,14.7637,0.0,1010.34
2023-09-02 00:00:00,20.544444444444448,20.544444444444448,0.73,3.3166,175.0,15.1823,0.0,1010.4
2023-09-02 01:00:00,20.033333333333335,20.033333333333335,0.73,6.488300000000001,211.0,15.1823,0.0,1010.3
2023-09-02 02:00:00,19.549999999999997,19.549999999999997,0.72,3.4454000000000002,248.0,14.7637,0.0,1010.46
2023-09-02 03:00:00,18.438888888888886,18.438888888888886,0.8,3.0912,167.0,15.1823,0.0,1010.4
2023-09-02 04:00:00,18.41666666666667,18.41666666666667,0.8,3.1556,174.0,12.2521,0.0,1010.58
2023-09-02 05:00:00,18.48333333333333,18.48333333333333,0.8,5.6511,207.0,12.2843,0.0,1010.64
2023-09-02 06:00:00,17.27777777777778,17.27777777777778,0.86,1.8354,207.0,16.1,0.0,1010.51
2023-09-02 07:00:00,18.855555555555554,18.855555555555554,0.83,7.615300000000001,164.0,16.1,0.0,1010.92
2023-09-02 08:00:00,22.600000000000005,22.600000000000005,0.58,7.357700000000001,263.0,15.552600000000002,0.0,1011.34
2023-09-02 09:00:00,24.88333333333334,24.88333333333334,0.51,12.558,300.0,16.1,0.0,1011.21
2023-09-02 10:00:00,27.10555555555556,27.37222222222222,0.48,11.1895,310.0,16.1,0.0,1011.51
2023-09-02 11:00:00,28.716666666666665,28.61111111111111,0.43,8.8228,268.0,15.552600000000002,0.0,1011.57
2023-09-02 12:00:00,29.81666666666667,29.916666666666668,0.44,12.7029,272.0,16.1,0.0,1011.62
2023-09-02 13:00:00,29.90555555555555,29.994444444444444,0.43,13.1859,300.0,16.1,0.0,1011.42
2023-09-02 14:00:00,31.049999999999997,31.061111111111106,0.41,11.8979,273.0,15.552600000000002,0.0,1011.16
2023-09-02 15:00:00,32.03888888888889,32.05555555555556,0.38,13.0249,309.0,16.1,0.0,1010.73
2023-09-02 16:00:00,32.01111111111111,32.04444444444445,0.39,11.543700000000001,289.0,16.1,0.0,1010.32
2023-09-02 17:00:00,30.99444444444445,31.311111111111114,0.43,12.1233,304.0,15.552600000000002,0.0,1010.08
2023-09-02 18:00:00,29.88333333333334,30.316666666666663,0.46,14.039200000000001,300.0,16.1,0.0,1010.14
2023-09-02 19:00:00,27.10555555555556,27.811111111111114,0.54,9.466800000000001,300.0,16.1,0.0,1010.53
2023-09-02 20:00:00,24.200000000000003,24.200000000000003,0.63,10.2718,322.0,15.552600000000002,0.0,1011.17
2023-09-02 21:00:00,22.800000000000004,22.800000000000004,0.7,9.66,328.0,16.1,0.0,1011.94
2023-09-02 22:00:00,22.633333333333333,22.633333333333333,0.68,6.3112,312.0,16.1,0.0,1012.32
2023-09-02 23:00:00,22.049999999999997,22.049999999999997,0.69,9.9498,321.0,15.1823,0.0,1012.26
2023-09-03 00:00:00,20.488888888888887,20.488888888888887,0.73,3.5098000000000003,336.0,16.1,0.0,1012.74
2023-09-03 01:00:00,20.900000000000002,20.900000000000002,0.69,9.4829,338.0,10.255700000000001,0.0,1012.65
2023-09-03 02:00:00,19.899999999999995,19.899999999999995,0.74,10.465,332.0,15.1823,0.0,1012.6
2023-09-03 03:00:00,18.744444444444444,18.744444444444444,0.76,10.722600000000002,330.0,16.1,0.0,1012.94
2023-09-03 04:00:00,17.633333333333336,17.633333333333336,0.79,6.488300000000001,347.0,16.1,0.0,1013.24
2023-09-03 05:00:00,16.91111111111111,16.91111111111111,0.82,6.327300000000001,346.0,15.1823,0.0,1013.27
2023-09-03 06:00:00,17.105555555555554,17.105555555555554,0.82,10.787,339.0,15.1823,0.0,1013.53
2023-09-03 07:00:00,17.711111111111112,17.711111111111112,0.79,9.177000000000001,349.0,10.255700000000001,0.0,1013.83
2023-09-03 08:00:00,19.822222222222226,19.822222222222226,0.75,10.255700000000001,341.0,10.3523,0.0,1013.82
2023-09-03 09:00:00,22.044444444444448,22.044444444444448,0.68,9.321900000000001,0.0,16.1,0.0,1013.85
2023-09-03 10:00:00,23.75,23.75,0.62,7.792400000000001,351.0,16.1,0.0,1013.93
2023-09-03 11:00:00,26.033333333333335,26.033333333333335,0.53,7.422100000000001,1.0,15.552600000000002,0.0,1013.83
2023-09-03 12:00:00,27.71111111111111,28.038888888888888,0.49,4.6368,332.0,16.1,0.0,1013.41
2023-09-03 13:00:00,28.81666666666667,28.711111111111116,0.43,3.9928000000000003,47.0,16.1,0.0,1012.92
2023-09-03 14:00:00,29.92777777777778,29.84444444444445,0.42,1.8998,196.0,15.552600000000002,0.0,1012.53
2023-09-03 15:00:00,29.92777777777778,29.977777777777774,0.43,6.8908000000000005,133.0,16.1,0.0,1012.01
2023-09-03 16:00:00,29.97222222222222,30.022222222222226,0.43,4.2021,137.0,16.1,0.0,1011.6
2023-09-03 17:00:00,30.038888888888884,29.95555555555556,0.42,6.5688,55.0,15.552600000000002,0.0,1011.25
2023-09-03 18:00:00,28.838888888888885,29.02777777777778,0.46,4.6046000000000005,350.0,0.0,0.0,0.0
2023-09-03 19:00:00,27.600000000000005,28.011111111111113,0.5,4.7978000000000005,14.0,0.0,0.0,0.0
2023-09-03 20:00:00,24.105555555555554,24.105555555555554,0.64,8.645700000000001,57.0,15.552600000000002,0.0,1010.8
2023-09-03 21:00:00,23.75,23.75,0.67,4.83,30.0,16.1,0.0,1011.12
2023-09-03 22:00:00,23.67777777777778,23.67777777777778,0.65,2.8336,280.0,16.1,0.0,1011.68
2023-09-03 23:00:00,22.205555555555556,22.205555555555556,0.84,5.6672,99.0,15.552600000000002,0.0,1011.42
2023-09-04 00:00:00,21.50555555555555,21.50555555555555,0.9,3.22,130.0,16.1,0.0,1011.2
2023-09-04 01:00:00,21.416666666666668,21.416666666666668,0.85,6.44,120.0,16.1,0.0,1011.03
2023-09-04 02:00:00,21.466666666666665,21.466666666666665,0.84,2.8175000000000003,178.0,15.552600000000002,0.0,1010.89
2023-09-04 03:00:00,19.938888888888886,19.938888888888886,0.9,3.4293,249.0,15.1823,0.0,1010.65
2023-09-04 04:00:00,20.32777777777778,20.32777777777778,0.87,6.262900000000001,249.0,14.9086,0.0,1011.38
2023-09-04 05:00:00,19.86111111111111,19.86111111111111,0.9,3.8157000000000005,319.0,14.5222,0.0,1010.97
2023-09-04 06:00:00,18.827777777777776,18.827777777777776,0.93,9.3541,290.0,9.982000000000001,0.0,1010.93
2023-09-04 07:00:00,19.88888888888889,19.88888888888889,0.87,5.2647,300.0,10.255700000000001,0.0,1011.16
2023-09-04 08:00:00,23.438888888888886,23.438888888888886,0.7,11.1734,322.0,10.2235,0.0,1011.64
2023-09-04 09:00:00,22.52777777777778,22.52777777777778,0.73,14.586600000000002,319.0,16.1,0.0,1012.21
2023-09-04 10:00:00,22.61666666666666,22.61666666666666,0.66,20.6563,320.0,15.826300000000002,0.0,1013.43
2023-09-04 11:00:00,23.81666666666667,23.81666666666667,0.59,14.0875,322.0,10.3523,0.0,1014.1
2023-09-04 12:00:00,23.727777777777774,23.727777777777774,0.59,15.794100000000002,320.0,9.982000000000001,0.0,1014.14
2023-09-04 13:00:00,23.772222222222226,23.772222222222226,0.62,12.6224,319.0,15.826300000000002,0.0,1014.16
2023-09-04 14:00:00,24.205555555555552,24.205555555555552,0.6,11.109000000000002,314.0,15.3111,0.0,1014.41
2023-09-04 15:00:00,26.022222222222226,26.022222222222226,0.54,14.49,301.0,15.826300000000002,0.0,1014.3
2023-09-04 16:00:00,26.06666666666667,26.06666666666667,0.5,12.799500000000002,301.0,16.1,0.0,1013.71
2023-09-04 17:00:00,26.06666666666667,26.06666666666667,0.49,10.770900000000001,307.0,15.552600000000002,0.0,1013.27
2023-09-04 18:00:00,24.95,24.95,0.54,11.0446,291.0,16.1,0.0,1013.22
2023-09-04 19:00:00,22.75555555555555,22.75555555555555,0.62,3.22,340.0,16.1,0.0,1013.5
2023-09-04 20:00:00,22.255555555555556,22.255555555555556,0.67,3.2522,1.0,15.552600000000002,0.0,1013.78
2023-09-04 21:00:00,19.95,19.95,0.86,3.1878,331.0,10.255700000000001,0.0,1013.63
2023-09-04 22:00:00,19.95555555555556,19.95555555555556,0.86,3.0751,170.0,16.1,0.0,1014.11
2023-09-04 23:00:00,19.616666666666667,19.616666666666667,0.91,2.8336,225.0,14.3934,0.0,1014.37
2023-09-05 00:00:00,19.327777777777783,19.327777777777783,0.92,2.9624,78.0,15.1823,0.0,1013.61
2023-09-05 01:00:00,19.355555555555558,19.355555555555558,0.89,6.1502,99.0,15.1823,0.0,1013.13
2023-09-05 02:00:00,19.366666666666667,19.366666666666667,0.9,1.8515,189.0,14.3934,0.0,1013.1
2023-09-05 03:00:00,18.772222222222226,18.772222222222226,0.92,2.7692,286.0,11.9784,0.0,1013.01
2023-09-05 04:00:00,18.28333333333333,18.28333333333333,0.96,2.7048,310.0,11.9784,0.0,1012.68
2023-09-05 05:00:00,18.666666666666664,18.666666666666664,0.93,2.8014,140.0,9.982000000000001,0.0,1012.11
2023-09-05 06:00:00,17.655555555555555,17.655555555555555,0.97,7.1806,150.0,6.1985,0.0,1011.38
2023-09-05 07:00:00,18.65555555555555,18.65555555555555,0.93,4.8622000000000005,325.0,6.1985,0.0,1011.29
2023-09-05 08:00:00,17.794444444444444,17.794444444444444,0.97,8.8228,357.0,9.338000000000001,0.0,1011.87
2023-09-05 09:00:00,17.616666666666667,17.616666666666667,0.9,14.039200000000001,8.0,9.6761,0.0,1011.38
2023-09-05 10:00:00,17.59444444444445,17.59444444444445,0.91,13.9748,332.0,6.9391,0.0,1011.35
2023-09-05 11:00:00,17.666666666666668,17.666666666666668,0.92,11.2217,335.0,9.6922,0.0,1012.14
2023-09-05 12:00:00,17.733333333333334,17.733333333333334,0.9,12.316500000000001,352.0,9.853200000000001,0.0,1012.13
2023-09-05 13:00:00,18.79444444444444,18.79444444444444,0.84,8.05,20.0,9.982000000000001,0.0,1011.65
2023-09-05 14:00:00,19.855555555555554,19.855555555555554,0.85,3.6064000000000007,318.0,9.982000000000001,0.0,1011.22
2023-09-05 15:00:00,19.81666666666667,19.81666666666667,0.84,4.8944,305.0,9.982000000000001,0.0,1011.35
2023-09-05 16:00:00,19.81666666666667,19.81666666666667,0.84,9.048200000000001,282.0,9.982000000000001,0.0,1011.25
2023-09-05 17:00:00,19.133333333333333,19.133333333333333,0.89,10.2074,320.0,10.3523,0.0,1011.34
2023-09-05 18:00:00,18.79444444444444,18.79444444444444,0.9,3.22,349.0,9.982000000000001,0.0,1011.2
2023-09-05 19:00:00,17.733333333333334,17.733333333333334,0.9,8.9838,320.0,7.212800000000001,0.0,1010.56
2023-09-05 20:00:00,17.866666666666664,17.866666666666664,0.91,5.0393,332.0,6.6976,0.0,1010.91
2023-09-05 21:00:00,17.200000000000003,17.200000000000003,0.93,3.4293,323.0,9.853200000000001,0.0,1011.32
2023-09-05 22:00:00,17.200000000000003,17.200000000000003,0.97,6.3112,298.0,9.853200000000001,0.0,1011.51
2023-09-05 23:00:00,17.166666666666668,17.166666666666668,0.97,12.960500000000001,312.0,9.1287,0.0,1011.11
2023-09-06 00:00:00,16.6,16.6,0.93,6.6332,318.0,8.9677,0.0,1011.24
2023-09-06 01:00:00,16.6,16.6,0.93,11.1734,281.0,8.227100000000002,0.0,1011.74
2023-09-06 02:00:00,16.077777777777776,16.077777777777776,0.93,10.384500000000001,303.0,10.2235,0.0,1011.62
2023-09-06 03:00:00,15.488888888888889,15.488888888888889,0.95,6.681500000000001,274.0,12.2521,0.0,1011.57
2023-09-06 04:00:00,14.933333333333334,14.933333333333334,0.87,17.4685,299.0,16.1,0.0,1012.05
2023-09-06 05:00:00,14.016666666666664,14.016666666666664,0.91,14.0553,286.0,14.3934,0.0,1013.13
2023-09-06 06:00:00,13.866666666666667,13.866666666666667,0.83,20.4309,300.0,15.826300000000002,0.0,1012.78
2023-09-06 07:00:00,13.866666666666667,13.866666666666667,0.83,17.259200000000003,300.0,15.826300000000002,0.0,1013.95
2023-09-06 08:00:00,15.711111111111112,15.711111111111112,0.75,18.7082,310.0,10.2235,0.0,1014.65
2023-09-06 09:00:00,17.155555555555555,17.155555555555555,0.68,15.987300000000001,299.0,10.255700000000001,0.0,1014.95
2023-09-06 10:00:00,17.755555555555556,17.755555555555556,0.65,17.726100000000002,291.0,9.982000000000001,0.0,1015.63
2023-09-06 11:00:00,19.688888888888886,19.688888888888886,0.54,20.5597,292.0,10.3523,0.0,1016.41
2023-09-06 12:00:00,20.949999999999996,20.949999999999996,0.5,22.282400000000003,290.0,9.982000000000001,0.0,1016.61
2023-09-06 13:00:00,19.95555555555556,19.95555555555556,0.49,24.9872,290.0,9.982000000000001,0.0,1016.62
2023-09-06 14:00:00,21.805555555555557,21.805555555555557,0.43,22.1858,299.0,10.3523,0.0,1016.95
2023-09-06 15:00:00,22.066666666666666,22.066666666666666,0.43,23.506,281.0,10.255700000000001,0.0,1016.91
2023-09-06 16:00:00,21.13333333333334,21.13333333333334,0.42,20.7046,291.0,10.255700000000001,0.0,1016.91
2023-09-06 17:00:00,19.833333333333332,19.833333333333332,0.52,15.246700000000002,286.0,10.577700000000002,0.0,1017.29
2023-09-06 18:00:00,18.644444444444446,18.644444444444446,0.45,24.922800000000002,299.0,10.255700000000001,0.0,1017.83
2023-09-06 19:00:00,17.022222222222222,17.022222222222222,0.56,12.9444,291.0,10.255700000000001,0.0,1018.24
2023-09-06 20:00:00,16.833333333333332,16.833333333333332,0.56,18.2896,310.0,10.577700000000002,0.0,1018.9
2023-09-06 21:00:00,14.905555555555553,14.905555555555553,0.67,15.488199999999999,299.0,16.1,0.0,1019.74
2023-09-06 22:00:00,14.86111111111111,14.86111111111111,0.67,13.9587,299.0,16.1,0.0,1020.06
2023-09-06 23:00:00,13.244444444444447,13.244444444444447,0.74,10.4006,292.0,15.1823,0.0,1020.34
2023-09-07 00:00:00,12.177777777777779,12.177777777777779,0.67,13.089300000000001,291.0,16.1,0.0,1020.73
2023-09-07 01:00:00,10.605555555555558,10.605555555555558,0.74,11.3344,262.0,16.1,0.0,1021.11
2023-09-07 02:00:00,9.749999999999998,8.25,0.78,10.5616,274.0,15.1823,0.0,1021.37
2023-09-07 03:00:00,8.438888888888888,6.527777777777778,0.83,11.414900000000001,270.0,16.1,0.0,1021.39
2023-09-07 04:00:00,8.316666666666666,6.438888888888891,0.83,11.0929,268.0,16.1,0.0,1021.4
2023-09-07 05:00:00,8.116666666666667,7.277777777777778,0.85,6.1502,256.0,15.1823,0.0,1021.21
2023-09-07 06:00:00,7.8500000000000005,5.8500000000000005,0.83,11.270000000000001,260.0,16.1,0.0,1021.02
2023-09-07 07:00:00,9.966666666666665,8.883333333333335,0.77,8.4686,269.0,16.1,0.0,1021.21
2023-09-07 08:00:00,13.494444444444444,13.494444444444444,0.62,15.842400000000001,299.0,15.552600000000002,0.0,1021.26
2023-09-07 09:00:00,16.044444444444444,16.044444444444444,0.53,20.6885,309.0,16.1,0.0,1021.12
2023-09-07 10:00:00,17.68888888888889,17.68888888888889,0.5,20.4148,282.0,15.826300000000002,0.0,1021.42
2023-09-07 11:00:00,18.649999999999995,18.649999999999995,0.47,15.278900000000002,286.0,15.3111,0.0,1021.49
2023-09-07 12:00:00,19.88333333333334,19.88333333333334,0.44,17.6134,290.0,10.255700000000001,0.0,1021.12
2023-09-07 13:00:00,20.97222222222222,20.97222222222222,0.41,20.6402,291.0,10.255700000000001,0.0,1020.91
2023-09-07 14:00:00,20.727777777777778,20.727777777777778,0.38,16.325400000000002,303.0,10.577700000000002,0.0,1020.67
2023-09-07 15:00:00,20.92222222222222,20.92222222222222,0.38,20.897800000000004,280.0,10.255700000000001,0.0,1020.03
2023-09-07 16:00:00,19.92777777777778,19.92777777777778,0.4,16.422,301.0,16.1,0.0,1019.91
2023-09-07 17:00:00,19.855555555555554,19.855555555555554,0.36,16.583000000000002,287.0,15.552600000000002,0.0,1019.73
2023-09-07 18:00:00,17.84444444444445,17.84444444444445,0.43,13.0249,280.0,16.1,0.0,1019.82
2023-09-07 19:00:00,16.133333333333333,16.133333333333333,0.48,9.6117,290.0,16.1,0.0,1019.82
2023-09-07 20:00:00,12.744444444444444,12.744444444444444,0.64,8.6779,267.0,15.552600000000002,0.0,1020.64
2023-09-07 21:00:00,11.205555555555556,11.205555555555556,0.72,11.3344,272.0,16.1,0.0,1021.21
2023-09-07 22:00:00,10.644444444444442,10.644444444444442,0.72,11.0768,291.0,16.1,0.0,1021.62
2023-09-07 23:00:00,10.82222222222222,10.82222222222222,0.73,10.143,301.0,15.1823,0.0,1021.73
2023-09-08 00:00:00,10.13888888888889,10.13888888888889,0.77,6.7620000000000005,308.0,16.1,0.0,1021.83
2023-09-08 01:00:00,9.649999999999999,8.016666666666667,0.83,11.270000000000001,290.0,16.1,0.0,1022.01
2023-09-08 02:00:00,10.6,10.6,0.81,9.7888,299.0,15.1823,0.0,1021.52
2023-09-08 03:00:00,10.0,9.36111111111111,0.81,6.488300000000001,299.0,16.1,0.0,1021.34
2023-09-08 04:00:00,7.799999999999999,7.799999999999999,0.89,3.4132000000000002,272.0,16.1,0.0,1021.42
2023-09-08 05:00:00,7.677777777777777,7.677777777777777,0.9,3.7191000000000005,298.0,15.1823,0.0,1021.48
2023-09-08 06:00:00,7.288888888888888,7.288888888888888,0.93,3.4293,299.0,15.826300000000002,0.0,1021.44
2023-09-08 07:00:00,9.888888888888888,9.611111111111109,0.87,5.119800000000001,309.0,15.826300000000002,0.0,1021.64
2023-09-08 08:00:00,12.461111111111112,12.461111111111112,0.79,13.2986,312.0,15.150100000000002,0.0,1021.87
2023-09-08 09:00:00,14.933333333333334,14.933333333333334,0.68,9.66,338.0,10.255700000000001,0.0,1021.54
2023-09-08 10:00:00,17.105555555555554,17.105555555555554,0.59,9.4829,292.0,9.982000000000001,0.0,1021.84
2023-09-08 11:00:00,17.63888888888889,17.63888888888889,0.56,9.1126,302.0,10.3523,0.0,1022.09
2023-09-08 12:00:00,18.75,18.75,0.48,9.8693,301.0,10.255700000000001,0.0,1021.74
2023-09-08 13:00:00,20.877777777777776,20.877777777777776,0.38,11.157300000000001,301.0,10.255700000000001,0.0,1021.34
2023-09-08 14:00:00,18.855555555555554,18.855555555555554,0.4,13.4757,314.0,15.552600000000002,0.0,1021.45
2023-09-08 15:00:00,20.833333333333332,20.833333333333332,0.39,14.168000000000003,330.0,16.1,0.0,1020.94
2023-09-08 16:00:00,18.83888888888889,18.83888888888889,0.4,14.457800000000002,311.0,16.1,0.0,1020.64
2023-09-08 17:00:00,18.833333333333336,18.833333333333336,0.42,14.876400000000002,323.0,15.552600000000002,0.0,1020.86
2023-09-08 18:00:00,18.72222222222222,18.72222222222222,0.4,12.6224,338.0,16.1,0.0,1020.62
2023-09-08 19:00:00,15.0,15.0,0.51,9.0965,309.0,16.1,0.0,1020.52
2023-09-08 20:00:00,12.488888888888887,12.488888888888887,0.6,8.6618,293.0,15.552600000000002,0.0,1020.95
2023-09-08 21:00:00,8.93888888888889,7.76111111111111,0.78,8.05,270.0,16.1,0.0,1021.42
2023-09-08 22:00:00,8.822222222222223,8.011111111111113,0.81,6.44,280.0,16.1,0.0,1021.72
2023-09-08 23:00:00,8.350000000000001,8.350000000000001,0.81,3.1556,273.0,15.552600000000002,0.0,1022.04
2023-09-09 00:00:00,7.73888888888889,6.844444444444445,0.84,6.1502,280.0,16.1,0.0,1022.02
2023-09-09 01:00:00,6.188888888888889,5.027777777777776,0.89,6.2468,271.0,16.1,0.0,1021.71
2023-09-09 02:00:00,5.66111111111111,5.66111111111111,0.85,2.6726,272.0,15.1823,0.0,1021.45
2023-09-09 03:00:00,4.544444444444444,4.544444444444444,0.92,3.22,260.0,16.1,0.0,1021.01
2023-09-09 04:00:00,4.4722222222222205,4.4722222222222205,0.92,3.22,210.0,15.826300000000002,0.0,1021.1
2023-09-09 05:00:00,6.600000000000001,6.600000000000001,0.92,2.5760000000000005,193.0,14.9569,0.0,1021.07
2023-09-09 06:00:00,5.955555555555555,5.955555555555555,0.93,4.83,170.0,16.0517,0.0,1020.9
2023-09-09 07:00:00,7.022222222222222,7.022222222222222,0.93,4.83,170.0,16.1,0.0,1021.02
2023-09-09 08:00:00,11.755555555555553,11.755555555555553,0.7,1.8032000000000004,256.0,15.552600000000002,0.0,1020.95
2023-09-09 09:00:00,15.811111111111112,15.811111111111112,0.57,3.0107000000000004,262.0,16.1,0.0,1020.62
2023-09-09 10:00:00,17.616666666666667,17.616666666666667,0.44,8.6618,220.0,10.255700000000001,0.0,1020.91
2023-09-09 11:00:00,18.83888888888889,18.83888888888889,0.39,8.9999,164.0,10.577700000000002,0.0,1020.83
2023-09-09 12:00:00,18.83888888888889,18.83888888888889,0.37,7.422100000000001,241.0,16.1,0.0,1020.51
2023-09-09 13:00:00,19.977777777777774,19.977777777777774,0.35,2.9785000000000004,171.0,16.1,0.0,1020.5
2023-09-09 14:00:00,21.033333333333335,21.033333333333335,0.34,3.059,113.0,15.552600000000002,0.0,1020.03
2023-09-09 15:00:00,22.011111111111113,22.011111111111113,0.31,4.2021,125.0,16.1,0.0,1019.52
2023-09-09 16:00:00,21.06111111111111,21.06111111111111,0.31,7.792400000000001,89.0,16.1,0.0,1019.22
2023-09-09 17:00:00,21.055555555555557,21.055555555555557,0.3,4.6368,27.0,15.552600000000002,0.0,1019.0
2023-09-09 18:00:00,19.97222222222222,19.97222222222222,0.33,3.2522,109.0,16.1,0.0,1018.83
2023-09-09 19:00:00,16.01111111111111,16.01111111111111,0.46,0.1288,340.0,16.1,0.0,1019.23
2023-09-09 20:00:00,13.06111111111111,13.06111111111111,0.55,6.9552000000000005,331.0,15.552600000000002,0.0,1019.81
2023-09-09 21:00:00,11.161111111111113,11.161111111111113,0.67,7.921200000000001,352.0,16.1,0.0,1020.33
2023-09-09 22:00:00,10.583333333333332,10.583333333333332,0.69,6.423900000000001,342.0,16.1,0.0,1019.75
2023-09-09 23:00:00,10.850000000000001,10.850000000000001,0.7,3.6708,10.0,15.552600000000002,0.0,1019.55
2023-09-10 00:00:00,10.494444444444445,10.494444444444445,0.77,6.488300000000001,1.0,16.1,0.0,1019.56
2023-09-10 01:00:00,11.600000000000001,11.600000000000001,0.69,10.770900000000001,11.0,16.1,0.0,1018.98
2023-09-10 02:00:00,12.055555555555557,12.055555555555557,0.67,10.2074,11.0,15.552600000000002,0.0,1018.74
2023-09-10 03:00:00,12.149999999999999,12.149999999999999,0.67,6.552700000000001,353.0,16.1,0.0,1018.49
2023-09-10 04:00:00,12.03888888888889,12.03888888888889,0.67,11.125100000000002,10.0,16.1,0.0,1018.28
2023-09-10 05:00:00,12.011111111111111,12.011111111111111,0.7,10.9319,11.0,15.552600000000002,0.0,1018.02
2023-09-10 06:00:00,12.016666666666667,12.016666666666667,0.73,11.0285,29.0,10.255700000000001,0.0,1017.87
2023-09-10 07:00:00,12.066666666666666,12.066666666666666,0.73,9.499,39.0,10.255700000000001,0.0,1018.05
2023-09-10 08:00:00,12.07222222222222,12.07222222222222,0.74,10.126900000000001,29.0,10.577700000000002,0.0,1018.26
2023-09-10 09:00:00,12.133333333333335,12.133333333333335,0.8,10.5616,67.0,8.420300000000001,0.0,1018.45
2023-09-10 10:00:00,12.177777777777779,12.177777777777779,0.86,9.5473,49.0,10.255700000000001,0.0,1018.91
2023-09-10 11:00:00,12.766666666666664,12.766666666666664,0.9,7.502600000000001,29.0,10.2235,0.0,1019.1
2023-09-10 12:00:00,12.783333333333331,12.783333333333331,0.95,10.642100000000001,22.0,9.982000000000001,0.0,1019.13
2023-09-10 13:00:00,13.844444444444445,13.844444444444445,0.93,12.1072,11.0,6.295100000000001,0.0,1019.04
2023-09-10 14:00:00,14.755555555555556,14.755555555555556,0.89,13.121500000000001,24.0,6.3112,0.0,1019.03
2023-09-10 15:00:00,14.86111111111111,14.86111111111111,0.93,14.0553,29.0,4.6690000000000005,0.0,1018.77
2023-09-10 16:00:00,14.905555555555553,14.905555555555553,0.93,15.584800000000001,49.0,4.588500000000001,0.0,1018.86
2023-09-10 17:00:00,14.872222222222225,14.872222222222225,0.94,11.6081,48.0,4.8461,0.0,1018.9
2023-09-10 18:00:00,13.88888888888889,13.88888888888889,1.0,11.0768,60.0,4.1216,0.0,1019.14
2023-09-10 19:00:00,13.88888888888889,13.88888888888889,1.0,15.504300000000002,40.0,9.8049,0.0,1019.04
2023-09-10 20:00:00,13.966666666666667,13.966666666666667,0.99,15.794100000000002,49.0,4.5724,0.0,1019.2
2023-09-10 21:00:00,13.88888888888889,13.88888888888889,0.94,15.375500000000002,60.0,8.05,0.0,1019.62
2023-09-10 22:00:00,13.377777777777776,13.377777777777776,0.96,17.388,69.0,8.9677,0.0,1019.54
2023-09-10 23:00:00,13.42222222222222,13.42222222222222,0.96,13.846,69.0,6.1985,0.0,1019.6
2023-09-11 00:00:00,13.355555555555554,13.355555555555554,0.96,11.109000000000002,59.0,7.969500000000001,0.0,1019.73
2023-09-11 01:00:00,13.355555555555554,13.355555555555554,0.96,14.312900000000003,69.0,9.7566,0.0,1019.53
2023-09-11 02:00:00,13.355555555555554,13.355555555555554,0.97,6.7620000000000005,77.0,7.760200000000001,0.0,1019.35
2023-09-11 03:00:00,13.866666666666667,13.866666666666667,0.96,6.4722,78.0,7.824600000000001,0.0,1019.33
2023-09-11 04:00:00,13.355555555555554,13.355555555555554,0.96,6.5205,100.0,7.776300000000001,0.0,1019.42
2023-09-11 05:00:00,13.383333333333335,13.383333333333335,0.96,6.0375000000000005,98.0,4.347,0.0,1019.61
2023-09-11 06:00:00,13.866666666666667,13.866666666666667,0.93,9.579500000000001,100.0,3.9767000000000006,0.0,1019.61
2023-09-11 07:00:00,13.866666666666667,13.866666666666667,0.93,9.160900000000002,100.0,4.83,0.0,1019.81
2023-09-11 08:00:00,13.88888888888889,13.88888888888889,0.94,9.7566,108.0,5.796,0.0,1020.18
2023-09-11 09:00:00,13.88888888888889,13.88888888888889,1.0,9.563400000000001,121.0,5.892600000000001,0.0,1020.7
2023-09-11 10:00:00,14.927777777777777,14.927777777777777,0.93,9.5473,111.0,7.7440999999999995,0.0,1021.2
2023-09-11 11:00:00,15.88888888888889,15.88888888888889,0.89,10.1591,123.0,9.466800000000001,0.0,1021.36
2023-09-11 12:00:00,16.08888888888889,16.08888888888889,0.87,9.579500000000001,140.0,9.9015,0.0,1021.21
2023-09-11 13:00:00,16.133333333333333,16.133333333333333,0.87,12.799500000000002,150.0,9.982000000000001,0.0,1021.29
2023-09-11 14:00:00,16.27777777777778,16.27777777777778,0.87,10.3362,144.0,10.3523,0.0,1021.36
2023-09-11 15:00:00,16.12777777777778,16.12777777777778,0.87,9.305800000000001,131.0,9.982000000000001,0.0,1021.2
2023-09-11 16:00:00,16.15,16.15,0.87,8.0017,111.0,9.7566,0.0,1021.49
2023-09-11 17:00:00,16.27777777777778,16.27777777777778,0.88,7.615300000000001,95.0,7.1323,0.0,1021.46
2023-09-11 18:00:00,16.133333333333333,16.133333333333333,0.87,4.6851,82.0,6.1985,0.0,1021.59
2023-09-11 19:00:00,15.066666666666666,15.066666666666666,0.93,3.3166,85.0,5.9087000000000005,0.0,1021.51
2023-09-11 20:00:00,15.18333333333333,15.18333333333333,0.93,7.212800000000001,93.0,9.708300000000001,0.0,1021.8
2023-09-11 21:00:00,15.02222222222222,15.02222222222222,0.93,7.824600000000001,100.0,9.6761,0.0,1022.11
2023-09-11 22:00:00,15.0,15.0,0.93,6.1824,101.0,9.6761,0.0,1022.2
2023-09-11 23:00:00,15.044444444444443,15.044444444444443,0.93,3.2361,144.0,9.209200000000001,0.0,1022.44
2023-09-12 00:00:00,13.850000000000001,13.850000000000001,0.96,0.0,0.0,7.8729,0.0,1022.5
2023-09-12 01:00:00,13.755555555555553,13.755555555555553,0.96,3.22,120.0,5.8604,0.0,1022.42
2023-09-12 02:00:00,13.75,13.75,0.96,5.474,131.0,5.618900000000001,0.0,1022.37
2023-09-12 03:00:00,12.644444444444442,12.644444444444442,0.96,6.44,190.0,0.9338,0.0,1022.42
2023-09-12 04:00:00,12.161111111111111,12.161111111111111,0.96,6.1019000000000005,141.0,0.32200000000000006,0.0,1022.5
2023-09-12 05:00:00,12.166666666666666,12.166666666666666,0.96,3.1073,172.0,0.2093,0.0,1022.45
2023-09-12 06:00:00,11.099999999999998,11.099999999999998,1.0,3.1556,237.0,0.16100000000000003,0.0,1022.41
2023-09-12 07:00:00,11.099999999999998,11.099999999999998,1.0,0.0,0.0,0.22540000000000004,0.0,1022.8
2023-09-12 08:00:00,12.772222222222224,12.772222222222224,1.0,0.2898,251.0,0.5152,0.0,1023.13
2023-09-12 09:00:00,13.844444444444445,13.844444444444445,1.0,2.9302,189.0,2.737,0.0,1023.49
2023-09-12 10:00:00,17.127777777777776,17.127777777777776,0.93,2.8819000000000004,300.0,9.9015,0.0,1023.69
2023-09-12 11:00:00,19.844444444444445,19.844444444444445,0.64,3.9606000000000003,219.0,9.982000000000001,0.0,1023.6
2023-09-12 12:00:00,19.855555555555554,19.855555555555554,0.64,4.6851,318.0,9.982000000000001,0.0,1023.51
2023-09-12 13:00:00,19.95,19.95,0.63,4.5724,31.0,9.982000000000001,0.0,1023.31
2023-09-12 14:00:00,22.16666666666667,22.16666666666667,0.53,2.6082000000000005,294.0,10.3523,0.0,1023.1
2023-09-12 15:00:00,22.677777777777774,22.677777777777774,0.53,7.615300000000001,91.0,9.982000000000001,0.0,1022.41
2023-09-12 16:00:00,21.22222222222222,21.22222222222222,0.57,2.9785000000000004,349.0,9.982000000000001,0.0,1022.29
2023-09-12 17:00:00,22.266666666666666,22.266666666666666,0.51,2.8175000000000003,74.0,10.3523,0.0,1021.84
2023-09-12 18:00:00,21.06111111111111,21.06111111111111,0.57,3.22,40.0,9.982000000000001,0.0,0.0
2023-09-12 19:00:00,17.17222222222222,17.17222222222222,0.76,1.5295,70.0,0.0,0.0,0.0
2023-09-12 20:00:00,15.255555555555556,15.255555555555556,0.82,4.524100000000001,69.0,15.520400000000002,0.0,1022.08
2023-09-12 21:00:00,12.777777777777779,12.777777777777779,0.96,3.22,60.0,0.0,0.0,0.0
2023-09-12 22:00:00,12.777777777777779,12.777777777777779,0.96,3.0751,70.0,0.0,0.0,0.0
2023-09-12 23:00:00,11.972222222222221,11.972222222222221,0.93,3.0268,83.0,9.9015,0.0,1022.5
2023-09-13 00:00:00,11.06111111111111,11.06111111111111,0.93,3.0751,90.0,8.05,0.0,0.0
2023-09-13 01:00:00,11.06111111111111,11.06111111111111,0.93,3.22,70.0,6.118,0.0,0.0
2023-09-13 02:00:00,10.444444444444443,10.444444444444443,0.95,2.6726,130.0,6.6976,0.0,1022.13
2023-09-13 03:00:00,8.88888888888889,8.88888888888889,1.0,0.0,0.0,4.588500000000001,0.0,0.0
2023-09-13 04:00:00,8.88888888888889,8.88888888888889,1.0,0.0,0.0,4.524100000000001,0.0,0.0
2023-09-13 05:00:00,9.238888888888889,9.238888888888889,0.96,2.415,85.0,5.313,0.0,1021.55
2023-09-13 06:00:00,7.777777777777778,7.777777777777778,1.0,4.83,120.0,4.4919,0.0,0.0
2023-09-13 07:00:00,12.122222222222222,12.122222222222222,0.93,3.22,120.0,4.588500000000001,0.0,0.0
2023-09-13 08:00:00,14.949999999999998,14.949999999999998,0.87,7.8729,128.0,8.0017,0.0,1021.6
2023-09-13 09:00:00,17.22222222222222,17.22222222222222,0.75,4.9749,100.0,8.0983,0.0,0.0
2023-09-13 10:00:00,20.0,20.0,0.68,8.05,110.0,9.982000000000001,0.0,1021.7
2023-09-13 11:00:00,21.977777777777778,21.977777777777778,0.55,10.8031,120.0,14.9569,0.0,1021.52
2023-09-13 12:00:00,22.22222222222222,22.22222222222222,0.53,9.66,110.0,9.982000000000001,0.0,0.0
2023-09-13 13:00:00,23.83888888888889,23.83888888888889,0.48,11.270000000000001,150.0,9.982000000000001,0.0,0.0
2023-09-13 14:00:00,23.761111111111106,23.761111111111106,0.47,10.465,104.0,10.3523,0.0,1019.98
2023-09-13 15:00:00,24.95,24.95,0.45,12.88,120.0,9.982000000000001,0.0,0.0
2023-09-13 16:00:00,23.88888888888889,23.88888888888889,0.48,9.66,170.0,9.982000000000001,0.0,0.0
2023-09-13 17:00:00,23.87777777777778,23.87777777777778,0.46,10.126900000000001,166.0,15.520400000000002,0.0,1018.5
2023-09-13 18:00:00,22.75,22.75,0.53,4.7978000000000005,186.0,0.0,0.0,0.0
2023-09-13 19:00:00,17.77777777777778,17.77777777777778,0.73,0.1449,100.0,0.0,0.0,0.0
2023-09-13 20:00:00,16.555555555555557,16.555555555555557,0.78,4.0894,119.0,14.715400000000002,0.0,1018.22
2023-09-13 21:00:00,15.0,15.0,0.87,9.5473,71.0,8.05,0.0,0.0
2023-09-13 22:00:00,15.050000000000002,15.050000000000002,0.87,8.1949,101.0,0.0,0.0,0.0
2023-09-13 23:00:00,16.644444444444446,16.644444444444446,0.79,12.9444,142.0,12.1233,0.0,1018.14
2023-09-14 00:00:00,14.899999999999999,14.899999999999999,0.87,9.66,140.0,8.05,0.0,0.0
2023-09-14 01:00:00,16.01111111111111,16.01111111111111,0.81,14.1519,149.0,8.05,0.0,0.0
2023-09-14 02:00:00,15.133333333333335,15.133333333333335,0.87,10.4167,131.0,15.246700000000002,0.0,1017.52
2023-09-14 03:00:00,13.88888888888889,13.88888888888889,0.9,12.799500000000002,140.0,8.05,0.0,0.0
2023-09-14 04:00:00,13.88888888888889,13.88888888888889,0.9,15.874600000000001,130.0,8.05,0.0,0.0
2023-09-14 05:00:00,13.505555555555556,13.505555555555556,0.93,6.8747,138.0,14.329,0.0,1016.34
2023-09-14 06:00:00,13.88888888888889,13.88888888888889,0.9,14.312900000000003,121.0,0.0,0.0,0.0
2023-09-14 07:00:00,14.949999999999998,14.949999999999998,0.83,14.4739,140.0,0.0,0.0,0.0
2023-09-14 08:00:00,17.061111111111114,17.061111111111114,0.76,19.0624,139.0,14.329,0.0,1016.21
2023-09-14 09:00:00,19.899999999999995,19.899999999999995,0.73,24.0695,150.0,0.0,0.0,0.0
2023-09-14 10:00:00,22.17222222222222,22.17222222222222,0.64,25.76,150.0,0.0,0.0,0.0
2023-09-14 11:00:00,23.87777777777778,23.87777777777778,0.6,26.0176,151.0,15.520400000000002,0.0,1015.36
2023-09-14 12:00:00,26.011111111111106,26.011111111111106,0.5,27.1446,160.0,0.0,0.0,0.0
2023-09-14 13:00:00,27.17222222222222,27.399999999999995,0.47,28.98,160.0,0.0,0.0,0.0
2023-09-14 14:00:00,27.71111111111111,27.54444444444444,0.42,26.6938,160.0,15.520400000000002,0.0,1013.94
2023-09-14 15:00:00,27.75,27.45555555555556,0.4,25.76,170.0,0.0,0.0,0.0
2023-09-14 16:00:00,27.77777777777778,27.483333333333334,0.4,24.150000000000002,170.0,0.0,0.0,0.0
2023-09-14 17:00:00,27.772222222222222,27.41111111111111,0.39,21.300300000000004,170.0,15.520400000000002,0.0,1012.67
2023-09-14 18:00:00,25.0,25.0,0.5,14.49,150.0,0.0,0.0,0.0
2023-09-14 19:00:00,23.88888888888889,23.88888888888889,0.58,20.479200000000002,140.0,9.982000000000001,0.0,0.0
2023-09-14 20:00:00,22.75555555555555,22.75555555555555,0.6,20.4148,141.0,15.520400000000002,0.0,1012.62
2023-09-14 21:00:00,22.17222222222222,22.17222222222222,0.59,16.0195,140.0,0.0,0.0,0.0
2023-09-14 22:00:00,22.17222222222222,22.17222222222222,0.59,20.624100000000002,140.0,0.0,0.0,0.0
2023-09-14 23:00:00,21.255555555555556,21.255555555555556,0.65,19.561500000000002,152.0,14.715400000000002,0.0,1013.75
2023-09-15 00:00:00,21.11111111111111,21.11111111111111,0.68,23.5543,150.0,9.982000000000001,0.0,0.0
2023-09-15 01:00:00,21.11111111111111,21.11111111111111,0.68,14.49,190.0,9.982000000000001,0.0,0.0
2023-09-15 02:00:00,20.577777777777783,20.577777777777783,0.68,15.858500000000001,153.0,14.715400000000002,0.0,1013.85
2023-09-15 03:00:00,18.93888888888889,18.93888888888889,0.73,12.6385,151.0,0.0,0.0,0.0
2023-09-15 04:00:00,18.88888888888889,18.88888888888889,0.68,17.2753,150.0,0.0,0.0,0.0
2023-09-15 05:00:00,18.477777777777778,18.477777777777778,0.71,13.4274,162.0,14.715400000000002,0.0,1014.0
2023-09-15 06:00:00,17.155555555555555,17.155555555555555,0.76,12.783400000000002,141.0,15.1823,0.0,1014.06
2023-09-15 07:00:00,17.62222222222222,17.62222222222222,0.74,14.1519,141.0,16.1,0.0,1014.18
2023-09-15 08:00:00,19.02777777777778,19.02777777777778,0.73,13.7011,161.0,15.552600000000002,0.0,1014.5
2023-09-15 09:00:00,22.083333333333332,22.083333333333332,0.6,14.039200000000001,160.0,16.1,0.0,1014.76
2023-09-15 10:00:00,23.83888888888889,23.83888888888889,0.58,16.985500000000002,161.0,16.1,0.0,1015.05
2023-09-15 11:00:00,25.133333333333333,25.133333333333333,0.53,13.379100000000001,163.0,15.552600000000002,0.0,1015.19
2023-09-15 12:00:00,27.75555555555555,28.105555555555558,0.49,16.9694,151.0,16.1,0.0,1014.56
2023-09-15 13:00:00,28.838888888888885,28.761111111111106,0.43,20.0284,162.0,16.1,0.0,1014.25
2023-09-15 14:00:00,29.850000000000005,29.238888888888887,0.37,14.7959,153.0,15.552600000000002,0.0,1013.92
2023-09-15 15:00:00,29.88333333333334,29.327777777777783,0.38,21.413000000000004,151.0,16.1,0.0,1013.28
2023-09-15 16:00:00,29.949999999999996,29.67777777777778,0.4,16.8245,161.0,16.1,0.0,1012.77
2023-09-15 17:00:00,28.97222222222222,28.755555555555556,0.42,15.021300000000002,162.0,15.552600000000002,0.0,1012.37
2023-09-15 18:00:00,27.23888888888889,27.75555555555555,0.52,10.432800000000002,150.0,16.1,0.0,1012.25
2023-09-15 19:00:00,25.99444444444445,25.99444444444445,0.55,21.0427,150.0,16.1,0.0,1012.07
2023-09-15 20:00:00,24.777777777777775,24.777777777777775,0.55,18.5633,150.0,15.552600000000002,0.0,1012.52
2023-09-15 21:00:00,22.75555555555555,22.75555555555555,0.58,21.541800000000002,150.0,16.1,0.0,1013.02
2023-09-15 22:00:00,22.77777777777778,22.77777777777778,0.6,19.931800000000003,160.0,16.1,0.0,1013.21
2023-09-15 23:00:00,21.144444444444446,21.144444444444446,0.66,16.0839,160.0,15.552600000000002,0.0,1013.34
2023-09-16 00:00:00,20.07222222222222,20.07222222222222,0.73,14.023100000000003,160.0,16.1,0.0,1013.13
2023-09-16 01:00:00,19.47222222222222,19.47222222222222,0.73,13.894300000000003,160.0,16.1,0.0,1012.95
2023-09-16 02:00:00,19.555555555555557,19.555555555555557,0.73,13.250300000000001,162.0,15.552600000000002,0.0,1012.77
2023-09-16 03:00:00,18.35555555555556,18.35555555555556,0.78,10.8031,160.0,16.1,0.0,1012.96
2023-09-16 04:00:00,18.266666666666666,18.266666666666666,0.79,10.9319,160.0,16.1,0.0,1013.07
2023-09-16 05:00:00,17.84444444444445,17.84444444444445,0.79,10.3523,162.0,15.552600000000002,0.0,1013.29
2023-09-16 06:00:00,17.616666666666667,17.616666666666667,0.79,13.8621,150.0,16.1,0.0,1012.88
2023-09-16 07:00:00,17.666666666666668,17.666666666666668,0.79,10.948,150.0,16.0517,0.0,1013.15
2023-09-16 08:00:00,19.916666666666664,19.916666666666664,0.7,13.524000000000001,163.0,15.552600000000002,0.0,1013.21
2023-09-16 09:00:00,22.11111111111111,22.11111111111111,0.65,15.633100000000002,150.0,16.1,0.0,1013.33
2023-09-16 10:00:00,23.894444444444446,23.894444444444446,0.59,21.670600000000004,160.0,16.1,0.0,1013.23
2023-09-16 11:00:00,26.22222222222222,26.22222222222222,0.49,20.7207,161.0,15.552600000000002,0.0,1013.27
2023-09-16 12:00:00,27.75555555555555,27.9,0.46,24.6008,161.0,16.1,0.0,1012.74
2023-09-16 13:00:00,27.872222222222224,27.977777777777778,0.46,20.736800000000002,161.0,16.1,0.0,1012.22
2023-09-16 14:00:00,30.055555555555557,29.90555555555555,0.41,16.7923,158.0,15.552600000000002,0.0,1011.55
2023-09-16 15:00:00,31.016666666666666,30.73333333333333,0.39,24.5686,171.0,16.1,0.0,1010.57
2023-09-16 16:00:00,30.988888888888887,31.100000000000005,0.41,20.1733,160.0,16.1,0.0,1010.35
2023-09-16 17:00:00,30.866666666666667,31.100000000000005,0.42,16.3898,156.0,15.552600000000002,0.0,1009.84
2023-09-16 18:00:00,27.872222222222224,28.52777777777778,0.53,15.616999999999999,161.0,16.1,0.0,1009.75
2023-09-16 19:00:00,26.18333333333333,26.18333333333333,0.58,12.799500000000002,160.0,16.1,0.0,1009.65
2023-09-16 20:00:00,26.088888888888885,26.088888888888885,0.53,15.826300000000002,161.0,15.552600000000002,0.0,1010.15
2023-09-16 21:00:00,23.850000000000005,23.850000000000005,0.63,12.799500000000002,160.0,16.1,0.0,1010.05
2023-09-16 22:00:00,22.788888888888884,22.788888888888884,0.67,14.329,170.0,16.1,0.0,1010.35
2023-09-16 23:00:00,21.861111111111107,21.861111111111107,0.71,10.8031,171.0,15.552600000000002,0.0,1010.82
2023-09-17 00:00:00,21.733333333333334,21.733333333333334,0.71,14.039200000000001,151.0,16.1,0.0,1010.8
2023-09-17 01:00:00,21.20555555555556,21.20555555555556,0.71,14.1519,151.0,16.1,0.0,1010.23
2023-09-17 02:00:00,20.805555555555557,20.805555555555557,0.73,13.4113,160.0,15.552600000000002,0.0,1010.49
2023-09-17 03:00:00,20.555555555555557,20.555555555555557,0.76,13.8621,151.0,16.1,0.0,1010.51
2023-09-17 04:00:00,20.46666666666667,20.46666666666667,0.77,16.8245,150.0,16.1,0.0,1010.34
2023-09-17 05:00:00,19.561111111111106,19.561111111111106,0.79,13.1537,164.0,15.552600000000002,0.0,1010.43
2023-09-17 06:00:00,18.88888888888889,18.88888888888889,0.79,14.007,161.0,16.1,0.0,1010.45
2023-09-17 07:00:00,19.88333333333334,19.88333333333334,0.79,12.2843,160.0,16.0517,0.0,1010.65
2023-09-17 08:00:00,22.194444444444443,22.194444444444443,0.69,15.729700000000001,161.0,15.520400000000002,0.0,1010.84
2023-09-17 09:00:00,23.87777777777778,23.87777777777778,0.63,16.7923,161.0,16.0517,0.0,1011.14
2023-09-17 10:00:00,27.11111111111111,27.82777777777778,0.55,19.9157,161.0,16.0517,0.0,1011.15
2023-09-17 11:00:00,29.805555555555557,30.20555555555556,0.46,18.5794,172.0,15.552600000000002,0.0,1011.04
2023-09-17 12:00:00,32.01111111111111,32.56666666666667,0.42,17.2109,181.0,16.1,0.0,1010.95
2023-09-17 13:00:00,32.77777777777778,33.388888888888886,0.4,17.1304,173.0,16.1,0.0,1010.64
2023-09-17 14:00:00,35.15555555555555,34.72222222222222,0.29,13.379100000000001,203.0,15.552600000000002,0.0,1009.98
2023-09-17 15:00:00,35.85555555555556,35.37777777777778,0.28,22.024800000000003,219.0,16.1,0.0,1009.47
2023-09-17 16:00:00,35.949999999999996,35.47222222222222,0.27,20.366500000000002,220.0,16.1,0.0,1009.26
2023-09-17 17:00:00,34.71666666666667,33.861111111111114,0.28,15.488199999999999,232.0,15.552600000000002,0.0,1009.44
2023-09-17 18:00:00,32.150000000000006,32.150000000000006,0.38,7.8084999999999996,171.0,16.1,0.0,1009.25
2023-09-17 19:00:00,27.333333333333332,27.77777777777778,0.5,9.2414,160.0,16.1,0.0,1009.63
2023-09-17 20:00:00,27.31666666666667,27.505555555555556,0.47,10.0786,162.0,15.552600000000002,0.0,1010.0
2023-09-17 21:00:00,24.81666666666667,24.81666666666667,0.55,12.058900000000001,170.0,16.1,0.0,1010.25
2023-09-17 22:00:00,25.21111111111111,25.21111111111111,0.58,13.652800000000001,159.0,16.1,0.0,1010.47
2023-09-17 23:00:00,24.377777777777776,24.377777777777776,0.61,12.9283,162.0,15.552600000000002,0.0,1011.08
2023-09-18 00:00:00,22.988888888888887,22.988888888888887,0.67,13.218100000000002,160.0,16.1,0.0,1011.38
2023-09-18 01:00:00,22.044444444444448,22.044444444444448,0.73,10.996300000000002,161.0,16.1,0.0,1011.53
2023-09-18 02:00:00,20.25,20.25,0.81,5.957000000000001,207.0,15.552600000000002,0.0,1012.1
2023-09-18 03:00:00,19.916666666666664,19.916666666666664,0.81,6.0536,151.0,16.1,0.0,1011.91
2023-09-18 04:00:00,18.75,18.75,0.9,13.8621,340.0,16.1,0.0,1013.18
2023-09-18 05:00:00,17.255555555555556,17.255555555555556,0.91,2.7692,127.0,15.552600000000002,0.0,1013.26
2023-09-18 06:00:00,15.133333333333335,15.133333333333335,0.93,3.1073,324.0,15.826300000000002,0.0,1013.45
2023-09-18 07:00:00,16.183333333333334,16.183333333333334,0.99,3.22,320.0,6.5688,0.0,1013.84
2023-09-18 08:00:00,21.049999999999997,21.049999999999997,0.8,1.449,36.0,8.420300000000001,0.0,1014.23
2023-09-18 09:00:00,23.899999999999995,23.899999999999995,0.68,2.5599000000000003,149.0,9.338000000000001,0.0,1014.64
2023-09-18 10:00:00,26.116666666666667,26.116666666666667,0.59,2.9785000000000004,119.0,9.338000000000001,0.0,1014.92
2023-09-18 11:00:00,29.65555555555555,30.51666666666667,0.5,2.9946,26.0,14.7637,0.0,1014.95
2023-09-18 12:00:00,30.97222222222222,32.15555555555555,0.48,4.008900000000001,77.0,15.1823,0.0,1014.92
2023-09-18 13:00:00,32.666666666666664,33.449999999999996,0.41,1.4168,86.0,16.1,0.0,1014.82
2023-09-18 14:00:00,34.73888888888889,34.77777777777778,0.32,6.7298,32.0,15.552600000000002,0.0,1014.32
2023-09-18 15:00:00,35.8111111111111,35.37222222222223,0.28,4.2021,77.0,16.1,0.0,1013.84
2023-09-18 16:00:00,35.833333333333336,35.011111111111106,0.26,4.6207,43.0,16.1,0.0,1013.72
2023-09-18 17:00:00,34.916666666666664,34.35555555555556,0.29,8.629600000000002,51.0,15.552600000000002,0.0,1013.49
2023-09-18 18:00:00,32.449999999999996,32.111111111111114,0.35,7.711900000000001,56.0,16.1,0.0,1013.14
2023-09-18 19:00:00,27.54444444444444,27.772222222222222,0.48,7.5992,9.0,16.1,0.0,1013.25
2023-09-18 20:00:00,26.06666666666667,26.06666666666667,0.53,5.3291,39.0,15.552600000000002,0.0,1013.67
2023-09-18 21:00:00,22.75555555555555,22.75555555555555,0.71,4.5402000000000005,39.0,16.1,0.0,1014.42
2023-09-18 22:00:00,22.71111111111111,22.71111111111111,0.71,3.3649,8.0,16.1,0.0,1014.31
2023-09-18 23:00:00,21.538888888888884,21.538888888888884,0.73,2.3989000000000003,359.0,15.552600000000002,0.0,1014.6
2023-09-19 00:00:00,21.13333333333334,21.13333333333334,0.71,5.9248,105.0,16.1,0.0,1014.27
2023-09-19 01:00:00,18.583333333333332,18.583333333333332,0.83,6.5044,304.0,15.1823,0.0,1014.61
2023-09-19 02:00:00,20.611111111111107,20.611111111111107,0.73,5.0393,116.0,14.7637,0.0,1014.12
2023-09-19 03:00:00,19.444444444444443,19.444444444444443,0.78,3.6708,0.0,15.1823,0.0,1014.29
2023-09-19 04:00:00,18.42777777777778,18.42777777777778,0.86,11.012400000000001,303.0,15.1823,0.0,1014.45
2023-09-19 05:00:00,18.144444444444442,18.144444444444442,0.85,5.8765,351.0,15.552600000000002,0.0,1014.54
2023-09-19 06:00:00,17.244444444444444,17.244444444444444,0.86,8.5652,302.0,15.1823,0.0,1014.8
2023-09-19 07:00:00,17.755555555555556,17.755555555555556,0.83,14.49,311.0,16.1,0.0,1015.59
2023-09-19 08:00:00,20.627777777777776,20.627777777777776,0.66,18.305699999999998,321.0,15.1823,0.0,1015.89
2023-09-19 09:00:00,22.644444444444446,22.644444444444446,0.62,15.955100000000002,320.0,16.1,0.0,1015.97
2023-09-19 10:00:00,24.844444444444445,24.844444444444445,0.55,15.826300000000002,320.0,16.1,0.0,1015.98
2023-09-19 11:00:00,26.91111111111111,27.205555555555556,0.48,14.989100000000002,331.0,15.552600000000002,0.0,1016.1
2023-09-19 12:00:00,28.40555555555555,28.672222222222224,0.47,14.1519,310.0,16.1,0.0,1015.96
2023-09-19 13:00:00,29.70555555555556,30.15555555555555,0.47,15.6009,339.0,16.1,0.0,1015.56
2023-09-19 14:00:00,31.555555555555557,31.833333333333332,0.41,12.4292,348.0,15.552600000000002,0.0,1014.96
2023-09-19 15:00:00,30.88333333333334,31.57222222222222,0.45,9.563400000000001,322.0,16.1,0.0,1014.65
2023-09-19 16:00:00,28.82222222222222,29.316666666666663,0.49,16.744000000000003,312.0,16.1,0.0,1013.78
2023-09-19 17:00:00,28.122222222222224,28.827777777777776,0.53,13.3469,304.0,15.552600000000002,0.0,1014.03
2023-09-19 18:00:00,27.127777777777776,27.950000000000003,0.56,14.1519,310.0,9.982000000000001,0.0,1013.56
2023-09-19 19:00:00,24.86111111111111,24.86111111111111,0.62,10.948,328.0,15.826300000000002,0.0,1013.56
2023-09-19 20:00:00,23.86666666666666,23.86666666666666,0.66,11.592,322.0,15.1823,0.0,1013.7
2023-09-19 21:00:00,22.56666666666667,22.56666666666667,0.71,15.616999999999999,319.0,16.1,0.0,1013.87
2023-09-19 22:00:00,22.5,22.5,0.67,14.023100000000003,310.0,16.1,0.0,1013.98
2023-09-19 23:00:00,21.06666666666667,21.06666666666667,0.74,13.202,323.0,9.982000000000001,0.0,1013.55
2023-09-20 00:00:00,20.372222222222224,20.372222222222224,0.77,10.6743,309.0,15.826300000000002,0.0,1013.57
2023-09-20 01:00:00,19.283333333333328,19.283333333333328,0.82,17.1304,302.0,15.826300000000002,0.0,1013.18
2023-09-20 02:00:00,18.35,18.35,0.93,16.2771,339.0,9.9015,0.0,1012.66
2023-09-20 03:00:00,17.733333333333334,17.733333333333334,0.93,11.1895,328.0,9.9015,0.0,1012.47
2023-09-20 04:00:00,18.244444444444447,18.244444444444447,0.93,7.1162,328.0,6.1985,0.0,1011.75
2023-09-20 05:00:00,17.75,17.75,0.93,16.4703,294.0,6.7298,0.0,1013.4
2023-09-20 06:00:00,17.15,17.15,0.93,24.5847,310.0,8.1305,0.0,1013.64
2023-09-20 07:00:00,17.63888888888889,17.63888888888889,0.9,16.9211,349.0,10.2074,0.0,1013.7
2023-09-20 08:00:00,17.733333333333334,17.733333333333334,0.9,15.858500000000001,341.0,10.1752,0.0,1013.23
2023-09-20 09:00:00,17.200000000000003,17.200000000000003,0.87,11.253900000000002,282.0,9.982000000000001,0.0,1013.45
2023-09-20 10:00:00,17.733333333333334,17.733333333333334,0.9,16.1644,310.0,9.982000000000001,0.0,1014.72
2023-09-20 11:00:00,18.86111111111111,18.86111111111111,0.84,18.5955,322.0,10.3523,0.0,1014.54
2023-09-20 12:00:00,21.094444444444445,21.094444444444445,0.73,11.3183,329.0,9.982000000000001,0.0,1013.02
2023-09-20 13:00:00,21.16111111111111,21.16111111111111,0.73,17.259200000000003,300.0,9.982000000000001,0.0,1013.64
2023-09-20 14:00:00,22.083333333333332,22.083333333333332,0.6,12.3648,299.0,10.3523,0.0,1014.06
2023-09-20 15:00:00,22.15555555555555,22.15555555555555,0.64,14.0553,282.0,9.982000000000001,0.0,1013.86
2023-09-20 16:00:00,21.16111111111111,21.16111111111111,0.68,21.847700000000003,292.0,9.982000000000001,0.0,1013.73
2023-09-20 17:00:00,21.13888888888889,21.13888888888889,0.66,13.846,312.0,15.3111,0.0,1013.67
2023-09-20 18:00:00,21.06666666666667,21.06666666666667,0.72,10.0625,329.0,9.982000000000001,0.0,1013.62
2023-09-20 19:00:00,20.0,20.0,0.72,11.414900000000001,303.0,16.1,0.0,1013.37
2023-09-20 20:00:00,19.01111111111111,19.01111111111111,0.67,12.2521,296.0,10.577700000000002,0.0,1013.96
2023-09-20 21:00:00,18.79444444444444,18.79444444444444,0.73,22.684900000000003,0.0,9.982000000000001,0.0,1014.24
2023-09-20 22:00:00,17.733333333333334,17.733333333333334,0.78,16.7601,359.0,15.826300000000002,0.0,1014.83
2023-09-20 23:00:00,16.022222222222226,16.022222222222226,0.88,19.271700000000003,350.0,11.688600000000001,0.0,1015.36
2023-09-21 00:00:00,15.599999999999998,15.599999999999998,0.91,17.114300000000004,359.0,12.2521,0.0,1015.49
2023-09-21 01:00:00,15.511111111111113,15.511111111111113,0.89,14.0875,339.0,16.1,0.0,1015.48
2023-09-21 02:00:00,15.544444444444443,15.544444444444443,0.89,13.636700000000001,331.0,11.914000000000001,0.0,1015.69
2023-09-21 03:00:00,15.299999999999999,15.299999999999999,0.92,11.2056,329.0,15.1823,0.0,1015.51
2023-09-21 04:00:00,14.700000000000001,14.700000000000001,0.81,17.114300000000004,320.0,15.1823,0.0,1015.23
2023-09-21 05:00:00,13.299999999999999,13.299999999999999,0.83,16.180500000000002,323.0,14.3934,0.0,1015.32
2023-09-21 06:00:00,12.055555555555557,12.055555555555557,0.8,15.504300000000002,320.0,16.1,0.0,1015.47
2023-09-21 07:00:00,12.083333333333334,12.083333333333334,0.8,19.9157,320.0,16.1,0.0,1015.98
2023-09-21 08:00:00,12.783333333333331,12.783333333333331,0.77,20.5919,322.0,15.3111,0.0,1016.23
2023-09-21 09:00:00,13.866666666666667,13.866666666666667,0.72,21.7511,330.0,9.982000000000001,0.0,1017.35
2023-09-21 10:00:00,16.11111111111111,16.11111111111111,0.67,17.3075,330.0,15.826300000000002,0.0,1016.28
2023-09-21 11:00:00,17.83888888888889,17.83888888888889,0.59,14.1036,351.0,15.3111,0.0,1016.01
2023-09-21 12:00:00,18.81666666666667,18.81666666666667,0.56,13.9748,350.0,10.255700000000001,0.0,1015.77
2023-09-21 13:00:00,19.90555555555555,19.90555555555555,0.49,14.1519,350.0,10.255700000000001,0.0,1015.37
2023-09-21 14:00:00,21.13333333333334,21.13333333333334,0.47,12.477500000000001,359.0,10.577700000000002,0.0,1015.0
2023-09-21 15:00:00,21.03888888888889,21.03888888888889,0.42,9.2897,6.0,10.255700000000001,0.0,1014.54
2023-09-21 16:00:00,20.04444444444444,20.04444444444444,0.45,10.6904,339.0,10.255700000000001,0.0,1014.33
2023-09-21 17:00:00,21.06666666666667,21.06666666666667,0.41,8.0661,330.0,10.577700000000002,0.0,1014.36
2023-09-21 18:00:00,18.86111111111111,18.86111111111111,0.52,9.1126,340.0,16.1,0.0,1014.44
2023-09-21 19:00:00,16.06111111111111,16.06111111111111,0.62,8.05,330.0,16.1,0.0,1014.73
2023-09-21 20:00:00,13.127777777777778,13.127777777777778,0.74,9.1448,341.0,15.552600000000002,0.0,1015.12
2023-09-21 21:00:00,12.572222222222223,12.572222222222223,0.78,8.05,340.0,16.1,0.0,1015.43
2023-09-21 22:00:00,11.461111111111112,11.461111111111112,0.81,6.44,350.0,16.1,0.0,1015.25
2023-09-21 23:00:00,10.711111111111112,10.711111111111112,0.85,3.4937,351.0,15.520400000000002,0.0,1015.37
2023-09-22 00:00:00,9.488888888888887,9.488888888888887,0.92,3.1878,322.0,16.0517,0.0,1015.14
2023-09-22 01:00:00,8.794444444444444,8.794444444444444,0.93,3.059,323.0,16.0517,0.0,1014.94
2023-09-22 02:00:00,9.027777777777779,8.32222222222222,0.91,6.166300000000001,333.0,15.520400000000002,0.0,1014.95
2023-09-22 03:00:00,7.711111111111112,7.711111111111112,0.96,0.0,0.0,16.0517,0.0,1014.63
2023-09-22 04:00:00,7.688888888888891,5.655555555555555,0.93,11.270000000000001,330.0,16.1,0.0,1014.15
2023-09-22 05:00:00,7.377777777777778,6.566666666666666,0.95,5.6833,340.0,15.3111,0.0,1014.26
2023-09-22 06:00:00,7.138888888888889,7.138888888888889,1.0,4.83,340.0,16.1,0.0,1014.05
2023-09-22 07:00:00,7.694444444444445,7.694444444444445,1.0,3.1878,22.0,15.1823,0.0,1014.33
2023-09-22 08:00:00,11.827777777777776,11.827777777777776,0.81,4.459700000000001,25.0,15.552600000000002,0.0,1014.07
2023-09-22 09:00:00,14.799999999999999,14.799999999999999,0.69,7.969500000000001,42.0,16.1,0.0,1013.93
2023-09-22 10:00:00,17.755555555555556,17.755555555555556,0.56,7.647500000000001,42.0,16.1,0.0,1013.63
2023-09-22 11:00:00,20.022222222222226,20.022222222222226,0.44,11.8496,64.0,15.552600000000002,0.0,1013.35
2023-09-22 12:00:00,21.06111111111111,21.06111111111111,0.38,10.626,79.0,16.1,0.0,1013.01
2023-09-22 13:00:00,21.06111111111111,21.06111111111111,0.38,4.9910000000000005,102.0,16.1,0.0,1012.59
2023-09-22 14:00:00,21.144444444444446,21.144444444444446,0.37,5.1681,122.0,15.552600000000002,0.0,1011.89
2023-09-22 15:00:00,22.22222222222222,22.22222222222222,0.38,10.642100000000001,74.0,16.1,0.0,1011.01
2023-09-22 16:00:00,22.661111111111115,22.661111111111115,0.37,7.760200000000001,82.0,16.1,0.0,1010.22
2023-09-22 17:00:00,22.61666666666666,22.61666666666666,0.4,8.1466,86.0,15.552600000000002,0.0,1009.56
2023-09-22 18:00:00,22.083333333333332,22.083333333333332,0.52,12.3004,140.0,16.1,0.0,1009.23
2023-09-22 19:00:00,19.727777777777778,19.727777777777778,0.63,9.2897,138.0,10.255700000000001,0.0,1009.22
2023-09-22 20:00:00,18.5,18.5,0.69,3.4615,119.0,10.577700000000002,0.0,1009.54
2023-09-22 21:00:00,17.31666666666667,17.31666666666667,0.74,14.49,130.0,15.826300000000002,0.0,1009.41
2023-09-22 22:00:00,16.86111111111111,16.86111111111111,0.75,6.1502,140.0,16.1,0.0,1009.39
2023-09-22 23:00:00,15.950000000000001,15.950000000000001,0.82,6.7298,139.0,15.1823,0.0,1009.25
2023-09-23 00:00:00,15.305555555555555,15.305555555555555,0.81,10.7387,149.0,16.1,0.0,1009.0
2023-09-23 01:00:00,14.261111111111113,14.261111111111113,0.84,6.488300000000001,139.0,15.1823,0.0,1008.89
2023-09-23 02:00:00,14.449999999999998,14.449999999999998,0.88,10.4811,130.0,11.8818,0.0,1009.22
2023-09-23 03:00:00,15.32777777777778,15.32777777777778,0.82,14.3451,130.0,11.9784,0.0,1008.21
2023-09-23 04:00:00,14.866666666666665,14.866666666666665,0.84,11.270000000000001,130.0,11.9784,0.0,1007.81
2023-09-23 05:00:00,13.838888888888887,13.838888888888887,0.87,6.9069,156.0,11.688600000000001,0.0,1008.11
2023-09-23 06:00:00,12.694444444444445,12.694444444444445,0.96,11.109000000000002,129.0,11.8979,0.0,1008.0
2023-09-23 07:00:00,14.777777777777779,14.777777777777779,0.84,12.3004,130.0,11.8979,0.0,1008.02
2023-09-23 08:00:00,16.75,16.75,0.78,11.7047,150.0,11.6081,0.0,1008.34
2023-09-23 09:00:00,18.711111111111116,18.711111111111116,0.74,20.4953,150.0,12.2199,0.0,1008.43
2023-09-23 10:00:00,22.016666666666666,22.016666666666666,0.65,15.713600000000001,160.0,12.2521,0.0,1008.71
2023-09-23 11:00:00,22.794444444444444,22.794444444444444,0.61,11.527600000000001,209.0,14.731500000000002,0.0,1008.83
2023-09-23 12:00:00,24.86111111111111,24.86111111111111,0.55,10.577700000000002,180.0,14.9086,0.0,1008.71
2023-09-23 13:00:00,25.90555555555555,25.90555555555555,0.48,8.903300000000002,182.0,14.9086,0.0,1008.51
2023-09-23 14:00:00,27.005555555555556,27.03333333333333,0.43,11.398800000000001,163.0,14.5222,0.0,1008.29
2023-09-23 15:00:00,27.083333333333332,26.999999999999996,0.42,12.332600000000001,171.0,14.9086,0.0,1007.94
2023-09-23 16:00:00,27.61666666666666,27.366666666666667,0.4,10.5616,202.0,15.1823,0.0,1007.65
2023-09-23 17:00:00,27.116666666666667,26.944444444444443,0.4,8.291500000000001,182.0,14.7637,0.0,1007.65
2023-09-23 18:00:00,24.833333333333332,24.833333333333332,0.51,4.1055,215.0,15.1823,0.0,1007.85
2023-09-23 19:00:00,20.99444444444445,20.99444444444445,0.64,0.1449,340.0,15.1823,0.0,1008.45
2023-09-23 20:00:00,20.033333333333335,20.033333333333335,0.67,6.359500000000001,72.0,14.3612,0.0,1008.95
2023-09-23 21:00:00,19.78888888888889,19.78888888888889,0.69,7.084000000000001,116.0,15.826300000000002,0.0,1009.46
2023-09-23 22:00:00,19.327777777777783,19.327777777777783,0.73,2.5277000000000003,141.0,15.826300000000002,0.0,1010.12
2023-09-23 23:00:00,16.5,16.5,0.83,0.3059,90.0,14.9569,0.0,1010.34
2023-09-24 00:00:00,16.25,16.25,0.81,6.4722,351.0,15.826300000000002,0.0,1010.52
2023-09-24 01:00:00,15.672222222222224,15.672222222222224,0.84,3.1234,36.0,15.826300000000002,0.0,1010.54
2023-09-24 02:00:00,15.627777777777778,15.627777777777778,0.9,6.1985,28.0,14.168000000000003,0.0,1010.85
2023-09-24 03:00:00,15.883333333333335,15.883333333333335,0.87,6.0375000000000005,41.0,14.6832,0.0,1010.85
2023-09-24 04:00:00,14.283333333333335,14.283333333333335,0.9,3.059,29.0,14.5383,0.0,1010.77
2023-09-24 05:00:00,13.55,13.55,0.93,6.2468,8.0,13.8621,0.0,1010.99
2023-09-24 06:00:00,12.733333333333334,12.733333333333334,0.96,8.1949,347.0,4.4436,0.0,1011.06
2023-09-24 07:00:00,14.772222222222224,14.772222222222224,0.93,8.3076,330.0,4.0733,0.0,1011.56
2023-09-24 08:00:00,16.644444444444446,16.644444444444446,0.83,10.1752,344.0,5.8604,0.0,1011.69
2023-09-24 09:00:00,18.688888888888886,18.688888888888886,0.78,11.237800000000002,349.0,7.212800000000001,0.0,1011.96
2023-09-24 10:00:00,21.933333333333337,21.933333333333337,0.68,9.6439,350.0,8.372000000000002,0.0,1011.96
2023-09-24 11:00:00,23.466666666666665,23.466666666666665,0.58,9.177000000000001,358.0,12.2521,0.0,1011.74
2023-09-24 12:00:00,25.749999999999996,25.749999999999996,0.51,12.735100000000001,350.0,15.1823,0.0,1011.59
2023-09-24 13:00:00,25.91111111111111,25.91111111111111,0.5,12.606300000000001,341.0,15.1823,0.0,1011.46
2023-09-24 14:00:00,27.08888888888889,27.211111111111116,0.45,11.7047,338.0,14.7637,0.0,1010.98
2023-09-24 15:00:00,26.072222222222226,26.072222222222226,0.47,12.7512,342.0,16.1,0.0,1010.28
2023-09-24 16:00:00,27.11111111111111,27.183333333333337,0.44,11.141200000000001,322.0,15.1823,0.0,1009.97
2023-09-24 17:00:00,26.027777777777775,26.027777777777775,0.49,10.448900000000002,306.0,10.577700000000002,0.0,1009.95
2023-09-24 18:00:00,23.79444444444444,23.79444444444444,0.62,19.964000000000002,291.0,10.255700000000001,0.0,1009.8
2023-09-24 19:00:00,22.15555555555555,22.15555555555555,0.68,15.6009,301.0,15.1823,0.0,1010.18
2023-09-24 20:00:00,22.072222222222226,22.072222222222226,0.64,13.4757,306.0,12.2843,0.0,1010.42
2023-09-24 21:00:00,20.91111111111111,20.91111111111111,0.69,12.7029,320.0,12.2521,0.0,1010.48
2023-09-24 22:00:00,19.844444444444445,19.844444444444445,0.73,11.2056,311.0,10.2074,0.0,1010.3
2023-09-24 23:00:00,19.34444444444444,19.34444444444444,0.76,10.2235,322.0,11.8818,0.0,1010.3
2023-09-25 00:00:00,18.850000000000005,18.850000000000005,0.75,11.157300000000001,322.0,12.2199,0.0,1010.3
2023-09-25 01:00:00,18.77777777777778,18.77777777777778,0.78,10.980200000000002,331.0,12.2199,0.0,1010.29
2023-09-25 02:00:00,17.488888888888887,17.488888888888887,0.88,15.761899999999999,219.0,11.688600000000001,0.0,1010.96
2023-09-25 03:00:00,16.65,16.65,0.86,16.2127,240.0,11.9784,0.0,1011.35
2023-09-25 04:00:00,15.605555555555558,15.605555555555558,0.9,13.2986,251.0,11.9784,0.0,1011.12
2023-09-25 05:00:00,14.549999999999999,14.549999999999999,0.93,15.584800000000001,290.0,11.640300000000002,0.0,1010.65
2023-09-25 06:00:00,14.033333333333331,14.033333333333331,0.93,3.4132000000000002,10.0,5.1681,0.0,1010.66
2023-09-25 07:00:00,15.055555555555555,15.055555555555555,0.93,8.4042,188.0,5.0876,0.0,1011.88
2023-09-25 08:00:00,15.916666666666666,15.916666666666666,0.89,7.840700000000001,194.0,7.1806,0.0,1012.31
2023-09-25 09:00:00,16.094444444444445,16.094444444444445,0.93,11.9784,178.0,9.563400000000001,0.0,1012.13
2023-09-25 10:00:00,16.094444444444445,16.094444444444445,0.94,14.5222,200.0,9.6117,0.0,1012.33
2023-09-25 11:00:00,16.105555555555558,16.105555555555558,0.93,15.005200000000002,214.0,9.1287,0.0,1012.81
2023-09-25 12:00:00,17.200000000000003,17.200000000000003,0.88,12.0106,229.0,9.579500000000001,0.0,1013.09
2023-09-25 13:00:00,17.200000000000003,17.200000000000003,0.82,13.636700000000001,229.0,9.595600000000001,0.0,1012.92
2023-09-25 14:00:00,17.294444444444444,17.294444444444444,0.82,11.9623,234.0,9.209200000000001,0.0,1013.16
2023-09-25 15:00:00,17.76111111111111,17.76111111111111,0.84,12.1555,220.0,9.708300000000001,0.0,1013.46
2023-09-25 16:00:00,17.666666666666668,17.666666666666668,0.79,10.787,239.0,9.7566,0.0,1013.12
2023-09-25 17:00:00,17.144444444444446,17.144444444444446,0.82,10.5616,270.0,9.2575,0.0,1013.02
2023-09-25 18:00:00,17.066666666666666,17.066666666666666,0.82,4.524100000000001,223.0,8.790600000000001,0.0,1012.48
2023-09-25 19:00:00,16.044444444444444,16.044444444444444,0.87,9.064300000000001,251.0,4.781700000000001,0.0,1013.47
2023-09-25 20:00:00,15.916666666666666,15.916666666666666,0.89,8.3398,262.0,5.957000000000001,0.0,1013.76
2023-09-25 21:00:00,15.972222222222221,15.972222222222221,0.88,3.4293,256.0,8.7423,0.0,1014.51
2023-09-25 22:00:00,15.466666666666669,15.466666666666669,0.9,6.0697,279.0,6.9069,0.0,1014.63
2023-09-25 23:00:00,14.927777777777777,14.927777777777777,0.93,3.4937,260.0,8.919400000000001,0.0,1014.82
2023-09-26 00:00:00,14.422222222222224,14.422222222222224,0.93,6.166300000000001,260.0,6.9069,0.0,1014.42
2023-09-26 01:00:00,14.422222222222224,14.422222222222224,0.93,6.021400000000001,270.0,4.9105,0.0,1014.13
2023-09-26 02:00:00,14.427777777777777,14.427777777777777,0.96,6.2146,267.0,4.459700000000001,0.0,1014.25
2023-09-26 03:00:00,14.422222222222224,14.422222222222224,0.94,5.8443000000000005,232.0,4.83,0.0,1013.95
2023-09-26 04:00:00,14.422222222222224,14.422222222222224,0.96,3.0429,244.0,3.9123000000000006,0.0,1014.02
2023-09-26 05:00:00,13.944444444444445,13.944444444444445,0.96,5.618900000000001,245.0,4.4758,0.0,1014.16
2023-09-26 06:00:00,13.916666666666664,13.916666666666664,1.0,3.1556,252.0,3.0107000000000004,0.0,1014.01
2023-09-26 07:00:00,13.916666666666664,13.916666666666664,1.0,8.8228,211.0,3.0107000000000004,0.0,1014.3
2023-09-26 08:00:00,13.994444444444444,13.994444444444444,0.94,8.903300000000002,226.0,7.0196000000000005,0.0,1014.57
2023-09-26 09:00:00,13.93888888888889,13.93888888888889,1.0,9.048200000000001,231.0,9.6117,0.0,1014.73
2023-09-26 10:00:00,14.955555555555557,14.955555555555557,0.93,4.1377,262.0,9.6761,0.0,1015.14
2023-09-26 11:00:00,15.961111111111109,15.961111111111109,0.88,1.3524,288.0,9.8693,0.0,1015.61
2023-09-26 12:00:00,15.972222222222221,15.972222222222221,0.87,3.3649,75.0,9.982000000000001,0.0,1015.65
2023-09-26 13:00:00,15.994444444444444,15.994444444444444,0.88,4.8461,96.0,9.982000000000001,0.0,1015.65
2023-09-26 14:00:00,17.33888888888889,17.33888888888889,0.81,4.2343,49.0,10.3523,0.0,1015.69
2023-09-26 15:00:00,17.016666666666666,17.016666666666666,0.82,4.6046000000000005,50.0,9.853200000000001,0.0,1015.58
2023-09-26 16:00:00,15.994444444444444,15.994444444444444,0.87,6.9874,169.0,9.7566,0.0,1015.88
2023-09-26 17:00:00,15.988888888888889,15.988888888888889,0.89,2.0286,137.0,9.7566,0.0,1016.32
2023-09-26 18:00:00,15.950000000000001,15.950000000000001,0.87,3.4776000000000002,45.0,9.7566,0.0,1016.78
2023-09-26 19:00:00,14.86111111111111,14.86111111111111,0.93,14.3451,30.0,9.7566,0.0,1017.47
2023-09-26 20:00:00,14.97777777777778,14.97777777777778,0.94,8.4364,29.0,9.0965,0.0,1018.0
2023-09-26 21:00:00,14.905555555555553,14.905555555555553,0.93,12.2843,18.0,9.982000000000001,0.0,1018.66
2023-09-26 22:00:00,14.883333333333333,14.883333333333333,0.91,13.6689,10.0,15.826300000000002,0.0,1018.88
2023-09-26 23:00:00,14.355555555555558,14.355555555555558,0.89,12.3004,30.0,13.9748,0.0,1019.26
2023-09-27 00:00:00,14.327777777777776,14.327777777777776,0.88,14.1036,29.0,15.826300000000002,0.0,1019.46
2023-09-27 01:00:00,14.327777777777776,14.327777777777776,0.88,13.652800000000001,29.0,15.826300000000002,0.0,1019.56
2023-09-27 02:00:00,14.266666666666667,14.266666666666667,0.89,6.4561,19.0,14.4095,0.0,1019.83
2023-09-27 03:00:00,13.816666666666666,13.816666666666666,0.91,10.642100000000001,28.0,15.826300000000002,0.0,1019.96
2023-09-27 04:00:00,13.816666666666666,13.816666666666666,0.93,10.7387,9.0,15.826300000000002,0.0,1019.97
2023-09-27 05:00:00,13.827777777777778,13.827777777777778,0.94,12.8961,0.0,14.4095,0.0,1020.35
2023-09-27 06:00:00,13.816666666666666,13.816666666666666,0.9,16.711800000000004,0.0,9.982000000000001,0.0,1020.66
2023-09-27 07:00:00,13.794444444444444,13.794444444444444,0.78,16.7601,19.0,10.255700000000001,0.0,1020.88
2023-09-27 08:00:00,13.761111111111113,13.761111111111113,0.8,14.9086,18.0,9.6761,0.0,1021.42
2023-09-27 09:00:00,14.86111111111111,14.86111111111111,0.73,19.7708,10.0,10.255700000000001,0.0,1021.96
2023-09-27 10:00:00,15.955555555555556,15.955555555555556,0.69,26.9997,20.0,9.982000000000001,0.0,1021.99
2023-09-27 11:00:00,16.06666666666667,16.06666666666667,0.72,24.552500000000002,19.0,10.3523,0.0,1021.91
2023-09-27 12:00:00,17.17777777777778,17.17777777777778,0.64,24.9389,20.0,9.982000000000001,0.0,1022.0
2023-09-27 13:00:00,17.711111111111112,17.711111111111112,0.61,27.8691,21.0,9.982000000000001,0.0,1022.1
2023-09-27 14:00:00,17.655555555555555,17.655555555555555,0.6,27.128500000000003,18.0,10.3523,0.0,1021.99
2023-09-27 15:00:00,17.711111111111112,17.711111111111112,0.56,27.933500000000002,21.0,9.982000000000001,0.0,1022.1
2023-09-27 16:00:00,17.17777777777778,17.17777777777778,0.63,24.488100000000003,11.0,10.255700000000001,0.0,1022.4
2023-09-27 17:00:00,17.044444444444444,17.044444444444444,0.59,21.992600000000003,2.0,10.577700000000002,0.0,1022.58
2023-09-27 18:00:00,16.016666666666666,16.016666666666666,0.59,21.3486,1.0,10.255700000000001,0.0,1022.91
2023-09-27 19:00:00,14.97777777777778,14.97777777777778,0.63,19.8996,1.0,10.255700000000001,0.0,1023.31
2023-09-27 20:00:00,14.949999999999998,14.949999999999998,0.61,23.522100000000002,1.0,10.577700000000002,0.0,1023.75
2023-09-27 21:00:00,13.88888888888889,13.88888888888889,0.65,21.5096,1.0,10.255700000000001,0.0,1024.11
2023-09-27 22:00:00,14.349999999999998,14.349999999999998,0.61,19.7708,0.0,16.1,0.0,1024.22
2023-09-27 23:00:00,13.816666666666666,13.816666666666666,0.63,16.2127,358.0,15.552600000000002,0.0,1024.21
2023-09-28 00:00:00,13.816666666666666,13.816666666666666,0.62,19.931800000000003,0.0,16.1,0.0,1024.13
2023-09-28 01:00:00,13.311111111111112,13.311111111111112,0.66,16.9694,340.0,16.1,0.0,1024.13
2023-09-28 02:00:00,13.294444444444444,13.294444444444444,0.68,18.8531,351.0,15.1823,0.0,1024.24
2023-09-28 03:00:00,13.28888888888889,13.28888888888889,0.69,19.7869,350.0,16.1,0.0,1024.23
2023-09-28 04:00:00,13.266666666666667,13.266666666666667,0.67,16.9533,350.0,16.1,0.0,1024.14
2023-09-28 05:00:00,12.744444444444444,12.744444444444444,0.67,18.788700000000002,351.0,15.1823,0.0,1024.24
2023-09-28 06:00:00,12.733333333333334,12.733333333333334,0.69,20.0445,350.0,10.255700000000001,0.0,1024.53
2023-09-28 07:00:00,12.711111111111112,12.711111111111112,0.69,15.616999999999999,350.0,10.255700000000001,0.0,1024.74
2023-09-28 08:00:00,12.177777777777779,12.177777777777779,0.74,16.6796,350.0,10.2235,0.0,1024.9
2023-09-28 09:00:00,12.266666666666666,12.266666666666666,0.73,23.2967,0.0,10.255700000000001,0.0,1025.02
2023-09-28 10:00:00,12.33888888888889,12.33888888888889,0.79,23.489900000000002,0.0,16.1,0.0,1025.31
2023-09-28 11:00:00,12.761111111111111,12.761111111111111,0.72,25.051600000000004,1.0,14.586600000000002,0.0,1025.31
2023-09-28 12:00:00,12.894444444444446,12.894444444444446,0.76,25.035500000000003,1.0,15.826300000000002,0.0,1025.52
2023-09-28 13:00:00,12.405555555555555,12.405555555555555,0.79,32.3932,11.0,9.982000000000001,0.0,1025.71
2023-09-28 14:00:00,11.505555555555556,11.505555555555556,0.9,22.475600000000004,1.0,9.6278,0.0,1025.63
2023-09-28 15:00:00,12.333333333333336,12.333333333333336,0.85,21.847700000000003,352.0,9.982000000000001,0.0,1025.51
2023-09-28 16:00:00,12.316666666666668,12.316666666666668,0.85,20.5919,2.0,9.982000000000001,0.0,1025.31
2023-09-28 17:00:00,11.400000000000002,11.400000000000002,0.92,22.427300000000002,0.0,9.0965,0.0,1025.12
2023-09-28 18:00:00,11.25,11.25,0.91,23.312800000000003,1.0,9.982000000000001,0.0,1025.33
2023-09-28 19:00:00,12.755555555555556,12.755555555555556,0.77,25.0194,11.0,9.982000000000001,0.0,1025.54
2023-09-28 20:00:00,12.550000000000002,12.550000000000002,0.75,19.32,9.0,9.7405,0.0,1025.78
2023-09-28 21:00:00,12.733333333333334,12.733333333333334,0.72,23.312800000000003,11.0,10.255700000000001,0.0,1025.76
2023-09-28 22:00:00,12.222222222222221,12.222222222222221,0.76,20.479200000000002,11.0,16.1,0.0,1025.84
2023-09-28 23:00:00,11.244444444444447,11.244444444444447,0.83,23.457700000000003,11.0,14.699300000000003,0.0,1025.87
2023-09-29 00:00:00,11.205555555555556,11.205555555555556,0.82,20.608000000000004,11.0,16.1,0.0,1025.92
2023-09-29 01:00:00,11.183333333333334,11.183333333333334,0.82,24.890600000000003,21.0,16.1,0.0,1025.73
2023-09-29 02:00:00,10.722222222222221,10.722222222222221,0.86,19.32,12.0,13.685,0.0,1025.78
2023-09-29 03:00:00,10.65,10.65,0.88,20.2377,21.0,14.9086,0.0,1025.8
2023-09-29 04:00:00,10.116666666666667,10.116666666666667,0.92,20.0928,21.0,9.982000000000001,0.0,1025.6
2023-09-29 05:00:00,10.2,10.2,0.92,19.126800000000003,21.0,9.7405,0.0,1025.65
2023-09-29 06:00:00,10.13888888888889,10.13888888888889,0.92,22.024800000000003,21.0,9.982000000000001,0.0,1025.69
2023-09-29 07:00:00,10.116666666666667,10.116666666666667,0.92,17.5329,21.0,10.255700000000001,0.0,1025.99
2023-09-29 08:00:00,10.144444444444442,10.144444444444442,0.93,16.9533,21.0,4.1216,0.0,1026.23
2023-09-29 09:00:00,10.094444444444445,10.094444444444445,0.92,23.489900000000002,30.0,5.490100000000001,0.0,1026.79
2023-09-29 10:00:00,11.161111111111113,11.161111111111113,0.92,21.960400000000003,31.0,8.1305,0.0,1026.99
2023-09-29 11:00:00,12.100000000000001,12.100000000000001,0.87,16.840600000000002,31.0,8.774500000000002,0.0,1027.12
2023-09-29 12:00:00,12.850000000000001,12.850000000000001,0.82,25.035500000000003,31.0,9.982000000000001,0.0,1027.1
2023-09-29 13:00:00,13.93888888888889,13.93888888888889,0.82,21.815500000000004,51.0,9.982000000000001,0.0,1027.1
2023-09-29 14:00:00,13.861111111111112,13.861111111111112,0.78,21.6062,24.0,9.982000000000001,0.0,1026.97
2023-09-29 15:00:00,12.966666666666669,12.966666666666669,0.81,17.3397,31.0,9.982000000000001,0.0,1027.36
2023-09-29 16:00:00,12.944444444444443,12.944444444444443,0.82,15.520400000000002,32.0,9.982000000000001,0.0,1027.64
2023-09-29 17:00:00,12.877777777777778,12.877777777777778,0.83,11.4471,29.0,10.2235,0.0,1027.43
2023-09-29 18:00:00,12.872222222222224,12.872222222222224,0.82,9.7566,4.0,10.255700000000001,0.0,1027.48
2023-09-29 19:00:00,12.294444444444444,12.294444444444444,0.85,11.2217,3.0,10.255700000000001,0.0,1027.78
2023-09-29 20:00:00,12.283333333333333,12.283333333333333,0.86,10.513300000000001,354.0,10.2235,0.0,1027.95
2023-09-29 21:00:00,12.755555555555556,12.755555555555556,0.77,15.810200000000002,21.0,10.255700000000001,0.0,1027.99
2023-09-29 22:00:00,12.755555555555556,12.755555555555556,0.72,17.114300000000004,20.0,15.1823,0.0,1027.91
2023-09-29 23:00:00,12.122222222222222,12.122222222222222,0.76,15.890699999999999,20.0,14.3934,0.0,1027.95
2023-09-30 00:00:00,11.644444444444446,11.644444444444446,0.74,14.1519,30.0,15.1823,0.0,1028.2
2023-09-30 01:00:00,11.083333333333336,11.083333333333336,0.74,17.0499,29.0,16.1,0.0,1028.21
2023-09-30 02:00:00,10.633333333333333,10.633333333333333,0.78,18.788700000000002,18.0,15.1823,0.0,1028.14
2023-09-30 03:00:00,10.555555555555555,10.555555555555555,0.77,19.931800000000003,10.0,16.1,0.0,1028.2
2023-09-30 04:00:00,10.6,10.6,0.77,20.076700000000002,20.0,16.1,0.0,1028.0
2023-09-30 05:00:00,10.594444444444443,10.594444444444443,0.74,19.046300000000002,18.0,15.1823,0.0,1027.77
2023-09-30 06:00:00,10.050000000000002,10.050000000000002,0.77,20.3504,21.0,16.1,0.0,1027.71
2023-09-30 07:00:00,10.027777777777777,10.027777777777777,0.77,17.1304,20.0,16.1,0.0,1027.81
2023-09-30 08:00:00,10.911111111111111,10.911111111111111,0.77,20.125,20.0,10.2235,0.0,1028.03
2023-09-30 09:00:00,12.68888888888889,12.68888888888889,0.69,26.2752,21.0,10.255700000000001,0.0,1028.41
2023-09-30 10:00:00,12.294444444444444,12.294444444444444,0.65,25.116,31.0,10.255700000000001,0.0,1028.62
2023-09-30 11:00:00,12.950000000000001,12.950000000000001,0.63,22.314600000000002,31.0,10.3523,0.0,1029.09
2023-09-30 12:00:00,13.93888888888889,13.93888888888889,0.63,24.9389,31.0,9.982000000000001,0.0,1029.17
2023-09-30 13:00:00,15.050000000000002,15.050000000000002,0.59,23.506,40.0,10.255700000000001,0.0,1028.88
2023-09-30 14:00:00,16.883333333333333,16.883333333333333,0.45,21.6062,33.0,10.577700000000002,0.0,1028.59
2023-09-30 15:00:00,17.15,17.15,0.48,21.5257,30.0,10.255700000000001,0.0,1028.38
2023-09-30 16:00:00,17.083333333333332,17.083333333333332,0.44,21.541800000000002,20.0,10.255700000000001,0.0,1028.21
2023-09-30 17:00:00,15.933333333333334,15.933333333333334,0.48,15.633100000000002,40.0,10.577700000000002,0.0,1028.11
2023-09-30 18:00:00,14.855555555555558,14.855555555555558,0.55,11.1734,39.0,10.255700000000001,0.0,1028.4
2023-09-30 19:00:00,13.655555555555555,13.655555555555555,0.64,7.9373000000000005,56.0,10.255700000000001,0.0,1029.09
2023-09-30 20:00:00,13.538888888888888,13.538888888888888,0.57,15.134000000000002,20.0,10.2235,0.0,1029.53
2023-09-30 21:00:00,12.061111111111112,12.061111111111112,0.61,16.9694,10.0,16.1,0.0,1030.28
2023-09-30 22:00:00,11.016666666666666,11.016666666666666,0.63,16.9694,20.0,16.1,0.0,1030.48
2023-09-30 23:00:00,9.67222222222222,7.783333333333331,0.7,13.0088,19.0,15.1823,0.0,1030.52
2023-10-01 00:00:00,8.894444444444442,6.327777777777778,0.74,16.9533,21.0,16.1,0.0,1030.56
2023-10-01 01:00:00,8.311111111111112,5.999999999999998,0.74,13.894300000000003,30.0,16.1,0.0,1030.28
2023-10-01 02:00:00,6.844444444444445,5.78888888888889,0.8,6.2146,11.0,15.1823,0.0,1030.42
2023-10-01 03:00:00,6.672222222222221,4.488888888888888,0.82,10.9158,11.0,16.1,0.0,1030.36
2023-10-01 04:00:00,5.605555555555558,4.333333333333332,0.89,6.327300000000001,1.0,16.1,0.0,1030.26
2023-10-01 05:00:00,6.177777777777776,4.005555555555556,0.89,10.4006,12.0,15.1823,0.0,1030.04
2023-10-01 06:00:00,6.022222222222224,3.711111111111111,0.86,10.9158,10.0,16.1,0.0,1030.18
2023-10-01 07:00:00,6.022222222222224,3.4388888888888878,0.86,12.397,20.0,16.1,0.0,1030.16
2023-10-01 08:00:00,7.76111111111111,5.8500000000000005,0.84,10.642100000000001,20.0,15.1823,0.0,1030.24
2023-10-01 09:00:00,9.961111111111112,7.911111111111113,0.77,14.731500000000002,32.0,16.1,0.0,1030.57
2023-10-01 10:00:00,12.68888888888889,12.68888888888889,0.69,9.450700000000001,22.0,16.1,0.0,1030.95
2023-10-01 11:00:00,14.894444444444446,14.894444444444446,0.59,9.080400000000001,17.0,15.552600000000002,0.0,1030.71
2023-10-01 12:00:00,17.083333333333332,17.083333333333332,0.48,7.921200000000001,87.0,9.982000000000001,0.0,1030.46
2023-10-01 13:00:00,17.755555555555556,17.755555555555556,0.43,10.7387,13.0,9.982000000000001,0.0,1030.44
2023-10-01 14:00:00,17.75,17.75,0.42,7.905100000000001,42.0,10.577700000000002,0.0,1029.93
2023-10-01 15:00:00,18.744444444444444,18.744444444444444,0.38,8.0017,45.0,10.255700000000001,0.0,1029.55
2023-10-01 16:00:00,18.79444444444444,18.79444444444444,0.37,10.7548,29.0,10.255700000000001,0.0,1029.45
2023-10-01 17:00:00,17.68888888888889,17.68888888888889,0.4,10.4006,10.0,10.577700000000002,0.0,1029.34
2023-10-01 18:00:00,14.905555555555553,14.905555555555553,0.52,10.577700000000002,351.0,16.1,0.0,1029.44
2023-10-01 19:00:00,12.127777777777776,12.127777777777776,0.62,4.83,0.0,16.1,0.0,1029.84
2023-10-01 20:00:00,11.105555555555558,11.105555555555558,0.67,4.6046000000000005,9.0,15.1823,0.0,1030.09
2023-10-01 21:00:00,8.794444444444444,8.794444444444444,0.83,3.1717,358.0,16.1,0.0,1030.14
2023-10-01 22:00:00,8.261111111111111,8.261111111111111,0.84,3.3649,346.0,16.0517,0.0,1030.34
2023-10-01 23:00:00,7.422222222222222,7.422222222222222,0.86,3.5742000000000007,357.0,14.9569,0.0,1030.36
2023-10-02 00:00:00,5.555555555555555,4.216666666666669,0.93,6.5044,329.0,15.826300000000002,0.0,1030.44
2023-10-02 01:00:00,5.5777777777777775,4.355555555555558,0.89,6.1502,340.0,15.826300000000002,0.0,1030.33
2023-10-02 02:00:00,5.777777777777777,4.744444444444444,0.89,5.6511,332.0,14.9569,0.0,1030.18
2023-10-02 03:00:00,4.494444444444446,4.494444444444446,0.92,3.22,10.0,16.0517,0.0,1029.86
2023-10-02 04:00:00,3.405555555555557,1.81111111111111,0.96,6.279,331.0,9.982000000000001,0.0,1029.86
2023-10-02 05:00:00,4.216666666666669,2.883333333333332,0.92,5.8765,334.0,9.982000000000001,0.0,1029.76
2023-10-02 06:00:00,2.8500000000000014,2.8500000000000014,0.99,3.22,340.0,8.1305,0.0,1029.66
2023-10-02 07:00:00,2.8277777777777797,2.8277777777777797,0.96,4.7495,340.0,8.1305,0.0,1029.85
2023-10-02 08:00:00,7.555555555555555,7.555555555555555,0.9,4.7656,4.0,9.982000000000001,0.0,1030.14
2023-10-02 09:00:00,10.977777777777776,10.977777777777776,0.72,0.3703,70.0,16.0517,0.0,1030.33
2023-10-02 10:00:00,13.91111111111111,13.91111111111111,0.67,3.1878,52.0,16.1,0.0,1030.23
2023-10-02 11:00:00,16.944444444444443,16.944444444444443,0.54,3.1234,93.0,15.552600000000002,0.0,1029.94
2023-10-02 12:00:00,17.77777777777778,17.77777777777778,0.5,8.9677,188.0,16.1,0.0,1029.63
2023-10-02 13:00:00,18.86111111111111,18.86111111111111,0.44,9.2897,159.0,16.1,0.0,1029.31
2023-10-02 14:00:00,19.938888888888886,19.938888888888886,0.39,10.5294,209.0,15.552600000000002,0.0,1028.61
2023-10-02 15:00:00,19.994444444444444,19.994444444444444,0.4,11.0929,198.0,16.1,0.0,1028.0
2023-10-02 16:00:00,19.994444444444444,19.994444444444444,0.44,0.22540000000000004,104.0,16.1,0.0,1027.42
2023-10-02 17:00:00,19.95,19.95,0.43,4.7012,108.0,15.552600000000002,0.0,1027.08
2023-10-02 18:00:00,17.68333333333333,17.68333333333333,0.52,0.0644,45.0,16.1,0.0,1026.81
2023-10-02 19:00:00,12.750000000000002,12.750000000000002,0.72,4.7334000000000005,29.0,16.1,0.0,1027.01
2023-10-02 20:00:00,12.216666666666669,12.216666666666669,0.75,3.0751,30.0,15.1823,0.0,1027.02
2023-10-02 21:00:00,10.950000000000001,10.950000000000001,0.81,4.83,50.0,16.1,0.0,1026.94
2023-10-02 22:00:00,10.366666666666665,10.366666666666665,0.84,3.22,70.0,16.0517,0.0,1027.11
2023-10-02 23:00:00,9.57777777777778,9.57777777777778,0.92,3.1234,104.0,14.9569,0.0,1027.01
2023-10-03 00:00:00,8.77222222222222,8.77222222222222,0.89,2.9785000000000004,148.0,15.826300000000002,0.0,1026.81
2023-10-03 01:00:00,8.77222222222222,8.77222222222222,0.93,3.2039,159.0,15.826300000000002,0.0,1026.42
2023-10-03 02:00:00,8.1,8.1,0.93,3.2844,138.0,14.9569,0.0,1026.64
2023-10-03 03:00:00,7.172222222222221,7.172222222222221,0.96,0.0,0.0,11.9784,0.0,1026.5
2023-10-03 04:00:00,7.127777777777776,7.127777777777776,0.96,3.2039,99.0,8.05,0.0,1026.11
2023-10-03 05:00:00,7.377777777777778,6.405555555555556,0.96,6.2146,93.0,11.6081,0.0,1025.92
2023-10-03 06:00:00,7.061111111111112,5.611111111111112,1.0,7.8084999999999996,109.0,9.6761,0.0,1025.71
2023-10-03 07:00:00,8.58888888888889,7.433333333333334,0.93,7.6796999999999995,140.0,11.7047,0.0,1025.41
2023-10-03 08:00:00,11.683333333333334,11.683333333333334,0.83,12.5097,126.0,13.4435,0.0,1025.51
2023-10-03 09:00:00,14.777777777777779,14.777777777777779,0.73,15.375500000000002,130.0,15.729700000000001,0.0,1025.5
2023-10-03 10:00:00,17.083333333333332,17.083333333333332,0.67,15.3433,141.0,16.0517,0.0,1025.39
2023-10-03 11:00:00,18.68333333333333,18.68333333333333,0.6,12.397,150.0,15.1823,0.0,1025.11
2023-10-03 12:00:00,19.90555555555555,19.90555555555555,0.53,15.649200000000002,141.0,16.1,0.0,1024.51
2023-10-03 13:00:00,22.016666666666666,22.016666666666666,0.5,14.007,159.0,16.1,0.0,1023.92
2023-10-03 14:00:00,22.005555555555556,22.005555555555556,0.48,12.058900000000001,153.0,15.552600000000002,0.0,1023.44
2023-10-03 15:00:00,22.17222222222222,22.17222222222222,0.46,10.835300000000002,142.0,16.1,0.0,1023.0
2023-10-03 16:00:00,22.194444444444443,22.194444444444443,0.49,7.8729,153.0,16.1,0.0,1022.4
2023-10-03 17:00:00,22.12222222222222,22.12222222222222,0.48,7.2772,179.0,15.552600000000002,0.0,1022.1
2023-10-03 18:00:00,18.883333333333333,18.883333333333333,0.61,4.7495,180.0,16.1,0.0,1022.0
2023-10-03 19:00:00,16.08888888888889,16.08888888888889,0.72,1.6422,176.0,16.1,0.0,1022.19
2023-10-03 20:00:00,13.133333333333333,13.133333333333333,0.82,3.0429,143.0,15.1823,0.0,1022.36
2023-10-03 21:00:00,12.711111111111112,12.711111111111112,0.84,4.7012,129.0,16.0517,0.0,1022.41
2023-10-03 22:00:00,12.63888888888889,12.63888888888889,0.84,3.1556,128.0,15.826300000000002,0.0,1022.41
2023-10-03 23:00:00,11.833333333333332,11.833333333333332,0.86,3.6225,128.0,14.7959,0.0,1022.77
2023-10-04 00:00:00,11.644444444444446,11.644444444444446,0.9,6.327300000000001,141.0,14.7637,0.0,1022.41
2023-10-04 01:00:00,11.57777777777778,11.57777777777778,0.87,10.770900000000001,141.0,14.7637,0.0,1022.19
2023-10-04 02:00:00,10.783333333333331,10.783333333333331,0.93,3.6064000000000007,143.0,11.5759,0.0,1022.2
2023-10-04 03:00:00,10.488888888888889,10.488888888888889,0.93,6.279,130.0,9.853200000000001,0.0,1021.8
2023-10-04 04:00:00,10.466666666666669,10.466666666666669,0.9,11.0446,141.0,9.8049,0.0,1021.6
2023-10-04 05:00:00,10.716666666666665,10.716666666666665,0.93,3.1717,155.0,8.2593,0.0,1021.84
2023-10-04 06:00:00,10.027777777777777,10.027777777777777,0.93,9.3541,150.0,7.905100000000001,0.0,1021.89
2023-10-04 07:00:00,11.022222222222224,11.022222222222224,0.93,9.579500000000001,140.0,7.824600000000001,0.0,1021.98
2023-10-04 08:00:00,12.583333333333334,12.583333333333334,0.91,7.567000000000001,158.0,10.9158,0.0,1022.02
2023-10-04 09:00:00,14.983333333333333,14.983333333333333,0.84,9.2736,171.0,11.8979,0.0,1022.15
2023-10-04 10:00:00,18.916666666666668,18.916666666666668,0.68,9.434600000000001,181.0,15.729700000000001,0.0,1021.78
2023-10-04 11:00:00,22.083333333333332,22.083333333333332,0.59,9.080400000000001,202.0,15.520400000000002,0.0,1021.39
2023-10-04 12:00:00,23.81666666666667,23.81666666666667,0.5,9.579500000000001,228.0,9.982000000000001,0.0,1020.86
2023-10-04 13:00:00,24.90555555555555,24.90555555555555,0.45,15.778000000000002,229.0,16.1,0.0,1019.99
2023-10-04 14:00:00,25.827777777777776,25.827777777777776,0.39,15.439900000000002,232.0,15.552600000000002,0.0,1019.47
2023-10-04 15:00:00,25.92777777777778,25.92777777777778,0.4,17.243100000000002,239.0,16.1,0.0,1018.78
2023-10-04 16:00:00,24.86111111111111,24.86111111111111,0.4,15.520400000000002,230.0,16.1,0.0,1018.3
2023-10-04 17:00:00,22.75,22.75,0.48,8.3398,242.0,15.552600000000002,0.0,1018.15
2023-10-04 18:00:00,20.06666666666667,20.06666666666667,0.57,4.8944,230.0,16.1,0.0,1018.1
2023-10-04 19:00:00,17.805555555555557,17.805555555555557,0.65,3.3971,217.0,16.1,0.0,1018.38
2023-10-04 20:00:00,17.16111111111111,17.16111111111111,0.68,4.8139,172.0,15.1823,0.0,1018.51
2023-10-04 21:00:00,15.005555555555553,15.005555555555553,0.83,7.7440999999999995,170.0,16.1,0.0,1018.29
2023-10-04 22:00:00,14.466666666666665,14.466666666666665,0.83,6.1341,150.0,16.1,0.0,1018.48
2023-10-04 23:00:00,14.61111111111111,14.61111111111111,0.82,5.570600000000001,134.0,15.1823,0.0,1018.16
2023-10-05 00:00:00,15.050000000000002,15.050000000000002,0.81,10.368400000000001,143.0,15.826300000000002,0.0,1017.71
2023-10-05 01:00:00,15.511111111111113,15.511111111111113,0.8,10.835300000000002,288.0,14.9086,0.0,1017.79
2023-10-05 02:00:00,15.16111111111111,15.16111111111111,0.88,5.0071,308.0,14.9569,0.0,1017.51
2023-10-05 03:00:00,14.516666666666667,14.516666666666667,0.9,5.6028,61.0,15.6009,0.0,1016.65
2023-10-05 04:00:00,14.466666666666665,14.466666666666665,0.94,6.230700000000001,229.0,9.8049,0.0,1016.97
2023-10-05 05:00:00,14.544444444444444,14.544444444444444,0.96,5.3452,116.0,14.023100000000003,0.0,1016.86
2023-10-05 06:00:00,13.961111111111112,13.961111111111112,1.0,3.4293,209.0,5.9731000000000005,0.0,1016.7
2023-10-05 07:00:00,13.93888888888889,13.93888888888889,1.0,7.728,190.0,6.9391,0.0,1017.0
2023-10-05 08:00:00,14.922222222222224,14.922222222222224,0.93,8.9838,133.0,6.5044,0.0,1017.06
2023-10-05 09:00:00,14.955555555555557,14.955555555555557,0.93,7.824600000000001,180.0,9.9015,0.0,1017.19
2023-10-05 10:00:00,17.68888888888889,17.68888888888889,0.84,8.0017,191.0,9.982000000000001,0.0,1017.09
2023-10-05 11:00:00,19.766666666666666,19.766666666666666,0.68,2.6887,188.0,9.982000000000001,0.0,1016.68
2023-10-05 12:00:00,19.86111111111111,19.86111111111111,0.64,12.316500000000001,248.0,9.982000000000001,0.0,1016.12
2023-10-05 13:00:00,20.949999999999996,20.949999999999996,0.6,15.359399999999999,259.0,9.982000000000001,0.0,1015.51
2023-10-05 14:00:00,19.111111111111114,19.111111111111114,0.71,14.0714,190.0,10.3523,0.0,1014.99
2023-10-05 15:00:00,17.355555555555558,17.355555555555558,0.86,10.448900000000002,222.0,9.982000000000001,0.0,1014.62
2023-10-05 16:00:00,18.84444444444445,18.84444444444445,0.78,2.5760000000000005,156.0,9.982000000000001,0.0,1014.22
2023-10-05 17:00:00,17.366666666666664,17.366666666666664,0.85,6.3434,150.0,10.3523,0.0,1014.21
2023-10-05 18:00:00,17.22222222222222,17.22222222222222,0.81,7.9373000000000005,272.0,9.982000000000001,0.0,1013.95
2023-10-05 19:00:00,14.994444444444447,14.994444444444447,0.93,9.579500000000001,280.0,16.0517,0.0,1014.43
2023-10-05 20:00:00,14.083333333333334,14.083333333333334,0.93,8.2754,291.0,14.876400000000002,0.0,1014.6
2023-10-05 21:00:00,12.733333333333334,12.733333333333334,0.96,5.0876,328.0,14.7637,0.0,1014.55
2023-10-05 22:00:00,12.666666666666664,12.666666666666664,0.96,6.6493,291.0,9.8049,0.0,1014.85
2023-10-05 23:00:00,12.155555555555557,12.155555555555557,0.96,6.1502,294.0,6.1341,0.0,1014.8
2023-10-06 00:00:00,11.044444444444444,11.044444444444444,0.96,6.279,253.0,5.9731000000000005,0.0,1014.84
2023-10-06 01:00:00,10.56111111111111,10.56111111111111,1.0,6.1824,271.0,2.4633000000000003,0.0,1014.66
2023-10-06 02:00:00,10.666666666666668,10.666666666666668,0.96,6.1502,324.0,4.9910000000000005,0.0,1014.58
2023-10-06 03:00:00,10.494444444444445,10.494444444444445,0.96,6.3434,344.0,2.4633000000000003,0.0,1014.24
2023-10-06 04:00:00,10.5,10.5,0.96,6.1985,1.0,2.4633000000000003,0.0,1013.65
2023-10-06 05:00:00,10.861111111111109,10.861111111111109,1.0,3.3649,306.0,0.16100000000000003,0.0,1013.81
2023-10-06 06:00:00,11.005555555555556,11.005555555555556,0.94,0.0,0.0,0.0,0.0,1013.93
2023-10-06 07:00:00,11.005555555555556,11.005555555555556,1.0,2.9624,327.0,0.0,0.0,1014.01
2023-10-06 08:00:00,11.155555555555555,11.155555555555555,1.0,1.7388000000000001,351.0,0.1449,0.0,1013.88
2023-10-06 09:00:00,12.244444444444444,12.244444444444444,0.93,0.3703,70.0,0.16100000000000003,0.0,1014.11
2023-10-06 10:00:00,12.33888888888889,12.33888888888889,1.0,3.2039,131.0,0.3381,0.0,1014.28
2023-10-06 11:00:00,13.855555555555554,13.855555555555554,0.99,2.3023000000000002,68.0,3.5742000000000007,0.0,1014.17
2023-10-06 12:00:00,15.088888888888887,15.088888888888887,1.0,3.0751,350.0,6.1985,0.0,1014.0
2023-10-06 13:00:00,15.200000000000001,15.200000000000001,0.98,1.4812,205.0,8.1305,0.0,1013.69
2023-10-06 14:00:00,16.43333333333333,16.43333333333333,0.85,3.2039,60.0,8.420300000000001,0.0,1013.3
2023-10-06 15:00:00,16.333333333333332,16.333333333333332,0.86,9.080400000000001,43.0,9.982000000000001,0.0,1012.67
2023-10-06 16:00:00,15.294444444444444,15.294444444444444,0.91,7.695800000000001,73.0,9.9015,0.0,1012.28
2023-10-06 17:00:00,15.383333333333333,15.383333333333333,0.86,8.0983,112.0,9.9015,0.0,1011.93
2023-10-06 18:00:00,15.088888888888887,15.088888888888887,0.87,7.711900000000001,111.0,9.708300000000001,0.0,1012.08
2023-10-06 19:00:00,14.883333333333333,14.883333333333333,0.88,7.615300000000001,71.0,9.6761,0.0,1012.3
2023-10-06 20:00:00,14.683333333333334,14.683333333333334,0.86,7.2772,44.0,8.0983,0.0,1012.52
2023-10-06 21:00:00,13.77222222222222,13.77222222222222,0.91,8.935500000000001,51.0,7.776300000000001,0.0,1012.4
2023-10-06 22:00:00,12.727777777777776,12.727777777777776,0.93,3.22,71.0,9.579500000000001,0.0,1012.12
2023-10-06 23:00:00,11.27222222222222,11.27222222222222,0.93,2.9785000000000004,75.0,1.932,0.0,1012.47
2023-10-07 00:00:00,9.044444444444444,9.044444444444444,0.96,3.22,340.0,0.32200000000000006,0.0,1012.6
2023-10-07 01:00:00,9.072222222222221,9.072222222222221,0.96,0.0,0.0,0.16100000000000003,0.0,1012.03
2023-10-07 02:00:00,9.705555555555556,9.705555555555556,0.97,3.059,350.0,0.0483,0.0,1012.04
2023-10-07 03:00:00,10.044444444444444,10.044444444444444,0.96,3.22,350.0,0.16100000000000003,0.0,1011.63
2023-10-07 04:00:00,10.555555555555555,10.555555555555555,0.96,6.44,10.0,0.32200000000000006,0.0,1011.54
2023-10-07 05:00:00,9.561111111111112,8.966666666666667,0.99,6.0697,11.0,0.2898,0.0,1011.48
2023-10-07 06:00:00,10.116666666666667,10.116666666666667,0.93,4.6207,332.0,0.22540000000000004,0.0,1011.35
2023-10-07 07:00:00,10.116666666666667,10.116666666666667,1.0,7.792400000000001,1.0,0.2898,0.0,1011.42
2023-10-07 08:00:00,11.094444444444443,11.094444444444443,1.0,10.1913,20.0,3.3971,0.0,1011.49
2023-10-07 09:00:00,12.316666666666668,12.316666666666668,1.0,9.724400000000001,39.0,4.1216,0.0,1011.84
2023-10-07 10:00:00,13.93888888888889,13.93888888888889,0.99,8.211,51.0,5.216400000000001,0.0,1011.75
2023-10-07 11:00:00,15.077777777777776,15.077777777777776,0.87,7.969500000000001,43.0,7.8729,0.0,1011.73
2023-10-07 12:00:00,17.22222222222222,17.22222222222222,0.75,9.6439,32.0,9.982000000000001,0.0,1011.74
2023-10-07 13:00:00,18.81666666666667,18.81666666666667,0.73,9.450700000000001,21.0,9.982000000000001,0.0,1011.63
2023-10-07 14:00:00,18.850000000000005,18.850000000000005,0.7,9.853200000000001,15.0,10.3523,0.0,1011.57
2023-10-07 15:00:00,17.800000000000004,17.800000000000004,0.73,11.0768,40.0,9.982000000000001,0.0,1011.74
2023-10-07 16:00:00,18.81666666666667,18.81666666666667,0.73,12.4936,40.0,9.982000000000001,0.0,1011.46
2023-10-07 17:00:00,18.738888888888894,18.738888888888894,0.73,8.774500000000002,48.0,10.5455,0.0,1011.58
2023-10-07 18:00:00,17.127777777777776,17.127777777777776,0.81,4.6207,58.0,8.227100000000002,0.0,1011.85
2023-10-07 19:00:00,13.91111111111111,13.91111111111111,0.93,4.6851,8.0,7.969500000000001,0.0,1012.44
2023-10-07 20:00:00,14.794444444444444,14.794444444444444,0.89,8.162700000000001,30.0,8.1466,0.0,1012.83
2023-10-07 21:00:00,13.794444444444444,13.794444444444444,0.94,3.0751,37.0,5.9248,0.0,1013.04
2023-10-07 22:00:00,13.816666666666666,13.816666666666666,0.96,3.1717,27.0,4.8461,0.0,1013.34
2023-10-07 23:00:00,12.938888888888888,12.938888888888888,0.95,3.7513000000000005,37.0,5.7316,0.0,1013.73
2023-10-08 00:00:00,12.244444444444444,12.244444444444444,0.96,3.4293,7.0,3.2844,0.0,1013.94
2023-10-08 01:00:00,12.755555555555556,12.755555555555556,0.96,6.7942,51.0,2.9141000000000004,0.0,1014.04
2023-10-08 02:00:00,13.455555555555556,13.455555555555556,0.95,6.279,48.0,5.3452,0.0,1014.43
2023-10-08 03:00:00,14.233333333333333,14.233333333333333,0.9,5.8443000000000005,126.0,5.4418,0.0,1014.52
2023-10-08 04:00:00,14.766666666666664,14.766666666666664,0.9,14.023100000000003,139.0,7.212800000000001,0.0,1014.53
2023-10-08 05:00:00,14.81666666666667,14.81666666666667,0.85,15.987300000000001,158.0,9.982000000000001,0.0,1014.82
2023-10-08 06:00:00,14.788888888888888,14.788888888888888,0.74,14.844200000000003,170.0,15.778000000000002,0.0,1014.92
2023-10-08 07:00:00,13.766666666666667,13.766666666666667,0.79,14.023100000000003,160.0,9.8049,0.0,1015.31
2023-10-08 08:00:00,13.783333333333335,13.783333333333335,0.73,13.7333,162.0,10.1591,0.0,1015.75
2023-10-08 09:00:00,12.727777777777776,12.727777777777776,0.73,22.314600000000002,169.0,9.8049,0.0,1016.51
2023-10-08 10:00:00,12.777777777777779,12.777777777777779,0.73,11.8657,158.0,9.7566,0.0,1017.11
2023-10-08 11:00:00,13.777777777777777,13.777777777777777,0.68,16.3576,168.0,10.1591,0.0,1017.7
2023-10-08 12:00:00,14.833333333333334,14.833333333333334,0.64,20.8012,169.0,9.8049,0.0,1017.8
2023-10-08 13:00:00,14.927777777777777,14.927777777777777,0.63,22.282400000000003,169.0,9.853200000000001,0.0,1017.8
2023-10-08 14:00:00,13.983333333333334,13.983333333333334,0.66,19.8674,169.0,10.239600000000001,0.0,1017.91
2023-10-08 15:00:00,13.88888888888889,13.88888888888889,0.68,20.9139,159.0,9.9015,0.0,1018.18
2023-10-08 16:00:00,13.88888888888889,13.88888888888889,0.68,15.134000000000002,160.0,9.982000000000001,0.0,1017.91
2023-10-08 17:00:00,13.699999999999998,13.699999999999998,0.67,11.946200000000001,162.0,10.3523,0.0,1018.11
2023-10-08 18:00:00,12.755555555555556,12.755555555555556,0.73,11.9945,179.0,9.982000000000001,0.0,1018.5
2023-10-08 19:00:00,11.161111111111113,11.161111111111113,0.8,12.0106,180.0,9.982000000000001,0.0,1018.8
2023-10-08 20:00:00,11.149999999999999,11.149999999999999,0.81,5.313,175.0,9.982000000000001,0.0,1019.12
2023-10-08 21:00:00,11.138888888888888,11.138888888888888,0.8,7.7440999999999995,171.0,9.982000000000001,0.0,1019.3
2023-10-08 22:00:00,11.138888888888888,11.138888888888888,0.8,7.695800000000001,170.0,9.982000000000001,0.0,1019.61
2023-10-08 23:00:00,10.511111111111113,10.511111111111113,0.83,6.44,197.0,14.9569,0.0,1019.92
2023-10-09 00:00:00,10.027777777777777,10.027777777777777,0.84,6.1019000000000005,229.0,16.0517,0.0,1019.9
2023-10-09 01:00:00,9.494444444444447,9.494444444444447,0.86,3.22,240.0,16.1,0.0,1019.91
2023-10-09 02:00:00,9.47777777777778,9.47777777777778,0.87,3.1073,245.0,15.1823,0.0,1019.94
2023-10-09 03:00:00,9.444444444444445,9.444444444444445,0.87,3.22,240.0,15.826300000000002,0.0,1019.73
2023-10-09 04:00:00,9.422222222222224,9.422222222222224,0.87,3.1717,288.0,16.0517,0.0,1019.71
2023-10-09 05:00:00,9.427777777777777,9.427777777777777,0.87,2.5438,211.0,15.1823,0.0,1019.76
2023-10-09 06:00:00,9.933333333333334,9.933333333333334,0.87,3.1878,162.0,9.982000000000001,0.0,1019.79
2023-10-09 07:00:00,9.911111111111113,9.911111111111113,0.87,3.2039,191.0,9.982000000000001,0.0,1019.81
2023-10-09 08:00:00,9.894444444444446,8.594444444444443,0.87,9.579500000000001,192.0,9.982000000000001,0.0,1020.15
2023-10-09 09:00:00,10.050000000000002,10.050000000000002,0.86,10.8836,200.0,9.982000000000001,0.0,1020.89
2023-10-09 10:00:00,11.183333333333334,11.183333333333334,0.8,10.787,170.0,9.982000000000001,0.0,1020.79
2023-10-09 11:00:00,12.777777777777779,12.777777777777779,0.77,8.7262,180.0,10.3523,0.0,1020.98
2023-10-09 12:00:00,14.883333333333333,14.883333333333333,0.72,8.017800000000001,173.0,9.982000000000001,0.0,1020.78
2023-10-09 13:00:00,14.883333333333333,14.883333333333333,0.68,10.6904,161.0,9.982000000000001,0.0,1020.23
2023-10-09 14:00:00,15.961111111111109,15.961111111111109,0.62,8.694,193.0,10.3523,0.0,1020.16
2023-10-09 15:00:00,16.083333333333332,16.083333333333332,0.63,4.6851,161.0,9.982000000000001,0.0,1019.81
2023-10-09 16:00:00,16.06111111111111,16.06111111111111,0.63,9.080400000000001,149.0,9.982000000000001,0.0,1019.78
2023-10-09 17:00:00,15.005555555555553,15.005555555555553,0.71,9.032100000000002,120.0,10.3523,0.0,1019.67
2023-10-09 18:00:00,12.894444444444446,12.894444444444446,0.77,10.5294,131.0,15.826300000000002,0.0,1019.98
2023-10-09 19:00:00,12.755555555555556,12.755555555555556,0.83,7.8084999999999996,112.0,9.982000000000001,0.0,1020.48
2023-10-09 20:00:00,12.472222222222223,12.472222222222223,0.82,5.8443000000000005,97.0,14.9569,0.0,1020.16
2023-10-09 21:00:00,12.116666666666667,12.116666666666667,0.81,8.0017,131.0,9.982000000000001,0.0,1020.69
2023-10-09 22:00:00,10.516666666666667,10.516666666666667,0.89,11.0446,131.0,15.826300000000002,0.0,1020.61
2023-10-09 23:00:00,9.605555555555554,9.605555555555554,0.9,3.2683,120.0,14.9569,0.0,1020.61
2023-10-10 00:00:00,8.988888888888889,7.822222222222221,0.93,8.05,190.0,14.9086,0.0,1020.8
2023-10-10 01:00:00,10.538888888888888,10.538888888888888,0.93,6.2468,101.0,14.9086,0.0,1020.6
2023-10-10 02:00:00,10.516666666666667,10.516666666666667,0.93,2.0769,55.0,11.688600000000001,0.0,1020.59
2023-10-10 03:00:00,10.005555555555553,10.005555555555553,0.96,3.0751,320.0,14.812,0.0,1020.01
2023-10-10 04:00:00,10.555555555555555,10.555555555555555,0.93,0.0,0.0,14.812,0.0,1019.91
2023-10-10 05:00:00,11.61111111111111,11.61111111111111,0.91,6.4722,95.0,14.0875,0.0,1019.47
2023-10-10 06:00:00,12.105555555555554,12.105555555555554,0.86,9.5473,89.0,9.8049,0.0,1018.82
2023-10-10 07:00:00,12.105555555555554,12.105555555555554,0.86,4.8944,43.0,11.753,0.0,1018.72
2023-10-10 08:00:00,12.13888888888889,12.13888888888889,0.88,9.9015,53.0,9.209200000000001,0.0,1018.62
2023-10-10 09:00:00,12.177777777777779,12.177777777777779,0.86,11.270000000000001,60.0,11.7047,0.0,1018.73
2023-10-10 10:00:00,12.200000000000001,12.200000000000001,0.93,11.0446,41.0,9.8049,0.0,1018.42
2023-10-10 11:00:00,12.92222222222222,12.92222222222222,0.9,11.9623,45.0,9.66,0.0,1018.32
2023-10-10 12:00:00,13.794444444444444,13.794444444444444,0.83,11.0768,51.0,9.8049,0.0,1017.94
2023-10-10 13:00:00,14.883333333333333,14.883333333333333,0.79,14.007,51.0,9.853200000000001,0.0,1017.54
2023-10-10 14:00:00,14.849999999999998,14.849999999999998,0.79,13.250300000000001,52.0,10.239600000000001,0.0,1016.64
2023-10-10 15:00:00,13.88888888888889,13.88888888888889,0.89,11.2217,60.0,8.05,0.0,1015.94
2023-10-10 16:00:00,13.838888888888887,13.838888888888887,0.9,3.703,42.0,6.1985,0.0,1015.34
2023-10-10 17:00:00,13.694444444444445,13.694444444444445,0.93,5.0715,84.0,5.8604,0.0,1014.67
2023-10-10 18:00:00,12.755555555555556,12.755555555555556,0.99,3.4132000000000002,99.0,4.2021,0.0,1014.25
2023-10-10 19:00:00,12.705555555555556,12.705555555555556,1.0,3.8318,34.0,3.7513000000000005,0.0,1013.95
2023-10-10 20:00:00,13.555555555555555,13.555555555555555,0.91,12.863900000000001,41.0,5.6511,0.0,1013.49
2023-10-10 21:00:00,12.705555555555556,12.705555555555556,0.96,14.6349,50.0,5.0876,0.0,1013.06
2023-10-10 22:00:00,12.633333333333335,12.633333333333335,0.96,14.039200000000001,50.0,5.0876,0.0,1012.66
2023-10-10 23:00:00,12.644444444444442,12.644444444444442,0.94,13.894300000000003,51.0,4.0733,0.0,1012.28
2023-10-11 00:00:00,12.105555555555554,12.105555555555554,0.96,17.227,51.0,3.8318,0.0,1011.24
2023-10-11 01:00:00,12.105555555555554,12.105555555555554,0.96,17.1304,60.0,3.3649,0.0,1010.54
2023-10-11 02:00:00,11.594444444444443,11.594444444444443,0.96,17.2109,62.0,3.5420000000000007,0.0,1009.31
2023-10-11 03:00:00,11.500000000000002,11.500000000000002,0.96,20.4148,40.0,3.3649,0.0,1008.46
2023-10-11 04:00:00,10.944444444444446,10.944444444444446,0.96,17.1626,31.0,2.9141000000000004,0.0,1007.45
2023-10-11 05:00:00,10.68888888888889,10.68888888888889,0.99,19.819100000000002,42.0,2.3667000000000002,0.0,1006.61
2023-10-11 06:00:00,10.972222222222221,10.972222222222221,0.93,21.670600000000004,50.0,2.3023000000000002,0.0,1006.1
2023-10-11 07:00:00,10.899999999999999,10.899999999999999,0.93,20.1894,40.0,2.8175000000000003,0.0,1005.9
2023-10-11 08:00:00,11.038888888888888,11.038888888888888,0.93,20.7851,41.0,4.2182,0.0,1005.56
2023-10-11 09:00:00,10.950000000000001,10.950000000000001,0.93,15.939000000000002,41.0,4.2987,0.0,1005.89
2023-10-11 10:00:00,10.950000000000001,10.950000000000001,1.0,20.3021,41.0,3.3649,0.0,1005.88
2023-10-11 11:00:00,11.988888888888887,11.988888888888887,0.93,19.078500000000002,42.0,5.3935,0.0,1005.73
2023-10-11 12:00:00,11.988888888888887,11.988888888888887,1.0,16.0034,32.0,6.9391,0.0,1005.72
2023-10-11 13:00:00,11.93888888888889,11.93888888888889,1.0,14.586600000000002,41.0,6.8586,0.0,1005.71
2023-10-11 14:00:00,12.088888888888887,12.088888888888887,0.99,16.6957,41.0,3.9928000000000003,0.0,1005.3
2023-10-11 15:00:00,11.988888888888887,11.988888888888887,0.93,20.4953,31.0,4.0733,0.0,1005.12
2023-10-11 16:00:00,11.93888888888889,11.93888888888889,0.93,16.1966,31.0,3.2361,0.0,1004.95
2023-10-11 17:00:00,11.97777777777778,11.97777777777778,0.94,19.6098,21.0,5.1037,0.0,1005.24
2023-10-11 18:00:00,10.877777777777776,10.877777777777776,1.0,20.5275,20.0,4.9427,0.0,1005.86
2023-10-11 19:00:00,9.833333333333336,6.988888888888888,1.0,22.0892,2.0,7.084000000000001,0.0,1006.37
2023-10-11 20:00:00,9.949999999999998,7.200000000000001,0.94,21.413000000000004,11.0,5.8765,0.0,1006.7
2023-10-11 21:00:00,8.722222222222223,5.538888888888888,1.0,22.5239,11.0,6.1985,0.0,1007.26
2023-10-11 22:00:00,9.21111111111111,6.327777777777778,0.93,20.7046,11.0,6.1985,0.0,1007.97
2023-10-11 23:00:00,8.344444444444447,4.705555555555555,0.96,26.500600000000002,11.0,6.7781,0.0,1008.51
2023-10-12 00:00:00,7.083333333333333,3.050000000000001,1.0,26.758200000000002,1.0,6.1985,0.0,1008.97
2023-10-12 01:00:00,7.083333333333333,2.933333333333334,0.93,28.1589,0.0,6.1985,0.0,1009.38
2023-10-12 02:00:00,6.7444444444444445,3.3333333333333335,0.96,19.593700000000002,351.0,6.7781,0.0,1009.99
2023-10-12 03:00:00,6.111111111111111,1.988888888888888,0.96,24.6813,340.0,6.1985,0.0,1010.65
2023-10-12 04:00:00,5.599999999999999,1.8555555555555574,0.96,19.8996,340.0,6.1985,0.0,1010.94
2023-10-12 05:00:00,5.222222222222221,0.9999999999999984,0.96,23.232300000000002,341.0,6.7298,0.0,1011.46
2023-10-12 06:00:00,5.116666666666667,1.2222222222222239,1.0,20.0606,330.0,6.166300000000001,0.0,1012.11
2023-10-12 07:00:00,6.061111111111109,3.2222222222222205,0.94,14.039200000000001,310.0,8.0017,0.0,1013.09
2023-10-12 08:00:00,6.1388888888888875,3.4111111111111114,0.93,13.4435,311.0,8.3398,0.0,1013.97
2023-10-12 09:00:00,7.177777777777779,4.61111111111111,0.87,13.894300000000003,310.0,8.1305,0.0,1014.56
2023-10-12 10:00:00,7.200000000000001,4.638888888888889,0.93,13.894300000000003,300.0,8.1305,0.0,1015.34
2023-10-12 11:00:00,7.73888888888889,5.1944444444444455,0.89,14.6188,282.0,9.982000000000001,0.0,1016.42
2023-10-12 12:00:00,7.799999999999999,5.355555555555556,0.89,14.007,261.0,7.8729,0.0,1016.82
2023-10-12 13:00:00,8.905555555555557,6.91111111111111,0.82,12.606300000000001,252.0,7.905100000000001,0.0,1017.3
2023-10-12 14:00:00,9.005555555555556,7.172222222222221,0.82,11.688600000000001,255.0,8.3398,0.0,1017.46
2023-10-12 15:00:00,8.861111111111112,7.11111111111111,0.82,10.996300000000002,252.0,8.05,0.0,1017.7
2023-10-12 16:00:00,8.838888888888887,8.838888888888887,0.77,3.6386,276.0,9.982000000000001,0.0,1017.93
2023-10-12 17:00:00,9.005555555555556,9.005555555555556,0.76,4.7334000000000005,299.0,9.982000000000001,0.0,1018.44
2023-10-12 18:00:00,7.777777777777778,7.777777777777778,0.88,3.2683,324.0,8.1305,0.0,1018.9
2023-10-12 19:00:00,7.755555555555556,7.755555555555556,0.88,3.22,260.0,6.1985,0.0,1019.61
2023-10-12 20:00:00,7.727777777777776,7.727777777777776,0.87,2.737,253.0,7.550900000000001,0.0,1020.07
2023-10-12 21:00:00,7.550000000000002,7.550000000000002,0.84,3.1717,238.0,9.9015,0.0,1020.22
2023-10-12 22:00:00,7.9944444444444445,7.138888888888889,0.81,6.1502,230.0,9.853200000000001,0.0,1020.62
2023-10-12 23:00:00,7.538888888888888,6.83888888888889,0.84,5.425700000000001,222.0,9.837100000000001,0.0,1020.91
2023-10-13 00:00:00,7.466666666666665,6.500000000000002,0.8,6.262900000000001,219.0,11.801300000000001,0.0,1020.73
2023-10-13 01:00:00,6.93888888888889,5.877777777777776,0.84,6.279,240.0,11.801300000000001,0.0,1020.82
2023-10-13 02:00:00,5.5777777777777775,5.5777777777777775,0.87,3.22,252.0,11.1734,0.0,1021.33
2023-10-13 03:00:00,5.283333333333332,5.283333333333332,0.87,3.22,210.0,9.6761,0.0,1021.3
2023-10-13 04:00:00,5.283333333333332,5.283333333333332,0.87,3.22,260.0,9.5312,0.0,1021.01
2023-10-13 05:00:00,5.444444444444443,5.444444444444443,0.93,2.9302,99.0,9.2736,0.0,1020.68
2023-10-13 06:00:00,5.694444444444445,5.694444444444445,0.86,0.0,0.0,7.695800000000001,0.0,1021.02
2023-10-13 07:00:00,5.6722222222222225,5.6722222222222225,0.93,3.22,80.0,5.8443000000000005,0.0,1021.1
2023-10-13 08:00:00,7.288888888888888,6.7444444444444445,0.9,4.8461,86.0,6.1341,0.0,1020.93
2023-10-13 09:00:00,8.61111111111111,6.372222222222222,0.89,13.8299,130.0,5.9731000000000005,0.0,1020.84
2023-10-13 10:00:00,10.855555555555554,10.855555555555554,0.78,11.237800000000002,129.0,8.1305,0.0,1021.11
2023-10-13 11:00:00,11.97777777777778,11.97777777777778,0.67,13.507900000000001,133.0,9.982000000000001,0.0,1020.98
2023-10-13 12:00:00,12.17222222222222,12.17222222222222,0.66,17.114300000000004,131.0,9.982000000000001,0.0,1020.69
2023-10-13 13:00:00,12.194444444444446,12.194444444444446,0.72,16.6957,112.0,9.982000000000001,0.0,1020.49
2023-10-13 14:00:00,12.316666666666668,12.316666666666668,0.71,16.6635,114.0,9.982000000000001,0.0,1020.19
2023-10-13 15:00:00,12.17222222222222,12.17222222222222,0.74,16.9533,111.0,9.982000000000001,0.0,1019.89
2023-10-13 16:00:00,12.17222222222222,12.17222222222222,0.74,13.910400000000001,110.0,9.982000000000001,0.0,1019.7
2023-10-13 17:00:00,12.211111111111109,12.211111111111109,0.74,9.9176,104.0,9.982000000000001,0.0,1019.46
2023-10-13 18:00:00,11.133333333333333,11.133333333333333,0.8,9.305800000000001,81.0,9.982000000000001,0.0,1019.1
2023-10-13 19:00:00,11.06111111111111,11.06111111111111,0.8,14.2807,81.0,8.1305,0.0,1019.47
2023-10-13 20:00:00,11.161111111111113,11.161111111111113,0.81,13.0249,83.0,9.982000000000001,0.0,1019.42
2023-10-13 21:00:00,11.038888888888888,11.038888888888888,0.8,12.799500000000002,80.0,9.982000000000001,0.0,1019.3
2023-10-13 22:00:00,10.511111111111113,10.511111111111113,0.86,6.7620000000000005,82.0,8.1305,0.0,1019.58
2023-10-13 23:00:00,10.516666666666667,10.516666666666667,0.87,15.987300000000001,128.0,8.420300000000001,0.0,1019.49
2023-10-14 00:00:00,9.949999999999998,8.0,0.89,13.9426,128.0,8.1305,0.0,1018.9
2023-10-14 01:00:00,9.927777777777777,7.644444444444442,0.87,16.6796,139.0,8.372000000000002,0.0,1018.59
2023-10-14 02:00:00,9.988888888888887,8.094444444444443,0.87,13.5884,112.0,9.982000000000001,0.0,1018.41
2023-10-14 03:00:00,9.927777777777777,8.416666666666666,0.87,10.8836,109.0,9.982000000000001,0.0,1018.07
2023-10-14 04:00:00,9.927777777777777,8.383333333333335,0.84,11.0768,90.0,8.05,0.0,1017.37
2023-10-14 05:00:00,9.522222222222222,7.855555555555556,0.89,11.3183,102.0,9.1287,0.0,1016.9
2023-10-14 06:00:00,9.927777777777777,8.166666666666668,0.86,12.525800000000002,99.0,9.9015,0.0,1016.58
2023-10-14 07:00:00,9.927777777777777,7.944444444444443,0.86,14.168000000000003,100.0,9.9015,0.0,1016.27
2023-10-14 08:00:00,9.983333333333333,7.827777777777779,0.87,15.649200000000002,110.0,9.982000000000001,0.0,1016.41
2023-10-14 09:00:00,10.972222222222221,10.972222222222221,0.81,12.6868,110.0,9.982000000000001,0.0,1017.07
2023-10-14 10:00:00,11.116666666666665,11.116666666666665,0.8,23.506,119.0,10.0786,0.0,1016.74
2023-10-14 11:00:00,11.105555555555558,11.105555555555558,0.81,24.3915,139.0,10.1752,0.0,1016.2
2023-10-14 12:00:00,12.200000000000001,12.200000000000001,0.8,28.0623,130.0,9.982000000000001,0.0,1015.87
2023-10-14 13:00:00,12.711111111111112,12.711111111111112,0.78,32.4093,140.0,9.982000000000001,0.0,1015.66
2023-10-14 14:00:00,12.088888888888887,12.088888888888887,0.82,22.362900000000003,142.0,9.8049,0.0,1015.69
2023-10-14 15:00:00,11.161111111111113,11.161111111111113,0.93,20.1733,129.0,9.982000000000001,0.0,1015.45
2023-10-14 16:00:00,11.183333333333334,11.183333333333334,0.93,27.4988,129.0,9.064300000000001,0.0,1014.82
2023-10-14 17:00:00,12.122222222222222,12.122222222222222,0.87,14.2485,131.0,9.982000000000001,0.0,1015.06
2023-10-14 18:00:00,11.161111111111113,11.161111111111113,0.93,17.5651,110.0,7.212800000000001,0.0,1015.42
2023-10-14 19:00:00,11.138888888888888,11.138888888888888,0.93,9.6117,100.0,9.982000000000001,0.0,1015.62
2023-10-14 20:00:00,12.066666666666666,12.066666666666666,0.87,9.6117,111.0,9.9015,0.0,1016.02
2023-10-14 21:00:00,12.155555555555557,12.155555555555557,0.87,20.0123,119.0,9.9015,0.0,1016.43
2023-10-14 22:00:00,12.155555555555557,12.155555555555557,0.83,17.0821,119.0,14.812,0.0,1015.78
2023-10-14 23:00:00,11.616666666666665,11.616666666666665,0.87,14.2002,108.0,14.0875,0.0,1015.71
2023-10-15 00:00:00,11.600000000000001,11.600000000000001,0.87,14.6027,118.0,15.6009,0.0,1015.87
2023-10-15 01:00:00,11.644444444444446,11.644444444444446,0.83,17.243100000000002,110.0,15.826300000000002,0.0,1015.17
2023-10-15 02:00:00,11.600000000000001,11.600000000000001,0.84,13.2664,111.0,15.150100000000002,0.0,1015.49
2023-10-15 03:00:00,11.138888888888888,11.138888888888888,0.86,14.023100000000003,119.0,11.9784,0.0,1015.58
2023-10-15 04:00:00,11.138888888888888,11.138888888888888,0.86,14.2646,138.0,14.9086,0.0,1015.81
2023-10-15 05:00:00,11.216666666666665,11.216666666666665,0.89,13.7333,132.0,11.688600000000001,0.0,1015.34
2023-10-15 06:00:00,11.08888888888889,11.08888888888889,0.86,23.119600000000002,139.0,9.982000000000001,0.0,1014.96
2023-10-15 07:00:00,11.11111111111111,11.11111111111111,0.86,27.7564,139.0,7.212800000000001,0.0,1014.75
2023-10-15 08:00:00,12.03888888888889,12.03888888888889,0.82,20.7046,130.0,9.982000000000001,0.0,1014.6
2023-10-15 09:00:00,12.177777777777779,12.177777777777779,0.8,25.051600000000004,130.0,9.982000000000001,0.0,1015.54
2023-10-15 10:00:00,12.733333333333334,12.733333333333334,0.84,23.3289,139.0,9.982000000000001,0.0,1015.46
2023-10-15 11:00:00,14.75,14.75,0.79,27.241200000000003,150.0,10.3523,0.0,1015.54
2023-10-15 12:00:00,16.944444444444443,16.944444444444443,0.73,24.9711,139.0,9.982000000000001,0.0,1015.08
2023-10-15 13:00:00,16.06666666666667,16.06666666666667,0.72,33.6973,140.0,9.982000000000001,0.0,1014.68
2023-10-15 14:00:00,16.12777777777778,16.12777777777778,0.72,34.872600000000006,142.0,10.577700000000002,0.0,1014.75
2023-10-15 15:00:00,16.016666666666666,16.016666666666666,0.73,27.5954,150.0,9.9015,0.0,1015.25
2023-10-15 16:00:00,15.0,15.0,0.79,27.5954,140.0,9.9015,0.0,1015.33
2023-10-15 17:00:00,14.972222222222221,14.972222222222221,0.74,26.4201,142.0,10.2718,0.0,1015.1
2023-10-15 18:00:00,13.91111111111111,13.91111111111111,0.78,30.9442,140.0,9.9015,0.0,1014.83
2023-10-15 19:00:00,12.850000000000001,12.850000000000001,0.9,27.643700000000006,140.0,9.9015,0.0,1014.84
2023-10-15 20:00:00,12.916666666666666,12.916666666666666,0.9,26.404,143.0,9.982000000000001,0.0,1014.88
2023-10-15 21:00:00,12.755555555555556,12.755555555555556,0.9,24.8423,140.0,8.05,0.0,1015.51
2023-10-15 22:00:00,12.222222222222221,12.222222222222221,0.9,25.180400000000002,140.0,6.1985,0.0,1015.81
2023-10-15 23:00:00,12.744444444444444,12.744444444444444,0.91,25.438000000000002,142.0,5.313,0.0,1015.78
2023-10-16 00:00:00,12.244444444444444,12.244444444444444,0.93,27.7725,140.0,8.1305,0.0,1015.84
2023-10-16 01:00:00,12.266666666666666,12.266666666666666,0.93,27.4505,150.0,11.9784,0.0,1015.51
2023-10-16 02:00:00,12.344444444444443,12.344444444444443,0.9,24.1661,152.0,14.168000000000003,0.0,1015.9
2023-10-16 03:00:00,12.222222222222221,12.222222222222221,0.9,19.931800000000003,140.0,14.9086,0.0,1015.9
2023-10-16 04:00:00,12.200000000000001,12.200000000000001,0.86,19.9479,150.0,14.9086,0.0,1016.08
2023-10-16 05:00:00,12.161111111111111,12.161111111111111,0.87,19.014100000000003,159.0,15.1823,0.0,1016.29
2023-10-16 06:00:00,12.200000000000001,12.200000000000001,0.86,12.6868,149.0,10.2074,0.0,1016.37
2023-10-16 07:00:00,12.200000000000001,12.200000000000001,0.81,8.3076,157.0,9.982000000000001,0.0,1016.66
2023-10-16 08:00:00,12.588888888888887,12.588888888888887,0.85,11.237800000000002,148.0,9.7888,0.0,1016.75
2023-10-16 09:00:00,13.75,13.75,0.78,20.3987,149.0,9.7566,0.0,1017.32
2023-10-16 10:00:00,14.883333333333333,14.883333333333333,0.79,23.570400000000003,140.0,9.982000000000001,0.0,1017.35
2023-10-16 11:00:00,15.005555555555553,15.005555555555553,0.74,31.829700000000003,149.0,10.3523,0.0,1016.84
2023-10-16 12:00:00,15.094444444444447,15.094444444444447,0.78,26.7743,140.0,9.982000000000001,0.0,1017.05
2023-10-16 13:00:00,16.16111111111111,16.16111111111111,0.72,34.1642,150.0,9.982000000000001,0.0,1016.56
2023-10-16 14:00:00,16.049999999999997,16.049999999999997,0.73,28.7224,151.0,10.3523,0.0,1016.4
2023-10-16 15:00:00,15.072222222222223,15.072222222222223,0.78,24.8262,150.0,9.982000000000001,0.0,1016.27
2023-10-16 16:00:00,13.93888888888889,13.93888888888889,0.83,21.5257,149.0,9.982000000000001,0.0,1017.03
2023-10-16 17:00:00,13.805555555555555,13.805555555555555,0.79,25.4219,150.0,10.1591,0.0,1017.16
2023-10-16 18:00:00,12.266666666666666,12.266666666666666,0.87,27.531000000000002,150.0,9.8049,0.0,1017.24
2023-10-16 19:00:00,12.222222222222221,12.222222222222221,0.87,25.985400000000002,150.0,9.7566,0.0,1017.0
2023-10-16 20:00:00,12.122222222222222,12.122222222222222,0.88,23.1035,151.0,9.5151,0.0,1017.51
2023-10-16 21:00:00,12.200000000000001,12.200000000000001,0.87,24.150000000000002,151.0,9.7566,0.0,1017.8
2023-10-16 22:00:00,11.644444444444446,11.644444444444446,0.91,19.7708,150.0,9.6117,0.0,1018.02
2023-10-16 23:00:00,11.211111111111112,11.211111111111112,0.93,15.7458,161.0,5.6672,0.0,1018.14
2023-10-17 00:00:00,11.133333333333333,11.133333333333333,0.93,19.803,160.0,4.524100000000001,0.0,1018.19
2023-10-17 01:00:00,11.11111111111111,11.11111111111111,0.96,17.549000000000003,170.0,3.703,0.0,1018.26
2023-10-17 02:00:00,11.18888888888889,11.18888888888889,0.96,16.5347,169.0,3.864,0.0,1018.47
2023-10-17 03:00:00,11.11111111111111,11.11111111111111,0.96,14.3451,160.0,4.6690000000000005,0.0,1018.37
2023-10-17 04:00:00,11.133333333333333,11.133333333333333,0.96,14.329,160.0,2.0769,0.0,1018.17
2023-10-17 05:00:00,11.211111111111112,11.211111111111112,0.96,12.799500000000002,151.0,2.7853000000000003,0.0,1017.92
2023-10-17 06:00:00,11.133333333333333,11.133333333333333,1.0,11.0768,141.0,4.7978000000000005,0.0,1017.61
2023-10-17 07:00:00,12.149999999999999,12.149999999999999,0.94,11.0768,141.0,7.711900000000001,0.0,1017.7
2023-10-17 08:00:00,12.111111111111109,12.111111111111109,0.94,9.6922,151.0,9.080400000000001,0.0,1017.78
2023-10-17 09:00:00,12.17222222222222,12.17222222222222,0.93,9.5473,181.0,9.5473,0.0,1018.11
2023-10-17 10:00:00,12.755555555555556,12.755555555555556,0.96,9.579500000000001,180.0,9.595600000000001,0.0,1018.49
2023-10-17 11:00:00,12.805555555555554,12.805555555555554,0.96,7.2611,159.0,9.3541,0.0,1018.43
2023-10-17 12:00:00,12.799999999999999,12.799999999999999,0.96,10.0786,160.0,9.7566,0.0,1018.33
2023-10-17 13:00:00,12.850000000000001,12.850000000000001,0.96,9.321900000000001,221.0,4.1216,0.0,1018.71
2023-10-17 14:00:00,14.027777777777779,14.027777777777779,0.93,2.0769,211.0,8.162700000000001,0.0,1018.32
2023-10-17 15:00:00,13.866666666666667,13.866666666666667,0.93,7.8084999999999996,241.0,6.1985,0.0,1018.32
2023-10-17 16:00:00,14.927777777777777,14.927777777777777,0.87,0.1449,170.0,9.8049,0.0,1018.14
2023-10-17 17:00:00,14.055555555555554,14.055555555555554,0.9,3.5098000000000003,252.0,7.3094,0.0,1018.47
2023-10-17 18:00:00,12.755555555555556,12.755555555555556,0.96,0.1449,220.0,0.7889,0.0,1019.01
2023-10-17 19:00:00,11.138888888888888,11.138888888888888,0.93,3.3649,238.0,0.43470000000000003,0.0,1019.42
2023-10-17 20:00:00,10.038888888888888,10.038888888888888,0.99,4.6368,202.0,0.5796,0.0,1019.74
2023-10-17 21:00:00,8.894444444444442,8.894444444444442,0.93,4.83,180.0,0.2898,0.0,1019.92
2023-10-17 22:00:00,8.338888888888887,8.338888888888887,0.96,3.1073,183.0,0.22540000000000004,0.0,1020.11
2023-10-17 23:00:00,7.8999999999999995,7.083333333333333,0.96,5.957000000000001,180.0,0.1932,0.0,1020.4
2023-10-18 00:00:00,7.688888888888891,6.816666666666668,1.0,6.0375000000000005,161.0,0.16100000000000003,0.0,1020.4
2023-10-18 01:00:00,7.76111111111111,7.76111111111111,0.96,3.2039,241.0,0.16100000000000003,0.0,1020.3
2023-10-18 02:00:00,7.444444444444445,7.444444444444445,0.97,2.737,153.0,0.27370000000000005,0.0,1020.57
2023-10-18 03:00:00,7.266666666666666,7.266666666666666,1.0,3.22,150.0,0.16100000000000003,0.0,1020.21
2023-10-18 04:00:00,7.755555555555556,7.755555555555556,0.96,3.22,200.0,0.16100000000000003,0.0,1020.12
2023-10-18 05:00:00,8.338888888888887,8.338888888888887,0.96,0.16100000000000003,342.0,0.2093,0.0,1019.86
2023-10-18 06:00:00,8.744444444444447,8.744444444444447,0.93,4.6690000000000005,68.0,0.0,0.0,1019.92
2023-10-18 07:00:00,8.816666666666666,8.816666666666666,1.0,4.6851,92.0,0.0644,0.0,1019.61
2023-10-18 08:00:00,9.761111111111111,9.761111111111111,1.0,1.7066000000000001,0.0,0.4508000000000001,0.0,1019.65
2023-10-18 09:00:00,9.927777777777777,9.927777777777777,1.0,1.3846,13.0,0.9016000000000002,0.0,1019.91
2023-10-18 10:00:00,10.994444444444444,10.994444444444444,1.0,4.7012,140.0,0.9016000000000002,0.0,1019.93
2023-10-18 11:00:00,12.211111111111109,12.211111111111109,0.99,7.3255,150.0,4.4436,0.0,1019.98
2023-10-18 12:00:00,12.755555555555556,12.755555555555556,0.96,7.776300000000001,160.0,4.6690000000000005,0.0,1019.81
2023-10-18 13:00:00,12.777777777777779,12.777777777777779,1.0,7.647500000000001,170.0,4.7495,0.0,1019.23
2023-10-18 14:00:00,13.072222222222223,13.072222222222223,0.98,3.7191000000000005,200.0,4.7334000000000005,0.0,1018.98
2023-10-18 15:00:00,13.91111111111111,13.91111111111111,0.9,2.5599000000000003,335.0,8.1305,0.0,1018.4
2023-10-18 16:00:00,13.91111111111111,13.91111111111111,0.9,4.6207,45.0,6.295100000000001,0.0,1018.19
2023-10-18 17:00:00,14.011111111111111,14.011111111111111,0.9,4.379200000000001,70.0,6.3112,0.0,1017.72
2023-10-18 18:00:00,12.799999999999999,12.799999999999999,0.96,1.8676,104.0,4.6690000000000005,0.0,1017.32
2023-10-18 19:00:00,12.222222222222221,12.222222222222221,0.93,3.1878,52.0,4.588500000000001,0.0,1017.41
2023-10-18 20:00:00,12.261111111111111,12.261111111111111,0.94,2.0125,38.0,3.6386,0.0,1017.53
2023-10-18 21:00:00,12.17222222222222,12.17222222222222,1.0,4.1699,329.0,2.6404,0.0,1017.82
2023-10-18 22:00:00,12.17222222222222,12.17222222222222,0.96,6.230700000000001,21.0,3.0107000000000004,0.0,1017.73
2023-10-18 23:00:00,11.761111111111113,11.761111111111113,0.99,2.9785000000000004,358.0,2.0286,0.0,1018.06
2023-10-19 00:00:00,12.149999999999999,12.149999999999999,0.96,3.4132000000000002,92.0,2.9624,0.0,1017.41
2023-10-19 01:00:00,12.127777777777776,12.127777777777776,1.0,7.824600000000001,80.0,2.9624,0.0,1017.11
2023-10-19 02:00:00,12.205555555555556,12.205555555555556,0.96,8.3237,119.0,3.9928000000000003,0.0,1016.56
2023-10-19 03:00:00,11.57777777777778,11.57777777777778,0.96,6.166300000000001,137.0,4.347,0.0,1016.33
2023-10-19 04:00:00,11.57777777777778,11.57777777777778,0.93,11.0446,119.0,4.7978000000000005,0.0,1015.94
2023-10-19 05:00:00,11.605555555555556,11.605555555555556,0.96,2.7531000000000003,357.0,5.0232,0.0,1015.75
2023-10-19 06:00:00,11.044444444444444,11.044444444444444,1.0,4.9266000000000005,22.0,4.7656,0.0,1015.75
2023-10-19 07:00:00,11.066666666666668,11.066666666666668,1.0,9.66,32.0,1.8515,0.0,1015.82
2023-10-19 08:00:00,12.027777777777779,12.027777777777779,0.94,7.631400000000001,26.0,4.4436,0.0,1015.67
2023-10-19 09:00:00,12.105555555555554,12.105555555555554,0.93,5.1359,25.0,4.7978000000000005,0.0,1015.85
2023-10-19 10:00:00,12.200000000000001,12.200000000000001,1.0,8.3398,71.0,9.595600000000001,0.0,1015.64
2023-10-19 11:00:00,12.655555555555557,12.655555555555557,0.96,8.017800000000001,62.0,8.919400000000001,0.0,1015.61
2023-10-19 12:00:00,12.777777777777779,12.777777777777779,0.9,11.414900000000001,60.0,9.6922,0.0,1014.92
2023-10-19 13:00:00,12.777777777777779,12.777777777777779,0.9,12.799500000000002,98.0,9.8049,0.0,1014.71
2023-10-19 14:00:00,12.705555555555556,12.705555555555556,0.91,8.5813,90.0,9.177000000000001,0.0,1014.13
2023-10-19 15:00:00,12.733333333333334,12.733333333333334,0.9,11.2056,69.0,9.6117,0.0,1013.36
2023-10-19 16:00:00,12.733333333333334,12.733333333333334,0.96,8.3076,68.0,9.595600000000001,0.0,1012.77
2023-10-19 17:00:00,12.600000000000001,12.600000000000001,0.91,5.425700000000001,56.0,9.1126,0.0,1012.82
2023-10-19 18:00:00,12.149999999999999,12.149999999999999,0.93,9.837100000000001,69.0,3.9284000000000003,0.0,1012.63
2023-10-19 19:00:00,12.127777777777776,12.127777777777776,0.93,9.66,78.0,3.9284000000000003,0.0,1012.52
2023-10-19 20:00:00,12.161111111111111,12.161111111111111,0.94,7.0357,89.0,3.3649,0.0,1012.37
2023-10-19 21:00:00,12.149999999999999,12.149999999999999,0.93,4.8139,104.0,3.4615,0.0,1012.13
2023-10-19 22:00:00,11.644444444444446,11.644444444444446,1.0,3.0268,120.0,3.4615,0.0,1011.84
2023-10-19 23:00:00,12.161111111111111,12.161111111111111,0.96,5.1037,150.0,3.3488,0.0,1011.87
2023-10-20 00:00:00,12.083333333333334,12.083333333333334,0.96,10.1913,168.0,3.0107000000000004,0.0,1011.61
2023-10-20 01:00:00,12.105555555555554,12.105555555555554,0.96,10.1913,168.0,2.0286,0.0,1011.12
2023-10-20 02:00:00,11.905555555555557,11.905555555555557,0.99,15.0857,192.0,2.3184,0.0,1010.98
2023-10-20 03:00:00,10.0,7.11111111111111,0.96,23.087400000000002,211.0,2.0286,0.0,1011.03
2023-10-20 04:00:00,9.466666666666665,7.183333333333334,0.93,15.713600000000001,201.0,2.0286,0.0,1010.84
2023-10-20 05:00:00,9.566666666666666,7.783333333333331,0.96,12.1716,230.0,3.22,0.0,1010.81
2023-10-20 06:00:00,9.905555555555555,7.744444444444444,1.0,15.568700000000002,271.0,2.5921000000000003,0.0,1010.69
2023-10-20 07:00:00,9.905555555555555,7.272222222222224,0.93,19.9962,271.0,7.8729,0.0,1011.17
2023-10-20 08:00:00,9.83888888888889,7.255555555555556,0.93,19.303900000000002,255.0,9.321900000000001,0.0,1011.78
2023-10-20 09:00:00,9.883333333333333,7.255555555555556,0.86,19.931800000000003,261.0,9.6439,0.0,1012.53
2023-10-20 10:00:00,9.905555555555555,7.138888888888889,0.86,21.4613,261.0,9.6761,0.0,1012.84
2023-10-20 11:00:00,9.927777777777777,7.272222222222224,0.93,20.3021,265.0,9.8049,0.0,1013.49
2023-10-20 12:00:00,11.016666666666666,11.016666666666666,0.81,19.9479,263.0,9.982000000000001,0.0,1013.73
2023-10-20 13:00:00,10.994444444444444,10.994444444444444,0.81,19.674200000000003,253.0,9.982000000000001,0.0,1013.94
2023-10-20 14:00:00,10.027777777777777,10.027777777777777,0.86,19.3522,274.0,9.8049,0.0,1014.17
2023-10-20 15:00:00,9.955555555555556,7.655555555555556,0.86,16.8728,262.0,9.982000000000001,0.0,1014.24
2023-10-20 16:00:00,9.955555555555556,8.011111111111113,0.86,13.894300000000003,253.0,8.1305,0.0,1014.94
2023-10-20 17:00:00,9.849999999999998,7.805555555555554,0.87,14.5061,265.0,7.8729,0.0,1015.54
2023-10-20 18:00:00,9.955555555555556,7.827777777777779,0.86,15.375500000000002,280.0,5.216400000000001,0.0,1015.86
2023-10-20 19:00:00,8.816666666666666,6.211111111111111,0.89,17.1304,290.0,8.1305,0.0,1016.55
2023-10-20 20:00:00,8.838888888888887,6.127777777777778,0.83,18.064200000000003,299.0,7.1001,0.0,1017.06
2023-10-20 21:00:00,7.616666666666668,4.944444444444444,0.77,15.359399999999999,300.0,8.1305,0.0,1017.46
2023-10-20 22:00:00,7.127777777777776,4.466666666666666,0.83,14.457800000000002,291.0,8.1305,0.0,1018.15
2023-10-20 23:00:00,5.677777777777777,3.416666666666666,0.86,10.3362,264.0,8.420300000000001,0.0,1018.48
2023-10-21 00:00:00,4.911111111111113,2.305555555555555,0.89,11.270000000000001,290.0,8.0017,0.0,1018.54
2023-10-21 01:00:00,4.400000000000001,1.7277777777777774,0.89,11.0929,260.0,8.0017,0.0,1018.63
2023-10-21 02:00:00,4.055555555555554,2.438888888888889,0.92,6.6332,255.0,8.3398,0.0,1018.68
2023-10-21 03:00:00,3.3388888888888877,0.3833333333333321,0.92,11.398800000000001,261.0,7.969500000000001,0.0,1018.81
2023-10-21 04:00:00,2.3444444444444437,2.3444444444444437,0.96,3.6064000000000007,247.0,7.969500000000001,0.0,1018.53
2023-10-21 05:00:00,3.011111111111112,0.22222222222222143,0.96,10.3362,254.0,6.3434,0.0,1018.67
2023-10-21 06:00:00,3.8055555555555562,1.2944444444444434,0.92,9.7888,252.0,6.0697,0.0,1018.42
2023-10-21 07:00:00,3.7333333333333325,1.1999999999999982,0.92,9.837100000000001,261.0,4.9427,0.0,1018.24
2023-10-21 08:00:00,4.716666666666668,2.7999999999999994,0.93,8.0822,274.0,5.5384,0.0,1018.7
2023-10-21 09:00:00,7.11111111111111,4.488888888888888,0.86,14.168000000000003,281.0,7.905100000000001,0.0,1018.64
2023-10-21 10:00:00,7.805555555555554,5.350000000000001,0.89,14.0875,272.0,8.0017,0.0,1019.01
2023-10-21 11:00:00,9.044444444444444,6.6166666666666645,0.82,16.0517,283.0,9.982000000000001,0.0,1019.09
2023-10-21 12:00:00,10.072222222222223,10.072222222222223,0.77,21.413000000000004,290.0,9.982000000000001,0.0,1018.9
2023-10-21 13:00:00,10.094444444444445,10.094444444444445,0.71,11.1734,291.0,9.982000000000001,0.0,1018.61
2023-10-21 14:00:00,11.122222222222225,11.122222222222225,0.7,11.930100000000001,295.0,9.982000000000001,0.0,1018.22
2023-10-21 15:00:00,11.183333333333334,11.183333333333334,0.71,17.1304,290.0,9.982000000000001,0.0,1017.62
2023-10-21 16:00:00,11.161111111111113,11.161111111111113,0.71,17.0821,301.0,9.982000000000001,0.0,1017.13
2023-10-21 17:00:00,10.116666666666667,10.116666666666667,0.81,7.3899,285.0,9.982000000000001,0.0,1017.39
2023-10-21 18:00:00,8.861111111111112,8.861111111111112,0.89,4.2987,262.0,9.982000000000001,0.0,1017.62
2023-10-21 19:00:00,8.722222222222223,8.377777777777776,0.89,4.83,220.0,9.7566,0.0,1017.75
2023-10-21 20:00:00,7.433333333333334,7.433333333333334,0.93,4.2343,229.0,9.7888,0.0,1018.08
2023-10-21 21:00:00,6.083333333333335,6.083333333333335,0.93,4.83,290.0,9.708300000000001,0.0,1018.35
2023-10-21 22:00:00,5.505555555555554,5.505555555555554,0.96,3.22,310.0,7.7440999999999995,0.0,1018.45
2023-10-21 23:00:00,4.877777777777778,4.005555555555556,0.99,4.8783,311.0,2.1574000000000004,0.0,1018.52
2023-10-22 00:00:00,3.9055555555555563,2.422222222222222,0.96,6.166300000000001,329.0,0.7728,0.0,1018.15
2023-10-22 01:00:00,3.788888888888889,2.2000000000000006,0.96,6.44,20.0,1.3846,0.0,1017.46
2023-10-22 02:00:00,3.3611111111111094,3.3611111111111094,1.0,2.8497000000000003,56.0,1.3202,0.0,1017.44
2023-10-22 03:00:00,1.0833333333333348,1.0833333333333348,0.96,3.1878,338.0,0.32200000000000006,0.0,1017.23
2023-10-22 04:00:00,1.1055555555555567,1.1055555555555567,0.96,3.22,20.0,0.32200000000000006,0.0,1016.94
2023-10-22 05:00:00,1.9222222222222227,0.30555555555555397,0.97,5.7155000000000005,328.0,0.6440000000000001,0.0,1016.9
2023-10-22 06:00:00,2.255555555555557,0.09999999999999984,1.0,7.4543,321.0,0.32200000000000006,0.0,1016.74
2023-10-22 07:00:00,2.233333333333335,2.233333333333335,0.92,3.2039,9.0,0.0,0.0,1016.83
2023-10-22 08:00:00,2.2111111111111095,0.11111111111111269,1.0,7.228900000000001,17.0,0.1771,0.0,1016.73
2023-10-22 09:00:00,2.866666666666665,-0.03888888888888905,1.0,10.706500000000002,10.0,0.16100000000000003,0.0,1017.13
2023-10-22 10:00:00,4.027777777777778,2.061111111111112,1.0,7.792400000000001,21.0,0.16100000000000003,0.0,1017.16
2023-10-22 11:00:00,6.516666666666665,4.644444444444444,0.92,9.2414,5.0,0.8855000000000002,0.0,1017.04
2023-10-22 12:00:00,7.244444444444444,5.1944444444444455,1.0,10.851400000000002,20.0,5.9731000000000005,0.0,1016.66
2023-10-22 13:00:00,9.927777777777777,7.955555555555555,0.92,14.0875,1.0,9.853200000000001,0.0,1016.15
2023-10-22 14:00:00,11.122222222222225,11.122222222222225,0.75,13.8138,27.0,9.9015,0.0,1015.58
2023-10-22 15:00:00,11.06111111111111,11.06111111111111,0.77,17.0821,0.0,9.9015,0.0,1015.08
2023-10-22 16:00:00,10.994444444444444,10.994444444444444,0.72,15.488199999999999,0.0,11.8979,0.0,1015.16
2023-10-22 17:00:00,9.149999999999999,7.033333333333331,0.81,13.846,354.0,11.3183,0.0,1015.03
2023-10-22 18:00:00,7.216666666666669,5.438888888888888,0.86,9.434600000000001,350.0,4.83,0.0,1015.46
2023-10-22 19:00:00,6.105555555555557,4.216666666666669,0.87,8.9838,340.0,3.8801000000000005,0.0,1016.16
2023-10-22 20:00:00,6.072222222222222,3.4611111111111095,0.93,12.6385,349.0,3.8479000000000005,0.0,1016.35
2023-10-22 21:00:00,4.922222222222222,1.6166666666666647,0.94,15.3433,340.0,3.3971,0.0,1016.49
2023-10-22 22:00:00,4.922222222222222,1.849999999999999,0.94,13.894300000000003,340.0,3.4293,0.0,1016.88
2023-10-22 23:00:00,4.094444444444443,2.5166666666666675,0.96,6.552700000000001,349.0,3.3488,0.0,1017.36
2023-10-23 00:00:00,3.8833333333333346,1.2055555555555566,0.96,10.6099,349.0,3.4454000000000002,0.0,1017.66
2023-10-23 01:00:00,3.7944444444444434,1.0166666666666657,1.0,10.996300000000002,339.0,0.8372,0.0,1017.96
2023-10-23 02:00:00,3.888888888888889,2.2499999999999982,0.96,6.6332,341.0,0.9982000000000001,0.0,1018.13
2023-10-23 03:00:00,3.1944444444444446,1.5722222222222213,1.0,6.262900000000001,339.0,0.6601,0.0,1018.38
2023-10-23 04:00:00,2.588888888888887,0.8833333333333352,0.96,6.2468,349.0,0.6440000000000001,0.0,1018.57
2023-10-23 05:00:00,1.8166666666666684,1.8166666666666684,1.0,3.5420000000000007,327.0,0.7406,0.0,1018.83
2023-10-23 06:00:00,2.016666666666668,-0.7222222222222227,0.92,9.338000000000001,319.0,0.4025,0.0,1019.26
2023-10-23 07:00:00,-0.022222222222221748,-0.022222222222221748,1.0,3.22,300.0,0.27370000000000005,0.0,1020.03
2023-10-23 08:00:00,2.5722222222222237,2.5722222222222237,1.0,2.0286,271.0,1.0626000000000002,0.0,1020.56
2023-10-23 09:00:00,5.955555555555555,5.955555555555555,0.93,1.8837,286.0,2.1574000000000004,0.0,1021.03
2023-10-23 10:00:00,7.783333333333331,6.388888888888889,0.99,8.1305,298.0,6.2468,0.0,1021.24
2023-10-23 11:00:00,10.944444444444446,10.944444444444446,0.78,10.0303,301.0,7.0518,0.0,1021.54
2023-10-23 12:00:00,12.66111111111111,12.66111111111111,0.65,9.595600000000001,300.0,14.9086,0.0,1021.45
2023-10-23 13:00:00,13.77222222222222,13.77222222222222,0.6,10.9158,263.0,15.826300000000002,0.0,1020.85
2023-10-23 14:00:00,13.738888888888887,13.738888888888887,0.66,11.6242,288.0,15.3111,0.0,1020.52
2023-10-23 15:00:00,12.733333333333334,12.733333333333334,0.73,16.711800000000004,300.0,14.9086,0.0,1020.35
2023-10-23 16:00:00,12.711111111111112,12.711111111111112,0.72,10.787,310.0,9.982000000000001,0.0,1020.63
2023-10-23 17:00:00,12.205555555555556,12.205555555555556,0.74,9.853200000000001,302.0,9.563400000000001,0.0,1020.83
2023-10-23 18:00:00,11.016666666666666,11.016666666666666,0.81,10.8836,310.0,5.1359,0.0,1021.52
2023-10-23 19:00:00,7.794444444444445,7.794444444444445,0.96,3.0751,290.0,6.021400000000001,0.0,1022.03
2023-10-23 20:00:00,7.98888888888889,7.98888888888889,0.96,1.9642000000000002,288.0,6.5849,0.0,1022.62
2023-10-23 21:00:00,7.522222222222221,7.011111111111109,0.96,4.8461,263.0,5.9731000000000005,0.0,1022.85
2023-10-23 22:00:00,8.027777777777779,8.027777777777779,0.96,3.1878,258.0,4.9105,0.0,1023.24
2023-10-23 23:00:00,7.950000000000001,7.950000000000001,0.94,2.8819000000000004,288.0,3.8801000000000005,0.0,1023.29
2023-10-24 00:00:00,6.322222222222224,6.322222222222224,0.93,3.2039,319.0,1.2558,0.0,1023.36
2023-10-24 01:00:00,4.283333333333334,4.283333333333334,0.96,3.2039,339.0,0.1771,0.0,1023.64
2023-10-24 02:00:00,4.055555555555554,4.055555555555554,0.97,3.4454000000000002,334.0,0.49910000000000004,0.0,1023.79
2023-10-24 03:00:00,2.638888888888889,0.36666666666666475,1.0,8.05,310.0,0.16100000000000003,0.0,1023.75
2023-10-24 04:00:00,3.177777777777777,0.994444444444444,0.96,8.05,320.0,0.16100000000000003,0.0,1023.94
2023-10-24 05:00:00,3.266666666666668,3.266666666666668,0.96,3.1234,328.0,0.2415,0.0,1024.11
2023-10-24 06:00:00,2.638888888888889,2.638888888888889,1.0,3.0751,290.0,0.16100000000000003,0.0,1024.34
2023-10-24 07:00:00,3.6388888888888875,3.6388888888888875,1.0,3.22,310.0,0.16100000000000003,0.0,1024.65
2023-10-24 08:00:00,3.622222222222224,3.622222222222224,1.0,3.0429,305.0,0.3381,0.0,1025.05
2023-10-24 09:00:00,4.8388888888888895,4.8388888888888895,1.0,0.0,0.0,0.0,0.0,1025.53
2023-10-24 10:00:00,7.194444444444446,7.194444444444446,0.93,3.0429,222.0,0.16100000000000003,0.0,1025.81
2023-10-24 11:00:00,8.433333333333334,8.433333333333334,0.94,3.6386,226.0,1.2880000000000003,0.0,1025.78
2023-10-24 12:00:00,12.799999999999999,12.799999999999999,0.89,9.064300000000001,211.0,8.1305,0.0,1025.31
2023-10-24 13:00:00,14.927777777777777,14.927777777777777,0.56,7.921200000000001,211.0,9.982000000000001,0.0,1024.81
2023-10-24 14:00:00,14.905555555555553,14.905555555555553,0.52,7.422100000000001,189.0,9.8049,0.0,1024.55
2023-10-24 15:00:00,15.02222222222222,15.02222222222222,0.52,7.969500000000001,154.0,9.982000000000001,0.0,1024.38
2023-10-24 16:00:00,14.955555555555557,14.955555555555557,0.51,4.9749,187.0,9.982000000000001,0.0,1024.09
2023-10-24 17:00:00,12.977777777777778,12.977777777777778,0.62,7.5187,190.0,10.577700000000002,0.0,1024.09
2023-10-24 18:00:00,11.500000000000002,11.500000000000002,0.7,6.279,219.0,16.1,0.0,1024.28
2023-10-24 19:00:00,7.755555555555556,7.755555555555556,0.84,3.22,190.0,14.9086,0.0,1024.4
2023-10-24 20:00:00,7.6111111111111125,7.6111111111111125,0.9,4.717300000000001,170.0,7.1323,0.0,1024.61
2023-10-24 21:00:00,6.016666666666666,6.016666666666666,0.87,1.6744,159.0,6.118,0.0,1024.7
2023-10-24 22:00:00,5.0,5.0,0.93,1.5295,120.0,5.0393,0.0,1024.98
2023-10-24 23:00:00,4.4555555555555575,4.4555555555555575,0.96,3.2039,161.0,4.1055,0.0,1024.86
2023-10-25 00:00:00,4.3277777777777775,4.3277777777777775,0.92,3.1878,130.0,1.6583,0.0,1024.98
2023-10-25 01:00:00,3.7944444444444434,3.7944444444444434,0.96,3.22,150.0,1.0465000000000002,0.0,1024.43
2023-10-25 02:00:00,1.7833333333333339,1.7833333333333339,1.0,3.2039,131.0,0.7567,0.0,1024.28
2023-10-25 02:00:00,2.883333333333332,2.883333333333332,0.96,3.2039,142.0,1.2880000000000003,0.0,1024.71
2023-10-25 03:00:00,1.6888888888888884,1.6888888888888884,0.96,3.0751,130.0,0.6762,0.0,1023.9
2023-10-25 04:00:00,1.4111111111111105,1.4111111111111105,1.0,3.9123000000000006,140.0,1.5134,0.0,1023.83
2023-10-25 05:00:00,2.566666666666665,0.344444444444443,1.0,7.824600000000001,140.0,1.4168,0.0,1023.9
2023-10-25 06:00:00,2.566666666666665,0.344444444444443,1.0,7.840700000000001,140.0,1.8515,0.0,1023.62
2023-10-25 07:00:00,2.5,2.5,1.0,0.8694000000000001,137.0,1.6422,0.0,1023.84
2023-10-25 08:00:00,7.000000000000001,7.000000000000001,1.0,0.0,0.0,3.0107000000000004,0.0,1024.22
2023-10-25 09:00:00,8.88888888888889,7.705555555555555,0.83,8.05,210.0,5.1359,0.0,1024.41
2023-10-25 10:00:00,11.983333333333333,11.983333333333333,0.72,5.184200000000001,130.0,7.2772,0.0,1024.22
2023-10-25 11:00:00,13.88888888888889,13.88888888888889,0.56,7.357700000000001,196.0,8.372000000000002,0.0,1024.02
2023-10-25 12:00:00,14.949999999999998,14.949999999999998,0.55,2.0769,185.0,15.134000000000002,0.0,1023.7
2023-10-25 13:00:00,15.055555555555555,15.055555555555555,0.53,2.7531000000000003,218.0,15.552600000000002,0.0,1023.15
2023-10-25 14:00:00,16.06111111111111,16.06111111111111,0.52,1.9481000000000002,252.0,16.1,0.0,1022.9
2023-10-25 15:00:00,14.972222222222221,14.972222222222221,0.55,3.0107000000000004,172.0,16.1,0.0,1022.72
2023-10-25 16:00:00,13.11111111111111,13.11111111111111,0.66,2.415,136.0,15.520400000000002,0.0,1022.9
2023-10-25 17:00:00,10.066666666666666,10.066666666666666,0.83,3.0751,170.0,15.826300000000002,0.0,1023.08
2023-10-25 18:00:00,9.86111111111111,9.86111111111111,0.84,4.83,170.0,14.7637,0.0,1023.33
2023-10-25 19:00:00,7.816666666666666,7.816666666666666,0.9,2.9785000000000004,214.0,7.3255,0.0,1023.75
2023-10-25 20:00:00,7.638888888888889,7.638888888888889,0.96,3.22,170.0,4.025,0.0,1023.92
2023-10-25 21:00:00,7.666666666666665,7.666666666666665,0.93,2.7209,171.0,4.9427,0.0,1024.14
2023-10-25 22:00:00,6.944444444444445,6.944444444444445,0.93,4.6690000000000005,196.0,4.7012,0.0,1024.55
2023-10-25 23:00:00,7.155555555555556,7.155555555555556,0.93,0.0,0.0,3.9767000000000006,0.0,1024.65
2023-10-26 00:00:00,6.600000000000001,5.0166666666666675,0.94,8.05,320.0,3.9123000000000006,0.0,1024.75
2023-10-26 01:00:00,5.8500000000000005,5.8500000000000005,0.96,1.449,324.0,4.6851,0.0,1024.89
2023-10-26 02:00:00,5.488888888888891,5.488888888888891,0.94,3.22,320.0,2.9463000000000004,0.0,1024.87
2023-10-26 03:00:00,6.111111111111111,4.966666666666665,0.96,6.166300000000001,329.0,2.4955000000000003,0.0,1024.96
2023-10-26 04:00:00,5.738888888888888,4.561111111111112,0.96,6.0858,334.0,1.1431,0.0,1025.04
2023-10-26 05:00:00,4.949999999999998,4.083333333333334,1.0,4.8944,13.0,0.7728,0.0,1025.35
2023-10-26 06:00:00,3.888888888888889,3.888888888888889,1.0,3.1073,33.0,1.3846,0.0,1025.34
2023-10-26 07:00:00,5.027777777777776,5.027777777777776,1.0,0.5957,30.0,1.4329,0.0,1025.7
2023-10-26 08:00:00,8.711111111111112,8.711111111111112,0.93,0.0,0.0,4.9105,0.0,1025.73
2023-10-26 09:00:00,10.977777777777776,10.977777777777776,0.8,4.459700000000001,190.0,7.084000000000001,0.0,1025.93
2023-10-26 10:00:00,13.572222222222223,13.572222222222223,0.64,4.6851,117.0,9.9015,0.0,1025.65
2023-10-26 11:00:00,14.905555555555553,14.905555555555553,0.61,4.5563,27.0,9.982000000000001,0.0,1025.63
2023-10-26 12:00:00,15.0,15.0,0.6,7.550900000000001,34.0,9.982000000000001,0.0,1025.22
2023-10-26 13:00:00,15.988888888888889,15.988888888888889,0.56,7.5992,358.0,10.3523,0.0,1024.7
2023-10-26 14:00:00,16.038888888888888,16.038888888888888,0.56,7.5348,34.0,9.982000000000001,0.0,1024.32
2023-10-26 15:00:00,15.994444444444444,15.994444444444444,0.58,7.695800000000001,44.0,14.9086,0.0,1023.94
2023-10-26 16:00:00,13.977777777777776,13.977777777777776,0.65,7.438200000000001,43.0,14.5222,0.0,1023.95
2023-10-26 17:00:00,12.611111111111112,12.611111111111112,0.73,3.2039,51.0,6.295100000000001,0.0,1024.13
2023-10-26 18:00:00,10.905555555555557,10.905555555555557,0.78,8.0017,41.0,6.295100000000001,0.0,1024.43
2023-10-26 19:00:00,9.783333333333333,9.783333333333333,0.85,4.6046000000000005,48.0,5.9248,0.0,1024.53
2023-10-26 20:00:00,7.733333333333334,6.366666666666667,0.96,7.969500000000001,32.0,5.216400000000001,0.0,1024.54
2023-10-26 21:00:00,8.155555555555557,7.23888888888889,0.9,6.423900000000001,32.0,5.0876,0.0,1024.64
2023-10-26 22:00:00,7.716666666666667,6.883333333333334,0.9,5.9248,31.0,5.7799000000000005,0.0,1024.91
2023-10-26 23:00:00,7.66111111111111,6.6499999999999995,0.87,6.5205,50.0,6.0697,0.0,1024.56
2023-10-27 00:00:00,7.522222222222221,6.488888888888889,0.84,6.5044,49.0,6.9069,0.0,1024.46
2023-10-27 01:00:00,7.5166666666666675,6.666666666666667,0.86,5.8765,41.0,7.792400000000001,0.0,1024.74
2023-10-27 02:00:00,5.944444444444446,4.73888888888889,0.9,6.279,29.0,7.728,0.0,1024.74
2023-10-27 03:00:00,5.433333333333334,4.205555555555556,0.9,6.118,21.0,11.543700000000001,0.0,1024.46
2023-10-27 04:00:00,5.438888888888888,3.122222222222221,0.91,10.3523,30.0,13.4596,0.0,1024.46
2023-10-27 05:00:00,3.955555555555554,3.955555555555554,0.92,3.3810000000000002,33.0,14.586600000000002,0.0,1024.54
2023-10-27 06:00:00,4.972222222222224,2.1222222222222222,0.86,12.654600000000002,30.0,9.7566,0.0,1024.45
2023-10-27 07:00:00,4.8055555555555545,3.122222222222221,0.88,7.2772,30.0,9.4024,0.0,1024.85
2023-10-27 08:00:00,7.088888888888888,5.211111111111112,0.8,9.7888,42.0,11.8979,0.0,1025.14
2023-10-27 09:00:00,8.88888888888889,7.144444444444444,0.72,10.996300000000002,42.0,14.9086,0.0,1025.43
2023-10-27 10:00:00,10.955555555555556,10.955555555555556,0.67,9.338000000000001,54.0,14.6027,0.0,1025.43
2023-10-27 11:00:00,12.777777777777779,12.777777777777779,0.59,7.824600000000001,43.0,16.1,0.0,1025.43
2023-10-27 12:00:00,14.972222222222221,14.972222222222221,0.51,4.7334000000000005,44.0,16.1,0.0,1024.94
2023-10-27 13:00:00,14.88888888888889,14.88888888888889,0.48,4.4436,54.0,15.1823,0.0,1024.54
2023-10-27 14:00:00,16.038888888888888,16.038888888888888,0.45,3.5259,63.0,16.1,0.0,1024.02
2023-10-27 15:00:00,14.927777777777777,14.927777777777777,0.52,4.9910000000000005,63.0,16.1,0.0,1023.91
2023-10-27 16:00:00,13.894444444444442,13.894444444444442,0.6,3.6225,57.0,15.1823,0.0,1023.83
2023-10-27 17:00:00,11.016666666666666,11.016666666666666,0.72,4.7495,80.0,8.420300000000001,0.0,1023.63
2023-10-27 18:00:00,9.81111111111111,9.81111111111111,0.84,4.6690000000000005,128.0,6.5688,0.0,1023.72
2023-10-27 19:00:00,7.788888888888891,7.788888888888891,0.9,1.9642000000000002,110.0,5.828200000000001,0.0,1024.17
2023-10-27 20:00:00,6.061111111111109,6.061111111111109,0.93,0.0,0.0,6.166300000000001,0.0,1023.83
2023-10-27 21:00:00,5.95,4.249999999999999,0.93,8.05,70.0,0.9982000000000001,0.0,1024.11
2023-10-27 22:00:00,5.272222222222223,5.272222222222223,0.96,4.5563,116.0,1.0948000000000002,0.0,1024.33
2023-10-27 23:00:00,5.46111111111111,4.216666666666669,0.96,6.166300000000001,147.0,1.0465000000000002,0.0,1024.31
2023-10-28 00:00:00,5.394444444444445,5.394444444444445,0.96,3.0751,140.0,1.0143,0.0,1024.41
2023-10-28 01:00:00,6.294444444444443,5.277777777777778,0.96,5.8604,130.0,1.6744,0.0,1024.34
2023-10-28 02:00:00,5.3666666666666645,5.3666666666666645,0.94,3.3488,125.0,1.4168,0.0,1024.39
2023-10-28 03:00:00,4.833333333333335,4.833333333333335,0.96,3.1717,118.0,1.4168,0.0,1024.09
2023-10-28 04:00:00,4.322222222222223,2.8999999999999995,0.97,6.1824,124.0,3.0912,0.0,1023.75
2023-10-28 05:00:00,4.877777777777778,2.6333333333333346,0.93,9.5473,119.0,3.3971,0.0,1023.42
2023-10-28 06:00:00,4.811111111111109,2.627777777777776,0.93,9.209200000000001,128.0,4.314800000000001,0.0,1023.5
2023-10-28 07:00:00,5.466666666666669,3.183333333333332,0.88,10.2074,117.0,4.395300000000001,0.0,1023.52
2023-10-28 08:00:00,7.4833333333333325,4.944444444444444,0.84,14.1519,129.0,7.776300000000001,0.0,1023.62
2023-10-28 09:00:00,9.822222222222223,7.605555555555554,0.77,15.858500000000001,129.0,9.853200000000001,0.0,1023.62
2023-10-28 10:00:00,11.955555555555557,11.955555555555557,0.67,19.303900000000002,133.0,9.9015,0.0,1023.38
2023-10-28 11:00:00,13.75,13.75,0.65,20.2055,130.0,11.9784,0.0,1023.18
2023-10-28 12:00:00,13.91111111111111,13.91111111111111,0.64,15.7458,121.0,14.9086,0.0,1022.47
2023-10-28 13:00:00,14.972222222222221,14.972222222222221,0.58,15.761899999999999,124.0,14.731500000000002,0.0,1021.68
2023-10-28 14:00:00,16.038888888888888,16.038888888888888,0.56,15.681400000000002,122.0,12.2199,0.0,1021.08
2023-10-28 15:00:00,14.949999999999998,14.949999999999998,0.6,14.007,121.0,12.2199,0.0,1020.59
2023-10-28 16:00:00,13.988888888888889,13.988888888888889,0.62,9.2575,115.0,10.5455,0.0,1020.13
2023-10-28 17:00:00,11.11111111111111,11.11111111111111,0.77,8.05,110.0,8.1305,0.0,1020.0
2023-10-28 18:00:00,10.955555555555556,10.955555555555556,0.72,9.579500000000001,100.0,8.1305,0.0,1020.21
2023-10-28 19:00:00,9.783333333333333,8.55,0.79,9.0965,109.0,7.631400000000001,0.0,1020.23
2023-10-28 20:00:00,8.794444444444444,7.33888888888889,0.78,9.305800000000001,119.0,8.05,0.0,1020.1
2023-10-28 21:00:00,7.822222222222221,6.883333333333334,0.8,6.3434,129.0,8.05,0.0,1020.27
2023-10-28 22:00:00,6.722222222222223,5.605555555555558,0.87,6.3756,115.0,6.6976,0.0,1020.39
2023-10-28 23:00:00,6.227777777777778,5.038888888888889,0.86,6.3434,109.0,6.021400000000001,0.0,1020.38
2023-10-29 00:00:00,6.205555555555557,5.005555555555555,0.83,6.3756,109.0,7.8729,0.0,1020.07
2023-10-29 01:00:00,6.527777777777778,4.305555555555555,0.81,10.980200000000002,118.0,8.9999,0.0,1019.78
2023-10-29 02:00:00,6.716666666666669,4.483333333333333,0.8,11.270000000000001,120.0,8.9677,0.0,1019.49
2023-10-29 03:00:00,6.161111111111113,3.811111111111111,0.82,11.270000000000001,120.0,9.064300000000001,0.0,1019.18
2023-10-29 04:00:00,5.550000000000001,3.2444444444444462,0.84,10.4006,108.0,8.420300000000001,0.0,1019.09
2023-10-29 05:00:00,6.111111111111111,4.094444444444443,0.8,9.563400000000001,119.0,8.1305,0.0,1019.1
2023-10-29 06:00:00,6.111111111111111,4.088888888888889,0.8,9.579500000000001,100.0,9.853200000000001,0.0,1019.1
2023-10-29 07:00:00,6.944444444444445,4.833333333333335,0.76,10.851400000000002,108.0,9.9015,0.0,1019.23
2023-10-29 08:00:00,7.805555555555554,5.605555555555558,0.77,12.380900000000002,119.0,9.9015,0.0,1019.8
2023-10-29 09:00:00,9.955555555555556,7.816666666666666,0.67,15.488199999999999,130.0,9.982000000000001,0.0,1020.09
2023-10-29 10:00:00,11.038888888888888,11.038888888888888,0.61,20.0606,132.0,10.3523,0.0,1019.99
2023-10-29 11:00:00,12.733333333333334,12.733333333333334,0.56,23.0391,130.0,10.2074,0.0,1020.1
2023-10-29 12:00:00,13.861111111111112,13.861111111111112,0.55,12.7673,121.0,16.1,0.0,1020.0
2023-10-29 13:00:00,14.972222222222221,14.972222222222221,0.51,14.6027,132.0,15.552600000000002,0.0,1019.86
2023-10-29 14:00:00,14.927777777777777,14.927777777777777,0.52,12.525800000000002,111.0,16.1,0.0,1019.61
2023-10-29 15:00:00,14.86111111111111,14.86111111111111,0.52,9.3541,118.0,16.1,0.0,1019.62
2023-10-29 16:00:00,12.877777777777778,12.877777777777778,0.54,8.033900000000001,152.0,15.520400000000002,0.0,1020.0
2023-10-29 17:00:00,9.972222222222223,9.972222222222223,0.67,4.6207,98.0,14.9086,0.0,1020.62
2023-10-29 18:00:00,10.811111111111112,10.811111111111112,0.59,12.187700000000001,140.0,9.9015,0.0,1021.51
2023-10-29 19:00:00,9.783333333333333,8.844444444444445,0.62,7.631400000000001,121.0,9.7888,0.0,1022.13
2023-10-29 20:00:00,9.727777777777776,8.211111111111112,0.61,10.642100000000001,150.0,9.6761,0.0,1022.62
2023-10-29 21:00:00,8.58888888888889,6.849999999999999,0.63,10.6099,150.0,8.645700000000001,0.0,1023.41
2023-10-29 22:00:00,6.666666666666667,5.511111111111112,0.71,6.488300000000001,160.0,8.05,0.0,1023.91
2023-10-29 23:00:00,6.93888888888889,6.93888888888889,0.7,2.8819000000000004,168.0,8.6135,0.0,1024.32
2023-10-30 00:00:00,5.3666666666666645,5.3666666666666645,0.77,0.0,0.0,7.695800000000001,0.0,1024.83
2023-10-30 01:00:00,3.6166666666666654,3.6166666666666654,0.88,2.4794,101.0,7.245,0.0,1025.22
2023-10-30 02:00:00,3.2833333333333314,1.1166666666666656,0.89,8.05,310.0,6.7781,0.0,1025.62
2023-10-30 03:00:00,2.8111111111111122,2.8111111111111122,0.92,0.1449,310.0,6.7781,0.0,1025.83
2023-10-30 04:00:00,2.2499999999999982,1.0388888888888874,0.9,4.8622000000000005,333.0,7.245,0.0,1026.51
2023-10-30 05:00:00,2.194444444444446,2.194444444444446,0.86,3.2683,4.0,5.8765,0.0,1026.94
2023-10-30 06:00:00,2.1499999999999986,2.1499999999999986,0.93,0.3703,300.0,5.892600000000001,0.0,1027.53
2023-10-30 07:00:00,2.3277777777777766,2.3277777777777766,0.92,2.415,338.0,8.0822,0.0,1028.09
2023-10-30 08:00:00,7.6000000000000005,7.6000000000000005,0.78,3.22,310.0,8.7423,0.0,1028.33
2023-10-30 09:00:00,11.038888888888888,11.038888888888888,0.62,2.8175000000000003,321.0,15.729700000000001,0.0,1028.62
2023-10-30 10:00:00,12.127777777777776,12.127777777777776,0.56,2.7692,198.0,15.3111,0.0,1028.91
2023-10-30 11:00:00,13.861111111111112,13.861111111111112,0.52,2.9946,196.0,16.1,0.0,1029.31
2023-10-30 12:00:00,15.044444444444443,15.044444444444443,0.48,4.4919,329.0,16.0517,0.0,1029.29
2023-10-30 13:00:00,15.005555555555553,15.005555555555553,0.49,7.0679,344.0,15.520400000000002,0.0,1028.72
2023-10-30 14:00:00,16.083333333333332,16.083333333333332,0.48,9.2253,350.0,16.0517,0.0,1028.53
2023-10-30 15:00:00,14.972222222222221,14.972222222222221,0.51,7.5187,10.0,16.0517,0.0,1028.63
2023-10-30 16:00:00,13.91111111111111,13.91111111111111,0.57,4.7978000000000005,35.0,15.439900000000002,0.0,1029.02
2023-10-30 17:00:00,9.994444444444447,9.994444444444447,0.77,3.0751,20.0,7.357700000000001,0.0,1029.23
2023-10-30 18:00:00,7.755555555555556,7.755555555555556,0.88,0.0,0.0,7.1323,0.0,1029.64
2023-10-30 19:00:00,7.316666666666667,7.316666666666667,0.86,2.6404,6.0,6.7942,0.0,1030.31
2023-10-30 20:00:00,5.022222222222222,5.022222222222222,0.93,3.22,310.0,4.9427,0.0,1030.92
2023-10-30 21:00:00,4.927777777777776,4.927777777777776,0.93,0.0,0.0,3.9767000000000006,0.0,1031.44
2023-10-30 22:00:00,4.433333333333332,4.433333333333332,0.92,2.0286,15.0,2.2862,0.0,1031.95
2023-10-30 23:00:00,2.7777777777777777,2.7777777777777777,0.96,0.0,0.0,0.7084,0.0,1032.42
2023-10-31 00:00:00,2.7333333333333343,2.7333333333333343,0.96,0.0,0.0,0.2415,0.0,1032.92
2023-10-31 01:00:00,1.6055555555555558,1.6055555555555558,0.96,0.9982000000000001,241.0,0.9821000000000001,0.0,1033.4
2023-10-31 02:00:00,1.1999999999999982,1.1999999999999982,0.96,0.0,0.0,0.22540000000000004,0.0,1033.79
2023-10-31 03:00:00,0.68888888888889,0.68888888888889,0.96,0.0,0.0,0.3703,0.0,1033.81
2023-10-31 04:00:00,0.8555555555555551,0.8555555555555551,1.0,3.2039,0.0,0.5796,0.0,1034.28
2023-10-31 05:00:00,1.1277777777777784,1.1277777777777784,0.92,1.61,50.0,0.32200000000000006,0.0,1034.62
2023-10-31 06:00:00,0.03888888888888905,0.03888888888888905,1.0,3.22,40.0,1.2397,0.0,1035.13
2023-10-31 07:00:00,2.3888888888888875,2.3888888888888875,0.99,3.0268,37.0,1.9803000000000002,0.0,1035.72
2023-10-31 08:00:00,4.949999999999998,4.949999999999998,1.0,1.61,150.0,3.4454000000000002,0.0,1036.42
2023-10-31 09:00:00,8.905555555555557,7.494444444444446,0.83,9.177000000000001,100.0,4.0733,0.0,1036.9
2023-10-31 10:00:00,11.238888888888887,11.238888888888887,0.69,12.719000000000001,131.0,7.1323,0.0,1037.26
2023-10-31 11:00:00,12.799999999999999,12.799999999999999,0.59,14.0553,140.0,8.1305,0.0,1037.59
2023-10-31 12:00:00,12.888888888888891,12.888888888888891,0.59,13.6689,130.0,11.9784,0.0,1037.68
2023-10-31 13:00:00,13.894444444444442,13.894444444444442,0.57,11.0607,120.0,10.3523,0.0,1037.55
2023-10-31 14:00:00,13.955555555555556,13.955555555555556,0.59,4.6690000000000005,81.0,9.982000000000001,0.0,1037.48
2023-10-31 15:00:00,13.91111111111111,13.91111111111111,0.59,9.2414,100.0,9.982000000000001,0.0,1037.2
2023-10-31 16:00:00,12.211111111111109,12.211111111111109,0.64,4.7495,76.0,8.420300000000001,0.0,1037.48
2023-10-31 17:00:00,8.861111111111112,8.533333333333333,0.83,4.83,50.0,4.6690000000000005,0.0,1038.01
2023-10-31 18:00:00,7.66111111111111,7.177777777777779,0.89,4.83,60.0,8.05,0.0,1038.62
2023-10-31 19:00:00,7.011111111111109,7.011111111111109,0.87,3.0268,75.0,6.118,0.0,1039.32
2023-10-31 20:00:00,5.877777777777776,5.877777777777776,0.93,3.22,160.0,4.524100000000001,0.0,1039.81
2023-10-31 21:00:00,4.349999999999999,4.349999999999999,0.92,3.22,150.0,4.524100000000001,0.0,1040.31
2023-10-31 22:00:00,3.250000000000001,3.250000000000001,0.95,3.22,20.0,1.2558,0.0,1040.7
2023-10-31 23:00:00,1.6666666666666667,1.6666666666666667,0.96,0.0,0.0,0.32200000000000006,0.0,1040.91
2023-11-01 00:00:00,0.5777777777777773,0.5777777777777773,0.96,3.22,200.0,0.32200000000000006,0.0,1041.31
2023-11-01 01:00:00,0.6777777777777771,0.6777777777777771,0.93,2.8175000000000003,206.0,1.6261,0.0,1041.37
2023-11-01 02:00:00,0.4833333333333319,0.4833333333333319,0.99,0.0,0.0,0.16100000000000003,0.0,1041.51
2023-11-01 03:00:00,-0.11666666666666714,-0.11666666666666714,1.0,3.22,150.0,0.16100000000000003,0.0,1041.33
2023-11-01 04:00:00,0.1555555555555562,0.1555555555555562,0.91,3.0751,145.0,1.6422,0.0,1041.4
2023-11-01 05:00:00,-1.1833333333333327,-1.1833333333333327,1.0,1.61,50.0,4.3309,0.0,1041.52
2023-11-01 06:00:00,-2.2222222222222223,-2.2222222222222223,1.0,0.0,0.0,5.8765,0.0,1041.44
2023-11-01 07:00:00,-0.9722222222222222,-0.9722222222222222,0.98,0.4508000000000001,58.0,6.1824,0.0,1042.09
2023-11-01 08:00:00,5.744444444444446,5.744444444444446,0.8,0.0,0.0,7.905100000000001,0.0,1041.84
2023-11-01 09:00:00,7.222222222222222,5.238888888888889,0.52,10.465,162.0,15.729700000000001,0.0,1042.3
2023-11-01 10:00:00,8.861111111111112,7.6000000000000005,0.48,8.372000000000002,151.0,15.520400000000002,0.0,1042.38
2023-11-01 11:00:00,11.06111111111111,11.06111111111111,0.43,4.8783,121.0,16.1,0.0,1042.21
2023-11-01 12:00:00,12.194444444444446,12.194444444444446,0.43,7.824600000000001,139.0,16.1,0.0,1041.51
2023-11-01 13:00:00,12.177777777777779,12.177777777777779,0.4,5.7477,92.0,15.552600000000002,0.0,1040.61
2023-11-01 14:00:00,12.777777777777779,12.777777777777779,0.41,4.524100000000001,71.0,16.1,0.0,1040.02
2023-11-01 15:00:00,12.222222222222221,12.222222222222221,0.43,7.8084999999999996,51.0,16.1,0.0,1039.51
2023-11-01 16:00:00,10.177777777777777,10.177777777777777,0.52,8.629600000000002,80.0,15.552600000000002,0.0,1039.21
2023-11-01 17:00:00,7.1499999999999995,7.1499999999999995,0.65,3.0751,50.0,16.0517,0.0,1039.31
2023-11-01 18:00:00,2.822222222222221,2.822222222222221,0.82,3.22,340.0,9.064300000000001,0.0,1039.32
2023-11-01 19:00:00,2.461111111111111,2.461111111111111,0.85,2.9302,60.0,7.8084999999999996,0.0,1039.3
2023-11-01 20:00:00,1.0666666666666675,1.0666666666666675,0.85,0.0,0.0,6.0697,0.0,1039.23
2023-11-01 21:00:00,1.0444444444444458,1.0444444444444458,0.89,3.22,280.0,5.9731000000000005,0.0,1039.33
2023-11-01 22:00:00,-0.21111111111111056,-0.21111111111111056,0.92,3.2039,352.0,4.6046000000000005,0.0,1039.41
2023-11-01 23:00:00,-0.5999999999999991,-2.794444444444445,0.96,6.2468,281.0,2.9785000000000004,0.0,1039.42
2023-11-02 00:00:00,-1.6888888888888884,-1.6888888888888884,0.93,3.22,320.0,2.9785000000000004,0.0,1039.32
2023-11-02 01:00:00,-1.4833333333333343,-1.4833333333333343,0.97,3.0751,340.0,2.1091,0.0,1039.2
2023-11-02 02:00:00,-2.2666666666666657,-2.2666666666666657,0.93,3.1717,298.0,1.932,0.0,1038.81
2023-11-02 03:00:00,-2.7777777777777777,-2.7777777777777777,0.92,0.0,0.0,1.932,0.0,1038.32
2023-11-02 04:00:00,-3.1555555555555554,-3.1555555555555554,0.93,3.22,310.0,2.0608,0.0,1037.97
2023-11-02 05:00:00,-2.844444444444445,-2.844444444444445,0.93,0.0,0.0,1.9803000000000002,0.0,1038.01
2023-11-02 06:00:00,-2.3555555555555547,-2.3555555555555547,0.96,0.1288,290.0,3.0107000000000004,0.0,1037.63
2023-11-02 07:00:00,-2.3888888888888893,-2.3888888888888893,0.96,3.22,0.0,0.8211,0.0,1037.61
2023-11-02 08:00:00,1.977777777777779,1.977777777777779,0.92,0.0,0.0,1.4973,0.0,1037.63
2023-11-02 09:00:00,7.044444444444444,7.044444444444444,0.74,0.0,0.0,3.6064000000000007,0.0,1037.13
2023-11-02 10:00:00,8.77222222222222,8.77222222222222,0.62,1.3363,357.0,6.230700000000001,0.0,1036.94
2023-11-02 11:00:00,9.949999999999998,9.949999999999998,0.61,0.1449,190.0,8.05,0.0,1036.73
2023-11-02 12:00:00,12.149999999999999,12.149999999999999,0.57,3.2361,151.0,8.1305,0.0,1036.12
2023-11-02 13:00:00,12.694444444444445,12.694444444444445,0.49,1.4168,173.0,8.774500000000002,0.0,1035.39
2023-11-02 14:00:00,13.816666666666666,13.816666666666666,0.47,0.11270000000000002,170.0,8.372000000000002,0.0,1034.71
2023-11-02 15:00:00,12.755555555555556,12.755555555555556,0.5,1.5295,160.0,8.372000000000002,0.0,1034.13
2023-11-02 16:00:00,11.199999999999998,11.199999999999998,0.53,0.8855000000000002,40.0,9.016,0.0,1034.1
2023-11-02 17:00:00,7.244444444444444,7.244444444444444,0.72,0.0,0.0,6.5205,0.0,1034.3
2023-11-02 18:00:00,4.905555555555555,4.905555555555555,0.82,0.0,0.0,6.295100000000001,0.0,1034.31
2023-11-02 19:00:00,3.8222222222222237,3.8222222222222237,0.89,3.22,0.0,6.0536,0.0,1034.17
2023-11-02 20:00:00,2.0833333333333335,2.0833333333333335,0.92,0.0,0.0,1.5134,0.0,1033.93
2023-11-02 21:00:00,1.505555555555556,1.505555555555556,0.92,0.0,0.0,1.5295,0.0,1033.92
2023-11-02 22:00:00,-0.7333333333333335,-0.7333333333333335,0.99,1.9642000000000002,50.0,0.9177,0.0,1033.84
2023-11-02 23:00:00,-1.1333333333333329,-1.1333333333333329,0.96,0.0,0.0,0.7084,0.0,1033.73
2023-11-03 00:00:00,-1.6888888888888884,-1.6888888888888884,0.96,0.0,0.0,0.1932,0.0,1033.52
2023-11-03 01:00:00,-2.066666666666666,-2.066666666666666,0.96,0.6601,300.0,0.1932,0.0,1033.32
2023-11-03 02:00:00,-3.355555555555555,-3.355555555555555,0.96,0.0,0.0,0.16100000000000003,0.0,1033.01
2023-11-03 03:00:00,-2.7777777777777777,-2.7777777777777777,0.96,3.1073,94.0,0.16100000000000003,0.0,1032.51
2023-11-03 04:00:00,-3.1277777777777773,-3.1277777777777773,1.0,1.9642000000000002,35.0,0.1449,0.0,1032.32
2023-11-03 05:00:00,-2.3166666666666678,-2.3166666666666678,0.96,0.0,0.0,0.0,0.0,1031.93
2023-11-03 06:00:00,-2.872222222222223,-2.872222222222223,1.0,0.0,0.0,0.0,0.0,1031.71
2023-11-03 07:00:00,-2.2388888888888894,-2.2388888888888894,1.0,0.0,0.0,0.0,0.0,1031.73
2023-11-03 08:00:00,-1.1833333333333327,-1.1833333333333327,1.0,0.0,0.0,0.0,0.0,1031.82
2023-11-03 09:00:00,1.1944444444444438,1.1944444444444438,0.92,1.61,30.0,0.0,0.0,1031.71
2023-11-03 10:00:00,3.0277777777777795,3.0277777777777795,0.99,2.6082000000000005,354.0,1.2397,0.0,1031.53
2023-11-03 11:00:00,7.211111111111109,7.211111111111109,0.92,2.8819000000000004,359.0,4.7978000000000005,0.0,1031.19
2023-11-03 12:00:00,9.916666666666666,9.916666666666666,0.71,1.7227000000000001,128.0,6.021400000000001,0.0,1030.3
2023-11-03 13:00:00,11.9,11.9,0.54,3.4454000000000002,117.0,7.1645,0.0,1029.33
2023-11-03 14:00:00,12.672222222222224,12.672222222222224,0.52,0.43470000000000003,105.0,8.0017,0.0,1028.32
2023-11-03 15:00:00,12.122222222222222,12.122222222222222,0.53,3.2683,134.0,8.0017,0.0,1028.01
2023-11-03 16:00:00,10.02222222222222,10.02222222222222,0.61,1.5456,154.0,9.466800000000001,0.0,1027.95
2023-11-03 17:00:00,6.061111111111109,6.061111111111109,0.77,4.717300000000001,79.0,6.021400000000001,0.0,1027.99
2023-11-03 18:00:00,3.8611111111111125,3.8611111111111125,0.92,1.6744,61.0,5.892600000000001,0.0,1027.81
2023-11-03 19:00:00,2.9055555555555537,2.9055555555555537,0.96,3.1717,82.0,4.4114,0.0,1027.4
2023-11-03 20:00:00,0.22777777777777589,0.22777777777777589,0.99,2.9141000000000004,336.0,1.8676,0.0,1027.4
2023-11-03 21:00:00,1.5222222222222233,1.5222222222222233,0.92,3.2039,61.0,1.3846,0.0,1027.33
2023-11-03 22:00:00,-0.44444444444444486,-0.44444444444444486,0.96,2.1252000000000004,47.0,1.1109,0.0,1027.2
2023-11-03 23:00:00,-1.5777777777777777,-1.5777777777777777,0.96,3.1234,343.0,1.8515,0.0,1026.82
2023-11-04 00:00:00,-2.0222222222222226,-2.0222222222222226,0.96,2.9463000000000004,4.0,0.3059,0.0,1026.6
2023-11-04 01:00:00,-2.383333333333333,-2.383333333333333,0.97,2.1574000000000004,105.0,0.2415,0.0,1026.23
2023-11-04 02:00:00,-3.111111111111112,-3.111111111111112,0.96,3.22,130.0,0.16100000000000003,0.0,1025.99
2023-11-04 03:00:00,-2.2222222222222223,-2.2222222222222223,0.96,0.0,0.0,0.16100000000000003,0.0,1025.23
2023-11-04 04:00:00,-2.305555555555555,-2.305555555555555,0.96,3.1395,43.0,0.1771,0.0,1025.0
2023-11-04 05:00:00,-2.2500000000000004,-2.2500000000000004,1.0,1.61,350.0,0.16100000000000003,0.0,1025.32
2023-11-04 06:00:00,-2.294444444444444,-2.294444444444444,1.0,0.0,0.0,0.22540000000000004,0.0,1025.31
2023-11-04 07:00:00,-2.4444444444444438,-2.4444444444444438,0.99,3.22,290.0,0.1288,0.0,1025.05
2023-11-04 08:00:00,-1.1833333333333327,-1.1833333333333327,1.0,0.0,0.0,0.0161,0.0,1025.39
2023-11-04 09:00:00,0.0777777777777781,0.0777777777777781,0.92,0.0,0.0,0.0161,0.0,1025.1
2023-11-04 10:00:00,2.9555555555555557,2.9555555555555557,0.98,3.9284000000000003,117.0,0.3703,0.0,1024.66
2023-11-04 11:00:00,4.122222222222224,4.122222222222224,0.98,4.2826,333.0,0.9338,0.0,1024.41
2023-11-04 12:00:00,4.188888888888888,2.438888888888889,0.98,7.1645,343.0,0.966,0.0,1023.79
2023-11-04 13:00:00,7.155555555555556,5.761111111111109,0.85,7.6636,18.0,3.5581,0.0,1023.03
2023-11-04 14:00:00,9.07777777777778,9.07777777777778,0.76,4.459700000000001,23.0,6.0697,0.0,1022.5
2023-11-04 15:00:00,10.077777777777778,10.077777777777778,0.7,7.6796999999999995,21.0,6.0697,0.0,1022.21
2023-11-04 16:00:00,7.96111111111111,7.96111111111111,0.75,4.2182,13.0,5.5384,0.0,1021.88
2023-11-04 17:00:00,4.061111111111113,2.1888888888888878,0.91,7.502600000000001,340.0,3.4293,0.0,1021.9
2023-11-04 18:00:00,2.883333333333332,0.22777777777777589,0.89,9.66,0.0,3.4293,0.0,1022.01
2023-11-04 19:00:00,2.4944444444444454,1.3055555555555562,0.99,4.8783,336.0,1.5617,0.0,1021.84
2023-11-04 20:00:00,0.03888888888888905,0.03888888888888905,0.92,3.22,330.0,0.0161,0.0,1021.92
2023-11-04 21:00:00,-1.5833333333333341,-1.5833333333333341,0.96,3.0751,0.0,0.16100000000000003,0.0,1022.03
2023-11-04 22:00:00,-1.7277777777777774,-1.7277777777777774,0.99,3.3810000000000002,314.0,0.3381,0.0,1022.36
2023-11-04 23:00:00,-2.155555555555555,-2.155555555555555,0.96,3.22,320.0,0.16100000000000003,0.0,1022.15
2023-11-05 00:00:00,-1.6444444444444448,-1.6444444444444448,0.96,3.22,320.0,0.16100000000000003,0.0,1022.14
2023-11-05 01:00:00,-1.5777777777777777,-1.5777777777777777,0.97,3.1556,343.0,0.0483,0.0,1022.1
2023-11-05 02:00:00,-2.2222222222222223,-2.2222222222222223,1.0,3.22,340.0,0.16100000000000003,0.0,1021.95
2023-11-05 03:00:00,-2.7333333333333343,-2.7333333333333343,0.96,3.22,320.0,0.9338,0.0,1022.03
2023-11-05 04:00:00,-3.0777777777777775,-3.0777777777777775,0.96,1.9642000000000002,320.0,0.16100000000000003,0.0,1022.03
2023-11-05 05:00:00,-2.244444444444444,-2.244444444444444,0.96,0.0,0.0,0.0161,0.0,1022.21
2023-11-05 06:00:00,-2.244444444444444,-2.244444444444444,1.0,0.0,0.0,0.0,0.0,1021.93
2023-11-05 07:00:00,-2.194444444444444,-2.194444444444444,0.96,0.0,0.0,0.0,0.0,1022.12
2023-11-05 08:00:00,-1.1333333333333329,-1.1333333333333329,0.93,0.0,0.0,0.0,0.0,1022.73
2023-11-05 09:00:00,0.16111111111111065,-2.5444444444444434,1.0,8.05,320.0,0.0322,0.0,1022.83
2023-11-05 10:00:00,2.6333333333333346,2.6333333333333346,0.93,2.8658,224.0,0.1288,0.0,1023.26
2023-11-05 11:00:00,4.2777777777777795,4.2777777777777795,0.91,3.059,242.0,0.6762,0.0,1023.01
2023-11-05 12:00:00,7.422222222222222,6.294444444444443,0.98,6.7942,221.0,2.9785000000000004,0.0,1022.6
2023-11-05 13:00:00,11.144444444444446,11.144444444444446,0.69,0.8372,270.0,4.3309,0.0,1022.04
2023-11-05 14:00:00,11.083333333333336,11.083333333333336,0.71,2.6887,179.0,4.8461,0.0,1021.43
2023-11-05 15:00:00,11.083333333333336,11.083333333333336,0.71,1.4812,176.0,4.4275,0.0,1021.62
2023-11-05 16:00:00,9.261111111111113,9.261111111111113,0.74,2.1413,96.0,3.1556,0.0,1021.63
2023-11-05 17:00:00,6.199999999999998,6.199999999999998,0.92,2.9785000000000004,8.0,1.932,0.0,1021.81
2023-11-05 18:00:00,3.955555555555554,3.955555555555554,0.92,3.0751,20.0,1.2719,0.0,1022.21
2023-11-05 19:00:00,3.011111111111112,3.011111111111112,0.95,1.3202,55.0,1.1109,0.0,1022.79
2023-11-05 20:00:00,2.127777777777777,2.127777777777777,0.99,0.0,0.0,0.16100000000000003,0.0,1022.81
2023-11-05 21:00:00,1.0611111111111091,1.0611111111111091,0.96,3.22,300.0,0.4669,0.0,1022.91
2023-11-05 22:00:00,-0.10555555555555626,-0.10555555555555626,1.0,3.22,200.0,0.2898,0.0,1023.32
2023-11-05 23:00:00,-0.6277777777777772,-0.6277777777777772,0.96,3.22,170.0,0.16100000000000003,0.0,1023.23
2023-11-06 00:00:00,-0.6500000000000009,-0.6500000000000009,0.96,0.0,0.0,0.16100000000000003,0.0,1023.32
2023-11-06 01:00:00,-0.42777777777777753,-0.42777777777777753,1.0,3.22,180.0,0.1288,0.0,1023.65
2023-11-06 02:00:00,-1.2055555555555566,-1.2055555555555566,1.0,0.0,0.0,0.16100000000000003,0.0,1023.82
2023-11-06 03:00:00,-1.2055555555555566,-1.2055555555555566,0.96,0.0,0.0,0.16100000000000003,0.0,1023.81
2023-11-06 04:00:00,-0.5777777777777773,-0.5777777777777773,0.97,3.22,160.0,0.0322,0.0,1023.94
2023-11-06 05:00:00,-1.2055555555555566,-1.2055555555555566,1.0,3.22,310.0,0.0,0.0,1024.13
2023-11-06 06:00:00,-1.2055555555555566,-1.2055555555555566,1.0,0.0,0.0,0.0,0.0,1024.52
2023-11-06 07:00:00,-1.0944444444444439,-1.0944444444444439,1.0,1.9642000000000002,160.0,0.0,0.0,1024.95
2023-11-06 08:00:00,-0.09444444444444539,-0.09444444444444539,1.0,0.0,0.0,0.0,0.0,1025.43
2023-11-06 09:00:00,1.0833333333333348,1.0833333333333348,0.92,3.22,60.0,0.0,0.0,1025.83
2023-11-06 10:00:00,2.0888888888888877,2.0888888888888877,1.0,0.7406,130.0,0.0,0.0,1026.01
2023-11-06 11:00:00,2.7722222222222235,2.7722222222222235,1.0,0.2093,342.0,0.16100000000000003,0.0,1026.02
2023-11-06 12:00:00,2.8888888888888906,2.8888888888888906,1.0,1.5939,333.0,0.16100000000000003,0.0,1025.75
2023-11-06 13:00:00,3.238888888888888,3.238888888888888,0.99,4.459700000000001,342.0,0.3059,0.0,1025.79
2023-11-06 14:00:00,4.066666666666666,4.066666666666666,0.91,3.2039,0.0,0.1771,0.0,1025.7
2023-11-06 15:00:00,3.994444444444443,3.994444444444443,0.92,4.459700000000001,351.0,0.16100000000000003,0.0,1025.9
2023-11-06 16:00:00,3.072222222222223,1.1500000000000001,0.99,7.1162,342.0,0.0161,0.0,1026.03
2023-11-06 17:00:00,2.844444444444443,0.28888888888889064,1.0,9.2253,330.0,0.0,0.0,1026.32
2023-11-06 18:00:00,2.7333333333333343,0.0500000000000019,1.0,9.66,0.0,0.0,0.0,1026.63
2023-11-06 19:00:00,2.666666666666665,1.4833333333333343,1.0,4.9266000000000005,15.0,0.0,0.0,1026.97
2023-11-06 20:00:00,2.5277777777777763,2.5277777777777763,1.0,4.6046000000000005,20.0,0.0,0.0,1027.31
2023-11-06 21:00:00,2.5277777777777763,0.7444444444444464,1.0,6.44,20.0,0.0,0.0,1027.73
2023-11-06 22:00:00,2.5222222222222217,2.5222222222222217,1.0,3.1556,356.0,0.0,0.0,1028.01
2023-11-06 23:00:00,2.5277777777777763,2.5277777777777763,1.0,3.059,347.0,0.0,0.0,1028.12
2023-11-07 00:00:00,2.461111111111111,2.461111111111111,0.96,0.0,0.0,0.0,0.0,1028.03
2023-11-07 01:00:00,1.988888888888888,1.988888888888888,1.0,2.5921000000000003,235.0,0.0161,0.0,1028.13
2023-11-07 02:00:00,1.9277777777777771,1.9277777777777771,1.0,3.22,220.0,0.0,0.0,1028.21
2023-11-07 03:00:00,1.900000000000001,1.900000000000001,0.96,3.2039,229.0,0.0,0.0,1028.02
2023-11-07 04:00:00,1.8833333333333337,1.8833333333333337,0.97,3.0268,225.0,0.0,0.0,1028.04
2023-11-07 05:00:00,0.905555555555557,-1.5611111111111104,1.0,7.6796999999999995,190.0,0.0,0.0,1028.11
2023-11-07 06:00:00,0.905555555555557,0.905555555555557,0.93,4.6368,248.0,0.0,0.0,1028.39
2023-11-07 07:00:00,0.9833333333333351,-1.2833333333333325,0.94,7.1162,163.0,0.0,0.0,1028.8
2023-11-07 08:00:00,0.994444444444444,-2.000000000000001,1.0,9.579500000000001,180.0,0.0,0.0,1029.29
2023-11-07 09:00:00,2.105555555555555,-0.5555555555555556,1.0,9.1287,180.0,0.0,0.0,1029.5
2023-11-07 10:00:00,2.7833333333333323,0.08333333333333254,1.0,9.7727,173.0,0.0322,0.0,1029.48
2023-11-07 11:00:00,3.9833333333333343,1.6388888888888904,0.92,9.2414,180.0,0.0483,0.0,1029.38
2023-11-07 12:00:00,4.194444444444443,1.5166666666666648,0.99,10.9158,207.0,0.2415,0.0,1029.15
2023-11-07 13:00:00,5.511111111111112,2.7500000000000018,0.98,12.8317,181.0,0.4186,0.0,1028.77
2023-11-07 14:00:00,6.622222222222224,4.449999999999999,0.91,10.8031,170.0,1.2558,0.0,1027.93
2023-11-07 15:00:00,6.644444444444445,4.516666666666668,0.98,10.5938,170.0,1.3685,0.0,1027.92
2023-11-07 16:00:00,5.816666666666666,3.627777777777778,0.97,10.110800000000001,150.0,0.6762,0.0,1027.93
2023-11-07 17:00:00,5.483333333333332,3.0833333333333317,0.98,10.8192,160.0,0.22540000000000004,0.0,1027.84
2023-11-07 18:00:00,5.438888888888888,3.4222222222222203,0.99,8.9838,160.0,0.3703,0.0,1028.25
2023-11-07 19:00:00,5.5277777777777795,3.877777777777776,0.98,7.567000000000001,153.0,0.8855000000000002,0.0,1028.48
2023-11-07 20:00:00,5.38888888888889,2.9111111111111123,0.99,11.125100000000002,170.0,0.9821000000000001,0.0,1028.74
2023-11-07 21:00:00,5.877777777777776,3.4999999999999982,0.95,11.125100000000002,170.0,0.9821000000000001,0.0,1028.47
2023-11-07 22:00:00,6.405555555555556,4.283333333333334,0.96,10.3523,174.0,1.3363,0.0,1028.64
2023-11-07 23:00:00,6.383333333333335,4.1499999999999995,0.95,10.8997,160.0,1.2880000000000003,0.0,1028.28
2023-11-08 00:00:00,6.433333333333333,5.3,0.99,6.279,170.0,1.2880000000000003,0.0,1028.47
2023-11-08 01:00:00,6.983333333333333,5.011111111111113,0.99,10.1752,162.0,1.5134,0.0,1028.34
2023-11-08 02:00:00,6.966666666666666,5.95,0.99,6.1502,140.0,1.2880000000000003,0.0,1028.37
2023-11-08 03:00:00,7.427777777777777,6.449999999999999,0.96,6.262900000000001,149.0,1.2880000000000003,0.0,1028.17
2023-11-08 04:00:00,7.527777777777776,6.505555555555556,0.96,6.4561,159.0,1.5134,0.0,1028.04
2023-11-08 05:00:00,7.872222222222224,7.872222222222224,0.96,3.2039,109.0,2.4955000000000003,0.0,1028.4
2023-11-08 06:00:00,7.805555555555554,7.805555555555554,0.96,4.6046000000000005,150.0,1.8837,0.0,1028.6
2023-11-08 07:00:00,7.916666666666667,7.916666666666667,0.96,3.9123000000000006,170.0,1.61,0.0,1029.4
2023-11-08 08:00:00,7.96111111111111,6.338888888888887,0.95,9.338000000000001,171.0,1.2719,0.0,1029.59
2023-11-08 09:00:00,10.155555555555557,10.155555555555557,0.86,9.2253,170.0,1.7549000000000001,0.0,1029.58
2023-11-08 10:00:00,11.516666666666664,11.516666666666664,0.85,1.8676,220.0,2.415,0.0,1029.6
2023-11-08 11:00:00,13.216666666666665,13.216666666666665,0.82,9.5312,213.0,4.2021,0.0,1029.73
2023-11-08 12:00:00,17.37777777777778,17.37777777777778,0.71,8.9838,197.0,5.216400000000001,0.0,1028.3
2023-11-08 13:00:00,19.511111111111113,19.511111111111113,0.62,16.2932,279.0,9.821,0.0,1027.73
2023-11-08 14:00:00,20.016666666666666,20.016666666666666,0.63,20.2699,270.0,10.2074,0.0,1027.12
2023-11-08 15:00:00,19.92777777777778,19.92777777777778,0.63,14.425600000000003,291.0,10.255700000000001,0.0,1027.11
2023-11-08 16:00:00,17.33888888888889,17.33888888888889,0.71,7.5992,276.0,14.828100000000003,0.0,1027.1
2023-11-08 17:00:00,14.027777777777779,14.027777777777779,0.77,13.0571,271.0,16.0517,0.0,1027.32
2023-11-08 18:00:00,11.322222222222223,11.322222222222223,0.85,11.398800000000001,271.0,16.0517,0.0,1027.72
2023-11-08 19:00:00,10.477777777777778,10.477777777777778,0.91,8.8872,291.0,13.8138,0.0,1027.98
2023-11-08 20:00:00,10.933333333333334,10.933333333333334,0.9,6.279,280.0,11.8496,0.0,1028.03
2023-11-08 21:00:00,9.33888888888889,8.677777777777777,0.96,6.166300000000001,233.0,8.05,0.0,1027.93
2023-11-08 22:00:00,8.805555555555555,8.06666666666667,0.96,6.1824,218.0,10.642100000000001,0.0,1027.99
2023-11-08 23:00:00,7.616666666666668,7.616666666666668,0.96,3.2039,221.0,0.9016000000000002,0.0,1027.52
2023-11-09 00:00:00,6.533333333333332,5.4944444444444445,0.96,6.0053,230.0,0.9338,0.0,1027.63
2023-11-09 01:00:00,6.622222222222224,6.622222222222224,0.96,4.4758,258.0,3.0912,0.0,1027.24
2023-11-09 02:00:00,3.4500000000000006,3.4500000000000006,0.96,3.22,60.0,0.6279,0.0,1027.01
2023-11-09 03:00:00,3.455555555555555,1.3222222222222237,0.96,8.05,90.0,0.32200000000000006,0.0,1026.32
2023-11-09 04:00:00,3.3722222222222222,3.3722222222222222,0.99,1.5778,230.0,0.4669,0.0,1025.68
2023-11-09 05:00:00,3.0555555555555554,3.0555555555555554,1.0,3.0912,156.0,0.16100000000000003,0.0,1025.01
2023-11-09 06:00:00,3.0333333333333337,3.0333333333333337,0.96,4.5402000000000005,53.0,0.32200000000000006,0.0,1025.08
2023-11-09 07:00:00,4.088888888888889,3.011111111111112,1.0,5.119800000000001,111.0,0.27370000000000005,0.0,1024.85
2023-11-09 08:00:00,5.116666666666667,4.266666666666667,1.0,4.8944,111.0,0.32200000000000006,0.0,1024.57
2023-11-09 09:00:00,7.3999999999999995,7.3999999999999995,0.99,3.2683,86.0,1.2397,0.0,1024.2
2023-11-09 10:00:00,10.083333333333334,10.083333333333334,0.98,1.8837,163.0,3.7513000000000005,0.0,1023.77
2023-11-09 11:00:00,12.761111111111111,12.761111111111111,0.77,2.898,190.0,5.8443000000000005,0.0,1022.94
2023-11-09 12:00:00,14.911111111111113,14.911111111111113,0.72,0.32200000000000006,323.0,6.7781,0.0,1022.34
2023-11-09 13:00:00,16.58888888888889,16.58888888888889,0.64,3.5903,337.0,7.6636,0.0,1021.59
2023-11-09 14:00:00,14.911111111111113,14.911111111111113,0.72,7.711900000000001,347.0,6.8747,0.0,1021.74
2023-11-09 15:00:00,14.961111111111112,14.961111111111112,0.72,12.058900000000001,311.0,6.9069,0.0,1021.91
2023-11-09 16:00:00,14.31111111111111,14.31111111111111,0.73,8.1949,324.0,7.728,0.0,1021.87
2023-11-09 17:00:00,13.850000000000001,13.850000000000001,0.73,14.1519,300.0,6.9391,0.0,1021.94
2023-11-09 18:00:00,13.833333333333334,13.833333333333334,0.77,15.375500000000002,310.0,6.9874,0.0,1022.17
2023-11-09 19:00:00,14.872222222222225,14.872222222222225,0.77,13.379100000000001,302.0,8.3076,0.0,1022.58
2023-11-09 20:00:00,14.81111111111111,14.81111111111111,0.79,20.7851,300.0,8.1305,0.0,1022.57
2023-11-09 21:00:00,15.18888888888889,15.18888888888889,0.73,20.769000000000002,310.0,11.9784,0.0,1023.05
2023-11-09 22:00:00,14.494444444444447,14.494444444444447,0.78,15.6009,307.0,11.688600000000001,0.0,1023.3
2023-11-09 23:00:00,13.75,13.75,0.81,11.511500000000002,299.0,12.2199,0.0,1023.13
2023-11-10 00:00:00,12.711111111111112,12.711111111111112,0.84,11.157300000000001,262.0,12.2199,0.0,1023.04
2023-11-10 01:00:00,12.066666666666666,12.066666666666666,0.88,3.6386,294.0,11.8818,0.0,1023.06
2023-11-10 02:00:00,11.694444444444443,11.694444444444443,0.86,3.6064000000000007,267.0,12.2521,0.0,1022.9
2023-11-10 03:00:00,12.200000000000001,12.200000000000001,0.86,3.3649,304.0,10.255700000000001,0.0,1022.56
2023-11-10 04:00:00,12.655555555555557,12.655555555555557,0.87,10.465,310.0,10.2235,0.0,1022.42
2023-11-10 05:00:00,12.850000000000001,12.850000000000001,0.82,9.4829,254.0,10.255700000000001,0.0,1022.21
2023-11-10 06:00:00,12.272222222222224,12.272222222222224,0.86,8.6135,265.0,10.255700000000001,0.0,1022.31
2023-11-10 07:00:00,12.711111111111112,12.711111111111112,0.84,9.6278,247.0,10.2235,0.0,1022.11
2023-11-10 08:00:00,12.966666666666669,12.966666666666669,0.82,8.1305,247.0,10.255700000000001,0.0,1022.67
2023-11-10 09:00:00,15.13888888888889,15.13888888888889,0.71,11.527600000000001,244.0,10.255700000000001,0.0,1022.39
2023-11-10 10:00:00,16.29444444444444,16.29444444444444,0.7,13.8299,266.0,10.577700000000002,0.0,1022.17
2023-11-10 11:00:00,17.872222222222224,17.872222222222224,0.64,20.4953,271.0,10.255700000000001,0.0,1021.6
2023-11-10 12:00:00,18.96111111111111,18.96111111111111,0.64,20.624100000000002,253.0,9.982000000000001,0.0,1020.81
2023-11-10 13:00:00,19.73333333333333,19.73333333333333,0.6,17.243100000000002,256.0,15.3111,0.0,1019.97
2023-11-10 14:00:00,19.90555555555555,19.90555555555555,0.57,17.549000000000003,273.0,16.1,0.0,1019.42
2023-11-10 15:00:00,18.86111111111111,18.86111111111111,0.56,13.2825,273.0,16.1,0.0,1019.34
2023-11-10 16:00:00,17.194444444444443,17.194444444444443,0.59,13.9748,266.0,15.552600000000002,0.0,1019.41
2023-11-10 17:00:00,15.116666666666667,15.116666666666667,0.71,13.041,290.0,16.1,0.0,1019.82
2023-11-10 18:00:00,14.072222222222221,14.072222222222221,0.67,9.965900000000001,280.0,16.1,0.0,1020.11
2023-11-10 19:00:00,12.7,12.7,0.74,4.1538,293.0,15.1823,0.0,1020.33
2023-11-10 20:00:00,12.777777777777779,12.777777777777779,0.72,8.0661,282.0,16.1,0.0,1020.14
2023-11-10 21:00:00,12.783333333333331,12.783333333333331,0.72,6.3434,268.0,16.1,0.0,1020.14
2023-11-10 22:00:00,12.294444444444444,12.294444444444444,0.75,13.491800000000001,262.0,15.1823,0.0,1020.18
2023-11-10 23:00:00,14.683333333333334,14.683333333333334,0.68,17.2753,290.0,16.1,0.0,1020.08
2023-11-11 00:00:00,14.288888888888888,14.288888888888888,0.7,14.039200000000001,280.0,16.1,0.0,1020.18
2023-11-11 01:00:00,15.527777777777779,15.527777777777779,0.69,18.6921,298.0,15.1823,0.0,1020.2
2023-11-11 02:00:00,14.972222222222221,14.972222222222221,0.69,17.2109,291.0,16.1,0.0,1020.37
2023-11-11 03:00:00,14.949999999999998,14.949999999999998,0.69,16.9533,291.0,16.1,0.0,1020.45
2023-11-11 04:00:00,14.972222222222221,14.972222222222221,0.72,15.665300000000002,311.0,15.1823,0.0,1020.26
2023-11-11 05:00:00,13.855555555555554,13.855555555555554,0.77,14.1197,291.0,16.1,0.0,1020.27
2023-11-11 06:00:00,14.883333333333333,14.883333333333333,0.72,17.5329,299.0,16.1,0.0,1020.64
2023-11-11 07:00:00,13.044444444444443,13.044444444444443,0.77,9.4185,295.0,15.1823,0.0,1020.98
2023-11-11 08:00:00,15.0,15.0,0.72,13.121500000000001,302.0,16.1,0.0,1021.13
2023-11-11 09:00:00,17.17777777777778,17.17777777777778,0.63,14.812,310.0,16.1,0.0,1021.61
2023-11-11 10:00:00,17.83888888888889,17.83888888888889,0.65,24.0534,319.0,15.552600000000002,0.0,1022.26
2023-11-11 11:00:00,19.97222222222222,19.97222222222222,0.57,22.4917,310.0,15.826300000000002,0.0,1022.21
2023-11-11 12:00:00,21.06111111111111,21.06111111111111,0.57,17.838800000000003,302.0,9.982000000000001,0.0,1021.94
2023-11-11 13:00:00,21.027777777777775,21.027777777777775,0.53,24.7457,303.0,10.3523,0.0,1021.96
2023-11-11 14:00:00,21.105555555555554,21.105555555555554,0.53,26.468400000000003,301.0,9.982000000000001,0.0,1021.74
2023-11-11 15:00:00,19.994444444444444,19.994444444444444,0.57,20.5597,319.0,10.255700000000001,0.0,1021.84
2023-11-11 16:00:00,18.061111111111114,18.061111111111114,0.63,10.770900000000001,310.0,10.577700000000002,0.0,1022.14
2023-11-11 17:00:00,16.20555555555556,16.20555555555556,0.67,9.7888,262.0,10.255700000000001,0.0,1022.52
2023-11-11 18:00:00,13.961111111111112,13.961111111111112,0.77,8.3881,273.0,10.255700000000001,0.0,1023.12
2023-11-11 19:00:00,14.094444444444443,14.094444444444443,0.77,9.965900000000001,274.0,15.1823,0.0,1023.42
2023-11-11 20:00:00,12.916666666666666,12.916666666666666,0.83,3.6547,279.0,16.1,0.0,1023.71
2023-11-11 21:00:00,11.9,11.9,0.85,10.8997,261.0,16.1,0.0,1023.81
2023-11-11 22:00:00,10.927777777777779,10.927777777777779,0.89,3.7191000000000005,265.0,15.1823,0.0,1024.17
2023-11-11 23:00:00,10.65,10.65,0.93,3.6547,255.0,16.1,0.0,1024.42
2023-11-12 00:00:00,10.055555555555555,10.055555555555555,0.93,3.6064000000000007,247.0,16.1,0.0,1024.62
2023-11-12 01:00:00,9.649999999999999,9.649999999999999,0.93,3.9767000000000006,270.0,11.8818,0.0,1024.75
2023-11-12 02:00:00,8.38888888888889,8.38888888888889,0.96,3.3649,228.0,12.075000000000001,0.0,1024.84
2023-11-12 03:00:00,8.777777777777777,8.005555555555553,0.96,6.279,253.0,11.8979,0.0,1024.82
2023-11-12 04:00:00,8.033333333333335,8.033333333333335,0.99,3.2844,235.0,11.4954,0.0,1024.7
2023-11-12 05:00:00,7.666666666666665,7.666666666666665,0.96,3.1234,219.0,3.5581,0.0,1025.21
2023-11-12 06:00:00,7.138888888888889,5.68888888888889,1.0,7.8729,232.0,3.22,0.0,1025.31
2023-11-12 07:00:00,7.838888888888889,7.838888888888889,1.0,3.0107000000000004,228.0,3.864,0.0,1025.38
2023-11-12 08:00:00,10.938888888888888,10.938888888888888,0.93,3.1234,209.0,9.8049,0.0,1025.92
2023-11-12 09:00:00,14.844444444444443,14.844444444444443,0.78,9.708300000000001,261.0,15.729700000000001,0.0,1026.12
2023-11-12 10:00:00,16.988888888888887,16.988888888888887,0.72,9.466800000000001,273.0,9.982000000000001,0.0,1026.31
2023-11-12 11:00:00,17.82222222222222,17.82222222222222,0.65,8.1144,279.0,16.0517,0.0,1026.2
2023-11-12 12:00:00,18.905555555555555,18.905555555555555,0.61,8.05,252.0,15.826300000000002,0.0,1026.0
2023-11-12 13:00:00,19.994444444444444,19.994444444444444,0.56,9.4185,264.0,10.3523,0.0,1025.55
2023-11-12 14:00:00,20.016666666666666,20.016666666666666,0.57,8.420300000000001,282.0,9.982000000000001,0.0,1025.21
2023-11-12 15:00:00,19.92777777777778,19.92777777777778,0.53,11.1895,299.0,15.826300000000002,0.0,1025.21
2023-11-12 16:00:00,17.511111111111113,17.511111111111113,0.61,7.212800000000001,308.0,15.552600000000002,0.0,1025.46
2023-11-12 17:00:00,14.005555555555556,14.005555555555556,0.72,9.8693,271.0,16.1,0.0,1025.8
2023-11-12 18:00:00,12.249999999999998,12.249999999999998,0.79,2.0608,250.0,16.1,0.0,1026.01
2023-11-12 19:00:00,9.483333333333333,7.96111111111111,0.89,10.4006,303.0,15.150100000000002,0.0,1026.53
2023-11-12 20:00:00,10.2,10.2,0.85,2.3506,295.0,15.922900000000002,0.0,1026.81
2023-11-12 21:00:00,10.52222222222222,10.52222222222222,0.83,3.8157000000000005,291.0,15.922900000000002,0.0,1027.24
2023-11-12 22:00:00,9.694444444444446,8.955555555555556,0.8,6.7137,322.0,14.9569,0.0,1027.56
2023-11-12 23:00:00,8.233333333333333,7.327777777777777,0.83,6.4561,338.0,15.826300000000002,0.0,1028.23
2023-11-13 00:00:00,7.172222222222221,6.222222222222224,0.86,6.021400000000001,320.0,14.812,0.0,1028.35
2023-11-13 01:00:00,6.383333333333335,5.222222222222221,0.89,6.3434,332.0,14.0875,0.0,1028.57
2023-11-13 02:00:00,4.994444444444445,4.994444444444445,0.96,3.3810000000000002,313.0,14.731500000000002,0.0,1028.75
2023-11-13 03:00:00,4.416666666666668,2.449999999999998,0.96,8.05,320.0,14.6832,0.0,1028.66
2023-11-13 04:00:00,4.622222222222223,4.622222222222223,0.96,2.7692,332.0,13.9748,0.0,1028.57
2023-11-13 05:00:00,3.7944444444444434,3.7944444444444434,0.93,3.22,30.0,5.9731000000000005,0.0,1028.64
2023-11-13 06:00:00,2.244444444444444,2.244444444444444,1.0,0.0,0.0,0.3703,0.0,1028.83
2023-11-13 07:00:00,2.983333333333332,2.983333333333332,0.96,1.61,3.0,0.5635,0.0,1028.9
2023-11-13 08:00:00,5.86111111111111,5.86111111111111,1.0,3.4132000000000002,42.0,1.8515,0.0,1029.02
2023-11-13 09:00:00,10.716666666666665,10.716666666666665,0.79,3.22,135.0,7.695800000000001,0.0,1029.02
2023-11-13 10:00:00,11.944444444444445,11.944444444444445,0.75,7.0679,148.0,8.7101,0.0,1028.92
2023-11-13 11:00:00,13.577777777777776,13.577777777777776,0.69,4.6690000000000005,178.0,14.457800000000002,0.0,1028.63
2023-11-13 12:00:00,14.711111111111109,14.711111111111109,0.68,4.2826,207.0,15.504300000000002,0.0,1028.12
2023-11-13 13:00:00,15.950000000000001,15.950000000000001,0.62,4.508,176.0,14.6349,0.0,1027.55
2023-11-13 14:00:00,15.966666666666669,15.966666666666669,0.59,7.615300000000001,158.0,15.729700000000001,0.0,1026.91
2023-11-13 15:00:00,15.988888888888889,15.988888888888889,0.62,4.8139,128.0,15.729700000000001,0.0,1026.5
2023-11-13 16:00:00,14.044444444444444,14.044444444444444,0.66,3.3327,118.0,14.586600000000002,0.0,1026.05
2023-11-13 17:00:00,10.988888888888889,10.988888888888889,0.81,1.6744,71.0,6.9874,0.0,1026.12
2023-11-13 18:00:00,8.833333333333334,8.833333333333334,0.93,3.1717,80.0,6.8264000000000005,0.0,1026.19
2023-11-13 19:00:00,8.916666666666664,7.683333333333333,0.9,8.3237,118.0,5.9409,0.0,1025.98
2023-11-13 20:00:00,7.6333333333333355,7.6333333333333355,0.9,0.0,0.0,5.8443000000000005,0.0,1025.61
2023-11-13 21:00:00,8.072222222222223,8.072222222222223,0.93,3.22,120.0,5.8443000000000005,0.0,1025.04
2023-11-13 22:00:00,5.38888888888889,4.044444444444445,0.99,6.44,110.0,1.2236,0.0,1024.69
2023-11-13 23:00:00,4.394444444444442,4.394444444444442,0.96,0.0,0.0,0.9338,0.0,1024.42
2023-11-14 00:00:00,4.3277777777777775,4.3277777777777775,0.96,0.0,0.0,0.16100000000000003,0.0,1023.87
2023-11-14 01:00:00,4.111111111111111,4.111111111111111,0.96,2.5599000000000003,352.0,0.7728,0.0,1023.8
2023-11-14 02:00:00,3.266666666666668,1.594444444444443,0.96,6.44,330.0,0.16100000000000003,0.0,1023.83
2023-11-14 03:00:00,3.2166666666666663,3.2166666666666663,1.0,3.4132000000000002,318.0,0.16100000000000003,0.0,1023.17
2023-11-14 04:00:00,3.6388888888888875,3.6388888888888875,0.96,3.4293,319.0,0.3703,0.0,1023.2
2023-11-14 05:00:00,3.955555555555554,3.955555555555554,0.92,2.1252000000000004,321.0,0.1771,0.0,1023.75
2023-11-14 06:00:00,3.9111111111111105,1.5388888888888905,0.92,9.2897,319.0,0.9338,0.0,1024.15
2023-11-14 07:00:00,5.266666666666665,5.266666666666665,0.94,4.7012,343.0,1.6744,0.0,1024.52
2023-11-14 08:00:00,7.200000000000001,7.200000000000001,0.93,3.9123000000000006,290.0,3.2361,0.0,1025.08
2023-11-14 09:00:00,9.933333333333334,7.788888888888891,0.86,15.4721,319.0,4.524100000000001,0.0,1025.94
2023-11-14 10:00:00,11.149999999999999,11.149999999999999,0.78,12.236,309.0,6.3756,0.0,1026.28
2023-11-14 11:00:00,13.838888888888887,13.838888888888887,0.51,25.582900000000002,319.0,8.420300000000001,0.0,1026.23
2023-11-14 12:00:00,14.905555555555553,14.905555555555553,0.43,25.470200000000002,320.0,15.1823,0.0,1026.13
2023-11-14 13:00:00,14.86111111111111,14.86111111111111,0.36,30.380700000000004,312.0,14.7637,0.0,1026.14
2023-11-14 14:00:00,13.905555555555557,13.905555555555557,0.39,26.887,310.0,15.1823,0.0,1026.01
2023-11-14 15:00:00,12.238888888888889,12.238888888888889,0.4,15.101800000000003,321.0,16.1,0.0,1025.91
2023-11-14 16:00:00,10.533333333333335,10.533333333333335,0.43,6.391700000000001,332.0,9.016,0.0,1026.08
2023-11-14 17:00:00,8.027777777777779,6.555555555555554,0.48,8.694,331.0,8.420300000000001,0.0,1026.31
2023-11-14 18:00:00,7.872222222222224,5.416666666666667,0.49,14.1841,279.0,12.2521,0.0,1026.72
2023-11-14 19:00:00,7.577777777777778,6.066666666666667,0.53,8.4686,275.0,14.3612,0.0,1026.61
2023-11-14 20:00:00,5.266666666666665,4.466666666666666,0.64,4.83,253.0,16.1,0.0,1026.6
2023-11-14 21:00:00,5.250000000000002,3.8333333333333326,0.64,6.617100000000001,242.0,16.1,0.0,1026.22
2023-11-14 22:00:00,6.366666666666667,5.205555555555554,0.61,6.3434,264.0,15.1823,0.0,1026.19
2023-11-14 23:00:00,5.416666666666667,5.416666666666667,0.66,3.22,274.0,16.1,0.0,1025.72
2023-11-15 00:00:00,6.461111111111112,5.266666666666665,0.66,6.5044,249.0,16.1,0.0,1025.52
2023-11-15 01:00:00,7.000000000000001,6.238888888888887,0.65,5.361300000000001,251.0,15.1823,0.0,1025.24
2023-11-15 02:00:00,6.383333333333335,6.383333333333335,0.67,3.1234,247.0,16.1,0.0,1024.69
2023-11-15 03:00:00,6.4111111111111105,6.4111111111111105,0.69,3.0751,180.0,16.1,0.0,1024.01
2023-11-15 04:00:00,6.127777777777778,6.127777777777778,0.71,3.1234,209.0,15.1823,0.0,1023.41
2023-11-15 05:00:00,6.016666666666666,6.016666666666666,0.77,4.7012,189.0,16.1,0.0,1023.18
2023-11-15 06:00:00,5.0,3.1944444444444446,0.86,7.824600000000001,181.0,10.255700000000001,0.0,1022.49
2023-11-15 07:00:00,6.205555555555557,4.9,0.78,6.7620000000000005,166.0,10.577700000000002,0.0,1022.19
2023-11-15 08:00:00,7.216666666666669,5.872222222222223,0.73,7.5187,181.0,10.255700000000001,0.0,1021.59
2023-11-15 09:00:00,8.816666666666666,7.427777777777777,0.66,8.9677,190.0,16.1,0.0,1021.12
2023-11-15 10:00:00,11.649999999999999,11.649999999999999,0.52,14.2485,201.0,15.1823,0.0,1020.3
2023-11-15 11:00:00,12.588888888888887,12.588888888888887,0.46,16.856700000000004,182.0,16.1,0.0,1019.5
2023-11-15 12:00:00,13.655555555555555,13.655555555555555,0.4,21.268100000000004,210.0,16.1,0.0,1018.3
2023-11-15 13:00:00,13.77222222222222,13.77222222222222,0.4,18.9175,205.0,15.552600000000002,0.0,1016.9
2023-11-15 14:00:00,13.816666666666666,13.816666666666666,0.4,17.2753,211.0,16.1,0.0,1015.56
2023-11-15 15:00:00,13.722222222222223,13.722222222222223,0.43,15.359399999999999,201.0,15.826300000000002,0.0,1014.68
2023-11-15 16:00:00,12.272222222222224,12.272222222222224,0.5,10.110800000000001,234.0,15.3111,0.0,1013.94
2023-11-15 17:00:00,12.105555555555554,12.105555555555554,0.51,3.4293,207.0,9.982000000000001,0.0,1013.59
2023-11-15 18:00:00,11.083333333333336,11.083333333333336,0.61,9.434600000000001,211.0,10.2074,0.0,1013.4
2023-11-15 19:00:00,11.077777777777776,11.077777777777776,0.63,4.7495,267.0,15.150100000000002,0.0,1013.01
2023-11-15 20:00:00,9.955555555555556,9.955555555555556,0.71,1.8837,256.0,9.982000000000001,0.0,1013.09
2023-11-15 21:00:00,9.472222222222221,8.677777777777777,0.77,6.7942,221.0,16.0517,0.0,1013.26
2023-11-15 22:00:00,10.5,10.5,0.73,10.0303,215.0,15.021300000000002,0.0,1013.11
2023-11-15 23:00:00,12.022222222222222,12.022222222222222,0.75,17.919300000000003,269.0,9.982000000000001,0.0,1013.46
2023-11-16 00:00:00,11.561111111111112,11.561111111111112,0.8,20.736800000000002,271.0,15.826300000000002,0.0,1013.11
2023-11-16 01:00:00,13.08888888888889,13.08888888888889,0.74,15.794100000000002,293.0,14.9569,0.0,1012.86
2023-11-16 02:00:00,15.150000000000002,15.150000000000002,0.66,34.615,290.0,15.826300000000002,0.0,1012.75
2023-11-16 03:00:00,14.755555555555556,14.755555555555556,0.65,30.847600000000003,280.0,15.826300000000002,0.0,1012.66
2023-11-16 04:00:00,14.86111111111111,14.86111111111111,0.63,25.5346,298.0,14.9569,0.0,1012.85
2023-11-16 05:00:00,15.866666666666667,15.866666666666667,0.59,38.3663,289.0,10.255700000000001,0.0,1012.5
2023-11-16 06:00:00,14.799999999999999,14.799999999999999,0.61,37.062200000000004,300.0,16.1,0.0,1012.99
2023-11-16 07:00:00,14.655555555555557,14.655555555555557,0.61,33.3592,300.0,15.1823,0.0,1013.39
2023-11-16 08:00:00,14.866666666666665,14.866666666666665,0.62,31.008600000000005,300.0,9.982000000000001,0.0,1013.81
2023-11-16 09:00:00,14.883333333333333,14.883333333333333,0.63,28.223300000000002,300.0,9.982000000000001,0.0,1014.7
2023-11-16 10:00:00,15.083333333333334,15.083333333333334,0.62,22.5239,321.0,10.577700000000002,0.0,1015.19
2023-11-16 11:00:00,16.15555555555555,16.15555555555555,0.62,31.266200000000005,329.0,9.982000000000001,0.0,1015.29
2023-11-16 12:00:00,17.800000000000004,17.800000000000004,0.56,25.438000000000002,320.0,9.982000000000001,0.0,1015.33
2023-11-16 13:00:00,17.788888888888884,17.788888888888884,0.56,26.1625,331.0,10.3523,0.0,1015.41
2023-11-16 14:00:00,17.772222222222226,17.772222222222226,0.56,21.8316,311.0,10.255700000000001,0.0,1015.45
2023-11-16 15:00:00,17.23888888888889,17.23888888888889,0.58,17.1626,300.0,10.255700000000001,0.0,1015.84
2023-11-16 16:00:00,15.261111111111111,15.261111111111111,0.65,8.6135,312.0,10.577700000000002,0.0,1016.46
2023-11-16 17:00:00,12.777777777777779,12.777777777777779,0.72,0.1449,10.0,10.255700000000001,0.0,1017.01
2023-11-16 18:00:00,10.905555555555557,10.905555555555557,0.8,3.2039,135.0,16.1,0.0,1017.33
2023-11-16 19:00:00,9.133333333333333,8.02222222222222,0.84,7.921200000000001,153.0,14.876400000000002,0.0,1017.85
2023-11-16 20:00:00,8.661111111111113,8.661111111111113,0.93,3.22,190.0,15.729700000000001,0.0,1018.22
2023-11-16 21:00:00,6.527777777777778,5.483333333333332,0.96,6.0375000000000005,150.0,15.456,0.0,1018.5
2023-11-16 22:00:00,6.277777777777776,5.333333333333334,0.96,5.6028,194.0,5.0876,0.0,1018.85
2023-11-16 23:00:00,5.438888888888888,4.2444444444444445,0.99,6.0053,169.0,1.61,0.0,1019.09
2023-11-17 00:00:00,4.905555555555555,3.544444444444446,1.0,6.262900000000001,189.0,3.2039,0.0,1019.1
2023-11-17 01:00:00,5.46111111111111,4.300000000000001,0.93,5.9087000000000005,160.0,6.0375000000000005,0.0,1019.05
2023-11-17 02:00:00,4.927777777777776,3.6055555555555565,0.96,6.1341,161.0,9.6117,0.0,1018.98
2023-11-17 03:00:00,5.411111111111112,4.122222222222224,0.93,6.295100000000001,170.0,1.932,0.0,1018.87
2023-11-17 04:00:00,4.688888888888887,3.2944444444444443,0.96,6.262900000000001,153.0,9.209200000000001,0.0,1018.6
2023-11-17 05:00:00,3.9111111111111105,1.5611111111111124,0.93,9.193100000000001,151.0,9.8049,0.0,1018.57
2023-11-17 06:00:00,3.838888888888887,1.9055555555555554,0.92,7.583100000000001,131.0,4.0733,0.0,1018.56
2023-11-17 07:00:00,3.938888888888891,2.0222222222222226,1.0,7.583100000000001,151.0,5.2003,0.0,1018.56
2023-11-17 08:00:00,7.555555555555555,6.205555555555557,0.89,7.760200000000001,133.0,5.0876,0.0,1018.77
2023-11-17 09:00:00,10.972222222222221,10.972222222222221,0.78,9.2897,160.0,7.1645,0.0,1018.67
2023-11-17 10:00:00,12.916666666666666,12.916666666666666,0.68,12.88,163.0,9.450700000000001,0.0,1018.39
2023-11-17 11:00:00,14.027777777777779,14.027777777777779,0.63,12.1555,171.0,14.9086,0.0,1017.86
2023-11-17 12:00:00,16.183333333333334,16.183333333333334,0.56,10.5455,170.0,15.826300000000002,0.0,1017.08
2023-11-17 13:00:00,17.41111111111111,17.41111111111111,0.46,4.9427,202.0,14.7798,0.0,1016.52
2023-11-17 14:00:00,17.22222222222222,17.22222222222222,0.48,3.4454000000000002,194.0,15.826300000000002,0.0,1016.28
2023-11-17 15:00:00,16.11111111111111,16.11111111111111,0.58,3.22,160.0,0.0,0.0,0.0
2023-11-17 16:00:00,14.055555555555554,14.055555555555554,0.62,7.969500000000001,139.0,9.450700000000001,0.0,1015.5
2023-11-17 17:00:00,10.166666666666664,10.166666666666664,0.71,4.6046000000000005,240.0,8.1305,0.0,1015.56
2023-11-17 18:00:00,10.050000000000002,10.050000000000002,0.77,3.0751,260.0,11.9784,0.0,1016.28
2023-11-17 19:00:00,10.144444444444442,10.144444444444442,0.78,3.1234,78.0,10.8836,0.0,1016.27
2023-11-17 20:00:00,8.77222222222222,8.77222222222222,0.78,1.4007,28.0,9.8049,0.0,1016.8
2023-11-17 21:00:00,8.172222222222224,7.477777777777779,0.84,5.6833,325.0,9.8049,0.0,1016.16
2023-11-17 22:00:00,7.561111111111111,6.983333333333333,0.84,5.055400000000001,302.0,7.502600000000001,0.0,1016.68
2023-11-17 23:00:00,6.644444444444445,6.644444444444445,0.86,3.3166,245.0,6.9874,0.0,1016.64
2023-11-18 00:00:00,6.716666666666669,6.716666666666669,0.86,3.4293,271.0,7.969500000000001,0.0,1016.83
2023-11-18 01:00:00,7.066666666666666,7.066666666666666,0.86,3.1234,243.0,7.728,0.0,1017.02
2023-11-18 02:00:00,8.28888888888889,8.28888888888889,0.84,3.4776000000000002,195.0,7.969500000000001,0.0,1016.61
2023-11-18 03:00:00,8.294444444444444,7.405555555555555,0.83,6.423900000000001,212.0,8.05,0.0,1016.4
2023-11-18 04:00:00,7.883333333333332,7.061111111111112,0.87,5.957000000000001,204.0,7.550900000000001,0.0,1016.13
2023-11-18 05:00:00,7.227777777777776,4.9333333333333345,0.86,12.2199,191.0,7.1323,0.0,1015.67
2023-11-18 06:00:00,7.927777777777781,6.288888888888889,0.82,9.3863,193.0,7.1323,0.0,1015.51
2023-11-18 07:00:00,8.0,8.0,0.87,4.4758,190.0,9.982000000000001,0.0,1015.94
2023-11-18 08:00:00,9.011111111111111,6.872222222222221,0.82,13.765500000000001,191.0,9.982000000000001,0.0,1015.1
2023-11-18 09:00:00,12.13888888888889,12.13888888888889,0.72,5.184200000000001,223.0,14.9086,0.0,1015.22
2023-11-18 10:00:00,12.761111111111111,12.761111111111111,0.65,13.3308,240.0,14.3612,0.0,1015.64
2023-11-18 11:00:00,14.983333333333333,14.983333333333333,0.55,12.654600000000002,223.0,16.0517,0.0,1015.47
2023-11-18 12:00:00,17.15,17.15,0.49,21.4935,232.0,16.0517,0.0,1014.99
2023-11-18 13:00:00,17.627777777777776,17.627777777777776,0.47,21.2359,272.0,15.3111,0.0,1014.6
2023-11-18 14:00:00,17.800000000000004,17.800000000000004,0.46,14.6188,271.0,15.826300000000002,0.0,1014.76
2023-11-18 15:00:00,17.800000000000004,17.800000000000004,0.46,11.0446,251.0,16.1,0.0,1015.17
2023-11-18 16:00:00,15.18888888888889,15.18888888888889,0.55,7.3094,235.0,15.552600000000002,0.0,1015.86
2023-11-18 17:00:00,11.466666666666667,11.466666666666667,0.7,8.291500000000001,239.0,16.1,0.0,1016.86
2023-11-18 18:00:00,11.338888888888887,11.338888888888887,0.65,11.3022,254.0,16.1,0.0,1016.9
2023-11-18 19:00:00,9.483333333333333,7.916666666666667,0.82,10.6582,246.0,15.1823,0.0,1018.53
2023-11-18 20:00:00,9.916666666666666,8.222222222222221,0.77,12.0267,250.0,16.1,0.0,1019.03
2023-11-18 21:00:00,9.33888888888889,7.811111111111113,0.77,10.239600000000001,250.0,16.1,0.0,1019.53
2023-11-18 22:00:00,8.416666666666666,7.572222222222223,0.82,6.327300000000001,246.0,15.1823,0.0,1020.33
2023-11-18 23:00:00,7.694444444444445,7.694444444444445,0.83,3.0268,208.0,16.1,0.0,1020.72
2023-11-19 00:00:00,7.094444444444446,7.094444444444446,0.86,3.3166,225.0,16.1,0.0,1020.8
2023-11-19 01:00:00,7.172222222222221,7.172222222222221,0.87,3.5420000000000007,230.0,15.1823,0.0,1020.5
2023-11-19 02:00:00,6.005555555555556,6.005555555555556,0.93,3.22,250.0,15.1823,0.0,1020.7
2023-11-19 03:00:00,5.42777777777778,5.42777777777778,0.89,3.3649,214.0,11.9784,0.0,1020.4
2023-11-19 04:00:00,4.666666666666666,4.666666666666666,0.93,2.9946,192.0,9.982000000000001,0.0,1020.32
2023-11-19 05:00:00,3.944444444444445,1.5777777777777797,0.92,9.2897,181.0,9.982000000000001,0.0,1020.27
2023-11-19 06:00:00,2.9277777777777794,0.8111111111111116,0.96,7.6636,173.0,8.1305,0.0,1019.99
2023-11-19 07:00:00,4.1166666666666645,4.1166666666666645,0.99,3.1556,170.0,6.3112,0.0,1020.17
2023-11-19 08:00:00,7.116666666666668,6.072222222222222,0.86,6.3434,206.0,6.1985,0.0,1021.06
2023-11-19 09:00:00,9.988888888888887,9.022222222222224,0.83,7.9373000000000005,184.0,8.1305,0.0,1020.88
2023-11-19 10:00:00,12.583333333333334,12.583333333333334,0.72,3.5742000000000007,194.0,11.0285,0.0,1020.84
2023-11-19 11:00:00,16.016666666666666,16.016666666666666,0.58,7.905100000000001,211.0,16.1,0.0,1020.1
2023-11-19 12:00:00,17.15,17.15,0.52,7.4543,164.0,16.1,0.0,1020.06
2023-11-19 13:00:00,17.849999999999998,17.849999999999998,0.45,3.7191000000000005,185.0,15.552600000000002,0.0,1019.14
2023-11-19 14:00:00,17.77777777777778,17.77777777777778,0.5,1.6422,144.0,16.1,0.0,1018.58
2023-11-19 15:00:00,16.227777777777778,16.227777777777778,0.55,10.7548,110.0,16.1,0.0,1018.38
2023-11-19 16:00:00,14.25,14.25,0.61,8.8067,121.0,15.1823,0.0,1018.56
2023-11-19 17:00:00,12.244444444444444,12.244444444444444,0.72,4.7495,154.0,9.064300000000001,0.0,1018.02
2023-11-19 18:00:00,10.18888888888889,10.18888888888889,0.77,4.6368,167.0,9.064300000000001,0.0,1018.12
2023-11-19 19:00:00,8.383333333333335,8.383333333333335,0.83,0.6118,207.0,8.420300000000001,0.0,1018.52
2023-11-19 20:00:00,7.327777777777777,7.327777777777777,0.79,4.8139,221.0,6.295100000000001,0.0,1018.65
2023-11-19 21:00:00,6.7944444444444425,4.683333333333334,0.89,10.6904,201.0,6.295100000000001,0.0,1018.07
2023-11-19 22:00:00,7.683333333333333,5.56111111111111,0.85,11.7369,182.0,8.420300000000001,0.0,1017.21
2023-11-19 23:00:00,7.744444444444444,5.744444444444446,0.84,11.125100000000002,230.0,8.1305,0.0,1017.29
2023-11-20 00:00:00,7.166666666666667,5.083333333333332,0.86,10.948,230.0,8.1305,0.0,1017.05
2023-11-20 01:00:00,7.777777777777778,5.083333333333332,0.87,15.826300000000002,223.0,8.420300000000001,0.0,1015.66
2023-11-20 02:00:00,7.827777777777779,5.416666666666667,0.86,13.846,229.0,9.982000000000001,0.0,1015.07
2023-11-20 03:00:00,8.311111111111112,5.616666666666666,0.84,16.840600000000002,210.0,8.1305,0.0,1013.98
2023-11-20 04:00:00,8.11111111111111,5.555555555555555,0.86,15.359399999999999,208.0,8.420300000000001,0.0,1013.58
2023-11-20 05:00:00,10.0,8.050000000000002,0.77,14.023100000000003,220.0,9.982000000000001,0.0,1013.41
2023-11-20 06:00:00,7.472222222222224,4.988888888888887,0.92,13.781600000000001,182.0,9.982000000000001,0.0,1012.5
2023-11-20 07:00:00,7.944444444444443,5.3,0.89,15.729700000000001,196.0,6.8425,0.0,1012.42
2023-11-20 08:00:00,7.98888888888889,5.488888888888891,0.88,14.731500000000002,202.0,6.295100000000001,0.0,1012.2
2023-11-20 09:00:00,10.116666666666667,10.116666666666667,0.82,16.7601,193.0,6.391700000000001,0.0,1011.48
2023-11-20 10:00:00,12.711111111111112,12.711111111111112,0.69,15.407700000000002,237.0,7.631400000000001,0.0,1012.25
2023-11-20 11:00:00,13.861111111111112,13.861111111111112,0.64,24.520300000000002,260.0,11.9784,0.0,1011.3
2023-11-20 12:00:00,14.949999999999998,14.949999999999998,0.6,26.065900000000003,251.0,9.982000000000001,0.0,1010.57
2023-11-20 13:00:00,15.88888888888889,15.88888888888889,0.53,21.6384,262.0,10.3523,0.0,1009.49
2023-11-20 14:00:00,14.927777777777777,14.927777777777777,0.6,21.4613,251.0,10.255700000000001,0.0,1008.81
2023-11-20 15:00:00,14.905555555555553,14.905555555555553,0.6,9.2736,241.0,9.982000000000001,0.0,1008.39
2023-11-20 16:00:00,13.827777777777778,13.827777777777778,0.64,4.7012,239.0,10.2235,0.0,1007.69
2023-11-20 17:00:00,12.727777777777776,12.727777777777776,0.72,7.583100000000001,180.0,10.255700000000001,0.0,1006.96
2023-11-20 18:00:00,12.216666666666669,12.216666666666669,0.74,12.2843,160.0,10.2074,0.0,1006.15
2023-11-20 19:00:00,12.344444444444443,12.344444444444443,0.73,13.6689,165.0,10.2235,0.0,1004.8
2023-11-20 20:00:00,12.288888888888888,12.288888888888888,0.72,13.0088,189.0,10.255700000000001,0.0,1003.51
2023-11-20 21:00:00,12.266666666666666,12.266666666666666,0.69,14.49,181.0,15.1823,0.0,1002.1
2023-11-20 22:00:00,11.700000000000001,11.700000000000001,0.69,14.49,186.0,14.3934,0.0,1000.93
2023-11-20 23:00:00,11.255555555555553,11.255555555555553,0.69,20.3826,190.0,15.1823,0.0,999.47
2023-11-21 00:00:00,11.833333333333332,11.833333333333332,0.66,20.5919,191.0,15.1823,0.0,998.57
2023-11-21 01:00:00,12.111111111111109,12.111111111111109,0.65,23.828000000000003,193.0,14.3934,0.0,997.5
2023-11-21 02:00:00,12.82777777777778,12.82777777777778,0.61,20.1733,191.0,15.1823,0.0,996.19
2023-11-21 03:00:00,12.383333333333333,12.383333333333333,0.61,24.777900000000002,191.0,14.9086,0.0,995.21
2023-11-21 04:00:00,10.583333333333332,10.583333333333332,0.78,19.416600000000003,193.0,9.1287,0.0,994.39
2023-11-21 05:00:00,9.994444444444447,8.255555555555555,0.86,12.461400000000001,173.0,6.295100000000001,0.0,993.61
2023-11-21 06:00:00,9.883333333333333,6.916666666666668,0.87,23.634800000000002,311.0,4.2987,0.0,993.15
2023-11-21 07:00:00,9.038888888888891,6.155555555555555,0.89,20.221600000000002,320.0,7.631400000000001,0.0,994.33
2023-11-21 08:00:00,8.75,5.599999999999999,0.89,22.1858,328.0,9.982000000000001,0.0,995.36
2023-11-21 09:00:00,7.66111111111111,4.366666666666666,0.89,20.6885,319.0,9.982000000000001,0.0,995.47
2023-11-21 10:00:00,7.816666666666666,4.283333333333334,0.9,23.5382,322.0,10.3523,0.0,995.91
2023-11-21 11:00:00,7.66111111111111,4.722222222222222,0.89,17.549000000000003,329.0,9.982000000000001,0.0,996.05
2023-11-21 12:00:00,7.66111111111111,4.233333333333332,0.89,22.024800000000003,319.0,9.982000000000001,0.0,994.7
2023-11-21 13:00:00,7.244444444444444,3.8555555555555543,0.88,20.5275,331.0,9.982000000000001,0.0,994.88
2023-11-21 14:00:00,7.127777777777776,4.777777777777779,0.87,12.445300000000001,347.0,9.982000000000001,0.0,994.77
2023-11-21 15:00:00,7.127777777777776,4.377777777777779,0.87,15.117900000000002,348.0,8.1305,0.0,994.5
2023-11-21 16:00:00,6.205555555555557,3.427777777777779,0.93,13.8299,332.0,5.4579,0.0,994.55
2023-11-21 17:00:00,6.038888888888888,3.18888888888889,0.93,14.0553,338.0,4.6207,0.0,994.38
2023-11-21 18:00:00,6.016666666666666,2.9055555555555537,0.93,15.810200000000002,339.0,5.0876,0.0,993.56
2023-11-21 19:00:00,5.983333333333335,3.2166666666666663,0.94,13.4757,341.0,4.9266000000000005,0.0,993.4
2023-11-21 20:00:00,5.994444444444444,3.1166666666666663,0.93,14.1841,331.0,5.0393,0.0,993.45
2023-11-21 21:00:00,5.444444444444443,2.411111111111113,0.93,14.3451,332.0,5.216400000000001,0.0,992.8
2023-11-21 22:00:00,4.433333333333332,0.8333333333333334,0.93,16.5347,349.0,7.2772,0.0,993.2
2023-11-21 23:00:00,3.8444444444444454,0.47777777777777747,0.89,14.168000000000003,339.0,6.1985,0.0,993.5
2023-11-22 00:00:00,3.3333333333333335,-0.5833333333333337,0.89,16.9211,329.0,6.1985,0.0,994.56
2023-11-22 01:00:00,3.355555555555555,0.4999999999999992,0.93,10.948,293.0,6.6976,0.0,995.47
2023-11-22 02:00:00,3.3333333333333335,1.655555555555554,0.92,6.488300000000001,271.0,6.1985,0.0,996.02
2023-11-22 03:00:00,3.3333333333333335,0.5055555555555536,0.96,10.8031,270.0,9.8049,0.0,996.41
2023-11-22 04:00:00,3.3333333333333335,1.7499999999999991,0.96,6.230700000000001,256.0,14.023100000000003,0.0,997.05
2023-11-22 05:00:00,3.8222222222222237,3.8222222222222237,0.92,4.717300000000001,269.0,14.731500000000002,0.0,997.09
2023-11-22 06:00:00,2.7611111111111106,0.20555555555555413,0.96,9.177000000000001,171.0,8.0017,0.0,997.12
2023-11-22 07:00:00,3.699999999999998,3.699999999999998,0.93,4.8139,202.0,5.4579,0.0,998.25
2023-11-22 08:00:00,3.800000000000002,0.7388888888888879,0.92,12.4292,210.0,5.0876,0.0,998.6
2023-11-22 09:00:00,3.8444444444444454,1.4777777777777759,0.92,9.2253,220.0,9.9015,0.0,999.19
2023-11-22 10:00:00,3.9000000000000017,3.9000000000000017,0.92,0.49910000000000004,73.0,8.8228,0.0,999.16
2023-11-22 11:00:00,3.8444444444444454,1.0999999999999983,0.92,10.8997,290.0,4.9910000000000005,0.0,999.58
2023-11-22 12:00:00,3.8444444444444454,1.1500000000000001,0.92,10.642100000000001,234.0,5.0393,0.0,1000.14
2023-11-22 13:00:00,3.788888888888889,0.6722222222222227,0.91,12.7029,282.0,8.758400000000002,0.0,1000.97
2023-11-22 14:00:00,3.866666666666667,1.1166666666666656,0.89,10.9319,290.0,9.8049,0.0,1002.04
2023-11-22 15:00:00,3.838888888888887,0.994444444444444,0.92,11.3666,273.0,9.7566,0.0,1003.22
2023-11-22 16:00:00,3.8499999999999996,1.188888888888889,0.92,10.4972,265.0,7.5348,0.0,1004.41
2023-11-22 17:00:00,3.816666666666665,0.472222222222223,0.92,14.007,271.0,6.9874,0.0,1005.44
2023-11-22 18:00:00,3.8444444444444454,0.5055555555555536,0.89,14.023100000000003,289.0,8.8872,0.0,1006.81
2023-11-22 19:00:00,2.933333333333334,0.7222222222222207,0.96,8.0017,230.0,9.048200000000001,0.0,1007.91
2023-11-22 20:00:00,2.272222222222224,-0.8555555555555551,0.92,11.1895,243.0,6.295100000000001,0.0,1009.09
2023-11-22 21:00:00,1.6722222222222212,-1.466666666666667,0.96,10.6904,183.0,5.216400000000001,0.0,1009.99
2023-11-22 22:00:00,1.8444444444444446,-1.2722222222222217,0.93,10.7548,270.0,5.9248,0.0,1010.51
2023-11-22 23:00:00,2.1111111111111094,-1.0611111111111111,0.9,11.237800000000002,251.0,7.212800000000001,0.0,1011.62
2023-11-23 00:00:00,1.6222222222222231,-2.194444444444444,0.89,13.894300000000003,260.0,9.982000000000001,0.0,1012.65
2023-11-23 01:00:00,1.8444444444444446,-0.03888888888888905,0.9,6.4078,250.0,11.688600000000001,0.0,1013.76
2023-11-23 02:00:00,1.6000000000000014,-0.3888888888888885,0.9,6.601,242.0,14.9086,0.0,1014.62
2023-11-23 03:00:00,1.6666666666666667,-1.4999999999999996,0.9,10.8192,242.0,14.9086,0.0,1015.54
2023-11-23 04:00:00,1.2722222222222217,-1.9111111111111119,0.92,10.5616,264.0,14.1197,0.0,1016.41
2023-11-23 05:00:00,0.0500000000000019,-3.0666666666666664,0.92,9.3541,290.0,14.812,0.0,1017.42
2023-11-23 06:00:00,-0.044444444444443496,-1.6499999999999995,0.92,5.055400000000001,263.0,9.9015,0.0,1018.15
2023-11-23 07:00:00,-0.033333333333332625,-0.033333333333332625,0.93,4.6851,253.0,6.6976,0.0,1019.1
2023-11-23 08:00:00,1.0222222222222241,1.0222222222222241,0.92,3.4776000000000002,265.0,8.0017,0.0,1020.42
2023-11-23 09:00:00,2.7111111111111126,1.4222222222222234,0.83,5.184200000000001,274.0,15.826300000000002,0.0,1021.52
2023-11-23 10:00:00,3.944444444444445,1.3833333333333344,0.76,10.143,305.0,15.1823,0.0,1022.49
2023-11-23 11:00:00,6.066666666666667,4.372222222222221,0.69,8.1305,329.0,16.1,0.0,1022.74
2023-11-23 12:00:00,7.1499999999999995,4.788888888888888,0.6,12.5419,329.0,9.982000000000001,0.0,1022.81
2023-11-23 13:00:00,7.172222222222221,7.172222222222221,0.49,4.6046000000000005,346.0,10.3523,0.0,1023.21
2023-11-23 14:00:00,7.1499999999999995,7.1499999999999995,0.49,3.3166,355.0,9.982000000000001,0.0,1023.12
2023-11-23 15:00:00,7.105555555555555,7.105555555555555,0.51,4.6046000000000005,340.0,10.255700000000001,0.0,1023.52
2023-11-23 16:00:00,4.988888888888887,4.988888888888887,0.59,0.22540000000000004,0.0,15.552600000000002,0.0,1024.32
2023-11-23 17:00:00,2.2666666666666657,2.2666666666666657,0.72,3.22,0.0,16.1,0.0,1025.2
2023-11-23 18:00:00,2.1722222222222203,-0.18333333333333238,0.72,8.05,20.0,16.1,0.0,1025.61
2023-11-23 19:00:00,1.2611111111111128,1.2611111111111128,0.78,0.5152,13.0,15.1823,0.0,1025.92
2023-11-23 20:00:00,1.1333333333333329,1.1333333333333329,0.78,3.22,310.0,15.826300000000002,0.0,1026.43
2023-11-23 21:00:00,1.1111111111111112,1.1111111111111112,0.85,3.22,320.0,15.729700000000001,0.0,1026.63
2023-11-23 22:00:00,1.1277777777777784,1.1277777777777784,0.88,3.4454000000000002,18.0,14.0875,0.0,1026.79
2023-11-23 23:00:00,1.0166666666666657,-0.9500000000000005,0.85,6.279,340.0,8.05,0.0,1026.75
2023-11-24 00:00:00,0.5277777777777793,-1.4388888888888889,0.85,6.1019000000000005,359.0,8.05,0.0,1026.96
2023-11-24 01:00:00,1.6111111111111103,-1.3499999999999999,0.79,9.9176,0.0,8.420300000000001,0.0,1026.64
2023-11-24 02:00:00,1.0388888888888874,-2.261111111111111,0.82,10.835300000000002,8.0,8.1305,0.0,1026.56
2023-11-24 03:00:00,1.5666666666666669,-1.594444444444445,0.78,10.706500000000002,10.0,9.982000000000001,0.0,1026.73
2023-11-24 04:00:00,2.0333333333333314,-0.8555555555555551,0.81,9.965900000000001,10.0,9.982000000000001,0.0,1026.46
2023-11-24 05:00:00,2.077777777777779,-0.9833333333333331,0.79,10.722600000000002,0.0,9.982000000000001,0.0,1026.86
2023-11-24 06:00:00,2.077777777777779,-1.3499999999999999,0.79,12.4131,0.0,11.9784,0.0,1026.87
2023-11-24 07:00:00,2.049999999999999,-1.533333333333334,0.8,13.1376,17.0,11.688600000000001,0.0,1026.91
2023-11-24 08:00:00,2.105555555555555,-1.2333333333333327,0.73,12.0106,19.0,15.826300000000002,0.0,1027.17
2023-11-24 09:00:00,2.6833333333333322,-0.5833333333333337,0.71,12.2521,0.0,10.2074,0.0,1027.45
2023-11-24 10:00:00,2.872222222222223,0.00555555555555445,0.74,10.5455,8.0,10.5455,0.0,1026.99
2023-11-24 11:00:00,3.816666666666665,0.7611111111111097,0.64,12.4131,349.0,10.255700000000001,0.0,1026.75
2023-11-24 12:00:00,3.816666666666665,0.7944444444444443,0.65,12.236,350.0,10.255700000000001,0.0,1025.98
2023-11-24 13:00:00,3.877777777777776,1.3222222222222237,0.64,10.0464,342.0,10.577700000000002,0.0,1025.65
2023-11-24 14:00:00,3.838888888888887,1.0888888888888895,0.64,10.9158,351.0,16.1,0.0,1025.06
2023-11-24 15:00:00,2.7777777777777777,-0.14444444444444532,0.75,10.722600000000002,330.0,10.255700000000001,0.0,1024.95
2023-11-24 16:00:00,2.816666666666667,0.35555555555555585,0.74,8.8389,331.0,10.577700000000002,0.0,1024.77
2023-11-24 17:00:00,2.6833333333333322,-0.29999999999999954,0.7,10.8997,340.0,10.255700000000001,0.0,1024.82
2023-11-24 18:00:00,2.105555555555555,-1.3222222222222217,0.73,12.445300000000001,320.0,10.2074,0.0,1024.44
2023-11-24 19:00:00,2.183333333333333,-1.25,0.73,12.558,313.0,10.5455,0.0,1024.19
2023-11-24 20:00:00,2.061111111111112,-0.3166666666666668,0.8,8.05,300.0,10.0786,0.0,1023.93
2023-11-24 21:00:00,2.0833333333333335,0.22777777777777589,0.8,6.44,0.0,14.9086,0.0,1023.55
2023-11-24 22:00:00,1.6277777777777775,-0.11111111111111072,0.79,5.9248,359.0,14.168000000000003,0.0,1023.05
2023-11-24 23:00:00,1.5722222222222213,-1.6222222222222231,0.76,10.851400000000002,359.0,11.9784,0.0,1022.34
2023-11-25 00:00:00,0.994444444444444,-2.333333333333333,0.79,10.8997,0.0,11.8496,0.0,1022.03
2023-11-25 01:00:00,1.0888888888888895,1.0888888888888895,0.85,1.9642000000000002,340.0,11.5759,0.0,1021.17
2023-11-25 02:00:00,0.4833333333333319,0.4833333333333319,0.89,3.0107000000000004,292.0,11.8496,0.0,1020.73
2023-11-25 03:00:00,0.46111111111111014,0.46111111111111014,0.89,3.22,340.0,9.9015,0.0,1020.11
2023-11-25 04:00:00,0.5555555555555556,-1.3277777777777782,0.89,5.892600000000001,341.0,9.9015,0.0,1019.14
2023-11-25 05:00:00,0.9222222222222203,0.9222222222222203,0.86,4.6368,342.0,9.7566,0.0,1018.45
2023-11-25 06:00:00,0.8999999999999986,0.8999999999999986,0.86,3.22,350.0,9.6761,0.0,1018.03
2023-11-25 07:00:00,0.8888888888888897,0.8888888888888897,0.87,0.4508000000000001,4.0,8.0983,0.0,1017.66
2023-11-25 08:00:00,0.994444444444444,0.994444444444444,0.86,3.22,50.0,7.776300000000001,0.0,1017.51
2023-11-25 09:00:00,2.0833333333333335,2.0833333333333335,0.8,3.3649,44.0,9.708300000000001,0.0,1017.02
2023-11-25 10:00:00,2.5999999999999996,2.5999999999999996,0.79,4.347,29.0,9.7888,0.0,1016.74
2023-11-25 11:00:00,2.7333333333333343,2.7333333333333343,0.76,3.2039,61.0,9.8049,0.0,1015.65
2023-11-25 12:00:00,3.7722222222222217,3.7722222222222217,0.7,3.2039,51.0,9.853200000000001,0.0,1015.03
2023-11-25 13:00:00,3.761111111111113,2.616666666666667,0.71,5.184200000000001,38.0,9.9015,0.0,1014.14
2023-11-25 14:00:00,3.816666666666665,2.1000000000000005,0.76,6.8425,13.0,11.9784,0.0,1012.85
2023-11-25 15:00:00,3.816666666666665,1.0944444444444439,0.76,10.7548,20.0,14.9086,0.0,1012.52
2023-11-25 16:00:00,2.872222222222223,0.46666666666666856,0.82,8.6618,32.0,9.982000000000001,0.0,1011.86
2023-11-25 17:00:00,2.7333333333333343,-0.2777777777777778,0.82,11.0768,11.0,9.982000000000001,0.0,1011.34
2023-11-25 18:00:00,2.7111111111111126,-0.5555555555555556,0.82,12.2682,11.0,9.982000000000001,0.0,1010.45
2023-11-25 19:00:00,2.833333333333334,-0.033333333333332625,0.82,10.5294,30.0,9.982000000000001,0.0,1009.77
2023-11-25 20:00:00,2.638888888888889,-0.36111111111111033,0.89,10.948,40.0,9.982000000000001,0.0,1008.98
2023-11-25 21:00:00,2.6611111111111105,-0.25555555555555604,0.89,10.577700000000002,20.0,8.1305,0.0,1008.86
2023-11-25 22:00:00,2.688888888888891,-0.827777777777777,0.86,13.5884,20.0,8.420300000000001,0.0,1007.94
2023-11-25 23:00:00,2.127777777777777,-0.6555555555555554,0.91,9.595600000000001,20.0,7.212800000000001,0.0,1007.76
2023-11-26 00:00:00,2.127777777777777,-1.0000000000000004,0.89,11.0607,11.0,6.295100000000001,0.0,1007.48
2023-11-26 01:00:00,1.6888888888888884,-1.3888888888888888,0.92,10.465,2.0,5.570600000000001,0.0,1007.16
2023-11-26 02:00:00,1.6000000000000014,-2.261111111111111,0.91,14.0875,351.0,4.2987,0.0,1006.49
2023-11-26 03:00:00,1.6000000000000014,-2.244444444444444,0.89,14.007,10.0,4.2987,0.0,1006.15
2023-11-26 04:00:00,0.6722222222222227,-3.3055555555555554,0.92,13.620600000000001,359.0,5.3935,0.0,1005.72
2023-11-26 05:00:00,1.0888888888888895,-2.2222222222222223,0.91,10.9319,350.0,2.3023000000000002,0.0,1005.58
2023-11-26 06:00:00,0.0500000000000019,-3.4722222222222223,0.99,10.9319,350.0,1.8354,0.0,1005.98
2023-11-26 07:00:00,0.1555555555555562,-3.9833333333333343,0.92,13.846,333.0,2.5599000000000003,0.0,1006.12
2023-11-26 08:00:00,1.0888888888888895,-2.8499999999999996,0.85,13.894300000000003,330.0,5.216400000000001,0.0,1006.49
2023-11-26 09:00:00,1.161111111111113,-3.0777777777777775,0.84,15.633100000000002,339.0,6.295100000000001,0.0,1006.8
2023-11-26 10:00:00,1.9944444444444462,-1.9444444444444444,0.82,15.0374,348.0,9.2575,0.0,1007.08
2023-11-26 11:00:00,2.7777777777777777,-1.2999999999999998,0.76,17.0499,348.0,9.982000000000001,0.0,1007.28
2023-11-26 12:00:00,2.8277777777777797,-0.7444444444444444,0.75,14.023100000000003,340.0,9.982000000000001,0.0,1007.48
2023-11-26 13:00:00,3.611111111111111,0.33333333333333415,0.78,13.379100000000001,330.0,9.450700000000001,0.0,1007.79
2023-11-26 14:00:00,3.938888888888891,1.1055555555555567,0.75,11.398800000000001,329.0,9.982000000000001,0.0,1007.87
2023-11-26 15:00:00,3.938888888888891,0.8722222222222223,0.75,12.606300000000001,340.0,10.2074,0.0,1008.28
2023-11-26 16:00:00,2.8888888888888906,-0.11111111111111072,0.88,11.157300000000001,8.0,9.450700000000001,0.0,1009.4
2023-11-26 17:00:00,2.8500000000000014,0.2833333333333322,0.88,9.2736,0.0,9.982000000000001,0.0,1010.25
2023-11-26 18:00:00,2.7999999999999994,-1.0222222222222221,0.88,15.439900000000002,11.0,9.982000000000001,0.0,1011.14
2023-11-26 19:00:00,2.2888888888888874,-1.6777777777777776,0.86,15.6009,19.0,9.982000000000001,0.0,1011.68
2023-11-26 20:00:00,2.244444444444444,-1.4388888888888889,0.85,13.910400000000001,10.0,10.2074,0.0,1012.45
2023-11-26 21:00:00,2.1499999999999986,-1.5611111111111104,0.85,13.9748,10.0,10.0786,0.0,1013.08
2023-11-26 22:00:00,2.1222222222222222,-1.8055555555555556,0.9,15.150100000000002,18.0,10.0625,0.0,1013.71
2023-11-26 23:00:00,1.9611111111111117,-1.7277777777777774,0.89,13.620600000000001,19.0,10.0786,0.0,1014.18
2023-11-27 00:00:00,2.105555555555555,-1.5777777777777777,0.89,13.765500000000001,0.0,9.982000000000001,0.0,1014.58
2023-11-27 01:00:00,1.6722222222222212,-1.977777777777777,0.92,13.0732,0.0,9.982000000000001,0.0,1014.79
2023-11-27 02:00:00,1.4611111111111126,-2.361111111111111,0.92,13.7494,349.0,9.982000000000001,0.0,1015.18
2023-11-27 03:00:00,2.0222222222222226,-1.0888888888888895,0.89,10.867500000000001,358.0,9.982000000000001,0.0,1015.46
2023-11-27 04:00:00,1.9833333333333334,-1.6166666666666667,0.91,13.1698,359.0,9.982000000000001,0.0,1015.29
2023-11-27 05:00:00,2.066666666666666,-1.4111111111111105,0.92,12.654600000000002,350.0,9.982000000000001,0.0,1015.28
2023-11-27 06:00:00,2.0222222222222226,-1.6777777777777776,0.86,13.7494,359.0,9.8049,0.0,1015.09
2023-11-27 07:00:00,2.0222222222222226,-1.3555555555555563,0.93,12.0911,9.0,6.3434,0.0,1015.27
2023-11-27 08:00:00,2.1111111111111094,-1.2999999999999998,0.92,12.380900000000002,10.0,5.0876,0.0,1015.68
2023-11-27 09:00:00,2.1111111111111094,-1.594444444444445,0.92,13.8782,11.0,5.1359,0.0,1015.98
2023-11-27 10:00:00,2.2000000000000006,-0.7888888888888899,0.93,10.4972,28.0,4.8944,0.0,1016.23
2023-11-27 11:00:00,2.688888888888891,0.011111111111112848,0.96,9.6117,29.0,5.216400000000001,0.0,1016.07
2023-11-27 12:00:00,2.7333333333333343,0.0500000000000019,0.96,9.6761,30.0,6.295100000000001,0.0,1015.86
2023-11-27 13:00:00,3.7666666666666675,0.6944444444444444,0.9,12.4131,19.0,6.7298,0.0,1015.44
2023-11-27 14:00:00,3.8222222222222237,-0.39999999999999936,0.89,19.9962,1.0,9.982000000000001,0.0,1015.08
2023-11-27 15:00:00,3.8222222222222237,0.2444444444444432,0.89,15.423800000000002,11.0,8.1305,0.0,1014.67
2023-11-27 16:00:00,2.9111111111111123,-0.7333333333333335,0.96,14.5544,19.0,6.3112,0.0,1014.72
2023-11-27 17:00:00,3.7722222222222217,0.44444444444444287,0.89,13.894300000000003,20.0,7.212800000000001,0.0,1014.28
2023-11-27 18:00:00,3.7722222222222217,1.0111111111111113,0.89,10.9158,342.0,9.982000000000001,0.0,1014.36
2023-11-27 19:00:00,3.7277777777777783,0.4888888888888903,0.9,13.2986,359.0,9.982000000000001,0.0,1013.9
2023-11-27 20:00:00,3.7722222222222217,0.18888888888889077,0.89,15.423800000000002,1.0,9.982000000000001,0.0,1013.28
2023-11-27 21:00:00,3.7722222222222217,0.42777777777777953,0.85,13.9748,19.0,9.982000000000001,0.0,1013.2
2023-11-27 22:00:00,3.277777777777777,-0.044444444444443496,0.87,13.1859,0.0,8.05,0.0,1012.58
2023-11-27 23:00:00,2.755555555555556,-0.8388888888888898,0.89,14.0714,359.0,7.212800000000001,0.0,1012.25
2023-11-28 00:00:00,2.244444444444444,-0.816666666666666,0.89,10.867500000000001,8.0,5.216400000000001,0.0,1011.76
2023-11-28 01:00:00,1.8388888888888901,-1.8777777777777773,0.92,13.620600000000001,352.0,5.570600000000001,0.0,1011.09
2023-11-28 02:00:00,0.6722222222222227,-2.716666666666667,0.96,10.9158,338.0,4.2021,0.0,1010.76
2023-11-28 03:00:00,0.6722222222222227,-3.33888888888889,0.92,13.7977,339.0,2.1252000000000004,0.0,1010.35
2023-11-28 04:00:00,0.68888888888889,-3.544444444444444,0.96,14.989100000000002,330.0,4.0572,0.0,1009.5
2023-11-28 05:00:00,1.0888888888888895,-1.8944444444444446,0.92,9.6117,309.0,3.5259,0.0,1009.56
2023-11-28 06:00:00,1.1388888888888873,-1.8277777777777773,0.92,9.579500000000001,301.0,3.9767000000000006,0.0,1009.33
2023-11-28 07:00:00,1.0555555555555547,1.0555555555555547,0.93,4.588500000000001,259.0,2.8658,0.0,1009.34
2023-11-28 08:00:00,1.1166666666666656,1.1166666666666656,0.92,3.2361,233.0,2.6404,0.0,1009.99
2023-11-28 09:00:00,1.1388888888888873,-1.3166666666666673,1.0,7.776300000000001,242.0,2.6404,0.0,1010.22
2023-11-28 10:00:00,2.105555555555555,-0.3888888888888885,0.93,8.500800000000002,256.0,2.9141000000000004,0.0,1010.51
2023-11-28 11:00:00,2.2000000000000006,-1.2722222222222217,0.92,12.7673,254.0,3.0107000000000004,0.0,1010.52
2023-11-28 12:00:00,2.2000000000000006,-1.2722222222222217,0.92,12.7512,262.0,3.0107000000000004,0.0,1010.34
2023-11-28 13:00:00,2.244444444444444,-1.7555555555555555,0.93,15.729700000000001,280.0,4.0894,0.0,1010.49
2023-11-28 14:00:00,2.6833333333333322,-0.3277777777777777,0.89,11.0446,261.0,3.4293,0.0,1010.62
2023-11-28 15:00:00,2.6833333333333322,-0.027777777777778172,0.9,9.7405,271.0,3.4454000000000002,0.0,1011.11
2023-11-28 16:00:00,2.588888888888887,-0.5888888888888881,0.91,11.7208,281.0,3.6869,0.0,1011.66
2023-11-28 17:00:00,2.1499999999999986,-2.5,0.86,19.9479,290.0,3.8962000000000003,0.0,1012.45
2023-11-28 18:00:00,1.1555555555555546,-2.527777777777778,0.92,12.6868,270.0,3.8962000000000003,0.0,1013.42
2023-11-28 19:00:00,1.2444444444444456,-1.7277777777777774,0.93,9.6761,260.0,3.5581,0.0,1014.35
2023-11-28 20:00:00,1.1833333333333347,-2.194444444444444,0.99,11.3022,234.0,3.1073,0.0,1014.78
2023-11-28 21:00:00,1.6722222222222212,-2.1888888888888896,0.96,14.168000000000003,232.0,3.2039,0.0,1015.41
2023-11-28 22:00:00,2.705555555555554,-0.9222222222222223,0.9,14.2002,287.0,3.9284000000000003,0.0,1015.92
2023-11-28 23:00:00,2.7111111111111126,-1.3833333333333324,0.89,17.0338,251.0,3.3649,0.0,1016.23
2023-11-29 00:00:00,2.7777777777777777,-1.3444444444444454,0.85,17.3397,262.0,3.3649,0.0,1016.63
2023-11-29 01:00:00,2.9111111111111123,-1.0277777777777786,0.9,16.3415,257.0,5.3774,0.0,1017.12
2023-11-29 02:00:00,3.355555555555555,-0.6444444444444445,0.85,17.436300000000003,272.0,5.0393,0.0,1017.52
2023-11-29 03:00:00,3.355555555555555,-0.17777777777777792,0.85,14.4739,273.0,5.0393,0.0,1017.66
2023-11-29 04:00:00,3.5277777777777786,-0.6166666666666664,0.86,18.837,291.0,5.3774,0.0,1017.81
2023-11-29 05:00:00,3.9111111111111105,-0.36111111111111033,0.79,20.5597,301.0,8.420300000000001,0.0,1018.38
2023-11-29 06:00:00,2.844444444444443,-0.777777777777777,0.82,14.329,311.0,8.420300000000001,0.0,1019.17
2023-11-29 07:00:00,3.0055555555555538,-0.8944444444444442,0.8,16.2127,311.0,10.2235,0.0,1019.93
2023-11-29 08:00:00,2.755555555555556,-0.8500000000000006,0.82,14.1358,309.0,10.255700000000001,0.0,1021.16
2023-11-29 09:00:00,4.927777777777776,0.8222222222222205,0.7,21.4935,309.0,16.1,0.0,1021.83
2023-11-29 10:00:00,6.083333333333335,2.5999999999999996,0.64,18.756500000000003,312.0,15.552600000000002,0.0,1022.12
2023-11-29 11:00:00,7.200000000000001,4.305555555555555,0.6,16.261,309.0,16.1,0.0,1022.21
2023-11-29 12:00:00,7.244444444444444,3.6777777777777763,0.55,22.2985,299.0,16.1,0.0,1021.61
2023-11-29 13:00:00,7.750000000000002,4.355555555555558,0.57,21.9121,272.0,15.3111,0.0,1021.51
2023-11-29 14:00:00,7.777777777777778,4.877777777777778,0.63,17.436300000000003,240.0,16.1,0.0,1021.28
2023-11-29 15:00:00,7.244444444444444,4.655555555555557,0.7,14.1358,212.0,16.1,0.0,1021.08
2023-11-29 16:00:00,5.177777777777778,2.5222222222222217,0.76,11.817400000000001,207.0,15.552600000000002,0.0,1021.42
2023-11-29 17:00:00,4.072222222222221,1.338888888888887,0.81,11.0446,193.0,16.1,0.0,1021.25
2023-11-29 18:00:00,5.022222222222222,1.6944444444444429,0.81,15.633100000000002,220.0,16.1,0.0,1020.96
2023-11-29 19:00:00,4.988888888888887,2.077777777777779,0.82,12.992700000000001,215.0,15.150100000000002,0.0,1021.2
2023-11-29 20:00:00,5.072222222222224,1.5722222222222213,0.76,16.9211,211.0,10.255700000000001,0.0,1021.27
2023-11-29 21:00:00,5.022222222222222,1.9722222222222205,0.76,13.8782,220.0,16.1,0.0,1021.37
2023-11-29 22:00:00,5.027777777777776,2.5999999999999996,0.79,10.513300000000001,217.0,15.1823,0.0,1021.45
2023-11-29 23:00:00,5.0,1.977777777777779,0.79,13.6689,202.0,16.1,0.0,1021.08
2023-11-30 00:00:00,4.53888888888889,1.9555555555555573,0.84,10.787,193.0,16.1,0.0,1020.56
2023-11-30 01:00:00,4.111111111111111,1.1333333333333329,0.88,12.332600000000001,241.0,9.982000000000001,0.0,1020.59
2023-11-30 02:00:00,5.0,1.9499999999999988,0.79,13.846,249.0,11.9784,0.0,1020.93
2023-11-30 03:00:00,4.027777777777778,0.7277777777777791,0.88,14.023100000000003,202.0,10.2074,0.0,1020.08
2023-11-30 04:00:00,4.544444444444444,1.4722222222222214,0.85,13.379100000000001,209.0,11.914000000000001,0.0,1020.0
2023-11-30 05:00:00,4.05,1.6166666666666647,0.88,9.6922,212.0,10.255700000000001,0.0,1019.85
2023-11-30 06:00:00,4.094444444444443,1.4166666666666652,0.88,10.835300000000002,183.0,9.982000000000001,0.0,1019.71
2023-11-30 07:00:00,4.17777777777778,2.0222222222222226,0.87,8.6135,201.0,8.645700000000001,0.0,1019.65
2023-11-30 08:00:00,4.1166666666666645,1.1444444444444457,0.88,12.316500000000001,183.0,10.255700000000001,0.0,1019.95
2023-11-30 09:00:00,5.227777777777776,2.766666666666665,0.81,10.867500000000001,194.0,10.255700000000001,0.0,1019.87
2023-11-30 10:00:00,6.222222222222224,3.9833333333333343,0.79,10.770900000000001,209.0,10.2235,0.0,1020.33
2023-11-30 11:00:00,7.933333333333334,5.966666666666668,0.75,11.1734,223.0,10.255700000000001,0.0,1020.08
2023-11-30 12:00:00,8.933333333333332,6.888888888888888,0.65,12.976600000000001,231.0,10.255700000000001,0.0,1019.48
2023-11-30 13:00:00,8.95,7.4833333333333325,0.71,9.499,213.0,10.577700000000002,0.0,1019.72
2023-11-30 14:00:00,7.933333333333334,5.938888888888887,0.75,11.3505,231.0,10.255700000000001,0.0,1019.66
2023-11-30 15:00:00,7.9833333333333325,6.116666666666665,0.75,10.6582,194.0,10.255700000000001,0.0,1019.95
2023-11-30 16:00:00,7.916666666666667,5.916666666666666,0.76,11.3505,242.0,9.982000000000001,0.0,1020.52
2023-11-30 17:00:00,7.799999999999999,6.211111111111111,0.77,9.016,224.0,9.982000000000001,0.0,1020.72
2023-11-30 18:00:00,7.266666666666666,7.266666666666666,0.8,3.059,180.0,9.982000000000001,0.0,1021.01
2023-11-30 19:00:00,7.66111111111111,6.005555555555556,0.85,9.2253,14.0,9.982000000000001,0.0,1021.77
2023-11-30 20:00:00,7.222222222222222,5.227777777777776,0.86,10.5455,203.0,9.982000000000001,0.0,1021.46
2023-11-30 21:00:00,6.716666666666669,4.57222222222222,0.86,10.770900000000001,202.0,11.9784,0.0,1021.54
2023-11-30 22:00:00,6.755555555555554,4.8888888888888875,0.89,9.434600000000001,191.0,9.982000000000001,0.0,1021.4
2023-11-30 23:00:00,6.694444444444443,6.694444444444443,0.89,3.3649,168.0,11.9784,0.0,1020.68
2023-12-01 00:00:00,6.694444444444443,4.005555555555556,0.93,13.9587,181.0,12.2521,0.0,1019.68
2023-12-01 01:00:00,7.105555555555555,5.166666666666665,0.87,10.110800000000001,167.0,11.914000000000001,0.0,1018.48
2023-12-01 02:00:00,6.605555555555556,3.4777777777777765,0.86,16.9372,190.0,12.2521,0.0,1018.49
2023-12-01 03:00:00,6.1388888888888875,3.3500000000000005,0.86,13.8138,202.0,11.9784,0.0,1018.48
2023-12-01 04:00:00,5.772222222222222,2.6611111111111105,0.89,15.375500000000002,205.0,11.688600000000001,0.0,1018.23
2023-12-01 05:00:00,6.227777777777778,4.300000000000001,0.85,9.2414,194.0,9.982000000000001,0.0,1017.9
2023-12-01 06:00:00,6.227777777777778,3.8555555555555543,0.85,11.4632,222.0,9.982000000000001,0.0,1018.17
2023-12-01 07:00:00,7.161111111111111,4.811111111111109,0.8,12.477500000000001,226.0,10.1752,0.0,1018.32
2023-12-01 08:00:00,7.872222222222224,5.177777777777778,0.76,15.987300000000001,232.0,10.255700000000001,0.0,1018.65
2023-12-01 09:00:00,8.961111111111112,5.911111111111111,0.77,21.7833,222.0,16.1,0.0,1018.67
2023-12-01 10:00:00,9.849999999999998,8.027777777777779,0.77,12.8156,228.0,15.1823,0.0,1018.89
2023-12-01 11:00:00,12.266666666666666,12.266666666666666,0.61,20.8334,252.0,10.255700000000001,0.0,1018.95
2023-12-01 12:00:00,12.266666666666666,12.266666666666666,0.66,14.5544,245.0,9.982000000000001,0.0,1018.78
2023-12-01 13:00:00,13.444444444444446,13.444444444444446,0.62,22.717100000000002,272.0,10.3523,0.0,1019.11
2023-12-01 14:00:00,12.799999999999999,12.799999999999999,0.64,25.4219,290.0,9.982000000000001,0.0,1019.29
2023-12-01 15:00:00,12.772222222222224,12.772222222222224,0.64,22.2985,309.0,9.982000000000001,0.0,1019.6
2023-12-01 16:00:00,11.944444444444445,11.944444444444445,0.69,18.2574,306.0,9.982000000000001,0.0,1019.83
2023-12-01 17:00:00,10.111111111111112,10.111111111111112,0.84,19.8674,347.0,9.982000000000001,0.0,1021.1
2023-12-01 18:00:00,10.066666666666666,10.066666666666666,0.76,21.429100000000002,318.0,10.255700000000001,0.0,1022.27
2023-12-01 19:00:00,9.972222222222223,7.488888888888886,0.73,18.676000000000002,304.0,10.2235,0.0,1022.87
2023-12-01 20:00:00,8.866666666666667,5.655555555555555,0.72,23.200100000000003,291.0,10.255700000000001,0.0,1022.77
2023-12-01 21:00:00,8.816666666666666,5.855555555555555,0.75,20.4309,290.0,16.1,0.0,1023.28
2023-12-01 22:00:00,8.88888888888889,6.105555555555557,0.7,18.901400000000002,303.0,15.1823,0.0,1023.9
2023-12-01 23:00:00,8.28888888888889,5.211111111111112,0.69,20.2055,300.0,16.1,0.0,1024.09
2023-12-02 00:00:00,8.28888888888889,5.188888888888891,0.69,20.4148,299.0,16.1,0.0,1024.67
2023-12-02 01:00:00,8.238888888888887,5.311111111111113,0.7,18.724300000000003,292.0,15.1823,0.0,1024.74
2023-12-02 02:00:00,7.755555555555556,4.105555555555556,0.73,24.6008,291.0,16.1,0.0,1025.09
2023-12-02 03:00:00,7.6333333333333355,3.966666666666667,0.72,24.488100000000003,280.0,16.1,0.0,1025.61
2023-12-02 04:00:00,7.127777777777776,3.9499999999999997,0.74,18.418400000000002,294.0,15.1823,0.0,1026.1
2023-12-02 05:00:00,7.105555555555555,4.449999999999999,0.72,14.3451,291.0,16.1,0.0,1026.74
2023-12-02 06:00:00,7.127777777777776,5.199999999999999,0.72,10.0947,300.0,16.1,0.0,1026.74
2023-12-02 07:00:00,7.044444444444444,5.0,0.73,10.5938,299.0,15.1823,0.0,1027.08
2023-12-02 08:00:00,6.0888888888888895,3.18888888888889,0.8,14.457800000000002,308.0,9.982000000000001,0.0,1027.92
2023-12-02 09:00:00,6.111111111111111,3.2444444444444462,0.8,14.2807,281.0,9.982000000000001,0.0,1028.31
2023-12-02 10:00:00,7.200000000000001,4.577777777777779,0.8,14.2807,301.0,9.982000000000001,0.0,1028.67
2023-12-02 11:00:00,7.244444444444444,4.427777777777777,0.73,15.778000000000002,271.0,9.982000000000001,0.0,1028.81
2023-12-02 12:00:00,7.799999999999999,5.572222222222223,0.76,12.5741,252.0,9.982000000000001,0.0,1028.52
2023-12-02 13:00:00,7.8999999999999995,5.466666666666669,0.83,14.1036,239.0,9.982000000000001,0.0,1028.38
2023-12-02 14:00:00,7.933333333333334,5.98888888888889,0.83,11.0607,262.0,9.982000000000001,0.0,1028.57
2023-12-02 15:00:00,9.027777777777779,7.300000000000001,0.77,11.0446,261.0,9.982000000000001,0.0,1028.48
2023-12-02 16:00:00,8.050000000000002,6.844444444444445,0.88,7.502600000000001,238.0,9.982000000000001,0.0,1028.61
2023-12-02 17:00:00,7.8500000000000005,5.644444444444442,0.89,12.477500000000001,242.0,10.2074,0.0,1028.52
2023-12-02 18:00:00,8.75,6.272222222222222,0.84,15.939000000000002,251.0,16.0517,0.0,1028.43
2023-12-02 19:00:00,7.061111111111112,5.133333333333335,0.88,10.0142,278.0,15.150100000000002,0.0,1028.69
2023-12-02 20:00:00,5.027777777777776,2.7888888888888905,0.93,9.66,243.0,16.0517,0.0,1028.93
2023-12-02 21:00:00,5.538888888888888,4.3277777777777775,0.93,6.1019000000000005,221.0,15.922900000000002,0.0,1029.34
2023-12-02 22:00:00,4.261111111111112,1.7444444444444447,0.96,10.2235,243.0,14.876400000000002,0.0,1029.79
2023-12-02 23:00:00,4.333333333333332,2.872222222222223,0.96,6.295100000000001,226.0,15.6009,0.0,1030.02
2023-12-03 00:00:00,3.3611111111111094,1.8444444444444446,0.96,6.021400000000001,222.0,14.6349,0.0,1030.59
2023-12-03 01:00:00,3.1055555555555574,1.4833333333333343,0.99,6.1985,254.0,6.5849,0.0,1030.52
2023-12-03 02:00:00,2.638888888888889,2.638888888888889,1.0,3.059,209.0,1.4168,0.0,1030.72
2023-12-03 03:00:00,1.5277777777777777,1.5277777777777777,1.0,3.1556,218.0,0.32200000000000006,0.0,1030.93
2023-12-03 04:00:00,2.6333333333333346,2.6333333333333346,0.96,3.1395,213.0,1.9964000000000002,0.0,1030.74
2023-12-03 05:00:00,3.4722222222222223,3.4722222222222223,0.93,2.9785000000000004,202.0,5.8443000000000005,0.0,1030.93
2023-12-03 06:00:00,3.572222222222222,3.572222222222222,1.0,3.3971,233.0,5.8765,0.0,1030.93
2023-12-03 07:00:00,3.8222222222222237,3.8222222222222237,0.99,0.6279,275.0,4.0894,0.0,1031.17
2023-12-03 08:00:00,4.822222222222222,4.822222222222222,1.0,4.588500000000001,222.0,4.9105,0.0,1031.63
2023-12-03 09:00:00,7.022222222222222,7.022222222222222,0.93,3.4454000000000002,290.0,6.021400000000001,0.0,1032.12
2023-12-03 10:00:00,7.677777777777777,7.677777777777777,0.95,4.5563,302.0,6.9069,0.0,1032.44
2023-12-03 11:00:00,8.77222222222222,8.338888888888887,0.9,5.119800000000001,291.0,8.8872,0.0,1032.33
2023-12-03 12:00:00,9.905555555555555,9.661111111111111,0.84,5.0071,318.0,8.9677,0.0,1032.31
2023-12-03 13:00:00,10.083333333333334,10.083333333333334,0.82,4.6851,305.0,9.8049,0.0,1032.14
2023-12-03 14:00:00,11.038888888888888,11.038888888888888,0.77,5.055400000000001,320.0,10.2074,0.0,1032.01
2023-12-03 15:00:00,10.02222222222222,10.02222222222222,0.85,4.7334000000000005,284.0,8.420300000000001,0.0,1031.92
2023-12-03 16:00:00,9.061111111111112,9.061111111111112,0.83,1.5617,266.0,8.0822,0.0,1032.13
2023-12-03 17:00:00,8.744444444444447,8.744444444444447,0.83,2.7209,229.0,7.905100000000001,0.0,1032.23
2023-12-03 18:00:00,7.66111111111111,6.027777777777779,0.89,9.1126,271.0,11.672500000000001,0.0,1032.55
2023-12-03 19:00:00,7.300000000000001,7.300000000000001,0.87,4.2021,309.0,13.3147,0.0,1032.83
2023-12-03 20:00:00,5.0,5.0,0.93,4.6851,334.0,9.595600000000001,0.0,1033.24
2023-12-03 21:00:00,4.533333333333331,4.533333333333331,0.92,3.0268,305.0,9.595600000000001,0.0,1033.72
2023-12-03 22:00:00,4.077777777777779,4.077777777777779,0.95,2.9624,328.0,6.0053,0.0,1033.83
2023-12-03 23:00:00,4.005555555555556,2.461111111111111,0.96,6.391700000000001,343.0,5.8443000000000005,0.0,1034.21
2023-12-04 00:00:00,5.022222222222222,3.2055555555555575,1.0,7.889000000000001,2.0,0.16100000000000003,0.0,1033.92
2023-12-04 01:00:00,5.1,2.994444444444445,0.96,9.1287,4.0,1.1431,0.0,1033.83
2023-12-04 02:00:00,5.022222222222222,3.6666666666666674,0.96,6.295100000000001,40.0,0.16100000000000003,0.0,1033.93
2023-12-04 03:00:00,4.488888888888888,3.0555555555555554,1.0,6.279,60.0,0.16100000000000003,0.0,1034.28
2023-12-04 04:00:00,4.466666666666666,4.466666666666666,0.96,3.059,23.0,0.1449,0.0,1033.95
2023-12-04 05:00:00,4.466666666666666,3.0333333333333337,0.96,6.279,40.0,0.16100000000000003,0.0,1033.69
2023-12-04 06:00:00,3.916666666666665,3.916666666666665,1.0,4.7334000000000005,51.0,0.16100000000000003,0.0,1033.89
2023-12-04 07:00:00,4.8388888888888895,4.8388888888888895,0.94,2.0447,37.0,0.1449,0.0,1033.89
2023-12-04 08:00:00,3.916666666666665,3.916666666666665,1.0,4.6046000000000005,72.0,0.1932,0.0,1034.29
2023-12-04 09:00:00,4.938888888888889,4.938888888888889,0.93,4.524100000000001,72.0,0.483,0.0,1034.3
2023-12-04 10:00:00,4.9833333333333325,4.000000000000002,0.99,5.2003,90.0,0.4669,0.0,1034.59
2023-12-04 11:00:00,6.050000000000001,6.050000000000001,0.93,3.1878,112.0,1.1431,0.0,1034.21
2023-12-04 12:00:00,6.116666666666665,4.533333333333331,0.99,7.728,102.0,1.61,0.0,1033.6
2023-12-04 13:00:00,6.188888888888889,4.661111111111111,0.99,7.5348,103.0,1.127,0.0,1033.32
2023-12-04 14:00:00,6.1388888888888875,4.477777777777779,0.99,8.05,80.0,2.1252000000000004,0.0,1033.5
2023-12-04 15:00:00,6.161111111111113,4.57222222222222,0.99,7.760200000000001,33.0,3.2039,0.0,1033.41
2023-12-04 16:00:00,7.227777777777776,7.227777777777776,0.93,4.5563,59.0,3.059,0.0,1033.53
2023-12-04 17:00:00,7.105555555555555,7.105555555555555,0.93,4.250400000000001,1.0,3.5581,0.0,1034.02
2023-12-04 18:00:00,7.105555555555555,7.105555555555555,0.93,0.1449,160.0,4.025,0.0,1034.13
2023-12-04 19:00:00,7.044444444444444,7.044444444444444,0.93,2.0286,349.0,3.7996,0.0,1034.48
2023-12-04 20:00:00,6.0888888888888895,4.227777777777778,0.99,8.8389,340.0,3.1073,0.0,1035.05
2023-12-04 21:00:00,6.016666666666666,4.977777777777778,0.96,5.796,339.0,3.1073,0.0,1035.53
2023-12-04 22:00:00,6.072222222222222,4.894444444444446,0.96,6.2468,330.0,3.4132000000000002,0.0,1035.91
2023-12-04 23:00:00,5.533333333333334,5.533333333333334,1.0,3.22,290.0,3.5259,0.0,1035.74
2023-12-05 00:00:00,6.016666666666666,3.711111111111111,0.93,10.8836,290.0,3.059,0.0,1036.03
2023-12-05 01:00:00,5.594444444444445,4.527777777777777,0.96,5.6833,312.0,2.9946,0.0,1036.1
2023-12-05 02:00:00,5.46111111111111,4.122222222222224,0.94,6.4561,317.0,3.9123000000000006,0.0,1036.03
2023-12-05 03:00:00,5.46111111111111,4.105555555555556,0.94,6.5205,300.0,3.8801000000000005,0.0,1036.41
2023-12-05 04:00:00,5.072222222222224,3.5777777777777766,0.94,6.7781,319.0,3.7191000000000005,0.0,1036.34
2023-12-05 05:00:00,4.949999999999998,3.111111111111112,0.93,7.921200000000001,348.0,5.8765,0.0,1036.51
2023-12-05 06:00:00,4.949999999999998,4.949999999999998,0.93,4.7334000000000005,359.0,5.8765,0.0,1036.81
2023-12-05 07:00:00,4.972222222222224,4.972222222222224,0.88,3.1234,16.0,4.6851,0.0,1037.12
2023-12-05 08:00:00,4.927777777777776,4.927777777777776,0.87,3.3649,256.0,4.8139,0.0,1037.6
2023-12-05 09:00:00,4.949999999999998,4.949999999999998,0.87,3.4132000000000002,200.0,5.892600000000001,0.0,1037.8
2023-12-05 10:00:00,5.95,5.95,0.88,4.8139,230.0,6.279,0.0,1037.84
2023-12-05 11:00:00,6.038888888888888,4.416666666666668,0.87,7.824600000000001,210.0,5.9087000000000005,0.0,1037.8
2023-12-05 12:00:00,6.038888888888888,6.038888888888888,0.86,1.4812,313.0,6.8264000000000005,0.0,1037.61
2023-12-05 13:00:00,6.044444444444446,6.044444444444446,0.87,0.5635,310.0,6.7781,0.0,1037.54
2023-12-05 14:00:00,6.0888888888888895,6.0888888888888895,0.86,3.3327,174.0,6.8586,0.0,1037.37
2023-12-05 15:00:00,6.0888888888888895,6.0888888888888895,0.86,3.4454000000000002,150.0,5.9731000000000005,0.0,1036.79
2023-12-05 16:00:00,5.983333333333335,4.544444444444444,0.87,7.1001,147.0,3.9123000000000006,0.0,1037.0
2023-12-05 17:00:00,5.0,2.144444444444444,0.93,12.719000000000001,181.0,3.4454000000000002,0.0,1036.78
2023-12-05 18:00:00,5.0,2.2000000000000006,0.93,12.397,181.0,3.4454000000000002,0.0,1036.71
2023-12-05 19:00:00,5.1111111111111125,3.1666666666666683,0.93,8.4686,231.0,3.8962000000000003,0.0,1037.02
2023-12-05 20:00:00,5.0,4.144444444444445,0.93,4.8944,199.0,3.8801000000000005,0.0,1037.29
2023-12-05 21:00:00,5.0,3.6944444444444438,0.96,6.1341,191.0,3.8801000000000005,0.0,1037.1
2023-12-05 22:00:00,5.072222222222224,3.9499999999999997,0.96,5.618900000000001,206.0,4.2665,0.0,1037.23
2023-12-05 23:00:00,4.949999999999998,4.949999999999998,0.93,3.1878,128.0,3.4132000000000002,0.0,1037.58
2023-12-06 00:00:00,4.949999999999998,2.433333333333335,0.93,10.8836,151.0,3.4132000000000002,0.0,1036.91
2023-12-06 01:00:00,4.605555555555555,2.4777777777777783,0.94,8.8067,176.0,4.1538,0.0,1036.23
2023-12-06 02:00:00,4.949999999999998,2.4055555555555546,0.96,11.012400000000001,171.0,2.4955000000000003,0.0,1036.0
2023-12-06 03:00:00,4.949999999999998,1.8611111111111118,0.96,14.023100000000003,190.0,1.8676,0.0,1035.98
2023-12-06 04:00:00,4.4555555555555575,1.3444444444444454,0.96,13.491800000000001,175.0,2.5438,0.0,1035.71
2023-12-06 05:00:00,4.927777777777776,2.3944444444444457,0.94,10.9319,180.0,2.4955000000000003,0.0,1035.59
2023-12-06 06:00:00,4.905555555555555,3.06111111111111,0.94,7.9373000000000005,198.0,2.5116,0.0,1035.86
2023-12-06 07:00:00,4.000000000000002,1.5111111111111104,1.0,9.8693,157.0,2.0447,0.0,1035.91
2023-12-06 08:00:00,3.866666666666667,0.5666666666666684,1.0,13.8138,152.0,1.9159,0.0,1036.18
2023-12-06 09:00:00,4.883333333333333,1.7777777777777795,0.94,14.023100000000003,180.0,2.9785000000000004,0.0,1036.1
2023-12-06 10:00:00,4.822222222222222,1.4833333333333343,0.94,15.391600000000002,192.0,2.737,0.0,1036.32
2023-12-06 11:00:00,4.883333333333333,1.7499999999999991,0.94,14.2163,171.0,2.9785000000000004,0.0,1036.38
2023-12-06 12:00:00,4.955555555555557,1.6111111111111103,0.93,15.665300000000002,180.0,3.4454000000000002,0.0,1036.08
2023-12-06 13:00:00,4.9833333333333325,1.9833333333333334,0.93,13.507900000000001,202.0,3.2039,0.0,1035.73
2023-12-06 14:00:00,4.977777777777778,2.194444444444446,0.93,12.2682,200.0,3.4454000000000002,0.0,1035.4
2023-12-06 15:00:00,4.977777777777778,2.4555555555555566,0.93,10.9319,191.0,3.4454000000000002,0.0,1035.48
2023-12-06 16:00:00,4.111111111111111,1.6111111111111103,0.99,10.0142,208.0,3.1395,0.0,1035.79
2023-12-06 17:00:00,4.905555555555555,2.694444444444445,0.94,9.434600000000001,171.0,3.4615,0.0,1035.78
2023-12-06 18:00:00,4.905555555555555,2.0944444444444463,0.94,12.348700000000001,171.0,3.4454000000000002,0.0,1035.69
2023-12-06 19:00:00,3.955555555555554,1.0222222222222241,1.0,11.914000000000001,185.0,3.059,0.0,1035.82
2023-12-06 20:00:00,3.888888888888889,1.2055555555555566,1.0,10.642100000000001,162.0,3.4454000000000002,0.0,1035.98
2023-12-06 21:00:00,4.400000000000001,2.8888888888888906,0.96,6.488300000000001,161.0,3.4293,0.0,1036.17
2023-12-06 22:00:00,3.9222222222222234,1.25,0.97,10.626,192.0,2.5921000000000003,0.0,1036.3
2023-12-06 23:00:00,3.888888888888889,0.6166666666666664,0.96,13.685,171.0,1.4168,0.0,1036.39
2023-12-07 00:00:00,3.866666666666667,1.1444444444444457,0.93,10.8031,190.0,0.1771,0.0,1036.5
2023-12-07 01:00:00,3.355555555555555,0.0,1.0,13.4596,201.0,0.1932,0.0,1036.58
2023-12-07 02:00:00,3.355555555555555,0.5777777777777773,0.96,10.5938,220.0,0.1932,0.0,1036.78
2023-12-07 03:00:00,3.3333333333333335,1.7111111111111101,1.0,6.3434,201.0,0.1771,0.0,1036.78
2023-12-07 04:00:00,3.305555555555557,1.6444444444444448,0.97,6.4078,231.0,0.2093,0.0,1036.81
2023-12-07 05:00:00,2.8277777777777797,0.6666666666666683,0.96,7.760200000000001,203.0,0.4025,0.0,1036.9
2023-12-07 06:00:00,2.8277777777777797,2.8277777777777797,1.0,3.1556,217.0,0.4186,0.0,1037.39
2023-12-07 07:00:00,2.816666666666667,2.816666666666667,0.99,1.4329,220.0,0.4025,0.0,1037.41
2023-12-07 08:00:00,2.805555555555554,2.805555555555554,1.0,1.3202,199.0,0.9821000000000001,0.0,1037.71
2023-12-07 09:00:00,2.805555555555554,2.805555555555554,1.0,1.8676,269.0,1.8998,0.0,1038.11
2023-12-07 10:00:00,3.7222222222222237,3.7222222222222237,0.93,3.5420000000000007,335.0,2.6887,0.0,1038.82
2023-12-07 11:00:00,3.8222222222222237,3.8222222222222237,0.92,3.0751,311.0,3.9123000000000006,0.0,1038.82
2023-12-07 12:00:00,3.8444444444444454,3.8444444444444454,0.92,0.1449,340.0,3.9123000000000006,0.0,1038.72
2023-12-07 13:00:00,3.838888888888887,3.838888888888887,0.99,2.7692,307.0,3.5259,0.0,1038.53
2023-12-07 14:00:00,3.866666666666667,3.866666666666667,1.0,0.11270000000000002,111.0,3.4454000000000002,0.0,1037.93
2023-12-07 15:00:00,3.866666666666667,3.866666666666667,0.92,3.22,309.0,2.9785000000000004,0.0,1037.9
2023-12-07 16:00:00,3.838888888888887,3.838888888888887,1.0,1.3524,79.0,2.737,0.0,1037.9
2023-12-07 17:00:00,3.866666666666667,3.866666666666667,0.93,3.22,340.0,2.9785000000000004,0.0,1038.23
2023-12-07 18:00:00,3.866666666666667,3.866666666666667,0.93,4.4758,351.0,2.9785000000000004,0.0,1038.61
2023-12-07 19:00:00,3.816666666666665,3.816666666666665,0.93,3.3005,44.0,2.8014,0.0,1038.98
2023-12-07 20:00:00,3.8444444444444454,1.8833333333333337,0.93,7.6796999999999995,50.0,3.4132000000000002,0.0,1039.23
2023-12-07 21:00:00,3.866666666666667,2.2888888888888874,0.96,6.44,30.0,3.4132000000000002,0.0,1039.53
2023-12-07 22:00:00,3.872222222222222,2.577777777777778,0.97,5.618900000000001,37.0,3.5420000000000007,0.0,1039.53
2023-12-07 23:00:00,3.866666666666667,2.3555555555555565,0.96,6.2468,331.0,2.9785000000000004,0.0,1039.53
2023-12-08 00:00:00,3.866666666666667,3.866666666666667,1.0,2.9946,345.0,3.0107000000000004,0.0,1039.54
2023-12-08 01:00:00,3.872222222222222,2.511111111111113,0.99,5.796,50.0,3.0751,0.0,1039.44
2023-12-08 02:00:00,3.866666666666667,3.866666666666667,0.96,3.22,40.0,3.059,0.0,1039.34
2023-12-08 03:00:00,3.866666666666667,2.261111111111111,0.96,6.5205,50.0,4.395300000000001,0.0,1039.13
2023-12-08 04:00:00,3.838888888888887,2.3944444444444457,0.93,6.021400000000001,50.0,4.5402000000000005,0.0,1038.83
2023-12-08 05:00:00,3.866666666666667,3.866666666666667,0.93,4.717300000000001,69.0,4.8461,0.0,1038.83
2023-12-08 06:00:00,3.866666666666667,1.4722222222222214,0.9,9.3702,60.0,7.776300000000001,0.0,1038.92
2023-12-08 07:00:00,3.838888888888887,3.838888888888887,0.91,4.4758,122.0,6.021400000000001,0.0,1039.13
2023-12-08 08:00:00,3.866666666666667,1.8055555555555556,0.9,8.05,100.0,5.957000000000001,0.0,1039.13
2023-12-08 09:00:00,3.866666666666667,1.427777777777778,0.9,9.5473,91.0,5.9731000000000005,0.0,1039.2
2023-12-08 10:00:00,3.8499999999999996,3.8499999999999996,0.93,4.3631,39.0,4.6046000000000005,0.0,1039.41
2023-12-08 11:00:00,3.938888888888891,3.938888888888891,0.92,2.8175000000000003,181.0,6.923,0.0,1038.93
2023-12-08 12:00:00,4.955555555555557,4.955555555555557,0.87,1.6583,114.0,6.9391,0.0,1038.51
2023-12-08 13:00:00,4.800000000000001,4.800000000000001,0.88,0.5313000000000001,91.0,4.652900000000001,0.0,1038.24
2023-12-08 14:00:00,4.955555555555557,4.955555555555557,0.87,3.2522,115.0,6.9874,0.0,1037.72
2023-12-08 15:00:00,4.955555555555557,4.088888888888889,0.86,4.8944,81.0,7.905100000000001,0.0,1037.51
2023-12-08 16:00:00,4.883333333333333,3.150000000000001,0.88,7.486500000000001,100.0,5.5384,0.0,1037.34
2023-12-08 17:00:00,4.9333333333333345,3.022222222222221,0.87,8.1949,109.0,6.118,0.0,1037.31
2023-12-08 18:00:00,3.866666666666667,1.3888888888888888,0.92,9.708300000000001,129.0,7.1323,0.0,1037.21
2023-12-08 19:00:00,3.916666666666665,3.916666666666665,0.93,3.9284000000000003,141.0,6.6654,0.0,1037.04
2023-12-08 20:00:00,3.866666666666667,3.866666666666667,0.92,3.22,144.0,8.0017,0.0,1036.82
2023-12-08 21:00:00,3.866666666666667,3.866666666666667,0.92,3.1556,153.0,6.166300000000001,0.0,1036.63
2023-12-08 22:00:00,3.838888888888887,3.838888888888887,0.93,3.3971,153.0,5.763800000000001,0.0,1036.64
2023-12-08 23:00:00,3.816666666666665,2.233333333333335,0.93,6.423900000000001,148.0,5.9087000000000005,0.0,1036.51
2023-12-09 00:00:00,3.816666666666665,3.816666666666665,0.93,3.4293,139.0,5.9087000000000005,0.0,1036.51
2023-12-09 01:00:00,3.7944444444444434,2.2277777777777765,0.96,6.3756,136.0,1.932,0.0,1036.4
2023-12-09 02:00:00,3.311111111111112,3.311111111111112,1.0,3.22,140.0,1.4329,0.0,1036.11
2023-12-09 03:00:00,3.311111111111112,3.311111111111112,1.0,3.4454000000000002,140.0,1.449,0.0,1035.91
2023-12-09 04:00:00,3.3999999999999986,1.8222222222222229,0.96,6.230700000000001,126.0,1.5456,0.0,1035.72
2023-12-09 05:00:00,3.866666666666667,3.866666666666667,0.92,4.7495,120.0,1.8998,0.0,1035.31
2023-12-09 06:00:00,3.866666666666667,3.866666666666667,0.92,4.652900000000001,112.0,2.5116,0.0,1035.4
2023-12-09 07:00:00,3.838888888888887,1.4333333333333325,0.93,9.3863,113.0,3.5098000000000003,0.0,1035.4
2023-12-09 08:00:00,3.866666666666667,1.5111111111111104,0.92,9.193100000000001,122.0,3.4132000000000002,0.0,1035.31
2023-12-09 09:00:00,3.866666666666667,2.8277777777777797,0.93,4.9749,171.0,4.3309,0.0,1035.52
2023-12-09 10:00:00,3.888888888888889,2.855555555555556,0.93,4.9588,140.0,5.5867,0.0,1035.81
2023-12-09 11:00:00,3.888888888888889,2.844444444444443,0.93,4.9910000000000005,173.0,5.892600000000001,0.0,1035.59
2023-12-09 12:00:00,4.905555555555555,4.905555555555555,0.87,4.8139,182.0,5.892600000000001,0.0,1034.71
2023-12-09 13:00:00,5.0,4.111111111111111,0.86,4.9749,201.0,6.8264000000000005,0.0,1034.42
2023-12-09 14:00:00,4.977777777777778,4.977777777777778,0.87,0.3703,240.0,6.8586,0.0,1034.01
2023-12-09 15:00:00,4.977777777777778,3.111111111111112,0.87,8.05,240.0,5.9248,0.0,1034.0
2023-12-09 16:00:00,4.966666666666665,4.966666666666665,0.87,3.4937,198.0,4.7334000000000005,0.0,1034.12
2023-12-09 17:00:00,3.938888888888891,1.8888888888888882,0.92,8.05,280.0,4.8461,0.0,1034.5
2023-12-09 18:00:00,4.444444444444445,2.488888888888887,0.92,8.05,270.0,4.8461,0.0,1034.32
2023-12-09 19:00:00,4.855555555555557,4.855555555555557,0.93,4.4275,248.0,6.230700000000001,0.0,1034.43
2023-12-09 20:00:00,4.883333333333333,4.883333333333333,0.93,3.2683,246.0,4.9749,0.0,1034.7
2023-12-09 21:00:00,4.400000000000001,4.400000000000001,0.92,3.4132000000000002,282.0,4.4436,0.0,1034.81
2023-12-09 22:00:00,4.405555555555555,4.405555555555555,0.93,3.0268,253.0,4.4758,0.0,1034.94
2023-12-09 23:00:00,4.3277777777777775,4.3277777777777775,0.93,3.3810000000000002,273.0,3.8962000000000003,0.0,1035.22
2023-12-10 00:00:00,4.377777777777779,1.7555555555555538,0.92,10.8031,290.0,1.8837,0.0,1035.12
2023-12-10 01:00:00,3.872222222222222,2.5,0.97,5.828200000000001,303.0,1.8354,0.0,1035.02
2023-12-10 02:00:00,3.866666666666667,2.3944444444444457,0.96,6.118,311.0,1.61,0.0,1035.03
2023-12-10 03:00:00,3.866666666666667,3.866666666666667,0.96,3.3488,304.0,1.7710000000000004,0.0,1035.03
2023-12-10 04:00:00,3.8611111111111125,2.233333333333335,0.96,6.5849,295.0,2.8497000000000003,0.0,1034.95
2023-12-10 05:00:00,3.838888888888887,3.838888888888887,0.93,4.8139,329.0,3.0107000000000004,0.0,1035.33
2023-12-10 06:00:00,3.838888888888887,1.427777777777778,0.93,9.4185,359.0,4.395300000000001,0.0,1035.33
2023-12-10 07:00:00,3.8499999999999996,3.8499999999999996,0.93,4.6851,21.0,3.7835000000000005,0.0,1035.63
2023-12-10 08:00:00,3.888888888888889,2.8888888888888906,0.92,4.8783,8.0,4.4919,0.0,1036.04
2023-12-10 09:00:00,3.888888888888889,1.8888888888888882,0.99,7.840700000000001,351.0,6.021400000000001,0.0,1036.43
2023-12-10 10:00:00,4.9,3.1333333333333337,0.88,7.631400000000001,19.0,7.3255,0.0,1036.84
2023-12-10 11:00:00,5.072222222222224,3.2444444444444462,0.86,7.953400000000001,10.0,9.9015,0.0,1036.75
2023-12-10 12:00:00,5.072222222222224,2.855555555555556,0.86,9.563400000000001,9.0,9.9015,0.0,1036.34
2023-12-10 13:00:00,5.127777777777776,3.0388888888888883,0.87,9.064300000000001,8.0,9.3702,0.0,1036.07
2023-12-10 14:00:00,6.133333333333333,3.8444444444444454,0.79,10.9158,9.0,9.9015,0.0,1035.63
2023-12-10 15:00:00,5.094444444444445,2.588888888888887,0.86,10.9319,20.0,8.05,0.0,1035.55
2023-12-10 16:00:00,5.127777777777776,3.1722222222222225,0.87,8.500800000000002,2.0,6.230700000000001,0.0,1035.74
2023-12-10 17:00:00,5.072222222222224,2.938888888888888,0.86,9.209200000000001,10.0,6.1985,0.0,1035.65
2023-12-10 18:00:00,5.022222222222222,3.2166666666666663,0.86,7.840700000000001,350.0,6.1985,0.0,1035.64
2023-12-10 19:00:00,4.961111111111111,4.961111111111111,0.93,4.6207,332.0,6.4078,0.0,1035.85
2023-12-10 20:00:00,4.905555555555555,3.0944444444444446,0.93,7.776300000000001,339.0,6.118,0.0,1035.74
2023-12-10 21:00:00,4.883333333333333,3.533333333333333,0.93,6.230700000000001,349.0,6.118,0.0,1035.64
2023-12-10 22:00:00,4.33888888888889,3.0833333333333317,0.93,5.7155000000000005,340.0,6.3434,0.0,1035.67
2023-12-10 23:00:00,4.200000000000001,2.7222222222222214,0.93,6.279,340.0,6.118,0.0,1035.55
2023-12-11 00:00:00,4.222222222222223,2.7500000000000018,0.93,6.279,339.0,6.118,0.0,1035.34
2023-12-11 01:00:00,3.75,3.75,0.96,3.5581,340.0,6.6493,0.0,1034.96
2023-12-11 02:00:00,3.1555555555555554,1.5166666666666648,0.96,6.295100000000001,300.0,6.0697,0.0,1034.84
2023-12-11 03:00:00,3.1611111111111097,3.1611111111111097,0.96,3.22,290.0,6.0697,0.0,1034.36
2023-12-11 04:00:00,2.7333333333333343,2.7333333333333343,0.96,4.459700000000001,302.0,6.118,0.0,1033.98
2023-12-11 05:00:00,2.1611111111111114,2.1611111111111114,1.0,4.7334000000000005,299.0,4.9910000000000005,0.0,1033.83
2023-12-11 06:00:00,2.694444444444445,2.694444444444445,0.96,0.1449,310.0,6.0697,0.0,1033.63
2023-12-11 07:00:00,2.4000000000000004,2.4000000000000004,0.99,3.0107000000000004,290.0,3.0429,0.0,1033.77
2023-12-11 08:00:00,2.738888888888889,2.738888888888889,0.96,1.61,280.0,3.4937,0.0,1033.82
2023-12-11 09:00:00,3.8499999999999996,1.7833333333333339,1.0,8.05,300.0,3.5581,0.0,1033.91
2023-12-11 10:00:00,4.961111111111111,4.961111111111111,0.93,4.652900000000001,322.0,5.4418,0.0,1034.05
2023-12-11 11:00:00,7.155555555555556,7.155555555555556,0.86,4.5402000000000005,215.0,8.9677,0.0,1033.49
2023-12-11 12:00:00,7.222222222222222,7.222222222222222,0.79,1.6583,193.0,9.982000000000001,0.0,1032.61
2023-12-11 13:00:00,7.127777777777776,7.127777777777776,0.8,4.508,243.0,9.450700000000001,0.0,1032.32
2023-12-11 14:00:00,7.222222222222222,5.488888888888891,0.79,9.2253,201.0,9.982000000000001,0.0,1031.79
2023-12-11 15:00:00,6.1833333333333345,4.644444444444444,0.85,7.583100000000001,210.0,9.9015,0.0,1031.32
2023-12-11 16:00:00,4.2777777777777795,2.5555555555555562,0.88,7.1001,218.0,11.0768,0.0,1031.64
2023-12-11 17:00:00,2.894444444444445,0.7944444444444443,0.89,7.615300000000001,191.0,11.8979,0.0,1031.58
2023-12-11 18:00:00,2.2277777777777765,-0.06666666666666722,0.92,7.8729,172.0,11.8979,0.0,1031.4
2023-12-11 19:00:00,1.1666666666666674,-1.0888888888888895,0.93,7.1806,195.0,6.230700000000001,0.0,1031.34
2023-12-11 20:00:00,0.0777777777777781,-2.6888888888888887,1.0,8.1949,221.0,6.1985,0.0,1031.19
2023-12-11 21:00:00,0.011111111111112848,-2.166666666666666,0.96,6.423900000000001,192.0,1.0465000000000002,0.0,1030.98
2023-12-11 22:00:00,-0.3499999999999994,-0.3499999999999994,0.96,3.1556,207.0,1.4007,0.0,1030.84
2023-12-11 23:00:00,-1.0111111111111113,-3.8944444444444457,1.0,7.969500000000001,182.0,0.483,0.0,1030.4
2023-12-12 00:00:00,-1.5888888888888886,-4.01111111111111,1.0,6.423900000000001,182.0,0.8533000000000001,0.0,1030.29
2023-12-12 01:00:00,-0.9722222222222222,-2.8611111111111103,0.96,5.4096,177.0,0.8211,0.0,1029.73
2023-12-12 02:00:00,-1.5666666666666669,-3.927777777777778,0.96,6.279,173.0,0.22540000000000004,0.0,1029.27
2023-12-12 03:00:00,-1.5888888888888886,-5.333333333333334,0.96,10.513300000000001,182.0,0.3542,0.0,1028.67
2023-12-12 04:00:00,-1.0944444444444439,-3.099999999999999,0.96,5.618900000000001,188.0,0.8533000000000001,0.0,1028.17
2023-12-12 05:00:00,-1.1555555555555546,-4.0166666666666675,1.0,7.824600000000001,183.0,0.16100000000000003,0.0,1027.77
2023-12-12 06:00:00,-1.1333333333333329,-4.483333333333333,0.93,9.4185,192.0,0.3381,0.0,1027.78
2023-12-12 07:00:00,-1.1833333333333327,-4.127777777777777,0.93,8.0661,176.0,0.1449,0.0,1027.91
2023-12-12 08:00:00,-1.1333333333333329,-4.922222222222222,0.93,11.0446,181.0,0.16100000000000003,0.0,1028.26
2023-12-12 09:00:00,-1.0611111111111111,-4.338888888888889,1.0,9.209200000000001,181.0,0.16100000000000003,0.0,1028.37
2023-12-12 10:00:00,-0.8333333333333334,-4.355555555555556,1.0,10.255700000000001,174.0,0.2576,0.0,1028.35
2023-12-12 11:00:00,-0.3888888888888885,-3.938888888888889,0.96,10.6904,163.0,0.7567,0.0,1028.16
2023-12-12 12:00:00,0.21111111111111253,-2.4333333333333327,1.0,7.889000000000001,192.0,0.3864,0.0,1028.06
2023-12-12 13:00:00,0.4555555555555557,-2.0500000000000007,0.99,7.583100000000001,203.0,0.6440000000000001,0.0,1027.82
2023-12-12 14:00:00,1.3222222222222237,-1.188888888888889,0.92,8.0822,202.0,0.9821000000000001,0.0,1027.74
2023-12-12 15:00:00,1.3222222222222237,-1.1555555555555546,0.92,7.953400000000001,183.0,0.9821000000000001,0.0,1027.44
2023-12-12 16:00:00,0.4999999999999992,-3.344444444444444,0.99,12.783400000000002,186.0,0.8211,0.0,1027.74
2023-12-12 17:00:00,0.23888888888888873,-3.533333333333333,0.99,12.187700000000001,181.0,0.6762,0.0,1027.66
2023-12-12 18:00:00,0.18888888888889077,-4.194444444444445,1.0,15.1823,181.0,0.6762,0.0,1027.86
2023-12-12 19:00:00,0.25000000000000155,-3.744444444444443,1.0,13.218100000000002,213.0,0.5152,0.0,1027.65
2023-12-12 20:00:00,0.14444444444444335,-3.6999999999999997,1.0,12.4292,202.0,0.43470000000000003,0.0,1027.2
2023-12-12 21:00:00,-0.36111111111111033,-5.166666666666667,1.0,16.7923,211.0,0.43470000000000003,0.0,1027.01
2023-12-12 22:00:00,-0.3166666666666668,-3.9111111111111105,1.0,10.9158,227.0,0.3703,0.0,1027.43
2023-12-12 23:00:00,-0.43333333333333396,-4.05,0.96,10.9158,221.0,0.5796,0.0,1027.09
2023-12-13 00:00:00,-0.4555555555555557,-4.05,1.0,10.8031,210.0,0.5796,0.0,1026.97
2023-12-13 01:00:00,-0.4999999999999992,-4.461111111111112,1.0,12.332600000000001,201.0,0.49910000000000004,0.0,1026.64
2023-12-13 02:00:00,-0.6222222222222228,-4.916666666666668,0.96,13.7494,190.0,0.16100000000000003,0.0,1026.47
2023-12-13 03:00:00,-0.6222222222222228,-4.944444444444444,0.96,13.894300000000003,180.0,0.16100000000000003,0.0,1026.16
2023-12-13 04:00:00,-1.1000000000000003,-4.661111111111111,0.97,10.2074,171.0,0.1449,0.0,1025.32
2023-12-13 05:00:00,-1.1833333333333327,-4.949999999999999,1.0,10.9158,161.0,0.16100000000000003,0.0,1024.69
2023-12-13 06:00:00,-2.2222222222222223,-6.561111111111111,1.0,12.380900000000002,170.0,0.16100000000000003,0.0,1024.29
2023-12-13 07:00:00,-1.1555555555555546,-4.894444444444444,1.0,10.835300000000002,174.0,0.27370000000000005,0.0,1024.08
2023-12-13 08:00:00,-1.1833333333333327,-4.511111111111112,1.0,9.305800000000001,189.0,0.32200000000000006,0.0,1024.1
2023-12-13 09:00:00,-1.2055555555555566,-4.577777777777777,1.0,9.434600000000001,207.0,0.32200000000000006,0.0,1024.18
2023-12-13 10:00:00,-1.0166666666666657,-4.061111111111111,0.99,8.4525,211.0,0.3059,0.0,1024.19
2023-12-13 11:00:00,-1.1111111111111112,-4.4944444444444445,1.0,9.5473,198.0,0.3542,0.0,1023.57
2023-12-13 12:00:00,-0.022222222222221748,-3.555555555555555,1.0,10.9319,209.0,0.3381,0.0,1022.51
2023-12-13 13:00:00,0.11666666666666714,-3.427777777777779,0.99,11.109000000000002,224.0,0.6762,0.0,1021.96
2023-12-13 14:00:00,1.0666666666666675,-2.2777777777777786,0.92,11.0446,221.0,1.8676,0.0,1021.39
2023-12-13 15:00:00,1.0388888888888874,-2.561111111111111,0.93,12.187700000000001,192.0,0.9821000000000001,0.0,1021.01
2023-12-13 16:00:00,0.9500000000000005,-2.3277777777777784,0.93,10.6743,235.0,0.7406,0.0,1021.47
2023-12-13 17:00:00,1.0388888888888874,-2.372222222222222,0.93,11.3344,232.0,0.7567,0.0,1021.61
2023-12-13 18:00:00,0.022222222222221748,-3.8999999999999995,1.0,12.654600000000002,251.0,1.1109,0.0,1022.09
2023-12-13 19:00:00,1.0277777777777786,-2.6722222222222216,0.93,12.6385,254.0,1.2075,0.0,1022.59
2023-12-13 20:00:00,1.0388888888888874,-2.7222222222222214,0.93,12.9444,251.0,1.5295,0.0,1023.19
2023-12-13 21:00:00,0.5111111111111121,-2.994444444444445,1.0,11.237800000000002,241.0,1.449,0.0,1023.5
2023-12-13 22:00:00,0.43333333333333396,-2.999999999999999,0.96,10.8997,246.0,1.2236,0.0,1023.76
2023-12-13 23:00:00,0.46666666666666856,-2.922222222222223,0.96,10.7387,240.0,1.2880000000000003,0.0,1024.02
2023-12-14 00:00:00,-0.09444444444444539,-2.3277777777777784,1.0,6.552700000000001,233.0,0.8211,0.0,1024.41
2023-12-14 01:00:00,-0.6111111111111119,-2.844444444444445,1.0,6.327300000000001,240.0,0.3542,0.0,1024.37
2023-12-14 02:00:00,-1.1555555555555546,-4.8055555555555545,1.0,10.4811,189.0,0.1932,0.0,1025.0
2023-12-14 03:00:00,-1.7333333333333338,-1.7333333333333338,1.0,2.9785000000000004,138.0,0.1771,0.0,1025.43
2023-12-14 04:00:00,-1.2277777777777783,-1.2277777777777783,1.0,2.1574000000000004,52.0,0.22540000000000004,0.0,1025.62
2023-12-14 05:00:00,-1.3222222222222217,-1.3222222222222217,0.92,3.22,130.0,0.16100000000000003,0.0,1025.83
2023-12-14 06:00:00,-1.2944444444444434,-1.2944444444444434,1.0,3.0751,110.0,0.3381,0.0,1026.23
2023-12-14 07:00:00,-0.36111111111111033,-0.36111111111111033,0.94,3.8962000000000003,81.0,0.32200000000000006,0.0,1026.79
2023-12-14 08:00:00,-0.2499999999999996,-0.2499999999999996,0.92,3.1073,197.0,0.16100000000000003,0.0,1027.42
2023-12-14 09:00:00,-0.18333333333333238,-0.18333333333333238,1.0,1.5939,155.0,0.32200000000000006,0.0,1027.92
2023-12-14 10:00:00,0.8722222222222223,0.8722222222222223,0.93,0.4669,72.0,1.2880000000000003,0.0,1028.36
2023-12-14 11:00:00,1.1500000000000001,1.1500000000000001,1.0,4.5724,78.0,3.4132000000000002,0.0,1028.41
2023-12-14 12:00:00,2.194444444444446,0.9611111111111094,1.0,4.8944,91.0,5.892600000000001,0.0,1028.31
2023-12-14 13:00:00,2.1000000000000005,-0.10555555555555626,0.99,7.502600000000001,86.0,6.2468,0.0,1028.23
2023-12-14 14:00:00,2.2222222222222223,-0.8611111111111115,1.0,10.948,99.0,6.9069,0.0,1028.02
2023-12-14 15:00:00,2.155555555555557,-0.9611111111111114,0.99,11.012400000000001,62.0,6.8747,0.0,1028.12
2023-12-14 16:00:00,2.0944444444444463,-0.8111111111111116,0.93,10.0464,54.0,4.6207,0.0,1028.52
2023-12-14 17:00:00,2.105555555555555,-1.3166666666666673,0.86,12.4292,72.0,5.9731000000000005,0.0,1028.72
2023-12-14 18:00:00,2.0833333333333335,-1.6111111111111103,0.86,13.8138,62.0,6.021400000000001,0.0,1028.92
2023-12-14 19:00:00,1.9944444444444462,-1.161111111111111,0.87,11.0607,90.0,5.7316,0.0,1029.34
2023-12-14 20:00:00,2.105555555555555,-0.9611111111111114,0.86,10.770900000000001,91.0,6.021400000000001,0.0,1029.43
2023-12-14 21:00:00,1.5499999999999996,-1.5888888888888886,0.9,10.577700000000002,82.0,5.9731000000000005,0.0,1029.53
2023-12-14 22:00:00,0.9722222222222222,0.9722222222222222,0.9,4.0411,90.0,5.6833,0.0,1029.76
2023-12-14 23:00:00,0.9722222222222222,0.9722222222222222,0.89,3.3649,146.0,5.9731000000000005,0.0,1029.93
2023-12-15 00:00:00,0.46111111111111014,-1.3277777777777782,0.92,5.635000000000001,44.0,5.9731000000000005,0.0,1030.21
2023-12-15 01:00:00,0.44444444444444287,0.44444444444444287,0.93,3.3488,44.0,5.554500000000001,0.0,1029.84
2023-12-15 02:00:00,0.43888888888888844,-1.5666666666666669,0.92,6.1502,44.0,5.9731000000000005,0.0,1030.01
2023-12-15 03:00:00,-0.5777777777777773,-2.65,0.96,5.957000000000001,42.0,5.9731000000000005,0.0,1029.91
2023-12-15 04:00:00,-0.5277777777777773,-2.5222222222222217,0.96,5.7799000000000005,49.0,3.3649,0.0,1029.73
2023-12-15 05:00:00,-1.0888888888888895,-1.0888888888888895,1.0,3.4293,71.0,3.059,0.0,1029.81
2023-12-15 06:00:00,-1.0888888888888895,-4.061111111111111,0.92,8.1949,81.0,1.9642000000000002,0.0,1029.91
2023-12-15 07:00:00,-0.9777777777777786,-3.688888888888889,1.0,7.4543,108.0,0.4508000000000001,0.0,1029.94
2023-12-15 08:00:00,-1.0888888888888895,-1.0888888888888895,1.0,3.22,110.0,1.4168,0.0,1030.21
2023-12-15 09:00:00,-1.0888888888888895,-1.0888888888888895,1.0,3.0751,140.0,1.4168,0.0,1030.42
2023-12-15 10:00:00,-0.044444444444443496,-1.555555555555556,0.93,4.8622000000000005,141.0,2.1896000000000004,0.0,1030.53
2023-12-15 11:00:00,-0.07222222222222167,-0.07222222222222167,1.0,3.1395,187.0,3.0107000000000004,0.0,1030.5
2023-12-15 12:00:00,1.0166666666666657,-2.2277777777777787,0.92,10.5938,180.0,3.0107000000000004,0.0,1029.91
2023-12-15 13:00:00,0.9666666666666678,0.9666666666666678,0.93,4.2665,203.0,2.4472,0.0,1029.56
2023-12-15 14:00:00,1.0166666666666657,-1.4722222222222214,0.92,7.824600000000001,220.0,1.932,0.0,1029.22
2023-12-15 15:00:00,1.0666666666666675,-1.4833333333333343,0.92,8.05,220.0,1.932,0.0,1029.12
2023-12-15 16:00:00,0.1722222222222235,0.1722222222222235,0.99,2.9785000000000004,276.0,1.8032000000000004,0.0,1029.19
2023-12-15 17:00:00,0.0500000000000019,0.0500000000000019,0.99,1.5456,255.0,1.9803000000000002,0.0,1029.21
2023-12-15 18:00:00,0.0500000000000019,0.0500000000000019,0.99,4.7495,310.0,1.9803000000000002,0.0,1029.4
2023-12-15 19:00:00,0.1388888888888889,-2.2500000000000004,0.99,7.0679,271.0,2.3989000000000003,0.0,1029.55
2023-12-15 20:00:00,0.07222222222222364,-1.4833333333333343,0.92,4.9749,310.0,3.4615,0.0,1029.8
2023-12-15 21:00:00,0.07222222222222364,-2.6555555555555563,0.96,8.05,290.0,3.0107000000000004,0.0,1029.81
2023-12-15 22:00:00,0.1722222222222235,0.1722222222222235,0.96,3.0751,275.0,2.6726,0.0,1030.05
2023-12-15 23:00:00,0.5777777777777773,0.5777777777777773,0.96,3.1878,272.0,2.9785000000000004,0.0,1030.1
2023-12-16 00:00:00,0.07222222222222364,-1.4222222222222216,1.0,4.8461,273.0,0.9821000000000001,0.0,1030.04
2023-12-16 01:00:00,0.5944444444444446,0.5944444444444446,0.97,3.3488,282.0,0.7889,0.0,1030.23
2023-12-16 02:00:00,0.5999999999999991,0.5999999999999991,0.96,3.2683,276.0,0.3542,0.0,1030.31
2023-12-16 03:00:00,0.5999999999999991,0.5999999999999991,1.0,3.3649,274.0,0.3703,0.0,1030.42
2023-12-16 04:00:00,1.0999999999999983,1.0999999999999983,0.97,3.4132000000000002,319.0,0.43470000000000003,0.0,1030.73
2023-12-16 05:00:00,1.1333333333333329,1.1333333333333329,1.0,3.1234,333.0,0.6762,0.0,1030.92
2023-12-16 06:00:00,1.1333333333333329,1.1333333333333329,1.0,3.1234,340.0,1.449,0.0,1030.94
2023-12-16 07:00:00,2.049999999999999,2.049999999999999,0.93,4.4275,343.0,2.0447,0.0,1031.49
2023-12-16 08:00:00,2.1499999999999986,2.1499999999999986,0.92,4.7495,0.0,2.5438,0.0,1031.94
2023-12-16 09:00:00,2.1722222222222203,-0.044444444444443496,0.92,7.5992,10.0,3.0107000000000004,0.0,1032.54
2023-12-16 10:00:00,2.155555555555557,-0.4055555555555558,0.93,8.774500000000002,20.0,2.8819000000000004,0.0,1033.03
2023-12-16 11:00:00,2.2222222222222223,-0.8222222222222224,0.86,10.770900000000001,39.0,4.9105,0.0,1033.03
2023-12-16 12:00:00,2.2222222222222223,-1.188888888888889,0.86,12.4936,10.0,3.9767000000000006,0.0,1032.94
2023-12-16 13:00:00,2.194444444444446,-0.7944444444444443,0.87,10.4972,35.0,5.8604,0.0,1033.15
2023-12-16 14:00:00,2.2666666666666657,0.022222222222221748,0.85,7.728,32.0,4.9105,0.0,1033.13
2023-12-16 15:00:00,2.2666666666666657,0.06666666666666525,0.85,7.583100000000001,350.0,5.9731000000000005,0.0,1033.6
2023-12-16 16:00:00,2.194444444444446,2.194444444444446,0.86,1.9642000000000002,16.0,4.9427,0.0,1034.04
2023-12-16 17:00:00,2.244444444444444,2.244444444444444,0.85,4.652900000000001,12.0,4.9910000000000005,0.0,1034.41
2023-12-16 18:00:00,1.1555555555555546,1.1555555555555546,0.92,4.717300000000001,71.0,5.9731000000000005,0.0,1035.01
2023-12-16 19:00:00,1.1666666666666674,1.1666666666666674,0.92,2.7531000000000003,33.0,5.6833,0.0,1035.62
2023-12-16 20:00:00,1.1555555555555546,1.1555555555555546,0.92,4.6851,94.0,5.9731000000000005,0.0,1035.9
2023-12-16 21:00:00,0.6444444444444426,-1.211111111111111,0.95,5.8604,64.0,4.9105,0.0,1036.0
2023-12-16 22:00:00,0.7111111111111117,0.7111111111111117,0.95,2.4794,105.0,4.7656,0.0,1036.13
2023-12-16 23:00:00,0.6444444444444426,0.6444444444444426,0.96,3.22,140.0,4.025,0.0,1036.28
2023-12-17 00:00:00,0.6222222222222208,-1.3611111111111107,0.96,6.1824,134.0,6.021400000000001,0.0,1036.08
2023-12-17 01:00:00,0.5888888888888901,-1.2388888888888892,0.92,5.763800000000001,159.0,5.7316,0.0,1036.14
2023-12-17 02:00:00,0.5777777777777773,-1.4722222222222214,0.92,6.327300000000001,172.0,6.021400000000001,0.0,1036.09
2023-12-17 03:00:00,0.5999999999999991,0.5999999999999991,0.92,3.1556,177.0,6.021400000000001,0.0,1036.18
2023-12-17 04:00:00,0.6111111111111119,-1.2722222222222217,0.92,5.9248,178.0,5.6833,0.0,1035.93
2023-12-17 05:00:00,0.10555555555555429,-2.033333333333333,0.93,6.3756,157.0,5.6833,0.0,1036.1
2023-12-17 06:00:00,0.06666666666666525,0.06666666666666525,0.92,4.7978000000000005,236.0,5.9731000000000005,0.0,1036.08
2023-12-17 07:00:00,0.1388888888888889,0.1388888888888889,0.93,4.652900000000001,159.0,3.2039,0.0,1036.28
2023-12-17 08:00:00,0.06666666666666525,-2.972222222222223,0.92,9.1126,143.0,1.0465000000000002,0.0,1036.65
2023-12-17 09:00:00,0.06666666666666525,-3.0944444444444446,0.99,9.5312,152.0,1.3524,0.0,1036.66
2023-12-17 10:00:00,0.16666666666666508,-2.0388888888888896,0.96,6.5849,178.0,2.9141000000000004,0.0,1036.73
2023-12-17 11:00:00,1.1333333333333329,-2.527777777777778,0.92,12.5419,199.0,4.8783,0.0,1036.18
2023-12-17 12:00:00,1.1333333333333329,-2.166666666666666,0.92,10.9158,190.0,4.9105,0.0,1035.67
2023-12-17 13:00:00,2.1611111111111114,-0.9166666666666659,0.87,10.867500000000001,203.0,5.6672,0.0,1035.27
2023-12-17 14:00:00,2.1499999999999986,-1.2722222222222217,0.85,12.461400000000001,198.0,4.8783,0.0,1034.68
2023-12-17 15:00:00,2.1499999999999986,-1.5499999999999996,0.85,13.894300000000003,190.0,4.8461,0.0,1034.28
2023-12-17 16:00:00,2.1111111111111094,-1.6444444444444448,0.86,14.168000000000003,192.0,4.717300000000001,0.0,1033.99
2023-12-17 17:00:00,2.1499999999999986,-0.5888888888888881,0.85,9.450700000000001,189.0,6.021400000000001,0.0,1033.7
2023-12-17 18:00:00,2.1499999999999986,-0.5555555555555556,0.85,9.321900000000001,190.0,6.9391,0.0,1033.67
2023-12-17 19:00:00,2.194444444444446,-1.0500000000000003,0.86,11.656400000000001,191.0,6.8586,0.0,1033.4
2023-12-17 20:00:00,2.1499999999999986,-1.2555555555555564,0.85,12.397,190.0,7.8729,0.0,1033.1
2023-12-17 21:00:00,1.6222222222222231,-1.6166666666666667,0.89,11.0768,180.0,7.8729,0.0,1032.88
2023-12-17 22:00:00,1.594444444444443,-1.4111111111111105,0.9,10.0786,180.0,7.293300000000001,0.0,1032.65
2023-12-17 23:00:00,1.6222222222222231,-2.194444444444444,0.89,13.8782,200.0,7.824600000000001,0.0,1032.21
2023-12-18 00:00:00,1.6222222222222231,-1.5499999999999996,0.89,10.8031,209.0,7.824600000000001,0.0,1032.01
2023-12-18 01:00:00,1.594444444444443,-0.2777777777777778,0.9,6.279,207.0,6.9391,0.0,1031.64
2023-12-18 02:00:00,1.6222222222222231,-0.3277777777777777,0.89,6.488300000000001,201.0,5.957000000000001,0.0,1031.29
2023-12-18 03:00:00,1.6000000000000014,-0.33333333333333415,0.92,6.44,183.0,5.957000000000001,0.0,1030.7
2023-12-18 04:00:00,1.4777777777777759,-0.3111111111111104,0.92,6.0053,199.0,5.3291,0.0,1030.15
2023-12-18 05:00:00,1.0888888888888895,-2.844444444444445,0.92,13.8621,191.0,5.9248,0.0,1029.9
2023-12-18 06:00:00,1.0888888888888895,-3.1222222222222227,0.92,15.375500000000002,190.0,5.9087000000000005,0.0,1029.78
2023-12-18 07:00:00,1.0777777777777766,-2.0833333333333335,0.93,10.2879,210.0,5.313,0.0,1029.84
2023-12-18 08:00:00,1.0888888888888895,-2.144444444444444,0.92,10.5938,180.0,5.9087000000000005,0.0,1029.88
2023-12-18 09:00:00,2.177777777777779,-1.2000000000000002,0.86,12.2843,190.0,5.9087000000000005,0.0,1029.88
2023-12-18 10:00:00,2.5555555555555562,-1.1722222222222218,0.85,14.570500000000003,183.0,8.6135,0.0,1029.73
2023-12-18 11:00:00,2.7333333333333343,-0.27222222222222137,0.89,11.0607,190.0,9.708300000000001,0.0,1029.48
2023-12-18 12:00:00,2.755555555555556,-0.8055555555555551,0.89,13.894300000000003,200.0,7.8729,0.0,1028.78
2023-12-18 13:00:00,3.7222222222222237,1.2666666666666673,0.84,9.499,201.0,7.486500000000001,0.0,1028.33
2023-12-18 14:00:00,3.8444444444444454,1.161111111111113,0.82,10.5938,200.0,7.905100000000001,0.0,1028.28
2023-12-18 15:00:00,3.8444444444444454,1.4222222222222234,0.82,9.466800000000001,178.0,6.118,0.0,1028.28
2023-12-18 16:00:00,3.316666666666666,0.7333333333333335,0.86,9.6922,179.0,5.618900000000001,0.0,1028.1
2023-12-18 17:00:00,2.7611111111111106,0.5722222222222229,0.96,7.8084999999999996,181.0,4.588500000000001,0.0,1028.38
2023-12-18 18:00:00,2.738888888888889,0.12777777777777605,0.96,9.3702,170.0,7.969500000000001,0.0,1028.04
2023-12-18 19:00:00,2.822222222222221,2.822222222222221,0.96,4.2665,138.0,7.3255,0.0,1028.06
2023-12-18 20:00:00,2.177777777777779,2.177777777777779,0.92,1.61,150.0,6.9874,0.0,1028.02
2023-12-18 21:00:00,1.7166666666666686,1.7166666666666686,0.92,0.0,0.0,6.021400000000001,0.0,1028.31
2023-12-18 22:00:00,1.7666666666666666,1.7666666666666666,0.96,2.9946,167.0,4.5402000000000005,0.0,1028.43
2023-12-18 23:00:00,1.6722222222222212,1.6722222222222212,0.96,3.22,210.0,4.025,0.0,1028.51
2023-12-19 00:00:00,1.6722222222222212,1.6722222222222212,0.96,0.0,0.0,3.9767000000000006,0.0,1028.42
2023-12-19 01:00:00,2.1888888888888878,2.1888888888888878,0.96,2.5599000000000003,346.0,3.7191000000000005,0.0,1028.25
2023-12-19 02:00:00,2.2000000000000006,2.2000000000000006,0.96,3.22,340.0,1.3685,0.0,1028.31
2023-12-19 03:00:00,2.7333333333333343,2.7333333333333343,0.93,3.22,40.0,1.3202,0.0,1028.14
2023-12-19 04:00:00,2.738888888888889,2.738888888888889,0.93,2.8658,301.0,2.4794,0.0,1028.08
2023-12-19 05:00:00,2.7333333333333343,2.7333333333333343,0.96,1.4329,284.0,1.8998,0.0,1028.22
2023-12-19 06:00:00,2.755555555555556,2.755555555555556,0.96,3.1717,322.0,1.449,0.0,1028.25
2023-12-19 07:00:00,2.7611111111111106,0.8944444444444442,1.0,6.7781,322.0,1.6261,0.0,1028.74
2023-12-19 08:00:00,2.755555555555556,0.09999999999999984,0.96,9.563400000000001,41.0,1.4329,0.0,1029.02
2023-12-19 09:00:00,2.7777777777777777,2.7777777777777777,1.0,4.8139,19.0,1.4329,0.0,1029.34
2023-12-19 10:00:00,3.7944444444444434,1.900000000000001,0.93,7.438200000000001,351.0,2.4472,0.0,1029.97
2023-12-19 11:00:00,3.866666666666667,2.872222222222223,0.92,4.8622000000000005,342.0,2.8175000000000003,0.0,1029.94
2023-12-19 12:00:00,4.905555555555555,4.905555555555555,0.87,4.7012,333.0,3.0107000000000004,0.0,1029.65
2023-12-19 13:00:00,4.955555555555557,3.266666666666668,0.87,7.3738,1.0,2.9785000000000004,0.0,1029.64
2023-12-19 14:00:00,4.927777777777776,2.766666666666665,0.86,9.209200000000001,2.0,3.1878,0.0,1029.43
2023-12-19 15:00:00,4.927777777777776,3.1166666666666663,0.86,7.8084999999999996,31.0,3.5259,0.0,1029.52
2023-12-19 16:00:00,4.0388888888888905,2.2777777777777786,0.92,7.1001,31.0,2.5438,0.0,1029.57
2023-12-19 17:00:00,3.9111111111111105,3.9111111111111105,0.92,1.6583,63.0,4.524100000000001,0.0,1029.93
2023-12-19 18:00:00,3.888888888888889,3.888888888888889,0.92,1.4651,5.0,4.9910000000000005,0.0,1030.23
2023-12-19 19:00:00,3.966666666666667,3.966666666666667,0.92,4.186000000000001,335.0,4.652900000000001,0.0,1030.55
2023-12-19 20:00:00,3.888888888888889,3.888888888888889,0.92,4.83,0.0,4.9910000000000005,0.0,1030.93
2023-12-19 21:00:00,3.888888888888889,2.311111111111109,0.92,6.44,20.0,4.9427,0.0,1031.31
2023-12-19 22:00:00,3.966666666666667,2.6333333333333346,0.92,5.7799000000000005,39.0,3.8318,0.0,1031.69
2023-12-19 23:00:00,3.888888888888889,3.888888888888889,0.92,3.1556,52.0,3.9767000000000006,0.0,1031.71
2023-12-20 00:00:00,3.816666666666665,3.816666666666665,0.93,2.9624,22.0,4.8461,0.0,1031.79
2023-12-20 01:00:00,3.827777777777778,3.827777777777778,0.96,2.8175000000000003,63.0,2.0447,0.0,1031.61
2023-12-20 02:00:00,3.816666666666665,3.816666666666665,0.96,3.22,140.0,1.4329,0.0,1031.52
2023-12-20 03:00:00,3.816666666666665,1.7499999999999991,0.96,8.05,150.0,1.4168,0.0,1031.89
2023-12-20 04:00:00,3.8499999999999996,3.8499999999999996,0.96,3.7191000000000005,144.0,1.2719,0.0,1031.84
2023-12-20 05:00:00,3.838888888888887,3.838888888888887,1.0,3.4454000000000002,150.0,1.8676,0.0,1031.81
2023-12-20 06:00:00,3.838888888888887,3.838888888888887,0.93,3.2039,159.0,1.4168,0.0,1032.01
2023-12-20 07:00:00,3.816666666666665,2.677777777777778,0.93,5.2003,158.0,1.2075,0.0,1032.35
2023-12-20 08:00:00,3.838888888888887,3.838888888888887,1.0,4.83,148.0,1.2397,0.0,1032.61
2023-12-20 09:00:00,3.888888888888889,3.888888888888889,0.99,4.652900000000001,149.0,1.8676,0.0,1033.01
2023-12-20 10:00:00,4.777777777777779,3.838888888888887,0.94,5.0232,144.0,2.5921000000000003,0.0,1033.49
2023-12-20 11:00:00,4.905555555555555,4.905555555555555,0.87,3.5098000000000003,167.0,6.810300000000001,0.0,1033.59
2023-12-20 12:00:00,4.905555555555555,4.905555555555555,0.87,1.9964000000000002,120.0,7.8084999999999996,0.0,1033.11
2023-12-20 13:00:00,4.744444444444444,2.3388888888888895,0.93,10.143,130.0,2.7853000000000003,0.0,1033.06
2023-12-20 14:00:00,3.888888888888889,0.5944444444444446,0.92,13.8138,141.0,1.9642000000000002,0.0,1032.59
2023-12-20 15:00:00,3.888888888888889,1.1722222222222218,0.92,10.787,131.0,3.0107000000000004,0.0,1032.6
2023-12-20 16:00:00,2.9166666666666665,0.42777777777777953,0.96,9.032100000000002,126.0,2.8497000000000003,0.0,1032.8
2023-12-20 17:00:00,2.8500000000000014,-0.10555555555555626,0.96,10.9158,141.0,2.5438,0.0,1032.88
2023-12-20 18:00:00,2.3388888888888895,-0.6944444444444444,1.0,10.8031,130.0,1.3202,0.0,1032.97
2023-12-20 19:00:00,2.383333333333333,-0.5166666666666665,0.99,10.2718,114.0,0.7567,0.0,1033.09
2023-12-20 20:00:00,2.244444444444444,-1.1722222222222218,1.0,12.558,140.0,0.4025,0.0,1033.37
2023-12-20 21:00:00,2.244444444444444,-1.4333333333333325,0.96,13.894300000000003,130.0,0.7084,0.0,1033.19
2023-12-20 22:00:00,2.272222222222224,-1.2555555555555564,0.97,13.105400000000001,133.0,0.3542,0.0,1033.14
2023-12-20 23:00:00,2.2222222222222223,0.36666666666666475,0.96,6.5044,149.0,0.16100000000000003,0.0,1033.39
2023-12-21 00:00:00,1.7111111111111101,-1.4777777777777779,1.0,10.9641,132.0,0.7889,0.0,1033.09
2023-12-21 01:00:00,1.7555555555555538,-1.2333333333333327,1.0,10.126900000000001,142.0,0.7245,0.0,1032.73
2023-12-21 02:00:00,1.7111111111111101,-1.4777777777777779,1.0,10.948,160.0,0.7889,0.0,1032.39
2023-12-21 03:00:00,1.7111111111111101,-0.3111111111111104,1.0,6.7620000000000005,158.0,0.6440000000000001,0.0,1032.47
2023-12-21 04:00:00,1.7111111111111101,-1.4388888888888889,0.97,10.787,158.0,0.5957,0.0,1032.08
2023-12-21 05:00:00,1.1555555555555546,-2.5222222222222217,1.0,12.654600000000002,142.0,0.7889,0.0,1031.78
2023-12-21 06:00:00,1.1555555555555546,-1.811111111111112,1.0,9.595600000000001,161.0,0.7889,0.0,1031.78
2023-12-21 07:00:00,2.261111111111111,-0.344444444444445,0.99,8.9838,161.0,0.5796,0.0,1031.81
2023-12-21 08:00:00,2.1499999999999986,-0.9722222222222222,1.0,11.0446,151.0,0.6279,0.0,1031.76
2023-12-21 09:00:00,2.6833333333333322,-0.33333333333333415,0.96,11.0768,170.0,0.6279,0.0,1031.69
2023-12-21 10:00:00,2.805555555555554,-0.26111111111111046,1.0,11.414900000000001,163.0,0.7567,0.0,1031.91
2023-12-21 11:00:00,2.7777777777777777,-0.5055555555555556,1.0,12.4131,170.0,0.6440000000000001,0.0,1031.68
2023-12-21 12:00:00,3.816666666666665,1.3666666666666671,0.93,9.563400000000001,178.0,0.6440000000000001,0.0,1031.07
2023-12-21 13:00:00,3.7166666666666655,1.072222222222222,0.94,10.3201,163.0,1.0948000000000002,0.0,1030.54
2023-12-21 14:00:00,3.888888888888889,1.1500000000000001,0.93,10.8997,171.0,1.2880000000000003,0.0,1030.28
2023-12-21 15:00:00,3.888888888888889,0.5888888888888901,0.93,13.8299,190.0,1.2880000000000003,0.0,1030.27
2023-12-21 16:00:00,3.738888888888887,0.5999999999999991,0.93,12.7673,195.0,0.9016000000000002,0.0,1030.28
2023-12-21 17:00:00,2.7999999999999994,-1.0388888888888894,1.0,15.552600000000002,191.0,0.966,0.0,1030.3
2023-12-21 18:00:00,2.7999999999999994,-0.47777777777777747,1.0,12.445300000000001,240.0,0.6440000000000001,0.0,1030.62
2023-12-21 19:00:00,2.8388888888888886,1.4388888888888909,0.97,5.506200000000001,241.0,0.16100000000000003,0.0,1031.38
2023-12-21 20:00:00,2.8277777777777797,2.8277777777777797,1.0,0.6279,257.0,0.2093,0.0,1031.58
2023-12-21 21:00:00,3.3333333333333335,3.3333333333333335,0.96,3.3649,244.0,0.6762,0.0,1031.92
2023-12-21 22:00:00,3.2055555555555575,3.2055555555555575,0.97,3.3810000000000002,254.0,0.483,0.0,1032.39
2023-12-21 23:00:00,3.311111111111112,3.311111111111112,0.96,3.1556,232.0,0.9821000000000001,0.0,1032.4
2023-12-22 00:00:00,3.2888888888888896,1.6166666666666647,0.96,6.4722,212.0,0.5152,0.0,1032.6
2023-12-22 01:00:00,2.6611111111111105,1.1944444444444438,1.0,5.635000000000001,199.0,0.43470000000000003,0.0,1032.71
2023-12-22 02:00:00,2.716666666666667,1.0111111111111113,0.96,6.279,163.0,0.32200000000000006,0.0,1032.78
2023-12-22 03:00:00,2.666666666666665,-0.2833333333333342,0.96,10.7548,191.0,0.32200000000000006,0.0,1032.76
2023-12-22 04:00:00,1.633333333333332,-1.377777777777778,1.0,10.110800000000001,160.0,0.27370000000000005,0.0,1032.63
2023-12-22 05:00:00,1.988888888888888,-1.5277777777777777,0.93,12.735100000000001,177.0,0.4025,0.0,1032.9
2023-12-22 06:00:00,2.066666666666666,-1.3277777777777782,0.92,12.2199,171.0,0.4669,0.0,1033.18
2023-12-22 07:00:00,0.8944444444444442,-2.855555555555556,1.0,12.735100000000001,181.0,0.1449,0.0,1033.65
2023-12-22 08:00:00,1.0222222222222241,-2.2777777777777786,1.0,10.8192,171.0,0.16100000000000003,0.0,1033.55
2023-12-22 09:00:00,1.0666666666666675,-2.538888888888889,1.0,12.236,181.0,0.16100000000000003,0.0,1033.7
2023-12-22 10:00:00,2.1611111111111114,-0.29444444444444506,1.0,8.3881,199.0,0.1932,0.0,1034.15
2023-12-22 11:00:00,2.933333333333334,0.7833333333333314,0.96,7.8084999999999996,191.0,0.22540000000000004,0.0,1034.08
2023-12-22 12:00:00,3.122222222222221,3.122222222222221,1.0,4.4758,147.0,0.5313000000000001,0.0,1034.24
2023-12-22 13:00:00,4.938888888888889,3.1611111111111097,0.91,7.695800000000001,156.0,1.2558,0.0,1033.73
2023-12-22 14:00:00,6.405555555555556,4.816666666666667,0.98,7.953400000000001,173.0,3.3649,0.0,1033.43
2023-12-22 15:00:00,6.455555555555554,4.594444444444446,0.98,9.1287,171.0,3.8318,0.0,1033.15
2023-12-22 16:00:00,5.666666666666668,3.944444444444445,0.98,7.969500000000001,135.0,3.2522,0.0,1033.12
2023-12-22 17:00:00,4.094444444444443,2.2277777777777765,0.92,7.502600000000001,141.0,0.5152,0.0,1032.77
2023-12-22 18:00:00,2.9888888888888903,2.9888888888888903,1.0,4.6690000000000005,158.0,0.5152,0.0,1032.97
2023-12-22 19:00:00,3.1055555555555574,1.1500000000000001,0.99,7.245,182.0,0.5957,0.0,1032.78
2023-12-22 20:00:00,2.3444444444444437,0.1222222222222216,1.0,7.6796999999999995,153.0,0.32200000000000006,0.0,1032.89
2023-12-22 21:00:00,3.455555555555555,1.8222222222222229,0.96,6.4078,156.0,0.4669,0.0,1032.78
2023-12-22 22:00:00,1.6222222222222231,1.6222222222222231,0.96,3.7513000000000005,213.0,0.483,0.0,1032.79
2023-12-22 23:00:00,2.7111111111111126,1.0500000000000003,0.96,6.166300000000001,150.0,0.22540000000000004,0.0,1032.18
2023-12-23 00:00:00,0.5999999999999991,-1.3666666666666671,0.96,6.118,169.0,0.16100000000000003,0.0,1032.08
2023-12-23 01:00:00,1.2277777777777783,-2.005555555555555,0.97,10.706500000000002,133.0,0.2576,0.0,1032.14
2023-12-23 02:00:00,1.6000000000000014,-0.25555555555555604,0.96,6.230700000000001,123.0,0.7728,0.0,1032.15
2023-12-23 03:00:00,0.5333333333333338,-1.5777777777777777,1.0,6.4722,142.0,0.9338,0.0,1031.86
2023-12-23 04:00:00,0.6111111111111119,-2.5666666666666673,1.0,9.9981,147.0,0.2093,0.0,1031.59
2023-12-23 05:00:00,1.0888888888888895,-2.183333333333333,1.0,10.770900000000001,150.0,0.9338,0.0,1031.34
2023-12-23 06:00:00,1.0833333333333348,-2.2555555555555546,1.0,11.0446,151.0,1.2397,0.0,1031.05
2023-12-23 07:00:00,1.033333333333333,-1.7833333333333339,1.0,8.9677,160.0,1.1914,0.0,1030.95
2023-12-23 08:00:00,1.0888888888888895,-2.5166666666666675,1.0,12.2521,150.0,1.8676,0.0,1031.16
2023-12-23 09:00:00,3.7333333333333325,0.9166666666666659,0.93,11.125100000000002,160.0,2.9785000000000004,0.0,1030.98
2023-12-23 10:00:00,5.877777777777776,4.05,0.93,8.533,144.0,3.3005,0.0,1030.96
2023-12-23 11:00:00,7.266666666666666,5.566666666666668,0.86,9.0965,179.0,4.9105,0.0,1030.77
2023-12-23 12:00:00,10.094444444444445,10.094444444444445,0.77,8.05,180.0,4.9427,0.0,1030.29
2023-12-23 13:00:00,11.27222222222222,11.27222222222222,0.69,0.3059,180.0,5.0071,0.0,1029.91
2023-12-23 14:00:00,12.194444444444446,12.194444444444446,0.67,5.7316,103.0,4.9910000000000005,0.0,1029.78
2023-12-23 15:00:00,12.100000000000001,12.100000000000001,0.67,3.22,80.0,4.9910000000000005,0.0,1029.5
2023-12-23 16:00:00,8.166666666666668,6.733333333333332,0.82,8.6135,129.0,4.8783,0.0,1029.75
2023-12-23 17:00:00,6.011111111111111,6.011111111111111,1.0,4.524100000000001,221.0,4.7978000000000005,0.0,1030.31
2023-12-23 18:00:00,4.811111111111109,2.6500000000000017,0.93,9.0965,210.0,2.9302,0.0,1030.45
2023-12-23 19:00:00,3.994444444444443,3.994444444444443,0.99,3.0912,226.0,0.7245,0.0,1030.94
2023-12-23 20:00:00,3.561111111111109,3.561111111111109,0.93,4.379200000000001,194.0,0.0,0.0,1031.03
2023-12-23 21:00:00,2.9888888888888903,1.4111111111111105,0.96,6.0375000000000005,191.0,0.16100000000000003,0.0,1031.08
2023-12-23 22:00:00,1.311111111111111,1.311111111111111,1.0,3.5259,247.0,0.3703,0.0,1031.53
2023-12-23 23:00:00,-0.09444444444444539,-0.09444444444444539,1.0,3.1073,263.0,0.16100000000000003,0.0,1031.76
2023-12-24 00:00:00,-0.6222222222222228,-2.783333333333334,1.0,6.1502,330.0,0.16100000000000003,0.0,1031.94
2023-12-24 01:00:00,0.2777777777777778,-1.6055555555555558,0.97,5.796,325.0,0.2415,0.0,1031.83
2023-12-24 02:00:00,0.4500000000000013,-1.5388888888888888,0.96,6.118,329.0,0.16100000000000003,0.0,1032.04
2023-12-24 03:00:00,-0.5722222222222229,-4.183333333333334,1.0,10.787,341.0,0.16100000000000003,0.0,1032.23
2023-12-24 04:00:00,0.00555555555555445,-1.655555555555556,0.97,5.2003,5.0,0.1449,0.0,1032.28
2023-12-24 05:00:00,-1.033333333333333,-1.033333333333333,1.0,4.7495,30.0,0.16100000000000003,0.0,1032.21
2023-12-24 06:00:00,-0.9888888888888895,-0.9888888888888895,1.0,4.717300000000001,9.0,0.16100000000000003,0.0,1032.22
2023-12-24 07:00:00,-0.8500000000000006,-3.3500000000000005,0.99,6.9391,18.0,0.27370000000000005,0.0,1032.68
2023-12-24 08:00:00,0.16666666666666508,-2.9888888888888885,0.93,9.579500000000001,30.0,0.22540000000000004,0.0,1033.09
2023-12-24 09:00:00,0.22777777777777589,0.22777777777777589,0.93,2.9624,143.0,0.2415,0.0,1033.38
2023-12-24 10:00:00,0.35555555555555585,0.35555555555555585,0.99,3.4615,171.0,0.7084,0.0,1033.56
2023-12-24 11:00:00,1.3833333333333344,1.3833333333333344,0.99,0.2576,54.0,0.3381,0.0,1033.29
2023-12-24 12:00:00,1.3000000000000018,1.3000000000000018,0.99,4.4919,346.0,2.6404,0.0,1032.9
2023-12-24 13:00:00,2.411111111111113,0.38888888888889045,0.99,7.084000000000001,342.0,2.415,0.0,1032.35
2023-12-24 14:00:00,2.3388888888888895,2.3388888888888895,0.99,3.3166,5.0,4.4436,0.0,1032.01
2023-12-24 15:00:00,2.3166666666666678,2.3166666666666678,1.0,3.0912,3.0,3.4615,0.0,1031.89
2023-12-24 16:00:00,2.3944444444444457,2.3944444444444457,0.99,3.0429,29.0,2.6726,0.0,1031.94
2023-12-24 17:00:00,2.272222222222224,2.272222222222224,1.0,3.22,80.0,2.5277000000000003,0.0,1031.9
2023-12-24 18:00:00,2.272222222222224,2.272222222222224,1.0,2.7853000000000003,196.0,0.8533000000000001,0.0,1032.01
2023-12-24 19:00:00,2.311111111111109,2.311111111111109,1.0,0.805,85.0,0.2415,0.0,1032.1
2023-12-24 20:00:00,2.2499999999999982,2.2499999999999982,1.0,1.61,70.0,0.2415,0.0,1032.19
2023-12-24 21:00:00,2.2000000000000006,2.2000000000000006,1.0,3.2844,133.0,0.1771,0.0,1032.38
2023-12-24 22:00:00,2.1722222222222203,0.5111111111111121,0.97,5.9409,146.0,0.1449,0.0,1032.39
2023-12-24 23:00:00,1.6944444444444429,-0.1555555555555562,0.96,6.262900000000001,123.0,0.16100000000000003,0.0,1032.19
2023-12-25 00:00:00,1.6944444444444429,-0.11111111111111072,0.96,6.118,121.0,0.16100000000000003,0.0,1032.0
2023-12-25 01:00:00,1.8833333333333337,1.8833333333333337,1.0,3.3005,113.0,0.2898,0.0,1031.94
2023-12-25 02:00:00,2.2222222222222223,0.47777777777777747,0.96,6.1824,94.0,1.4168,0.0,1031.7
2023-12-25 03:00:00,2.244444444444444,0.472222222222223,0.96,6.279,111.0,1.5456,0.0,1031.52
2023-12-25 04:00:00,2.2888888888888874,2.2888888888888874,1.0,3.4776000000000002,106.0,1.1592,0.0,1031.68
2023-12-25 05:00:00,2.2222222222222223,2.2222222222222223,1.0,4.4758,20.0,0.9821000000000001,0.0,1031.73
2023-12-25 06:00:00,2.2222222222222223,1.0222222222222241,1.0,4.83,358.0,0.966,0.0,1032.05
2023-12-25 07:00:00,2.2888888888888874,2.2888888888888874,1.0,3.9284000000000003,321.0,0.4025,0.0,1032.65
2023-12-25 08:00:00,2.2222222222222223,-0.41111111111111026,1.0,9.0965,319.0,0.32200000000000006,0.0,1033.23
2023-12-25 09:00:00,2.294444444444446,-0.688888888888888,1.0,10.577700000000002,330.0,0.3703,0.0,1033.84
2023-12-25 10:00:00,2.7999999999999994,-0.0611111111111108,0.97,10.465,342.0,0.3542,0.0,1034.33
2023-12-25 11:00:00,2.8277777777777797,-0.0777777777777781,1.0,10.6904,348.0,0.5474000000000001,0.0,1034.74
2023-12-25 12:00:00,2.8277777777777797,-0.46666666666666656,1.0,12.525800000000002,319.0,0.6762,0.0,1034.65
2023-12-25 13:00:00,3.788888888888889,1.4388888888888909,0.94,9.1126,330.0,0.7084,0.0,1034.78
2023-12-25 14:00:00,3.888888888888889,1.8388888888888901,0.93,8.017800000000001,327.0,0.3381,0.0,1034.32
2023-12-25 15:00:00,3.888888888888889,1.1166666666666656,0.93,11.0607,289.0,0.3381,0.0,1034.7
2023-12-25 16:00:00,2.938888888888888,0.44444444444444287,1.0,9.048200000000001,300.0,0.43470000000000003,0.0,1035.01
2023-12-25 17:00:00,2.8500000000000014,2.8500000000000014,1.0,3.3971,263.0,0.6440000000000001,0.0,1035.3
2023-12-25 18:00:00,2.8500000000000014,2.8500000000000014,1.0,3.3971,261.0,0.483,0.0,1035.5
2023-12-25 19:00:00,2.9166666666666665,2.9166666666666665,0.99,3.2361,276.0,1.2397,0.0,1036.12
2023-12-25 20:00:00,2.7999999999999994,2.7999999999999994,1.0,3.2844,233.0,0.6279,0.0,1036.19
2023-12-25 21:00:00,2.7999999999999994,1.1555555555555546,1.0,6.1502,180.0,0.32200000000000006,0.0,1036.39
2023-12-25 22:00:00,2.794444444444445,2.794444444444445,0.97,3.3005,176.0,0.3059,0.0,1036.89
2023-12-25 23:00:00,2.755555555555556,1.0555555555555547,0.96,6.295100000000001,181.0,0.6279,0.0,1036.78
2023-12-26 00:00:00,2.2000000000000006,-0.9111111111111114,0.96,11.0446,199.0,0.7889,0.0,1036.75
2023-12-26 01:00:00,1.7666666666666666,-1.25,1.0,10.255700000000001,172.0,0.43470000000000003,0.0,1036.24
2023-12-26 02:00:00,1.6444444444444448,-1.555555555555556,1.0,10.9319,190.0,0.32200000000000006,0.0,1036.06
2023-12-26 03:00:00,1.6222222222222231,-2.1722222222222225,1.0,13.7494,170.0,0.6279,0.0,1036.16
2023-12-26 04:00:00,1.6111111111111103,-2.0111111111111115,0.97,12.863900000000001,171.0,0.5635,0.0,1036.02
2023-12-26 05:00:00,1.0888888888888895,-2.844444444444445,1.0,13.8621,162.0,0.32200000000000006,0.0,1036.07
2023-12-26 06:00:00,1.0888888888888895,-2.8499999999999996,1.0,13.894300000000003,180.0,0.32200000000000006,0.0,1036.06
2023-12-26 07:00:00,1.0444444444444458,-2.7444444444444454,1.0,13.0732,153.0,0.1449,0.0,1035.78
2023-12-26 08:00:00,1.0666666666666675,-2.894444444444445,1.0,14.007,161.0,0.16100000000000003,0.0,1036.07
2023-12-26 09:00:00,1.0666666666666675,-2.5944444444444454,1.0,12.4936,151.0,0.16100000000000003,0.0,1035.98
2023-12-26 10:00:00,2.077777777777779,-1.7499999999999991,0.93,14.49,161.0,0.2898,0.0,1036.2
2023-12-26 11:00:00,2.177777777777779,-1.7666666666666666,1.0,15.3272,180.0,0.32200000000000006,0.0,1035.98
2023-12-26 12:00:00,2.755555555555556,-0.5055555555555556,1.0,12.316500000000001,181.0,0.7889,0.0,1035.18
2023-12-26 13:00:00,3.811111111111111,1.161111111111113,0.94,10.4006,172.0,0.7084,0.0,1034.43
2023-12-26 14:00:00,3.888888888888889,1.2222222222222239,1.0,10.5616,170.0,0.7084,0.0,1033.99
2023-12-26 15:00:00,3.888888888888889,1.5333333333333323,1.0,9.209200000000001,132.0,0.32200000000000006,0.0,1033.96
2023-12-26 16:00:00,3.8499999999999996,1.4499999999999997,1.0,9.3541,134.0,0.1449,0.0,1033.88
2023-12-26 17:00:00,3.816666666666665,0.7166666666666662,1.0,12.654600000000002,150.0,0.16100000000000003,0.0,1033.66
2023-12-26 18:00:00,3.7777777777777763,0.9722222222222222,0.92,11.125100000000002,160.0,0.16100000000000003,0.0,1033.2
2023-12-26 19:00:00,2.805555555555554,-0.005555555555556424,1.0,10.2718,142.0,0.1449,0.0,1033.51
2023-12-26 20:00:00,2.7333333333333343,0.14444444444444335,1.0,9.2897,161.0,0.16100000000000003,0.0,1033.29
2023-12-26 21:00:00,2.2000000000000006,-0.8666666666666659,0.96,10.835300000000002,162.0,0.16100000000000003,0.0,1033.29
2023-12-26 22:00:00,1.6666666666666667,-1.2777777777777781,1.0,9.9015,158.0,0.1449,0.0,1033.14
2023-12-26 23:00:00,1.6000000000000014,-0.25555555555555604,0.96,6.230700000000001,169.0,0.16100000000000003,0.0,1033.1
2023-12-27 00:00:00,1.0444444444444458,1.0444444444444458,1.0,3.22,120.0,0.16100000000000003,0.0,1033.1
2023-12-27 01:00:00,0.8666666666666679,-0.8666666666666659,0.97,5.635000000000001,118.0,0.1771,0.0,1032.91
2023-12-27 02:00:00,0.46666666666666856,0.46666666666666856,1.0,3.3488,105.0,0.16100000000000003,0.0,1032.8
2023-12-27 03:00:00,0.46666666666666856,0.46666666666666856,1.0,2.9624,77.0,0.16100000000000003,0.0,1032.88
2023-12-27 04:00:00,0.36111111111111033,0.36111111111111033,0.96,3.2844,118.0,0.1288,0.0,1032.5
2023-12-27 05:00:00,-1.1111111111111112,-1.1111111111111112,1.0,0.483,123.0,0.16100000000000003,0.0,1032.21
2023-12-27 06:00:00,-1.083333333333333,-1.083333333333333,1.0,3.3649,126.0,0.16100000000000003,0.0,1032.5
2023-12-27 07:00:00,-1.1055555555555547,-1.1055555555555547,1.0,0.49910000000000004,68.0,0.27370000000000005,0.0,1032.37
2023-12-27 08:00:00,-1.2000000000000002,-4.144444444444445,1.0,8.05,90.0,0.6279,0.0,1032.83
2023-12-27 09:00:00,-0.1388888888888889,-1.6777777777777776,0.92,4.8944,343.0,0.6279,0.0,1033.04
2023-12-27 10:00:00,0.3388888888888886,-1.8833333333333337,0.99,6.6976,16.0,0.4669,0.0,1033.37
2023-12-27 11:00:00,1.0944444444444439,1.0944444444444439,1.0,3.3327,25.0,0.16100000000000003,0.0,1033.44
2023-12-27 12:00:00,2.155555555555557,-0.46111111111111014,0.92,8.9838,340.0,0.16100000000000003,0.0,1033.14
2023-12-27 13:00:00,3.099999999999999,0.7722222222222226,0.98,8.5491,339.0,0.8211,0.0,1032.98
2023-12-27 14:00:00,2.2000000000000006,-0.08333333333333254,1.0,7.8084999999999996,331.0,0.16100000000000003,0.0,1032.73
2023-12-27 15:00:00,2.2222222222222223,2.2222222222222223,1.0,4.7334000000000005,341.0,0.16100000000000003,0.0,1032.54
2023-12-27 16:00:00,2.716666666666667,0.44444444444444287,0.92,8.0822,340.0,0.7406,0.0,1032.82
2023-12-27 17:00:00,1.161111111111113,-2.1333333333333333,1.0,10.9158,351.0,0.16100000000000003,0.0,1033.52
2023-12-27 18:00:00,1.161111111111113,1.161111111111113,1.0,4.7495,340.0,0.0,0.0,1033.62
2023-12-27 19:00:00,1.1388888888888873,-1.6055555555555558,0.93,8.774500000000002,6.0,0.0161,0.0,1033.81
2023-12-27 20:00:00,1.0888888888888895,-1.3722222222222216,0.92,7.776300000000001,318.0,0.16100000000000003,0.0,1033.83
2023-12-27 21:00:00,0.5555555555555556,0.5555555555555556,0.96,3.4293,311.0,0.16100000000000003,0.0,1033.73
2023-12-27 22:00:00,0.49444444444444474,-1.427777777777778,0.97,5.9731000000000005,339.0,0.1449,0.0,1034.03
2023-12-27 23:00:00,0.5555555555555556,-1.466666666666667,0.96,6.2468,338.0,0.16100000000000003,0.0,1034.2
2023-12-28 00:00:00,0.0,0.0,1.0,3.1234,327.0,0.16100000000000003,0.0,1034.01
2023-12-28 01:00:00,-0.09444444444444539,-0.09444444444444539,0.96,2.9463000000000004,279.0,0.1449,0.0,1033.7
2023-12-28 02:00:00,-0.022222222222221748,-0.022222222222221748,0.96,3.22,280.0,0.16100000000000003,0.0,1033.81
2023-12-28 03:00:00,-0.5777777777777773,-0.5777777777777773,1.0,3.4454000000000002,220.0,0.16100000000000003,0.0,1033.8
2023-12-28 04:00:00,-1.1277777777777784,-1.1277777777777784,1.0,3.1878,235.0,0.1449,0.0,1033.76
2023-12-28 05:00:00,-1.1111111111111112,-3.866666666666667,1.0,7.5348,222.0,0.16100000000000003,0.0,1033.79
2023-12-28 06:00:00,-1.1333333333333329,-1.1333333333333329,0.92,3.3649,236.0,0.16100000000000003,0.0,1033.81
2023-12-28 07:00:00,-2.016666666666666,-2.016666666666666,1.0,4.7656,203.0,0.1449,0.0,1033.9
2023-12-28 08:00:00,-2.1722222222222225,-6.050000000000001,1.0,10.577700000000002,192.0,0.16100000000000003,0.0,1033.4
2023-12-28 09:00:00,-2.1500000000000004,-5.055555555555556,1.0,7.4543,203.0,0.16100000000000003,0.0,1033.24
2023-12-28 10:00:00,-1.1166666666666676,-1.1166666666666676,0.93,1.7549000000000001,251.0,0.0,0.0,1033.7
2023-12-28 11:00:00,-1.0388888888888894,-1.0388888888888894,1.0,2.9785000000000004,202.0,0.0161,0.0,1033.41
2023-12-28 12:00:00,-0.022222222222221748,-0.022222222222221748,0.92,3.1717,222.0,0.0322,0.0,1033.1
2023-12-28 13:00:00,0.15000000000000174,0.15000000000000174,1.0,4.4275,190.0,0.0322,0.0,1032.42
2023-12-28 14:00:00,1.1333333333333329,1.1333333333333329,0.92,4.524100000000001,211.0,0.0322,0.0,1031.81
2023-12-28 15:00:00,1.1333333333333329,1.1333333333333329,0.92,2.9302,239.0,0.0161,0.0,1031.33
2023-12-28 16:00:00,1.1166666666666656,1.1166666666666656,0.94,2.7853000000000003,353.0,0.0,0.0,1031.33
2023-12-28 17:00:00,0.07222222222222364,0.07222222222222364,1.0,3.059,253.0,0.0,0.0,1031.02
2023-12-28 18:00:00,0.0500000000000019,-1.4833333333333343,1.0,4.9266000000000005,22.0,0.16100000000000003,0.0,1031.12
2023-12-28 19:00:00,0.10555555555555429,-2.677777777777778,1.0,8.2432,19.0,0.1449,0.0,1031.2
2023-12-28 20:00:00,-0.022222222222221748,-0.022222222222221748,1.0,3.2039,30.0,0.16100000000000003,0.0,1031.12
2023-12-28 21:00:00,-0.022222222222221748,-2.2222222222222223,0.96,6.488300000000001,49.0,0.16100000000000003,0.0,1031.22
2023-12-28 22:00:00,0.027777777777776198,-2.033333333333333,0.97,6.1502,4.0,0.16100000000000003,0.0,1031.08
2023-12-28 23:00:00,-0.022222222222221748,-4.283333333333334,0.96,14.2807,21.0,0.3381,0.0,1031.42
2023-12-29 00:00:00,-0.022222222222221748,-3.572222222222222,0.96,10.996300000000002,30.0,0.3381,0.0,1031.54
2023-12-29 01:00:00,0.027777777777776198,-4.094444444444445,0.97,13.620600000000001,23.0,0.3381,0.0,1031.54
2023-12-29 02:00:00,0.5333333333333338,-2.872222222222223,0.96,10.867500000000001,11.0,1.4168,0.0,1031.95
2023-12-29 03:00:00,0.5333333333333338,-3.5833333333333335,1.0,14.1841,11.0,1.4329,0.0,1031.85
2023-12-29 04:00:00,0.6055555555555574,-3.316666666666666,0.97,13.2825,9.0,1.2075,0.0,1031.46
2023-12-29 05:00:00,1.0666666666666675,-2.2277777777777787,1.0,10.835300000000002,2.0,1.2397,0.0,1031.65
2023-12-29 06:00:00,1.0666666666666675,-2.2277777777777787,1.0,10.851400000000002,2.0,0.6279,0.0,1031.75
2023-12-29 07:00:00,1.9444444444444444,-1.683333333333334,0.94,13.2825,20.0,0.6118,0.0,1031.85
2023-12-29 08:00:00,2.155555555555557,-1.7999999999999992,1.0,15.375500000000002,40.0,2.9624,0.0,1032.06
2023-12-29 09:00:00,2.155555555555557,-1.5611111111111104,1.0,14.007,41.0,3.9284000000000003,0.0,1032.26
2023-12-29 10:00:00,2.1499999999999986,-1.2833333333333325,1.0,12.525800000000002,40.0,4.250400000000001,0.0,1032.49
2023-12-29 11:00:00,2.272222222222224,-1.6277777777777775,1.0,15.1984,31.0,6.118,0.0,1032.25
2023-12-29 12:00:00,2.3444444444444437,-1.8166666666666664,0.99,16.888900000000003,21.0,8.1305,0.0,1032.23
2023-12-29 13:00:00,2.8277777777777797,-0.8555555555555551,0.99,14.6671,30.0,7.5187,0.0,1031.68
2023-12-29 14:00:00,2.922222222222221,0.027777777777776198,0.95,10.722600000000002,3.0,8.1305,0.0,1031.44
2023-12-29 15:00:00,2.922222222222221,0.07222222222222364,0.95,10.513300000000001,1.0,7.212800000000001,0.0,1031.52
2023-12-29 16:00:00,2.866666666666665,0.4833333333333319,0.9,8.5813,3.0,6.9391,0.0,1031.53
2023-12-29 17:00:00,2.7111111111111126,0.5166666666666665,0.89,7.8084999999999996,19.0,10.2074,0.0,1031.43
2023-12-29 18:00:00,2.566666666666665,2.566666666666665,0.89,1.8998,8.0,9.9015,0.0,1031.65
2023-12-29 19:00:00,2.627777777777776,2.627777777777776,0.9,2.7048,316.0,9.982000000000001,0.0,1032.07
2023-12-29 20:00:00,2.5722222222222237,0.38888888888889045,0.96,7.695800000000001,323.0,9.982000000000001,0.0,1032.17
2023-12-29 21:00:00,2.5,0.7444444444444464,0.92,6.3434,313.0,9.982000000000001,0.0,1032.49
2023-12-29 22:00:00,2.5999999999999996,-0.26111111111111046,0.92,10.2879,334.0,9.982000000000001,0.0,1032.96
2023-12-29 23:00:00,1.6222222222222231,-2.6999999999999997,0.92,16.7923,11.0,9.982000000000001,0.0,1033.75
2023-12-30 00:00:00,1.0888888888888895,-3.4722222222222223,0.85,17.4846,11.0,11.9784,0.0,1033.86
2023-12-30 01:00:00,0.6944444444444444,-2.5,0.86,10.126900000000001,19.0,11.914000000000001,0.0,1033.93
2023-12-30 02:00:00,-0.5555555555555556,-4.222222222222223,0.87,11.0285,3.0,12.2521,0.0,1034.55
2023-12-30 03:00:00,-1.1166666666666676,-4.8500000000000005,0.84,10.835300000000002,2.0,12.2521,0.0,1034.67
2023-12-30 04:00:00,-1.083333333333333,-5.538888888888888,0.82,14.0553,11.0,11.914000000000001,0.0,1034.56
2023-12-30 05:00:00,-2.177777777777779,-6.199999999999999,0.87,11.109000000000002,2.0,10.255700000000001,0.0,1034.78
2023-12-30 06:00:00,-2.2222222222222223,-6.205555555555557,0.8,10.9319,352.0,10.255700000000001,0.0,1035.09
2023-12-30 07:00:00,-2.6333333333333324,-7.688888888888889,0.84,15.230600000000003,0.0,15.1823,0.0,1035.37
2023-12-30 08:00:00,-2.2666666666666657,-8.088888888888889,0.75,20.0284,10.0,16.1,0.0,1035.91
2023-12-30 09:00:00,-1.1555555555555546,-6.938888888888887,0.69,21.7672,11.0,16.1,0.0,1036.32
2023-12-30 10:00:00,-0.13333333333333247,-5.644444444444444,0.59,21.815500000000004,20.0,10.577700000000002,0.0,1036.74
2023-12-30 11:00:00,0.09444444444444539,-5.166666666666667,0.6,20.4148,21.0,16.1,0.0,1036.49
2023-12-30 12:00:00,1.1333333333333329,-4.438888888888887,0.58,25.067700000000002,30.0,10.255700000000001,0.0,1036.48
2023-12-30 13:00:00,1.1722222222222218,-4.033333333333335,0.58,22.1858,22.0,10.577700000000002,0.0,1036.29
2023-12-30 14:00:00,1.1777777777777763,-3.3500000000000005,0.62,17.4202,31.0,10.255700000000001,0.0,1036.07
2023-12-30 15:00:00,1.0833333333333348,-2.933333333333334,0.63,14.296800000000003,33.0,10.255700000000001,0.0,1036.27
2023-12-30 16:00:00,0.03888888888888905,-4.0,0.73,13.218100000000002,42.0,10.2235,0.0,1036.93
2023-12-30 17:00:00,-0.1888888888888888,-4.099999999999999,0.9,12.4131,50.0,16.1,0.0,1037.0
2023-12-30 18:00:00,-0.21111111111111056,-3.394444444444444,0.84,9.450700000000001,51.0,10.255700000000001,0.0,1037.57
2023-12-30 19:00:00,-1.1444444444444437,-3.1222222222222227,0.9,5.5384,45.0,10.2235,0.0,1037.92
2023-12-30 20:00:00,-2.294444444444444,-6.272222222222222,0.8,10.867500000000001,59.0,16.1,0.0,1037.96
2023-12-30 21:00:00,-2.805555555555556,-5.477777777777778,0.8,6.5849,13.0,16.1,0.0,1037.87
2023-12-30 22:00:00,-3.6944444444444438,-7.633333333333332,0.85,9.7405,344.0,15.1823,0.0,1037.93
2023-12-30 23:00:00,-4.472222222222222,-7.322222222222223,0.84,6.3756,343.0,16.1,0.0,1037.86
2023-12-31 00:00:00,-4.53888888888889,-7.494444444444444,0.81,6.601,23.0,16.1,0.0,1037.84
2023-12-31 01:00:00,-5.511111111111112,-8.43888888888889,0.88,6.2146,4.0,14.651,0.0,1037.54
2023-12-31 02:00:00,-5.605555555555556,-8.622222222222222,0.84,6.3756,30.0,16.1,0.0,1037.54
2023-12-31 03:00:00,-5.650000000000001,-8.661111111111111,0.84,6.327300000000001,20.0,16.1,0.0,1037.25
2023-12-31 04:00:00,-6.211111111111111,-9.366666666666667,0.85,6.4722,19.0,15.1823,0.0,1036.97
2023-12-31 05:00:00,-7.266666666666666,-11.166666666666666,0.95,7.792400000000001,40.0,16.1,0.0,1036.74
2023-12-31 06:00:00,-7.361111111111111,-11.81111111111111,0.95,9.209200000000001,59.0,16.1,0.0,1036.52
2023-12-31 07:00:00,-6.4444444444444455,-10.772222222222222,0.83,9.338000000000001,80.0,15.1823,0.0,1036.54
2023-12-31 08:00:00,-5.338888888888889,-9.53888888888889,0.75,9.579500000000001,100.0,16.1,0.0,1036.84
2023-12-31 09:00:00,-4.16111111111111,-8.594444444444443,0.79,11.157300000000001,138.0,16.1,0.0,1036.85
2023-12-31 10:00:00,-2.894444444444445,-7.4833333333333325,0.78,12.8156,138.0,15.1823,0.0,1037.02
2023-12-31 11:00:00,-2.2000000000000006,-6.505555555555556,0.69,12.2521,149.0,16.1,0.0,1036.79
2023-12-31 12:00:00,-1.0888888888888895,-4.394444444444444,0.63,9.2897,147.0,16.1,0.0,1036.0
2023-12-31 13:00:00,-0.14444444444444532,-3.711111111111111,0.58,10.948,155.0,15.552600000000002,0.0,1035.37
2023-12-31 14:00:00,-0.09444444444444539,-4.294444444444445,0.57,13.894300000000003,140.0,16.1,0.0,1034.89
2023-12-31 15:00:00,-1.1555555555555546,-5.3,0.61,12.525800000000002,131.0,16.1,0.0,1034.41
2023-12-31 16:00:00,-2.1500000000000004,-5.683333333333334,0.66,9.3863,140.0,15.552600000000002,0.0,1034.42
2023-12-31 17:00:00,-2.894444444444445,-2.894444444444445,0.72,3.22,120.0,16.1,0.0,1034.11
2023-12-31 18:00:00,-4.027777777777778,-7.433333333333333,0.79,7.969500000000001,112.0,16.1,0.0,1034.1
2023-12-31 19:00:00,-4.238888888888888,-7.955555555555555,0.79,8.7262,108.0,15.150100000000002,0.0,1034.02
2023-12-31 20:00:00,-4.233333333333334,-8.15,0.79,9.3541,120.0,16.0517,0.0,1033.8
2023-12-31 21:00:00,-5.25,-9.83888888888889,0.82,10.8997,130.0,16.0517,0.0,1033.3
2023-12-31 22:00:00,-6.205555555555557,-9.277777777777779,0.85,6.295100000000001,138.0,15.150100000000002,0.0,1032.73
2023-12-31 23:00:00,-6.8277777777777775,-11.733333333333333,0.84,10.8997,130.0,15.826300000000002,0.0,1032.51
